Year,Festival,Title,Brand,Award,Country,Agency,Track,Category,Sub category,Board image,Video,Permalink
2025,Clio Entertaiment,Caption with Intention,Rakish Entertainment,Grand Prix,United States,FCB Chicago,Innovation,Innovation,,https://resized-media.entries.clios.com/companies/3038/media/c11daf4d-8296-488c-429b-08dda8286ac6-medium.jpg.webp,https://clios.com/winners-gallery/details/195157,/awards/clio_entertainment/2025/campaigns/caption-with-intention-rakish-entertainment-fcb-chicago-2025/
2025,Clio Entertaiment,SINNERS - Integrated Marketing Campaign,Warner Bros Pictures,Grand Prix,United States,Warner Bros Pictures,Integrated Campaign,Integrated Campaign,,https://resized-media.entries.clios.com/companies/143831/media/4f9e46e7-af10-4364-ad3f-08ddca1e8d72-medium.jpg.webp,https://clios.com/winners-gallery/details/201320,/awards/clio_entertainment/2025/campaigns/sinners-integrated-marketing-campaign-warner-bros-pictures-warner-bros-pictures-2025/
2025,Clio Entertaiment,TOGETHER - Eyes Poster,NEON,Grand Prix,United States,NEON,Key Art,Teaser Poster,,https://resized-media.entries.clios.com/companies/143796/media/70cb87f2-cd9e-47e2-9fb8-08ddcf598d69-medium.jpg.webp,https://clios.com/winners-gallery/details/201707,/awards/clio_entertainment/2025/campaigns/together-eyes-poster-neon-neon-2025/
2025,Clio Entertaiment,Aspect Ratios with Sinners Director Ryan Coogler,Sinners,Grand Prix,United States,Rivendell Films,Original Content,Creative Content,,https://resized-media.entries.clios.com/companies/143764/media/358ac8fa-3b44-42f1-970f-08ddcf598d69-medium.png.webp,https://clios.com/winners-gallery/details/199883,/awards/clio_entertainment/2025/campaigns/aspect-ratios-with-sinners-director-ryan-coogler-sinners-rivendell-films-2025/
2025,Clio Entertaiment,WICKED Brand Partnerships,Universal Pictures,Grand Prix,United States,Universal Pictures,Partnerships & Collaborations,Partnerships & Collaborations,,https://resized-media.entries.clios.com/companies/143205/media/54a971c1-b3ff-4eb1-fa29-08ddda84979b-medium.jpeg.webp,https://clios.com/winners-gallery/details/193542,/awards/clio_entertainment/2025/campaigns/wicked-brand-partnerships-universal-pictures-universal-pictures-2025/
2025,Clio Entertaiment,Caption with Intention,Rakish Entertainment,Grand Prix,United States,FCB Chicago,Public Relations,Social Good,,https://resized-media.entries.clios.com/companies/3038/media/66f4fc01-a91d-4954-82ca-08dda8280727-medium.jpg.webp,https://clios.com/winners-gallery/details/194860,/awards/clio_entertainment/2025/campaigns/caption-with-intention-rakish-entertainment-fcb-chicago-2025-2/
2025,Clio Entertaiment,Sonic The Hedgehog 3 Arcade Standee,Paramount Pictures,Grand Prix,United States,Midnight Oil,Retail & Premium,Display,Standee,https://resized-media.entries.clios.com/companies/4734/media/d19531d6-4324-4fd6-451b-08ddbc3a4ea4-medium.png.webp,https://clios.com/winners-gallery/details/197988,/awards/clio_entertainment/2025/campaigns/sonic-the-hedgehog-3-arcade-standee-paramount-pictures-midnight-oil-2025/
2025,Clio Entertaiment,Body Swap,Netflix,Grand Prix,United States,AKQA,Speciality,Clio Entertainment x Snapchat AR Specialty Award,,https://resized-media.entries.clios.com/companies/141718/media/eeb695be-cf42-4436-80ac-08dda8280727-medium.png.webp,https://clios.com/winners-gallery/details/194353,/awards/clio_entertainment/2025/campaigns/body-swap-netflix-akqa-2025/
2025,Clio Entertaiment,Second Drop,Depop x Fortnite,Gold,United Kingdom,Miami Ad School Madrid,Games Student,Games Student,,https://resized-media.entries.clios.com/companies/143730/media/8125d9c1-add4-4d79-a189-08ddca1e8d72-medium.jpg.webp,https://clios.com/winners-gallery/details/199558,/awards/clio_entertainment/2025/campaigns/second-drop-depop-x-fortnite-miami-ad-school-madrid-2025/
2025,Clio Entertaiment,Without Pedro Pascal,Hispanic Organization of Latin Actors (HOLA) and Disney Plus Netflix Prime video and HBO,Gold,Colombia,Bendita Carpeta,Television & Streaming Student,Television & Streaming Student,,https://resized-media.entries.clios.com/companies/143833/media/5e56fbdb-2c19-48d3-ad8c-08ddca1e8d72-medium.jpg.webp,https://clios.com/winners-gallery/details/202168,/awards/clio_entertainment/2025/campaigns/without-pedro-pascal-hispanic-organization-of-latin-actors-hola-and-disney-plus-netflix-prime-video-and-hbo-bendita-carp/
2025,Clio Entertaiment,WWE Home,Netflix & ikea,Gold,Colombia,Bendita Carpeta,Television & Streaming Student,Television & Streaming Student,,https://resized-media.entries.clios.com/companies/143837/media/9c454a56-4b1f-4a12-9ef9-08ddcf598d69-medium.jpg.webp,https://clios.com/winners-gallery/details/201622,/awards/clio_entertainment/2025/campaigns/wwe-home-netflix-and-ikea-bendita-carpeta-2025/
2025,Clio Entertaiment,Kindness is a Survival Skill,The Wild Robot,Gold,United States,Film2Future,Theatrical Student,Theatrical Student,,https://resized-media.entries.clios.com/companies/143793/media/2d8d0ca8-a464-4948-a504-08ddca1e8d72-medium.png.webp,https://clios.com/winners-gallery/details/200475,/awards/clio_entertainment/2025/campaigns/kindness-is-a-survival-skill-the-wild-robot-film2future-2025/
2025,Clio Entertaiment,Oreo Square Cookie,Mondeléz International,Gold,Germany,Saatchi & Saatchi Germany,Branded Entertainment & Content,Digital Mobile & Social Media,,https://resized-media.entries.clios.com/companies/364/media/f72b76d4-c464-4e54-ff93-08ddda84979b-medium.jpg.webp,https://clios.com/winners-gallery/details/203666,/awards/clio_entertainment/2025/campaigns/oreo-square-cookie-mondelez-international-saatchi-and-saatchi-germany-2025/
2025,Clio Entertaiment,LeBron - Dedicated to the Game,Dream Games,Gold,United States,Dream Games,Branded Entertainment & Content,Influencer & Talent Storytelling,,https://resized-media.entries.clios.com/companies/143250/media/a25a5734-b806-4d03-6091-08ddda7db5d2-medium.jpg.webp,https://clios.com/winners-gallery/details/196306,/awards/clio_entertainment/2025/campaigns/lebron-dedicated-to-the-game-dream-games-dream-games-2025/
2025,Clio Entertaiment,Project MEMORY CARD,PlayStation,Gold,Japan,SIX INC,Craft & Design,Audio Visual Craft,‌Other,https://resized-media.entries.clios.com/companies/250/media/120b1192-63ea-480e-9618-08ddcf598d69-medium.jpg.webp,https://clios.com/winners-gallery/details/199547,/awards/clio_entertainment/2025/campaigns/project-memory-card-playstation-six-inc-2025/
2025,Clio Entertaiment,Verdansk Launch Trailer | Call of Duty Warzone,Call of Duty Warzone,Gold,United States,gnet,Craft & Design,Audio Visual Craft,Game Capture Cinematography,https://resized-media.entries.clios.com/companies/4769/media/730a43ee-0910-45fe-8451-08dda8280727-medium.png.webp,https://clios.com/winners-gallery/details/194791,/awards/clio_entertainment/2025/campaigns/verdansk-launch-trailer-call-of-duty-warzone-call-of-duty-warzone-gnet-2025/
2025,Clio Entertaiment,Verdansk Launch Trailer | Call of Duty Warzone,Call of Duty Warzone,Gold,United States,gnet,Craft & Design,Audio Visual Craft,Music,https://resized-media.entries.clios.com/companies/4769/media/730a43ee-0910-45fe-8451-08dda8280727-medium.png.webp,https://clios.com/winners-gallery/details/194810,/awards/clio_entertainment/2025/campaigns/verdansk-launch-trailer-call-of-duty-warzone-call-of-duty-warzone-gnet-2025-2/
2025,Clio Entertaiment,Mafia The Old Country - The Initiation Trailer,2K GAMES,Gold,United States,2K GAMES,Craft & Design,Audio Visual Craft,Sound Design,https://resized-media.entries.clios.com/companies/143785/media/f5355fbe-f43d-4d34-995c-08ddcf598d69-medium.png.webp,https://clios.com/winners-gallery/details/200879,/awards/clio_entertainment/2025/campaigns/mafia-the-old-country-the-initiation-trailer-2k-games-2k-games-2025/
2025,Clio Entertaiment,Gameplay Trailer - Meta AF,The Outer Worlds 2,Gold,United States,Buddha Jones,Craft & Design,Audio Visual Craft,Voiceover,https://resized-media.entries.clios.com/companies/143287/media/ce4090fa-2ef0-41aa-43c1-08dda8286ac6-medium.png.webp,https://clios.com/winners-gallery/details/195520,/awards/clio_entertainment/2025/campaigns/gameplay-trailer-meta-af-the-outer-worlds-2-buddha-jones-2025/
2025,Clio Entertaiment,Sid Meiers Civilization VII Narrator Reveal Trailer,2K GAMES,Gold,United States,2K GAMES,Craft & Design,Design,‌Other,https://resized-media.entries.clios.com/companies/143785/media/16171216-7dfb-4328-a40a-08ddca1e8d72-medium.png.webp,https://clios.com/winners-gallery/details/200488,/awards/clio_entertainment/2025/campaigns/sid-meiers-civilization-vii-narrator-reveal-trailer-2k-games-2k-games-2025/
2025,Clio Entertaiment,Project MEMORY CARD,PlayStation,Gold,Japan,SIX INC,Craft & Design,Design,Computer-Generated Imagery,https://resized-media.entries.clios.com/companies/250/media/120b1192-63ea-480e-9618-08ddcf598d69-medium.jpg.webp,https://clios.com/winners-gallery/details/199548,/awards/clio_entertainment/2025/campaigns/project-memory-card-playstation-six-inc-2025-2/
2025,Clio Entertaiment,Oreo Square Cookie,Mondeléz International,Grand Prix,Germany,Saatchi & Saatchi Germany,Experiential & Fan Engagement,Fan Engagement,Partnerships,https://resized-media.entries.clios.com/companies/364/media/f72b76d4-c464-4e54-ff93-08ddda84979b-medium.jpg.webp,https://clios.com/winners-gallery/details/203674,/awards/clio_entertainment/2025/campaigns/oreo-square-cookie-mondelez-international-saatchi-and-saatchi-germany-2025-2/
2025,Clio Entertaiment,The Conversation - Deluxe Boxset,Lionsgate,Grand Prix,United States,Lionsgate,Craft & Design,Design,Design Package,https://resized-media.entries.clios.com/companies/143797/media/f104da69-d049-4b07-a4ad-08ddcf598d69-thumbnail.0000000.jpg,https://clios.com/winners-gallery/details/202572,/awards/clio_entertainment/2025/campaigns/the-conversation-deluxe-boxset-lionsgate-lionsgate-2025/
2025,Clio Entertaiment,Beetlejuice Beetlejuice Home Home Home,Beetlejuice Beetlejuice,Grand Prix,United States,OC Agency,Digital Mobile & Social Media,Social Media,Short-Form Social Media Video,https://resized-media.entries.clios.com/companies/4765/media/6fa0f92d-26b4-4647-4055-08dda8286ac6-thumbnail.0000000.jpg,https://clios.com/winners-gallery/details/194024,/awards/clio_entertainment/2025/campaigns/beetlejuice-beetlejuice-home-home-home-beetlejuice-beetlejuice-oc-agency-2025/
2025,Clio Entertaiment,Oreo Empire,Oreo,Grand Prix,United States,Dentsu Creative Chicago,Experiential & Fan Engagement,Fan Engagement,Social Media,https://resized-media.entries.clios.com/companies/4470/media/eb64cc87-0106-47f0-85f9-08dda8280727-medium.png.webp,https://clios.com/winners-gallery/details/196580,/awards/clio_entertainment/2025/campaigns/oreo-empire-oreo-dentsu-creative-chicago-2025/
2025,Clio Entertaiment,Dance with Bluey,BBC Studios,Grand Prix,United Kingdom,BBC Studios Creative,Partnerships & Collaborations,Partnerships & Collaborations,,https://resized-media.entries.clios.com/companies/2598/media/ab9033bb-9e8c-470e-170d-08dd198162f4-medium.png.webp,https://clios.com/winners-gallery/details/200296,/awards/clio_entertainment/2025/campaigns/dance-with-bluey-bbc-studios-bbc-studios-creative-2025/
2025,Clio Entertaiment,You Are What You Watch,Love & Anarchy - Helsinki International Film Festival,Grand Prix,Finland,Breakfast Helsinki,Branded Entertainment & Content,Film,,https://resized-media.entries.clios.com/companies/140523/media/dd3b3768-2965-48b5-a008-08ddbc6e7e05-medium.png.webp,https://clios.com/winners-gallery/details/197150,/awards/clio_entertainment/2025/campaigns/you-are-what-you-watch-love-and-anarchy-helsinki-international-film-festival-breakfast-helsinki-2025/
2025,Clio Entertaiment,See It Differently,BritBox,Grand Prix,United States,Uncommon Creative Studio,Audio Visual Craft,Direction,,https://resized-media.entries.clios.com/companies/143479/media/c00b2535-d5ba-4693-fb16-08ddda84979b-thumbnail.0000000.jpg,https://clios.com/winners-gallery/details/202970,/awards/clio_entertainment/2025/campaigns/see-it-differently-britbox-uncommon-creative-studio-2025/
2025,Clio Entertaiment,Severance S2 - Open,Apple,Grand Prix,United States,Apple,Design,Main Title & Credits,,https://resized-media.entries.clios.com/companies/143774/media/7501b50c-494b-4d96-aab7-08ddca1e8d72-thumbnail.0000000.jpg,https://clios.com/winners-gallery/details/201663,/awards/clio_entertainment/2025/campaigns/severance-s2-open-apple-apple-2025/
2025,Clio Entertaiment,Body Swap,Netflix,Grand Prix,United States,AKQA,Digital Mobile & Social Media,Digital & Mobile,Original Games,https://resized-media.entries.clios.com/companies/141718/media/430568d1-b73b-43b0-80aa-08dda8280727-medium.jpg.webp,https://clios.com/winners-gallery/details/194346,/awards/clio_entertainment/2025/campaigns/body-swap-netflix-akqa-2025-2/
2025,Clio Entertaiment,Severance S2 – Integrated Campaign,Apple,Grand Prix,United States,Apple,Integrated Campaign,Integrated Campaign,,https://resized-media.entries.clios.com/companies/143774/media/82872e18-90fd-4884-a66c-08ddca1e8d72-medium.jpg.webp,https://clios.com/winners-gallery/details/201689,/awards/clio_entertainment/2025/campaigns/severance-s2-integrated-campaign-apple-apple-2025/
2025,Clio Entertaiment,Abbott Elementary Diorama Billboard,ABC,Grand Prix,United States,ABC & Rhubarb,Out of Home,Billboard,,https://resized-media.entries.clios.com/companies/4657/media/9a958e92-4151-49c9-a100-08ddbc6e7e05-medium.jpg.webp,https://clios.com/winners-gallery/details/197412,/awards/clio_entertainment/2025/campaigns/abbott-elementary-diorama-billboard-abc-abc-and-rhubarb-2025/
2025,Clio Entertaiment,The Official Thingertips of Cheetos,Cheetos,Grand Prix,United States,Goodby Silverstein & Partners,Partnerships & Collaborations,Partnerships & Collaborations,,https://resized-media.entries.clios.com/companies/265/media/445f82cf-359b-468c-6005-08ddda7db5d2-medium.jpg.webp,https://clios.com/winners-gallery/details/201659,/awards/clio_entertainment/2025/campaigns/the-official-thingertips-of-cheetos-cheetos-goodby-silverstein-and-partners-2025/
2025,Clio Entertaiment,Severance - The Cube,Apple,Grand Prix,United States,Apple,Public Relations,‌Other,,https://resized-media.entries.clios.com/companies/143774/media/ea94117f-72ea-4753-a38a-08ddca1e8d72-medium.jpg.webp,https://clios.com/winners-gallery/details/201673,/awards/clio_entertainment/2025/campaigns/severance-the-cube-apple-apple-2025/
2025,Clio Entertaiment,28 Years Later Teaser Trailer Days,28 Years Later,Grand Prix,United States,Buddha Jones,Audio Visual Craft,Direction,,https://resized-media.entries.clios.com/companies/5221/media/588e02d7-abea-4fd9-82bd-08dda8280727-thumbnail.0000000.jpg,https://clios.com/winners-gallery/details/195541,/awards/clio_entertainment/2025/campaigns/28-years-later-teaser-trailer-days-28-years-later-buddha-jones-2025/
2025,Clio Entertaiment,Slide,Together,Grand Prix,United States,Requiem,Audio Visual Spot,Audio Visual Spot,,https://resized-media.entries.clios.com/companies/143294/media/d18257b3-7a45-4eba-41ad-08ddbc3a4ea4-thumbnail.0000000.jpg,https://clios.com/winners-gallery/details/196992,/awards/clio_entertainment/2025/campaigns/slide-together-requiem-2025/
2025,Clio Entertaiment,28 Years Later Teaser Trailer Days,28 Years Later,Grand Prix,United States,Buddha Jones,Audio Visual Teaser,Audio Visual Teaser,,https://resized-media.entries.clios.com/companies/5221/media/588e02d7-abea-4fd9-82bd-08dda8280727-thumbnail.0000000.jpg,https://clios.com/winners-gallery/details/194692,/awards/clio_entertainment/2025/campaigns/28-years-later-teaser-trailer-days-28-years-later-buddha-jones-2025-2/
2025,Clio Entertaiment,Weapons – Beware,Warner Bros,Grand Prix,United States,Mark Woollen & Associates,Audio Visual Trailer,Audio Visual Trailer,,https://resized-media.entries.clios.com/companies/5374/media/709d57e3-ceef-41ae-83b3-08dda8280727-thumbnail.0000000.jpg,https://clios.com/winners-gallery/details/195069,/awards/clio_entertainment/2025/campaigns/weapons-beware-warner-bros-mark-woollen-and-associates-2025/
2025,Clio Entertaiment,Marvel Studios - Tide - Collateral Stains,The Walt Disney Company,Grand Prix,United States,The Walt Disney Company,Branded Entertainment & Content,Brand Promo,,https://resized-media.entries.clios.com/companies/5365/media/b3e1ee74-aa3b-4b06-a97b-08ddca1e8d72-medium.png.webp,https://clios.com/winners-gallery/details/202764,/awards/clio_entertainment/2025/campaigns/marvel-studios-tide-collateral-stains-the-walt-disney-company-the-walt-disney-company-2025/
2025,Clio Entertaiment,Caption with Intention,Rakish Entertainment,Grand Prix,United States,FCB Chicago,Design,Identity Package,,https://resized-media.entries.clios.com/companies/3038/media/66f4fc01-a91d-4954-82ca-08dda8280727-medium.jpg.webp,https://clios.com/winners-gallery/details/193369,/awards/clio_entertainment/2025/campaigns/caption-with-intention-rakish-entertainment-fcb-chicago-2025-3/
2025,Clio Entertaiment,Smile 2 Watch,Smile 2 Paramount Pictures,Grand Prix,United States,Loop,Digital Mobile & Social Media,Digital & Mobile,Microsite & Website,https://resized-media.entries.clios.com/companies/5487/media/ed14659e-2bde-4cde-fd9b-08ddda84979b-medium.jpg.webp,https://clios.com/winners-gallery/details/201425,/awards/clio_entertainment/2025/campaigns/smile-2-watch-smile-2-paramount-pictures-loop-2025/
2025,Clio Entertaiment,28 Years Later Trailer Teaser,Sony Pictures Entertainment,Grand Prix,United States,Watson Design Group,Digital Mobile & Social Media Craft,Motion Graphics,,https://resized-media.entries.clios.com/companies/5022/media/2acfacf4-b5ad-47f5-f9b8-08ddda84979b-thumbnail.0000000.jpg,https://clios.com/winners-gallery/details/195996,/awards/clio_entertainment/2025/campaigns/28-years-later-trailer-teaser-sony-pictures-entertainment-watson-design-group-2025/
2025,Clio Entertaiment,Caption with Intention,Rakish Entertainment,Grand Prix,United States,FCB Chicago,Innovation,Innovation,,https://resized-media.entries.clios.com/companies/3038/media/c11daf4d-8296-488c-429b-08dda8286ac6-medium.jpg.webp,https://clios.com/winners-gallery/details/195157,/awards/clio_entertainment/2025/campaigns/caption-with-intention-rakish-entertainment-fcb-chicago-2025-4/
2025,Clio Entertaiment,SINNERS - Integrated Marketing Campaign,Warner Bros Pictures,Grand Prix,United States,Warner Bros Pictures,Integrated Campaign,Integrated Campaign,,https://resized-media.entries.clios.com/companies/143831/media/4f9e46e7-af10-4364-ad3f-08ddca1e8d72-medium.jpg.webp,https://clios.com/winners-gallery/details/201320,/awards/clio_entertainment/2025/campaigns/sinners-integrated-marketing-campaign-warner-bros-pictures-warner-bros-pictures-2025-2/
2025,Clio Entertaiment,TOGETHER - Eyes Poster,NEON,Grand Prix,United States,NEON,Key Art,Teaser Poster,,https://resized-media.entries.clios.com/companies/143796/media/70cb87f2-cd9e-47e2-9fb8-08ddcf598d69-medium.jpg.webp,https://clios.com/winners-gallery/details/201707,/awards/clio_entertainment/2025/campaigns/together-eyes-poster-neon-neon-2025-2/
2025,Clio Entertaiment,Aspect Ratios with Sinners Director Ryan Coogler,Sinners,Grand Prix,United States,Rivendell Films,Original Content,Creative Content,,https://resized-media.entries.clios.com/companies/143764/media/358ac8fa-3b44-42f1-970f-08ddcf598d69-medium.png.webp,https://clios.com/winners-gallery/details/199883,/awards/clio_entertainment/2025/campaigns/aspect-ratios-with-sinners-director-ryan-coogler-sinners-rivendell-films-2025-2/
2025,Clio Entertaiment,WICKED Brand Partnerships,Universal Pictures,Grand Prix,United States,Universal Pictures,Partnerships & Collaborations,Partnerships & Collaborations,,https://resized-media.entries.clios.com/companies/143205/media/54a971c1-b3ff-4eb1-fa29-08ddda84979b-medium.jpeg.webp,https://clios.com/winners-gallery/details/193542,/awards/clio_entertainment/2025/campaigns/wicked-brand-partnerships-universal-pictures-universal-pictures-2025-2/
2025,Clio Entertaiment,Caption with Intention,Rakish Entertainment,Grand Prix,United States,FCB Chicago,Public Relations,Social Good,,https://resized-media.entries.clios.com/companies/3038/media/66f4fc01-a91d-4954-82ca-08dda8280727-medium.jpg.webp,https://clios.com/winners-gallery/details/194860,/awards/clio_entertainment/2025/campaigns/caption-with-intention-rakish-entertainment-fcb-chicago-2025-5/
2025,Clio Entertaiment,Sonic The Hedgehog 3 Arcade Standee,Paramount Pictures,Grand Prix,United States,Midnight Oil,Retail & Premium,Display,Standee,https://resized-media.entries.clios.com/companies/4734/media/d19531d6-4324-4fd6-451b-08ddbc3a4ea4-medium.png.webp,https://clios.com/winners-gallery/details/197988,/awards/clio_entertainment/2025/campaigns/sonic-the-hedgehog-3-arcade-standee-paramount-pictures-midnight-oil-2025-2/
2025,Clio Entertaiment,Body Swap,Netflix,Grand Prix,United States,AKQA,Speciality,Clio Entertainment x Snapchat AR Specialty Award,,https://resized-media.entries.clios.com/companies/141718/media/eeb695be-cf42-4436-80ac-08dda8280727-medium.png.webp,https://clios.com/winners-gallery/details/194353,/awards/clio_entertainment/2025/campaigns/body-swap-netflix-akqa-2025-3/
2025,Clio Entertaiment,Second Drop,Depop x Fortnite,Gold,United Kingdom,Miami Ad School Madrid,Games Student,Games Student,,https://resized-media.entries.clios.com/companies/143730/media/8125d9c1-add4-4d79-a189-08ddca1e8d72-medium.jpg.webp,https://clios.com/winners-gallery/details/199558,/awards/clio_entertainment/2025/campaigns/second-drop-depop-x-fortnite-miami-ad-school-madrid-2025-2/
2025,Clio Entertaiment,Without Pedro Pascal,Hispanic Organization of Latin Actors (HOLA) and Disney Plus Netflix Prime video and HBO,Gold,Colombia,Bendita Carpeta,Television & Streaming Student,Television & Streaming Student,,https://resized-media.entries.clios.com/companies/143833/media/5e56fbdb-2c19-48d3-ad8c-08ddca1e8d72-medium.jpg.webp,https://clios.com/winners-gallery/details/202168,/awards/clio_entertainment/2025/campaigns/without-pedro-pascal-hispanic-organization-of-latin-actors-hola-and-disney-plus-netflix-prime-video-and-hbo-bendita-ca-2/
2025,Clio Entertaiment,WWE Home,Netflix & ikea,Gold,Colombia,Bendita Carpeta,Television & Streaming Student,Television & Streaming Student,,https://resized-media.entries.clios.com/companies/143837/media/9c454a56-4b1f-4a12-9ef9-08ddcf598d69-medium.jpg.webp,https://clios.com/winners-gallery/details/201622,/awards/clio_entertainment/2025/campaigns/wwe-home-netflix-and-ikea-bendita-carpeta-2025-2/
2025,Clio Entertaiment,Kindness is a Survival Skill,The Wild Robot,Gold,United States,Film2Future,Theatrical Student,Theatrical Student,,https://resized-media.entries.clios.com/companies/143793/media/2d8d0ca8-a464-4948-a504-08ddca1e8d72-medium.png.webp,https://clios.com/winners-gallery/details/200475,/awards/clio_entertainment/2025/campaigns/kindness-is-a-survival-skill-the-wild-robot-film2future-2025-2/
2025,Clio Entertaiment,Oreo Square Cookie,Mondeléz International,Gold,Germany,Saatchi & Saatchi Germany,Branded Entertainment & Content,Digital Mobile & Social Media,,https://resized-media.entries.clios.com/companies/364/media/f72b76d4-c464-4e54-ff93-08ddda84979b-medium.jpg.webp,https://clios.com/winners-gallery/details/203666,/awards/clio_entertainment/2025/campaigns/oreo-square-cookie-mondelez-international-saatchi-and-saatchi-germany-2025-3/
2025,Clio Entertaiment,LeBron - Dedicated to the Game,Dream Games,Gold,United States,Dream Games,Branded Entertainment & Content,Influencer & Talent Storytelling,,https://resized-media.entries.clios.com/companies/143250/media/a25a5734-b806-4d03-6091-08ddda7db5d2-medium.jpg.webp,https://clios.com/winners-gallery/details/196306,/awards/clio_entertainment/2025/campaigns/lebron-dedicated-to-the-game-dream-games-dream-games-2025-2/
2025,Clio Entertaiment,Project MEMORY CARD,PlayStation,Gold,Japan,SIX INC,Craft & Design,Audio Visual Craft,‌Other,https://resized-media.entries.clios.com/companies/250/media/120b1192-63ea-480e-9618-08ddcf598d69-medium.jpg.webp,https://clios.com/winners-gallery/details/199547,/awards/clio_entertainment/2025/campaigns/project-memory-card-playstation-six-inc-2025-3/
2025,Clio Entertaiment,Verdansk Launch Trailer | Call of Duty Warzone,Call of Duty Warzone,Gold,United States,gnet,Craft & Design,Audio Visual Craft,Game Capture Cinematography,https://resized-media.entries.clios.com/companies/4769/media/730a43ee-0910-45fe-8451-08dda8280727-medium.png.webp,https://clios.com/winners-gallery/details/194791,/awards/clio_entertainment/2025/campaigns/verdansk-launch-trailer-call-of-duty-warzone-call-of-duty-warzone-gnet-2025-3/
2025,Clio Entertaiment,Verdansk Launch Trailer | Call of Duty Warzone,Call of Duty Warzone,Gold,United States,gnet,Craft & Design,Audio Visual Craft,Music,https://resized-media.entries.clios.com/companies/4769/media/730a43ee-0910-45fe-8451-08dda8280727-medium.png.webp,https://clios.com/winners-gallery/details/194810,/awards/clio_entertainment/2025/campaigns/verdansk-launch-trailer-call-of-duty-warzone-call-of-duty-warzone-gnet-2025-4/
2025,Clio Entertaiment,Mafia The Old Country - The Initiation Trailer,2K GAMES,Gold,United States,2K GAMES,Craft & Design,Audio Visual Craft,Sound Design,https://resized-media.entries.clios.com/companies/143785/media/f5355fbe-f43d-4d34-995c-08ddcf598d69-medium.png.webp,https://clios.com/winners-gallery/details/200879,/awards/clio_entertainment/2025/campaigns/mafia-the-old-country-the-initiation-trailer-2k-games-2k-games-2025-2/
2025,Clio Entertaiment,Gameplay Trailer - Meta AF,The Outer Worlds 2,Gold,United States,Buddha Jones,Craft & Design,Audio Visual Craft,Voiceover,https://resized-media.entries.clios.com/companies/143287/media/ce4090fa-2ef0-41aa-43c1-08dda8286ac6-medium.png.webp,https://clios.com/winners-gallery/details/195520,/awards/clio_entertainment/2025/campaigns/gameplay-trailer-meta-af-the-outer-worlds-2-buddha-jones-2025-2/
2025,Clio Entertaiment,Sid Meiers Civilization VII Narrator Reveal Trailer,2K GAMES,Gold,United States,2K GAMES,Craft & Design,Design,‌Other,https://resized-media.entries.clios.com/companies/143785/media/16171216-7dfb-4328-a40a-08ddca1e8d72-medium.png.webp,https://clios.com/winners-gallery/details/200488,/awards/clio_entertainment/2025/campaigns/sid-meiers-civilization-vii-narrator-reveal-trailer-2k-games-2k-games-2025-2/
2025,Clio Entertaiment,Project MEMORY CARD,PlayStation,Gold,Japan,SIX INC,Craft & Design,Design,Computer-Generated Imagery,https://resized-media.entries.clios.com/companies/250/media/120b1192-63ea-480e-9618-08ddcf598d69-medium.jpg.webp,https://clios.com/winners-gallery/details/199548,/awards/clio_entertainment/2025/campaigns/project-memory-card-playstation-six-inc-2025-4/
2025,Clio Entertaiment,Doki Doki Posters You Can Hear,Doki Doki,Gold,Canada,No Fixed Address,Craft & Design,Design,Logo Main Title & Typography,https://resized-media.entries.clios.com/companies/583/media/50bf3fd1-3abc-4f89-b758-08dd4de0928e-medium.jpg.webp,https://clios.com/winners-gallery/details/197829,/awards/clio_entertainment/2025/campaigns/doki-doki-posters-you-can-hear-doki-doki-no-fixed-address-2025/
2025,Clio Entertaiment,Call of Duty Black Ops 6 – Dot Matrix Printer Twitch Takeover,Activision,Gold,United States,Mutiny A Trailer Park Company,Digital Mobile & Social Media,Social Media,‌Other,https://resized-media.entries.clios.com/companies/4687/media/cf13db9e-6f83-4a7e-0490-08dd8372b990-medium.png.webp,https://clios.com/winners-gallery/details/193545,/awards/clio_entertainment/2025/campaigns/call-of-duty-black-ops-6-dot-matrix-printer-twitch-takeover-activision-mutiny-a-trailer-park-company-2025/
2025,Clio Entertaiment,Recruitment Race,Renault,Gold,France,Publicis Conseil,Experiential & Fan Engagement,Experiential & Activation,‌Other,https://resized-media.entries.clios.com/companies/143667/media/4204657a-9f51-4dd9-94bb-08ddcf598d69-medium.jpg.webp,https://clios.com/winners-gallery/details/199072,/awards/clio_entertainment/2025/campaigns/recruitment-race-renault-publicis-conseil-2025/
2025,Clio Entertaiment,Clash of Clans Bathroom Battlestation,Supercell,Gold,United States,Jack Morton Worldwide,Experiential & Fan Engagement,Experiential & Activation,Special Event & Stunt,https://resized-media.entries.clios.com/companies/3787/media/abbefe2d-fdf9-454f-a0d1-08ddca1e8d72-medium.jpg.webp,https://clios.com/winners-gallery/details/199412,/awards/clio_entertainment/2025/campaigns/clash-of-clans-bathroom-battlestation-supercell-jack-morton-worldwide-2025/
2025,Clio Entertaiment,Oreo Square Cookie,Mondeléz International,Gold,Germany,Saatchi & Saatchi Germany,Experiential & Fan Engagement,Fan Engagement,Digital & Mobile,https://resized-media.entries.clios.com/companies/364/media/f72b76d4-c464-4e54-ff93-08ddda84979b-medium.jpg.webp,https://clios.com/winners-gallery/details/203673,/awards/clio_entertainment/2025/campaigns/oreo-square-cookie-mondelez-international-saatchi-and-saatchi-germany-2025-4/
2025,Clio Entertaiment,The WhatsApp Saga,BIS,Gold,Brazil,DAVID,Experiential & Fan Engagement,Fan Engagement,Digital & Mobile,https://resized-media.entries.clios.com/companies/143760/media/c7d11831-115c-4aea-98cf-08ddcf598d69-medium.jpeg.webp,https://clios.com/winners-gallery/details/200005,/awards/clio_entertainment/2025/campaigns/the-whatsapp-saga-bis-david-2025/
2025,Clio Entertaiment,Sid Meiers Civilization VII Shawnee Partnership with 2K Foundations,2K GAMES,Gold,United States,2K GAMES,Experiential & Fan Engagement,Fan Engagement,Social Good,https://resized-media.entries.clios.com/companies/143785/media/0c3b7594-a4bc-45cd-a409-08ddca1e8d72-medium.png.webp,https://clios.com/winners-gallery/details/200526,/awards/clio_entertainment/2025/campaigns/sid-meiers-civilization-vii-shawnee-partnership-with-2k-foundations-2k-games-2k-games-2025/
2025,Clio Entertaiment,The Final Exam,Change The Ref,Gold,United States,Energy BBDO,Experiential & Fan Engagement,Fan Engagement,Social Good,https://resized-media.entries.clios.com/companies/338/media/f1c3e448-1c8f-4694-6b62-08dd6aeb75fb-medium.jpg.webp,https://clios.com/winners-gallery/details/200390,/awards/clio_entertainment/2025/campaigns/the-final-exam-change-the-ref-energy-bbdo-2025/
2025,Clio Entertaiment,The Replacer,Activision Call of Duty,Gold,United States,72andSunny,Integrated Campaign,Integrated Campaign,,https://resized-media.entries.clios.com/companies/359/media/22fa0e71-2848-46e8-a3bc-08ddcf598d69-medium.jpg.webp,https://clios.com/winners-gallery/details/202444,/awards/clio_entertainment/2025/campaigns/the-replacer-activision-call-of-duty-72andsunny-2025/
2025,Clio Entertaiment,Borderlands 4 Key Art,2K GAMES,Gold,United States,2K GAMES,Key Art & Out of Home,Key Art,Key Art,https://resized-media.entries.clios.com/companies/143785/media/d0abfd29-b54b-4108-9982-08ddcf598d69-medium.png.webp,https://clios.com/winners-gallery/details/200561,/awards/clio_entertainment/2025/campaigns/borderlands-4-key-art-2k-games-2k-games-2025/
2025,Clio Entertaiment,Doki Doki Posters You Can Hear,Doki Doki,Gold,Canada,No Fixed Address,Key Art & Out of Home,Key Art,Poster & One Sheet,https://resized-media.entries.clios.com/companies/583/media/17e5b610-d225-4fc5-a781-08ddca1e8d72-medium.jpg.webp,https://clios.com/winners-gallery/details/200116,/awards/clio_entertainment/2025/campaigns/doki-doki-posters-you-can-hear-doki-doki-no-fixed-address-2025-2/
2025,Clio Entertaiment,Call of Duty Black Ops 6 – Dot Matrix Printer Twitch Takeover,Activision,Gold,United States,Mutiny A Trailer Park Company,Original Content,Live Stream & Podcast,,https://resized-media.entries.clios.com/companies/4687/media/cf13db9e-6f83-4a7e-0490-08dd8372b990-medium.png.webp,https://clios.com/winners-gallery/details/193388,/awards/clio_entertainment/2025/campaigns/call-of-duty-black-ops-6-dot-matrix-printer-twitch-takeover-activision-mutiny-a-trailer-park-company-2025-2/
2025,Clio Entertaiment,Oreo Square Cookie,Mondeléz International,Gold,Germany,Saatchi & Saatchi Germany,Partnerships & Collaborations,Partnerships & Collaborations,,https://resized-media.entries.clios.com/companies/364/media/f72b76d4-c464-4e54-ff93-08ddda84979b-medium.jpg.webp,https://clios.com/winners-gallery/details/203675,/awards/clio_entertainment/2025/campaigns/oreo-square-cookie-mondelez-international-saatchi-and-saatchi-germany-2025-5/
2025,Clio Entertaiment,The Replacer,Activision Call of Duty,Gold,United States,72andSunny,Partnerships & Collaborations,Partnerships & Collaborations,,https://resized-media.entries.clios.com/companies/359/media/22fa0e71-2848-46e8-a3bc-08ddcf598d69-medium.jpg.webp,https://clios.com/winners-gallery/details/202442,/awards/clio_entertainment/2025/campaigns/the-replacer-activision-call-of-duty-72andsunny-2025-2/
2025,Clio Entertaiment,The Final Exam,Change The Ref,Gold,United States,Energy BBDO,Public Relations,Social Good,,https://resized-media.entries.clios.com/companies/338/media/f1c3e448-1c8f-4694-6b62-08dd6aeb75fb-medium.jpg.webp,https://clios.com/winners-gallery/details/200396,/awards/clio_entertainment/2025/campaigns/the-final-exam-change-the-ref-energy-bbdo-2025-2/
2025,Clio Entertaiment,Trailer The Greatest,The Godfather Part II | 50th Anniversary,Gold,United States,Aspect,Audio Visual,Trailer,,https://resized-media.entries.clios.com/companies/4921/media/8aa49121-33ef-48ac-3fd9-08dda8286ac6-thumbnail.0000000.jpg,https://clios.com/winners-gallery/details/194412,/awards/clio_entertainment/2025/campaigns/trailer-the-greatest-the-godfather-part-ii-50th-anniversary-aspect-2025/
2025,Clio Entertaiment,The Wild Robot A-V Campaign,Universal Pictures Home Entertainment,Gold,United States,Paradise Creative,Audio Visual Campaign,Audio Visual Campaign,,https://resized-media.entries.clios.com/companies/4992/media/d1ba8681-3df5-41cb-af8a-08ddca1e8d72-medium.png.webp,https://clios.com/winners-gallery/details/202507,/awards/clio_entertainment/2025/campaigns/the-wild-robot-a-v-campaign-universal-pictures-home-entertainment-paradise-creative-2025/
2025,Clio Entertaiment,Money Power Respect,Sinners,Gold,United States,Okperfect,Craft & Design,Audio Visual Craft,Sound Design,https://resized-media.entries.clios.com/companies/4851/media/0f5afba7-dabb-43da-43dc-08dda8286ac6-medium.png.webp,https://clios.com/winners-gallery/details/195325,/awards/clio_entertainment/2025/campaigns/money-power-respect-sinners-okperfect-2025/
2025,Clio Entertaiment,Dialogue Remix,Pulp Fiction,Gold,United States,Jump! Creative,Craft & Design,Digital Mobile & Social Media Craft,Sound Design,https://resized-media.entries.clios.com/companies/2124/media/ccb7aa68-ef92-4bfe-ad75-08ddca1e8d72-medium.png.webp,https://clios.com/winners-gallery/details/202208,/awards/clio_entertainment/2025/campaigns/dialogue-remix-pulp-fiction-jump-creative-2025/
2025,Clio Entertaiment,Money Power Respect,Sinners,Gold,United States,Okperfect,Craft & Design,Digital Mobile & Social Media Craft,Sound Design,https://resized-media.entries.clios.com/companies/4851/media/0f5afba7-dabb-43da-43dc-08dda8286ac6-medium.png.webp,https://clios.com/winners-gallery/details/195579,/awards/clio_entertainment/2025/campaigns/money-power-respect-sinners-okperfect-2025-2/
2025,Clio Entertaiment,Fandango,Deadpool & Wolverine,Gold,United States,Tiny Hero,Digital Mobile & Social Media,Digital & Mobile,Banners Disruptors & Takeovers,https://resized-media.entries.clios.com/companies/4875/media/13fd7fc7-600f-4778-95f1-08ddcf598d69-medium.jpg.webp,https://clios.com/winners-gallery/details/199529,/awards/clio_entertainment/2025/campaigns/fandango-deadpool-and-wolverine-tiny-hero-2025/
2025,Clio Entertaiment,Mean Girls (2024) - Social Campaign,Mean Girls (2024),Gold,United States,Paramount Pictures,Digital Mobile & Social Media,Social Media,Mixed Campaign,https://resized-media.entries.clios.com/companies/140545/media/7dfdc85f-d603-4ff5-e593-08dcf4529d94-medium.jpg.webp,https://clios.com/winners-gallery/details/201922,/awards/clio_entertainment/2025/campaigns/mean-girls-2024-social-campaign-mean-girls-2024-paramount-pictures-2025/
2025,Clio Entertaiment,Social Campaign,Sinners,Gold,United States,Okperfect,Digital Mobile & Social Media,Social Media,Mixed Campaign,https://resized-media.entries.clios.com/companies/4851/media/f0bd9e02-3f7d-4628-a5de-08ddcf598d69-medium.png.webp,https://clios.com/winners-gallery/details/195587,/awards/clio_entertainment/2025/campaigns/social-campaign-sinners-okperfect-2025/
2025,Clio Entertaiment,Oreo Empire,Oreo,Gold,United States,Dentsu Creative Chicago,Digital Mobile & Social Media,Social Media,Paid Social Media Post,https://resized-media.entries.clios.com/companies/4470/media/eb64cc87-0106-47f0-85f9-08dda8280727-medium.png.webp,https://clios.com/winners-gallery/details/196581,/awards/clio_entertainment/2025/campaigns/oreo-empire-oreo-dentsu-creative-chicago-2025-2/
2025,Clio Entertaiment,Furiosa Raising hell at home,Furiosa,Gold,United States,OC Agency,Digital Mobile & Social Media,Social Media,Short-Form Social Media Video,https://resized-media.entries.clios.com/companies/4765/media/014eed50-76f9-4b09-41c5-08dda8286ac6-thumbnail.0000000.jpg,https://clios.com/winners-gallery/details/194926,/awards/clio_entertainment/2025/campaigns/furiosa-raising-hell-at-home-furiosa-oc-agency-2025/
2025,Clio Entertaiment,Money Power Respect,Sinners,Gold,United States,Okperfect,Digital Mobile & Social Media,Social Media,Short-Form Social Media Video,https://resized-media.entries.clios.com/companies/4851/media/40270ef3-6bab-4a3d-a5dc-08ddcf598d69-medium.png.webp,https://clios.com/winners-gallery/details/195580,/awards/clio_entertainment/2025/campaigns/money-power-respect-sinners-okperfect-2025-3/
2025,Clio Entertaiment,Oreo Empire,Oreo,Gold,United States,Dentsu Creative Chicago,Digital Mobile & Social Media,Social Media,Use of Influencer & Talent,https://resized-media.entries.clios.com/companies/4470/media/eb64cc87-0106-47f0-85f9-08dda8280727-medium.png.webp,https://clios.com/winners-gallery/details/196582,/awards/clio_entertainment/2025/campaigns/oreo-empire-oreo-dentsu-creative-chicago-2025-3/
2025,Clio Entertaiment,Beautiful Fate Making A Real Pain,Searchlight Pictures,Gold,United States,Monkey Deux Inc,Original Content,Behind the Scenes,,https://resized-media.entries.clios.com/companies/143135/media/e8f5d0c0-9675-4250-03ed-08dd8372b990-medium.jpg.webp,https://clios.com/winners-gallery/details/193057,/awards/clio_entertainment/2025/campaigns/beautiful-fate-making-a-real-pain-searchlight-pictures-monkey-deux-inc-2025/
2025,Clio Entertaiment,Superman - Adventures in Making of Superman,WB,Gold,United States,SunnyBoy Entertainment,Original Content,Behind the Scenes,,https://resized-media.entries.clios.com/companies/5207/media/11106804-ae1e-4a5e-fe28-08ddda84979b-medium.png.webp,https://clios.com/winners-gallery/details/203324,/awards/clio_entertainment/2025/campaigns/superman-adventures-in-making-of-superman-wb-sunnyboy-entertainment-2025/
2025,Clio Entertaiment,Behind the Scenes Building a Wild World,The Wild Robot,Gold,United States,Mob Scene,Original Content,Featurette,,https://resized-media.entries.clios.com/companies/4630/media/01a3a739-a01a-4326-4002-08dda8286ac6-medium.png.webp,https://clios.com/winners-gallery/details/194260,/awards/clio_entertainment/2025/campaigns/behind-the-scenes-building-a-wild-world-the-wild-robot-mob-scene-2025/
2025,Clio Entertaiment,The Pool,The Amateur,Gold,United States,Once Upon a Time,Original Content,Featurette,,https://resized-media.entries.clios.com/companies/4709/media/b5bb0794-b40a-4a16-a6dd-08ddca1e8d72-medium.png.webp,https://clios.com/winners-gallery/details/200309,/awards/clio_entertainment/2025/campaigns/the-pool-the-amateur-once-upon-a-time-2025/
2025,Clio Entertaiment,Marvel Comics Blood Hunt – Bleeding In Style,Marvel Comics,Gold,United States,The Syndicate,Public Relations,Collateral Press Influencer & Talent Kits,,https://resized-media.entries.clios.com/companies/143801/media/cdf38b00-77f8-4c07-ac57-08ddca1e8d72-thumbnail.0000000.jpg,https://clios.com/winners-gallery/details/202018,/awards/clio_entertainment/2025/campaigns/marvel-comics-blood-hunt-bleeding-in-style-marvel-comics-the-syndicate-2025/
2025,Clio Entertaiment,Alfred Hitchcock The Iconic Film Collection,Universal Pictures Home Entertainment,Gold,United States,CORE,Retail & Premium,Packaging,Box Set Collection & Complete Series Packaging,https://resized-media.entries.clios.com/companies/5719/media/62e1f1eb-5c61-4c4d-81d6-08dda8280727-medium.jpg.webp,https://clios.com/winners-gallery/details/194626,/awards/clio_entertainment/2025/campaigns/alfred-hitchcock-the-iconic-film-collection-universal-pictures-home-entertainment-core-2025/
2025,Clio Entertaiment,Opera,Royal Ontario Museum,Gold,Canada,Broken Heart Love Affair,Audio Visual,61 Seconds and Over,,https://resized-media.entries.clios.com/companies/3819/media/479228db-caf4-4eaf-8fec-08dd34eac907-thumbnail.0000000.jpg,https://clios.com/winners-gallery/details/200307,/awards/clio_entertainment/2025/campaigns/opera-royal-ontario-museum-broken-heart-love-affair-2025/
2025,Clio Entertaiment,You Are What You Watch,Love & Anarchy - Helsinki International Film Festival,Gold,Finland,Breakfast Helsinki,Audio Visual,61 Seconds and Over,,https://resized-media.entries.clios.com/companies/140523/media/eaf37e2c-59d9-41d8-dc17-08dcefb44467-thumbnail.0000000.jpg,https://clios.com/winners-gallery/details/197145,/awards/clio_entertainment/2025/campaigns/you-are-what-you-watch-love-and-anarchy-helsinki-international-film-festival-breakfast-helsinki-2025-2/
2025,Clio Entertaiment,Opera,Royal Ontario Museum,Gold,Canada,Broken Heart Love Affair,Branded Entertainment & Content,Film,,https://resized-media.entries.clios.com/companies/3819/media/180289c8-234c-41fd-b063-08ddca1e8d72-medium.jpg.webp,https://clios.com/winners-gallery/details/202621,/awards/clio_entertainment/2025/campaigns/opera-royal-ontario-museum-broken-heart-love-affair-2025-2/
2025,Clio Entertaiment,Push Push,WhatsApp,Gold,United States,Modern Arts,Branded Entertainment & Content,Influencer & Talent Storytelling,,https://resized-media.entries.clios.com/companies/141981/media/c296c7f8-bdaa-42c7-fe34-08ddda84979b-medium.jpg.webp,https://clios.com/winners-gallery/details/202718,/awards/clio_entertainment/2025/campaigns/push-push-whatsapp-modern-arts-2025/
2025,Clio Entertaiment,Opera,Royal Ontario Museum,Gold,Canada,Broken Heart Love Affair,Craft & Design,Audio Visual Craft,Direction,https://resized-media.entries.clios.com/companies/3819/media/180289c8-234c-41fd-b063-08ddca1e8d72-medium.jpg.webp,https://clios.com/winners-gallery/details/202622,/awards/clio_entertainment/2025/campaigns/opera-royal-ontario-museum-broken-heart-love-affair-2025-3/
2025,Clio Entertaiment,Opera,Royal Ontario Museum,Gold,Canada,Broken Heart Love Affair,Craft & Design,Audio Visual Craft,Editing,https://resized-media.entries.clios.com/companies/3819/media/180289c8-234c-41fd-b063-08ddca1e8d72-medium.jpg.webp,https://clios.com/winners-gallery/details/202623,/awards/clio_entertainment/2025/campaigns/opera-royal-ontario-museum-broken-heart-love-affair-2025-4/
2025,Clio Entertaiment,Opera,Royal Ontario Museum,Gold,Canada,Broken Heart Love Affair,Craft & Design,Audio Visual Craft,Sound Design,https://resized-media.entries.clios.com/companies/3819/media/180289c8-234c-41fd-b063-08ddca1e8d72-medium.jpg.webp,https://clios.com/winners-gallery/details/202625,/awards/clio_entertainment/2025/campaigns/opera-royal-ontario-museum-broken-heart-love-affair-2025-5/
2025,Clio Entertaiment,2024 NEW SEASON,Donmar Warehouse,Gold,United Kingdom,AKA UK,Key Art & Out of Home,Key Art,‌Other,https://resized-media.entries.clios.com/companies/5416/media/13700e5c-5d41-4f2e-9ecb-08ddca1e8d72-medium.jpg.webp,https://clios.com/winners-gallery/details/198713,/awards/clio_entertainment/2025/campaigns/2024-new-season-donmar-warehouse-aka-uk-2025/
2025,Clio Entertaiment,Abbott Elementary Season 4 Premiere Dio-Drama Campaign,ABC,Gold,United States,ABC,Audio Visual Campaign,Audio Visual Campaign,,https://resized-media.entries.clios.com/companies/4657/media/ab2bc01a-2b18-4e51-433a-08ddbc3a4ea4-medium.jpg.webp,https://clios.com/winners-gallery/details/197420,/awards/clio_entertainment/2025/campaigns/abbott-elementary-season-4-premiere-dio-drama-campaign-abc-abc-2025/
2025,Clio Entertaiment,The Studio AV Campaign,The Studio,Gold,United States,Wild Card Creative Group,Audio Visual Campaign,Audio Visual Campaign,,https://resized-media.entries.clios.com/companies/4522/media/57f2a103-9939-49e1-4086-08ddbc3a4ea4-thumbnail.0000000.jpg,https://clios.com/winners-gallery/details/193605,/awards/clio_entertainment/2025/campaigns/the-studio-av-campaign-the-studio-wild-card-creative-group-2025/
2025,Clio Entertaiment,The Final Copy of Ilon Specht,LOréal Paris,Gold,United States,MCCANN PARIS,Audio Visual Campaign,Audio Visual Campaign,,https://resized-media.entries.clios.com/companies/3893/media/639678bb-0b1e-45c1-ab68-08ddca1e8d72-medium.jpeg.webp,https://clios.com/winners-gallery/details/201765,/awards/clio_entertainment/2025/campaigns/the-final-copy-of-ilon-specht-loreal-paris-mccann-paris-2025/
2025,Clio Entertaiment,Alien Earth Campaign,FX,Gold,United States,FX,Audio Visual Campaign,Audio Visual Campaign,,https://resized-media.entries.clios.com/companies/4559/media/cf510b62-21e6-4c69-4276-08dda8286ac6-thumbnail.0000000.jpg,https://clios.com/winners-gallery/details/202370,/awards/clio_entertainment/2025/campaigns/alien-earth-campaign-fx-fx-2025/
2025,Clio Entertaiment,Severance S2 AV Campaign,Severance S2,Gold,United States,Wild Card Creative Group,Audio Visual Campaign,Audio Visual Campaign,,https://resized-media.entries.clios.com/companies/4522/media/cd312838-9ae1-4476-4083-08ddbc3a4ea4-thumbnail.0000000.jpg,https://clios.com/winners-gallery/details/193597,/awards/clio_entertainment/2025/campaigns/severance-s2-av-campaign-severance-s2-wild-card-creative-group-2025/
2025,Clio Entertaiment,Severance Season 2 RTO Teaser,Severance Season 2,Gold,United States,TRANSIT,Audio Visual Campaign,Audio Visual Campaign,,https://resized-media.entries.clios.com/companies/2123/media/2e7626fe-8ca2-4b78-a70d-08ddca1e8d72-thumbnail.0000000.jpg,https://clios.com/winners-gallery/details/201099,/awards/clio_entertainment/2025/campaigns/severance-season-2-rto-teaser-severance-season-2-transit-2025/
2025,Clio Entertaiment,Severance season 2 Digital Campaign,Severance,Gold,United States,Leroy & Rose,Audio Visual Campaign,Audio Visual Campaign,,https://resized-media.entries.clios.com/companies/4743/media/eefff9df-9621-4c1f-a733-08ddca1e8d72-thumbnail.0000000.jpg,https://clios.com/winners-gallery/details/200857,/awards/clio_entertainment/2025/campaigns/severance-season-2-digital-campaign-severance-leroy-and-rose-2025/
2025,Clio Entertaiment,Everybodys Live With John Mulaney,Netflix,Gold,United States,Netflix,Audio Visual Campaign,Audio Visual Campaign,,https://resized-media.entries.clios.com/companies/142252/media/6658af23-6d25-4042-fa0d-08ddda84979b-medium.jpg.webp,https://clios.com/winners-gallery/details/202640,/awards/clio_entertainment/2025/campaigns/everybodys-live-with-john-mulaney-netflix-netflix-2025/
2025,Clio Entertaiment,PARAMOUNT NETWORK SPAIN - KALEIDOSCOPE,PARAMOUNT CREATIVE MTVE INTERNATIONAL,Gold,Spain,PARAMOUNT CREATIVE MTVE INTERNATIONAL,Audio Visual Craft,‌Other,,https://resized-media.entries.clios.com/companies/143297/media/38f5a3c3-c796-433c-830a-08dda8280727-thumbnail.0000000.jpg,https://clios.com/winners-gallery/details/194927,/awards/clio_entertainment/2025/campaigns/paramount-network-spain-kaleidoscope-paramount-creative-mtve-international-paramount-creative-mtve-international-2025/
2025,Clio Entertaiment,Hulu Drama The Box,Hulu Brand,Gold,United States,Hulu Brand,Audio Visual Craft,Editing,,https://resized-media.entries.clios.com/companies/4996/media/3364621d-5006-44b1-06c6-08dd8372b990-medium.png.webp,https://clios.com/winners-gallery/details/194005,/awards/clio_entertainment/2025/campaigns/hulu-drama-the-box-hulu-brand-hulu-brand-2025/
2025,Clio Entertaiment,Teaser Saved,The Last of Us Season 2,Gold,United States,Level Up AV,Audio Visual Craft,Editing,,https://resized-media.entries.clios.com/companies/4941/media/b924c0d3-4eb1-441d-04fe-08dd8372b990-thumbnail.0000000.jpg,https://clios.com/winners-gallery/details/194089,/awards/clio_entertainment/2025/campaigns/teaser-saved-the-last-of-us-season-2-level-up-av-2025/
2025,Clio Entertaiment,Hits Different Sizzle,HBO MAX,Gold,United States,BOND,Audio Visual Brand Promo,Brand Promo,,https://resized-media.entries.clios.com/companies/4830/media/f98c56eb-f52b-43c5-83d7-08dda8280727-thumbnail.0000000.jpg,https://clios.com/winners-gallery/details/195132,/awards/clio_entertainment/2025/campaigns/hits-different-sizzle-hbo-max-bond-2025/
2025,Clio Entertaiment,See It Differently,BritBox,Gold,United States,Uncommon Creative Studio,Audio Visual Brand Promo,Brand Promo,,https://resized-media.entries.clios.com/companies/143479/media/0d9184ab-2211-460e-fb15-08ddda84979b-thumbnail.0000000.jpg,https://clios.com/winners-gallery/details/202972,/awards/clio_entertainment/2025/campaigns/see-it-differently-britbox-uncommon-creative-studio-2025-2/
2025,Clio Entertaiment,HBO Max Pride 2025 Trixie Mattel’s Gay HBO Max Song,HBO Max,Gold,United States,HBO Max,Audio Visual Brand Promo,Brand Promo,,https://resized-media.entries.clios.com/companies/5072/media/dee4624a-635c-49c4-abb5-08ddca1e8d72-thumbnail.0000000.jpg,https://clios.com/winners-gallery/details/201559,/awards/clio_entertainment/2025/campaigns/hbo-max-pride-2025-trixie-mattels-gay-hbo-max-song-hbo-max-hbo-max-2025/
2025,Clio Entertaiment,A Celebratory Ride with The Californians,Volkswagen Group of America Inc,Gold,United States,NBCUniversal (Saturday Night Live),Audio Visual Brand Promo,Entertainment IP Integration,,https://resized-media.entries.clios.com/companies/141030/media/f422bfa8-fc77-4f10-a5cf-08ddca1e8d72-thumbnail.0000000.jpg,https://clios.com/winners-gallery/details/199695,/awards/clio_entertainment/2025/campaigns/a-celebratory-ride-with-the-californians-volkswagen-group-of-america-inc-nbcuniversal-saturday-night-live-2025/
2025,Clio Entertaiment,Star of the Month Nicolas Cage,STAR Movies,Gold,United Arab Emirates,TWDC Creative,Audio Visual Clip-Based Spot,Audio Visual Clip-Based Spot,,https://resized-media.entries.clios.com/companies/4893/media/4346b826-f604-4645-402e-08dda8286ac6-thumbnail.0000000.jpg,https://clios.com/winners-gallery/details/194509,/awards/clio_entertainment/2025/campaigns/star-of-the-month-nicolas-cage-star-movies-twdc-creative-2025/
2025,Clio Entertaiment,Feel,The Piano Lesson,Gold,United States,AV Squad,Audio Visual Teaser,Audio Visual Teaser,,https://resized-media.entries.clios.com/companies/4977/media/a4efeeb7-0158-4c72-993e-08ddcf598d69-thumbnail.0000000.jpg,https://clios.com/winners-gallery/details/200476,/awards/clio_entertainment/2025/campaigns/feel-the-piano-lesson-av-squad-2025/
2025,Clio Entertaiment,Tsunami Race Against Time,National Geographic,Gold,United States,National Geographic & Aspect,Audio Visual Trailer,Audio Visual Trailer,,https://resized-media.entries.clios.com/companies/4339/media/9bdabb48-17b2-4aae-9dac-08ddbc6e7e05-thumbnail.0000000.jpg,https://clios.com/winners-gallery/details/196473,/awards/clio_entertainment/2025/campaigns/tsunami-race-against-time-national-geographic-national-geographic-and-aspect-2025/
2025,Clio Entertaiment,Adolescence - Main Trailer,Netflix,Gold,United Kingdom,ZEALOT,Audio Visual Trailer,Audio Visual Trailer,,https://resized-media.entries.clios.com/companies/5472/media/b29086ca-55e1-4cce-9eb2-08ddcf598d69-thumbnail.0000000.jpg,https://clios.com/winners-gallery/details/201535,/awards/clio_entertainment/2025/campaigns/adolescence-main-trailer-netflix-zealot-2025/
2025,Clio Entertaiment,Steve Main Trailer,Netflix,Gold,United Kingdom,Intermission Film,Audio Visual Trailer,Audio Visual Trailer,,https://resized-media.entries.clios.com/companies/4869/media/2cc14214-9554-429e-fe33-08ddda84979b-thumbnail.0000000.jpg,https://clios.com/winners-gallery/details/203336,/awards/clio_entertainment/2025/campaigns/steve-main-trailer-netflix-intermission-film-2025/
2025,Clio Entertaiment,Bingo,Emilia Pérez,Gold,United States,Big Picture,Audio Visual Trailer,Audio Visual Trailer,,https://resized-media.entries.clios.com/companies/143282/media/51c8bf04-9ca8-4cd2-9fe8-08ddcf598d69-thumbnail.0000000.jpg,https://clios.com/winners-gallery/details/201706,/awards/clio_entertainment/2025/campaigns/bingo-emilia-perez-big-picture-2025/
2025,Clio Entertaiment,The Boy and the Octopus,The Walt Disney Company,Gold,United Kingdom,adam&eveDDB,Branded Entertainment & Content,Brand Promo,,https://resized-media.entries.clios.com/companies/143199/media/4471349e-e795-44bb-9fab-08ddbc6e7e05-medium.jpg.webp,https://clios.com/winners-gallery/details/197072,/awards/clio_entertainment/2025/campaigns/the-boy-and-the-octopus-the-walt-disney-company-adam-and-eveddb-2025/
2025,Clio Entertaiment,Bring Korea To The World - Squid Games Season 2 Launch,Netflix,Gold,United States,Founders Agency,Branded Entertainment & Content,Digital Mobile & Social Media,,https://resized-media.entries.clios.com/companies/5398/media/2c61584f-7606-4b72-ad7b-08ddca1e8d72-medium.png.webp,https://clios.com/winners-gallery/details/202251,/awards/clio_entertainment/2025/campaigns/bring-korea-to-the-world-squid-games-season-2-launch-netflix-founders-agency-2025/
2025,Clio Entertaiment,A Night in the Squid Game Dorm,Netflix,Gold,Italy,DUDE Milan,Branded Entertainment & Content,Experiential & Activations,,https://resized-media.entries.clios.com/companies/2486/media/9ebbf9c8-889a-42f1-86a4-08dda8280727-medium.jpg.webp,https://clios.com/winners-gallery/details/196324,/awards/clio_entertainment/2025/campaigns/a-night-in-the-squid-game-dorm-netflix-dude-milan-2025/
2025,Clio Entertaiment,Bring Korea To The World - Squid Games Season 2 Launch,Netflix,Gold,United States,Founders Agency,Branded Entertainment & Content,Experiential & Activations,,https://resized-media.entries.clios.com/companies/5398/media/2c61584f-7606-4b72-ad7b-08ddca1e8d72-medium.png.webp,https://clios.com/winners-gallery/details/202217,/awards/clio_entertainment/2025/campaigns/bring-korea-to-the-world-squid-games-season-2-launch-netflix-founders-agency-2025-2/
2025,Clio Entertaiment,The Boy and the Octopus,The Walt Disney Company,Gold,United Kingdom,adam&eveDDB,Branded Entertainment & Content,Film,,https://resized-media.entries.clios.com/companies/143199/media/4471349e-e795-44bb-9fab-08ddbc6e7e05-medium.jpg.webp,https://clios.com/winners-gallery/details/197075,/awards/clio_entertainment/2025/campaigns/the-boy-and-the-octopus-the-walt-disney-company-adam-and-eveddb-2025-2/
2025,Clio Entertaiment,A Celebratory Ride with The Californians,Volkswagen Group of America Inc,Gold,United States,NBCUniversal (Saturday Night Live),Branded Entertainment & Content,Influencer & Talent Storytelling,,https://resized-media.entries.clios.com/companies/141030/media/a84281f0-001b-42ed-a269-08ddca1e8d72-medium.jpg.webp,https://clios.com/winners-gallery/details/199688,/awards/clio_entertainment/2025/campaigns/a-celebratory-ride-with-the-californians-volkswagen-group-of-america-inc-nbcuniversal-saturday-night-live-2025-2/
2025,Clio Entertaiment,The Official Thingertips of Cheetos,Cheetos,Gold,United States,Goodby Silverstein & Partners,Branded Entertainment & Content,Influencer & Talent Storytelling,,https://resized-media.entries.clios.com/companies/265/media/445f82cf-359b-468c-6005-08ddda7db5d2-medium.jpg.webp,https://clios.com/winners-gallery/details/201654,/awards/clio_entertainment/2025/campaigns/the-official-thingertips-of-cheetos-cheetos-goodby-silverstein-and-partners-2025-2/
2025,Clio Entertaiment,Learn Korean Or Else,Duolingo,Gold,United States,Netflix,Branded Entertainment & Content,Mixed Campaign,,https://resized-media.entries.clios.com/companies/4733/media/8f55f1d3-b817-44ea-f965-08ddda84979b-medium.jpg.webp,https://clios.com/winners-gallery/details/197243,/awards/clio_entertainment/2025/campaigns/learn-korean-or-else-duolingo-netflix-2025/
2025,Clio Entertaiment,Netflix TUDUM Live 2025,Netflix,Gold,United States,Netflix,Creative Effectiveness,‌Other,,https://resized-media.entries.clios.com/companies/5079/media/fa41f506-3643-46a4-b116-08ddca1e8d72-thumbnail.0000000.jpg,https://clios.com/winners-gallery/details/200298,/awards/clio_entertainment/2025/campaigns/netflix-tudum-live-2025-netflix-netflix-2025/
2025,Clio Entertaiment,North,The Last of Us S2,Gold,United States,Create Advertising Group,Creative Effectiveness,Audio Visual,,https://resized-media.entries.clios.com/companies/4951/media/1fe2d98b-a11a-457b-a727-08ddca1e8d72-medium.png.webp,https://clios.com/winners-gallery/details/196436,/awards/clio_entertainment/2025/campaigns/north-the-last-of-us-s2-create-advertising-group-2025/
2025,Clio Entertaiment,Glitter & Greed,The Lisa Frank Story’,Gold,United States,BigStar,Design,Main Title & Credits,,https://resized-media.entries.clios.com/companies/5226/media/de53c183-81e2-499b-42aa-08ddbc3a4ea4-medium.png.webp,https://clios.com/winners-gallery/details/197185,/awards/clio_entertainment/2025/campaigns/glitter-and-greed-the-lisa-frank-story-bigstar-2025/
2025,Clio Entertaiment,Smoke,Apple TV,Gold,United States,Digital Kitchen,Design,Main Title & Credits,,https://resized-media.entries.clios.com/companies/4791/media/7d44f737-25f0-444e-5e6c-08ddda7db5d2-thumbnail.0000000.jpg,https://clios.com/winners-gallery/details/196642,/awards/clio_entertainment/2025/campaigns/smoke-apple-tv-digital-kitchen-2025/
2025,Clio Entertaiment,Alien Earth - 306 Gestation,FX,Gold,United States,FX,Design,Motion Graphics,,https://resized-media.entries.clios.com/companies/4559/media/a04ba412-b9d6-4937-fcb9-08ddda84979b-medium.jpg.webp,https://clios.com/winners-gallery/details/195109,/awards/clio_entertainment/2025/campaigns/alien-earth-306-gestation-fx-fx-2025/
2025,Clio Entertaiment,Alien Earth - 306 Gestation,FX,Gold,United States,FX,Design,Special Design Promo,,https://resized-media.entries.clios.com/companies/4559/media/a04ba412-b9d6-4937-fcb9-08ddda84979b-medium.jpg.webp,https://clios.com/winners-gallery/details/195120,/awards/clio_entertainment/2025/campaigns/alien-earth-306-gestation-fx-fx-2025-2/
2025,Clio Entertaiment,Fallout Vault 33,Fallout,Gold,United States,Addison Interactive,Digital Mobile & Social Media,Digital & Mobile,Microsite & Website,https://resized-media.entries.clios.com/companies/5947/media/c7a442a9-4897-420d-ac6a-08ddca1e8d72-thumbnail.0000000.jpg,https://clios.com/winners-gallery/details/201704,/awards/clio_entertainment/2025/campaigns/fallout-vault-33-fallout-addison-interactive-2025/
2025,Clio Entertaiment,Elmo Checks In,Sesame Street,Gold,United States,Sesame Workshop,Digital Mobile & Social Media,Social Media,Organic Social Media Post,https://resized-media.entries.clios.com/companies/5459/media/dbc1483d-633b-4f7b-4c56-08dd42fc65d2-medium.png.webp,https://clios.com/winners-gallery/details/196882,/awards/clio_entertainment/2025/campaigns/elmo-checks-in-sesame-street-sesame-workshop-2025/
2025,Clio Entertaiment,Always Be Convenient,Deli Boys S1,Gold,United States,MOCEAN,Digital Mobile & Social Media,Social Media,Short-Form Social Media Video,https://resized-media.entries.clios.com/companies/813/media/971aa87f-d769-4209-aae6-08dd8c8288b4-medium.jpg.webp,https://clios.com/winners-gallery/details/194215,/awards/clio_entertainment/2025/campaigns/always-be-convenient-deli-boys-s1-mocean-2025/
2025,Clio Entertaiment,Hacks Welcome to Late Night,HBO Max,Gold,United States,HBO Max,Digital Mobile & Social Media,Social Media,Use of Influencer & Talent,https://resized-media.entries.clios.com/companies/5072/media/54600b06-81b0-44b0-98f6-08ddcf598d69-thumbnail.0000000.jpg,https://clios.com/winners-gallery/details/203263,/awards/clio_entertainment/2025/campaigns/hacks-welcome-to-late-night-hbo-max-hbo-max-2025/
2025,Clio Entertaiment,Star Trek Strange New Worlds Season 3 “Worlds Collide”,Paramount-,Gold,United States,Paramount-,Digital Mobile & Social Media Craft,‌Other,,https://resized-media.entries.clios.com/companies/143511/media/d13905b7-7c91-4e4c-5e58-08ddda7db5d2-medium.jpg.webp,https://clios.com/winners-gallery/details/203050,/awards/clio_entertainment/2025/campaigns/star-trek-strange-new-worlds-season-3-worlds-collide-paramount-paramount-2025/
2025,Clio Entertaiment,Sennas Cut,Netflix,Gold,Argentina,Monks,Digital Mobile & Social Media Craft,Editing,,https://resized-media.entries.clios.com/companies/99/media/56f21f2e-1e7f-48fa-871a-08dda8280727-medium.jpg.webp,https://clios.com/winners-gallery/details/196404,/awards/clio_entertainment/2025/campaigns/sennas-cut-netflix-monks-2025/
2025,Clio Entertaiment,Cobra Kai Countdowns,Netflix,Gold,United States,Netflix,Digital Mobile & Social Media Craft,Motion Graphics,,https://resized-media.entries.clios.com/companies/5450/media/278824d1-17e9-4a64-b059-08ddca1e8d72-medium.jpg.webp,https://clios.com/winners-gallery/details/202618,/awards/clio_entertainment/2025/campaigns/cobra-kai-countdowns-netflix-netflix-2025/
2025,Clio Entertaiment,Severance - The Cube,Apple,Gold,United States,Apple,Experiential & Activations,Consumer,,https://resized-media.entries.clios.com/companies/143774/media/ea94117f-72ea-4753-a38a-08ddca1e8d72-medium.jpg.webp,https://clios.com/winners-gallery/details/201685,/awards/clio_entertainment/2025/campaigns/severance-the-cube-apple-apple-2025-2/
2025,Clio Entertaiment,McDonalds x Squid Game Dare to Play,McDonalds AU,Gold,Australia,Akcelo,Fan Engagement,Partnerships,,https://resized-media.entries.clios.com/companies/3158/media/13f2830e-e0b8-4a9e-a3c9-08ddca1e8d72-medium.jpg.webp,https://clios.com/winners-gallery/details/200228,/awards/clio_entertainment/2025/campaigns/mcdonalds-x-squid-game-dare-to-play-mcdonalds-au-akcelo-2025/
2025,Clio Entertaiment,Severance S2 – Integrated Campaign,Apple,Gold,United States,Apple,Fan Engagement,Social Media,,https://resized-media.entries.clios.com/companies/143774/media/82872e18-90fd-4884-a66c-08ddca1e8d72-medium.jpg.webp,https://clios.com/winners-gallery/details/200951,/awards/clio_entertainment/2025/campaigns/severance-s2-integrated-campaign-apple-apple-2025-2/
2025,Clio Entertaiment,Body Swap,Netflix,Gold,United States,AKQA,Innovation,Innovation,,https://resized-media.entries.clios.com/companies/141718/media/430568d1-b73b-43b0-80aa-08dda8280727-medium.jpg.webp,https://clios.com/winners-gallery/details/194358,/awards/clio_entertainment/2025/campaigns/body-swap-netflix-akqa-2025-4/
2025,Clio Entertaiment,Alien Earth Integrated Campaign,FX,Gold,United States,FX,Integrated Campaign,Integrated Campaign,,https://resized-media.entries.clios.com/companies/4559/media/88f5eb43-6b37-412b-ffb1-08ddda84979b-thumbnail.0000000.jpg,https://clios.com/winners-gallery/details/202092,/awards/clio_entertainment/2025/campaigns/alien-earth-integrated-campaign-fx-fx-2025/
2025,Clio Entertaiment,The White Lotus Season 3 Marketing Campaign,HBO Max,Gold,United States,HBO Max Originals Marketing,Integrated Campaign,Integrated Campaign,,https://resized-media.entries.clios.com/companies/5072/media/d580a86b-fe6b-49bf-5bcc-08ddda7db5d2-thumbnail.0000000.jpg,https://clios.com/winners-gallery/details/202933,/awards/clio_entertainment/2025/campaigns/the-white-lotus-season-3-marketing-campaign-hbo-max-hbo-max-originals-marketing-2025/
2025,Clio Entertaiment,Its Florida Man Key Art,Its Florida Man,Gold,United States,HBO Max,Key Art,Domestic Poster,,https://resized-media.entries.clios.com/companies/5072/media/a8d472ce-9813-4c8d-9c90-08ddca1e8d72-medium.jpg.webp,https://clios.com/winners-gallery/details/198255,/awards/clio_entertainment/2025/campaigns/its-florida-man-key-art-its-florida-man-hbo-max-2025/
2025,Clio Entertaiment,The Studio Ladder,The Studio,Gold,United States,GrandSon,Key Art,Domestic Poster,,https://resized-media.entries.clios.com/companies/4926/media/77293485-0b4e-4250-84a1-08dda8280727-medium.png.webp,https://clios.com/winners-gallery/details/195378,/awards/clio_entertainment/2025/campaigns/the-studio-ladder-the-studio-grandson-2025/
2025,Clio Entertaiment,Its Florida Man,Akikomatic LLC,Gold,United States,Akikomatic LLC,Key Art,Hero Image,,https://resized-media.entries.clios.com/companies/4649/media/c5e956f9-ddcb-4ec5-0669-08dd8372b990-medium.jpg.webp,https://clios.com/winners-gallery/details/193919,/awards/clio_entertainment/2025/campaigns/its-florida-man-akikomatic-llc-akikomatic-llc-2025/
2025,Clio Entertaiment,Its Always Sunny in Philadelphia Season 17,FX Networks,Gold,United States,FX,Key Art Craft,Use of Illustration,,https://resized-media.entries.clios.com/companies/4559/media/90318d37-f903-4f7b-9a04-08ddcf598d69-medium.jpg.webp,https://clios.com/winners-gallery/details/200646,/awards/clio_entertainment/2025/campaigns/its-always-sunny-in-philadelphia-season-17-fx-networks-fx-2025/
2025,Clio Entertaiment,Its Florida Man S1 Illustration,Its Florida Man,Gold,United States,HBO Max,Key Art Craft,Use of Illustration,,https://resized-media.entries.clios.com/companies/5072/media/dded5ea1-f628-46ae-45f0-08ddbc3a4ea4-medium.png.webp,https://clios.com/winners-gallery/details/198256,/awards/clio_entertainment/2025/campaigns/its-florida-man-s1-illustration-its-florida-man-hbo-max-2025/
2025,Clio Entertaiment,The Studio Buddha,The Studio,Gold,United States,GrandSon,Key Art Craft,Use of Illustration,,https://resized-media.entries.clios.com/companies/4926/media/aa018e7c-2606-4faa-4348-08dda8286ac6-medium.png.webp,https://clios.com/winners-gallery/details/195328,/awards/clio_entertainment/2025/campaigns/the-studio-buddha-the-studio-grandson-2025/
2025,Clio Entertaiment,Alien Earth - 306 Gestation,FX,Gold,United States,FX,Original Content,Creative Content,,https://resized-media.entries.clios.com/companies/4559/media/a04ba412-b9d6-4937-fcb9-08ddda84979b-medium.jpg.webp,https://clios.com/winners-gallery/details/195514,/awards/clio_entertainment/2025/campaigns/alien-earth-306-gestation-fx-fx-2025-3/
2025,Clio Entertaiment,Andrew Garfield and Elmo Talk About Grief,Sesame Street,Gold,United States,Sesame Workshop,Original Content,Creative Content,,https://resized-media.entries.clios.com/companies/5459/media/b3b46470-cb58-49a5-0a67-08dd42f94209-medium.jpg.webp,https://clios.com/winners-gallery/details/196880,/awards/clio_entertainment/2025/campaigns/andrew-garfield-and-elmo-talk-about-grief-sesame-street-sesame-workshop-2025/
2025,Clio Entertaiment,Superclass - The Boys FYC,Amazon MGM Studios,Gold,United States,Amazon MGM Studios,Original Content,Creative Content,,https://resized-media.entries.clios.com/companies/4982/media/54ad036a-7f48-4816-9dc0-08ddcf598d69-medium.png.webp,https://clios.com/winners-gallery/details/200798,/awards/clio_entertainment/2025/campaigns/superclass-the-boys-fyc-amazon-mgm-studios-amazon-mgm-studios-2025/
2025,Clio Entertaiment,The Making of Adolescence,Adolescence,Gold,United Kingdom,Once Upon a Time,Original Content,Featurette,,https://resized-media.entries.clios.com/companies/4709/media/9de82eb1-d686-4bf5-a6ec-08ddca1e8d72-medium.png.webp,https://clios.com/winners-gallery/details/200802,/awards/clio_entertainment/2025/campaigns/the-making-of-adolescence-adolescence-once-upon-a-time-2025/
2025,Clio Entertaiment,Summer in the City on 5th Ave,HBO MAX,Gold,United States,HBO Max,Out of Home,‌Other,,https://resized-media.entries.clios.com/companies/5072/media/58c80a29-be23-4614-a6f0-08ddca1e8d72-thumbnail.0000000.jpg,https://clios.com/winners-gallery/details/201100,/awards/clio_entertainment/2025/campaigns/summer-in-the-city-on-5th-ave-hbo-max-hbo-max-2025/
2025,Clio Entertaiment,Well Said - Hulu on Disney- | Printed OOH,Disney-,Gold,United States,Disney-,Out of Home,Billboard,,https://resized-media.entries.clios.com/companies/5663/media/22224b34-49c8-461d-af48-08ddca1e8d72-medium.jpg.webp,https://clios.com/winners-gallery/details/201489,/awards/clio_entertainment/2025/campaigns/well-said-hulu-on-disney-printed-ooh-disney-disney-2025/
2025,Clio Entertaiment,PLATFORM 0 (The Last Of Us),Max Spain,Gold,Spain,CYW,Out of Home,Takeover,,https://resized-media.entries.clios.com/companies/5103/media/bc503030-401a-40ab-42df-08dda8286ac6-medium.jpg.webp,https://clios.com/winners-gallery/details/195393,/awards/clio_entertainment/2025/campaigns/platform-0-the-last-of-us-max-spain-cyw-2025/
2025,Clio Entertaiment,The Official Thingertips of Cheetos,Cheetos,Gold,United States,Goodby Silverstein & Partners,Out of Home,Takeover,,https://resized-media.entries.clios.com/companies/265/media/2149c7d8-6d74-4ec7-5ff7-08ddda7db5d2-medium.jpg.webp,https://clios.com/winners-gallery/details/201648,/awards/clio_entertainment/2025/campaigns/the-official-thingertips-of-cheetos-cheetos-goodby-silverstein-and-partners-2025-3/
2025,Clio Entertaiment,Learn Korean Or Else,Duolingo,Gold,United States,Netflix,Partnerships & Collaborations,Partnerships & Collaborations,,https://resized-media.entries.clios.com/companies/4733/media/8f55f1d3-b817-44ea-f965-08ddda84979b-medium.jpg.webp,https://clios.com/winners-gallery/details/197253,/awards/clio_entertainment/2025/campaigns/learn-korean-or-else-duolingo-netflix-2025-2/
2025,Clio Entertaiment,Severance S2 – Integrated Campaign,Apple,Gold,United States,Apple,Partnerships & Collaborations,Partnerships & Collaborations,,https://resized-media.entries.clios.com/companies/143774/media/82872e18-90fd-4884-a66c-08ddca1e8d72-medium.jpg.webp,https://clios.com/winners-gallery/details/201721,/awards/clio_entertainment/2025/campaigns/severance-s2-integrated-campaign-apple-apple-2025-3/
2025,Clio Entertaiment,Squid Game Where Icons Come to Play,Netflix,Gold,United States,Netflix,Partnerships & Collaborations,Partnerships & Collaborations,,https://resized-media.entries.clios.com/companies/5560/media/9c6a65a9-2296-456a-a4cd-08ddcf598d69-medium.png.webp,https://clios.com/winners-gallery/details/202586,/awards/clio_entertainment/2025/campaigns/squid-game-where-icons-come-to-play-netflix-netflix-2025/
2025,Clio Entertaiment,Wednesday The Meal of Misfortune,Netflix,Gold,United States,Netflix,Partnerships & Collaborations,Partnerships & Collaborations,,https://resized-media.entries.clios.com/companies/5401/media/f4549650-f565-48f2-5f63-08ddda7db5d2-medium.jpg.webp,https://clios.com/winners-gallery/details/200569,/awards/clio_entertainment/2025/campaigns/wednesday-the-meal-of-misfortune-netflix-netflix-2025/
2025,Clio Entertaiment,The Jennifer Hudson Show | The Spirit Tunnel,The Jennifer Hudson Show,Gold,United States,The Jennifer Hudson Show | Telepictures a Warner Bros Television Group company,Public Relations,Brand Image,,https://resized-media.entries.clios.com/companies/143546/media/302abe36-dcbc-4a32-b15e-08ddca1e8d72-thumbnail.0000000.jpg,https://clios.com/winners-gallery/details/197855,/awards/clio_entertainment/2025/campaigns/the-jennifer-hudson-show-the-spirit-tunnel-the-jennifer-hudson-show-the-jennifer-hudson-show-telepictures-a-warner-bros/
2025,Clio Entertaiment,Superclass - The Boys FYC,Amazon MGM Studios,Gold,United States,Amazon MGM Studios,Public Relations,For-Your-Consideration,,https://resized-media.entries.clios.com/companies/4982/media/4307a371-fbdb-4091-a982-08ddca1e8d72-medium.png.webp,https://clios.com/winners-gallery/details/201445,/awards/clio_entertainment/2025/campaigns/superclass-the-boys-fyc-amazon-mgm-studios-amazon-mgm-studios-2025-2/
2025,Clio Entertaiment,Squid Game - The Mexican Way,Netflix,Gold,Mexico,Monks,Public Relations,Press Tour Red Carpet & Stunt,,https://resized-media.entries.clios.com/companies/143870/media/d4da8c87-61c8-499b-fbc0-08ddda84979b-medium.png.webp,https://clios.com/winners-gallery/details/202766,/awards/clio_entertainment/2025/campaigns/squid-game-the-mexican-way-netflix-monks-2025/
2025,Clio Entertaiment,Lunch Break with Abbott Elementary National Tour,ABC,Gold,United States,ABC,Public Relations,Social Good,,https://resized-media.entries.clios.com/companies/4657/media/0258878c-cc81-43b8-a0f7-08ddbc6e7e05-medium.png.webp,https://clios.com/winners-gallery/details/197384,/awards/clio_entertainment/2025/campaigns/lunch-break-with-abbott-elementary-national-tour-abc-abc-2025/
2025,Clio Entertaiment,HBO Max Pride 2025 Trixie Mattel’s Gay HBO Max Song,HBO Max,Gold,United States,HBO Max,Public Relations,Use of Influencer & Talent,,https://resized-media.entries.clios.com/companies/5072/media/e8a7d805-e979-44f9-a1d6-08ddcf598d69-thumbnail.0000000.jpg,https://clios.com/winners-gallery/details/201554,/awards/clio_entertainment/2025/campaigns/hbo-max-pride-2025-trixie-mattels-gay-hbo-max-song-hbo-max-hbo-max-2025-2/
2025,Clio Entertaiment,FARGO IN A BOX,Bisquick,Gold,United States,Pereira ODell,Retail & Premium,Merchandise & Premium,Food & Beverage,https://resized-media.entries.clios.com/companies/2128/media/5dfa6eaf-080e-40b5-ad35-08dd20b743c5-medium.jpg.webp,https://clios.com/winners-gallery/details/193067,/awards/clio_entertainment/2025/campaigns/fargo-in-a-box-bisquick-pereira-odell-2025/
2025,Clio Entertaiment,Audition,F1,Gold,United States,Requiem,Audio Visual Craft,Editing,,https://resized-media.entries.clios.com/companies/143294/media/7f1b9076-90a3-4600-414f-08ddbc3a4ea4-thumbnail.0000000.jpg,https://clios.com/winners-gallery/details/197025,/awards/clio_entertainment/2025/campaigns/audition-f1-requiem-2025/
2025,Clio Entertaiment,TATAMI TRAILER,XYZ,Gold,United Kingdom,Intermission Film,Audio Visual Craft,Editing,,https://resized-media.entries.clios.com/companies/4869/media/2858bf2e-b75b-4595-406d-08dda8286ac6-thumbnail.0000000.jpg,https://clios.com/winners-gallery/details/194178,/awards/clio_entertainment/2025/campaigns/tatami-trailer-xyz-intermission-film-2025/
2025,Clio Entertaiment,Transcend,HIM,Gold,United States,AV Squad,Audio Visual Craft,Editing,,https://resized-media.entries.clios.com/companies/4977/media/0194b0d1-700c-4855-a37d-08ddca1e8d72-thumbnail.0000000.jpg,https://clios.com/winners-gallery/details/200131,/awards/clio_entertainment/2025/campaigns/transcend-him-av-squad-2025/
2025,Clio Entertaiment,28 Years Later Teaser Trailer Days,28 Years Later,Gold,United States,Buddha Jones,Audio Visual Craft,Music,,https://resized-media.entries.clios.com/companies/5221/media/588e02d7-abea-4fd9-82bd-08dda8280727-thumbnail.0000000.jpg,https://clios.com/winners-gallery/details/195537,/awards/clio_entertainment/2025/campaigns/28-years-later-teaser-trailer-days-28-years-later-buddha-jones-2025-3/
2025,Clio Entertaiment,Friendship Gorgeous,Friendship,Gold,United States,GrandSon,Audio Visual Craft,Music,,https://resized-media.entries.clios.com/companies/4926/media/a2a77446-28bb-42cc-412e-08dda8286ac6-thumbnail.0000000.jpg,https://clios.com/winners-gallery/details/194712,/awards/clio_entertainment/2025/campaigns/friendship-gorgeous-friendship-grandson-2025/
2025,Clio Entertaiment,En Route,Warfare,Gold,United States,AV Squad,Audio Visual Craft,Sound Design,,https://resized-media.entries.clios.com/companies/4977/media/ede69924-f269-4dd7-aacc-08ddca1e8d72-thumbnail.0000000.jpg,https://clios.com/winners-gallery/details/201483,/awards/clio_entertainment/2025/campaigns/en-route-warfare-av-squad-2025/
2025,Clio Entertaiment,Seen,Sinners,Gold,United States,AV Squad,Audio Visual Craft,Sound Design,,https://resized-media.entries.clios.com/companies/4977/media/0d72db9e-df61-4370-9b07-08ddcf598d69-thumbnail.0000000.jpg,https://clios.com/winners-gallery/details/200942,/awards/clio_entertainment/2025/campaigns/seen-sinners-av-squad-2025/
2025,Clio Entertaiment,Touch,F1 The Movie,Gold,United States,AV Squad,Audio Visual Craft,Sound Design,,https://resized-media.entries.clios.com/companies/4977/media/c9cc3b62-c85d-4a8d-acda-08ddca1e8d72-thumbnail.0000000.jpg,https://clios.com/winners-gallery/details/202023,/awards/clio_entertainment/2025/campaigns/touch-f1-the-movie-av-squad-2025/
2025,Clio Entertaiment,Transcend,HIM,Gold,United States,AV Squad,Audio Visual Craft,Sound Design,,https://resized-media.entries.clios.com/companies/4977/media/0194b0d1-700c-4855-a37d-08ddca1e8d72-thumbnail.0000000.jpg,https://clios.com/winners-gallery/details/200132,/awards/clio_entertainment/2025/campaigns/transcend-him-av-squad-2025-2/
2025,Clio Entertaiment,Fantavision,The Fantastic Four First Steps,Gold,United States,AV Squad,Audio Visual Craft,Voice Over,,https://resized-media.entries.clios.com/companies/4977/media/41a9abd6-3db7-48b2-9b5c-08ddcf598d69-thumbnail.0000000.jpg,https://clios.com/winners-gallery/details/202157,/awards/clio_entertainment/2025/campaigns/fantavision-the-fantastic-four-first-steps-av-squad-2025/
2025,Clio Entertaiment,ESPN x Walt Disney Studios – “Marvel Studios’ Thunderbolts*”,ESPN and Walt Disney Studios,Gold,United States,Disney CreativeWorks,Audio Visual Spot,Audio Visual Spot,,https://resized-media.entries.clios.com/companies/1911/media/11b18130-8207-4e23-9d4a-08ddca1e8d72-thumbnail.0000000.jpg,https://clios.com/winners-gallery/details/202138,/awards/clio_entertainment/2025/campaigns/espn-x-walt-disney-studios-marvel-studios-thunderbolts-espn-and-walt-disney-studios-disney-creativeworks-2025/
2025,Clio Entertaiment,The Substance Teaser,MUBI,Gold,United States,MUBI,Audio Visual Teaser,Audio Visual Teaser,,https://resized-media.entries.clios.com/companies/142223/media/b5c72bd6-7760-42dd-4636-08dd42fc65d2-thumbnail.0000000.jpg,https://clios.com/winners-gallery/details/197106,/awards/clio_entertainment/2025/campaigns/the-substance-teaser-mubi-mubi-2025/
2025,Clio Entertaiment,An Enraged Scream by MUBI for The Substance,MUBI,Gold,United States,MUBI and Mark Woollen & Associates,Audio Visual Trailer,Audio Visual Trailer,,https://resized-media.entries.clios.com/companies/143103/media/7736061b-e4d0-41d9-4472-08dda8286ac6-thumbnail.0000000.jpg,https://clios.com/winners-gallery/details/195930,/awards/clio_entertainment/2025/campaigns/an-enraged-scream-by-mubi-for-the-substance-mubi-mubi-and-mark-woollen-and-associates-2025/
2025,Clio Entertaiment,Civilized,Bugonia,Gold,United States,Giaronomo,Audio Visual Trailer,Audio Visual Trailer,,https://resized-media.entries.clios.com/companies/143086/media/8c1c4326-e132-4387-614f-08ddda7db5d2-thumbnail.0000000.jpg,https://clios.com/winners-gallery/details/203697,/awards/clio_entertainment/2025/campaigns/civilized-bugonia-giaronomo-2025/
2025,Clio Entertaiment,WICKED Brand Partnerships,Universal Pictures,Gold,United States,Universal Pictures,Branded Entertainment & Content,‌Other,,https://resized-media.entries.clios.com/companies/143205/media/54a971c1-b3ff-4eb1-fa29-08ddda84979b-medium.jpeg.webp,https://clios.com/winners-gallery/details/198775,/awards/clio_entertainment/2025/campaigns/wicked-brand-partnerships-universal-pictures-universal-pictures-2025-3/
2025,Clio Entertaiment,Gladiator II x Drunk History,Paramount Pictures,Gold,United States,Paramount Pictures,Branded Entertainment & Content,Brand Promo,,https://resized-media.entries.clios.com/companies/4753/media/9a6c69b0-38ef-4923-aaec-08ddca1e8d72-medium.jpg.webp,https://clios.com/winners-gallery/details/201347,/awards/clio_entertainment/2025/campaigns/gladiator-ii-x-drunk-history-paramount-pictures-paramount-pictures-2025/
2025,Clio Entertaiment,Oreo Empire,Oreo,Gold,United States,Dentsu Creative Chicago,Branded Entertainment & Content,Influencer & Talent Storytelling,,https://resized-media.entries.clios.com/companies/4470/media/eb64cc87-0106-47f0-85f9-08dda8280727-medium.png.webp,https://clios.com/winners-gallery/details/196074,/awards/clio_entertainment/2025/campaigns/oreo-empire-oreo-dentsu-creative-chicago-2025-4/
2025,Clio Entertaiment,Thunderbolts* Asterisk Reveal Campaign,Marvel Studios,Gold,United States,The Walt Disney Studios,Digital Mobile & Social Media,Social Media,Mixed Campaign,https://resized-media.entries.clios.com/companies/143874/media/19f51425-bc67-49b3-fc53-08ddda84979b-medium.png.webp,https://clios.com/winners-gallery/details/202427,/awards/clio_entertainment/2025/campaigns/thunderbolts-asterisk-reveal-campaign-marvel-studios-the-walt-disney-studios-2025/
2025,Clio Entertaiment,Match Cut,Searchlight Brand Social Media,Gold,United States,Tiny Hero,Digital Mobile & Social Media,Social Media,Short-Form Social Media Video,https://resized-media.entries.clios.com/companies/4875/media/839a5ee4-8c8e-4338-9a1a-08ddcf598d69-medium.jpg.webp,https://clios.com/winners-gallery/details/200689,/awards/clio_entertainment/2025/campaigns/match-cut-searchlight-brand-social-media-tiny-hero-2025/
2025,Clio Entertaiment,Immersive,Nosferatu,Gold,United States,ZEALOT,Digital Mobile & Social Media Craft,Sound Design,,https://resized-media.entries.clios.com/companies/2177/media/be8f6f34-a897-46a2-a09e-08ddcf598d69-medium.jpg.webp,https://clios.com/winners-gallery/details/200818,/awards/clio_entertainment/2025/campaigns/immersive-nosferatu-zealot-2025/
2025,Clio Entertaiment,Smile 2 Watch,Smile 2 Paramount Pictures,Gold,United States,Loop,Experiential & Activations,Special Event & Stunt,,https://resized-media.entries.clios.com/companies/5487/media/ed14659e-2bde-4cde-fd9b-08ddda84979b-medium.jpg.webp,https://clios.com/winners-gallery/details/201378,/awards/clio_entertainment/2025/campaigns/smile-2-watch-smile-2-paramount-pictures-loop-2025-2/
2025,Clio Entertaiment,Caption with Intention,Rakish Entertainment,Gold,United States,FCB Chicago,Fan Engagement,Design,,https://resized-media.entries.clios.com/companies/3038/media/66f4fc01-a91d-4954-82ca-08dda8280727-medium.jpg.webp,https://clios.com/winners-gallery/details/195144,/awards/clio_entertainment/2025/campaigns/caption-with-intention-rakish-entertainment-fcb-chicago-2025-6/
2025,Clio Entertaiment,Smile 2 Watch,Smile 2 Paramount Pictures,Gold,United States,Loop,Fan Engagement,Digital & Mobile,,https://resized-media.entries.clios.com/companies/5487/media/ed14659e-2bde-4cde-fd9b-08ddda84979b-medium.jpg.webp,https://clios.com/winners-gallery/details/201421,/awards/clio_entertainment/2025/campaigns/smile-2-watch-smile-2-paramount-pictures-loop-2025-3/
2025,Clio Entertaiment,Smile 2 Watch,Smile 2 Watch Paramount Pictures,Gold,United States,Loop,Innovation,Innovation,,https://resized-media.entries.clios.com/companies/5487/media/ed14659e-2bde-4cde-fd9b-08ddda84979b-medium.jpg.webp,https://clios.com/winners-gallery/details/201416,/awards/clio_entertainment/2025/campaigns/smile-2-watch-smile-2-watch-paramount-pictures-loop-2025/
2025,Clio Entertaiment,Defying Gravity,Wicked,Gold,United States,Universal Pictures,Integrated Campaign,Integrated Campaign,,https://resized-media.entries.clios.com/companies/5316/media/65bb0ae7-7d77-42a2-aae9-08ddca1e8d72-medium.jpg.webp,https://clios.com/winners-gallery/details/201157,/awards/clio_entertainment/2025/campaigns/defying-gravity-wicked-universal-pictures-2025/
2025,Clio Entertaiment,The Crow - Murder of Crows Poster,Lionsgate,Gold,United States,AV Print,Key Art,‌Other,,https://resized-media.entries.clios.com/companies/143418/media/80158b35-805b-4924-9fe9-08ddcf598d69-medium.jpg.webp,https://clios.com/winners-gallery/details/201476,/awards/clio_entertainment/2025/campaigns/the-crow-murder-of-crows-poster-lionsgate-av-print-2025/
2025,Clio Entertaiment,Crossword,Crossword,Gold,United States,YENCE Studio - Jens Wagner,Key Art,Domestic Poster,,https://resized-media.entries.clios.com/companies/143360/media/5241dc65-a7db-4916-85f8-08dda8280727-medium.jpg.webp,https://clios.com/winners-gallery/details/195880,/awards/clio_entertainment/2025/campaigns/crossword-crossword-yence-studio-jens-wagner-2025/
2025,Clio Entertaiment,Nosferatu,Focus Features,Gold,United States,P-A,Key Art,Domestic Poster,,https://resized-media.entries.clios.com/companies/5182/media/4651d035-b308-4c3f-4115-08ddbc3a4ea4-medium.jpg.webp,https://clios.com/winners-gallery/details/196684,/awards/clio_entertainment/2025/campaigns/nosferatu-focus-features-p-a-2025/
2025,Clio Entertaiment,Skincare Payoff,Skincare,Gold,United States,GrandSon,Key Art,Domestic Poster,,https://resized-media.entries.clios.com/companies/4926/media/b9d24d4e-6bdd-4da8-4162-08dda8286ac6-medium.jpg.webp,https://clios.com/winners-gallery/details/194825,/awards/clio_entertainment/2025/campaigns/skincare-payoff-skincare-grandson-2025/
2025,Clio Entertaiment,The Zone of Interest,Aleksander Walijewski ART,Gold,South Korea,Aleksander Walijewski ART,Key Art,International Poster,,https://resized-media.entries.clios.com/companies/4524/media/d3ab7f8e-7bd3-46c5-06d2-08dd8372b990-medium.jpg.webp,https://clios.com/winners-gallery/details/194025,/awards/clio_entertainment/2025/campaigns/the-zone-of-interest-aleksander-walijewski-art-aleksander-walijewski-art-2025/
2025,Clio Entertaiment,The Naked Gun | Copywriting,Paramount Pictures,Gold,United States,Concept Arts,Key Art Craft,Copywriting,,https://resized-media.entries.clios.com/companies/4702/media/9ff352d5-ca0c-45b0-a24b-08ddcf598d69-medium.jpg.webp,https://clios.com/winners-gallery/details/202082,/awards/clio_entertainment/2025/campaigns/the-naked-gun-copywriting-paramount-pictures-concept-arts-2025/
2025,Clio Entertaiment,ParaNorman in Remastered 3D Re-release Teaser Art,LAIKA Studios,Gold,United States,LAIKA Studios,Key Art Craft,Graphic Design,,https://resized-media.entries.clios.com/companies/5671/media/a51de8fe-0597-46cc-4426-08ddbc3a4ea4-medium.jpg.webp,https://clios.com/winners-gallery/details/197744,/awards/clio_entertainment/2025/campaigns/paranorman-in-remastered-3d-re-release-teaser-art-laika-studios-laika-studios-2025/
2025,Clio Entertaiment,The Fantastic Four First Steps – Theatrical Campaign,Marvel Studios - The Walt Disney Company,Gold,United States,The Walt Disney Company,Key Art Craft,Graphic Design,,https://resized-media.entries.clios.com/companies/5026/media/db3fce7c-7414-45a9-ab90-08ddca1e8d72-medium.jpg.webp,https://clios.com/winners-gallery/details/200092,/awards/clio_entertainment/2025/campaigns/the-fantastic-four-first-steps-theatrical-campaign-marvel-studios-the-walt-disney-company-the-walt-disney-company-2025/
2025,Clio Entertaiment,From Zero to Minus,Godzilla - TOHO,Gold,United States,Anthony Petrie Print and Product Design Inc,Key Art Craft,Use of Illustration,,https://resized-media.entries.clios.com/companies/4012/media/fa70e725-19b4-49ff-f2b2-08dd83a4daac-medium.jpg.webp,https://clios.com/winners-gallery/details/192259,/awards/clio_entertainment/2025/campaigns/from-zero-to-minus-godzilla-toho-anthony-petrie-print-and-product-design-inc-2025/
2025,Clio Entertaiment,Morticians Watch THE MONKEY,NEON,Gold,United States,NEON,Original Content,Creative Content,,https://resized-media.entries.clios.com/companies/143796/media/ede5e124-8d7b-4eb9-a855-08ddca1e8d72-medium.jpg.webp,https://clios.com/winners-gallery/details/201192,/awards/clio_entertainment/2025/campaigns/morticians-watch-the-monkey-neon-neon-2025/
2025,Clio Entertaiment,Mufasa Backstage Music,Mufasa The Lion King,Gold,United States,No Roads Productions,Original Content,Creative Content,,https://resized-media.entries.clios.com/companies/143791/media/92c7c629-01b3-459c-a45c-08ddca1e8d72-medium.jpg.webp,https://clios.com/winners-gallery/details/200420,/awards/clio_entertainment/2025/campaigns/mufasa-backstage-music-mufasa-the-lion-king-no-roads-productions-2025/
2025,Clio Entertaiment,THE MONKEY - OOH Campaign,NEON,Gold,United States,NEON,Out of Home,Billboard,,https://resized-media.entries.clios.com/companies/143796/media/821207f2-9766-4f1c-9d52-08ddcf598d69-medium.jpg.webp,https://clios.com/winners-gallery/details/201324,/awards/clio_entertainment/2025/campaigns/the-monkey-ooh-campaign-neon-neon-2025/
2025,Clio Entertaiment,How to Train Your Dragon - Toothless 3D Bus Shelter Takeover,How to Train Your Dragon,Gold,United States,Drissi Advertising Inc,Out of Home,Bus Shelter,,https://resized-media.entries.clios.com/companies/5371/media/9a03f038-6ac3-43b5-a20b-08ddca1e8d72-medium.jpg.webp,https://clios.com/winners-gallery/details/199719,/awards/clio_entertainment/2025/campaigns/how-to-train-your-dragon-toothless-3d-bus-shelter-takeover-how-to-train-your-dragon-drissi-advertising-inc-2025/
2025,Clio Entertaiment,Together Eye,Together,Gold,United States,GrandSon,Out of Home,Digital Outdoor,,https://resized-media.entries.clios.com/companies/4926/media/d79def96-f5c4-482f-a881-08ddca1e8d72-medium.png.webp,https://clios.com/winners-gallery/details/201312,/awards/clio_entertainment/2025/campaigns/together-eye-together-grandson-2025/
2025,Clio Entertaiment,The Naked Gun | Out of Home Campaign,Paramount,Gold,United States,Concept Arts,Out of Home,Mixed Campaign,,https://resized-media.entries.clios.com/companies/4702/media/764303c8-08d1-408a-ae11-08ddca1e8d72-medium.jpg.webp,https://clios.com/winners-gallery/details/202164,/awards/clio_entertainment/2025/campaigns/the-naked-gun-out-of-home-campaign-paramount-concept-arts-2025/
2025,Clio Entertaiment,THE MONKEY - Cheerleader Bus Stunt,NEON,Gold,United States,NEON,Out of Home,Transit,,https://resized-media.entries.clios.com/companies/143796/media/975c8f87-44d0-4375-9f8e-08ddcf598d69-medium.jpg.webp,https://clios.com/winners-gallery/details/201658,/awards/clio_entertainment/2025/campaigns/the-monkey-cheerleader-bus-stunt-neon-neon-2025/
2025,Clio Entertaiment,Caption with Intention,Rakish Entertainment,Gold,United States,FCB Chicago,Partnerships & Collaborations,Partnerships & Collaborations,,https://resized-media.entries.clios.com/companies/3038/media/4c92161f-0273-4c87-83f3-08dda8280727-medium.jpg.webp,https://clios.com/winners-gallery/details/195164,/awards/clio_entertainment/2025/campaigns/caption-with-intention-rakish-entertainment-fcb-chicago-2025-7/
2025,Clio Entertaiment,Gladiator II & Pepsi,Gladiator II,Gold,United States,Paramount Global,Partnerships & Collaborations,Partnerships & Collaborations,,https://resized-media.entries.clios.com/companies/5463/media/9673dfd2-eeb7-4092-9b60-08ddcf598d69-thumbnail.0000000.jpg,https://clios.com/winners-gallery/details/200577,/awards/clio_entertainment/2025/campaigns/gladiator-ii-and-pepsi-gladiator-ii-paramount-global-2025/
2025,Clio Entertaiment,Marvel Studios - Tide - Collateral Stains,The Walt Disney Company,Gold,United States,The Walt Disney Company,Partnerships & Collaborations,Partnerships & Collaborations,,https://resized-media.entries.clios.com/companies/5365/media/b3e1ee74-aa3b-4b06-a97b-08ddca1e8d72-medium.png.webp,https://clios.com/winners-gallery/details/201475,/awards/clio_entertainment/2025/campaigns/marvel-studios-tide-collateral-stains-the-walt-disney-company-the-walt-disney-company-2025-2/
2025,Clio Entertaiment,Deadpool & Wolverine Drone Show,Deadpool & Wolverine,Gold,United States,Sky Elements,Public Relations,Press Tour Red Carpet & Stunt,,https://resized-media.entries.clios.com/companies/143266/media/9894fca4-90ae-47ff-3f17-08dda8286ac6-thumbnail.0000000.jpg,https://clios.com/winners-gallery/details/194167,/awards/clio_entertainment/2025/campaigns/deadpool-and-wolverine-drone-show-deadpool-and-wolverine-sky-elements-2025/
2025,Clio Entertaiment,WEAPONS “Creepiest Red Carpet Ever”,WEAPONS,Gold,United States,Little Cinema,Public Relations,Press Tour Red Carpet & Stunt,,https://resized-media.entries.clios.com/companies/4526/media/abc7aaa6-08dc-437e-5f81-08ddda7db5d2-medium.png.webp,https://clios.com/winners-gallery/details/200770,/awards/clio_entertainment/2025/campaigns/weapons-creepiest-red-carpet-ever-weapons-little-cinema-2025/
2025,Clio Entertaiment,Nosferatu,Focus Features,Gold,United States,Midnight Oil,Retail & Premium,Display,Standee,https://resized-media.entries.clios.com/companies/4734/media/529b46b0-7762-4c53-a2eb-08ddbc6e7e05-medium.png.webp,https://clios.com/winners-gallery/details/197979,/awards/clio_entertainment/2025/campaigns/nosferatu-focus-features-midnight-oil-2025/
2025,Clio Entertaiment,EXTRA-LIFE INSURANCE,Allianz,Silver,Colombia,BENDITA CARPETA,Games Student,Games Student,,https://resized-media.entries.clios.com/companies/143061/media/4db7bd4b-9081-4824-a2a8-08ddcf598d69-medium.jpg.webp,https://clios.com/winners-gallery/details/202185,/awards/clio_entertainment/2025/campaigns/extra-life-insurance-allianz-bendita-carpeta-2025/
2025,Clio Entertaiment,TALEXA - AI Powered Bedtime Storyteller,Amazon x Pixar,Silver,Spain,Miami Ad School Madrid,Home Entertainment Student,Home Entertainment Student,,https://resized-media.entries.clios.com/companies/6304/media/623cab18-cf27-4116-379c-08dd7f571b9e-medium.jpg.webp,https://clios.com/winners-gallery/details/192094,/awards/clio_entertainment/2025/campaigns/talexa-ai-powered-bedtime-storyteller-amazon-x-pixar-miami-ad-school-madrid-2025/
2025,Clio Entertaiment,Squid Games Survivor’s Access,Netflix,Silver,Paraguay,Bendita Carpeta,Television & Streaming Student,Television & Streaming Student,,https://resized-media.entries.clios.com/companies/143806/media/ba1070d8-52cf-4cf4-ae8d-08ddca1e8d72-medium.png.webp,https://clios.com/winners-gallery/details/202366,/awards/clio_entertainment/2025/campaigns/squid-games-survivors-access-netflix-bendita-carpeta-2025/
2025,Clio Entertaiment,Stranger Signal,Netflix,Silver,Peru,Bendita Carpeta,Television & Streaming Student,Television & Streaming Student,,https://resized-media.entries.clios.com/companies/143836/media/b96a867a-ead7-49a0-aa0f-08ddca1e8d72-medium.jpg.webp,https://clios.com/winners-gallery/details/201548,/awards/clio_entertainment/2025/campaigns/stranger-signal-netflix-bendita-carpeta-2025/
2025,Clio Entertaiment,It Claws Into You,Wolf Man (2025),Silver,United States,Film2Future,Theatrical Student,Theatrical Student,,https://resized-media.entries.clios.com/companies/143862/media/a97a2cd4-fc17-4eb5-aef9-08ddca1e8d72-medium.png.webp,https://clios.com/winners-gallery/details/202040,/awards/clio_entertainment/2025/campaigns/it-claws-into-you-wolf-man-2025-film2future-2025/
2025,Clio Entertaiment,To Survive Become More than Your Programming,The Wild Robot,Silver,United States,Film2Future,Theatrical Student,Theatrical Student,,https://resized-media.entries.clios.com/companies/4690/media/3e103845-3c7c-48bb-9970-08ddcf598d69-medium.jpg.webp,https://clios.com/winners-gallery/details/200550,/awards/clio_entertainment/2025/campaigns/to-survive-become-more-than-your-programming-the-wild-robot-film2future-2025/
2025,Clio Entertaiment,PlayStation 30th Anniversary Thank You,Sony Interactive Entertainment,Silver,Japan,Sony Interactive Entertainment,Audio Visual,Spot,Game Footage Spot,https://resized-media.entries.clios.com/companies/143385/media/1e9997a0-a30a-4d2e-4102-08ddbc3a4ea4-thumbnail.0000000.jpg,https://clios.com/winners-gallery/details/196031,/awards/clio_entertainment/2025/campaigns/playstation-30th-anniversary-thank-you-sony-interactive-entertainment-sony-interactive-entertainment-2025/
2025,Clio Entertaiment,Mafia The Old Country Teaser Trailer,2K GAMES,Silver,United States,2K GAMES,Audio Visual,Teaser,CGI Teaser,https://resized-media.entries.clios.com/companies/143785/media/882f75ae-9a70-489f-998a-08ddcf598d69-thumbnail.0000000.jpg,https://clios.com/winners-gallery/details/200648,/awards/clio_entertainment/2025/campaigns/mafia-the-old-country-teaser-trailer-2k-games-2k-games-2025/
2025,Clio Entertaiment,Unforgettable Verdansk Teaser | Call of Duty Warzone,Call of Duty Warzone,Silver,United States,gnet,Audio Visual,Teaser,CGI Teaser,https://resized-media.entries.clios.com/companies/4769/media/76fec31f-b9cd-48fa-4359-08dda8286ac6-thumbnail.0000000.jpg,https://clios.com/winners-gallery/details/195285,/awards/clio_entertainment/2025/campaigns/unforgettable-verdansk-teaser-call-of-duty-warzone-call-of-duty-warzone-gnet-2025/
2025,Clio Entertaiment,New World Aeternum CG Launch Trailer,New World Aeternum,Silver,United States,Amazon Game Studios,Audio Visual,Trailer,CGI Trailer,https://resized-media.entries.clios.com/companies/143633/media/2dbf914a-cbcd-43c6-4835-08ddbc3a4ea4-thumbnail.0000000.jpg,https://clios.com/winners-gallery/details/198796,/awards/clio_entertainment/2025/campaigns/new-world-aeternum-cg-launch-trailer-new-world-aeternum-amazon-game-studios-2025/
2025,Clio Entertaiment,RAID Alice’s Adventure (Queenslayer),Plarium,Silver,United States,Plarium,Audio Visual,Trailer,CGI Trailer,https://resized-media.entries.clios.com/companies/143114/media/472583db-3291-4e39-81e7-08dda8280727-thumbnail.0000000.jpg,https://clios.com/winners-gallery/details/194607,/awards/clio_entertainment/2025/campaigns/raid-alices-adventure-queenslayer-plarium-plarium-2025/
2025,Clio Entertaiment,Singing Statues,Anno 117 Pax Romana,Silver,United States,Ubisoft Mainz,Audio Visual,Trailer,CGI Trailer,https://resized-media.entries.clios.com/companies/2490/media/7df140d5-395b-4e0b-9ec4-08ddcf598d69-thumbnail.0000000.jpg,https://clios.com/winners-gallery/details/201741,/awards/clio_entertainment/2025/campaigns/singing-statues-anno-117-pax-romana-ubisoft-mainz-2025/
2025,Clio Entertaiment,Gameplay Trailer - Meta AF,The Outer Worlds 2,Silver,United States,Buddha Jones,Audio Visual,Trailer,Game Footage Trailer,https://resized-media.entries.clios.com/companies/143287/media/56721fcf-e403-4b4c-43c5-08dda8286ac6-thumbnail.0000000.jpg,https://clios.com/winners-gallery/details/195511,/awards/clio_entertainment/2025/campaigns/gameplay-trailer-meta-af-the-outer-worlds-2-buddha-jones-2025-3/
2025,Clio Entertaiment,Twinkies,Dispatch,Silver,United States,AdHoc Studio,Audio Visual,Trailer,Game Footage Trailer,https://resized-media.entries.clios.com/companies/143019/media/b2d5653d-5422-49b6-3feb-08dda8286ac6-thumbnail.0000000.jpg,https://clios.com/winners-gallery/details/194339,/awards/clio_entertainment/2025/campaigns/twinkies-dispatch-adhoc-studio-2025/
2025,Clio Entertaiment,Verdansk Launch Trailer | Call of Duty Warzone,Call of Duty Warzone,Silver,United States,gnet,Audio Visual,Trailer,Game Footage Trailer,https://resized-media.entries.clios.com/companies/4769/media/ccad9ec3-51da-471e-828d-08dda8280727-thumbnail.0000000.jpg,https://clios.com/winners-gallery/details/194759,/awards/clio_entertainment/2025/campaigns/verdansk-launch-trailer-call-of-duty-warzone-call-of-duty-warzone-gnet-2025-5/
2025,Clio Entertaiment,NBA 2K25 - Live Action Trailer,2K GAMES,Silver,United States,2K GAMES,Audio Visual,Trailer,Live-Action Trailer,https://resized-media.entries.clios.com/companies/143785/media/72677a9d-f49b-4c00-a8f2-08ddca1e8d72-thumbnail.0000000.jpg,https://clios.com/winners-gallery/details/201398,/awards/clio_entertainment/2025/campaigns/nba-2k25-live-action-trailer-2k-games-2k-games-2025/
2025,Clio Entertaiment,WWE 2K25 - Live Action Launch Trailer,2K GAMES,Silver,United States,2K GAMES,Audio Visual,Trailer,Live-Action Trailer,https://resized-media.entries.clios.com/companies/143785/media/9d35889e-9924-4bb9-a53f-08ddca1e8d72-thumbnail.0000000.jpg,https://clios.com/winners-gallery/details/201298,/awards/clio_entertainment/2025/campaigns/wwe-2k25-live-action-launch-trailer-2k-games-2k-games-2025/
2025,Clio Entertaiment,Borderlands 4,2K GAMES,Silver,United States,2K GAMES,Audio Visual Campaign,Audio Visual Campaign,,https://resized-media.entries.clios.com/companies/143785/media/e869f24a-47f3-405f-a6f6-08ddca1e8d72-thumbnail.0000000.jpg,https://clios.com/winners-gallery/details/201268,/awards/clio_entertainment/2025/campaigns/borderlands-4-2k-games-2k-games-2025/
2025,Clio Entertaiment,Lets Freaking Go!,Civilization Eras & Allies (2K),Silver,United States,Leão,Audio Visual Campaign,Audio Visual Campaign,,https://resized-media.entries.clios.com/companies/143912/media/4cd8f823-f774-4188-fb9d-08ddda84979b-medium.jpg.webp,https://clios.com/winners-gallery/details/202912,/awards/clio_entertainment/2025/campaigns/lets-freaking-go-civilization-eras-and-allies-2k-leao-2025/
2025,Clio Entertaiment,Sid Meiers Civilization VII,2K GAMES,Silver,United States,2K GAMES,Audio Visual Campaign,Audio Visual Campaign,,https://resized-media.entries.clios.com/companies/143785/media/16171216-7dfb-4328-a40a-08ddca1e8d72-medium.png.webp,https://clios.com/winners-gallery/details/200474,/awards/clio_entertainment/2025/campaigns/sid-meiers-civilization-vii-2k-games-2k-games-2025/
2025,Clio Entertaiment,PlayStation 30th Anniversary Thank You,Sony Interactive Entertainment,Silver,Japan,Sony Interactive Entertainment,Branded Entertainment & Content,Film,,https://resized-media.entries.clios.com/companies/143385/media/f63e559f-6c1f-45f7-4837-08ddbc3a4ea4-medium.png.webp,https://clios.com/winners-gallery/details/198812,/awards/clio_entertainment/2025/campaigns/playstation-30th-anniversary-thank-you-sony-interactive-entertainment-sony-interactive-entertainment-2025-2/
2025,Clio Entertaiment,Project MEMORY CARD,PlayStation,Silver,Japan,SIX INC,Branded Entertainment & Content,Film,,https://resized-media.entries.clios.com/companies/250/media/120b1192-63ea-480e-9618-08ddcf598d69-medium.jpg.webp,https://clios.com/winners-gallery/details/199546,/awards/clio_entertainment/2025/campaigns/project-memory-card-playstation-six-inc-2025-5/
2025,Clio Entertaiment,Kevin Harts School of Acting Like Kevin Hart,Dream Games,Silver,United States,Dream Games,Branded Entertainment & Content,Influencer & Talent Storytelling,,https://resized-media.entries.clios.com/companies/143250/media/75885b81-75d2-4bb8-6092-08ddda7db5d2-medium.jpg.webp,https://clios.com/winners-gallery/details/196288,/awards/clio_entertainment/2025/campaigns/kevin-harts-school-of-acting-like-kevin-hart-dream-games-dream-games-2025/
2025,Clio Entertaiment,The Books of LeBron,Dream Games,Silver,United States,Dream Games,Branded Entertainment & Content,Influencer & Talent Storytelling,,https://resized-media.entries.clios.com/companies/143250/media/eb40a7c0-bcdd-4b69-9e32-08ddcf598d69-thumbnail.0000000.jpg,https://clios.com/winners-gallery/details/193897,/awards/clio_entertainment/2025/campaigns/the-books-of-lebron-dream-games-dream-games-2025/
2025,Clio Entertaiment,Cat God Helpline,PONOS The Battle Cats - Cat God Helpline,Silver,Japan,R-GA Japan,Branded Entertainment & Content,Mixed Campaign,,https://resized-media.entries.clios.com/companies/324/media/ed1ad72d-5e50-49b9-39ca-08dd42fc65d2-medium.jpg.webp,https://clios.com/winners-gallery/details/202835,/awards/clio_entertainment/2025/campaigns/cat-god-helpline-ponos-the-battle-cats-cat-god-helpline-r-ga-japan-2025/
2025,Clio Entertaiment,Gameplay Trailer - Meta AF,The Outer Worlds 2,Silver,United States,Buddha Jones,Craft & Design,Audio Visual Craft,Copywriting,https://resized-media.entries.clios.com/companies/143287/media/ce4090fa-2ef0-41aa-43c1-08dda8286ac6-medium.png.webp,https://clios.com/winners-gallery/details/195517,/awards/clio_entertainment/2025/campaigns/gameplay-trailer-meta-af-the-outer-worlds-2-buddha-jones-2025-4/
2025,Clio Entertaiment,Based On A True Story,Apex Legends,Silver,United States,Respawn Entertainment,Craft & Design,Audio Visual Craft,Direction,https://resized-media.entries.clios.com/companies/143411/media/9ea8a05f-3500-4bdb-863c-08dda8280727-medium.jpg.webp,https://clios.com/winners-gallery/details/196189,/awards/clio_entertainment/2025/campaigns/based-on-a-true-story-apex-legends-respawn-entertainment-2025/
2025,Clio Entertaiment,Dimensional Double Shift - Launch Trailer,Dimensional Double Shift,Silver,United Kingdom,Big Farmer,Craft & Design,Audio Visual Craft,Direction,https://resized-media.entries.clios.com/companies/5473/media/f677f064-a36f-4cae-4209-08dda8286ac6-thumbnail.0000000.jpg,https://clios.com/winners-gallery/details/194511,/awards/clio_entertainment/2025/campaigns/dimensional-double-shift-launch-trailer-dimensional-double-shift-big-farmer-2025/
2025,Clio Entertaiment,Call of Duty Black Ops 6 - Multiplayer Reveal Trailer,Call of Duty Black Ops 6,Silver,United States,gnet,Craft & Design,Audio Visual Craft,Editing,https://resized-media.entries.clios.com/companies/4769/media/1670d754-4902-41c5-845c-08dda8280727-medium.png.webp,https://clios.com/winners-gallery/details/195011,/awards/clio_entertainment/2025/campaigns/call-of-duty-black-ops-6-multiplayer-reveal-trailer-call-of-duty-black-ops-6-gnet-2025/
2025,Clio Entertaiment,Mafia The Old Country - “Loyalty is Everything” Story Trailer,2K GAMES,Silver,United States,2K GAMES,Craft & Design,Audio Visual Craft,Editing,https://resized-media.entries.clios.com/companies/143785/media/9e2de914-f535-4d23-9aef-08ddcf598d69-medium.png.webp,https://clios.com/winners-gallery/details/200936,/awards/clio_entertainment/2025/campaigns/mafia-the-old-country-loyalty-is-everything-story-trailer-2k-games-2k-games-2025/
2025,Clio Entertaiment,Mafia The Old Country - “Whatever it Takes” Gameplay Trailer,2K GAMES,Silver,United States,2K GAMES,Craft & Design,Audio Visual Craft,Editing,https://resized-media.entries.clios.com/companies/143785/media/bd3a9fdd-4bfa-445b-995a-08ddcf598d69-medium.png.webp,https://clios.com/winners-gallery/details/200904,/awards/clio_entertainment/2025/campaigns/mafia-the-old-country-whatever-it-takes-gameplay-trailer-2k-games-2k-games-2025/
2025,Clio Entertaiment,Verdansk Launch Trailer | Call of Duty Warzone,Call of Duty Warzone,Silver,United States,gnet,Craft & Design,Audio Visual Craft,Editing,https://resized-media.entries.clios.com/companies/4769/media/730a43ee-0910-45fe-8451-08dda8280727-medium.png.webp,https://clios.com/winners-gallery/details/194805,/awards/clio_entertainment/2025/campaigns/verdansk-launch-trailer-call-of-duty-warzone-call-of-duty-warzone-gnet-2025-6/
2025,Clio Entertaiment,Launch Trailer,Assassins Creed Shadows,Silver,United States,Aspect,Craft & Design,Audio Visual Craft,Game Capture Cinematography,https://resized-media.entries.clios.com/companies/4921/media/b394ff74-dc98-4fd3-06fd-08dd8372b990-medium.jpg.webp,https://clios.com/winners-gallery/details/193927,/awards/clio_entertainment/2025/campaigns/launch-trailer-assassins-creed-shadows-aspect-2025/
2025,Clio Entertaiment,Call of Duty Black Ops 6 - The Story So Far,Call of Duty Black Ops 6,Silver,United States,Aspect,Craft & Design,Audio Visual Craft,Motion Graphics,https://resized-media.entries.clios.com/companies/4921/media/5043d34e-d8da-48e0-8046-08dda8280727-medium.jpg.webp,https://clios.com/winners-gallery/details/193938,/awards/clio_entertainment/2025/campaigns/call-of-duty-black-ops-6-the-story-so-far-call-of-duty-black-ops-6-aspect-2025/
2025,Clio Entertaiment,Call of Duty Mobile I Wish Trailer,Call of Duty Mobile,Silver,United States,BOND,Craft & Design,Audio Visual Craft,Music,https://resized-media.entries.clios.com/companies/4830/media/c546e10d-ac87-47d3-400f-08dda8286ac6-medium.png.webp,https://clios.com/winners-gallery/details/194544,/awards/clio_entertainment/2025/campaigns/call-of-duty-mobile-i-wish-trailer-call-of-duty-mobile-bond-2025/
2025,Clio Entertaiment,Unforgettable Verdansk Teaser | Call of Duty Warzone,Call of Duty Warzone,Silver,United States,gnet,Craft & Design,Audio Visual Craft,Music,https://resized-media.entries.clios.com/companies/4769/media/dd362937-97ca-4bce-435b-08dda8286ac6-medium.png.webp,https://clios.com/winners-gallery/details/195363,/awards/clio_entertainment/2025/campaigns/unforgettable-verdansk-teaser-call-of-duty-warzone-call-of-duty-warzone-gnet-2025-2/
2025,Clio Entertaiment,Helmet Series,Civilization Eras and Allies,Silver,United States,BOND,Craft & Design,Key Art Craft,‌Other,https://resized-media.entries.clios.com/companies/4830/media/dc9bdd58-1e5f-4aeb-96b5-08ddcf598d69-medium.jpg.webp,https://clios.com/winners-gallery/details/201135,/awards/clio_entertainment/2025/campaigns/helmet-series-civilization-eras-and-allies-bond-2025/
2025,Clio Entertaiment,Key Art,Indiana Jones and the Great Circle,Silver,United States,AKQA,Craft & Design,Key Art Craft,Illustration,https://resized-media.entries.clios.com/companies/141718/media/7114b53e-048c-4fe8-9aeb-08ddcf598d69-thumbnail.0000000.jpg,https://clios.com/winners-gallery/details/200911,/awards/clio_entertainment/2025/campaigns/key-art-indiana-jones-and-the-great-circle-akqa-2025/
2025,Clio Entertaiment,PlayStation 30th Anniversary Thank You,Sony Interactive Entertainment,Silver,Japan,Sony Interactive Entertainment,Digital Mobile & Social Media,Social Media,Long-Form Social Media Video,https://resized-media.entries.clios.com/companies/143385/media/f63e559f-6c1f-45f7-4837-08ddbc3a4ea4-medium.png.webp,https://clios.com/winners-gallery/details/198815,/awards/clio_entertainment/2025/campaigns/playstation-30th-anniversary-thank-you-sony-interactive-entertainment-sony-interactive-entertainment-2025-3/
2025,Clio Entertaiment,Project MEMORY CARD,PlayStation,Silver,Japan,SIX INC,Digital Mobile & Social Media,Social Media,Long-Form Social Media Video,https://resized-media.entries.clios.com/companies/250/media/120b1192-63ea-480e-9618-08ddcf598d69-medium.jpg.webp,https://clios.com/winners-gallery/details/199549,/awards/clio_entertainment/2025/campaigns/project-memory-card-playstation-six-inc-2025-6/
2025,Clio Entertaiment,Call of Duty Black Ops 6 – The Replacer takes over GIPHY,Activision,Silver,United States,Mutiny A Trailer Park Company,Digital Mobile & Social Media,Social Media,Use of Influencer & Talent,https://resized-media.entries.clios.com/companies/4687/media/f4648266-9542-4099-482b-08ddbc3a4ea4-medium.jpg.webp,https://clios.com/winners-gallery/details/193241,/awards/clio_entertainment/2025/campaigns/call-of-duty-black-ops-6-the-replacer-takes-over-giphy-activision-mutiny-a-trailer-park-company-2025/
2025,Clio Entertaiment,Project MEMORY CARD,PlayStation,Silver,Japan,SIX INC,Digital Mobile & Social Media,Social Media,Use of Influencer & Talent,https://resized-media.entries.clios.com/companies/250/media/120b1192-63ea-480e-9618-08ddcf598d69-medium.jpg.webp,https://clios.com/winners-gallery/details/199550,/awards/clio_entertainment/2025/campaigns/project-memory-card-playstation-six-inc-2025-7/
2025,Clio Entertaiment,Starr Park Adventure at San Diego Comic-Con,Brawl Stars,Silver,United States,GDX Studios,Experiential & Fan Engagement,Experiential & Activation,Consumer,https://resized-media.entries.clios.com/companies/143553/media/1556d3af-2ff3-4656-ac82-08ddca1e8d72-medium.jpg.webp,https://clios.com/winners-gallery/details/201940,/awards/clio_entertainment/2025/campaigns/starr-park-adventure-at-san-diego-comic-con-brawl-stars-gdx-studios-2025/
2025,Clio Entertaiment,Oreo Square Cookie,Mondeléz International,Silver,Germany,Saatchi & Saatchi Germany,Experiential & Fan Engagement,Experiential & Activation,Consumer,https://resized-media.entries.clios.com/companies/364/media/f72b76d4-c464-4e54-ff93-08ddda84979b-medium.jpg.webp,https://clios.com/winners-gallery/details/203672,/awards/clio_entertainment/2025/campaigns/oreo-square-cookie-mondelez-international-saatchi-and-saatchi-germany-2025-6/
2025,Clio Entertaiment,Call of Duty Black Ops 6 – Dot Matrix Printer Twitch Takeover,Activision,Silver,United States,Mutiny A Trailer Park Company,Experiential & Fan Engagement,Fan Engagement,Audio Visual,https://resized-media.entries.clios.com/companies/4687/media/cf13db9e-6f83-4a7e-0490-08dd8372b990-medium.png.webp,https://clios.com/winners-gallery/details/193541,/awards/clio_entertainment/2025/campaigns/call-of-duty-black-ops-6-dot-matrix-printer-twitch-takeover-activision-mutiny-a-trailer-park-company-2025-3/
2025,Clio Entertaiment,Project MEMORY CARD,PlayStation,Silver,Japan,SIX INC,Experiential & Fan Engagement,Fan Engagement,Audio Visual,https://resized-media.entries.clios.com/companies/250/media/120b1192-63ea-480e-9618-08ddcf598d69-medium.jpg.webp,https://clios.com/winners-gallery/details/199552,/awards/clio_entertainment/2025/campaigns/project-memory-card-playstation-six-inc-2025-8/
2025,Clio Entertaiment,Starr Park Adventure at San Diego Comic-Con,Brawl Stars,Silver,United States,GDX Studios,Experiential & Fan Engagement,Fan Engagement,Experiential & Activations,https://resized-media.entries.clios.com/companies/143553/media/1556d3af-2ff3-4656-ac82-08ddca1e8d72-medium.jpg.webp,https://clios.com/winners-gallery/details/202214,/awards/clio_entertainment/2025/campaigns/starr-park-adventure-at-san-diego-comic-con-brawl-stars-gdx-studios-2025-2/
2025,Clio Entertaiment,Call of Duty Black Ops 6 – The Replacer takes over GIPHY,Activision,Silver,United States,Mutiny A Trailer Park Company,Experiential & Fan Engagement,Fan Engagement,Social Media,https://resized-media.entries.clios.com/companies/4687/media/f4648266-9542-4099-482b-08ddbc3a4ea4-medium.jpg.webp,https://clios.com/winners-gallery/details/193235,/awards/clio_entertainment/2025/campaigns/call-of-duty-black-ops-6-the-replacer-takes-over-giphy-activision-mutiny-a-trailer-park-company-2025-2/
2025,Clio Entertaiment,Recruitement Race,Renault,Silver,France,Publicis Conseil,Experiential & Fan Engagement,Fan Engagement,User-Generated Content,https://resized-media.entries.clios.com/companies/143667/media/4204657a-9f51-4dd9-94bb-08ddcf598d69-medium.jpg.webp,https://clios.com/winners-gallery/details/199081,/awards/clio_entertainment/2025/campaigns/recruitement-race-renault-publicis-conseil-2025/
2025,Clio Entertaiment,Valorant On Console Announcement,Valorant,Silver,United Kingdom,Playsense,Key Art & Out of Home,Out of Home,Takeover,https://resized-media.entries.clios.com/companies/143469/media/b9189edc-f262-4450-9f0c-08ddbc6e7e05-medium.png.webp,https://clios.com/winners-gallery/details/196894,/awards/clio_entertainment/2025/campaigns/valorant-on-console-announcement-valorant-playsense-2025/
2025,Clio Entertaiment,Sid Meiers Civilization VII Official Gameplay Showcase,2K GAMES,Silver,United States,2K GAMES,Original Content,Developer Diaries,,https://resized-media.entries.clios.com/companies/143785/media/d8202583-6250-4c8a-989e-08ddcf598d69-medium.png.webp,https://clios.com/winners-gallery/details/200514,/awards/clio_entertainment/2025/campaigns/sid-meiers-civilization-vii-official-gameplay-showcase-2k-games-2k-games-2025/
2025,Clio Entertaiment,Rabea Trigger Mug,Rabea Tea,Silver,Saudi Arabia,Webedia Arabia,Public Relations,Brand Image,,https://resized-media.entries.clios.com/companies/143996/media/b132e2de-8fc0-4f4e-fcaf-08ddda84979b-medium.jpg.webp,https://clios.com/winners-gallery/details/203105,/awards/clio_entertainment/2025/campaigns/rabea-trigger-mug-rabea-tea-webedia-arabia-2025/
2025,Clio Entertaiment,PIZZA WRMR,Pizza Hut Canada,Silver,Canada,Leo Toronto,Public Relations,Direct,,https://resized-media.entries.clios.com/companies/946/media/b00a4ae8-9c69-45ff-871d-08dda8280727-medium.jpg.webp,https://clios.com/winners-gallery/details/196396,/awards/clio_entertainment/2025/campaigns/pizza-wrmr-pizza-hut-canada-leo-toronto-2025/
2025,Clio Entertaiment,The Final Exam,Change The Ref,Silver,United States,Energy BBDO,Public Relations,Direct,,https://resized-media.entries.clios.com/companies/338/media/f1c3e448-1c8f-4694-6b62-08dd6aeb75fb-medium.jpg.webp,https://clios.com/winners-gallery/details/200392,/awards/clio_entertainment/2025/campaigns/the-final-exam-change-the-ref-energy-bbdo-2025-3/
2025,Clio Entertaiment,Toxic Backfire,Samsung,Silver,China,Cheil PengTai Beijing & Cheil Hong Kong,Public Relations,Social Good,,https://resized-media.entries.clios.com/companies/2969/media/8cd3756c-b37e-4103-37af-08dd7f571b9e-medium.jpg.webp,https://clios.com/winners-gallery/details/192237,/awards/clio_entertainment/2025/campaigns/toxic-backfire-samsung-cheil-pengtai-beijing-and-cheil-hong-kong-2025/
2025,Clio Entertaiment,The Wild Robot | Skies of Woo,Universal Pictures Home Entertainment,Silver,United States,Paradise Creative,Audio Visual,Spot,,https://resized-media.entries.clios.com/companies/4992/media/b6750d74-51fa-42d4-afa6-08ddca1e8d72-thumbnail.0000000.jpg,https://clios.com/winners-gallery/details/202553,/awards/clio_entertainment/2025/campaigns/the-wild-robot-skies-of-woo-universal-pictures-home-entertainment-paradise-creative-2025/
2025,Clio Entertaiment,Announce Family,Lilo & Stitch,Silver,United States,Aspect,Audio Visual,Spot,,https://resized-media.entries.clios.com/companies/4921/media/fbcd608b-04e4-44bf-ad7d-08ddca1e8d72-thumbnail.0000000.jpg,https://clios.com/winners-gallery/details/202171,/awards/clio_entertainment/2025/campaigns/announce-family-lilo-and-stitch-aspect-2025/
2025,Clio Entertaiment,Lava Chicken,A Minecraft Movie,Silver,United States,Workshop Creative,Audio Visual,Spot,,https://resized-media.entries.clios.com/companies/143769/media/1fcda0b8-fb04-45e6-9921-08ddcf598d69-thumbnail.0000000.jpg,https://clios.com/winners-gallery/details/200385,/awards/clio_entertainment/2025/campaigns/lava-chicken-a-minecraft-movie-workshop-creative-2025/
2025,Clio Entertaiment,Die,Alien Romulus,Silver,United States,REBEL,Audio Visual,Spot,,https://resized-media.entries.clios.com/companies/1223/media/509ce5f3-416c-4392-ff45-08ddda84979b-thumbnail.0000000.jpg,https://clios.com/winners-gallery/details/195024,/awards/clio_entertainment/2025/campaigns/die-alien-romulus-rebel-2025/
2025,Clio Entertaiment,“50th Anniversary”,Jaws,Silver,United States,X-AV,Audio Visual,Spot,,https://resized-media.entries.clios.com/companies/4946/media/14b6635e-d923-4308-a0ba-08ddbc6e7e05-thumbnail.0000000.jpg,https://clios.com/winners-gallery/details/197290,/awards/clio_entertainment/2025/campaigns/50th-anniversary-jaws-x-av-2025/
2025,Clio Entertaiment,Alien Franchise New World,Hulu Brand,Silver,United States,Hulu Brand,Audio Visual,Spot,,https://resized-media.entries.clios.com/companies/4996/media/86b2ea82-0462-44e1-0678-08dd8372b990-thumbnail.0000000.jpg,https://clios.com/winners-gallery/details/193949,/awards/clio_entertainment/2025/campaigns/alien-franchise-new-world-hulu-brand-hulu-brand-2025/
2025,Clio Entertaiment,Iconic Bonus,Sinners,Silver,United States,REBEL,Audio Visual,Spot,,https://resized-media.entries.clios.com/companies/1223/media/360ca380-4d4b-48d0-44c3-08ddbc3a4ea4-thumbnail.0000000.jpg,https://clios.com/winners-gallery/details/195235,/awards/clio_entertainment/2025/campaigns/iconic-bonus-sinners-rebel-2025/
2025,Clio Entertaiment,Run,Alien Romulus,Silver,United States,REBEL,Audio Visual,Spot,,https://resized-media.entries.clios.com/companies/1223/media/f5237bbd-86a1-4d9b-4255-08dda8286ac6-thumbnail.0000000.jpg,https://clios.com/winners-gallery/details/195038,/awards/clio_entertainment/2025/campaigns/run-alien-romulus-rebel-2025/
2025,Clio Entertaiment,Family,Sinners,Silver,United States,REBEL,Audio Visual,Spot,,https://resized-media.entries.clios.com/companies/1223/media/447987a9-e5cf-40f4-44c4-08ddbc3a4ea4-thumbnail.0000000.jpg,https://clios.com/winners-gallery/details/195217,/awards/clio_entertainment/2025/campaigns/family-sinners-rebel-2025/
2025,Clio Entertaiment,Come Again,Deadpool & Wolverine,Silver,United States,Tiny Hero,Audio Visual,Spot,,https://resized-media.entries.clios.com/companies/4875/media/771ec4cc-3221-4dfd-a161-08ddca1e8d72-thumbnail.0000000.jpg,https://clios.com/winners-gallery/details/199526,/awards/clio_entertainment/2025/campaigns/come-again-deadpool-and-wolverine-tiny-hero-2025/
2025,Clio Entertaiment,Hush,Shout! Studios,Silver,United States,Sequence Creative,Audio Visual,Trailer,,https://resized-media.entries.clios.com/companies/143269/media/d2a3fc0d-b456-4c37-3fe2-08dda8286ac6-thumbnail.0000000.jpg,https://clios.com/winners-gallery/details/194447,/awards/clio_entertainment/2025/campaigns/hush-shout-studios-sequence-creative-2025/
2025,Clio Entertaiment,Iconic Bonus,Sinners,Silver,United States,REBEL,Audio Visual,Trailer,,https://resized-media.entries.clios.com/companies/1223/media/afa25751-aeaf-48dc-44be-08ddbc3a4ea4-thumbnail.0000000.jpg,https://clios.com/winners-gallery/details/195237,/awards/clio_entertainment/2025/campaigns/iconic-bonus-sinners-rebel-2025-2/
2025,Clio Entertaiment,Home,Jurassic World Rebirth,Silver,United States,REBEL,Audio Visual,Trailer,,https://resized-media.entries.clios.com/companies/1223/media/c2209bed-2300-48db-98ca-08ddcf598d69-thumbnail.0000000.jpg,https://clios.com/winners-gallery/details/201671,/awards/clio_entertainment/2025/campaigns/home-jurassic-world-rebirth-rebel-2025/
2025,Clio Entertaiment,Campaign,Wicked,Silver,United States,REBEL,Audio Visual Campaign,Audio Visual Campaign,,https://resized-media.entries.clios.com/companies/1223/media/d0788641-ceff-4c4e-4270-08dda8286ac6-medium.png.webp,https://clios.com/winners-gallery/details/195099,/awards/clio_entertainment/2025/campaigns/campaign-wicked-rebel-2025/
2025,Clio Entertaiment,Deadpool and Wolverine Post Theatrical Campaign,Disney-,Silver,United States,Disney-,Audio Visual Campaign,Audio Visual Campaign,,https://resized-media.entries.clios.com/companies/5663/media/d2639e53-fd60-45cc-a933-08ddca1e8d72-thumbnail.0000000.jpg,https://clios.com/winners-gallery/details/201450,/awards/clio_entertainment/2025/campaigns/deadpool-and-wolverine-post-theatrical-campaign-disney-disney-2025/
2025,Clio Entertaiment,Come Again,Deadpool & Wolverine,Silver,United States,Tiny Hero,Craft & Design,Audio Visual Craft,Editing,https://resized-media.entries.clios.com/companies/4875/media/54ac4d50-0c9e-419d-a150-08ddca1e8d72-medium.jpg.webp,https://clios.com/winners-gallery/details/201026,/awards/clio_entertainment/2025/campaigns/come-again-deadpool-and-wolverine-tiny-hero-2025-2/
2025,Clio Entertaiment,Come Again,Deadpool & Wolverine,Silver,United States,Tiny Hero,Craft & Design,Audio Visual Craft,Motion Graphics,https://resized-media.entries.clios.com/companies/4875/media/54ac4d50-0c9e-419d-a150-08ddca1e8d72-medium.jpg.webp,https://clios.com/winners-gallery/details/201027,/awards/clio_entertainment/2025/campaigns/come-again-deadpool-and-wolverine-tiny-hero-2025-3/
2025,Clio Entertaiment,Run,Alien Romulus,Silver,United States,REBEL,Craft & Design,Audio Visual Craft,Sound Design,https://resized-media.entries.clios.com/companies/1223/media/2905db87-d875-405a-4252-08dda8286ac6-medium.png.webp,https://clios.com/winners-gallery/details/195047,/awards/clio_entertainment/2025/campaigns/run-alien-romulus-rebel-2025-2/
2025,Clio Entertaiment,Kickboxer Steelbook,Lionsgate,Silver,United States,Lionsgate,Craft & Design,Design,Design Package,https://resized-media.entries.clios.com/companies/143797/media/743a51bc-58dc-49f8-a452-08ddcf598d69-thumbnail.0000000.jpg,https://clios.com/winners-gallery/details/202479,/awards/clio_entertainment/2025/campaigns/kickboxer-steelbook-lionsgate-lionsgate-2025/
2025,Clio Entertaiment,Faux Out of Home (FOOH),Sonic the Hedgehog 3,Silver,United States,ARSONAL,Craft & Design,Digital Mobile & Social Media Craft,Motion Graphics,https://resized-media.entries.clios.com/companies/4692/media/68095b4f-98b1-404d-8399-08dda8280727-medium.jpg.webp,https://clios.com/winners-gallery/details/194477,/awards/clio_entertainment/2025/campaigns/faux-out-of-home-fooh-sonic-the-hedgehog-3-arsonal-2025/
2025,Clio Entertaiment,Unlock the Fortress,Superman,Silver,United States,Okperfect,Craft & Design,Digital Mobile & Social Media Craft,Motion Graphics,https://resized-media.entries.clios.com/companies/4851/media/a5fe7f26-7c5e-42e6-fe46-08ddda84979b-thumbnail.0000000.jpg,https://clios.com/winners-gallery/details/202173,/awards/clio_entertainment/2025/campaigns/unlock-the-fortress-superman-okperfect-2025/
2025,Clio Entertaiment,High Tension Steelbook,Lionsgate,Silver,United States,Lionsgate,Craft & Design,Key Art Craft,Illustration,https://resized-media.entries.clios.com/companies/143797/media/74f2aec8-1fbc-4ce1-aff2-08ddca1e8d72-thumbnail.0000000.jpg,https://clios.com/winners-gallery/details/202565,/awards/clio_entertainment/2025/campaigns/high-tension-steelbook-lionsgate-lionsgate-2025/
2025,Clio Entertaiment,Beetlejuice Beetlejuice Fandango Takeover,Warner Bros Home Entertainment,Silver,United States,Fracture Creative,Digital Mobile & Social Media,Digital & Mobile,Banners Disruptors & Takeovers,https://resized-media.entries.clios.com/companies/142952/media/9742cb71-658e-424f-84e4-08dda8280727-medium.png.webp,https://clios.com/winners-gallery/details/195434,/awards/clio_entertainment/2025/campaigns/beetlejuice-beetlejuice-fandango-takeover-warner-bros-home-entertainment-fracture-creative-2025/
2025,Clio Entertaiment,Social Content Campaign,Superman,Silver,United States,Okperfect,Digital Mobile & Social Media,Social Media,Mixed Campaign,https://resized-media.entries.clios.com/companies/4851/media/b7669f74-8eb9-4513-fe41-08ddda84979b-thumbnail.0000000.jpg,https://clios.com/winners-gallery/details/202267,/awards/clio_entertainment/2025/campaigns/social-content-campaign-superman-okperfect-2025/
2025,Clio Entertaiment,Longlegs - Let Him In,Black Bear,Silver,United Kingdom,Ignition Creative London,Digital Mobile & Social Media,Social Media,Paid Social Media Post,https://resized-media.entries.clios.com/companies/5551/media/629b8267-5733-4289-421d-08ddbc3a4ea4-medium.png.webp,https://clios.com/winners-gallery/details/197113,/awards/clio_entertainment/2025/campaigns/longlegs-let-him-in-black-bear-ignition-creative-london-2025/
2025,Clio Entertaiment,Remmick,Sinners,Silver,United States,Okperfect,Digital Mobile & Social Media,Social Media,Paid Social Media Post,https://resized-media.entries.clios.com/companies/4851/media/0f5afba7-dabb-43da-43dc-08dda8286ac6-medium.png.webp,https://clios.com/winners-gallery/details/195583,/awards/clio_entertainment/2025/campaigns/remmick-sinners-okperfect-2025/
2025,Clio Entertaiment,Smile 2 Holiday Fear,Paramount,Silver,United States,Trailer Park Group,Digital Mobile & Social Media,Social Media,Short-Form Social Media Video,https://resized-media.entries.clios.com/companies/5334/media/be6154a6-549d-4d60-5cc6-08ddda7db5d2-medium.png.webp,https://clios.com/winners-gallery/details/202596,/awards/clio_entertainment/2025/campaigns/smile-2-holiday-fear-paramount-trailer-park-group-2025/
2025,Clio Entertaiment,Experience More Netflix Upfronts 2024,Netflix,Silver,United States,NVE Experience Agency,Experiential & Fan Engagement,Experiential & Activations,Trade,https://resized-media.entries.clios.com/companies/651/media/b8c0d255-e63d-4a68-b2d3-08dd4de0928e-medium.png.webp,https://clios.com/winners-gallery/details/201573,/awards/clio_entertainment/2025/campaigns/experience-more-netflix-upfronts-2024-netflix-nve-experience-agency-2025/
2025,Clio Entertaiment,Escalate your movie night,The Fall Guy,Silver,United Kingdom,OC Agency,Key Art & Out of Home,Out of Home,Digital Outdoor,https://resized-media.entries.clios.com/companies/4765/media/ac9830ab-6f9f-4781-8179-08dda8280727-medium.jpg.webp,https://clios.com/winners-gallery/details/192533,/awards/clio_entertainment/2025/campaigns/escalate-your-movie-night-the-fall-guy-oc-agency-2025/
2025,Clio Entertaiment,Joker Folie à Deux - Everything Must Go,Warner Bros,Silver,United States,SunnyBoy Entertainment,Original Content,Behind the Scenes,,https://resized-media.entries.clios.com/companies/5207/media/728357dd-52d3-48a5-fe25-08ddda84979b-medium.png.webp,https://clios.com/winners-gallery/details/202175,/awards/clio_entertainment/2025/campaigns/joker-folie-a-deux-everything-must-go-warner-bros-sunnyboy-entertainment-2025/
2025,Clio Entertaiment,Dancing with the Devil The Making of SINNERS,Sinners,Silver,United States,Rivendell Films,Original Content,Featurette,,https://resized-media.entries.clios.com/companies/143764/media/23a31904-2fb9-4ddc-a5d1-08ddca1e8d72-medium.png.webp,https://clios.com/winners-gallery/details/200835,/awards/clio_entertainment/2025/campaigns/dancing-with-the-devil-the-making-of-sinners-sinners-rivendell-films-2025/
2025,Clio Entertaiment,Inside The Xenomorph Showdown,Alien Romulus,Silver,United States,Mob Scene,Original Content,Featurette,,https://resized-media.entries.clios.com/companies/4630/media/7b9db498-b16b-452b-8060-08dda8280727-medium.jpg.webp,https://clios.com/winners-gallery/details/193720,/awards/clio_entertainment/2025/campaigns/inside-the-xenomorph-showdown-alien-romulus-mob-scene-2025/
2025,Clio Entertaiment,The Making of Saturday Night,Saturday Night,Silver,United States,Mob Scene,Original Content,Featurette,,https://resized-media.entries.clios.com/companies/4630/media/e1ef7eb5-96b8-40d2-4130-08dda8286ac6-medium.jpg.webp,https://clios.com/winners-gallery/details/194748,/awards/clio_entertainment/2025/campaigns/the-making-of-saturday-night-saturday-night-mob-scene-2025/
2025,Clio Entertaiment,X Trilogy,A24,Silver,United States,Matt Ryan Tobin,Retail & Premium,Merchandise & Premium,Collectibles,https://resized-media.entries.clios.com/companies/815/media/31ed3d1f-4a69-4034-a1f2-08ddbc6e7e05-medium.jpg.webp,https://clios.com/winners-gallery/details/197743,/awards/clio_entertainment/2025/campaigns/x-trilogy-a24-matt-ryan-tobin-2025/
2025,Clio Entertaiment,Arcane League of Legends Season 1 Collectors Edition,GKIDS,Silver,United States,GKIDS,Retail & Premium,Packaging,Box Set Collection & Complete Series Packaging,https://resized-media.entries.clios.com/companies/4772/media/5de2cbc7-7c5f-4c4f-a126-08ddca1e8d72-medium.jpg.webp,https://clios.com/winners-gallery/details/192138,/awards/clio_entertainment/2025/campaigns/arcane-league-of-legends-season-1-collectors-edition-gkids-gkids-2025/
2025,Clio Entertaiment,TITANS OF CULT x JOHN WICK,JOHN WICK,Silver,United States,Scanavo,Retail & Premium,Packaging,Specialty Packaging,https://resized-media.entries.clios.com/companies/5535/media/86216356-ad89-44a4-a45e-08ddca1e8d72-medium.png.webp,https://clios.com/winners-gallery/details/200349,/awards/clio_entertainment/2025/campaigns/titans-of-cult-x-john-wick-john-wick-scanavo-2025/
2025,Clio Entertaiment,Harry Potter and the Cursed Child on Broadway | Share The Magic,Harry Potter and the Cursed Child on Broadway,Silver,United States,AKA NYC & Steam Motion and Sound,Audio Visual,31 Seconds to 60 Seconds,,https://resized-media.entries.clios.com/companies/5224/media/c51c13ad-447b-49b5-fae2-08ddda84979b-thumbnail.0000000.jpg,https://clios.com/winners-gallery/details/201754,/awards/clio_entertainment/2025/campaigns/harry-potter-and-the-cursed-child-on-broadway-share-the-magic-harry-potter-and-the-cursed-child-on-broadway-aka-nyc-and/
2025,Clio Entertaiment,Curtains Up,Stranger Things The First Shadow,Silver,United States,Requiem,Audio Visual,61 Seconds and Over,,https://resized-media.entries.clios.com/companies/143294/media/7c19ee0a-ada5-4a1c-4196-08ddbc3a4ea4-thumbnail.0000000.jpg,https://clios.com/winners-gallery/details/196972,/awards/clio_entertainment/2025/campaigns/curtains-up-stranger-things-the-first-shadow-requiem-2025/
2025,Clio Entertaiment,Opera,Royal Ontario Museum,Silver,Canada,Broken Heart Love Affair,Craft & Design,Audio Visual Craft,Music,https://resized-media.entries.clios.com/companies/3819/media/180289c8-234c-41fd-b063-08ddca1e8d72-medium.jpg.webp,https://clios.com/winners-gallery/details/202624,/awards/clio_entertainment/2025/campaigns/opera-royal-ontario-museum-broken-heart-love-affair-2025-6/
2025,Clio Entertaiment,THEATRE DU LIDO,Theatre Du Lido,Silver,France,Dewynters,Craft & Design,Design,Visual Identity,https://resized-media.entries.clios.com/companies/5542/media/74353382-2472-4420-a372-08ddcf598d69-medium.jpg.webp,https://clios.com/winners-gallery/details/202400,/awards/clio_entertainment/2025/campaigns/theatre-du-lido-theatre-du-lido-dewynters-2025/
2025,Clio Entertaiment,New York City Ballet 25—26 Season—We Exist in Time,New York City Ballet,Silver,United States,New York City Ballet,Craft & Design,Key Art Craft,Photography,https://resized-media.entries.clios.com/companies/5171/media/e9ffb92e-e7b3-4e68-45b9-08ddbc3a4ea4-medium.jpg.webp,https://clios.com/winners-gallery/details/198362,/awards/clio_entertainment/2025/campaigns/new-york-city-ballet-2526-seasonwe-exist-in-time-new-york-city-ballet-new-york-city-ballet-2025/
2025,Clio Entertaiment,The Arts Insider x Sunset Blvd | The Close Up Influencer Activation,Sunset Blvd,Silver,United States,AKA NYC,Digital Mobile & Social Media,Social Media,Use of Influencer & Talent,https://resized-media.entries.clios.com/companies/5224/media/42141edf-a548-4829-abe9-08ddca1e8d72-medium.png.webp,https://clios.com/winners-gallery/details/201871,/awards/clio_entertainment/2025/campaigns/the-arts-insider-x-sunset-blvd-the-close-up-influencer-activation-sunset-blvd-aka-nyc-2025/
2025,Clio Entertaiment,Celebrating the 19th Amendment with a Roll Call on Broadway,SUFFS on Broadway,Silver,United States,Two Dog Circus,Experiential & Fan Engagement,Event Experiential & Activations,Special Event & Stunt,https://resized-media.entries.clios.com/companies/143155/media/42fbca75-8915-461a-823f-08dda8280727-medium.jpg.webp,https://clios.com/winners-gallery/details/194698,/awards/clio_entertainment/2025/campaigns/celebrating-the-19th-amendment-with-a-roll-call-on-broadway-suffs-on-broadway-two-dog-circus-2025/
2025,Clio Entertaiment,The Book of Mormons Its Hell Out There Campaign,The Book of Mormon,Silver,United States,BLT Communications,Integrated Campaign,Integrated Campaign,,https://resized-media.entries.clios.com/companies/4715/media/7120fd3d-5f0d-4ac6-9f5e-08ddcf598d69-medium.jpg.webp,https://clios.com/winners-gallery/details/201639,/awards/clio_entertainment/2025/campaigns/the-book-of-mormons-its-hell-out-there-campaign-the-book-of-mormon-blt-communications-2025/
2025,Clio Entertaiment,Eternally Fabulous Launching Death Becomes Her on Broadway,Death Becomes Her,Silver,United States,RPM,Key Art & Out of Home,Key Art,Printed Materials,https://resized-media.entries.clios.com/companies/143563/media/9bc130e3-974f-42c7-9bfd-08ddcf598d69-medium.jpg.webp,https://clios.com/winners-gallery/details/201069,/awards/clio_entertainment/2025/campaigns/eternally-fabulous-launching-death-becomes-her-on-broadway-death-becomes-her-rpm-2025/
2025,Clio Entertaiment,Christmas Spectacular Starring the Radio City Rockettes,Christmas Spectacular Starring the Radio City Rockettes,Silver,United States,MSG Entertainment,Key Art & Out of Home,Out of Home,Digital Outdoor,,https://clios.com/winners-gallery/details/195893,/awards/clio_entertainment/2025/campaigns/christmas-spectacular-starring-the-radio-city-rockettes-christmas-spectacular-starring-the-radio-city-rockettes-msg-ente/
2025,Clio Entertaiment,The Dream Partnerships Behind Once Upon a Mattress,Once Upon a Mattress on Broadway,Silver,United States,SpotCo,Partnerships & Collaborations,Partnerships & Collaborations,,https://resized-media.entries.clios.com/companies/4964/media/859ae0dd-49d1-4355-9c75-08ddcf598d69-thumbnail.0000000.jpg,https://clios.com/winners-gallery/details/194496,/awards/clio_entertainment/2025/campaigns/the-dream-partnerships-behind-once-upon-a-mattress-once-upon-a-mattress-on-broadway-spotco-2025/
2025,Clio Entertaiment,David Blaine Do Not Attempt,National Geographic,Silver,United States,National Geographic,Audio Visual Campaign,Audio Visual Campaign,,https://resized-media.entries.clios.com/companies/4339/media/aa2e737a-e3a6-4212-8644-08dda8280727-thumbnail.0000000.jpg,https://clios.com/winners-gallery/details/196203,/awards/clio_entertainment/2025/campaigns/david-blaine-do-not-attempt-national-geographic-national-geographic-2025/
2025,Clio Entertaiment,Campaign,The Penguin,Silver,United States,REBEL,Audio Visual Campaign,Audio Visual Campaign,,https://resized-media.entries.clios.com/companies/1223/media/c8fc1f99-6f2f-43c1-7b87-08dc8b034365-thumbnail.0000000.jpg,https://clios.com/winners-gallery/details/195010,/awards/clio_entertainment/2025/campaigns/campaign-the-penguin-rebel-2025/
2025,Clio Entertaiment,THE PENGUIN,HBO,Silver,United States,Warner Bros Discovery,Audio Visual Campaign,Audio Visual Campaign,,https://resized-media.entries.clios.com/companies/5072/media/bef24f94-780b-438f-f7b6-08dca10bfd7c-thumbnail.0000000.jpg,https://clios.com/winners-gallery/details/201494,/awards/clio_entertainment/2025/campaigns/the-penguin-hbo-warner-bros-discovery-2025/
2025,Clio Entertaiment,Grotesquerie Campaign,FX,Silver,United States,FX,Audio Visual Campaign,Audio Visual Campaign,,https://resized-media.entries.clios.com/companies/4559/media/32a47b82-7a67-4308-42b3-08ddbc3a4ea4-thumbnail.0000000.jpg,https://clios.com/winners-gallery/details/202332,/awards/clio_entertainment/2025/campaigns/grotesquerie-campaign-fx-fx-2025/
2025,Clio Entertaiment,Peacemaker S2 | Campaign,HBO MAX,Silver,United States,HBO - MAX Marketing AV,Audio Visual Campaign,Audio Visual Campaign,,https://resized-media.entries.clios.com/companies/5072/media/8226d80a-2ada-4e2b-9f5b-08ddcf598d69-medium.png.webp,https://clios.com/winners-gallery/details/201631,/awards/clio_entertainment/2025/campaigns/peacemaker-s2-campaign-hbo-max-hbo-max-marketing-av-2025/
2025,Clio Entertaiment,Star of the Month Nicolas Cage,STAR Movies,Silver,United Arab Emirates,TWDC Creative,Audio Visual Craft,Copywriting,,https://resized-media.entries.clios.com/companies/4893/media/e79132ee-e0f8-4f87-814f-08dda8280727-medium.jpg.webp,https://clios.com/winners-gallery/details/194507,/awards/clio_entertainment/2025/campaigns/star-of-the-month-nicolas-cage-star-movies-twdc-creative-2025-2/
2025,Clio Entertaiment,Grotesquerie - Chasm,FX,Silver,United States,FX,Audio Visual Craft,Direction,,https://resized-media.entries.clios.com/companies/4559/media/32a47b82-7a67-4308-42b3-08ddbc3a4ea4-thumbnail.0000000.jpg,https://clios.com/winners-gallery/details/197231,/awards/clio_entertainment/2025/campaigns/grotesquerie-chasm-fx-fx-2025/
2025,Clio Entertaiment,Beauty in Sequence,Tak Ostro,Silver,Serbia,Tak Ostro,Audio Visual Craft,Editing,,https://resized-media.entries.clios.com/companies/6023/media/1070142f-f3f2-45dd-7a6b-08dd0ef9d2a7-medium.png.webp,https://clios.com/winners-gallery/details/192851,/awards/clio_entertainment/2025/campaigns/beauty-in-sequence-tak-ostro-tak-ostro-2025/
2025,Clio Entertaiment,Grotesquerie - Chasm,FX,Silver,United States,FX,Audio Visual Craft,Editing,,https://resized-media.entries.clios.com/companies/4559/media/32a47b82-7a67-4308-42b3-08ddbc3a4ea4-thumbnail.0000000.jpg,https://clios.com/winners-gallery/details/197234,/awards/clio_entertainment/2025/campaigns/grotesquerie-chasm-fx-fx-2025-2/
2025,Clio Entertaiment,Justice,The Terminal List Dark Wolf,Silver,United States,Tiny Hero,Audio Visual Craft,Editing,,https://resized-media.entries.clios.com/companies/4875/media/ba29273d-24c2-410a-a3cc-08ddca1e8d72-thumbnail.0000000.jpg,https://clios.com/winners-gallery/details/200241,/awards/clio_entertainment/2025/campaigns/justice-the-terminal-list-dark-wolf-tiny-hero-2025/
2025,Clio Entertaiment,Senna - The Racer and his Car,Netflix,Silver,Brazil,Netflix Creative Studio,Audio Visual Craft,Editing,,https://resized-media.entries.clios.com/companies/4733/media/cb1ccb4f-9917-44db-9f61-08ddbc6e7e05-medium.jpg.webp,https://clios.com/winners-gallery/details/196986,/awards/clio_entertainment/2025/campaigns/senna-the-racer-and-his-car-netflix-netflix-creative-studio-2025/
2025,Clio Entertaiment,YOURE NOT READY,Netflix,Silver,United States,Netflix,Audio Visual Craft,Editing,,https://resized-media.entries.clios.com/companies/1906/media/d9607fb1-25fc-4808-fd03-08ddda84979b-medium.jpg.webp,https://clios.com/winners-gallery/details/202651,/awards/clio_entertainment/2025/campaigns/youre-not-ready-netflix-netflix-2025/
2025,Clio Entertaiment,Chief of War Gods & Men,Chief of War,Silver,United States,GrandSon,Audio Visual Craft,Music,,https://resized-media.entries.clios.com/companies/4926/media/ef5b704e-f2df-4789-97cb-08ddcf598d69-thumbnail.0000000.jpg,https://clios.com/winners-gallery/details/194916,/awards/clio_entertainment/2025/campaigns/chief-of-war-gods-and-men-chief-of-war-grandson-2025/
2025,Clio Entertaiment,Paramount Network Poland 10th Anniversary Promo,PARAMOUNT CREATIVE MTVE INTERNATIONAL,Silver,Poland,PARAMOUNT CREATIVE MTVE INTERNATIONAL - Hungary,Audio Visual Craft,Music,,https://resized-media.entries.clios.com/companies/4806/media/dd64f6f6-2b52-4b4f-817a-08dda8280727-thumbnail.0000000.jpg,https://clios.com/winners-gallery/details/194523,/awards/clio_entertainment/2025/campaigns/paramount-network-poland-10th-anniversary-promo-paramount-creative-mtve-international-paramount-creative-mtve-internatio/
2025,Clio Entertaiment,Tango,Alls Fair,Silver,United States,Requiem,Audio Visual Craft,Music,,https://resized-media.entries.clios.com/companies/143294/media/6428ee1a-0595-485e-417f-08ddbc3a4ea4-thumbnail.0000000.jpg,https://clios.com/winners-gallery/details/197013,/awards/clio_entertainment/2025/campaigns/tango-alls-fair-requiem-2025/
2025,Clio Entertaiment,Teaser Saved,The Last of Us Season 2,Silver,United States,Level Up AV,Audio Visual Craft,Music,,https://resized-media.entries.clios.com/companies/4941/media/b924c0d3-4eb1-441d-04fe-08dd8372b990-thumbnail.0000000.jpg,https://clios.com/winners-gallery/details/194090,/awards/clio_entertainment/2025/campaigns/teaser-saved-the-last-of-us-season-2-level-up-av-2025-2/
2025,Clio Entertaiment,Adolescence - Main Trailer,Netflix,Silver,United Kingdom,ZEALOT,Audio Visual Craft,Sound Design,,https://resized-media.entries.clios.com/companies/5472/media/b29086ca-55e1-4cce-9eb2-08ddcf598d69-thumbnail.0000000.jpg,https://clios.com/winners-gallery/details/201538,/awards/clio_entertainment/2025/campaigns/adolescence-main-trailer-netflix-zealot-2025-2/
2025,Clio Entertaiment,Alien Earth - 306 Gestation,FX,Silver,United States,FX,Audio Visual Craft,Sound Design,,https://resized-media.entries.clios.com/companies/4559/media/a04ba412-b9d6-4937-fcb9-08ddda84979b-medium.jpg.webp,https://clios.com/winners-gallery/details/195463,/awards/clio_entertainment/2025/campaigns/alien-earth-306-gestation-fx-fx-2025-4/
2025,Clio Entertaiment,Disclaimer – Develop,Apple TV-,Silver,United States,Mark Woollen & Associates,Audio Visual Craft,Sound Design,,https://resized-media.entries.clios.com/companies/5374/media/ca49cb3f-ee7f-4efe-8475-08dda8280727-thumbnail.0000000.jpg,https://clios.com/winners-gallery/details/195303,/awards/clio_entertainment/2025/campaigns/disclaimer-develop-apple-tv-mark-woollen-and-associates-2025/
2025,Clio Entertaiment,The Secret World of Sound,Netflix,Silver,United States,Netflix Creative Studio,Audio Visual Craft,Sound Design,,https://resized-media.entries.clios.com/companies/4733/media/2980c915-cd4b-411e-8341-08dda8280727-medium.jpg.webp,https://clios.com/winners-gallery/details/194970,/awards/clio_entertainment/2025/campaigns/the-secret-world-of-sound-netflix-netflix-creative-studio-2025/
2025,Clio Entertaiment,Arena,Americas Team The Gambler and His Cowboys,Silver,United States,AV Squad,Audio Visual Craft,Voice Over,,https://resized-media.entries.clios.com/companies/4977/media/9ca3750d-03f5-4904-a743-08ddca1e8d72-thumbnail.0000000.jpg,https://clios.com/winners-gallery/details/201166,/awards/clio_entertainment/2025/campaigns/arena-americas-team-the-gambler-and-his-cowboys-av-squad-2025/
2025,Clio Entertaiment,Home,HBO Max,Silver,United States,BOND,Audio Visual Brand Promo,Brand Promo,,https://resized-media.entries.clios.com/companies/4830/media/bb3c9104-f732-454a-982d-08ddcf598d69-thumbnail.0000000.jpg,https://clios.com/winners-gallery/details/200598,/awards/clio_entertainment/2025/campaigns/home-hbo-max-bond-2025/
2025,Clio Entertaiment,YOURE NOT READY,Netflix,Silver,United States,Netflix,Audio Visual Brand Promo,Brand Promo,,https://resized-media.entries.clios.com/companies/1906/media/1462fed4-392d-45ce-5eac-08ddda7db5d2-thumbnail.0000000.jpg,https://clios.com/winners-gallery/details/202629,/awards/clio_entertainment/2025/campaigns/youre-not-ready-netflix-netflix-2025-2/
2025,Clio Entertaiment,Now This Is Taxes The WWE RAW Way,Netflix,Silver,United States,Netflix,Audio Visual Brand Promo,Entertainment IP Integration,,https://resized-media.entries.clios.com/companies/5401/media/198022ee-1697-4fea-5e67-08ddda7db5d2-thumbnail.0000000.jpg,https://clios.com/winners-gallery/details/200098,/awards/clio_entertainment/2025/campaigns/now-this-is-taxes-the-wwe-raw-way-netflix-netflix-2025/
2025,Clio Entertaiment,Animation Domination Mothers Day,FOX Entertainment,Silver,United States,FOX Entertainment,Audio Visual Brand Promo,Sizzle Seasonal & Stunt Promo,,https://resized-media.entries.clios.com/companies/4967/media/c0308baa-026c-436b-9e0f-08ddbc6e7e05-thumbnail.0000000.jpg,https://clios.com/winners-gallery/details/196612,/awards/clio_entertainment/2025/campaigns/animation-domination-mothers-day-fox-entertainment-fox-entertainment-2025/
2025,Clio Entertaiment,Tarantinos Christmas Feast,Paramount Network Netherlands,Silver,Netherlands,Paramount Benelux,Audio Visual Brand Promo,Sizzle Seasonal & Stunt Promo,,https://resized-media.entries.clios.com/companies/143298/media/6bb4dc8e-2f96-4e9d-41da-08dda8286ac6-thumbnail.0000000.jpg,https://clios.com/winners-gallery/details/194935,/awards/clio_entertainment/2025/campaigns/tarantinos-christmas-feast-paramount-network-netherlands-paramount-benelux-2025/
2025,Clio Entertaiment,Curb Your Enthusiasm S12 | Finale Episodic 1210,HBO,Silver,United States,HBO - MAX Marketing AV,Audio Visual Clip-Based Spot,Audio Visual Clip-Based Spot,,https://resized-media.entries.clios.com/companies/5072/media/644f9c53-6166-46f7-9f8d-08ddcf598d69-thumbnail.0000000.jpg,https://clios.com/winners-gallery/details/201693,/awards/clio_entertainment/2025/campaigns/curb-your-enthusiasm-s12-finale-episodic-1210-hbo-hbo-max-marketing-av-2025/
2025,Clio Entertaiment,Its Always Sunny in Philadelphia - Golden Bachelor,FX,Silver,United States,FX,Audio Visual Clip-Based Spot,Audio Visual Clip-Based Spot,,https://resized-media.entries.clios.com/companies/4559/media/4a28b4c3-981c-4c19-96bb-08ddcf598d69-thumbnail.0000000.jpg,https://clios.com/winners-gallery/details/199725,/awards/clio_entertainment/2025/campaigns/its-always-sunny-in-philadelphia-golden-bachelor-fx-fx-2025/
2025,Clio Entertaiment,Tsunami Race Against Time “Babadook”,National Geographic,Silver,United States,National Geographic,Audio Visual Clip-Based Spot,Audio Visual Clip-Based Spot,,https://resized-media.entries.clios.com/companies/4339/media/d849d1ce-79f2-4d75-9dab-08ddbc6e7e05-thumbnail.0000000.jpg,https://clios.com/winners-gallery/details/196471,/awards/clio_entertainment/2025/campaigns/tsunami-race-against-time-babadook-national-geographic-national-geographic-2025/
2025,Clio Entertaiment,Alien Earth - Greener World,FX,Silver,United States,FX,Audio Visual Clip-Based Spot,Audio Visual Clip-Based Spot,,https://resized-media.entries.clios.com/companies/4559/media/870eca19-f290-4399-b115-08ddca1e8d72-thumbnail.0000000.jpg,https://clios.com/winners-gallery/details/202105,/awards/clio_entertainment/2025/campaigns/alien-earth-greener-world-fx-fx-2025/
2025,Clio Entertaiment,Dying for Sex - Vibrator Soliloquy,FX,Silver,United States,FX,Audio Visual Clip-Based Spot,Audio Visual Clip-Based Spot,,https://resized-media.entries.clios.com/companies/4559/media/baaf0961-87e8-4b4b-9d31-08ddcf598d69-thumbnail.0000000.jpg,https://clios.com/winners-gallery/details/202121,/awards/clio_entertainment/2025/campaigns/dying-for-sex-vibrator-soliloquy-fx-fx-2025/
2025,Clio Entertaiment,Fight Club,STAR Action,Silver,United Arab Emirates,TWDC Creative,Audio Visual Clip-Based Spot,Audio Visual Clip-Based Spot,,https://resized-media.entries.clios.com/companies/4893/media/4a583bf2-cd25-4ea6-403a-08dda8286ac6-thumbnail.0000000.jpg,https://clios.com/winners-gallery/details/194510,/awards/clio_entertainment/2025/campaigns/fight-club-star-action-twdc-creative-2025/
2025,Clio Entertaiment,Alien Earth Collision Imminent,Alien Earth,Silver,United States,GrandSon,Audio Visual Clip-Based Spot,Audio Visual Clip-Based Spot,,https://resized-media.entries.clios.com/companies/4926/media/340a1e1f-b5b4-40cc-41ad-08dda8286ac6-thumbnail.0000000.jpg,https://clios.com/winners-gallery/details/194909,/awards/clio_entertainment/2025/campaigns/alien-earth-collision-imminent-alien-earth-grandson-2025/
2025,Clio Entertaiment,Grotesquerie - Heresy,FX,Silver,United States,FX,Audio Visual Clip-Based Spot,Audio Visual Clip-Based Spot,,https://resized-media.entries.clios.com/companies/4559/media/d8e2a65b-9ca2-46b8-a870-08ddca1e8d72-thumbnail.0000000.jpg,https://clios.com/winners-gallery/details/197204,/awards/clio_entertainment/2025/campaigns/grotesquerie-heresy-fx-fx-2025/
2025,Clio Entertaiment,Paramount Paranoia,Paramount Creative MTVE International,Silver,France,PARAMOUNT CREATIVE MTVE INTERNATIONAL,Audio Visual Clip-Based Spot,Audio Visual Clip-Based Spot,,https://resized-media.entries.clios.com/companies/143291/media/b00ba452-153d-45ec-8168-08dda8280727-thumbnail.0000000.jpg,https://clios.com/winners-gallery/details/194508,/awards/clio_entertainment/2025/campaigns/paramount-paranoia-paramount-creative-mtve-international-paramount-creative-mtve-international-2025/
2025,Clio Entertaiment,PARAMOUNT NETWORK SPAIN - KALEIDOSCOPE,PARAMOUNT CREATIVE MTVE INTERNATIONAL,Silver,Spain,PARAMOUNT CREATIVE MTVE INTERNATIONAL,Audio Visual Clip-Based Spot,Audio Visual Clip-Based Spot,,https://resized-media.entries.clios.com/companies/143297/media/38f5a3c3-c796-433c-830a-08dda8280727-thumbnail.0000000.jpg,https://clios.com/winners-gallery/details/194931,/awards/clio_entertainment/2025/campaigns/paramount-network-spain-kaleidoscope-paramount-creative-mtve-international-paramount-creative-mtve-international-2025-2/
2025,Clio Entertaiment,The Quiz with Balls Big Balls,Fox Entertainment,Silver,United States,FOX Entertainment,Audio Visual Clip-Based Spot,Audio Visual Clip-Based Spot,,https://resized-media.entries.clios.com/companies/4967/media/1a611d8d-8ac5-4657-418c-08ddbc3a4ea4-thumbnail.0000000.jpg,https://clios.com/winners-gallery/details/196967,/awards/clio_entertainment/2025/campaigns/the-quiz-with-balls-big-balls-fox-entertainment-fox-entertainment-2025/
2025,Clio Entertaiment,Arena,Americas Team The Gambler and His Cowboys,Silver,United States,AV Squad,Audio Visual Clip-Based Spot,Audio Visual Clip-Based Spot,,https://resized-media.entries.clios.com/companies/4977/media/9ca3750d-03f5-4904-a743-08ddca1e8d72-thumbnail.0000000.jpg,https://clios.com/winners-gallery/details/201148,/awards/clio_entertainment/2025/campaigns/arena-americas-team-the-gambler-and-his-cowboys-av-squad-2025-2/
2025,Clio Entertaiment,2024 US Election,BBC News,Silver,United States,BBC,Audio Visual Special Shoot Spot,Audio Visual Special Shoot Spot,,https://resized-media.entries.clios.com/companies/143847/media/4c8d2b67-a36f-4129-aad0-08ddca1e8d72-thumbnail.0000000.jpg,https://clios.com/winners-gallery/details/201675,/awards/clio_entertainment/2025/campaigns/2024-us-election-bbc-news-bbc-2025/
2025,Clio Entertaiment,Abbott Elementary Season 4 Premiere Dio-Drama 30,ABC,Silver,United States,ABC,Audio Visual Special Shoot Spot,Audio Visual Special Shoot Spot,,https://resized-media.entries.clios.com/companies/4657/media/c42f15e1-c77c-4e9d-a102-08ddbc6e7e05-thumbnail.0000000.jpg,https://clios.com/winners-gallery/details/197418,/awards/clio_entertainment/2025/campaigns/abbott-elementary-season-4-premiere-dio-drama-30-abc-abc-2025/
2025,Clio Entertaiment,The Righteous Gemstones S4 | Faith Tonight Baby Billy,HBO,Silver,United States,HBO MAX Marketing AV,Audio Visual Special Shoot Spot,Audio Visual Special Shoot Spot,,https://resized-media.entries.clios.com/companies/5072/media/2ef4f2f0-a433-42a9-a109-08ddcf598d69-thumbnail.0000000.jpg,https://clios.com/winners-gallery/details/201938,/awards/clio_entertainment/2025/campaigns/the-righteous-gemstones-s4-faith-tonight-baby-billy-hbo-hbo-max-marketing-av-2025/
2025,Clio Entertaiment,Alien Earth - Crate,FX,Silver,United States,FX,Audio Visual Special Shoot Spot,Audio Visual Special Shoot Spot,,https://resized-media.entries.clios.com/companies/4559/media/834f4095-3a14-4955-a527-08ddca1e8d72-thumbnail.0000000.jpg,https://clios.com/winners-gallery/details/200643,/awards/clio_entertainment/2025/campaigns/alien-earth-crate-fx-fx-2025/
2025,Clio Entertaiment,Step Into The Ring,WWE,Silver,United Kingdom,Empire Design,Audio Visual Special Shoot Spot,Audio Visual Special Shoot Spot,,https://resized-media.entries.clios.com/companies/4730/media/f11970ab-c690-4de9-8325-08dda8280727-thumbnail.0000000.jpg,https://clios.com/winners-gallery/details/194941,/awards/clio_entertainment/2025/campaigns/step-into-the-ring-wwe-empire-design-2025/
2025,Clio Entertaiment,Tour de France Swuuush!,TV 2 Denmark,Silver,Denmark,TV 2 Denmark,Audio Visual Special Shoot Spot,Audio Visual Special Shoot Spot,,https://resized-media.entries.clios.com/companies/5146/media/8bb83205-f797-4eca-9ed1-08ddcf598d69-thumbnail.0000000.jpg,https://clios.com/winners-gallery/details/201555,/awards/clio_entertainment/2025/campaigns/tour-de-france-swuuush-tv-2-denmark-tv-2-denmark-2025/
2025,Clio Entertaiment,Movies,The Studio,Silver,United States,Wild Card Creative Group,Audio Visual Teaser,Audio Visual Teaser,,https://resized-media.entries.clios.com/companies/4522/media/57f2a103-9939-49e1-4086-08ddbc3a4ea4-thumbnail.0000000.jpg,https://clios.com/winners-gallery/details/193604,/awards/clio_entertainment/2025/campaigns/movies-the-studio-wild-card-creative-group-2025/
2025,Clio Entertaiment,David Blaine Do Not Attempt “Nails Tease”,National Geographic,Silver,United States,National Geographic,Audio Visual Teaser,Audio Visual Teaser,,https://resized-media.entries.clios.com/companies/4339/media/aa2e737a-e3a6-4212-8644-08dda8280727-thumbnail.0000000.jpg,https://clios.com/winners-gallery/details/196197,/awards/clio_entertainment/2025/campaigns/david-blaine-do-not-attempt-nails-tease-national-geographic-national-geographic-2025/
2025,Clio Entertaiment,Decibels,Stranger Things 5,Silver,United States,Requiem,Audio Visual Teaser,Audio Visual Teaser,,https://resized-media.entries.clios.com/companies/143294/media/2363f9cf-8e70-4fc6-a5a0-08ddca1e8d72-thumbnail.0000000.jpg,https://clios.com/winners-gallery/details/200789,/awards/clio_entertainment/2025/campaigns/decibels-stranger-things-5-requiem-2025/
2025,Clio Entertaiment,Sennas Cut,Netflix,Silver,Argentina,Monks,Audio Visual Teaser,Audio Visual Teaser,,https://resized-media.entries.clios.com/companies/99/media/2857003b-8d6e-4665-45ba-08dda8286ac6-thumbnail.0000000.jpg,https://clios.com/winners-gallery/details/196401,/awards/clio_entertainment/2025/campaigns/sennas-cut-netflix-monks-2025-2/
2025,Clio Entertaiment,Teaser Saved,The Last of Us Season 2,Silver,United States,Level Up AV,Audio Visual Teaser,Audio Visual Teaser,,https://resized-media.entries.clios.com/companies/4941/media/b924c0d3-4eb1-441d-04fe-08dd8372b990-thumbnail.0000000.jpg,https://clios.com/winners-gallery/details/194085,/awards/clio_entertainment/2025/campaigns/teaser-saved-the-last-of-us-season-2-level-up-av-2025-3/
2025,Clio Entertaiment,Alien Earth - 60 Homage,FX,Silver,United States,FX,Audio Visual Teaser,Audio Visual Teaser,,https://resized-media.entries.clios.com/companies/4559/media/1f3568bc-b06c-44d3-5b0b-08ddda7db5d2-thumbnail.0000000.jpg,https://clios.com/winners-gallery/details/202098,/awards/clio_entertainment/2025/campaigns/alien-earth-60-homage-fx-fx-2025/
2025,Clio Entertaiment,Severance Season 2 RTO Teaser,Severance Season 2,Silver,United States,TRANSIT,Audio Visual Teaser,Audio Visual Teaser,,https://resized-media.entries.clios.com/companies/2123/media/4a995e45-c101-495a-9bda-08ddcf598d69-thumbnail.0000000.jpg,https://clios.com/winners-gallery/details/201087,/awards/clio_entertainment/2025/campaigns/severance-season-2-rto-teaser-severance-season-2-transit-2025-2/
2025,Clio Entertaiment,IT Welcome To Derry Happiness Teaser,HBO,Silver,United States,Warner Bros Discovery & BOND,Audio Visual Teaser,Audio Visual Teaser,,https://resized-media.entries.clios.com/companies/5072/media/d4d6f299-644e-4d52-9cba-08ddcf598d69-thumbnail.0000000.jpg,https://clios.com/winners-gallery/details/200685,/awards/clio_entertainment/2025/campaigns/it-welcome-to-derry-happiness-teaser-hbo-warner-bros-discovery-and-bond-2025/
2025,Clio Entertaiment,Smile,The Studio,Silver,United States,Motive,Audio Visual Trailer,Audio Visual Trailer,,https://resized-media.entries.clios.com/companies/4587/media/d543cc33-0f0c-4586-9d82-08ddca1e8d72-thumbnail.0000000.jpg,https://clios.com/winners-gallery/details/195440,/awards/clio_entertainment/2025/campaigns/smile-the-studio-motive-2025/
2025,Clio Entertaiment,Sly Lives! Crown Trailer,Onyx Collective,Silver,United States,Onyx Collective & Motive,Audio Visual Trailer,Audio Visual Trailer,,https://resized-media.entries.clios.com/companies/5035/media/600690ac-63e0-49d9-441c-08dda8286ac6-thumbnail.0000000.jpg,https://clios.com/winners-gallery/details/195647,/awards/clio_entertainment/2025/campaigns/sly-lives-crown-trailer-onyx-collective-onyx-collective-and-motive-2025/
2025,Clio Entertaiment,Underdogs,National Geographic,Silver,United States,Silk Factory,Audio Visual Trailer,Audio Visual Trailer,,https://resized-media.entries.clios.com/companies/143610/media/aa9eb3c0-c078-4cb6-9ad2-08ddcf598d69-thumbnail.0000000.jpg,https://clios.com/winners-gallery/details/200886,/awards/clio_entertainment/2025/campaigns/underdogs-national-geographic-silk-factory-2025/
2025,Clio Entertaiment,Black Mirror (Season 7) - Trailer,Netflix,Silver,United Kingdom,ZEALOT,Audio Visual Trailer,Audio Visual Trailer,,https://resized-media.entries.clios.com/companies/5472/media/c8bfa37b-75ba-4df6-a5f9-08ddca1e8d72-thumbnail.0000000.jpg,https://clios.com/winners-gallery/details/200894,/awards/clio_entertainment/2025/campaigns/black-mirror-season-7-trailer-netflix-zealot-2025/
2025,Clio Entertaiment,Welcome Back,Severance S2,Silver,United States,Wild Card Creative Group,Audio Visual Trailer,Audio Visual Trailer,,https://resized-media.entries.clios.com/companies/4522/media/cd312838-9ae1-4476-4083-08ddbc3a4ea4-thumbnail.0000000.jpg,https://clios.com/winners-gallery/details/193587,/awards/clio_entertainment/2025/campaigns/welcome-back-severance-s2-wild-card-creative-group-2025/
2025,Clio Entertaiment,Abbott Elementary x Lysol,Abbott Elementary and Lysol,Silver,United States,Disney CreativeWorks,Branded Entertainment & Content,Brand Promo,,https://resized-media.entries.clios.com/companies/1911/media/1ce84e54-3779-4710-5ca8-08ddda7db5d2-medium.png.webp,https://clios.com/winners-gallery/details/202374,/awards/clio_entertainment/2025/campaigns/abbott-elementary-x-lysol-abbott-elementary-and-lysol-disney-creativeworks-2025/
2025,Clio Entertaiment,Greatest Stories Acts 1 - 5,Disney-,Silver,United States,Disney-,Branded Entertainment & Content,Brand Promo,,https://resized-media.entries.clios.com/companies/5663/media/47567dfe-fd2b-49ed-9d00-08ddcf598d69-medium.png.webp,https://clios.com/winners-gallery/details/201286,/awards/clio_entertainment/2025/campaigns/greatest-stories-acts-1-5-disney-disney-2025/
2025,Clio Entertaiment,Netflix is Blowing Up,Netflix,Silver,United States,Create Advertising Group,Branded Entertainment & Content,Brand Promo,,https://resized-media.entries.clios.com/companies/4951/media/d2141d92-3eec-4b8b-a08d-08ddca1e8d72-medium.png.webp,https://clios.com/winners-gallery/details/196431,/awards/clio_entertainment/2025/campaigns/netflix-is-blowing-up-netflix-create-advertising-group-2025/
2025,Clio Entertaiment,Nothing brings us together like great TV,TV Licensing,Silver,United Kingdom,Red Bee Creative,Branded Entertainment & Content,Brand Promo,,https://resized-media.entries.clios.com/companies/140833/media/27c5f2d7-f38d-4cf7-fe83-08ddda84979b-thumbnail.0000000.jpg,https://clios.com/winners-gallery/details/200837,/awards/clio_entertainment/2025/campaigns/nothing-brings-us-together-like-great-tv-tv-licensing-red-bee-creative-2025/
2025,Clio Entertaiment,Sesame Street at the Paris Olympics,Sesame Workshop,Silver,United States,Sesame Workshop,Branded Entertainment & Content,Digital Mobile & Social Media,,https://resized-media.entries.clios.com/companies/5459/media/514f8337-1440-4f74-4bca-08dd42fc65d2-medium.jpg.webp,https://clios.com/winners-gallery/details/195992,/awards/clio_entertainment/2025/campaigns/sesame-street-at-the-paris-olympics-sesame-workshop-sesame-workshop-2025/
2025,Clio Entertaiment,Westsides Finest,The Coca-Cola Company,Silver,United States,Majority,Branded Entertainment & Content,Diversity in Storytelling,,https://resized-media.entries.clios.com/companies/1572/media/609f0b60-d570-48f3-02d4-08dd8372b990-medium.jpg.webp,https://clios.com/winners-gallery/details/195476,/awards/clio_entertainment/2025/campaigns/westsides-finest-the-coca-cola-company-majority-2025/
2025,Clio Entertaiment,Happiness and Love | A True Story on WhatsApp,WhatsApp,Silver,United States,Modern Arts,Branded Entertainment & Content,Diversity in Storytelling,,https://resized-media.entries.clios.com/companies/141981/media/497ae472-ad80-46f8-fe4c-08ddda84979b-medium.jpg.webp,https://clios.com/winners-gallery/details/202715,/awards/clio_entertainment/2025/campaigns/happiness-and-love-a-true-story-on-whatsapp-whatsapp-modern-arts-2025/
2025,Clio Entertaiment,PLATFORM 0 (The Last Of Us),Max Spain,Silver,Spain,CYW,Branded Entertainment & Content,Experiential & Activations,,https://resized-media.entries.clios.com/companies/5103/media/bc503030-401a-40ab-42df-08dda8286ac6-medium.jpg.webp,https://clios.com/winners-gallery/details/194951,/awards/clio_entertainment/2025/campaigns/platform-0-the-last-of-us-max-spain-cyw-2025-2/
2025,Clio Entertaiment,Westsides Finest,The Coca-Cola Company,Silver,United States,Majority,Branded Entertainment & Content,Film,,https://resized-media.entries.clios.com/companies/1572/media/609f0b60-d570-48f3-02d4-08dd8372b990-medium.jpg.webp,https://clios.com/winners-gallery/details/195485,/awards/clio_entertainment/2025/campaigns/westsides-finest-the-coca-cola-company-majority-2025-2/
2025,Clio Entertaiment,The Gilmore Gift,Walmart,Silver,United States,Publicis Groupe,Branded Entertainment & Content,Film,,https://resized-media.entries.clios.com/companies/2714/media/90fac6d7-770a-4826-b1cb-08dd4de0928e-medium.jpg.webp,https://clios.com/winners-gallery/details/201807,/awards/clio_entertainment/2025/campaigns/the-gilmore-gift-walmart-publicis-groupe-2025/
2025,Clio Entertaiment,Wednesday The Meal of Misfortune,Netflix,Silver,United States,Netflix,Branded Entertainment & Content,Film,,https://resized-media.entries.clios.com/companies/5401/media/f4549650-f565-48f2-5f63-08ddda7db5d2-medium.jpg.webp,https://clios.com/winners-gallery/details/200579,/awards/clio_entertainment/2025/campaigns/wednesday-the-meal-of-misfortune-netflix-netflix-2025-2/
2025,Clio Entertaiment,YOURE NOT READY,Netflix,Silver,United States,Netflix,Branded Entertainment & Content,Film,,https://resized-media.entries.clios.com/companies/1906/media/4529e481-149d-445b-5eb2-08ddda7db5d2-medium.jpg.webp,https://clios.com/winners-gallery/details/202652,/awards/clio_entertainment/2025/campaigns/youre-not-ready-netflix-netflix-2025-3/
2025,Clio Entertaiment,HBO Max Pride 2025 Trixie Mattel’s Gay HBO Max Song,HBO Max,Silver,United States,HBO Max,Branded Entertainment & Content,Influencer & Talent Storytelling,,https://resized-media.entries.clios.com/companies/5072/media/e8a7d805-e979-44f9-a1d6-08ddcf598d69-thumbnail.0000000.jpg,https://clios.com/winners-gallery/details/201546,/awards/clio_entertainment/2025/campaigns/hbo-max-pride-2025-trixie-mattels-gay-hbo-max-song-hbo-max-hbo-max-2025-3/
2025,Clio Entertaiment,Shifting Into Culture,Ford Motor Company,Silver,United States,NBCUniversal,Branded Entertainment & Content,Influencer & Talent Storytelling,,https://resized-media.entries.clios.com/companies/141030/media/015f352d-3d5c-40e0-9706-08ddcf598d69-medium.jpg.webp,https://clios.com/winners-gallery/details/199453,/awards/clio_entertainment/2025/campaigns/shifting-into-culture-ford-motor-company-nbcuniversal-2025/
2025,Clio Entertaiment,The truth about Yusuf Dikeç,SkyShowtime,Silver,United Kingdom,Melic Creative - Production Studio,Branded Entertainment & Content,Influencer & Talent Storytelling,,https://resized-media.entries.clios.com/companies/143138/media/2e6b989d-57ce-474b-ad15-08dd8c8288b4-medium.jpg.webp,https://clios.com/winners-gallery/details/193969,/awards/clio_entertainment/2025/campaigns/the-truth-about-yusuf-dikec-skyshowtime-melic-creative-production-studio-2025/
2025,Clio Entertaiment,Try It with Leslie Jones,Google Gemini,Silver,United States,NBCUniversal,Branded Entertainment & Content,Influencer & Talent Storytelling,,https://resized-media.entries.clios.com/companies/141030/media/8629dbf6-f517-4cc4-94e7-08ddcf598d69-medium.png.webp,https://clios.com/winners-gallery/details/196565,/awards/clio_entertainment/2025/campaigns/try-it-with-leslie-jones-google-gemini-nbcuniversal-2025/
2025,Clio Entertaiment,Patrick Starship Enterprise,Paramount-,Silver,United States,Paramount-,Creative Effectiveness,Audio Visual,,https://resized-media.entries.clios.com/companies/143511/media/57106568-c42e-498c-5ea4-08ddda7db5d2-medium.jpg.webp,https://clios.com/winners-gallery/details/203036,/awards/clio_entertainment/2025/campaigns/patrick-starship-enterprise-paramount-paramount-2025/
2025,Clio Entertaiment,The White Lotus Season 3 - Social Campaign,HBO Max,Silver,United States,HBO Max Originals Marketing,Creative Effectiveness,Digital Mobile & Social Media,,https://resized-media.entries.clios.com/companies/5072/media/141fb278-071f-4ea1-5ba0-08ddda7db5d2-thumbnail.0000000.jpg,https://clios.com/winners-gallery/details/202910,/awards/clio_entertainment/2025/campaigns/the-white-lotus-season-3-social-campaign-hbo-max-hbo-max-originals-marketing-2025/
2025,Clio Entertaiment,PLATFORM 0 (The Last Of Us),Max Spain,Silver,Spain,CYW,Creative Effectiveness,Experiential & Activations,,https://resized-media.entries.clios.com/companies/5103/media/bc503030-401a-40ab-42df-08dda8286ac6-medium.jpg.webp,https://clios.com/winners-gallery/details/195295,/awards/clio_entertainment/2025/campaigns/platform-0-the-last-of-us-max-spain-cyw-2025-3/
2025,Clio Entertaiment,The White Lotus - Activations,HBO Max,Silver,United States,HBO Max Originals Marketing,Creative Effectiveness,Experiential & Activations,,https://resized-media.entries.clios.com/companies/5072/media/09533e28-67d3-49e3-5b17-08ddda7db5d2-thumbnail.0000000.jpg,https://clios.com/winners-gallery/details/202914,/awards/clio_entertainment/2025/campaigns/the-white-lotus-activations-hbo-max-hbo-max-originals-marketing-2025/
2025,Clio Entertaiment,FARGO IN A BOX,Bisquick,Silver,United States,Pereira ODell,Design,‌Other,,https://resized-media.entries.clios.com/companies/2128/media/5dfa6eaf-080e-40b5-ad35-08dd20b743c5-medium.jpg.webp,https://clios.com/winners-gallery/details/193066,/awards/clio_entertainment/2025/campaigns/fargo-in-a-box-bisquick-pereira-odell-2025-2/
2025,Clio Entertaiment,Adult Swim Brand IDs,Adult Swim,Silver,United States,Adult Swim,Design,Bumpers Idents & Interstitials,,https://resized-media.entries.clios.com/companies/4949/media/78bdc120-5a0d-4cf4-9ff4-08ddca1e8d72-medium.jpg.webp,https://clios.com/winners-gallery/details/195204,/awards/clio_entertainment/2025/campaigns/adult-swim-brand-ids-adult-swim-adult-swim-2025/
2025,Clio Entertaiment,Netflix N | Squid Game Season 2,Squid Game Season 2,Silver,United States,Devastudios Inc,Design,Bumpers Idents & Interstitials,,https://resized-media.entries.clios.com/companies/4930/media/47a14ff6-c509-4ded-40f0-08ddbc3a4ea4-medium.jpg.webp,https://clios.com/winners-gallery/details/196657,/awards/clio_entertainment/2025/campaigns/netflix-n-squid-game-season-2-squid-game-season-2-devastudios-inc-2025/
2025,Clio Entertaiment,Grotesquerie,FX,Silver,United States,FX,Design,Logo,,https://resized-media.entries.clios.com/companies/4559/media/85c9cf29-55a0-4c22-a39d-08ddcf598d69-medium.jpg.webp,https://clios.com/winners-gallery/details/201971,/awards/clio_entertainment/2025/campaigns/grotesquerie-fx-fx-2025/
2025,Clio Entertaiment,American Horror Stories S3 - Part 2 - 15 Haunted ID,FX,Silver,United States,FX,Design,Motion Graphics,,https://resized-media.entries.clios.com/companies/4559/media/4acbc645-9374-4e66-4261-08dda8286ac6-medium.jpg.webp,https://clios.com/winners-gallery/details/194141,/awards/clio_entertainment/2025/campaigns/american-horror-stories-s3-part-2-15-haunted-id-fx-fx-2025/
2025,Clio Entertaiment,Abbott Elementary Season 4 Premiere Dio-Drama 30,ABC,Silver,United States,ABC,Design,Special Design Promo,,https://resized-media.entries.clios.com/companies/4657/media/ab2bc01a-2b18-4e51-433a-08ddbc3a4ea4-medium.jpg.webp,https://clios.com/winners-gallery/details/197419,/awards/clio_entertainment/2025/campaigns/abbott-elementary-season-4-premiere-dio-drama-30-abc-abc-2025-2/
2025,Clio Entertaiment,Abbott Elementary Season 4 Premiere Dio-Drama Campaign,ABC,Silver,United States,ABC,Design,Special Design Promo,,https://resized-media.entries.clios.com/companies/4657/media/c0d391d0-ed39-4e1d-a107-08ddbc6e7e05-medium.png.webp,https://clios.com/winners-gallery/details/197422,/awards/clio_entertainment/2025/campaigns/abbott-elementary-season-4-premiere-dio-drama-campaign-abc-abc-2025-2/
2025,Clio Entertaiment,American Horror Stories S3 Part 2 - 30 Goes Dark,FX,Silver,United States,FX,Design,Special Design Promo,,https://resized-media.entries.clios.com/companies/4559/media/5d1d2a73-8d84-47a4-3f5e-08dda8286ac6-medium.jpg.webp,https://clios.com/winners-gallery/details/194142,/awards/clio_entertainment/2025/campaigns/american-horror-stories-s3-part-2-30-goes-dark-fx-fx-2025/
2025,Clio Entertaiment,SpongeBob 25 Campaign,Nickelodeon,Silver,United States,MTV Entertainment Studios and Kids & Family,Digital Mobile & Social Media,Digital & Mobile,‌Other,https://resized-media.entries.clios.com/companies/2542/media/99d91ee5-f6e0-4260-a6bc-08ddca1e8d72-thumbnail.0000000.jpg,https://clios.com/winners-gallery/details/203426,/awards/clio_entertainment/2025/campaigns/spongebob-25-campaign-nickelodeon-mtv-entertainment-studios-and-kids-and-family-2025/
2025,Clio Entertaiment,Black Mirror x TCKR Website,Black Mirror,Silver,United Kingdom,Make it Social,Digital Mobile & Social Media,Digital & Mobile,Microsite & Website,https://resized-media.entries.clios.com/companies/143376/media/d863b907-81e4-4881-9add-08ddcf598d69-thumbnail.0000000.jpg,https://clios.com/winners-gallery/details/196271,/awards/clio_entertainment/2025/campaigns/black-mirror-x-tckr-website-black-mirror-make-it-social-2025/
2025,Clio Entertaiment,King of the Hill - This Past Weekend with Theo Von,Hulu Originals,Silver,United States,Hulu Originals,Digital Mobile & Social Media,Social Media,Long-Form Social Media Video,https://resized-media.entries.clios.com/companies/4885/media/0d642ca4-15f5-4d44-5ab5-08ddda7db5d2-medium.png.webp,https://clios.com/winners-gallery/details/202811,/awards/clio_entertainment/2025/campaigns/king-of-the-hill-this-past-weekend-with-theo-von-hulu-originals-hulu-originals-2025/
2025,Clio Entertaiment,Powerline Live! A Goofy Movie 360° Concert Experience,The Walt Disney Company,Silver,United States,The Walt Disney Company,Digital Mobile & Social Media,Social Media,Long-Form Social Media Video,https://resized-media.entries.clios.com/companies/4947/media/9ed7d84a-16d7-4063-a0fb-08ddcf598d69-medium.jpg.webp,https://clios.com/winners-gallery/details/201989,/awards/clio_entertainment/2025/campaigns/powerline-live-a-goofy-movie-360-concert-experience-the-walt-disney-company-the-walt-disney-company-2025/
2025,Clio Entertaiment,Sennas Cut,Netflix,Silver,Argentina,Monks,Digital Mobile & Social Media,Social Media,Long-Form Social Media Video,https://resized-media.entries.clios.com/companies/99/media/56f21f2e-1e7f-48fa-871a-08dda8280727-medium.jpg.webp,https://clios.com/winners-gallery/details/196403,/awards/clio_entertainment/2025/campaigns/sennas-cut-netflix-monks-2025-3/
2025,Clio Entertaiment,A Social Transformation,The White Lotus S3,Silver,United States,BOND,Digital Mobile & Social Media,Social Media,Mixed Campaign,https://resized-media.entries.clios.com/companies/4830/media/4d8e165c-59b4-4c40-a210-08ddcf598d69-thumbnail.0000000.jpg,https://clios.com/winners-gallery/details/196985,/awards/clio_entertainment/2025/campaigns/a-social-transformation-the-white-lotus-s3-bond-2025/
2025,Clio Entertaiment,Agatha All Along Digital Campaign,Marvel Studios,Silver,United States,The Walt Disney Studios,Digital Mobile & Social Media,Social Media,Mixed Campaign,https://resized-media.entries.clios.com/companies/143874/media/afa82782-ff1b-4d5b-af46-08ddca1e8d72-thumbnail.0000000.jpg,https://clios.com/winners-gallery/details/202459,/awards/clio_entertainment/2025/campaigns/agatha-all-along-digital-campaign-marvel-studios-the-walt-disney-studios-2025/
2025,Clio Entertaiment,Bring Korea To Trend Worldwide,Netflix,Silver,South Korea,Netflix,Digital Mobile & Social Media,Social Media,Mixed Campaign,https://resized-media.entries.clios.com/companies/4733/media/639402b0-9147-4012-fbc2-08ddda84979b-medium.jpg.webp,https://clios.com/winners-gallery/details/203278,/awards/clio_entertainment/2025/campaigns/bring-korea-to-trend-worldwide-netflix-netflix-2025/
2025,Clio Entertaiment,Hell of a Sendoff,The Righteous Gemstones S4,Silver,United States,BOND,Digital Mobile & Social Media,Social Media,Mixed Campaign,https://resized-media.entries.clios.com/companies/4830/media/f044c312-c8fe-408e-acc0-08ddca1e8d72-thumbnail.0000000.jpg,https://clios.com/winners-gallery/details/197023,/awards/clio_entertainment/2025/campaigns/hell-of-a-sendoff-the-righteous-gemstones-s4-bond-2025/
2025,Clio Entertaiment,Social Campaign,The Penguin,Silver,United States,MOCEAN,Digital Mobile & Social Media,Social Media,Mixed Campaign,https://resized-media.entries.clios.com/companies/813/media/aa87184f-ef80-40f2-03df-08dd8372b990-thumbnail.0000000.jpg,https://clios.com/winners-gallery/details/203193,/awards/clio_entertainment/2025/campaigns/social-campaign-the-penguin-mocean-2025/
2025,Clio Entertaiment,Squid Game Global Social Campaign,Squid Game on Netflix,Silver,South Korea,Netflix,Digital Mobile & Social Media,Social Media,Mixed Campaign,https://resized-media.entries.clios.com/companies/4733/media/639402b0-9147-4012-fbc2-08ddda84979b-medium.jpg.webp,https://clios.com/winners-gallery/details/197160,/awards/clio_entertainment/2025/campaigns/squid-game-global-social-campaign-squid-game-on-netflix-netflix-2025/
2025,Clio Entertaiment,SuperBowl LVIII,Nickelodeon,Silver,United States,MTV Entertainment Studios and Kids & Family,Digital Mobile & Social Media,Social Media,Mixed Campaign,https://resized-media.entries.clios.com/companies/2542/media/c0e84fd8-e523-42cc-a760-08ddca1e8d72-thumbnail.0000000.jpg,https://clios.com/winners-gallery/details/201412,/awards/clio_entertainment/2025/campaigns/superbowl-lviii-nickelodeon-mtv-entertainment-studios-and-kids-and-family-2025/
2025,Clio Entertaiment,Bring Korea To The World - Squid Games Season 2 Launch,Netflix,Silver,United States,Founders Agency,Digital Mobile & Social Media,Social Media,Organic Social Media Post,https://resized-media.entries.clios.com/companies/5398/media/2c61584f-7606-4b72-ad7b-08ddca1e8d72-medium.png.webp,https://clios.com/winners-gallery/details/202219,/awards/clio_entertainment/2025/campaigns/bring-korea-to-the-world-squid-games-season-2-launch-netflix-founders-agency-2025-3/
2025,Clio Entertaiment,Kids React to REAL Bugs,A Real Bugs Life Season 2,Silver,United States,National Geographic,Digital Mobile & Social Media,Social Media,Organic Social Media Post,https://resized-media.entries.clios.com/companies/4339/media/8376f3be-25d5-448e-9687-08ddcf598d69-medium.png.webp,https://clios.com/winners-gallery/details/199667,/awards/clio_entertainment/2025/campaigns/kids-react-to-real-bugs-a-real-bugs-life-season-2-national-geographic-2025/
2025,Clio Entertaiment,Vanderpump Villa Season 2 Ranch Dressing Music Mix,Hulu Originals,Silver,United States,Hulu Originals,Digital Mobile & Social Media,Social Media,Organic Social Media Post,https://resized-media.entries.clios.com/companies/4885/media/41c45697-84cf-41fc-a2c9-08ddbc6e7e05-medium.png.webp,https://clios.com/winners-gallery/details/197934,/awards/clio_entertainment/2025/campaigns/vanderpump-villa-season-2-ranch-dressing-music-mix-hulu-originals-hulu-originals-2025/
2025,Clio Entertaiment,9-1-1 Season 8 Social Campaign,ABC,Silver,United States,ABC,Digital Mobile & Social Media,Social Media,Paid Social Media Post,https://resized-media.entries.clios.com/companies/4657/media/81dea27e-4b8e-4783-4320-08ddbc3a4ea4-medium.png.webp,https://clios.com/winners-gallery/details/197375,/awards/clio_entertainment/2025/campaigns/9-1-1-season-8-social-campaign-abc-abc-2025/
2025,Clio Entertaiment,Piper No!,The White Lotus S3,Silver,United States,BOND,Digital Mobile & Social Media,Social Media,Short-Form Social Media Video,https://resized-media.entries.clios.com/companies/4830/media/3a15511c-4164-4811-a22b-08ddcf598d69-medium.png.webp,https://clios.com/winners-gallery/details/196999,/awards/clio_entertainment/2025/campaigns/piper-no-the-white-lotus-s3-bond-2025/
2025,Clio Entertaiment,Rings of Power S2,Amazon MGM,Silver,United States,Concept Arts,Digital Mobile & Social Media,Social Media,Short-Form Social Media Video,https://resized-media.entries.clios.com/companies/4702/media/0a21aa0f-b65a-4b0b-86fc-08dda8280727-medium.png.webp,https://clios.com/winners-gallery/details/196300,/awards/clio_entertainment/2025/campaigns/rings-of-power-s2-amazon-mgm-concept-arts-2025/
2025,Clio Entertaiment,Signals from the Underworld,The Penguin S1,Silver,United States,BOND,Digital Mobile & Social Media,Social Media,Short-Form Social Media Video,https://resized-media.entries.clios.com/companies/4830/media/a85e1b94-8ed3-4972-a1fd-08ddcf598d69-thumbnail.0000000.jpg,https://clios.com/winners-gallery/details/197014,/awards/clio_entertainment/2025/campaigns/signals-from-the-underworld-the-penguin-s1-bond-2025/
2025,Clio Entertaiment,Sweet Bobby - Routine Social Spot,Netflix,Silver,United Kingdom,ZEALOT,Digital Mobile & Social Media,Social Media,Short-Form Social Media Video,https://resized-media.entries.clios.com/companies/5472/media/ab65b5a3-59aa-4c7c-9edb-08ddcf598d69-medium.jpg.webp,https://clios.com/winners-gallery/details/201569,/awards/clio_entertainment/2025/campaigns/sweet-bobby-routine-social-spot-netflix-zealot-2025/
2025,Clio Entertaiment,30 Years of A Goofy Movie — ”Join The Tour” Mailer,The Walt Disney Company,Silver,United States,The Walt Disney Company,Digital Mobile & Social Media,Social Media,Use of Influencer & Talent,https://resized-media.entries.clios.com/companies/4947/media/63d08ad4-fd70-401e-5f91-08ddda7db5d2-thumbnail.0000000.jpg,https://clios.com/winners-gallery/details/202086,/awards/clio_entertainment/2025/campaigns/30-years-of-a-goofy-movie-join-the-tour-mailer-the-walt-disney-company-the-walt-disney-company-2025/
2025,Clio Entertaiment,HBO Max Pride 2025 Trixie Mattel’s Gay HBO Max Song,HBO Max,Silver,United States,HBO Max,Digital Mobile & Social Media,Social Media,Use of Influencer & Talent,https://resized-media.entries.clios.com/companies/5072/media/e8a7d805-e979-44f9-a1d6-08ddcf598d69-thumbnail.0000000.jpg,https://clios.com/winners-gallery/details/201549,/awards/clio_entertainment/2025/campaigns/hbo-max-pride-2025-trixie-mattels-gay-hbo-max-song-hbo-max-hbo-max-2025-4/
2025,Clio Entertaiment,Star Trek Lower Decks Recording Studio Behind-The-Scenes Mockumentary,Paramount-,Silver,United States,Paramount-,Digital Mobile & Social Media,Social Media,Use of Influencer & Talent,https://resized-media.entries.clios.com/companies/143511/media/24eeb31f-f3cc-48de-fc70-08ddda84979b-medium.jpg.webp,https://clios.com/winners-gallery/details/203045,/awards/clio_entertainment/2025/campaigns/star-trek-lower-decks-recording-studio-behind-the-scenes-mockumentary-paramount-paramount-2025/
2025,Clio Entertaiment,The truth about Yusuf Dikeç,SkyShowtime,Silver,United Kingdom,Melic Creative - Production Studio,Digital Mobile & Social Media,Social Media,Use of Influencer & Talent,https://resized-media.entries.clios.com/companies/143138/media/2e6b989d-57ce-474b-ad15-08dd8c8288b4-medium.jpg.webp,https://clios.com/winners-gallery/details/193971,/awards/clio_entertainment/2025/campaigns/the-truth-about-yusuf-dikec-skyshowtime-melic-creative-production-studio-2025-2/
2025,Clio Entertaiment,Black Mirror (Season 7) - Entertainment Spot,Netflix,Silver,United Kingdom,ZEALOT,Digital Mobile & Social Media,Social Media,Viral Post,https://resized-media.entries.clios.com/companies/5472/media/007d4dff-fdae-4321-9eee-08ddcf598d69-medium.png.webp,https://clios.com/winners-gallery/details/201588,/awards/clio_entertainment/2025/campaigns/black-mirror-season-7-entertainment-spot-netflix-zealot-2025/
2025,Clio Entertaiment,Modern Family - Coldplay Reactive,Hulu,Silver,United States,Hulu Brand,Digital Mobile & Social Media,Social Media,Viral Post,https://resized-media.entries.clios.com/companies/4996/media/cfb37189-7d76-480d-a566-08ddcf598d69-medium.png.webp,https://clios.com/winners-gallery/details/202706,/awards/clio_entertainment/2025/campaigns/modern-family-coldplay-reactive-hulu-hulu-brand-2025/
2025,Clio Entertaiment,Viral Pina Colada,Coffee mate,Silver,United States,Nestle USA,Digital Mobile & Social Media,Social Media,Viral Post,https://resized-media.entries.clios.com/companies/143701/media/a5f05f80-db76-42aa-9efd-08ddcf598d69-medium.png.webp,https://clios.com/winners-gallery/details/200881,/awards/clio_entertainment/2025/campaigns/viral-pina-colada-coffee-mate-nestle-usa-2025/
2025,Clio Entertaiment,Daredevil Born Again In-Situ Art Series,Daredevil Born Again,Silver,United States,MEOKCA Inc dba Poster Posse,Digital Mobile & Social Media Craft,‌Other,,https://resized-media.entries.clios.com/companies/5754/media/5bb8e325-67c5-4a0e-9d26-08ddcf598d69-medium.png.webp,https://clios.com/winners-gallery/details/201301,/awards/clio_entertainment/2025/campaigns/daredevil-born-again-in-situ-art-series-daredevil-born-again-meokca-inc-dba-poster-posse-2025/
2025,Clio Entertaiment,Zooming Things Into Perspective,Pixars Win or Lose,Silver,United States,Walt Disney Studios,Digital Mobile & Social Media Craft,Direction,,https://resized-media.entries.clios.com/companies/143312/media/308b0963-5789-48ac-a0ed-08ddca1e8d72-medium.png.webp,https://clios.com/winners-gallery/details/197238,/awards/clio_entertainment/2025/campaigns/zooming-things-into-perspective-pixars-win-or-lose-walt-disney-studios-2025/
2025,Clio Entertaiment,Earnhardt - Split Legacy,Amazon MGM Studios,Silver,United States,Amazon MGM Studios,Digital Mobile & Social Media Craft,Editing,,https://resized-media.entries.clios.com/companies/143548/media/32046dab-592a-448d-a72e-08ddca1e8d72-medium.png.webp,https://clios.com/winners-gallery/details/200580,/awards/clio_entertainment/2025/campaigns/earnhardt-split-legacy-amazon-mgm-studios-amazon-mgm-studios-2025/
2025,Clio Entertaiment,Freeze Frame,Ironheart,Silver,United States,Tiny Hero,Digital Mobile & Social Media Craft,Editing,,https://resized-media.entries.clios.com/companies/4875/media/a2086cce-7249-45c8-99dc-08ddcf598d69-medium.jpg.webp,https://clios.com/winners-gallery/details/200655,/awards/clio_entertainment/2025/campaigns/freeze-frame-ironheart-tiny-hero-2025/
2025,Clio Entertaiment,Only Murders in the Building Season 4 Typography Loop,Hulu Originals,Silver,United States,Hulu Originals,Digital Mobile & Social Media Craft,Editing,,https://resized-media.entries.clios.com/companies/4885/media/21a46e0c-3624-40d2-a2b5-08ddbc6e7e05-medium.png.webp,https://clios.com/winners-gallery/details/197911,/awards/clio_entertainment/2025/campaigns/only-murders-in-the-building-season-4-typography-loop-hulu-originals-hulu-originals-2025/
2025,Clio Entertaiment,Black Mirror (Season 7) - On Specs Spot,Netflix,Silver,United Kingdom,ZEALOT,Digital Mobile & Social Media Craft,Motion Graphics,,https://resized-media.entries.clios.com/companies/5472/media/538e9f39-a81d-468b-aa37-08ddca1e8d72-medium.png.webp,https://clios.com/winners-gallery/details/201582,/awards/clio_entertainment/2025/campaigns/black-mirror-season-7-on-specs-spot-netflix-zealot-2025/
2025,Clio Entertaiment,Blood,Alien Earth,Silver,United States,ZEALOT,Digital Mobile & Social Media Craft,Motion Graphics,,https://resized-media.entries.clios.com/companies/2177/media/13f43cf0-7f8d-476d-a7b3-08ddca1e8d72-thumbnail.0000000.jpg,https://clios.com/winners-gallery/details/200593,/awards/clio_entertainment/2025/campaigns/blood-alien-earth-zealot-2025/
2025,Clio Entertaiment,Coach Prime - Whistle 3D Animation,Amazon MGM Studios,Silver,United States,Amazon MGM Studios,Digital Mobile & Social Media Craft,Motion Graphics,,https://resized-media.entries.clios.com/companies/143548/media/0cf168c2-9b6a-441e-a75b-08ddca1e8d72-medium.png.webp,https://clios.com/winners-gallery/details/200190,/awards/clio_entertainment/2025/campaigns/coach-prime-whistle-3d-animation-amazon-mgm-studios-amazon-mgm-studios-2025/
2025,Clio Entertaiment,Only Murders in the Building Season 4 Typography Loop,Hulu Originals,Silver,United States,Hulu Originals,Digital Mobile & Social Media Craft,Motion Graphics,,https://resized-media.entries.clios.com/companies/4885/media/21a46e0c-3624-40d2-a2b5-08ddbc6e7e05-medium.png.webp,https://clios.com/winners-gallery/details/197909,/awards/clio_entertainment/2025/campaigns/only-murders-in-the-building-season-4-typography-loop-hulu-originals-hulu-originals-2025-2/
2025,Clio Entertaiment,Secret Level | Demo Disc Teaser,Secret Level on Prime Video,Silver,United States,Cynosure Creative Agency,Digital Mobile & Social Media Craft,Motion Graphics,,https://resized-media.entries.clios.com/companies/5245/media/f909a1b1-441b-4363-8029-08dda8280727-medium.jpg.webp,https://clios.com/winners-gallery/details/194166,/awards/clio_entertainment/2025/campaigns/secret-level-demo-disc-teaser-secret-level-on-prime-video-cynosure-creative-agency-2025/
2025,Clio Entertaiment,BRAIN ON PRIME,PRIME VIDEO,Silver,Canada,We Are Social Canada,Digital Mobile & Social Media Craft,Music,,https://resized-media.entries.clios.com/companies/140437/media/4defe2e9-7b6e-4395-a053-08ddbc6e7e05-medium.png.webp,https://clios.com/winners-gallery/details/195305,/awards/clio_entertainment/2025/campaigns/brain-on-prime-prime-video-we-are-social-canada-2025/
2025,Clio Entertaiment,SFX,Ironheart,Silver,United States,Tiny Hero,Digital Mobile & Social Media Craft,Sound Design,,https://resized-media.entries.clios.com/companies/4875/media/816b6222-ca7f-44d2-99e2-08ddcf598d69-medium.jpg.webp,https://clios.com/winners-gallery/details/200661,/awards/clio_entertainment/2025/campaigns/sfx-ironheart-tiny-hero-2025/
2025,Clio Entertaiment,Vanderpump Villa Season 2 Ranch Dressing Music Mix,Hulu Originals,Silver,United States,Hulu Originals,Digital Mobile & Social Media Craft,Sound Design,,https://resized-media.entries.clios.com/companies/4885/media/41c45697-84cf-41fc-a2c9-08ddbc6e7e05-medium.png.webp,https://clios.com/winners-gallery/details/197936,/awards/clio_entertainment/2025/campaigns/vanderpump-villa-season-2-ranch-dressing-music-mix-hulu-originals-hulu-originals-2025-2/
2025,Clio Entertaiment,A Night in the Squid Game Dorm,Netflix,Silver,Italy,DUDE Milan,Experiential & Activations,Special Event & Stunt,,https://resized-media.entries.clios.com/companies/2486/media/9ebbf9c8-889a-42f1-86a4-08dda8280727-medium.jpg.webp,https://clios.com/winners-gallery/details/196450,/awards/clio_entertainment/2025/campaigns/a-night-in-the-squid-game-dorm-netflix-dude-milan-2025-2/
2025,Clio Entertaiment,Call Of Duty NEXT,Call Of Duty,Silver,United States,Activision,Fan Engagement,‌Other,,https://resized-media.entries.clios.com/companies/810/media/b747b888-25cc-4d54-94f2-08ddcf598d69-medium.png.webp,https://clios.com/winners-gallery/details/201619,/awards/clio_entertainment/2025/campaigns/call-of-duty-next-call-of-duty-activision-2025/
2025,Clio Entertaiment,Live From New York The SNL50 Experience,NBC,Silver,United States,NVE Experience Agency,Fan Engagement,‌Other,,https://resized-media.entries.clios.com/companies/651/media/13c19e21-840a-4ec6-aa22-08ddca1e8d72-medium.jpg.webp,https://clios.com/winners-gallery/details/202142,/awards/clio_entertainment/2025/campaigns/live-from-new-york-the-snl50-experience-nbc-nve-experience-agency-2025/
2025,Clio Entertaiment,Sennas Cut,Netflix,Silver,Argentina,Monks,Fan Engagement,Audio Visual,,https://resized-media.entries.clios.com/companies/99/media/56f21f2e-1e7f-48fa-871a-08dda8280727-medium.jpg.webp,https://clios.com/winners-gallery/details/196405,/awards/clio_entertainment/2025/campaigns/sennas-cut-netflix-monks-2025-4/
2025,Clio Entertaiment,Black Mirror x TCKR Systems,Black Mirror,Silver,United Kingdom,Make it Social,Fan Engagement,Digital & Mobile,,https://resized-media.entries.clios.com/companies/143376/media/d863b907-81e4-4881-9add-08ddcf598d69-thumbnail.0000000.jpg,https://clios.com/winners-gallery/details/200888,/awards/clio_entertainment/2025/campaigns/black-mirror-x-tckr-systems-black-mirror-make-it-social-2025/
2025,Clio Entertaiment,Body Swap,Netflix,Silver,United States,AKQA,Fan Engagement,Digital & Mobile,,https://resized-media.entries.clios.com/companies/141718/media/430568d1-b73b-43b0-80aa-08dda8280727-medium.jpg.webp,https://clios.com/winners-gallery/details/194354,/awards/clio_entertainment/2025/campaigns/body-swap-netflix-akqa-2025-5/
2025,Clio Entertaiment,Learn Korean Or Else,Duolingo,Silver,United States,Netflix,Fan Engagement,Partnerships,,https://resized-media.entries.clios.com/companies/4733/media/8f55f1d3-b817-44ea-f965-08ddda84979b-medium.jpg.webp,https://clios.com/winners-gallery/details/197249,/awards/clio_entertainment/2025/campaigns/learn-korean-or-else-duolingo-netflix-2025-3/
2025,Clio Entertaiment,Prime Video Ricky Stanicky OnlyFans,Ricky Stanicky,Silver,United States,Flighthouse Media,Fan Engagement,Social Media,,https://resized-media.entries.clios.com/companies/143052/media/2ff2f189-999c-4fd7-982f-08ddcf598d69-medium.jpg.webp,https://clios.com/winners-gallery/details/195063,/awards/clio_entertainment/2025/campaigns/prime-video-ricky-stanicky-onlyfans-ricky-stanicky-flighthouse-media-2025/
2025,Clio Entertaiment,Severance - The Cube,Apple,Silver,United States,Apple,Innovation,Innovation,,https://resized-media.entries.clios.com/companies/143774/media/ea94117f-72ea-4753-a38a-08ddca1e8d72-medium.jpg.webp,https://clios.com/winners-gallery/details/200139,/awards/clio_entertainment/2025/campaigns/severance-the-cube-apple-apple-2025-3/
2025,Clio Entertaiment,Bring Korea To The World,Netflix,Silver,South Korea,Netflix,Integrated Campaign,Integrated Campaign,,https://resized-media.entries.clios.com/companies/4733/media/e5b66591-5d45-4a9a-41c2-08ddbc3a4ea4-medium.jpg.webp,https://clios.com/winners-gallery/details/197001,/awards/clio_entertainment/2025/campaigns/bring-korea-to-the-world-netflix-netflix-2025/
2025,Clio Entertaiment,Bring Korea To The World - Squid Games Season 2 Launch,Netflix,Silver,United States,Founders Agency,Integrated Campaign,Integrated Campaign,,https://resized-media.entries.clios.com/companies/5398/media/2c61584f-7606-4b72-ad7b-08ddca1e8d72-medium.png.webp,https://clios.com/winners-gallery/details/201831,/awards/clio_entertainment/2025/campaigns/bring-korea-to-the-world-squid-games-season-2-launch-netflix-founders-agency-2025-4/
2025,Clio Entertaiment,The Penguin Integrated Campaign,HBO,Silver,United States,HBO,Integrated Campaign,Integrated Campaign,,https://resized-media.entries.clios.com/companies/5072/media/d62ea185-28cd-402f-9663-08ddcf598d69-thumbnail.0000000.jpg,https://clios.com/winners-gallery/details/199470,/awards/clio_entertainment/2025/campaigns/the-penguin-integrated-campaign-hbo-hbo-2025/
2025,Clio Entertaiment,Adolescence - Key Art,Netflix,Silver,United Kingdom,ZEALOT,Key Art,‌Other,,https://resized-media.entries.clios.com/companies/5472/media/1e765282-c847-4b40-a9f0-08ddca1e8d72-medium.jpg.webp,https://clios.com/winners-gallery/details/201533,/awards/clio_entertainment/2025/campaigns/adolescence-key-art-netflix-zealot-2025/
2025,Clio Entertaiment,Its Always Sunny in Philadelphia Season 17 Key Art,Its Always Sunny in Philadelphia,Silver,United States,Leroy & Rose,Key Art,Domestic Poster,,https://resized-media.entries.clios.com/companies/4743/media/ff59a972-2a9c-42f4-84ee-08dda8280727-medium.jpg.webp,https://clios.com/winners-gallery/details/195492,/awards/clio_entertainment/2025/campaigns/its-always-sunny-in-philadelphia-season-17-key-art-its-always-sunny-in-philadelphia-leroy-and-rose-2025/
2025,Clio Entertaiment,Its Always Sunny in Philadelphia Season 17,FX Networks,Silver,United States,FX,Key Art,Hero Image,,https://resized-media.entries.clios.com/companies/4559/media/90318d37-f903-4f7b-9a04-08ddcf598d69-medium.jpg.webp,https://clios.com/winners-gallery/details/200543,/awards/clio_entertainment/2025/campaigns/its-always-sunny-in-philadelphia-season-17-fx-networks-fx-2025-2/
2025,Clio Entertaiment,The Old Man S2,FX Networks,Silver,United States,FX,Key Art,Hero Image,,https://resized-media.entries.clios.com/companies/4559/media/6e3b4e1e-5d19-4731-0324-08dd8372b990-medium.jpg.webp,https://clios.com/winners-gallery/details/192727,/awards/clio_entertainment/2025/campaigns/the-old-man-s2-fx-networks-fx-2025/
2025,Clio Entertaiment,Nine Puzzles Motion Poster,The Walt Disney Company Korea,Silver,South Korea,The Walt Disney Company Korea,Key Art,Motion Poster,,https://resized-media.entries.clios.com/companies/143522/media/5a58fb1b-2b5d-4f01-a1b5-08ddbc6e7e05-medium.png.webp,https://clios.com/winners-gallery/details/201505,/awards/clio_entertainment/2025/campaigns/nine-puzzles-motion-poster-the-walt-disney-company-korea-the-walt-disney-company-korea-2025/
2025,Clio Entertaiment,Lord of The Flies - Key Art,Sony Pictures,Silver,United States,Sony Pictures,Key Art,Teaser Poster,,https://resized-media.entries.clios.com/companies/143828/media/fe5bf4a8-ae0c-4bc1-aeaa-08ddca1e8d72-medium.jpg.webp,https://clios.com/winners-gallery/details/202268,/awards/clio_entertainment/2025/campaigns/lord-of-the-flies-key-art-sony-pictures-sony-pictures-2025/
2025,Clio Entertaiment,The Handmaids Tale Season 6 Teaser Poster,Hulu Originals,Silver,United States,Hulu Originals,Key Art,Teaser Poster,,https://resized-media.entries.clios.com/companies/4885/media/1fb725f5-0f5b-4f74-4442-08ddbc3a4ea4-medium.jpg.webp,https://clios.com/winners-gallery/details/197782,/awards/clio_entertainment/2025/campaigns/the-handmaids-tale-season-6-teaser-poster-hulu-originals-hulu-originals-2025/
2025,Clio Entertaiment,The Old Man S2,FX Networks,Silver,United States,FX,Key Art Craft,Use of Illustration,,https://resized-media.entries.clios.com/companies/4559/media/b7c9e66e-9bff-4236-aa5c-08dd8c8288b4-medium.jpg.webp,https://clios.com/winners-gallery/details/192825,/awards/clio_entertainment/2025/campaigns/the-old-man-s2-fx-networks-fx-2025-2/
2025,Clio Entertaiment,The Righteous Gemstones (S4),HBO Max,Silver,United States,Cold Open,Key Art Craft,Use of Illustration,,https://resized-media.entries.clios.com/companies/5090/media/82040f2f-d19c-4a8c-a183-08ddbc6e7e05-medium.jpg.webp,https://clios.com/winners-gallery/details/195068,/awards/clio_entertainment/2025/campaigns/the-righteous-gemstones-s4-hbo-max-cold-open-2025/
2025,Clio Entertaiment,Grotesquerie - Nun on Fence,FX Networks,Silver,United States,FX,Key Art Craft,Use of Photography,,https://resized-media.entries.clios.com/companies/4559/media/bdd30ca3-8377-43c5-aa5a-08dd8c8288b4-medium.jpg.webp,https://clios.com/winners-gallery/details/192821,/awards/clio_entertainment/2025/campaigns/grotesquerie-nun-on-fence-fx-networks-fx-2025/
2025,Clio Entertaiment,The Penguin x New York Times Gotham Gazette,HBO Max,Silver,United States,HBO Max Originals Marketing,Original Content,‌Other,,https://resized-media.entries.clios.com/companies/5072/media/2706ccc7-accd-447b-b0b6-08ddca1e8d72-thumbnail.0000000.jpg,https://clios.com/winners-gallery/details/202694,/awards/clio_entertainment/2025/campaigns/the-penguin-x-new-york-times-gotham-gazette-hbo-max-hbo-max-originals-marketing-2025/
2025,Clio Entertaiment,Behind The Scenes With Abbott Elementary The Making of a Promo-Rama,ABC,Silver,United States,ABC,Original Content,Behind the Scenes,,https://resized-media.entries.clios.com/companies/4657/media/ab2bc01a-2b18-4e51-433a-08ddbc3a4ea4-medium.jpg.webp,https://clios.com/winners-gallery/details/197417,/awards/clio_entertainment/2025/campaigns/behind-the-scenes-with-abbott-elementary-the-making-of-a-promo-rama-abc-abc-2025/
2025,Clio Entertaiment,CREATING THE CREATURES,AVATAR THE LAST AIRBENDER,Silver,United States,Trailer Park - a Trailer Park Group Company,Original Content,Behind the Scenes,,https://resized-media.entries.clios.com/companies/5218/media/7b06478f-60fa-4f5e-ab3f-08ddca1e8d72-medium.jpg.webp,https://clios.com/winners-gallery/details/201845,/awards/clio_entertainment/2025/campaigns/creating-the-creatures-avatar-the-last-airbender-trailer-park-a-trailer-park-group-company-2025/
2025,Clio Entertaiment,MAKING VOUGHT ON ICE,THE BOYS - SEASON 4,Silver,United States,Trailer Park - a Trailer Park Group Company,Original Content,Behind the Scenes,,https://resized-media.entries.clios.com/companies/5218/media/7f7a55e8-73d4-475f-a00a-08ddcf598d69-medium.jpg.webp,https://clios.com/winners-gallery/details/201788,/awards/clio_entertainment/2025/campaigns/making-vought-on-ice-the-boys-season-4-trailer-park-a-trailer-park-group-company-2025/
2025,Clio Entertaiment,Severance Season 2 Inside the Episodes,Apple TV-,Silver,United States,Monkey Deux Inc,Original Content,Behind the Scenes,,https://resized-media.entries.clios.com/companies/143135/media/3a61b92c-9d44-4847-4230-08ddbc3a4ea4-medium.png.webp,https://clios.com/winners-gallery/details/196101,/awards/clio_entertainment/2025/campaigns/severance-season-2-inside-the-episodes-apple-tv-monkey-deux-inc-2025/
2025,Clio Entertaiment,Lumon Is Listening,Severance,Silver,United States,Jamestown Productions,Original Content,Creative Content,,https://resized-media.entries.clios.com/companies/5186/media/1ffa3e60-2139-49b8-ac69-08ddca1e8d72-medium.jpg.webp,https://clios.com/winners-gallery/details/201125,/awards/clio_entertainment/2025/campaigns/lumon-is-listening-severance-jamestown-productions-2025/
2025,Clio Entertaiment,Prime Video Ricky Stanicky OnlyFans,Ricky Stanicky,Silver,United States,Flighthouse Media,Original Content,Creative Content,,https://resized-media.entries.clios.com/companies/143052/media/2ff2f189-999c-4fd7-982f-08ddcf598d69-medium.jpg.webp,https://clios.com/winners-gallery/details/195041,/awards/clio_entertainment/2025/campaigns/prime-video-ricky-stanicky-onlyfans-ricky-stanicky-flighthouse-media-2025-2/
2025,Clio Entertaiment,The Righteous Gemstones S4 | Faith Tonight with Baby Billy,HBO,Silver,United States,HBO MAX Marketing AV,Original Content,Creative Content,,https://resized-media.entries.clios.com/companies/5072/media/eef4d3eb-1ac5-40a3-a0f6-08ddcf598d69-medium.png.webp,https://clios.com/winners-gallery/details/201900,/awards/clio_entertainment/2025/campaigns/the-righteous-gemstones-s4-faith-tonight-with-baby-billy-hbo-hbo-max-marketing-av-2025/
2025,Clio Entertaiment,Designing the Rebellion,Andor S2,Silver,United States,RAVE Collective,Original Content,Featurette,,https://resized-media.entries.clios.com/companies/143260/media/2e8aef71-8fea-4715-4339-08dda8286ac6-medium.png.webp,https://clios.com/winners-gallery/details/195450,/awards/clio_entertainment/2025/campaigns/designing-the-rebellion-andor-s2-rave-collective-2025/
2025,Clio Entertaiment,Digital The Oner,The Studio,Silver,United States,Aspect,Original Content,Featurette,,https://resized-media.entries.clios.com/companies/4921/media/d7aae009-70a5-4dc1-8437-08dda8280727-medium.png.webp,https://clios.com/winners-gallery/details/194686,/awards/clio_entertainment/2025/campaigns/digital-the-oner-the-studio-aspect-2025/
2025,Clio Entertaiment,Disclaimer – Musical Intimacy,Apple TV-,Silver,United States,Mark Woollen & Associates,Original Content,Featurette,,https://resized-media.entries.clios.com/companies/5374/media/5bad24f9-d094-4e10-4349-08dda8286ac6-medium.png.webp,https://clios.com/winners-gallery/details/195318,/awards/clio_entertainment/2025/campaigns/disclaimer-musical-intimacy-apple-tv-mark-woollen-and-associates-2025/
2025,Clio Entertaiment,Fallout,Fallout,Silver,United States,Narrator Inc,Original Content,Featurette,,https://resized-media.entries.clios.com/companies/5513/media/c6b1d7c2-46d3-4e6f-9f88-08ddbc6e7e05-medium.png.webp,https://clios.com/winners-gallery/details/196993,/awards/clio_entertainment/2025/campaigns/fallout-fallout-narrator-inc-2025/
2025,Clio Entertaiment,The Gilded Age Season 3 The Black Elite Then and Now,HBO,Silver,United States,HBO Max,Original Content,Featurette,,https://resized-media.entries.clios.com/companies/5072/media/dd8dd716-d1a1-42a1-9f45-08ddcf598d69-medium.jpg.webp,https://clios.com/winners-gallery/details/200812,/awards/clio_entertainment/2025/campaigns/the-gilded-age-season-3-the-black-elite-then-and-now-hbo-hbo-max-2025/
2025,Clio Entertaiment,The Penguin Becoming The Penguin,HBO,Silver,United States,Warner Bros Discovery,Original Content,Featurette,,https://resized-media.entries.clios.com/companies/5072/media/d4aa8df3-9990-42de-f4cb-08dca10bfd7c-medium.jpg.webp,https://clios.com/winners-gallery/details/195597,/awards/clio_entertainment/2025/campaigns/the-penguin-becoming-the-penguin-hbo-warner-bros-discovery-2025/
2025,Clio Entertaiment,The White Lotus S3 | Welcome to Thailand,HBO,Silver,United States,HBO - MAX Marketing AV,Original Content,Featurette,,https://resized-media.entries.clios.com/companies/5072/media/25456501-f717-4b1e-a31f-08ddca1e8d72-medium.png.webp,https://clios.com/winners-gallery/details/200048,/awards/clio_entertainment/2025/campaigns/the-white-lotus-s3-welcome-to-thailand-hbo-hbo-max-marketing-av-2025/
2025,Clio Entertaiment,STARZ Were All Adults Here,STARZ,Silver,United States,Loyalkaspar,Out of Home,‌Other,,https://resized-media.entries.clios.com/companies/143206/media/038c6a2d-8455-41e1-0651-08dd8372b990-thumbnail.0000000.jpg,https://clios.com/winners-gallery/details/193547,/awards/clio_entertainment/2025/campaigns/starz-were-all-adults-here-starz-loyalkaspar-2025/
2025,Clio Entertaiment,Abbott Elementary Backpack Billboard,ABC,Silver,United States,ABC,Out of Home,Billboard,,https://resized-media.entries.clios.com/companies/4657/media/41a12fc9-11df-41df-432d-08ddbc3a4ea4-medium.jpg.webp,https://clios.com/winners-gallery/details/197383,/awards/clio_entertainment/2025/campaigns/abbott-elementary-backpack-billboard-abc-abc-2025/
2025,Clio Entertaiment,Clipped Extension Billboard,FX Networks,Silver,United States,FX,Out of Home,Billboard,,https://resized-media.entries.clios.com/companies/4559/media/876b2449-c16d-4ccc-034e-08dd8372b990-medium.jpg.webp,https://clios.com/winners-gallery/details/192826,/awards/clio_entertainment/2025/campaigns/clipped-extension-billboard-fx-networks-fx-2025/
2025,Clio Entertaiment,Goosebumps The Vanishing Billboard,Goosebumps The Vanishing,Silver,United States,Disney Branded Television,Out of Home,Billboard,,https://resized-media.entries.clios.com/companies/4957/media/0119773e-87d6-408d-9f8e-08ddca1e8d72-medium.png.webp,https://clios.com/winners-gallery/details/199002,/awards/clio_entertainment/2025/campaigns/goosebumps-the-vanishing-billboard-goosebumps-the-vanishing-disney-branded-television-2025/
2025,Clio Entertaiment,SQUID GAME 2  Pink Guards Takeover NETFLIX HQ,NETFLIX,Silver,United States,RICHARD RHO,Out of Home,Building Wrap,,https://resized-media.entries.clios.com/companies/5196/media/705797af-0c3d-4b25-affe-08ddca1e8d72-medium.jpg.webp,https://clios.com/winners-gallery/details/202567,/awards/clio_entertainment/2025/campaigns/squid-game-2-pink-guards-takeover-netflix-hq-netflix-richard-rho-2025/
2025,Clio Entertaiment,Jake Paul vs Mike Tyson Campaign,Netflix,Silver,United States,Midnight Oil,Out of Home,Mixed Campaign,,https://resized-media.entries.clios.com/companies/4734/media/c198f112-2a2f-448e-43aa-08ddbc3a4ea4-medium.png.webp,https://clios.com/winners-gallery/details/197524,/awards/clio_entertainment/2025/campaigns/jake-paul-vs-mike-tyson-campaign-netflix-midnight-oil-2025/
2025,Clio Entertaiment,Slap A Roman,Netflix,Silver,Germany,Agentur XY GmbH,Out of Home,Mural,,https://resized-media.entries.clios.com/companies/4567/media/c2764feb-423f-4143-a1e2-08ddca1e8d72-medium.jpg.webp,https://clios.com/winners-gallery/details/192858,/awards/clio_entertainment/2025/campaigns/slap-a-roman-netflix-agentur-xy-gmbh-2025/
2025,Clio Entertaiment,Say Nothing FYC barricade,FX Networks,Silver,United States,FX,Out of Home,Wild Post,,https://resized-media.entries.clios.com/companies/4559/media/64a5981b-6d3c-4d0b-0352-08dd8372b990-medium.jpg.webp,https://clios.com/winners-gallery/details/192836,/awards/clio_entertainment/2025/campaigns/say-nothing-fyc-barricade-fx-networks-fx-2025/
2025,Clio Entertaiment,Abbott Elementary x Lysol,Abbott Elementary and Lysol,Silver,United States,Disney CreativeWorks,Partnerships & Collaborations,Partnerships & Collaborations,,https://resized-media.entries.clios.com/companies/1911/media/1ce84e54-3779-4710-5ca8-08ddda7db5d2-medium.png.webp,https://clios.com/winners-gallery/details/202369,/awards/clio_entertainment/2025/campaigns/abbott-elementary-x-lysol-abbott-elementary-and-lysol-disney-creativeworks-2025-2/
2025,Clio Entertaiment,Dominos Emergency Pizza 20,Dominos,Silver,United States,WorkInProgress,Partnerships & Collaborations,Partnerships & Collaborations,,https://resized-media.entries.clios.com/companies/2669/media/570a5fab-5aec-4e80-4403-08dda8286ac6-medium.jpg.webp,https://clios.com/winners-gallery/details/193011,/awards/clio_entertainment/2025/campaigns/dominos-emergency-pizza-20-dominos-workinprogress-2025/
2025,Clio Entertaiment,Google AI Powers the Olympics,Google Search,Silver,United States,EssenceMediacom,Partnerships & Collaborations,Partnerships & Collaborations,,https://resized-media.entries.clios.com/companies/3781/media/e735ca75-1429-4d6c-aaae-08ddca1e8d72-medium.png.webp,https://clios.com/winners-gallery/details/201665,/awards/clio_entertainment/2025/campaigns/google-ai-powers-the-olympics-google-search-essencemediacom-2025/
2025,Clio Entertaiment,Prime Video Ricky Stanicky OnlyFans,Ricky Stanicky,Silver,United States,Flighthouse Media,Partnerships & Collaborations,Partnerships & Collaborations,,https://resized-media.entries.clios.com/companies/143052/media/2ff2f189-999c-4fd7-982f-08ddcf598d69-medium.jpg.webp,https://clios.com/winners-gallery/details/195046,/awards/clio_entertainment/2025/campaigns/prime-video-ricky-stanicky-onlyfans-ricky-stanicky-flighthouse-media-2025-3/
2025,Clio Entertaiment,Push Push,WhatsApp,Silver,United States,Modern Arts,Partnerships & Collaborations,Partnerships & Collaborations,,https://resized-media.entries.clios.com/companies/141981/media/c296c7f8-bdaa-42c7-fe34-08ddda84979b-medium.jpg.webp,https://clios.com/winners-gallery/details/202720,/awards/clio_entertainment/2025/campaigns/push-push-whatsapp-modern-arts-2025-2/
2025,Clio Entertaiment,The Gilmore Gift,Walmart,Silver,United States,Publicis Groupe,Partnerships & Collaborations,Partnerships & Collaborations,,https://resized-media.entries.clios.com/companies/2714/media/90fac6d7-770a-4826-b1cb-08dd4de0928e-medium.jpg.webp,https://clios.com/winners-gallery/details/201812,/awards/clio_entertainment/2025/campaigns/the-gilmore-gift-walmart-publicis-groupe-2025-2/
2025,Clio Entertaiment,The Snub Heard Around The World,Netflix,Silver,United States,Netflix,Partnerships & Collaborations,Partnerships & Collaborations,,https://resized-media.entries.clios.com/companies/142252/media/7193a638-11fb-4b20-477f-08ddbc3a4ea4-medium.jpg.webp,https://clios.com/winners-gallery/details/198608,/awards/clio_entertainment/2025/campaigns/the-snub-heard-around-the-world-netflix-netflix-2025/
2025,Clio Entertaiment,The White Lotus Season 3 Brand Partnerships,HBO Max-Warner Bros Discovery Global Consumer Products,Silver,United States,HBO Max Originals Marketing,Partnerships & Collaborations,Partnerships & Collaborations,,https://resized-media.entries.clios.com/companies/5072/media/715e5e3f-5448-49e2-f9cc-08ddda84979b-medium.jpg.webp,https://clios.com/winners-gallery/details/202873,/awards/clio_entertainment/2025/campaigns/the-white-lotus-season-3-brand-partnerships-hbo-max-warner-bros-discovery-global-consumer-products-hbo-max-originals-mar/
2025,Clio Entertaiment,The White Lotus Season 3 x Four Seasons Partnership,HBO Max,Silver,United States,HBO Max Originals Marketing,Partnerships & Collaborations,Partnerships & Collaborations,,https://resized-media.entries.clios.com/companies/5072/media/eac2760e-c9f1-4fd2-5b57-08ddda7db5d2-medium.png.webp,https://clios.com/winners-gallery/details/202878,/awards/clio_entertainment/2025/campaigns/the-white-lotus-season-3-x-four-seasons-partnership-hbo-max-hbo-max-originals-marketing-2025/
2025,Clio Entertaiment,OVERNIGHTMARE,Peacock,Silver,United States,IHEARTCOMIX,Public Relations,Brand Image,,https://resized-media.entries.clios.com/companies/5727/media/e1fd5aa6-6d80-433d-9f7f-08ddbc6e7e05-thumbnail.0000000.jpg,https://clios.com/winners-gallery/details/197006,/awards/clio_entertainment/2025/campaigns/overnightmare-peacock-iheartcomix-2025/
2025,Clio Entertaiment,Andor Tools of Defiance,Lucasfilm,Silver,United States,Lucasfilm,Public Relations,Collateral Press Influencer & Talent Kits,,https://resized-media.entries.clios.com/companies/5279/media/f5873f6e-e217-475f-ad17-08ddca1e8d72-thumbnail.0000000.jpg,https://clios.com/winners-gallery/details/202011,/awards/clio_entertainment/2025/campaigns/andor-tools-of-defiance-lucasfilm-lucasfilm-2025/
2025,Clio Entertaiment,Disney- Blockbuster Offer Claw Machine Mailer,Disney-,Silver,United States,The Walt Disney Company,Public Relations,Collateral Press Influencer & Talent Kits,,https://resized-media.entries.clios.com/companies/143859/media/ca60a390-056e-434f-5c42-08ddda7db5d2-thumbnail.0000000.jpg,https://clios.com/winners-gallery/details/201916,/awards/clio_entertainment/2025/campaigns/disney-blockbuster-offer-claw-machine-mailer-disney-the-walt-disney-company-2025/
2025,Clio Entertaiment,Bring Korea To The World - Squid Games Season 2 Launch,Netflix,Silver,United States,Founders Agency,Public Relations,Direct,,https://resized-media.entries.clios.com/companies/5398/media/2c61584f-7606-4b72-ad7b-08ddca1e8d72-medium.png.webp,https://clios.com/winners-gallery/details/202221,/awards/clio_entertainment/2025/campaigns/bring-korea-to-the-world-squid-games-season-2-launch-netflix-founders-agency-2025-5/
2025,Clio Entertaiment,Adolescence - Awards Campaign,Adolescence,Silver,United Kingdom,Once Upon a Time,Public Relations,For-Your-Consideration,,https://resized-media.entries.clios.com/companies/4709/media/10abb48f-32e6-4555-9bd6-08ddcf598d69-medium.png.webp,https://clios.com/winners-gallery/details/200991,/awards/clio_entertainment/2025/campaigns/adolescence-awards-campaign-adolescence-once-upon-a-time-2025/
2025,Clio Entertaiment,Andor S2 FYC Campaign,Andor S2,Silver,United States,GrandSon,Public Relations,For-Your-Consideration,,https://resized-media.entries.clios.com/companies/4926/media/fba0f1a0-53e0-4839-97e0-08ddcf598d69-medium.png.webp,https://clios.com/winners-gallery/details/195184,/awards/clio_entertainment/2025/campaigns/andor-s2-fyc-campaign-andor-s2-grandson-2025/
2025,Clio Entertaiment,The Boys Not-A-Documentary Emmy® 2025 FYC Campaign,Amazon MGM Studios,Silver,United States,Amazon MGM Studios,Public Relations,For-Your-Consideration,,https://resized-media.entries.clios.com/companies/143346/media/1e11dd7a-401d-4b6f-a35c-08ddca1e8d72-medium.jpg.webp,https://clios.com/winners-gallery/details/195783,/awards/clio_entertainment/2025/campaigns/the-boys-not-a-documentary-emmy-2025-fyc-campaign-amazon-mgm-studios-amazon-mgm-studios-2025/
2025,Clio Entertaiment,Out Of My Mind Inclusivity Featurettte,Out Of My Mind,Silver,United States,Disney Branded Television,Public Relations,Social Good,,https://resized-media.entries.clios.com/companies/4957/media/8a125a48-8fdf-47e3-48e5-08ddbc3a4ea4-medium.png.webp,https://clios.com/winners-gallery/details/199038,/awards/clio_entertainment/2025/campaigns/out-of-my-mind-inclusivity-featurettte-out-of-my-mind-disney-branded-television-2025/
2025,Clio Entertaiment,Rebel Uniform Collaboration,Indiana Fever x Stranger Things,Silver,United States,Indiana Fever,Retail & Premium,Merchandise & Premium,Apparel Footwear & Household Goods,https://resized-media.entries.clios.com/companies/143669/media/c0325ae7-ffe5-4073-a7c1-08ddca1e8d72-medium.jpg.webp,https://clios.com/winners-gallery/details/199596,/awards/clio_entertainment/2025/campaigns/rebel-uniform-collaboration-indiana-fever-x-stranger-things-indiana-fever-2025/
2025,Clio Entertaiment,Nickel Boys,Amazon MGM Studios,Silver,United States,Mark Woollen & Associates,Audio Visual Campaign,Audio Visual Campaign,,https://resized-media.entries.clios.com/companies/5374/media/2b1604ea-6529-428b-0496-08dd8372b990-thumbnail.0000000.jpg,https://clios.com/winners-gallery/details/193387,/awards/clio_entertainment/2025/campaigns/nickel-boys-amazon-mgm-studios-mark-woollen-and-associates-2025/
2025,Clio Entertaiment,28 Years Later A-V Campaign,28 Years Later,Silver,United States,Buddha Jones,Audio Visual Campaign,Audio Visual Campaign,,https://resized-media.entries.clios.com/companies/5221/media/588e02d7-abea-4fd9-82bd-08dda8280727-thumbnail.0000000.jpg,https://clios.com/winners-gallery/details/195544,/awards/clio_entertainment/2025/campaigns/28-years-later-a-v-campaign-28-years-later-buddha-jones-2025/
2025,Clio Entertaiment,The Substance,Mubi,Silver,United States,Mark Woollen & Associates,Audio Visual Campaign,Audio Visual Campaign,,https://resized-media.entries.clios.com/companies/5374/media/4032767a-419b-4506-8457-08dda8280727-thumbnail.0000000.jpg,https://clios.com/winners-gallery/details/195273,/awards/clio_entertainment/2025/campaigns/the-substance-mubi-mark-woollen-and-associates-2025/
2025,Clio Entertaiment,Weapons,Warner Bros,Silver,United States,Mark Woollen & Associates,Audio Visual Campaign,Audio Visual Campaign,,https://resized-media.entries.clios.com/companies/5374/media/709d57e3-ceef-41ae-83b3-08dda8280727-thumbnail.0000000.jpg,https://clios.com/winners-gallery/details/195401,/awards/clio_entertainment/2025/campaigns/weapons-warner-bros-mark-woollen-and-associates-2025/
2025,Clio Entertaiment,Audio Visual Campaign,Babygirl,Silver,United States,Motive,Audio Visual Campaign,Audio Visual Campaign,,https://resized-media.entries.clios.com/companies/4587/media/951419ef-4511-4c9e-477d-08ddbc3a4ea4-thumbnail.0000000.jpg,https://clios.com/winners-gallery/details/194800,/awards/clio_entertainment/2025/campaigns/audio-visual-campaign-babygirl-motive-2025/
2025,Clio Entertaiment,Campaign Race,F1 The Movie,Silver,United States,Aspect,Audio Visual Campaign,Audio Visual Campaign,,https://resized-media.entries.clios.com/companies/4921/media/a02f337e-48cf-48b3-4290-08ddbc3a4ea4-thumbnail.0000000.jpg,https://clios.com/winners-gallery/details/197323,/awards/clio_entertainment/2025/campaigns/campaign-race-f1-the-movie-aspect-2025/
2025,Clio Entertaiment,The Bachelorette x Marvel Studios’ Deadpool & Wolverine,Marvel Studios’ Deadpool & Wolverine,Silver,United States,Disney CreativeWorks,Audio Visual Craft,Copywriting,,https://resized-media.entries.clios.com/companies/1911/media/95f6cd4d-01ed-417f-a268-08ddcf598d69-medium.png.webp,https://clios.com/winners-gallery/details/202228,/awards/clio_entertainment/2025/campaigns/the-bachelorette-x-marvel-studios-deadpool-and-wolverine-marvel-studios-deadpool-and-wolverine-disney-creativeworks-2025/
2025,Clio Entertaiment,Fantavision,The Fantastic Four First Steps,Silver,United States,AV Squad,Audio Visual Craft,Direction,,https://resized-media.entries.clios.com/companies/4977/media/41a9abd6-3db7-48b2-9b5c-08ddcf598d69-thumbnail.0000000.jpg,https://clios.com/winners-gallery/details/201017,/awards/clio_entertainment/2025/campaigns/fantavision-the-fantastic-four-first-steps-av-squad-2025-2/
2025,Clio Entertaiment,Feed,Eddington,Silver,United States,AV Squad,Audio Visual Craft,Direction,,https://resized-media.entries.clios.com/companies/4977/media/01651121-37eb-4467-9d02-08ddcf598d69-thumbnail.0000000.jpg,https://clios.com/winners-gallery/details/201289,/awards/clio_entertainment/2025/campaigns/feed-eddington-av-squad-2025/
2025,Clio Entertaiment,Slide,Together,Silver,United States,Requiem,Audio Visual Craft,Direction,,https://resized-media.entries.clios.com/companies/143294/media/d18257b3-7a45-4eba-41ad-08ddbc3a4ea4-thumbnail.0000000.jpg,https://clios.com/winners-gallery/details/197046,/awards/clio_entertainment/2025/campaigns/slide-together-requiem-2025-2/
2025,Clio Entertaiment,28 Years Later - Trailer Ready Short,28 Years Later,Silver,United States,Buddha Jones,Audio Visual Craft,Editing,,https://resized-media.entries.clios.com/companies/5221/media/9fcd752c-576f-4dde-851c-08dda8280727-thumbnail.0000000.jpg,https://clios.com/winners-gallery/details/195552,/awards/clio_entertainment/2025/campaigns/28-years-later-trailer-ready-short-28-years-later-buddha-jones-2025/
2025,Clio Entertaiment,Heart,Together,Silver,United States,Requiem,Audio Visual Craft,Editing,,https://resized-media.entries.clios.com/companies/143294/media/34baa73a-832b-4f74-419e-08ddbc3a4ea4-thumbnail.0000000.jpg,https://clios.com/winners-gallery/details/197042,/awards/clio_entertainment/2025/campaigns/heart-together-requiem-2025/
2025,Clio Entertaiment,Liz and Malcolm,Keeper,Silver,United States,Requiem,Audio Visual Craft,Editing,,https://resized-media.entries.clios.com/companies/143294/media/c6fc1567-073a-40b7-ab15-08ddca1e8d72-thumbnail.0000000.jpg,https://clios.com/winners-gallery/details/201737,/awards/clio_entertainment/2025/campaigns/liz-and-malcolm-keeper-requiem-2025/
2025,Clio Entertaiment,Paranoia,Captain America Brave New World,Silver,United States,AV Squad,Audio Visual Craft,Editing,,https://resized-media.entries.clios.com/companies/4977/media/1918b7ac-a9ee-4389-97a3-08ddcf598d69-thumbnail.0000000.jpg,https://clios.com/winners-gallery/details/201237,/awards/clio_entertainment/2025/campaigns/paranoia-captain-america-brave-new-world-av-squad-2025/
2025,Clio Entertaiment,Fantavision,The Fantastic Four First Steps,Silver,United States,AV Squad,Audio Visual Craft,Motion Graphics,,https://resized-media.entries.clios.com/companies/4977/media/41a9abd6-3db7-48b2-9b5c-08ddcf598d69-thumbnail.0000000.jpg,https://clios.com/winners-gallery/details/201018,/awards/clio_entertainment/2025/campaigns/fantavision-the-fantastic-four-first-steps-av-squad-2025-3/
2025,Clio Entertaiment,IMAX countdown,Fantastic Four,Silver,United States,Create Advertising Group,Audio Visual Craft,Motion Graphics,,https://resized-media.entries.clios.com/companies/4951/media/41947ddc-7e90-47b2-9fed-08ddca1e8d72-thumbnail.0000000.jpg,https://clios.com/winners-gallery/details/199139,/awards/clio_entertainment/2025/campaigns/imax-countdown-fantastic-four-create-advertising-group-2025/
2025,Clio Entertaiment,Survive,Superman,Silver,United States,Wild Card Creative Group,Audio Visual Craft,Motion Graphics,,https://resized-media.entries.clios.com/companies/4522/media/f87ab143-1c19-4f1a-4579-08ddbc3a4ea4-thumbnail.0000000.jpg,https://clios.com/winners-gallery/details/193415,/awards/clio_entertainment/2025/campaigns/survive-superman-wild-card-creative-group-2025/
2025,Clio Entertaiment,Heart,Together,Silver,United States,Requiem,Audio Visual Craft,Music,,https://resized-media.entries.clios.com/companies/143294/media/34baa73a-832b-4f74-419e-08ddbc3a4ea4-thumbnail.0000000.jpg,https://clios.com/winners-gallery/details/197041,/awards/clio_entertainment/2025/campaigns/heart-together-requiem-2025-2/
2025,Clio Entertaiment,Magic,Sinners,Silver,United States,AV Squad,Audio Visual Craft,Music,,https://resized-media.entries.clios.com/companies/4977/media/0ec9971f-a22f-4acb-9aea-08ddcf598d69-thumbnail.0000000.jpg,https://clios.com/winners-gallery/details/200917,/awards/clio_entertainment/2025/campaigns/magic-sinners-av-squad-2025/
2025,Clio Entertaiment,Right For Me,Keeper,Silver,United States,Requiem,Audio Visual Craft,Music,,https://resized-media.entries.clios.com/companies/143294/media/10eb688c-42d8-4361-aaac-08ddca1e8d72-thumbnail.0000000.jpg,https://clios.com/winners-gallery/details/201688,/awards/clio_entertainment/2025/campaigns/right-for-me-keeper-requiem-2025/
2025,Clio Entertaiment,Audition,F1,Silver,United States,Requiem,Audio Visual Craft,Sound Design,,https://resized-media.entries.clios.com/companies/143294/media/7f1b9076-90a3-4600-414f-08ddbc3a4ea4-thumbnail.0000000.jpg,https://clios.com/winners-gallery/details/197026,/awards/clio_entertainment/2025/campaigns/audition-f1-requiem-2025-2/
2025,Clio Entertaiment,Furry Friend,The Monkey,Silver,United States,Requiem,Audio Visual Craft,Sound Design,,https://resized-media.entries.clios.com/companies/143294/media/505a758e-2fd4-454a-4194-08ddbc3a4ea4-thumbnail.0000000.jpg,https://clios.com/winners-gallery/details/197040,/awards/clio_entertainment/2025/campaigns/furry-friend-the-monkey-requiem-2025/
2025,Clio Entertaiment,Liz and Malcolm,Keeper,Silver,United States,Requiem,Audio Visual Craft,Sound Design,,https://resized-media.entries.clios.com/companies/143294/media/c6fc1567-073a-40b7-ab15-08ddca1e8d72-thumbnail.0000000.jpg,https://clios.com/winners-gallery/details/201736,/awards/clio_entertainment/2025/campaigns/liz-and-malcolm-keeper-requiem-2025-2/
2025,Clio Entertaiment,Mommy,The Conjuring Last Rites,Silver,United States,AV Squad,Audio Visual Craft,Sound Design,,https://resized-media.entries.clios.com/companies/4977/media/b7390405-d631-4a3f-a668-08ddca1e8d72-thumbnail.0000000.jpg,https://clios.com/winners-gallery/details/201010,/awards/clio_entertainment/2025/campaigns/mommy-the-conjuring-last-rites-av-squad-2025/
2025,Clio Entertaiment,Presence Knock,Presence,Silver,United States,GrandSon,Audio Visual Craft,Sound Design,,https://resized-media.entries.clios.com/companies/4926/media/d6d6aad0-a1d6-4746-419f-08dda8286ac6-thumbnail.0000000.jpg,https://clios.com/winners-gallery/details/194901,/awards/clio_entertainment/2025/campaigns/presence-knock-presence-grandson-2025/
2025,Clio Entertaiment,Question,Karate Kid Legends,Silver,United States,Trailer Park a Trailer Park Group Company,Audio Visual Craft,Sound Design,,https://resized-media.entries.clios.com/companies/4579/media/6241e921-1e4c-49ba-4183-08ddbc3a4ea4-thumbnail.0000000.jpg,https://clios.com/winners-gallery/details/196951,/awards/clio_entertainment/2025/campaigns/question-karate-kid-legends-trailer-park-a-trailer-park-group-company-2025/
2025,Clio Entertaiment,Trust No One,Bring Her Back,Silver,United States,AV Squad,Audio Visual Craft,Sound Design,,https://resized-media.entries.clios.com/companies/4977/media/306d8ab7-e4eb-42b8-9c47-08ddcf598d69-thumbnail.0000000.jpg,https://clios.com/winners-gallery/details/201215,/awards/clio_entertainment/2025/campaigns/trust-no-one-bring-her-back-av-squad-2025/
2025,Clio Entertaiment,Teaser Uncaged,Mortal Kombat 2,Silver,United States,Aspect,Audio Visual Craft,Voice Over,,https://resized-media.entries.clios.com/companies/4921/media/76f2ac69-6e6b-480a-98dc-08ddcf598d69-thumbnail.0000000.jpg,https://clios.com/winners-gallery/details/196832,/awards/clio_entertainment/2025/campaigns/teaser-uncaged-mortal-kombat-2-aspect-2025/
2025,Clio Entertaiment,Roto Symphony,Searchlight Pictures,Silver,United States,Tiny Hero,Audio Visual Brand Promo,Sizzle Seasonal & Stunt Promo,,https://resized-media.entries.clios.com/companies/4875/media/864d3999-3d63-42d3-a257-08ddca1e8d72-thumbnail.0000000.jpg,https://clios.com/winners-gallery/details/199836,/awards/clio_entertainment/2025/campaigns/roto-symphony-searchlight-pictures-tiny-hero-2025/
2025,Clio Entertaiment,Buzz,Piece by Piece,Silver,United States,RAVE Collective,Audio Visual Spot,Audio Visual Spot,,https://resized-media.entries.clios.com/companies/143260/media/588cab89-9a1f-48e4-8494-08dda8280727-thumbnail.0000000.jpg,https://clios.com/winners-gallery/details/195354,/awards/clio_entertainment/2025/campaigns/buzz-piece-by-piece-rave-collective-2025/
2025,Clio Entertaiment,A Minecraft Movie - TV Spot Be Mine,A Minecraft Movie,Silver,United States,Buddha Jones,Audio Visual Spot,Audio Visual Spot,,https://resized-media.entries.clios.com/companies/5221/media/dbcce473-da31-4472-43d6-08dda8286ac6-thumbnail.0000000.jpg,https://clios.com/winners-gallery/details/195576,/awards/clio_entertainment/2025/campaigns/a-minecraft-movie-tv-spot-be-mine-a-minecraft-movie-buddha-jones-2025/
2025,Clio Entertaiment,Friendship Trippy,Friendship,Silver,United States,GrandSon,Audio Visual Spot,Audio Visual Spot,,https://resized-media.entries.clios.com/companies/4926/media/4b120766-8c2b-4fd2-826c-08dda8280727-thumbnail.0000000.jpg,https://clios.com/winners-gallery/details/194713,/awards/clio_entertainment/2025/campaigns/friendship-trippy-friendship-grandson-2025/
2025,Clio Entertaiment,Blink,National Geographic,Silver,United States,National Geographic,Audio Visual Spot,Audio Visual Spot,,https://resized-media.entries.clios.com/companies/4339/media/d789f894-1df8-4da3-44e2-08dda8286ac6-thumbnail.0000000.jpg,https://clios.com/winners-gallery/details/196180,/awards/clio_entertainment/2025/campaigns/blink-national-geographic-national-geographic-2025/
2025,Clio Entertaiment,Force,Warfare,Silver,United States,AV Squad,Audio Visual Spot,Audio Visual Spot,,https://resized-media.entries.clios.com/companies/4977/media/c47032f7-de90-4b7d-ae5d-08ddca1e8d72-thumbnail.0000000.jpg,https://clios.com/winners-gallery/details/202352,/awards/clio_entertainment/2025/campaigns/force-warfare-av-squad-2025/
2025,Clio Entertaiment,Dilate,Together,Silver,United States,Requiem,Audio Visual Spot,Audio Visual Spot,,https://resized-media.entries.clios.com/companies/143294/media/2b98d28e-4e89-43c3-a70b-08ddca1e8d72-thumbnail.0000000.jpg,https://clios.com/winners-gallery/details/201108,/awards/clio_entertainment/2025/campaigns/dilate-together-requiem-2025/
2025,Clio Entertaiment,Shit,The Monkey,Silver,United States,Requiem,Audio Visual Spot,Audio Visual Spot,,https://resized-media.entries.clios.com/companies/143294/media/23c3f9e0-3f05-4cbc-9f3d-08ddbc6e7e05-thumbnail.0000000.jpg,https://clios.com/winners-gallery/details/195400,/awards/clio_entertainment/2025/campaigns/shit-the-monkey-requiem-2025/
2025,Clio Entertaiment,Gemma,M3GAN 20,Silver,United States,AV Squad,Audio Visual Spot,Audio Visual Spot,,https://resized-media.entries.clios.com/companies/4977/media/d5f1d73c-6be5-4ca9-a435-08ddca1e8d72-thumbnail.0000000.jpg,https://clios.com/winners-gallery/details/200371,/awards/clio_entertainment/2025/campaigns/gemma-m3gan-20-av-squad-2025/
2025,Clio Entertaiment,Final Theme 4DX,Mission Impossible – The Final Reckoning,Silver,United States,AV Squad,Audio Visual Spot,Audio Visual Spot,,https://resized-media.entries.clios.com/companies/4977/media/d873a604-6f25-4e9c-a448-08ddca1e8d72-thumbnail.0000000.jpg,https://clios.com/winners-gallery/details/200394,/awards/clio_entertainment/2025/campaigns/final-theme-4dx-mission-impossible-the-final-reckoning-av-squad-2025/
2025,Clio Entertaiment,Speed,Superman,Silver,United States,Requiem,Audio Visual Spot,Audio Visual Spot,,https://resized-media.entries.clios.com/companies/143294/media/c978bf89-7d56-4abd-a5ab-08ddca1e8d72-thumbnail.0000000.jpg,https://clios.com/winners-gallery/details/200803,/awards/clio_entertainment/2025/campaigns/speed-superman-requiem-2025/
2025,Clio Entertaiment,The Fantastic Four First Steps HERBIE,The Fantastic Four First Steps,Silver,United States,TRANSIT,Audio Visual Spot,Audio Visual Spot,,https://resized-media.entries.clios.com/companies/2123/media/f0d0cb9c-d9cf-4f53-fa34-08ddda84979b-thumbnail.0000000.jpg,https://clios.com/winners-gallery/details/202925,/awards/clio_entertainment/2025/campaigns/the-fantastic-four-first-steps-herbie-the-fantastic-four-first-steps-transit-2025/
2025,Clio Entertaiment,Bad Dog,Disney,Silver,United States,CALLEN,Audio Visual Teaser,Audio Visual Teaser,,https://resized-media.entries.clios.com/companies/1815/media/6d43a4bb-9dc5-4065-629a-08ddda7db5d2-thumbnail.0000000.jpg,https://clios.com/winners-gallery/details/204127,/awards/clio_entertainment/2025/campaigns/bad-dog-disney-callen-2025/
2025,Clio Entertaiment,Right For Me,Keeper,Silver,United States,Requiem,Audio Visual Teaser,Audio Visual Teaser,,https://resized-media.entries.clios.com/companies/143294/media/10eb688c-42d8-4361-aaac-08ddca1e8d72-thumbnail.0000000.jpg,https://clios.com/winners-gallery/details/201660,/awards/clio_entertainment/2025/campaigns/right-for-me-keeper-requiem-2025-2/
2025,Clio Entertaiment,The Last Showgirl Final Performance,The Last Showgirl,Silver,United States,GrandSon,Audio Visual Teaser,Audio Visual Teaser,,https://resized-media.entries.clios.com/companies/4926/media/0a959281-4ab4-41df-82e8-08dda8280727-thumbnail.0000000.jpg,https://clios.com/winners-gallery/details/194888,/awards/clio_entertainment/2025/campaigns/the-last-showgirl-final-performance-the-last-showgirl-grandson-2025/
2025,Clio Entertaiment,Armand – Laugh,IFC Films,Silver,United States,Mark Woollen & Associates,Audio Visual Teaser,Audio Visual Teaser,,https://resized-media.entries.clios.com/companies/5374/media/cea3abbd-d890-413f-83f9-08dda8280727-thumbnail.0000000.jpg,https://clios.com/winners-gallery/details/195170,/awards/clio_entertainment/2025/campaigns/armand-laugh-ifc-films-mark-woollen-and-associates-2025/
2025,Clio Entertaiment,Feed,Eddington,Silver,United States,AV Squad,Audio Visual Teaser,Audio Visual Teaser,,https://resized-media.entries.clios.com/companies/4977/media/01651121-37eb-4467-9d02-08ddcf598d69-thumbnail.0000000.jpg,https://clios.com/winners-gallery/details/201274,/awards/clio_entertainment/2025/campaigns/feed-eddington-av-squad-2025-2/
2025,Clio Entertaiment,Teaser Uncaged,Mortal Kombat 2,Silver,United States,Aspect,Audio Visual Teaser,Audio Visual Teaser,,https://resized-media.entries.clios.com/companies/4921/media/76f2ac69-6e6b-480a-98dc-08ddcf598d69-thumbnail.0000000.jpg,https://clios.com/winners-gallery/details/196829,/awards/clio_entertainment/2025/campaigns/teaser-uncaged-mortal-kombat-2-aspect-2025-2/
2025,Clio Entertaiment,Friendship Gorgeous,Friendship,Silver,United States,GrandSon,Audio Visual Trailer,Audio Visual Trailer,,https://resized-media.entries.clios.com/companies/4926/media/a2a77446-28bb-42cc-412e-08dda8286ac6-thumbnail.0000000.jpg,https://clios.com/winners-gallery/details/194710,/awards/clio_entertainment/2025/campaigns/friendship-gorgeous-friendship-grandson-2025-2/
2025,Clio Entertaiment,Blink,National Geographic,Silver,United States,National Geographic & Motive,Audio Visual Trailer,Audio Visual Trailer,,https://resized-media.entries.clios.com/companies/4339/media/a3f007d3-7542-4558-44e3-08dda8286ac6-thumbnail.0000000.jpg,https://clios.com/winners-gallery/details/196181,/awards/clio_entertainment/2025/campaigns/blink-national-geographic-national-geographic-and-motive-2025/
2025,Clio Entertaiment,Super-Man The Christopher Reeve Story,Warner Bros,Silver,United States,Lussier,Audio Visual Trailer,Audio Visual Trailer,,https://resized-media.entries.clios.com/companies/143886/media/642f0a02-4053-4d2b-a540-08ddcf598d69-thumbnail.0000000.jpg,https://clios.com/winners-gallery/details/202687,/awards/clio_entertainment/2025/campaigns/super-man-the-christopher-reeve-story-warner-bros-lussier-2025/
2025,Clio Entertaiment,Audition,F1,Silver,United States,Requiem,Audio Visual Trailer,Audio Visual Trailer,,https://resized-media.entries.clios.com/companies/143294/media/7f1b9076-90a3-4600-414f-08ddbc3a4ea4-thumbnail.0000000.jpg,https://clios.com/winners-gallery/details/196688,/awards/clio_entertainment/2025/campaigns/audition-f1-requiem-2025-3/
2025,Clio Entertaiment,Queer,A24,Silver,United States,Mark Woollen & Associates,Audio Visual Trailer,Audio Visual Trailer,,https://resized-media.entries.clios.com/companies/5374/media/64b5912f-a23a-43cd-436d-08dda8286ac6-thumbnail.0000000.jpg,https://clios.com/winners-gallery/details/195394,/awards/clio_entertainment/2025/campaigns/queer-a24-mark-woollen-and-associates-2025/
2025,Clio Entertaiment,Furry Friend,The Monkey,Silver,United States,Requiem,Audio Visual Trailer,Audio Visual Trailer,,https://resized-media.entries.clios.com/companies/143294/media/505a758e-2fd4-454a-4194-08ddbc3a4ea4-thumbnail.0000000.jpg,https://clios.com/winners-gallery/details/196971,/awards/clio_entertainment/2025/campaigns/furry-friend-the-monkey-requiem-2025-2/
2025,Clio Entertaiment,Glass,Final Destination Bloodlines,Silver,United States,ZEALOT,Audio Visual Trailer,Audio Visual Trailer,,https://resized-media.entries.clios.com/companies/2177/media/fab68d43-397d-4fa2-42cd-08dda8286ac6-thumbnail.0000000.jpg,https://clios.com/winners-gallery/details/195206,/awards/clio_entertainment/2025/campaigns/glass-final-destination-bloodlines-zealot-2025/
2025,Clio Entertaiment,Heart,Together,Silver,United States,Requiem,Audio Visual Trailer,Audio Visual Trailer,,https://resized-media.entries.clios.com/companies/143294/media/34baa73a-832b-4f74-419e-08ddbc3a4ea4-thumbnail.0000000.jpg,https://clios.com/winners-gallery/details/196977,/awards/clio_entertainment/2025/campaigns/heart-together-requiem-2025-3/
2025,Clio Entertaiment,DO YOU EVER FEEL UGLY?,The Ugly Stepsister,Silver,United States,MTCO,Audio Visual Trailer,Audio Visual Trailer,,https://resized-media.entries.clios.com/companies/143488/media/cd417951-55e4-441d-41fc-08ddbc3a4ea4-thumbnail.0000000.jpg,https://clios.com/winners-gallery/details/197079,/awards/clio_entertainment/2025/campaigns/do-you-ever-feel-ugly-the-ugly-stepsister-mtco-2025/
2025,Clio Entertaiment,Good Girl,Babygirl,Silver,United States,Motive,Audio Visual Trailer,Audio Visual Trailer,,https://resized-media.entries.clios.com/companies/4587/media/951419ef-4511-4c9e-477d-08ddbc3a4ea4-thumbnail.0000000.jpg,https://clios.com/winners-gallery/details/195016,/awards/clio_entertainment/2025/campaigns/good-girl-babygirl-motive-2025/
2025,Clio Entertaiment,Heels,Honey Dont,Silver,United States,Giaronomo,Audio Visual Trailer,Audio Visual Trailer,,https://resized-media.entries.clios.com/companies/143086/media/dcf1b21c-01ab-42b1-8034-08dda8280727-thumbnail.0000000.jpg,https://clios.com/winners-gallery/details/193389,/awards/clio_entertainment/2025/campaigns/heels-honey-dont-giaronomo-2025/
2025,Clio Entertaiment,Entertain,Better Man,Silver,United States,ZEALOT,Audio Visual Trailer,Audio Visual Trailer,,https://resized-media.entries.clios.com/companies/2177/media/4c249f97-ed03-45ad-420d-08ddbc3a4ea4-thumbnail.0000000.jpg,https://clios.com/winners-gallery/details/197104,/awards/clio_entertainment/2025/campaigns/entertain-better-man-zealot-2025/
2025,Clio Entertaiment,What it Takes Trailer,The Running Man,Silver,United States,BOND,Audio Visual Trailer,Audio Visual Trailer,,https://resized-media.entries.clios.com/companies/4830/media/ea33a2d3-149a-48d3-9f88-08ddca1e8d72-thumbnail.0000000.jpg,https://clios.com/winners-gallery/details/198994,/awards/clio_entertainment/2025/campaigns/what-it-takes-trailer-the-running-man-bond-2025/
2025,Clio Entertaiment,Tour The Baxter Building - Marvel Studios Fantastic Four - Zillow,The Walt Disney Company,Silver,United States,The Walt Disney Company,Branded Entertainment & Content,Brand Promo,,https://resized-media.entries.clios.com/companies/5365/media/602cda09-bf70-459f-fc0d-08ddda84979b-thumbnail.0000000.jpg,https://clios.com/winners-gallery/details/201454,/awards/clio_entertainment/2025/campaigns/tour-the-baxter-building-marvel-studios-fantastic-four-zillow-the-walt-disney-company-the-walt-disney-company-2025/
2025,Clio Entertaiment,Digital Save PSA,The Naked Gun,Silver,United States,Aspect,Branded Entertainment & Content,Digital Mobile & Social Media,,https://resized-media.entries.clios.com/companies/4921/media/0759ca70-ecaf-4b2b-a1f0-08ddcf598d69-medium.png.webp,https://clios.com/winners-gallery/details/202101,/awards/clio_entertainment/2025/campaigns/digital-save-psa-the-naked-gun-aspect-2025/
2025,Clio Entertaiment,Real-Time Stitch,Lilo & Stitch,Silver,United States,Walt Disney Studios,Branded Entertainment & Content,Experiential & Activations,,https://resized-media.entries.clios.com/companies/143312/media/98b5b767-dfc2-4e45-45c3-08ddbc3a4ea4-thumbnail.0000000.jpg,https://clios.com/winners-gallery/details/197252,/awards/clio_entertainment/2025/campaigns/real-time-stitch-lilo-and-stitch-walt-disney-studios-2025/
2025,Clio Entertaiment,Avengers DoomsDay Cast Announcement,Marvel Studios,Silver,United States,The Walt Disney Company,Creative Effectiveness,Digital Mobile & Social Media,,https://resized-media.entries.clios.com/companies/143874/media/ce285845-6215-4dbb-5ce2-08ddda7db5d2-thumbnail.0000000.jpg,https://clios.com/winners-gallery/details/202404,/awards/clio_entertainment/2025/campaigns/avengers-doomsday-cast-announcement-marvel-studios-the-walt-disney-company-2025/
2025,Clio Entertaiment,Caption with Intention,Rakish Entertainment,Silver,United States,FCB Chicago,Design,‌Other,,https://resized-media.entries.clios.com/companies/3038/media/66f4fc01-a91d-4954-82ca-08dda8280727-medium.jpg.webp,https://clios.com/winners-gallery/details/194861,/awards/clio_entertainment/2025/campaigns/caption-with-intention-rakish-entertainment-fcb-chicago-2025-8/
2025,Clio Entertaiment,Enter The AR-ena Popcorn Bucket,Gladiator II,Silver,United States,BOND,Digital Mobile & Social Media,Digital & Mobile,Augmented Mixed Virtual Reality,https://resized-media.entries.clios.com/companies/4830/media/694ef5dc-566e-46d1-a09d-08ddcf598d69-thumbnail.0000000.jpg,https://clios.com/winners-gallery/details/197194,/awards/clio_entertainment/2025/campaigns/enter-the-ar-ena-popcorn-bucket-gladiator-ii-bond-2025/
2025,Clio Entertaiment,LG Carousel Takeover,Disneys Lilo & Stitch,Silver,United Kingdom,Create Advertising London,Digital Mobile & Social Media,Digital & Mobile,Banners Disruptors Takeovers,https://resized-media.entries.clios.com/companies/5048/media/d1bcdffe-c333-4b53-9f58-08ddcf598d69-thumbnail.0000000.jpg,https://clios.com/winners-gallery/details/199394,/awards/clio_entertainment/2025/campaigns/lg-carousel-takeover-disneys-lilo-and-stitch-create-advertising-london-2025/
2025,Clio Entertaiment,Welcome to Berk,How to Train Your Dragon (2025),Silver,United States,Powster,Digital Mobile & Social Media,Digital & Mobile,Microsite & Website,https://resized-media.entries.clios.com/companies/3634/media/b7869354-b5df-444c-9e8f-08ddcf598d69-medium.png.webp,https://clios.com/winners-gallery/details/199868,/awards/clio_entertainment/2025/campaigns/welcome-to-berk-how-to-train-your-dragon-2025-powster-2025/
2025,Clio Entertaiment,Wicked Shiz University Immersive Website,Universal Pictures,Silver,United States,Universal Pictures,Digital Mobile & Social Media,Digital & Mobile,Microsite & Website,https://resized-media.entries.clios.com/companies/143864/media/74d87b1a-7e87-4b03-a21f-08ddcf598d69-thumbnail.0000000.jpg,https://clios.com/winners-gallery/details/202088,/awards/clio_entertainment/2025/campaigns/wicked-shiz-university-immersive-website-universal-pictures-universal-pictures-2025/
2025,Clio Entertaiment,28 Years Later - Global Digital & Social Media Campaign,Sony Pictures Entertainment,Silver,United States,Sony Pictures Entertainment,Digital Mobile & Social Media,Digital & Mobile,Mixed Campaign,https://resized-media.entries.clios.com/companies/5160/media/d2e1a4d9-d03d-4599-b107-08ddca1e8d72-medium.jpg.webp,https://clios.com/winners-gallery/details/199624,/awards/clio_entertainment/2025/campaigns/28-years-later-global-digital-and-social-media-campaign-sony-pictures-entertainment-sony-pictures-entertainment-2025/
2025,Clio Entertaiment,Opening Up the Juke Joint,Sinners,Silver,United States,BOND,Digital Mobile & Social Media,Digital & Mobile,Original Games,https://resized-media.entries.clios.com/companies/4830/media/536fdc04-4739-4e6e-a0bf-08ddcf598d69-thumbnail.0000000.jpg,https://clios.com/winners-gallery/details/197199,/awards/clio_entertainment/2025/campaigns/opening-up-the-juke-joint-sinners-bond-2025/
2025,Clio Entertaiment,Unlock Count Orlok,Nosferatu,Silver,United States,BOND,Digital Mobile & Social Media,Digital & Mobile,Original Games,https://resized-media.entries.clios.com/companies/4830/media/78ffa1c4-a7e7-4daa-9cfa-08ddcf598d69-thumbnail.0000000.jpg,https://clios.com/winners-gallery/details/197198,/awards/clio_entertainment/2025/campaigns/unlock-count-orlok-nosferatu-bond-2025/
2025,Clio Entertaiment,THE MONKEY - Foley BTS,NEON,Silver,United States,NEON,Digital Mobile & Social Media,Social Media,Long-Form Social Media Video,https://resized-media.entries.clios.com/companies/143796/media/c5c43745-2704-44f2-9d97-08ddcf598d69-medium.png.webp,https://clios.com/winners-gallery/details/201389,/awards/clio_entertainment/2025/campaigns/the-monkey-foley-bts-neon-neon-2025/
2025,Clio Entertaiment,How to Train Your Dragon (2025) Social Media Campaign,Universal Pictures,Silver,United States,Universal Pictures,Digital Mobile & Social Media,Social Media,Mixed Campaign,https://resized-media.entries.clios.com/companies/4752/media/bc31a1e9-70af-49d4-a4c6-08ddca1e8d72-medium.png.webp,https://clios.com/winners-gallery/details/199953,/awards/clio_entertainment/2025/campaigns/how-to-train-your-dragon-2025-social-media-campaign-universal-pictures-universal-pictures-2025/
2025,Clio Entertaiment,Stitch Breaks The Internet,Lilo & Stitch,Silver,United States,Walt Disney Studios,Digital Mobile & Social Media,Social Media,Mixed Campaign,https://resized-media.entries.clios.com/companies/143312/media/f29866a6-ed26-4fda-a031-08ddbc6e7e05-thumbnail.0000000.jpg,https://clios.com/winners-gallery/details/197214,/awards/clio_entertainment/2025/campaigns/stitch-breaks-the-internet-lilo-and-stitch-walt-disney-studios-2025/
2025,Clio Entertaiment,Weapons Social Campaign,Warner Bros,Silver,United States,Watson Design Group,Digital Mobile & Social Media,Social Media,Mixed Campaign,https://resized-media.entries.clios.com/companies/5022/media/4ae21bd2-4994-4b0f-f9c6-08ddda84979b-thumbnail.0000000.jpg,https://clios.com/winners-gallery/details/202216,/awards/clio_entertainment/2025/campaigns/weapons-social-campaign-warner-bros-watson-design-group-2025/
2025,Clio Entertaiment,Paramount Pictures Novocaine x California Donuts,Novocaine,Silver,United States,Paramount Pictures,Digital Mobile & Social Media,Social Media,Organic Social Media Post,https://resized-media.entries.clios.com/companies/143052/media/48022214-ab25-42d6-9bc9-08ddcf598d69-medium.jpg.webp,https://clios.com/winners-gallery/details/201080,/awards/clio_entertainment/2025/campaigns/paramount-pictures-novocaine-x-california-donuts-novocaine-paramount-pictures-2025/
2025,Clio Entertaiment,Roz Asks Do You Need Assistance?,The Wild Robot,Silver,United States,AvatarLabs Inc,Digital Mobile & Social Media,Social Media,Organic Social Media Post,https://resized-media.entries.clios.com/companies/4950/media/d00613df-aea9-4a4c-9c26-08ddcf598d69-medium.jpg.webp,https://clios.com/winners-gallery/details/201143,/awards/clio_entertainment/2025/campaigns/roz-asks-do-you-need-assistance-the-wild-robot-avatarlabs-inc-2025/
2025,Clio Entertaiment,Final Destination Bloodlines - Places I Now Avoid,Warner Bros,Silver,United States,Trailer Park Group,Digital Mobile & Social Media,Social Media,Paid Social Media Post,https://resized-media.entries.clios.com/companies/5334/media/7a8f7238-d834-4a26-5d52-08ddda7db5d2-medium.png.webp,https://clios.com/winners-gallery/details/202602,/awards/clio_entertainment/2025/campaigns/final-destination-bloodlines-places-i-now-avoid-warner-bros-trailer-park-group-2025/
2025,Clio Entertaiment,Click,Nightbitch,Silver,United States,Tiny Hero,Digital Mobile & Social Media,Social Media,Short-Form Social Media Video,https://resized-media.entries.clios.com/companies/4875/media/198bb2d8-1bd8-4c35-9749-08ddcf598d69-medium.jpg.webp,https://clios.com/winners-gallery/details/199914,/awards/clio_entertainment/2025/campaigns/click-nightbitch-tiny-hero-2025/
2025,Clio Entertaiment,Forward,Mickey 17,Silver,United States,Tiny Hero,Digital Mobile & Social Media,Social Media,Short-Form Social Media Video,https://resized-media.entries.clios.com/companies/4875/media/d691e59f-8369-47b3-a156-08ddca1e8d72-medium.jpg.webp,https://clios.com/winners-gallery/details/199610,/awards/clio_entertainment/2025/campaigns/forward-mickey-17-tiny-hero-2025/
2025,Clio Entertaiment,Hot Girl Summer,Searchlight Brand Social Media,Silver,United States,Tiny Hero,Digital Mobile & Social Media,Social Media,Short-Form Social Media Video,https://resized-media.entries.clios.com/companies/4875/media/a64aba2f-9bd9-4b4c-a54f-08ddca1e8d72-medium.jpeg.webp,https://clios.com/winners-gallery/details/200691,/awards/clio_entertainment/2025/campaigns/hot-girl-summer-searchlight-brand-social-media-tiny-hero-2025/
2025,Clio Entertaiment,Inside Out 2 | Going to the Movies with Joy & Sadness,Pixar,Silver,United States,The Walt Disney Studios,Digital Mobile & Social Media,Social Media,Short-Form Social Media Video,https://resized-media.entries.clios.com/companies/2899/media/2dc44de2-6c76-4f1b-406b-08ddbc3a4ea4-medium.jpeg.webp,https://clios.com/winners-gallery/details/196344,/awards/clio_entertainment/2025/campaigns/inside-out-2-going-to-the-movies-with-joy-and-sadness-pixar-the-walt-disney-studios-2025/
2025,Clio Entertaiment,Nightbitch Social Media Campaign,Nightbitch,Silver,United States,Tiny Hero,Digital Mobile & Social Media,Social Media,Short-Form Social Media Video,https://resized-media.entries.clios.com/companies/4875/media/9eb7f8e6-2ed5-4b88-fd8e-08ddda84979b-thumbnail.0000000.jpg,https://clios.com/winners-gallery/details/200056,/awards/clio_entertainment/2025/campaigns/nightbitch-social-media-campaign-nightbitch-tiny-hero-2025/
2025,Clio Entertaiment,Searchlight Brand Social Media Campagin,Searchlight Brand Social Media,Silver,United States,Tiny Hero,Digital Mobile & Social Media,Social Media,Short-Form Social Media Video,https://resized-media.entries.clios.com/companies/4875/media/a64aba2f-9bd9-4b4c-a54f-08ddca1e8d72-medium.jpeg.webp,https://clios.com/winners-gallery/details/200697,/awards/clio_entertainment/2025/campaigns/searchlight-brand-social-media-campagin-searchlight-brand-social-media-tiny-hero-2025/
2025,Clio Entertaiment,Venom Reacts Viral Interruptions,Venom The Last Dance,Silver,United States,Shift 3D LLC,Digital Mobile & Social Media,Social Media,Short-Form Social Media Video,https://resized-media.entries.clios.com/companies/143759/media/0b6ba1af-2aa1-4120-a6e5-08ddca1e8d72-medium.png.webp,https://clios.com/winners-gallery/details/201072,/awards/clio_entertainment/2025/campaigns/venom-reacts-viral-interruptions-venom-the-last-dance-shift-3d-llc-2025/
2025,Clio Entertaiment,Jesse Eisenberg Social Media Sensation,Searchlight Pictures,Silver,United States,Searchlight Pictures,Digital Mobile & Social Media,Social Media,Use of Influencer & Talent,https://resized-media.entries.clios.com/companies/4773/media/d40ecdf9-c6a3-4d8e-ff72-08ddda84979b-thumbnail.0000000.jpg,https://clios.com/winners-gallery/details/198909,/awards/clio_entertainment/2025/campaigns/jesse-eisenberg-social-media-sensation-searchlight-pictures-searchlight-pictures-2025/
2025,Clio Entertaiment,Stitch Starts A TikTok Variety Show,Lilo & Stitch,Silver,United States,Walt Disney Studios,Digital Mobile & Social Media,Social Media,Use of Influencer & Talent,https://resized-media.entries.clios.com/companies/143312/media/eb2a1059-ce78-4048-427c-08ddbc3a4ea4-thumbnail.0000000.jpg,https://clios.com/winners-gallery/details/197246,/awards/clio_entertainment/2025/campaigns/stitch-starts-a-tiktok-variety-show-lilo-and-stitch-walt-disney-studios-2025/
2025,Clio Entertaiment,Robo Stitch Goes On A Roadtrip (Viral Campaign),Lilo & Stitch,Silver,United States,Walt Disney Studios,Digital Mobile & Social Media,Social Media,Viral Post,https://resized-media.entries.clios.com/companies/143312/media/f67b0e9e-f2c2-4873-4424-08ddbc3a4ea4-thumbnail.0000000.jpg,https://clios.com/winners-gallery/details/197215,/awards/clio_entertainment/2025/campaigns/robo-stitch-goes-on-a-roadtrip-viral-campaign-lilo-and-stitch-walt-disney-studios-2025/
2025,Clio Entertaiment,Click,Nightbitch,Silver,United States,Tiny Hero,Digital Mobile & Social Media Craft,Editing,,https://resized-media.entries.clios.com/companies/4875/media/198bb2d8-1bd8-4c35-9749-08ddcf598d69-medium.jpg.webp,https://clios.com/winners-gallery/details/199919,/awards/clio_entertainment/2025/campaigns/click-nightbitch-tiny-hero-2025-2/
2025,Clio Entertaiment,Itinerary,A Real Pain,Silver,United States,Motive,Digital Mobile & Social Media Craft,Editing,,https://resized-media.entries.clios.com/companies/4587/media/d9f277fc-70bd-400e-4678-08ddbc3a4ea4-medium.png.webp,https://clios.com/winners-gallery/details/194838,/awards/clio_entertainment/2025/campaigns/itinerary-a-real-pain-motive-2025/
2025,Clio Entertaiment,Tomorrow,Mickey 17,Silver,United States,Tiny Hero,Digital Mobile & Social Media Craft,Editing,,https://resized-media.entries.clios.com/companies/4875/media/f2ead99e-af80-45d2-95fb-08ddcf598d69-medium.jpg.webp,https://clios.com/winners-gallery/details/199649,/awards/clio_entertainment/2025/campaigns/tomorrow-mickey-17-tiny-hero-2025/
2025,Clio Entertaiment,Mickey 17 Streamer Respawns,Mickey 17 - Warner Bros,Silver,United States,Amazon Ads,Digital Mobile & Social Media Craft,Motion Graphics,,https://resized-media.entries.clios.com/companies/5291/media/f99e0529-9b6b-487c-a23d-08ddcf598d69-medium.png.webp,https://clios.com/winners-gallery/details/202254,/awards/clio_entertainment/2025/campaigns/mickey-17-streamer-respawns-mickey-17-warner-bros-amazon-ads-2025/
2025,Clio Entertaiment,Jamming (FISHER Rework),Paramount Pictures Australia,Silver,Australia,Hello Social,Digital Mobile & Social Media Craft,Music,,https://resized-media.entries.clios.com/companies/143803/media/6affffe3-e218-4a69-9eb8-08ddcf598d69-thumbnail.0000000.jpg,https://clios.com/winners-gallery/details/201544,/awards/clio_entertainment/2025/campaigns/jamming-fisher-rework-paramount-pictures-australia-hello-social-2025/
2025,Clio Entertaiment,Super Theme Song,The Bad Guys 2,Silver,United States,Studio City PXL,Digital Mobile & Social Media Craft,Music,,https://resized-media.entries.clios.com/companies/143813/media/791fc8cd-001d-4314-a643-08ddca1e8d72-medium.jpg.webp,https://clios.com/winners-gallery/details/201715,/awards/clio_entertainment/2025/campaigns/super-theme-song-the-bad-guys-2-studio-city-pxl-2025/
2025,Clio Entertaiment,Click,Nightbitch,Silver,United States,Tiny Hero,Digital Mobile & Social Media Craft,Sound Design,,https://resized-media.entries.clios.com/companies/4875/media/198bb2d8-1bd8-4c35-9749-08ddcf598d69-medium.jpg.webp,https://clios.com/winners-gallery/details/199917,/awards/clio_entertainment/2025/campaigns/click-nightbitch-tiny-hero-2025-3/
2025,Clio Entertaiment,Sounds of Searchlight,Searchlight Brand Social Media,Silver,United States,Tiny Hero,Digital Mobile & Social Media Craft,Sound Design,,https://resized-media.entries.clios.com/companies/4875/media/d43fb2a8-ba6c-443d-a54c-08ddca1e8d72-medium.jpg.webp,https://clios.com/winners-gallery/details/201068,/awards/clio_entertainment/2025/campaigns/sounds-of-searchlight-searchlight-brand-social-media-tiny-hero-2025/
2025,Clio Entertaiment,ANORA - Integrated Campaign,NEON,Silver,United States,NEON,Integrated Campaign,Integrated Campaign,,https://resized-media.entries.clios.com/companies/143796/media/a4ec7608-a2ad-49cd-5fae-08ddda7db5d2-medium.jpg.webp,https://clios.com/winners-gallery/details/201908,/awards/clio_entertainment/2025/campaigns/anora-integrated-campaign-neon-neon-2025/
2025,Clio Entertaiment,TOGETHER - Integrated Campaign,NEON,Silver,United States,NEON,Integrated Campaign,Integrated Campaign,,https://resized-media.entries.clios.com/companies/143796/media/fdd25059-d0c9-4beb-5f97-08ddda7db5d2-medium.jpg.webp,https://clios.com/winners-gallery/details/201872,/awards/clio_entertainment/2025/campaigns/together-integrated-campaign-neon-neon-2025/
2025,Clio Entertaiment,Hard Truths Illustrated Key Art,Desi Moore,Silver,United States,Desi Moore aka The Toast of Hollywood LLC,Key Art,Character Poster,,https://resized-media.entries.clios.com/companies/4960/media/034a2be8-83a9-446e-5cd9-08ddda7db5d2-medium.jpg.webp,https://clios.com/winners-gallery/details/202983,/awards/clio_entertainment/2025/campaigns/hard-truths-illustrated-key-art-desi-moore-desi-moore-aka-the-toast-of-hollywood-llc-2025/
2025,Clio Entertaiment,The End Character Poster,The End,Silver,United States,GrandSon,Key Art,Character Poster,,https://resized-media.entries.clios.com/companies/4926/media/2c8613f5-dd3e-4f04-4388-08dda8286ac6-medium.jpg.webp,https://clios.com/winners-gallery/details/195422,/awards/clio_entertainment/2025/campaigns/the-end-character-poster-the-end-grandson-2025/
2025,Clio Entertaiment,Campaign,Venom The Last Dance,Silver,United States,BOND,Key Art,Domestic Poster,,https://resized-media.entries.clios.com/companies/4830/media/b144d8e2-2e65-44c6-a1b2-08ddcf598d69-medium.jpg.webp,https://clios.com/winners-gallery/details/202024,/awards/clio_entertainment/2025/campaigns/campaign-venom-the-last-dance-bond-2025/
2025,Clio Entertaiment,The Crow - Murder of Crows Poster,Lionsgate,Silver,United States,AV Print,Key Art,Domestic Poster,,https://resized-media.entries.clios.com/companies/143418/media/80158b35-805b-4924-9fe9-08ddcf598d69-medium.jpg.webp,https://clios.com/winners-gallery/details/201409,/awards/clio_entertainment/2025/campaigns/the-crow-murder-of-crows-poster-lionsgate-av-print-2025-2/
2025,Clio Entertaiment,TOGETHER - Lips Poster,NEON,Silver,United States,NEON,Key Art,Domestic Poster,,https://resized-media.entries.clios.com/companies/143796/media/36d40c49-5d27-4ee3-ab07-08ddca1e8d72-medium.jpg.webp,https://clios.com/winners-gallery/details/201713,/awards/clio_entertainment/2025/campaigns/together-lips-poster-neon-neon-2025/
2025,Clio Entertaiment,Wick is Pain - Filmstrip,Lionsgate,Silver,United States,AV Print,Key Art,Domestic Poster,,https://resized-media.entries.clios.com/companies/143418/media/eeacf606-3d2a-41a8-9d75-08ddcf598d69-medium.jpg.webp,https://clios.com/winners-gallery/details/201365,/awards/clio_entertainment/2025/campaigns/wick-is-pain-filmstrip-lionsgate-av-print-2025/
2025,Clio Entertaiment,A Desert,Dark Sky Films,Silver,United States,Hector J Guerra,Key Art,Hero Image,,https://resized-media.entries.clios.com/companies/143262/media/ed1dd3db-8f6c-4296-8097-08dda8280727-medium.jpg.webp,https://clios.com/winners-gallery/details/194293,/awards/clio_entertainment/2025/campaigns/a-desert-dark-sky-films-hector-j-guerra-2025/
2025,Clio Entertaiment,Together Payoff,Together,Silver,United States,GrandSon,Key Art,Hero Image,,https://resized-media.entries.clios.com/companies/4926/media/861b9782-99d5-42da-ac56-08ddca1e8d72-medium.jpg.webp,https://clios.com/winners-gallery/details/201937,/awards/clio_entertainment/2025/campaigns/together-payoff-together-grandson-2025/
2025,Clio Entertaiment,Mixed Campaign,The Fantastic Four First Steps,Silver,United States,ZEALOT,Key Art,Mixed Campaign,,https://resized-media.entries.clios.com/companies/2177/media/43befbfd-0526-4818-aa56-08ddca1e8d72-medium.jpg.webp,https://clios.com/winners-gallery/details/200838,/awards/clio_entertainment/2025/campaigns/mixed-campaign-the-fantastic-four-first-steps-zealot-2025/
2025,Clio Entertaiment,Death of a Unicorn - Teaser,A24,Silver,United States,AV Print,Key Art,Teaser Poster,,https://resized-media.entries.clios.com/companies/143418/media/1994e75f-4289-4de0-a922-08ddca1e8d72-medium.jpg.webp,https://clios.com/winners-gallery/details/201441,/awards/clio_entertainment/2025/campaigns/death-of-a-unicorn-teaser-a24-av-print-2025/
2025,Clio Entertaiment,The Conjuring Last Rites Teaser,The Conjuring Last Rites,Silver,United States,WORKS ADV,Key Art,Teaser Poster,,https://resized-media.entries.clios.com/companies/4771/media/aa369a2b-f495-4ee0-9d73-08ddca1e8d72-medium.jpg.webp,https://clios.com/winners-gallery/details/198431,/awards/clio_entertainment/2025/campaigns/the-conjuring-last-rites-teaser-the-conjuring-last-rites-works-adv-2025/
2025,Clio Entertaiment,Together | Connection Teaser,Neon,Silver,United States,Bangers and Mash,Key Art,Teaser Poster,,https://resized-media.entries.clios.com/companies/143886/media/bbacd53f-71c1-4171-b0d1-08ddca1e8d72-medium.jpg.webp,https://clios.com/winners-gallery/details/202705,/awards/clio_entertainment/2025/campaigns/together-connection-teaser-neon-bangers-and-mash-2025/
2025,Clio Entertaiment,The Fantastic Four First Steps 4-4 Key Art,Marvel Studios - The Walt Disney Company,Silver,United States,Williams Creative Associates (WC-A),Key Art Craft,Graphic Design,,https://resized-media.entries.clios.com/companies/5026/media/01f6b391-8484-42a1-42cf-08ddbc3a4ea4-medium.jpg.webp,https://clios.com/winners-gallery/details/197275,/awards/clio_entertainment/2025/campaigns/the-fantastic-four-first-steps-4-4-key-art-marvel-studios-the-walt-disney-company-williams-creative-associates-wc-a-2025/
2025,Clio Entertaiment,Ballerina - Smoking Gun,Lionsgate,Silver,United States,AV Print,Key Art Craft,Use of Illustration,,https://resized-media.entries.clios.com/companies/143418/media/97efab2a-a021-44e2-ab73-08ddca1e8d72-medium.jpg.webp,https://clios.com/winners-gallery/details/201501,/awards/clio_entertainment/2025/campaigns/ballerina-smoking-gun-lionsgate-av-print-2025/
2025,Clio Entertaiment,Trading Cards,The Fantastic Four First Steps,Silver,United States,ZEALOT,Key Art Craft,Use of Illustration,,https://resized-media.entries.clios.com/companies/2177/media/dd88f86c-aa6e-41eb-9bb2-08ddcf598d69-medium.jpg.webp,https://clios.com/winners-gallery/details/200841,/awards/clio_entertainment/2025/campaigns/trading-cards-the-fantastic-four-first-steps-zealot-2025/
2025,Clio Entertaiment,Live On Air,September Five,Silver,United States,Jamestown Productions,Original Content,Behind the Scenes,,https://resized-media.entries.clios.com/companies/5186/media/b5a51275-55e6-4366-a41a-08ddcf598d69-medium.jpg.webp,https://clios.com/winners-gallery/details/201393,/awards/clio_entertainment/2025/campaigns/live-on-air-september-five-jamestown-productions-2025/
2025,Clio Entertaiment,The Making-of Featurette by MUBI for The Substance,MUBI,Silver,United States,MUBI,Original Content,Behind the Scenes,,https://resized-media.entries.clios.com/companies/143103/media/d59bcbcd-ff65-4d3f-4473-08dda8286ac6-medium.jpg.webp,https://clios.com/winners-gallery/details/192910,/awards/clio_entertainment/2025/campaigns/the-making-of-featurette-by-mubi-for-the-substance-mubi-mubi-2025/
2025,Clio Entertaiment,Wing Wind Superbowl Ad,Mission Impossible The Final Reckoning,Silver,United States,Jamestown Productions,Original Content,Behind the Scenes,,https://resized-media.entries.clios.com/companies/5186/media/b460a77e-8335-4ec2-a1d9-08ddcf598d69-medium.jpg.webp,https://clios.com/winners-gallery/details/201406,/awards/clio_entertainment/2025/campaigns/wing-wind-superbowl-ad-mission-impossible-the-final-reckoning-jamestown-productions-2025/
2025,Clio Entertaiment,Baby Girl The Music of Baby Girl,A24,Silver,United States,SunnyBoy Entertainment,Original Content,Behind the Scenes,,https://resized-media.entries.clios.com/companies/5207/media/452948fd-c3e5-40b0-5fd3-08ddda7db5d2-medium.png.webp,https://clios.com/winners-gallery/details/200480,/awards/clio_entertainment/2025/campaigns/baby-girl-the-music-of-baby-girl-a24-sunnyboy-entertainment-2025/
2025,Clio Entertaiment,Experience Extraordinary,Barco,Silver,United States,1983 Creative,Original Content,Creative Content,,https://resized-media.entries.clios.com/companies/143878/media/cde00844-a4d3-416e-a58d-08ddcf598d69-thumbnail.0000000.jpg,https://clios.com/winners-gallery/details/202730,/awards/clio_entertainment/2025/campaigns/experience-extraordinary-barco-1983-creative-2025/
2025,Clio Entertaiment,Happy Mothers Day,Freakier Friday,Silver,United States,Tiny Hero,Original Content,Creative Content,,https://resized-media.entries.clios.com/companies/4875/media/674f5b44-3784-4b51-a22d-08ddca1e8d72-medium.jpg.webp,https://clios.com/winners-gallery/details/199788,/awards/clio_entertainment/2025/campaigns/happy-mothers-day-freakier-friday-tiny-hero-2025/
2025,Clio Entertaiment,History of The Asterisk,Thunderbolts*,Silver,United States,Tiny Hero,Original Content,Creative Content,,https://resized-media.entries.clios.com/companies/4875/media/69490437-5593-4cf4-998b-08ddcf598d69-medium.jpg.webp,https://clios.com/winners-gallery/details/200572,/awards/clio_entertainment/2025/campaigns/history-of-the-asterisk-thunderbolts-tiny-hero-2025/
2025,Clio Entertaiment,Support Group,Thunderbolts*,Silver,United States,Tiny Hero,Original Content,Creative Content,,https://resized-media.entries.clios.com/companies/4875/media/48055e50-c759-43e0-a4d7-08ddca1e8d72-medium.jpg.webp,https://clios.com/winners-gallery/details/200566,/awards/clio_entertainment/2025/campaigns/support-group-thunderbolts-tiny-hero-2025/
2025,Clio Entertaiment,The Bachelorette x Marvel Studios’ Deadpool & Wolverine,Marvel Studios’ Deadpool & Wolverine,Silver,United States,Disney CreativeWorks,Original Content,Creative Content,,https://resized-media.entries.clios.com/companies/1911/media/95f6cd4d-01ed-417f-a268-08ddcf598d69-medium.png.webp,https://clios.com/winners-gallery/details/202240,/awards/clio_entertainment/2025/campaigns/the-bachelorette-x-marvel-studios-deadpool-and-wolverine-marvel-studios-deadpool-and-wolverine-disney-creativeworks-20-2/
2025,Clio Entertaiment,THE MONKEY - Hitchcock Trailer,NEON,Silver,United States,NEON,Original Content,Creative Content,,https://resized-media.entries.clios.com/companies/143796/media/37091ab6-cf9f-4992-a88a-08ddca1e8d72-medium.png.webp,https://clios.com/winners-gallery/details/201303,/awards/clio_entertainment/2025/campaigns/the-monkey-hitchcock-trailer-neon-neon-2025/
2025,Clio Entertaiment,Liberty Reel,F1,Silver,United States,Wild Card Creative Group,Original Content,Featurette,,https://resized-media.entries.clios.com/companies/4522/media/5acf90b2-f83b-4469-a32d-08ddbc6e7e05-medium.jpg.webp,https://clios.com/winners-gallery/details/193341,/awards/clio_entertainment/2025/campaigns/liberty-reel-f1-wild-card-creative-group-2025/
2025,Clio Entertaiment,Avengers DoomsDay Cast Announcement,Marvel Studios,Silver,United States,The Walt Disney Company,Original Content,Live Stream & Podcast,,https://resized-media.entries.clios.com/companies/143874/media/ce285845-6215-4dbb-5ce2-08ddda7db5d2-thumbnail.0000000.jpg,https://clios.com/winners-gallery/details/202419,/awards/clio_entertainment/2025/campaigns/avengers-doomsday-cast-announcement-marvel-studios-the-walt-disney-company-2025-2/
2025,Clio Entertaiment,The Deadly Billboard,Warner Bros France,Silver,France,Jellyfish France,Out of Home,‌Other,,https://resized-media.entries.clios.com/companies/143240/media/22491faa-83e2-4906-06dc-08dd8372b990-medium.png.webp,https://clios.com/winners-gallery/details/194035,/awards/clio_entertainment/2025/campaigns/the-deadly-billboard-warner-bros-france-jellyfish-france-2025/
2025,Clio Entertaiment,A Minecraft Movie Billboard,A Minecraft Movie,Silver,United States,WORKS ADV,Out of Home,Billboard,,https://resized-media.entries.clios.com/companies/4771/media/1954aa3d-226e-41c9-40b7-08dda8286ac6-medium.jpg.webp,https://clios.com/winners-gallery/details/194615,/awards/clio_entertainment/2025/campaigns/a-minecraft-movie-billboard-a-minecraft-movie-works-adv-2025/
2025,Clio Entertaiment,TOGETHER - Lips Billboard,NEON,Silver,United States,NEON,Out of Home,Billboard,,https://resized-media.entries.clios.com/companies/143796/media/407bb09e-a136-497b-a06b-08ddcf598d69-medium.jpg.webp,https://clios.com/winners-gallery/details/201810,/awards/clio_entertainment/2025/campaigns/together-lips-billboard-neon-neon-2025/
2025,Clio Entertaiment,“Wicked x Target” - A Franchise-Defining Collaboration That Proved There’s No Place Like Target,Wicked-Universal Products & Experiences,Silver,United States,Universal Products & Experiences,Partnerships & Collaborations,Partnerships & Collaborations,,https://resized-media.entries.clios.com/companies/5674/media/dcaa105a-67e8-4992-a5f7-08ddca1e8d72-medium.jpeg.webp,https://clios.com/winners-gallery/details/200897,/awards/clio_entertainment/2025/campaigns/wicked-x-target-a-franchise-defining-collaboration-that-proved-theres-no-place-like-target-wicked-universal-products-and/
2025,Clio Entertaiment,Spot Cybertron!,Transformers One x Star Walk,Silver,United Kingdom,Make it Social,Partnerships & Collaborations,Partnerships & Collaborations,,https://resized-media.entries.clios.com/companies/4525/media/611ac5c4-8dd7-40ff-f6f6-08ddebb950a1-thumbnail.0000000.jpg,https://clios.com/winners-gallery/details/204389,/awards/clio_entertainment/2025/campaigns/spot-cybertron-transformers-one-x-star-walk-make-it-social-2025/
2025,Clio Entertaiment,The Naked Gun x ESPN,Paramount Pictures,Silver,United States,Paramount Pictures,Partnerships & Collaborations,Partnerships & Collaborations,,https://resized-media.entries.clios.com/companies/4753/media/8c702848-c78a-4dba-ae64-08ddca1e8d72-medium.jpg.webp,https://clios.com/winners-gallery/details/201344,/awards/clio_entertainment/2025/campaigns/the-naked-gun-x-espn-paramount-pictures-paramount-pictures-2025/
2025,Clio Entertaiment,Tour The Baxter Building - Marvel Studios Fantastic Four - Zillow,The Walt Disney Company,Silver,United States,Marvel Studios Partnerships & Promotions,Partnerships & Collaborations,Partnerships & Collaborations,,https://resized-media.entries.clios.com/companies/5365/media/602cda09-bf70-459f-fc0d-08ddda84979b-thumbnail.0000000.jpg,https://clios.com/winners-gallery/details/201109,/awards/clio_entertainment/2025/campaigns/tour-the-baxter-building-marvel-studios-fantastic-four-zillow-the-walt-disney-company-marvel-studios-partnerships-and-pr/
2025,Clio Entertaiment,ANORA - Follow Your Heart FYC Campaign,NEON,Silver,United States,NEON,Public Relations,For-Your-Consideration,,https://resized-media.entries.clios.com/companies/143796/media/0a7a21fd-9f11-49fb-5d5f-08ddda7db5d2-medium.jpg.webp,https://clios.com/winners-gallery/details/201884,/awards/clio_entertainment/2025/campaigns/anora-follow-your-heart-fyc-campaign-neon-neon-2025/
2025,Clio Entertaiment,Wicked Defying Gravity Defining Culture,Wicked-Universal Products & Experiences,Silver,United States,Universal Products & Experiences,Public Relations,Mixed Campaign,,https://resized-media.entries.clios.com/companies/5674/media/9ebc4e9b-2e45-4830-a5d4-08ddca1e8d72-medium.jpeg.webp,https://clios.com/winners-gallery/details/200842,/awards/clio_entertainment/2025/campaigns/wicked-defying-gravity-defining-culture-wicked-universal-products-and-experiences-universal-products-and-experiences-202/
2025,Clio Entertaiment,Comedy PSA,Paramount Pictures,Silver,United States,Paramount Pictures,Public Relations,Public Service Announcement,,https://resized-media.entries.clios.com/companies/4753/media/7fbbd7d2-d8ba-4c3c-9fad-08ddcf598d69-medium.jpg.webp,https://clios.com/winners-gallery/details/201328,/awards/clio_entertainment/2025/campaigns/comedy-psa-paramount-pictures-paramount-pictures-2025/
2025,Clio Entertaiment,The Monkey - Supersized Animatronic Drummer Toy,The Monkey,Silver,United States,Drissi Advertising Inc & NEON,Retail & Premium,Display,Standee,https://resized-media.entries.clios.com/companies/5371/media/ce6d29f1-ad8e-41b1-ad1f-08ddca1e8d72-thumbnail.0000000.jpg,https://clios.com/winners-gallery/details/199730,/awards/clio_entertainment/2025/campaigns/the-monkey-supersized-animatronic-drummer-toy-the-monkey-drissi-advertising-inc-and-neon-2025/
2025,Clio Entertaiment,The Substance - Licensed Screen Prints,Akikomatic LLC,Silver,United States,Akikomatic LLC,Retail & Premium,Merchandise & Premium,Collectibles,https://resized-media.entries.clios.com/companies/4649/media/d5adaaad-69af-4a65-ad6e-08dd8c8288b4-medium.jpg.webp,https://clios.com/winners-gallery/details/193914,/awards/clio_entertainment/2025/campaigns/the-substance-licensed-screen-prints-akikomatic-llc-akikomatic-llc-2025/
2025,Clio Entertaiment,Peace Missions,Activision Games - UN,Bronze,Uruguay,Brother Montevideo,Games Student,Games Student,,https://resized-media.entries.clios.com/companies/143834/media/6b35a496-d235-4b72-a949-08ddca1e8d72-medium.jpg.webp,https://clios.com/winners-gallery/details/201424,/awards/clio_entertainment/2025/campaigns/peace-missions-activision-games-un-brother-montevideo-2025/
2025,Clio Entertaiment,Stick To Run,Nike,Bronze,Colombia,Universidad Autónoma de Occidente,Games Student,Games Student,,https://resized-media.entries.clios.com/companies/142360/media/8db00094-f890-48f1-048c-08dd49f37d82-medium.jpg.webp,https://clios.com/winners-gallery/details/192489,/awards/clio_entertainment/2025/campaigns/stick-to-run-nike-universidad-autonoma-de-occidente-2025/
2025,Clio Entertaiment,Spoiler Blocker,Domino´s Pizza,Bronze,Colombia,The Pub School,Home Entertainment Student,Home Entertainment Student,,https://resized-media.entries.clios.com/companies/143810/media/82057cd2-c58b-49ec-9f25-08ddcf598d69-medium.png.webp,https://clios.com/winners-gallery/details/201469,/awards/clio_entertainment/2025/campaigns/spoiler-blocker-dominos-pizza-the-pub-school-2025/
2025,Clio Entertaiment,It’s Alive?,Netflix,Bronze,Dominican Republic,Bendita Carpeta,Television & Streaming Student,Television & Streaming Student,,https://resized-media.entries.clios.com/companies/143845/media/12fb2012-2941-4e2c-ad21-08ddca1e8d72-medium.png.webp,https://clios.com/winners-gallery/details/201640,/awards/clio_entertainment/2025/campaigns/its-alive-netflix-bendita-carpeta-2025/
2025,Clio Entertaiment,Netflix N Chew,Netflix,Bronze,Brazil,Miami Ad School SP,Television & Streaming Student,Television & Streaming Student,,https://resized-media.entries.clios.com/companies/6153/media/30738091-e3f8-4015-a1a4-08ddca1e8d72-medium.png.webp,https://clios.com/winners-gallery/details/199580,/awards/clio_entertainment/2025/campaigns/netflix-n-chew-netflix-miami-ad-school-sp-2025/
2025,Clio Entertaiment,Duality,Wicked,Bronze,United States,Film2Future,Theatrical Student,Theatrical Student,,https://resized-media.entries.clios.com/companies/4624/media/1be65b12-afc7-41a8-ae22-08ddca1e8d72-medium.png.webp,https://clios.com/winners-gallery/details/202301,/awards/clio_entertainment/2025/campaigns/duality-wicked-film2future-2025/
2025,Clio Entertaiment,Its time to open your wings,The Wild Robot,Bronze,United States,Film2Future,Theatrical Student,Theatrical Student,,https://resized-media.entries.clios.com/companies/143871/media/19c1a21c-fc58-4e3c-aeae-08ddca1e8d72-medium.png.webp,https://clios.com/winners-gallery/details/202309,/awards/clio_entertainment/2025/campaigns/its-time-to-open-your-wings-the-wild-robot-film2future-2025/
2025,Clio Entertaiment,Unleash Harmony,Supercell,Bronze,United Kingdom,Arts & Sciences,Audio Visual,Spot,Live-Action Spot,https://resized-media.entries.clios.com/companies/143449/media/59f5eb52-b0fc-42ef-40c8-08ddbc3a4ea4-thumbnail.0000000.jpg,https://clios.com/winners-gallery/details/196792,/awards/clio_entertainment/2025/campaigns/unleash-harmony-supercell-arts-and-sciences-2025/
2025,Clio Entertaiment,Black Ops 7 | Official Teaser,Call of Duty,Bronze,United States,Altered FX,Audio Visual,Teaser,CGI Teaser,https://resized-media.entries.clios.com/companies/143473/media/be95909c-b707-41ed-4129-08ddbc3a4ea4-thumbnail.0000000.jpg,https://clios.com/winners-gallery/details/196860,/awards/clio_entertainment/2025/campaigns/black-ops-7-official-teaser-call-of-duty-altered-fx-2025/
2025,Clio Entertaiment,Borderlands 4 Teaser Trailer,Borderlands 4,Bronze,United States,BOND,Audio Visual,Teaser,CGI Teaser,https://resized-media.entries.clios.com/companies/4830/media/42c9ca91-8ea3-4ebe-8134-08dda8280727-thumbnail.0000000.jpg,https://clios.com/winners-gallery/details/194497,/awards/clio_entertainment/2025/campaigns/borderlands-4-teaser-trailer-borderlands-4-bond-2025/
2025,Clio Entertaiment,Sleep Awake,Blumhouse Games,Bronze,United Kingdom,Once Upon a Time,Audio Visual,Teaser,Game Footage Teaser,https://resized-media.entries.clios.com/companies/4709/media/db1647d5-7878-4fe2-839c-08dda8280727-thumbnail.0000000.jpg,https://clios.com/winners-gallery/details/195058,/awards/clio_entertainment/2025/campaigns/sleep-awake-blumhouse-games-once-upon-a-time-2025/
2025,Clio Entertaiment,The Final Exam,Change The Ref,Bronze,United States,Energy BBDO,Audio Visual,Teaser,Game Footage Teaser,https://resized-media.entries.clios.com/companies/338/media/bdb1b643-db07-4c2d-0444-08dd6ae878f3-thumbnail.0000000.jpg,https://clios.com/winners-gallery/details/200344,/awards/clio_entertainment/2025/campaigns/the-final-exam-change-the-ref-energy-bbdo-2025-4/
2025,Clio Entertaiment,Battlefield 6 Reveal Trailer,Battlefield Studios,Bronze,United States,Battlefield Studios,Audio Visual,Trailer,CGI Trailer,https://resized-media.entries.clios.com/companies/143818/media/6112c974-997a-41d4-fc2c-08ddda84979b-thumbnail.0000000.jpg,https://clios.com/winners-gallery/details/202864,/awards/clio_entertainment/2025/campaigns/battlefield-6-reveal-trailer-battlefield-studios-battlefield-studios-2025/
2025,Clio Entertaiment,Mafia The Old Country Game Footage Trailer,2K GAMES,Bronze,United States,2K GAMES,Audio Visual,Trailer,Game Footage Trailer,https://resized-media.entries.clios.com/companies/143785/media/27168dec-e658-4608-9fe6-08ddcf598d69-thumbnail.0000000.jpg,https://clios.com/winners-gallery/details/201727,/awards/clio_entertainment/2025/campaigns/mafia-the-old-country-game-footage-trailer-2k-games-2k-games-2025/
2025,Clio Entertaiment,Friendship Pays in MONOPOLY GO!,Scopely,Bronze,United States,Omelet,Audio Visual Campaign,Audio Visual Campaign,,https://resized-media.entries.clios.com/companies/143364/media/5814152c-c8f6-4930-5d22-08ddda7db5d2-medium.jpg.webp,https://clios.com/winners-gallery/details/202889,/awards/clio_entertainment/2025/campaigns/friendship-pays-in-monopoly-go-scopely-omelet-2025/
2025,Clio Entertaiment,Mafia The Old Country,2K GAMES,Bronze,United States,2K GAMES,Audio Visual Campaign,Audio Visual Campaign,,https://resized-media.entries.clios.com/companies/143785/media/a92644cb-3193-42e9-a4c2-08ddca1e8d72-thumbnail.0000000.jpg,https://clios.com/winners-gallery/details/200601,/awards/clio_entertainment/2025/campaigns/mafia-the-old-country-2k-games-2k-games-2025/
2025,Clio Entertaiment,The WhatsApp Saga,BIS,Bronze,Brazil,DAVID,Branded Entertainment & Content,‌Other,,https://resized-media.entries.clios.com/companies/143760/media/c7d11831-115c-4aea-98cf-08ddcf598d69-medium.jpeg.webp,https://clios.com/winners-gallery/details/199871,/awards/clio_entertainment/2025/campaigns/the-whatsapp-saga-bis-david-2025-2/
2025,Clio Entertaiment,Black Mirror Thronglets A-V Campaign,Netflix Games,Bronze,United States,Netflix Creative Studio,Branded Entertainment & Content,Mixed Campaign,,https://resized-media.entries.clios.com/companies/4733/media/dc6d67de-0a71-4763-5b89-08ddda7db5d2-medium.jpg.webp,https://clios.com/winners-gallery/details/195108,/awards/clio_entertainment/2025/campaigns/black-mirror-thronglets-a-v-campaign-netflix-games-netflix-creative-studio-2025/
2025,Clio Entertaiment,Gameplay Trailer,Clockwork Revolution,Bronze,United States,Buddha Jones,Craft & Design,Audio Visual Craft,Copywriting,https://resized-media.entries.clios.com/companies/143287/media/97487c6d-fe78-46dc-42e1-08dda8286ac6-medium.png.webp,https://clios.com/winners-gallery/details/195321,/awards/clio_entertainment/2025/campaigns/gameplay-trailer-clockwork-revolution-buddha-jones-2025/
2025,Clio Entertaiment,Unleash Harmony,Supercell,Bronze,United Kingdom,Arts & Sciences,Craft & Design,Audio Visual Craft,Direction,https://resized-media.entries.clios.com/companies/143449/media/ad148ac3-14ae-4e05-9e84-08ddbc6e7e05-medium.jpg.webp,https://clios.com/winners-gallery/details/196639,/awards/clio_entertainment/2025/campaigns/unleash-harmony-supercell-arts-and-sciences-2025-2/
2025,Clio Entertaiment,Based On A True Story,Apex Legends,Bronze,United States,Respawn Entertainment,Craft & Design,Audio Visual Craft,Editing,https://resized-media.entries.clios.com/companies/143411/media/9ea8a05f-3500-4bdb-863c-08dda8280727-medium.jpg.webp,https://clios.com/winners-gallery/details/196190,/awards/clio_entertainment/2025/campaigns/based-on-a-true-story-apex-legends-respawn-entertainment-2025-2/
2025,Clio Entertaiment,Call of Duty Black Ops 6 - Multiplayer Reveal Trailer,Call of Duty Black Ops 6,Bronze,United States,gnet,Craft & Design,Audio Visual Craft,Game Capture Cinematography,https://resized-media.entries.clios.com/companies/4769/media/1670d754-4902-41c5-845c-08dda8280727-medium.png.webp,https://clios.com/winners-gallery/details/195006,/awards/clio_entertainment/2025/campaigns/call-of-duty-black-ops-6-multiplayer-reveal-trailer-call-of-duty-black-ops-6-gnet-2025-2/
2025,Clio Entertaiment,The Final Exam,Change The Ref,Bronze,United States,Energy BBDO,Craft & Design,Design,Design Package,https://resized-media.entries.clios.com/companies/338/media/f1c3e448-1c8f-4694-6b62-08dd6aeb75fb-medium.jpg.webp,https://clios.com/winners-gallery/details/200375,/awards/clio_entertainment/2025/campaigns/the-final-exam-change-the-ref-energy-bbdo-2025-5/
2025,Clio Entertaiment,Sid Meiers Civilization VII Brand Identity,2K GAMES,Bronze,United States,2K GAMES,Craft & Design,Design,Logo Main Title & Typography,https://resized-media.entries.clios.com/companies/143785/media/dd963ae8-5ef9-4020-a68a-08ddca1e8d72-medium.png.webp,https://clios.com/winners-gallery/details/201023,/awards/clio_entertainment/2025/campaigns/sid-meiers-civilization-vii-brand-identity-2k-games-2k-games-2025/
2025,Clio Entertaiment,Call of Duty Black Ops 6 – Killer Mike “Detonator” Music Video,Activision,Bronze,United States,Mutiny A Trailer Park Company,Craft & Design,Digital Mobile & Social Media Craft,Music,https://resized-media.entries.clios.com/companies/4687/media/d11a3d6f-4437-44e2-abb6-08dd8c8288b4-thumbnail.0000000.jpg,https://clios.com/winners-gallery/details/194243,/awards/clio_entertainment/2025/campaigns/call-of-duty-black-ops-6-killer-mike-detonator-music-video-activision-mutiny-a-trailer-park-company-2025/
2025,Clio Entertaiment,Call of Duty Black Ops 7 - Animated Primary Key Art,Call of Duty Black Ops 7,Bronze,United States,Activision,Craft & Design,Key Art Craft,‌Other,https://resized-media.entries.clios.com/companies/5395/media/fce9b878-dd02-4b94-a1f7-08ddcf598d69-medium.jpg.webp,https://clios.com/winners-gallery/details/201761,/awards/clio_entertainment/2025/campaigns/call-of-duty-black-ops-7-animated-primary-key-art-call-of-duty-black-ops-7-activision-2025/
2025,Clio Entertaiment,South of Midnight - Crafting with Influencers,Xbox,Bronze,United States,Mutiny A Trailer Park Company,Digital Mobile & Social Media,Social Media,Use of Influencer & Talent,https://resized-media.entries.clios.com/companies/4687/media/db2e80ae-f5cd-4548-9520-08ddcf598d69-medium.png.webp,https://clios.com/winners-gallery/details/195917,/awards/clio_entertainment/2025/campaigns/south-of-midnight-crafting-with-influencers-xbox-mutiny-a-trailer-park-company-2025/
2025,Clio Entertaiment,Call Of Duty NEXT,Call Of Duty,Bronze,United States,Activision,Experiential & Fan Engagement,Experiential & Activation,Special Event & Stunt,https://resized-media.entries.clios.com/companies/810/media/b747b888-25cc-4d54-94f2-08ddcf598d69-medium.png.webp,https://clios.com/winners-gallery/details/199284,/awards/clio_entertainment/2025/campaigns/call-of-duty-next-call-of-duty-activision-2025-2/
2025,Clio Entertaiment,Black Mirror Thronglets A-V Campaign,Netflix Games,Bronze,United States,Netflix Creative Studio,Experiential & Fan Engagement,Fan Engagement,Digital & Mobile,https://resized-media.entries.clios.com/companies/4733/media/dc6d67de-0a71-4763-5b89-08ddda7db5d2-medium.jpg.webp,https://clios.com/winners-gallery/details/195125,/awards/clio_entertainment/2025/campaigns/black-mirror-thronglets-a-v-campaign-netflix-games-netflix-creative-studio-2025-2/
2025,Clio Entertaiment,Toxic Backfire,Samsung,Bronze,China,Cheil PengTai Beijing & Cheil Hong Kong,Experiential & Fan Engagement,Fan Engagement,Social Good,https://resized-media.entries.clios.com/companies/2969/media/8cd3756c-b37e-4103-37af-08dd7f571b9e-medium.jpg.webp,https://clios.com/winners-gallery/details/192234,/awards/clio_entertainment/2025/campaigns/toxic-backfire-samsung-cheil-pengtai-beijing-and-cheil-hong-kong-2025-2/
2025,Clio Entertaiment,Call of Duty Black Ops 6 – The Replacer takes over GIPHY,Activision,Bronze,United States,Mutiny A Trailer Park Company,Partnerships & Collaborations,Partnerships & Collaborations,,https://resized-media.entries.clios.com/companies/4687/media/f4648266-9542-4099-482b-08ddbc3a4ea4-medium.jpg.webp,https://clios.com/winners-gallery/details/193236,/awards/clio_entertainment/2025/campaigns/call-of-duty-black-ops-6-the-replacer-takes-over-giphy-activision-mutiny-a-trailer-park-company-2025-3/
2025,Clio Entertaiment,Get Ready,Inside Out 2,Bronze,United States,Tiny Hero,Audio Visual,Spot,,https://resized-media.entries.clios.com/companies/4875/media/deba1ca8-caa8-4a77-9601-08ddcf598d69-thumbnail.0000000.jpg,https://clios.com/winners-gallery/details/199534,/awards/clio_entertainment/2025/campaigns/get-ready-inside-out-2-tiny-hero-2025/
2025,Clio Entertaiment,30TV Sing Bonus,Snow White,Bronze,United States,Aspect,Audio Visual,Spot,,https://resized-media.entries.clios.com/companies/4921/media/ce018fbd-ff87-4daf-80fe-08dda8280727-thumbnail.0000000.jpg,https://clios.com/winners-gallery/details/194414,/awards/clio_entertainment/2025/campaigns/30tv-sing-bonus-snow-white-aspect-2025/
2025,Clio Entertaiment,AGAIN,DOG MAN,Bronze,United States,eclipse,Audio Visual,Spot,,https://resized-media.entries.clios.com/companies/4952/media/f1613262-d0e0-40a7-a49a-08ddcf598d69-thumbnail.0000000.jpg,https://clios.com/winners-gallery/details/200962,/awards/clio_entertainment/2025/campaigns/again-dog-man-eclipse-2025/
2025,Clio Entertaiment,Chee Hoo,Moana 2,Bronze,United States,REBEL,Audio Visual,Spot,,https://resized-media.entries.clios.com/companies/1223/media/d31e17cf-2af9-4ae4-42b5-08dda8286ac6-thumbnail.0000000.jpg,https://clios.com/winners-gallery/details/195175,/awards/clio_entertainment/2025/campaigns/chee-hoo-moana-2-rebel-2025/
2025,Clio Entertaiment,How to Train Your Dragon | 30 TV Fire Up,Universal Pictures Home Entertainment,Bronze,United States,Paradise Creative,Audio Visual,Spot,,https://resized-media.entries.clios.com/companies/4992/media/bb7aae49-24f6-4f41-ae5f-08ddca1e8d72-thumbnail.0000000.jpg,https://clios.com/winners-gallery/details/202286,/awards/clio_entertainment/2025/campaigns/how-to-train-your-dragon-30-tv-fire-up-universal-pictures-home-entertainment-paradise-creative-2025/
2025,Clio Entertaiment,Movie Night,Beetlejuice Beetlejuice,Bronze,United States,REBEL,Audio Visual,Spot,,https://resized-media.entries.clios.com/companies/1223/media/c9fe544c-5d0b-4a52-428c-08dda8286ac6-thumbnail.0000000.jpg,https://clios.com/winners-gallery/details/195119,/awards/clio_entertainment/2025/campaigns/movie-night-beetlejuice-beetlejuice-rebel-2025/
2025,Clio Entertaiment,Masterpiece Academy Nominations,Wicked,Bronze,United States,Inside Job,Audio Visual,Spot,,https://resized-media.entries.clios.com/companies/5316/media/90c10622-6428-45b0-ad87-08ddca1e8d72-thumbnail.0000000.jpg,https://clios.com/winners-gallery/details/202134,/awards/clio_entertainment/2025/campaigns/masterpiece-academy-nominations-wicked-inside-job-2025/
2025,Clio Entertaiment,Nowhere,Jurassic World Rebirth,Bronze,United States,Inside Job,Audio Visual,Spot,,https://resized-media.entries.clios.com/companies/5316/media/fbb91e4b-2557-43ad-9b7b-08ddcf598d69-thumbnail.0000000.jpg,https://clios.com/winners-gallery/details/202048,/awards/clio_entertainment/2025/campaigns/nowhere-jurassic-world-rebirth-inside-job-2025/
2025,Clio Entertaiment,Apes Home,Kingdom of the Planet of the Apes,Bronze,United States,REBEL,Audio Visual,Spot,,https://resized-media.entries.clios.com/companies/1223/media/9359a3d0-010d-4a58-47a3-08dca10d3e03-thumbnail.0000000.jpg,https://clios.com/winners-gallery/details/195138,/awards/clio_entertainment/2025/campaigns/apes-home-kingdom-of-the-planet-of-the-apes-rebel-2025/
2025,Clio Entertaiment,The Whole Package,Deadpool & Wolverine,Bronze,United States,Tiny Hero,Audio Visual,Spot,,https://resized-media.entries.clios.com/companies/4875/media/62d41e2f-3733-443a-95ef-08ddcf598d69-thumbnail.0000000.jpg,https://clios.com/winners-gallery/details/199523,/awards/clio_entertainment/2025/campaigns/the-whole-package-deadpool-and-wolverine-tiny-hero-2025/
2025,Clio Entertaiment,Wait For It,Captain America Brave New World,Bronze,United States,REBEL,Audio Visual,Spot,,https://resized-media.entries.clios.com/companies/1223/media/38e713e5-df43-4433-44c5-08ddbc3a4ea4-thumbnail.0000000.jpg,https://clios.com/winners-gallery/details/195197,/awards/clio_entertainment/2025/campaigns/wait-for-it-captain-america-brave-new-world-rebel-2025/
2025,Clio Entertaiment,New Home,Despicable Me 4,Bronze,United States,REBEL,Audio Visual,Trailer,,https://resized-media.entries.clios.com/companies/1223/media/d07fa17a-dde9-4117-4286-08dda8286ac6-thumbnail.0000000.jpg,https://clios.com/winners-gallery/details/195112,/awards/clio_entertainment/2025/campaigns/new-home-despicable-me-4-rebel-2025/
2025,Clio Entertaiment,Hush,A Nightmare on Elm Street,Bronze,United States,X-AV,Audio Visual,Trailer,,https://resized-media.entries.clios.com/companies/4946/media/4ca0bd6e-80eb-4fe6-a0e9-08ddbc6e7e05-thumbnail.0000000.jpg,https://clios.com/winners-gallery/details/197357,/awards/clio_entertainment/2025/campaigns/hush-a-nightmare-on-elm-street-x-av-2025/
2025,Clio Entertaiment,The Whole Package,Deadpool & Wolverine,Bronze,United States,Tiny Hero,Craft & Design,Audio Visual Craft,Editing,https://resized-media.entries.clios.com/companies/4875/media/8369b268-a6e7-418d-a14e-08ddca1e8d72-medium.jpg.webp,https://clios.com/winners-gallery/details/201024,/awards/clio_entertainment/2025/campaigns/the-whole-package-deadpool-and-wolverine-tiny-hero-2025-2/
2025,Clio Entertaiment,Family Review,Lilo & Stitch,Bronze,United States,Tiny Hero,Craft & Design,Audio Visual Craft,Motion Graphics,https://resized-media.entries.clios.com/companies/4875/media/b52ebcbd-70f7-4044-a259-08ddca1e8d72-medium.jpg.webp,https://clios.com/winners-gallery/details/199842,/awards/clio_entertainment/2025/campaigns/family-review-lilo-and-stitch-tiny-hero-2025/
2025,Clio Entertaiment,Anything,Wicked,Bronze,United States,REBEL,Craft & Design,Audio Visual Craft,Music,https://resized-media.entries.clios.com/companies/1223/media/6695f442-e375-49f6-4266-08dda8286ac6-medium.png.webp,https://clios.com/winners-gallery/details/195096,/awards/clio_entertainment/2025/campaigns/anything-wicked-rebel-2025/
2025,Clio Entertaiment,Nightmare On Elm Street Giftset (Vintage VHS Clamshell Look),Warner Bros Home Entertainment,Bronze,United Kingdom,AVK Creative,Craft & Design,Design,Design Package,https://resized-media.entries.clios.com/companies/4560/media/2f04d758-66fb-4a10-02e9-08dd8372b990-thumbnail.0000000.jpg,https://clios.com/winners-gallery/details/192367,/awards/clio_entertainment/2025/campaigns/nightmare-on-elm-street-giftset-vintage-vhs-clamshell-look-warner-bros-home-entertainment-avk-creative-2025/
2025,Clio Entertaiment,Youre Next Steelbook,Lionsgate,Bronze,United States,Lionsgate,Craft & Design,Design,Design Package,https://resized-media.entries.clios.com/companies/143797/media/3b057a52-19d2-45c0-afd5-08ddca1e8d72-medium.jpg.webp,https://clios.com/winners-gallery/details/202554,/awards/clio_entertainment/2025/campaigns/youre-next-steelbook-lionsgate-lionsgate-2025/
2025,Clio Entertaiment,Planet of the Apes Comic-Con Exclusive Miniposter,The Walt Disney Studios,Bronze,United States,Foundry LA,Craft & Design,Key Art Craft,Illustration,https://resized-media.entries.clios.com/companies/4744/media/b4c6f72c-56dd-4f3a-a573-08ddca1e8d72-thumbnail.0000000.jpg,https://clios.com/winners-gallery/details/199045,/awards/clio_entertainment/2025/campaigns/planet-of-the-apes-comic-con-exclusive-miniposter-the-walt-disney-studios-foundry-la-2025/
2025,Clio Entertaiment,Snowpiercer Steelbook,Lionsgate,Bronze,United States,Lionsgate,Craft & Design,Key Art Craft,Illustration,https://resized-media.entries.clios.com/companies/143797/media/15de0192-7f0d-41f5-a4a9-08ddcf598d69-thumbnail.0000000.jpg,https://clios.com/winners-gallery/details/202566,/awards/clio_entertainment/2025/campaigns/snowpiercer-steelbook-lionsgate-lionsgate-2025/
2025,Clio Entertaiment,Sonic the Hedgehog 3 - Social Media Campaign,Paramount Pictures,Bronze,United States,Paramount Pictures,Digital Mobile & Social Media,Social Media,Mixed Campaign,https://resized-media.entries.clios.com/companies/140545/media/99880975-1495-45d7-a747-08ddca1e8d72-medium.jpg.webp,https://clios.com/winners-gallery/details/200592,/awards/clio_entertainment/2025/campaigns/sonic-the-hedgehog-3-social-media-campaign-paramount-pictures-paramount-pictures-2025/
2025,Clio Entertaiment,Jurassic World Rebirth - Proximity Alert,Universal Studios,Bronze,United States,Fracture Creative,Digital Mobile & Social Media,Social Media,Paid Social Media Post,https://resized-media.entries.clios.com/companies/142952/media/02b85717-5ba3-47f3-a473-08ddcf598d69-medium.png.webp,https://clios.com/winners-gallery/details/202452,/awards/clio_entertainment/2025/campaigns/jurassic-world-rebirth-proximity-alert-universal-studios-fracture-creative-2025/
2025,Clio Entertaiment,Foreshadowing Series,Sinners,Bronze,United States,Okperfect,Digital Mobile & Social Media,Social Media,Short-Form Social Media Video,https://resized-media.entries.clios.com/companies/4851/media/4b6d6d09-de21-4627-fe47-08ddda84979b-thumbnail.0000000.jpg,https://clios.com/winners-gallery/details/195589,/awards/clio_entertainment/2025/campaigns/foreshadowing-series-sinners-okperfect-2025/
2025,Clio Entertaiment,Unleashing the Titans,Godzilla x Kong The New Empire,Bronze,United States,OC Agency,Digital Mobile & Social Media,Social Media,Short-Form Social Media Video,https://resized-media.entries.clios.com/companies/4765/media/1cdece70-dc96-4514-402f-08dda8286ac6-thumbnail.0000000.jpg,https://clios.com/winners-gallery/details/192532,/awards/clio_entertainment/2025/campaigns/unleashing-the-titans-godzilla-x-kong-the-new-empire-oc-agency-2025/
2025,Clio Entertaiment,Salems Lot Premiere Art,HBO Max,Bronze,United States,HBO Max,Key Art & Out of Home,Key Art,Motion Poster,https://resized-media.entries.clios.com/companies/5072/media/e4fe6e12-38c6-4d24-b0bf-08ddca1e8d72-medium.png.webp,https://clios.com/winners-gallery/details/202700,/awards/clio_entertainment/2025/campaigns/salems-lot-premiere-art-hbo-max-hbo-max-2025/
2025,Clio Entertaiment,Making Wicked,Universal Studios,Bronze,United States,The Workhouse Picture Company Ltd,Original Content,‌Other,,https://resized-media.entries.clios.com/companies/5475/media/068dbf19-fe15-44c0-00f9-08ddda84979c-medium.png.webp,https://clios.com/winners-gallery/details/204146,/awards/clio_entertainment/2025/campaigns/making-wicked-universal-studios-the-workhouse-picture-company-ltd-2025/
2025,Clio Entertaiment,A Day At Skywalker Sound,Jurassic World Rebirth,Bronze,United States,Mob Scene,Original Content,Featurette,,https://resized-media.entries.clios.com/companies/4630/media/1010bdfb-6be9-453b-ad2f-08ddca1e8d72-medium.jpg.webp,https://clios.com/winners-gallery/details/201890,/awards/clio_entertainment/2025/campaigns/a-day-at-skywalker-sound-jurassic-world-rebirth-mob-scene-2025/
2025,Clio Entertaiment,ISLA GUNFIGHT FINAL BATTLE BREAKDOWN,SHADOW FORCE,Bronze,United States,Trailer Park - a Trailer Park Group Company,Original Content,Featurette,,https://resized-media.entries.clios.com/companies/5218/media/6321183f-548a-4dd3-abac-08ddca1e8d72-medium.jpg.webp,https://clios.com/winners-gallery/details/201827,/awards/clio_entertainment/2025/campaigns/isla-gunfight-final-battle-breakdown-shadow-force-trailer-park-a-trailer-park-group-company-2025/
2025,Clio Entertaiment,MAKING SHADOW FORCE AINT NOTHING TO F*** WITH,SHADOW FORCE,Bronze,United States,Trailer Park - a Trailer Park Group Company,Original Content,Featurette,,https://resized-media.entries.clios.com/companies/5218/media/c566e345-45d6-46c3-ab3b-08ddca1e8d72-medium.jpg.webp,https://clios.com/winners-gallery/details/201795,/awards/clio_entertainment/2025/campaigns/making-shadow-force-aint-nothing-to-f-with-shadow-force-trailer-park-a-trailer-park-group-company-2025/
2025,Clio Entertaiment,Return To Horror - Crafting Alien Romulus,Alien Romulus,Bronze,United States,Mob Scene,Original Content,Featurette,,https://resized-media.entries.clios.com/companies/4630/media/dd059ce9-b63b-4488-3f40-08dda8286ac6-medium.png.webp,https://clios.com/winners-gallery/details/193727,/awards/clio_entertainment/2025/campaigns/return-to-horror-crafting-alien-romulus-alien-romulus-mob-scene-2025/
2025,Clio Entertaiment,Lionsgate Franchise Collections,Lionsgate Franchise,Bronze,United States,BOND,Retail & Premium,Packaging,Box Set Collection & Complete Series Packaging,https://resized-media.entries.clios.com/companies/4830/media/ad077f0b-2b20-475e-b126-08ddca1e8d72-medium.jpg.webp,https://clios.com/winners-gallery/details/202315,/awards/clio_entertainment/2025/campaigns/lionsgate-franchise-collections-lionsgate-franchise-bond-2025/
2025,Clio Entertaiment,Steelbook Library Case,The Dark Knight,Bronze,United States,BOND,Retail & Premium,Packaging,Box Set Collection & Complete Series Packaging,https://resized-media.entries.clios.com/companies/4830/media/f002644f-a3fa-4004-adde-08ddca1e8d72-medium.jpg.webp,https://clios.com/winners-gallery/details/200658,/awards/clio_entertainment/2025/campaigns/steelbook-library-case-the-dark-knight-bond-2025/
2025,Clio Entertaiment,Home Entertainment Campaign,A Minecraft Movie,Bronze,United States,BOND,Retail & Premium,Packaging,Mixed Campaign,https://resized-media.entries.clios.com/companies/4830/media/57a3cca6-754f-4470-ade8-08ddca1e8d72-medium.jpg.webp,https://clios.com/winners-gallery/details/203337,/awards/clio_entertainment/2025/campaigns/home-entertainment-campaign-a-minecraft-movie-bond-2025/
2025,Clio Entertaiment,Disney- The Complete Seasons Collector Editions-Line Look,Disney-,Bronze,United States,MEOKCA Inc dba Poster Posse,Retail & Premium,Packaging,Specialty Packaging,https://resized-media.entries.clios.com/companies/5754/media/fb20cace-68a1-48b7-a840-08ddca1e8d72-medium.jpg.webp,https://clios.com/winners-gallery/details/201070,/awards/clio_entertainment/2025/campaigns/disney-the-complete-seasons-collector-editions-line-look-disney-meokca-inc-dba-poster-posse-2025/
2025,Clio Entertaiment,Walmart Exclusive Blu-ray Crafting Table,A Minecraft Movie,Bronze,United States,BOND,Retail & Premium,Packaging,Specialty Packaging,https://resized-media.entries.clios.com/companies/4830/media/84c521d2-acde-4d2b-a528-08ddca1e8d72-medium.jpg.webp,https://clios.com/winners-gallery/details/200511,/awards/clio_entertainment/2025/campaigns/walmart-exclusive-blu-ray-crafting-table-a-minecraft-movie-bond-2025/
2025,Clio Entertaiment,Wicked,Amazon Exclusive Gift Set,Bronze,United States,GNAH Studios Inc,Retail & Premium,Packaging,Specialty Packaging,https://resized-media.entries.clios.com/companies/5575/media/e92e7f3f-e9e4-4ea7-acc4-08ddca1e8d72-medium.jpg.webp,https://clios.com/winners-gallery/details/201817,/awards/clio_entertainment/2025/campaigns/wicked-amazon-exclusive-gift-set-gnah-studios-inc-2025/
2025,Clio Entertaiment,A Midsummer Nights Dream,New York City Ballet,Bronze,United States,New York City Ballet,Audio Visual,30 Seconds and Under,,https://resized-media.entries.clios.com/companies/5171/media/e7bff142-8cf1-462b-a08e-08ddca1e8d72-thumbnail.0000000.jpg,https://clios.com/winners-gallery/details/198748,/awards/clio_entertainment/2025/campaigns/a-midsummer-nights-dream-new-york-city-ballet-new-york-city-ballet-2025/
2025,Clio Entertaiment,Ragtime,Ragtime,Bronze,United States,AKA NYC,Audio Visual,31 Seconds to 60 Seconds,,https://resized-media.entries.clios.com/companies/5224/media/c1d29435-9dbc-4011-5c8d-08ddda7db5d2-thumbnail.0000000.jpg,https://clios.com/winners-gallery/details/201837,/awards/clio_entertainment/2025/campaigns/ragtime-ragtime-aka-nyc-2025/
2025,Clio Entertaiment,Stranger Things,Stranger Things - The First Shadow,Bronze,United States,Steam Motion and Sound,Audio Visual,61 Seconds and Over,,https://resized-media.entries.clios.com/companies/143781/media/f8a72a45-4a04-43ed-a5a2-08ddca1e8d72-thumbnail.0000000.jpg,https://clios.com/winners-gallery/details/200255,/awards/clio_entertainment/2025/campaigns/stranger-things-stranger-things-the-first-shadow-steam-motion-and-sound-2025/
2025,Clio Entertaiment,Tick Tick Tick,Six Flags Entertainment Corporation,Bronze,United States,TMA,Branded Entertainment & Content,Digital Mobile & Social Media,,https://resized-media.entries.clios.com/companies/141956/media/b21c2ea4-4e3b-4e4e-4e9c-08dd42fc65d2-thumbnail.0000000.jpg,https://clios.com/winners-gallery/details/194978,/awards/clio_entertainment/2025/campaigns/tick-tick-tick-six-flags-entertainment-corporation-tma-2025/
2025,Clio Entertaiment,Push Push,WhatsApp,Bronze,United States,Modern Arts,Branded Entertainment & Content,Experiential & Activations,,https://resized-media.entries.clios.com/companies/141981/media/c296c7f8-bdaa-42c7-fe34-08ddda84979b-medium.jpg.webp,https://clios.com/winners-gallery/details/202712,/awards/clio_entertainment/2025/campaigns/push-push-whatsapp-modern-arts-2025-3/
2025,Clio Entertaiment,Echos of Ailey,Alvin Ailey American Dance Theater - The Whitney Museum,Bronze,United States,Final Cut NY,Craft & Design,Audio Visual Craft,Editing,https://resized-media.entries.clios.com/companies/142052/media/9233feda-5d80-4a88-5af6-08ddda7db5d2-medium.png.webp,https://clios.com/winners-gallery/details/200567,/awards/clio_entertainment/2025/campaigns/echos-of-ailey-alvin-ailey-american-dance-theater-the-whitney-museum-final-cut-ny-2025/
2025,Clio Entertaiment,Context is everything starting a trend with The Devil Wears Prada,The Devil Wears Prada,Bronze,United Kingdom,Dewynters,Craft & Design,Key Art Craft,Copywriting,https://resized-media.entries.clios.com/companies/5542/media/a3f5f016-43f5-4237-aef1-08ddca1e8d72-medium.jpg.webp,https://clios.com/winners-gallery/details/202413,/awards/clio_entertainment/2025/campaigns/context-is-everything-starting-a-trend-with-the-devil-wears-prada-the-devil-wears-prada-dewynters-2025/
2025,Clio Entertaiment,Alternate Re[AI]lity Computer History circa 1890,PEEK&POKE Computer Museum,Bronze,Slovenia,Digital Da Vincis,Digital Mobile & Social Media,Digital & Mobile,‌Other,https://resized-media.entries.clios.com/companies/614/media/64fbe007-ae65-4e63-9e50-08ddbc6e7e05-medium.png.webp,https://clios.com/winners-gallery/details/196702,/awards/clio_entertainment/2025/campaigns/alternate-reaility-computer-history-circa-1890-peek-and-poke-computer-museum-digital-da-vincis-2025/
2025,Clio Entertaiment,Bilingual by Design Bringing Buena Vista Social Club to Broadway,Buena Vista Social Club,Bronze,United States,AKA NYC,Integrated Campaign,Integrated Campaign,,https://resized-media.entries.clios.com/companies/5224/media/166aad78-2f96-4115-603b-08ddda7db5d2-thumbnail.0000000.jpg,https://clios.com/winners-gallery/details/201705,/awards/clio_entertainment/2025/campaigns/bilingual-by-design-bringing-buena-vista-social-club-to-broadway-buena-vista-social-club-aka-nyc-2025/
2025,Clio Entertaiment,HE’S FOUND A NEW HOME,PADDINGTON The Musical,Bronze,United Kingdom,AKA UK,Integrated Campaign,Integrated Campaign,,https://resized-media.entries.clios.com/companies/5416/media/684126f9-2d56-4a97-45ab-08ddbc3a4ea4-medium.jpeg.webp,https://clios.com/winners-gallery/details/198094,/awards/clio_entertainment/2025/campaigns/hes-found-a-new-home-paddington-the-musical-aka-uk-2025/
2025,Clio Entertaiment,Good Night and Good Luck Broadway Key Art,Good Night and Good Luck on Broadway,Bronze,United States,AKA NYC,Key Art & Out of Home,Key Art,Posters One Sheets,https://resized-media.entries.clios.com/companies/5224/media/806df10a-afb0-49d5-9ffd-08ddcf598d69-medium.jpg.webp,https://clios.com/winners-gallery/details/201744,/awards/clio_entertainment/2025/campaigns/good-night-and-good-luck-broadway-key-art-good-night-and-good-luck-on-broadway-aka-nyc-2025/
2025,Clio Entertaiment,Universal Fan Fest Nights - Back To The Future Billboard,Universal Studios Hollywood,Bronze,United States,Popcorn,Key Art & Out of Home,Out of Home,Billboard,https://resized-media.entries.clios.com/companies/5802/media/70a8898b-f52a-4139-9f39-08ddcf598d69-medium.jpg.webp,https://clios.com/winners-gallery/details/201524,/awards/clio_entertainment/2025/campaigns/universal-fan-fest-nights-back-to-the-future-billboard-universal-studios-hollywood-popcorn-2025/
2025,Clio Entertaiment,The Museum of Modern New York,The Museum of Modern Art,Bronze,United States,Serino Coyne,Key Art & Out of Home,Out of Home,Mixed Campaign,https://resized-media.entries.clios.com/companies/5421/media/cbe73c22-a438-4003-a015-08ddcf598d69-medium.JPG.webp,https://clios.com/winners-gallery/details/201733,/awards/clio_entertainment/2025/campaigns/the-museum-of-modern-new-york-the-museum-of-modern-art-serino-coyne-2025/
2025,Clio Entertaiment,Tick Tick Tick,Six Flags Entertainment Corporation,Bronze,United States,TMA,Original Content,Creative Content,,https://resized-media.entries.clios.com/companies/141956/media/b21c2ea4-4e3b-4e4e-4e9c-08dd42fc65d2-thumbnail.0000000.jpg,https://clios.com/winners-gallery/details/195078,/awards/clio_entertainment/2025/campaigns/tick-tick-tick-six-flags-entertainment-corporation-tma-2025-2/
2025,Clio Entertaiment,Animation Domination 2025 Sunday Campaign,FOX Entertainment,Bronze,United States,FOX Entertainment,Audio Visual Campaign,Audio Visual Campaign,,https://resized-media.entries.clios.com/companies/4967/media/9c2ff736-af1d-4a25-4096-08ddbc3a4ea4-thumbnail.0000000.jpg,https://clios.com/winners-gallery/details/196680,/awards/clio_entertainment/2025/campaigns/animation-domination-2025-sunday-campaign-fox-entertainment-fox-entertainment-2025/
2025,Clio Entertaiment,Arcane S2 A-V Campaign,Arcane Season 2,Bronze,United States,Tiny Hero,Audio Visual Campaign,Audio Visual Campaign,,https://resized-media.entries.clios.com/companies/4875/media/d5f24f03-878e-4319-a117-08ddca1e8d72-thumbnail.0000000.jpg,https://clios.com/winners-gallery/details/199801,/awards/clio_entertainment/2025/campaigns/arcane-s2-a-v-campaign-arcane-season-2-tiny-hero-2025/
2025,Clio Entertaiment,Goosebumps The Vanishing Launch Campaign,Goosebumps The Vanishing,Bronze,United States,Disney Branded Television,Audio Visual Campaign,Audio Visual Campaign,,https://resized-media.entries.clios.com/companies/4957/media/fbf04cad-74b8-4966-9f78-08ddca1e8d72-medium.png.webp,https://clios.com/winners-gallery/details/198990,/awards/clio_entertainment/2025/campaigns/goosebumps-the-vanishing-launch-campaign-goosebumps-the-vanishing-disney-branded-television-2025/
2025,Clio Entertaiment,Deli Boys On-Air Campaign,Onyx Collective,Bronze,United States,Onyx Collective,Audio Visual Campaign,Audio Visual Campaign,,https://resized-media.entries.clios.com/companies/5035/media/a13458de-2350-4969-3fed-08dda8286ac6-medium.JPG.webp,https://clios.com/winners-gallery/details/194611,/awards/clio_entertainment/2025/campaigns/deli-boys-on-air-campaign-onyx-collective-onyx-collective-2025/
2025,Clio Entertaiment,Trafficked Underworlds with Mariana van Zeller,National Geographic,Bronze,United States,National Geographic,Audio Visual Campaign,Audio Visual Campaign,,https://resized-media.entries.clios.com/companies/4339/media/9e26399e-f468-497e-400c-08ddbc3a4ea4-thumbnail.0000000.jpg,https://clios.com/winners-gallery/details/196495,/awards/clio_entertainment/2025/campaigns/trafficked-underworlds-with-mariana-van-zeller-national-geographic-national-geographic-2025/
2025,Clio Entertaiment,Campaign,The White Lotus S3,Bronze,United States,Motive,Audio Visual Campaign,Audio Visual Campaign,,https://resized-media.entries.clios.com/companies/4587/media/f2531056-f878-4273-47c1-08ddbc3a4ea4-thumbnail.0000000.jpg,https://clios.com/winners-gallery/details/195452,/awards/clio_entertainment/2025/campaigns/campaign-the-white-lotus-s3-motive-2025/
2025,Clio Entertaiment,Fight Night Campaign,Fight Night,Bronze,United States,Trailer Park a Trailer Park Group Company,Audio Visual Campaign,Audio Visual Campaign,,https://resized-media.entries.clios.com/companies/4579/media/002ddc99-dfc8-4f7a-a39d-08ddca1e8d72-thumbnail.0000000.jpg,https://clios.com/winners-gallery/details/200136,/awards/clio_entertainment/2025/campaigns/fight-night-campaign-fight-night-trailer-park-a-trailer-park-group-company-2025/
2025,Clio Entertaiment,Mr & Mrs Smith S1 - AV Campaign,Amazon MGM Studios,Bronze,United States,Amazon MGM Studios,Audio Visual Campaign,Audio Visual Campaign,,https://resized-media.entries.clios.com/companies/4984/media/4f84824e-2b66-424e-8585-08dda8280727-thumbnail.0000000.jpg,https://clios.com/winners-gallery/details/195746,/awards/clio_entertainment/2025/campaigns/mr-and-mrs-smith-s1-av-campaign-amazon-mgm-studios-amazon-mgm-studios-2025/
2025,Clio Entertaiment,Squid Game Season 2,Netflix,Bronze,United States,Netflix Creative Studio,Audio Visual Campaign,Audio Visual Campaign,,https://resized-media.entries.clios.com/companies/4733/media/1035995a-4047-485b-824a-08dda8280727-medium.jpg.webp,https://clios.com/winners-gallery/details/194949,/awards/clio_entertainment/2025/campaigns/squid-game-season-2-netflix-netflix-creative-studio-2025/
2025,Clio Entertaiment,The Lord of the Rings The Rings of Power S2 - AV Campaign,Amazon MGM Studios,Bronze,United States,Amazon MGM Studios,Audio Visual Campaign,Audio Visual Campaign,,https://resized-media.entries.clios.com/companies/4661/media/bd8fecca-fb98-46cd-a53f-08ddcf598d69-medium.png.webp,https://clios.com/winners-gallery/details/195189,/awards/clio_entertainment/2025/campaigns/the-lord-of-the-rings-the-rings-of-power-s2-av-campaign-amazon-mgm-studios-amazon-mgm-studios-2025/
2025,Clio Entertaiment,Campaign,Carry On,Bronze,Uruguay,X-AV,Audio Visual Campaign,Audio Visual Campaign,,https://resized-media.entries.clios.com/companies/4946/media/b844eecb-7b77-4f96-42e6-08ddbc3a4ea4-thumbnail.0000000.jpg,https://clios.com/winners-gallery/details/197327,/awards/clio_entertainment/2025/campaigns/campaign-carry-on-x-av-2025/
2025,Clio Entertaiment,Water Changes Everything,Charity Water,Bronze,United States,Evolve Studios,Audio Visual Campaign,Audio Visual Campaign,,https://resized-media.entries.clios.com/companies/4777/media/d884bf12-730e-45aa-06e5-08dd8372b990-thumbnail.0000000.jpg,https://clios.com/winners-gallery/details/193467,/awards/clio_entertainment/2025/campaigns/water-changes-everything-charity-water-evolve-studios-2025/
2025,Clio Entertaiment,Patrick Starship Enterprise,Paramount-,Bronze,United States,Paramount-,Audio Visual Craft,‌Other,,https://resized-media.entries.clios.com/companies/143511/media/a8e88aad-1450-434d-fc1c-08ddda84979b-thumbnail.0000000.jpg,https://clios.com/winners-gallery/details/203034,/awards/clio_entertainment/2025/campaigns/patrick-starship-enterprise-paramount-paramount-2025-2/
2025,Clio Entertaiment,Best of the World 2024,National Geographic,Bronze,United States,National Geographic,Audio Visual Craft,Copywriting,,https://resized-media.entries.clios.com/companies/4339/media/a585e14a-749f-4004-4017-08ddbc3a4ea4-thumbnail.0000000.jpg,https://clios.com/winners-gallery/details/196513,/awards/clio_entertainment/2025/campaigns/best-of-the-world-2024-national-geographic-national-geographic-2025/
2025,Clio Entertaiment,Everybodys Live With John Mulaney,Netflix,Bronze,United States,Netflix,Audio Visual Craft,Copywriting,,https://resized-media.entries.clios.com/companies/142252/media/dfc50c63-4230-4c6c-b086-08ddca1e8d72-medium.jpg.webp,https://clios.com/winners-gallery/details/202653,/awards/clio_entertainment/2025/campaigns/everybodys-live-with-john-mulaney-netflix-netflix-2025-2/
2025,Clio Entertaiment,Alien Earth - 306 Gestation,FX,Bronze,United States,FX,Audio Visual Craft,Direction,,https://resized-media.entries.clios.com/companies/4559/media/a04ba412-b9d6-4937-fcb9-08ddda84979b-medium.jpg.webp,https://clios.com/winners-gallery/details/195465,/awards/clio_entertainment/2025/campaigns/alien-earth-306-gestation-fx-fx-2025-5/
2025,Clio Entertaiment,Date Announcement,Stranger Things 5,Bronze,United States,Requiem,Audio Visual Craft,Direction,,https://resized-media.entries.clios.com/companies/143294/media/6a839b62-121e-4764-4151-08ddbc3a4ea4-thumbnail.0000000.jpg,https://clios.com/winners-gallery/details/197030,/awards/clio_entertainment/2025/campaigns/date-announcement-stranger-things-5-requiem-2025/
2025,Clio Entertaiment,Team,Heads of State,Bronze,United States,AV Squad,Audio Visual Craft,Direction,,https://resized-media.entries.clios.com/companies/4977/media/80b8e92e-6f8a-4393-a35f-08ddca1e8d72-thumbnail.0000000.jpg,https://clios.com/winners-gallery/details/202066,/awards/clio_entertainment/2025/campaigns/team-heads-of-state-av-squad-2025/
2025,Clio Entertaiment,Decibels,Stranger Things 5,Bronze,United States,Requiem,Audio Visual Craft,Editing,,https://resized-media.entries.clios.com/companies/143294/media/2363f9cf-8e70-4fc6-a5a0-08ddca1e8d72-thumbnail.0000000.jpg,https://clios.com/winners-gallery/details/202948,/awards/clio_entertainment/2025/campaigns/decibels-stranger-things-5-requiem-2025-2/
2025,Clio Entertaiment,Love Death - Robots Season 4 Supercut,Netflix,Bronze,United States,Saylor,Audio Visual Craft,Editing,,https://resized-media.entries.clios.com/companies/5974/media/7580adc3-c2ba-4b23-faf4-08ddda84979b-thumbnail.0000000.jpg,https://clios.com/winners-gallery/details/201420,/awards/clio_entertainment/2025/campaigns/love-death-robots-season-4-supercut-netflix-saylor-2025/
2025,Clio Entertaiment,Red Band,Peacemaker Season 2,Bronze,United States,Rogue Creative Agency,Audio Visual Craft,Editing,,https://resized-media.entries.clios.com/companies/4908/media/ea3ad999-4a5b-44dd-5bba-08ddda7db5d2-thumbnail.0000000.jpg,https://clios.com/winners-gallery/details/202929,/awards/clio_entertainment/2025/campaigns/red-band-peacemaker-season-2-rogue-creative-agency-2025/
2025,Clio Entertaiment,Sennas Cut,Netflix,Bronze,Argentina,Monks,Audio Visual Craft,Editing,,https://resized-media.entries.clios.com/companies/99/media/2857003b-8d6e-4665-45ba-08dda8286ac6-thumbnail.0000000.jpg,https://clios.com/winners-gallery/details/196402,/awards/clio_entertainment/2025/campaigns/sennas-cut-netflix-monks-2025-5/
2025,Clio Entertaiment,Severance Season 2 RTO Teaser,Severance Season 2,Bronze,United States,TRANSIT,Audio Visual Craft,Editing,,https://resized-media.entries.clios.com/companies/2123/media/4a995e45-c101-495a-9bda-08ddcf598d69-thumbnail.0000000.jpg,https://clios.com/winners-gallery/details/201090,/awards/clio_entertainment/2025/campaigns/severance-season-2-rto-teaser-severance-season-2-transit-2025-3/
2025,Clio Entertaiment,Welcome Back,Severance S2,Bronze,United States,Wild Card Creative Group,Audio Visual Craft,Editing,,https://resized-media.entries.clios.com/companies/4522/media/cd312838-9ae1-4476-4083-08ddbc3a4ea4-thumbnail.0000000.jpg,https://clios.com/winners-gallery/details/193596,/awards/clio_entertainment/2025/campaigns/welcome-back-severance-s2-wild-card-creative-group-2025-2/
2025,Clio Entertaiment,Decibels,Stranger Things 5,Bronze,United States,Requiem,Audio Visual Craft,Music,,https://resized-media.entries.clios.com/companies/143294/media/2363f9cf-8e70-4fc6-a5a0-08ddca1e8d72-thumbnail.0000000.jpg,https://clios.com/winners-gallery/details/202947,/awards/clio_entertainment/2025/campaigns/decibels-stranger-things-5-requiem-2025-3/
2025,Clio Entertaiment,Legacy Trailer,Arcane Season 2,Bronze,United States,Tiny Hero,Audio Visual Craft,Music,,https://resized-media.entries.clios.com/companies/4875/media/12f420b5-6112-4575-96d7-08ddcf598d69-thumbnail.0000000.jpg,https://clios.com/winners-gallery/details/199800,/awards/clio_entertainment/2025/campaigns/legacy-trailer-arcane-season-2-tiny-hero-2025/
2025,Clio Entertaiment,Mayhem,Wednesday Season 2,Bronze,United States,Requiem,Audio Visual Craft,Music,,https://resized-media.entries.clios.com/companies/143294/media/e96c2471-35c3-4673-9f17-08ddbc6e7e05-thumbnail.0000000.jpg,https://clios.com/winners-gallery/details/197053,/awards/clio_entertainment/2025/campaigns/mayhem-wednesday-season-2-requiem-2025/
2025,Clio Entertaiment,Severance Season 2 RTO Teaser,Severance Season 2,Bronze,United States,TRANSIT,Audio Visual Craft,Music,,https://resized-media.entries.clios.com/companies/2123/media/4a995e45-c101-495a-9bda-08ddcf598d69-thumbnail.0000000.jpg,https://clios.com/winners-gallery/details/201089,/awards/clio_entertainment/2025/campaigns/severance-season-2-rto-teaser-severance-season-2-transit-2025-4/
2025,Clio Entertaiment,Welcome Back,Severance S2,Bronze,United States,Wild Card Creative Group,Audio Visual Craft,Music,,https://resized-media.entries.clios.com/companies/4522/media/cd312838-9ae1-4476-4083-08ddbc3a4ea4-thumbnail.0000000.jpg,https://clios.com/winners-gallery/details/194782,/awards/clio_entertainment/2025/campaigns/welcome-back-severance-s2-wild-card-creative-group-2025-3/
2025,Clio Entertaiment,Decibels,Stranger Things 5,Bronze,United States,Requiem,Audio Visual Craft,Sound Design,,https://resized-media.entries.clios.com/companies/143294/media/2363f9cf-8e70-4fc6-a5a0-08ddca1e8d72-thumbnail.0000000.jpg,https://clios.com/winners-gallery/details/202949,/awards/clio_entertainment/2025/campaigns/decibels-stranger-things-5-requiem-2025-4/
2025,Clio Entertaiment,Ghostbusters on Paramount Network,PARAMOUNT CREATIVE MTVE INTERNATIONAL,Bronze,Hungary,PARAMOUNT CREATIVE MTVE INTERNATIONAL - Hungary,Audio Visual Craft,Sound Design,,https://resized-media.entries.clios.com/companies/4806/media/a576d249-ad4c-4be7-41bb-08dda8286ac6-thumbnail.0000000.jpg,https://clios.com/winners-gallery/details/194525,/awards/clio_entertainment/2025/campaigns/ghostbusters-on-paramount-network-paramount-creative-mtve-international-paramount-creative-mtve-international-hungary-20/
2025,Clio Entertaiment,Prodigy,Alien Earth,Bronze,United States,ZEALOT,Audio Visual Craft,Sound Design,,https://resized-media.entries.clios.com/companies/2177/media/6a21658e-640c-4950-41fb-08dda8286ac6-thumbnail.0000000.jpg,https://clios.com/winners-gallery/details/195080,/awards/clio_entertainment/2025/campaigns/prodigy-alien-earth-zealot-2025/
2025,Clio Entertaiment,Forty Five and Forward - The Anthem,BET,Bronze,United States,REV,Audio Visual Brand Promo,Brand Promo,,https://resized-media.entries.clios.com/companies/143983/media/c4a09876-7755-4bca-fca5-08ddda84979b-thumbnail.0000000.jpg,https://clios.com/winners-gallery/details/203098,/awards/clio_entertainment/2025/campaigns/forty-five-and-forward-the-anthem-bet-rev-2025/
2025,Clio Entertaiment,FX - Happy,FX,Bronze,United States,FX Networks & Buddha Jones,Audio Visual Brand Promo,Brand Promo,,https://resized-media.entries.clios.com/companies/4559/media/39cea55a-b541-4798-a1b4-08ddcf598d69-thumbnail.0000000.jpg,https://clios.com/winners-gallery/details/202073,/awards/clio_entertainment/2025/campaigns/fx-happy-fx-fx-networks-and-buddha-jones-2025/
2025,Clio Entertaiment,Made to Make You Think - Launch,BBC,Bronze,United States,BBC Studios,Audio Visual Brand Promo,Brand Promo,,https://resized-media.entries.clios.com/companies/143847/media/f147e4eb-8c5d-4e21-aa9d-08ddca1e8d72-thumbnail.0000000.jpg,https://clios.com/winners-gallery/details/201650,/awards/clio_entertainment/2025/campaigns/made-to-make-you-think-launch-bbc-bbc-studios-2025/
2025,Clio Entertaiment,Well Said,Disney-,Bronze,United States,Disney-,Audio Visual Brand Promo,Brand Promo,,https://resized-media.entries.clios.com/companies/5663/media/a3b2dd57-9cfe-4b35-a955-08ddca1e8d72-thumbnail.0000000.jpg,https://clios.com/winners-gallery/details/201463,/awards/clio_entertainment/2025/campaigns/well-said-disney-disney-2025/
2025,Clio Entertaiment,FX - Just Breathe,FX,Bronze,United States,FX,Audio Visual Brand Promo,Sizzle Seasonal & Stunt Promo,,https://resized-media.entries.clios.com/companies/4559/media/ca57a73d-e622-4b9c-9d2d-08ddcf598d69-thumbnail.0000000.jpg,https://clios.com/winners-gallery/details/202051,/awards/clio_entertainment/2025/campaigns/fx-just-breathe-fx-fx-2025/
2025,Clio Entertaiment,Paramount Network Spain - Summer Fresh,Paramount Creative MTVE International,Bronze,Spain,PARAMOUNT CREATIVE MTVE INTERNATIONAL,Audio Visual Brand Promo,Sizzle Seasonal & Stunt Promo,,https://resized-media.entries.clios.com/companies/143297/media/63d81a44-0d07-42fb-41cf-08dda8286ac6-thumbnail.0000000.jpg,https://clios.com/winners-gallery/details/194932,/awards/clio_entertainment/2025/campaigns/paramount-network-spain-summer-fresh-paramount-creative-mtve-international-paramount-creative-mtve-international-2025/
2025,Clio Entertaiment,30TV Adventure Cast,Star Wars Skeleton Crew,Bronze,United States,Aspect,Audio Visual Clip-Based Spot,Audio Visual Clip-Based Spot,,https://resized-media.entries.clios.com/companies/4921/media/66dab131-a745-43c8-819c-08dda8280727-thumbnail.0000000.jpg,https://clios.com/winners-gallery/details/194405,/awards/clio_entertainment/2025/campaigns/30tv-adventure-cast-star-wars-skeleton-crew-aspect-2025/
2025,Clio Entertaiment,A Real Bug’s Life 2 Content Promo,National Geographic,Bronze,United States,National Geographic,Audio Visual Clip-Based Spot,Audio Visual Clip-Based Spot,,https://resized-media.entries.clios.com/companies/4339/media/400d1040-9f23-4962-9db1-08ddbc6e7e05-thumbnail.0000000.jpg,https://clios.com/winners-gallery/details/196487,/awards/clio_entertainment/2025/campaigns/a-real-bugs-life-2-content-promo-national-geographic-national-geographic-2025/
2025,Clio Entertaiment,Christmas karaoke by Ninja Turtles,Paramount Creative MTVE International,Bronze,France,PARAMOUNT CREATIVE MTVE INTERNATIONAL,Audio Visual Clip-Based Spot,Audio Visual Clip-Based Spot,,https://resized-media.entries.clios.com/companies/143291/media/4a27659f-0ade-4f10-4057-08dda8286ac6-thumbnail.0000000.jpg,https://clios.com/winners-gallery/details/194522,/awards/clio_entertainment/2025/campaigns/christmas-karaoke-by-ninja-turtles-paramount-creative-mtve-international-paramount-creative-mtve-international-2025/
2025,Clio Entertaiment,The Bear S4 Zero,The Bear S4,Bronze,United States,GrandSon,Audio Visual Clip-Based Spot,Audio Visual Clip-Based Spot,,https://resized-media.entries.clios.com/companies/4926/media/46589613-53c1-455a-41ae-08dda8286ac6-thumbnail.0000000.jpg,https://clios.com/winners-gallery/details/194911,/awards/clio_entertainment/2025/campaigns/the-bear-s4-zero-the-bear-s4-grandson-2025/
2025,Clio Entertaiment,Space Shuttle Columbia The Final Flight,CNN Worldwide,Bronze,United States,CNN Worldwide,Audio Visual Clip-Based Spot,Audio Visual Clip-Based Spot,,https://resized-media.entries.clios.com/companies/141086/media/995d5514-53c1-41b3-e761-08dd20b76b06-thumbnail.0000000.jpg,https://clios.com/winners-gallery/details/196948,/awards/clio_entertainment/2025/campaigns/space-shuttle-columbia-the-final-flight-cnn-worldwide-cnn-worldwide-2025/
2025,Clio Entertaiment,Underdogs Series Sell,National Geographic,Bronze,United States,National Geographic,Audio Visual Clip-Based Spot,Audio Visual Clip-Based Spot,,https://resized-media.entries.clios.com/companies/4339/media/c34be87a-1184-482b-9dc7-08ddbc6e7e05-thumbnail.0000000.jpg,https://clios.com/winners-gallery/details/196518,/awards/clio_entertainment/2025/campaigns/underdogs-series-sell-national-geographic-national-geographic-2025/
2025,Clio Entertaiment,Revelation 30,Paradise,Bronze,United States,BOND,Audio Visual Clip-Based Spot,Audio Visual Clip-Based Spot,,https://resized-media.entries.clios.com/companies/4830/media/b3b6a7fc-a259-4467-42aa-08dda8286ac6-thumbnail.0000000.jpg,https://clios.com/winners-gallery/details/195153,/awards/clio_entertainment/2025/campaigns/revelation-30-paradise-bond-2025/
2025,Clio Entertaiment,360,Silo S2,Bronze,United States,Create Advertising Group,Audio Visual Clip-Based Spot,Audio Visual Clip-Based Spot,,https://resized-media.entries.clios.com/companies/4951/media/0c1fb87f-93cb-4fe6-3fe4-08ddbc3a4ea4-thumbnail.0000000.jpg,https://clios.com/winners-gallery/details/196432,/awards/clio_entertainment/2025/campaigns/360-silo-s2-create-advertising-group-2025/
2025,Clio Entertaiment,30TV Purpose,Andor Season 2,Bronze,United States,Level Up AV,Audio Visual Clip-Based Spot,Audio Visual Clip-Based Spot,,https://resized-media.entries.clios.com/companies/4941/media/1ee06f4e-c548-46fe-ac20-08dd8c8288b4-thumbnail.0000000.jpg,https://clios.com/winners-gallery/details/194113,/awards/clio_entertainment/2025/campaigns/30tv-purpose-andor-season-2-level-up-av-2025/
2025,Clio Entertaiment,The Place for All of Us,NPO - The Dutch Public Broadcaster,Bronze,Netherlands,NPO,Audio Visual Clip-Based Spot,Audio Visual Clip-Based Spot,,https://resized-media.entries.clios.com/companies/143826/media/569f1eb8-d252-4548-ffe9-08ddda84979b-thumbnail.0000000.jpg,https://clios.com/winners-gallery/details/203797,/awards/clio_entertainment/2025/campaigns/the-place-for-all-of-us-npo-the-dutch-public-broadcaster-npo-2025/
2025,Clio Entertaiment,60TV Reborn 60,Daredevil Born Again,Bronze,United States,Aspect,Audio Visual Clip-Based Spot,Audio Visual Clip-Based Spot,,https://resized-media.entries.clios.com/companies/4921/media/f7cf5e5a-b768-4b64-4072-08dda8286ac6-thumbnail.0000000.jpg,https://clios.com/winners-gallery/details/194419,/awards/clio_entertainment/2025/campaigns/60tv-reborn-60-daredevil-born-again-aspect-2025/
2025,Clio Entertaiment,Bad Thoughts Mothers Day Promo,Netflix,Bronze,United States,Mark Woollen & Associates,Audio Visual Special Shoot Spot,Audio Visual Special Shoot Spot,,https://resized-media.entries.clios.com/companies/5374/media/21d89a32-3777-4f3a-acce-08dd8c8288b4-thumbnail.0000000.jpg,https://clios.com/winners-gallery/details/193741,/awards/clio_entertainment/2025/campaigns/bad-thoughts-mothers-day-promo-netflix-mark-woollen-and-associates-2025/
2025,Clio Entertaiment,Somebodys Watching Me,Shark Week 2025,Bronze,United States,AV Squad,Audio Visual Special Shoot Spot,Audio Visual Special Shoot Spot,,https://resized-media.entries.clios.com/companies/4977/media/61ecc21a-980b-427b-9fef-08ddcf598d69-thumbnail.0000000.jpg,https://clios.com/winners-gallery/details/201743,/awards/clio_entertainment/2025/campaigns/somebodys-watching-me-shark-week-2025-av-squad-2025/
2025,Clio Entertaiment,Welcome to Wrexham S3 - Unusual,FX,Bronze,United States,FX,Audio Visual Special Shoot Spot,Audio Visual Special Shoot Spot,,https://resized-media.entries.clios.com/companies/4559/media/d8f2708a-5895-4f0d-42bc-08ddbc3a4ea4-thumbnail.0000000.jpg,https://clios.com/winners-gallery/details/197240,/awards/clio_entertainment/2025/campaigns/welcome-to-wrexham-s3-unusual-fx-fx-2025/
2025,Clio Entertaiment,Alien Earth - 306 Gestation,FX,Bronze,United States,FX,Audio Visual Special Shoot Spot,Audio Visual Special Shoot Spot,,https://resized-media.entries.clios.com/companies/4559/media/cdfea696-8089-45b3-4284-08dda8286ac6-thumbnail.0000000.jpg,https://clios.com/winners-gallery/details/195438,/awards/clio_entertainment/2025/campaigns/alien-earth-306-gestation-fx-fx-2025-6/
2025,Clio Entertaiment,Grotesquerie - Chasm,FX,Bronze,United States,FX,Audio Visual Special Shoot Spot,Audio Visual Special Shoot Spot,,https://resized-media.entries.clios.com/companies/4559/media/32a47b82-7a67-4308-42b3-08ddbc3a4ea4-thumbnail.0000000.jpg,https://clios.com/winners-gallery/details/197230,/awards/clio_entertainment/2025/campaigns/grotesquerie-chasm-fx-fx-2025-3/
2025,Clio Entertaiment,2024 Holiday Collection,Netflix,Bronze,United States,Big Picture Entertainment,Audio Visual Special Shoot Spot,Audio Visual Special Shoot Spot,,https://resized-media.entries.clios.com/companies/143858/media/d47a6ff2-c5af-46d4-ae3d-08ddca1e8d72-thumbnail.0000000.jpg,https://clios.com/winners-gallery/details/202323,/awards/clio_entertainment/2025/campaigns/2024-holiday-collection-netflix-big-picture-entertainment-2025/
2025,Clio Entertaiment,So Who Were You Expecting - Paris & Nicole The Encore x Wicked,Paris & Nicole The Encore,Bronze,United States,Peacock & Trailer Park a Trailer Park Group Company,Audio Visual Special Shoot Spot,Audio Visual Special Shoot Spot,,https://resized-media.entries.clios.com/companies/3714/media/66cebde5-b858-4b56-85b9-08dda8280727-thumbnail.0000000.jpg,https://clios.com/winners-gallery/details/195959,/awards/clio_entertainment/2025/campaigns/so-who-were-you-expecting-paris-and-nicole-the-encore-x-wicked-paris-and-nicole-the-encore-peacock-and-trailer-park-a-tr/
2025,Clio Entertaiment,The truth about Yusuf Dikeç,SkyShowtime,Bronze,United Kingdom,Melic Creative - Production Studio,Audio Visual Special Shoot Spot,Audio Visual Special Shoot Spot,,https://resized-media.entries.clios.com/companies/143138/media/a73c6666-9ddb-4614-ada7-08dd8c8288b4-thumbnail.0000000.jpg,https://clios.com/winners-gallery/details/194379,/awards/clio_entertainment/2025/campaigns/the-truth-about-yusuf-dikec-skyshowtime-melic-creative-production-studio-2025-3/
2025,Clio Entertaiment,Growing Pains,Predator Killer of Killers,Bronze,United States,Rogue Planet,Audio Visual Teaser,Audio Visual Teaser,,https://resized-media.entries.clios.com/companies/4908/media/571d068a-15a8-4b03-8568-08dda8280727-thumbnail.0000000.jpg,https://clios.com/winners-gallery/details/195714,/awards/clio_entertainment/2025/campaigns/growing-pains-predator-killer-of-killers-rogue-planet-2025/
2025,Clio Entertaiment,Netflix | Cyberpunk Edgerunners Season 2 Announcement,Cyberpunk Edgerunners,Bronze,United States,Devastudios Inc,Audio Visual Teaser,Audio Visual Teaser,,https://resized-media.entries.clios.com/companies/4930/media/248a39d8-5047-49a7-4375-08ddbc3a4ea4-thumbnail.0000000.jpg,https://clios.com/winners-gallery/details/196670,/awards/clio_entertainment/2025/campaigns/netflix-cyberpunk-edgerunners-season-2-announcement-cyberpunk-edgerunners-devastudios-inc-2025/
2025,Clio Entertaiment,Late Night Teaser,Hacks Season 4,Bronze,United States,BOND,Audio Visual Teaser,Audio Visual Teaser,,https://resized-media.entries.clios.com/companies/4830/media/3dfbfb8a-0ba4-43b7-4297-08dda8286ac6-thumbnail.0000000.jpg,https://clios.com/winners-gallery/details/195136,/awards/clio_entertainment/2025/campaigns/late-night-teaser-hacks-season-4-bond-2025/
2025,Clio Entertaiment,Final Chapter,The Righteous Gemstones,Bronze,United States,Jax,Audio Visual Teaser,Audio Visual Teaser,,https://resized-media.entries.clios.com/companies/5183/media/33104836-de42-490d-42c1-08ddbc3a4ea4-thumbnail.0000000.jpg,https://clios.com/winners-gallery/details/197265,/awards/clio_entertainment/2025/campaigns/final-chapter-the-righteous-gemstones-jax-2025/
2025,Clio Entertaiment,Redemption,Peacemaker S2,Bronze,United States,MOCEAN,Audio Visual Teaser,Audio Visual Teaser,,https://resized-media.entries.clios.com/companies/813/media/6310443b-5208-460e-03d9-08dd8372b990-thumbnail.0000000.jpg,https://clios.com/winners-gallery/details/193719,/awards/clio_entertainment/2025/campaigns/redemption-peacemaker-s2-mocean-2025/
2025,Clio Entertaiment,David Blaine Do Not Attempt “Knife Tease”,National Geographic,Bronze,United States,National Geographic,Audio Visual Teaser,Audio Visual Teaser,,https://resized-media.entries.clios.com/companies/4339/media/9755c4c5-ca2b-4e2e-44ea-08dda8286ac6-thumbnail.0000000.jpg,https://clios.com/winners-gallery/details/196198,/awards/clio_entertainment/2025/campaigns/david-blaine-do-not-attempt-knife-tease-national-geographic-national-geographic-2025/
2025,Clio Entertaiment,Alien Earth - Destination,FX,Bronze,United States,FX,Audio Visual Teaser,Audio Visual Teaser,,https://resized-media.entries.clios.com/companies/4559/media/2885c143-b2db-4d4d-a714-08ddca1e8d72-thumbnail.0000000.jpg,https://clios.com/winners-gallery/details/201119,/awards/clio_entertainment/2025/campaigns/alien-earth-destination-fx-fx-2025/
2025,Clio Entertaiment,Army,The Handmaids Tale S6,Bronze,United States,Wild Card Creative Group,Audio Visual Teaser,Audio Visual Teaser,,https://resized-media.entries.clios.com/companies/4522/media/6cb03949-247e-46ea-4085-08ddbc3a4ea4-thumbnail.0000000.jpg,https://clios.com/winners-gallery/details/193421,/awards/clio_entertainment/2025/campaigns/army-the-handmaids-tale-s6-wild-card-creative-group-2025/
2025,Clio Entertaiment,Date Announcement,Stranger Things 5,Bronze,United States,Requiem,Audio Visual Teaser,Audio Visual Teaser,,https://resized-media.entries.clios.com/companies/143294/media/6a839b62-121e-4764-4151-08ddbc3a4ea4-thumbnail.0000000.jpg,https://clios.com/winners-gallery/details/196750,/awards/clio_entertainment/2025/campaigns/date-announcement-stranger-things-5-requiem-2025-2/
2025,Clio Entertaiment,Discover,American Primeval,Bronze,United States,Motive,Audio Visual Teaser,Audio Visual Teaser,,https://resized-media.entries.clios.com/companies/4587/media/d7b3f00c-4b2a-4d44-a22b-08ddca1e8d72-thumbnail.0000000.jpg,https://clios.com/winners-gallery/details/199728,/awards/clio_entertainment/2025/campaigns/discover-american-primeval-motive-2025/
2025,Clio Entertaiment,Lockerbie A Search for Truth,Sky,Bronze,United Kingdom,Silk Factory,Audio Visual Teaser,Audio Visual Teaser,,https://resized-media.entries.clios.com/companies/143610/media/30b8b512-c0b7-46b9-9a81-08ddcf598d69-thumbnail.0000000.jpg,https://clios.com/winners-gallery/details/200801,/awards/clio_entertainment/2025/campaigns/lockerbie-a-search-for-truth-sky-silk-factory-2025/
2025,Clio Entertaiment,New Projects,The Penguin,Bronze,United States,MOCEAN,Audio Visual Teaser,Audio Visual Teaser,,https://resized-media.entries.clios.com/companies/813/media/653c6fd1-1583-4623-03d7-08dd8372b990-thumbnail.0000000.jpg,https://clios.com/winners-gallery/details/193320,/awards/clio_entertainment/2025/campaigns/new-projects-the-penguin-mocean-2025/
2025,Clio Entertaiment,Oil,Landman,Bronze,United States,ZEALOT,Audio Visual Teaser,Audio Visual Teaser,,https://resized-media.entries.clios.com/companies/2177/media/35227ce5-f41d-4719-8337-08dda8280727-thumbnail.0000000.jpg,https://clios.com/winners-gallery/details/194958,/awards/clio_entertainment/2025/campaigns/oil-landman-zealot-2025/
2025,Clio Entertaiment,Reason,Task,Bronze,United States,ZEALOT,Audio Visual Teaser,Audio Visual Teaser,,https://resized-media.entries.clios.com/companies/2177/media/e1444d45-25a8-4998-8355-08dda8280727-thumbnail.0000000.jpg,https://clios.com/winners-gallery/details/194981,/awards/clio_entertainment/2025/campaigns/reason-task-zealot-2025/
2025,Clio Entertaiment,Suspect,Paradise,Bronze,United States,Wild Card Creative Group,Audio Visual Teaser,Audio Visual Teaser,,https://resized-media.entries.clios.com/companies/4522/media/d7fe2035-a55b-43ec-4557-08ddbc3a4ea4-thumbnail.0000000.jpg,https://clios.com/winners-gallery/details/193581,/awards/clio_entertainment/2025/campaigns/suspect-paradise-wild-card-creative-group-2025/
2025,Clio Entertaiment,Time,Train Dreams,Bronze,United States,Jax,Audio Visual Teaser,Audio Visual Teaser,,https://resized-media.entries.clios.com/companies/5183/media/a36df0d1-75bb-4cc2-481f-08ddbc3a4ea4-thumbnail.0000000.jpg,https://clios.com/winners-gallery/details/198792,/awards/clio_entertainment/2025/campaigns/time-train-dreams-jax-2025/
2025,Clio Entertaiment,Alien Earth - 30 Reflections,FX,Bronze,United States,FX,Audio Visual Teaser,Audio Visual Teaser,,https://resized-media.entries.clios.com/companies/4559/media/cf510b62-21e6-4c69-4276-08dda8286ac6-thumbnail.0000000.jpg,https://clios.com/winners-gallery/details/195457,/awards/clio_entertainment/2025/campaigns/alien-earth-30-reflections-fx-fx-2025/
2025,Clio Entertaiment,Mayhem,Wednesday Season 2,Bronze,United States,Requiem,Audio Visual Teaser,Audio Visual Teaser,,https://resized-media.entries.clios.com/companies/143294/media/e96c2471-35c3-4673-9f17-08ddbc6e7e05-thumbnail.0000000.jpg,https://clios.com/winners-gallery/details/196837,/awards/clio_entertainment/2025/campaigns/mayhem-wednesday-season-2-requiem-2025-2/
2025,Clio Entertaiment,Woman of the Hour - Seen Teaser,Woman of the Hour,Bronze,United States,Buddha Jones,Audio Visual Teaser,Audio Visual Teaser,,https://resized-media.entries.clios.com/companies/5221/media/025365dd-4504-401e-9d69-08ddca1e8d72-thumbnail.0000000.jpg,https://clios.com/winners-gallery/details/198416,/awards/clio_entertainment/2025/campaigns/woman-of-the-hour-seen-teaser-woman-of-the-hour-buddha-jones-2025/
2025,Clio Entertaiment,Doomed,La Maquina,Bronze,United States,X-AV,Audio Visual Teaser,Audio Visual Teaser,,https://resized-media.entries.clios.com/companies/4946/media/511226f3-905d-4bf7-a0c6-08ddbc6e7e05-thumbnail.0000000.jpg,https://clios.com/winners-gallery/details/197359,/awards/clio_entertainment/2025/campaigns/doomed-la-maquina-x-av-2025/
2025,Clio Entertaiment,No Stopping the Game,Squid Game S2,Bronze,United States,RAVE Collective,Audio Visual Teaser,Audio Visual Teaser,,https://resized-media.entries.clios.com/companies/143260/media/586a3962-a9fb-48e8-428a-08dda8286ac6-thumbnail.0000000.jpg,https://clios.com/winners-gallery/details/195008,/awards/clio_entertainment/2025/campaigns/no-stopping-the-game-squid-game-s2-rave-collective-2025/
2025,Clio Entertaiment,Rome,ACAB,Bronze,Italy,Trailer Park a Trailer Park Group Company,Audio Visual Teaser,Audio Visual Teaser,,https://resized-media.entries.clios.com/companies/4579/media/d00d6e3e-c18f-492e-a8a8-08ddca1e8d72-thumbnail.0000000.jpg,https://clios.com/winners-gallery/details/201349,/awards/clio_entertainment/2025/campaigns/rome-acab-trailer-park-a-trailer-park-group-company-2025/
2025,Clio Entertaiment,The Bag,Carry On,Bronze,United States,X-AV,Audio Visual Teaser,Audio Visual Teaser,,https://resized-media.entries.clios.com/companies/4946/media/353b2f70-7452-42a3-a0af-08ddbc6e7e05-thumbnail.0000000.jpg,https://clios.com/winners-gallery/details/197325,/awards/clio_entertainment/2025/campaigns/the-bag-carry-on-x-av-2025/
2025,Clio Entertaiment,Epifania,Emilia Pérez,Bronze,United States,Jax,Audio Visual Teaser,Audio Visual Teaser,,https://resized-media.entries.clios.com/companies/5183/media/5ad4b92f-58be-4df1-a089-08ddbc6e7e05-thumbnail.0000000.jpg,https://clios.com/winners-gallery/details/197258,/awards/clio_entertainment/2025/campaigns/epifania-emilia-perez-jax-2025/
2025,Clio Entertaiment,So Who Were You Expecting - Paris & Nicole The Encore x Wicked,Paris & Nicole The Encore,Bronze,United States,Peacock,Audio Visual Teaser,Audio Visual Teaser,,https://resized-media.entries.clios.com/companies/3714/media/66cebde5-b858-4b56-85b9-08dda8280727-thumbnail.0000000.jpg,https://clios.com/winners-gallery/details/196262,/awards/clio_entertainment/2025/campaigns/so-who-were-you-expecting-paris-and-nicole-the-encore-x-wicked-paris-and-nicole-the-encore-peacock-2025/
2025,Clio Entertaiment,The Kardashians Season 6 Teaser,Hulu Originals,Bronze,United States,Hulu Originals,Audio Visual Teaser,Audio Visual Teaser,,https://resized-media.entries.clios.com/companies/4885/media/6f189f32-a144-4706-44b0-08ddbc3a4ea4-thumbnail.0000000.jpg,https://clios.com/winners-gallery/details/197862,/awards/clio_entertainment/2025/campaigns/the-kardashians-season-6-teaser-hulu-originals-hulu-originals-2025/
2025,Clio Entertaiment,Justice,The Terminal List Dark Wolf,Bronze,United States,Tiny Hero,Audio Visual Teaser,Audio Visual Teaser,,https://resized-media.entries.clios.com/companies/4875/media/ba29273d-24c2-410a-a3cc-08ddca1e8d72-thumbnail.0000000.jpg,https://clios.com/winners-gallery/details/200240,/awards/clio_entertainment/2025/campaigns/justice-the-terminal-list-dark-wolf-tiny-hero-2025-2/
2025,Clio Entertaiment,Justice,Arcane S2,Bronze,United States,Wild Card Creative Group,Audio Visual Trailer,Audio Visual Trailer,,https://resized-media.entries.clios.com/companies/4522/media/eeff3d93-7469-47c5-9e34-08ddbc6e7e05-thumbnail.0000000.jpg,https://clios.com/winners-gallery/details/193348,/awards/clio_entertainment/2025/campaigns/justice-arcane-s2-wild-card-creative-group-2025/
2025,Clio Entertaiment,Legends,KPop Demon Hunters,Bronze,United States,Major Major,Audio Visual Trailer,Audio Visual Trailer,,https://resized-media.entries.clios.com/companies/4958/media/670c763e-052b-439b-8539-08dda8280727-thumbnail.0000000.jpg,https://clios.com/winners-gallery/details/195618,/awards/clio_entertainment/2025/campaigns/legends-kpop-demon-hunters-major-major-2025/
2025,Clio Entertaiment,Trailer Family,Creature Commandos,Bronze,United States,Aspect,Audio Visual Trailer,Audio Visual Trailer,,https://resized-media.entries.clios.com/companies/4921/media/15ca9ad5-4e97-44c8-3fdf-08dda8286ac6-thumbnail.0000000.jpg,https://clios.com/winners-gallery/details/194428,/awards/clio_entertainment/2025/campaigns/trailer-family-creature-commandos-aspect-2025/
2025,Clio Entertaiment,Its Always Sunny in Philadelphia - Vibes,FX,Bronze,United States,FX,Audio Visual Trailer,Audio Visual Trailer,,https://resized-media.entries.clios.com/companies/4559/media/6d8e4f8d-0841-411d-96ba-08ddcf598d69-thumbnail.0000000.jpg,https://clios.com/winners-gallery/details/199715,/awards/clio_entertainment/2025/campaigns/its-always-sunny-in-philadelphia-vibes-fx-fx-2025/
2025,Clio Entertaiment,Kylie,The Residence,Bronze,United States,ZEALOT,Audio Visual Trailer,Audio Visual Trailer,,https://resized-media.entries.clios.com/companies/2177/media/4eaaa340-850d-4f02-835e-08dda8280727-thumbnail.0000000.jpg,https://clios.com/winners-gallery/details/194986,/awards/clio_entertainment/2025/campaigns/kylie-the-residence-zealot-2025/
2025,Clio Entertaiment,The Bear S4 Calm,The Bear S4,Bronze,United States,GrandSon,Audio Visual Trailer,Audio Visual Trailer,,https://resized-media.entries.clios.com/companies/4926/media/ffab2daf-659b-44fe-82f4-08dda8280727-thumbnail.0000000.jpg,https://clios.com/winners-gallery/details/194910,/awards/clio_entertainment/2025/campaigns/the-bear-s4-calm-the-bear-s4-grandson-2025/
2025,Clio Entertaiment,Magical,Music by John Williams,Bronze,United States,Wild Card Creative Group,Audio Visual Trailer,Audio Visual Trailer,,https://resized-media.entries.clios.com/companies/4522/media/1ca42905-4e56-4f96-4081-08ddbc3a4ea4-thumbnail.0000000.jpg,https://clios.com/winners-gallery/details/193546,/awards/clio_entertainment/2025/campaigns/magical-music-by-john-williams-wild-card-creative-group-2025/
2025,Clio Entertaiment,Pee-wee as Himself,HBO,Bronze,United States,Mark Woollen & Associates,Audio Visual Trailer,Audio Visual Trailer,,https://resized-media.entries.clios.com/companies/5374/media/4e6e8c1c-e7fe-4af0-840f-08dda8280727-thumbnail.0000000.jpg,https://clios.com/winners-gallery/details/195196,/awards/clio_entertainment/2025/campaigns/pee-wee-as-himself-hbo-mark-woollen-and-associates-2025/
2025,Clio Entertaiment,Sally Trailer,National Geographic,Bronze,United States,National Geographic & Aspect,Audio Visual Trailer,Audio Visual Trailer,,https://resized-media.entries.clios.com/companies/4339/media/88150dd9-75d7-41d2-9dc9-08ddbc6e7e05-thumbnail.0000000.jpg,https://clios.com/winners-gallery/details/196520,/awards/clio_entertainment/2025/campaigns/sally-trailer-national-geographic-national-geographic-and-aspect-2025/
2025,Clio Entertaiment,The Truth vs Alex Jones Trailer,HBO,Bronze,United States,HBO-MAX Marketing AV,Audio Visual Trailer,Audio Visual Trailer,,https://resized-media.entries.clios.com/companies/5072/media/297afef0-1287-4e39-a28c-08ddcf598d69-thumbnail.0000000.jpg,https://clios.com/winners-gallery/details/202229,/awards/clio_entertainment/2025/campaigns/the-truth-vs-alex-jones-trailer-hbo-hbo-max-marketing-av-2025/
2025,Clio Entertaiment,Will & Harper Dunkin Donuts,Will & Harper,Bronze,United States,GrandSon,Audio Visual Trailer,Audio Visual Trailer,,https://resized-media.entries.clios.com/companies/4926/media/23f67db3-1525-4b86-41a3-08dda8286ac6-thumbnail.0000000.jpg,https://clios.com/winners-gallery/details/194895,/awards/clio_entertainment/2025/campaigns/will-and-harper-dunkin-donuts-will-and-harper-grandson-2025/
2025,Clio Entertaiment,Alien Earth - Prodigy,FX,Bronze,United States,FX,Audio Visual Trailer,Audio Visual Trailer,,https://resized-media.entries.clios.com/companies/4559/media/0970745d-da49-4800-a520-08ddca1e8d72-thumbnail.0000000.jpg,https://clios.com/winners-gallery/details/200627,/awards/clio_entertainment/2025/campaigns/alien-earth-prodigy-fx-fx-2025/
2025,Clio Entertaiment,Mess,The Pitt,Bronze,United States,ZEALOT,Audio Visual Trailer,Audio Visual Trailer,,https://resized-media.entries.clios.com/companies/2177/media/a390f6b7-15cb-4ac5-4246-08dda8286ac6-thumbnail.0000000.jpg,https://clios.com/winners-gallery/details/195014,/awards/clio_entertainment/2025/campaigns/mess-the-pitt-zealot-2025/
2025,Clio Entertaiment,Moment,Andor S2,Bronze,United States,MOCEAN,Audio Visual Trailer,Audio Visual Trailer,,https://resized-media.entries.clios.com/companies/813/media/5b4f7d09-8b6f-49d2-03d3-08dd8372b990-thumbnail.0000000.jpg,https://clios.com/winners-gallery/details/193056,/awards/clio_entertainment/2025/campaigns/moment-andor-s2-mocean-2025/
2025,Clio Entertaiment,North,The Last of Us S2,Bronze,United States,Create Advertising Group,Audio Visual Trailer,Audio Visual Trailer,,https://resized-media.entries.clios.com/companies/4951/media/118e16e2-9220-46e8-9d9c-08ddbc6e7e05-thumbnail.0000000.jpg,https://clios.com/winners-gallery/details/196427,/awards/clio_entertainment/2025/campaigns/north-the-last-of-us-s2-create-advertising-group-2025-2/
2025,Clio Entertaiment,Punished,Disclaimer,Bronze,United States,Motive,Audio Visual Trailer,Audio Visual Trailer,,https://resized-media.entries.clios.com/companies/4587/media/12a803ce-608a-40d2-46d0-08ddbc3a4ea4-thumbnail.0000000.jpg,https://clios.com/winners-gallery/details/195436,/awards/clio_entertainment/2025/campaigns/punished-disclaimer-motive-2025/
2025,Clio Entertaiment,Untouchable,The Penguin,Bronze,United States,MOCEAN,Audio Visual Trailer,Audio Visual Trailer,,https://resized-media.entries.clios.com/companies/813/media/8509d463-60de-4128-ab03-08dd8c8288b4-thumbnail.0000000.jpg,https://clios.com/winners-gallery/details/193362,/awards/clio_entertainment/2025/campaigns/untouchable-the-penguin-mocean-2025/
2025,Clio Entertaiment,Hero,Silo S2,Bronze,United States,X-AV,Audio Visual Trailer,Audio Visual Trailer,,https://resized-media.entries.clios.com/companies/4946/media/70f49a89-e327-4103-42f9-08ddbc3a4ea4-thumbnail.0000000.jpg,https://clios.com/winners-gallery/details/197309,/awards/clio_entertainment/2025/campaigns/hero-silo-s2-x-av-2025/
2025,Clio Entertaiment,Savior,Wednesday Season 2,Bronze,United States,Requiem,Audio Visual Trailer,Audio Visual Trailer,,https://resized-media.entries.clios.com/companies/143294/media/61b3865e-58ed-43fc-9f90-08ddbc6e7e05-thumbnail.0000000.jpg,https://clios.com/winners-gallery/details/196930,/awards/clio_entertainment/2025/campaigns/savior-wednesday-season-2-requiem-2025/
2025,Clio Entertaiment,Kink,Heart Eyes,Bronze,United States,AV Squad,Audio Visual Trailer,Audio Visual Trailer,,https://resized-media.entries.clios.com/companies/4977/media/6d8fb413-687e-4548-b1b4-08ddebb9509b-thumbnail.0000000.jpg,https://clios.com/winners-gallery/details/200120,/awards/clio_entertainment/2025/campaigns/kink-heart-eyes-av-squad-2025/
2025,Clio Entertaiment,Batsh!t Trailer,Rage,Bronze,Spain,BOND,Audio Visual Trailer,Audio Visual Trailer,,https://resized-media.entries.clios.com/companies/4830/media/94f9e5ec-86dd-4b9e-83f8-08dda8280727-thumbnail.0000000.jpg,https://clios.com/winners-gallery/details/195169,/awards/clio_entertainment/2025/campaigns/batsht-trailer-rage-bond-2025/
2025,Clio Entertaiment,Pressure,Olympo,Bronze,Spain,Trailer Park a Trailer Park Group Company,Audio Visual Trailer,Audio Visual Trailer,,https://resized-media.entries.clios.com/companies/4579/media/401a6c83-f889-494e-a8a1-08ddca1e8d72-thumbnail.0000000.jpg,https://clios.com/winners-gallery/details/201342,/awards/clio_entertainment/2025/campaigns/pressure-olympo-trailer-park-a-trailer-park-group-company-2025/
2025,Clio Entertaiment,Listening,Carry On,Bronze,United States,X-AV,Audio Visual Trailer,Audio Visual Trailer,,https://resized-media.entries.clios.com/companies/4946/media/20ffc4af-53ce-4b42-a0b1-08ddbc6e7e05-thumbnail.0000000.jpg,https://clios.com/winners-gallery/details/197324,/awards/clio_entertainment/2025/campaigns/listening-carry-on-x-av-2025/
2025,Clio Entertaiment,Stanford Prison Experiment,National Geographic,Bronze,United States,National Geographic,Audio Visual Trailer,Audio Visual Trailer,,https://resized-media.entries.clios.com/companies/4339/media/6bd11ed4-904f-4b19-3fff-08ddbc3a4ea4-thumbnail.0000000.jpg,https://clios.com/winners-gallery/details/196491,/awards/clio_entertainment/2025/campaigns/stanford-prison-experiment-national-geographic-national-geographic-2025/
2025,Clio Entertaiment,Celtics City Celtic Pride Trailer,HBO,Bronze,United States,HBO,Audio Visual Trailer,Audio Visual Trailer,,https://resized-media.entries.clios.com/companies/5072/media/308de322-5997-4d63-96b0-08ddcf598d69-thumbnail.0000000.jpg,https://clios.com/winners-gallery/details/199692,/awards/clio_entertainment/2025/campaigns/celtics-city-celtic-pride-trailer-hbo-hbo-2025/
2025,Clio Entertaiment,Senna Forever,Senna,Bronze,United States,GrandSon,Audio Visual Trailer,Audio Visual Trailer,,https://resized-media.entries.clios.com/companies/4926/media/7913754e-742b-49c8-413c-08dda8286ac6-thumbnail.0000000.jpg,https://clios.com/winners-gallery/details/194739,/awards/clio_entertainment/2025/campaigns/senna-forever-senna-grandson-2025/
2025,Clio Entertaiment,“Enigma”,Day of the Jackal S1,Bronze,United States,X-AV,Audio Visual Trailer,Audio Visual Trailer,,https://resized-media.entries.clios.com/companies/4946/media/d34d366c-757d-461a-a0b3-08ddbc6e7e05-thumbnail.0000000.jpg,https://clios.com/winners-gallery/details/197280,/awards/clio_entertainment/2025/campaigns/enigma-day-of-the-jackal-s1-x-av-2025/
2025,Clio Entertaiment,Red Band,Peacemaker Season 2,Bronze,United States,Rogue Creative Agency,Audio Visual Trailer,Audio Visual Trailer,,https://resized-media.entries.clios.com/companies/4908/media/ea3ad999-4a5b-44dd-5bba-08ddda7db5d2-thumbnail.0000000.jpg,https://clios.com/winners-gallery/details/202924,/awards/clio_entertainment/2025/campaigns/red-band-peacemaker-season-2-rogue-creative-agency-2025-2/
2025,Clio Entertaiment,Team,Heads of State,Bronze,United States,AV Squad,Audio Visual Trailer,Audio Visual Trailer,,https://resized-media.entries.clios.com/companies/4977/media/80b8e92e-6f8a-4393-a35f-08ddca1e8d72-thumbnail.0000000.jpg,https://clios.com/winners-gallery/details/200117,/awards/clio_entertainment/2025/campaigns/team-heads-of-state-av-squad-2025-2/
2025,Clio Entertaiment,Trailer Retribution,Daredevil Born Again,Bronze,United States,Aspect,Audio Visual Trailer,Audio Visual Trailer,,https://resized-media.entries.clios.com/companies/4921/media/725b6d88-a2ac-46f7-81a3-08dda8280727-thumbnail.0000000.jpg,https://clios.com/winners-gallery/details/194421,/awards/clio_entertainment/2025/campaigns/trailer-retribution-daredevil-born-again-aspect-2025/
2025,Clio Entertaiment,Hulu - Live TV Acting Academy,Hulu Brand,Bronze,United States,Hulu Brand,Branded Entertainment & Content,Brand Promo,,https://resized-media.entries.clios.com/companies/4996/media/acf2b274-3737-482e-ade1-08dd8c8288b4-medium.jpg.webp,https://clios.com/winners-gallery/details/194010,/awards/clio_entertainment/2025/campaigns/hulu-live-tv-acting-academy-hulu-brand-hulu-brand-2025/
2025,Clio Entertaiment,ESPN x Disney and Pixar’s “Inside Out 2”,ESPN and Disney and Pixar’s “Inside Out 2”,Bronze,United States,Disney CreativeWorks,Branded Entertainment & Content,Brand Promo,,https://resized-media.entries.clios.com/companies/1911/media/30a6681a-96fe-4c94-fa0c-08ddda84979b-medium.png.webp,https://clios.com/winners-gallery/details/202192,/awards/clio_entertainment/2025/campaigns/espn-x-disney-and-pixars-inside-out-2-espn-and-disney-and-pixars-inside-out-2-disney-creativeworks-2025/
2025,Clio Entertaiment,Hulu Drama Campaign,Hulu Brand,Bronze,United States,Hulu Brand,Branded Entertainment & Content,Brand Promo,,https://resized-media.entries.clios.com/companies/4996/media/fdb104ca-dd4d-4720-addd-08dd8c8288b4-medium.png.webp,https://clios.com/winners-gallery/details/194007,/awards/clio_entertainment/2025/campaigns/hulu-drama-campaign-hulu-brand-hulu-brand-2025/
2025,Clio Entertaiment,Nat Geo Winter TCA Sizzle,National Geographic,Bronze,United States,National Geographic,Branded Entertainment & Content,Brand Promo,,https://resized-media.entries.clios.com/companies/4339/media/aa02c6e5-268c-4a8b-863d-08dda8280727-medium.jpg.webp,https://clios.com/winners-gallery/details/196179,/awards/clio_entertainment/2025/campaigns/nat-geo-winter-tca-sizzle-national-geographic-national-geographic-2025/
2025,Clio Entertaiment,Six & Out Second Innings,McDonalds Six & Out,Bronze,Australia,Balboa Agency,Branded Entertainment & Content,Brand Promo,,https://resized-media.entries.clios.com/companies/143335/media/e9a22e4a-a067-49bd-9e3a-08ddcf598d69-medium.png.webp,https://clios.com/winners-gallery/details/195918,/awards/clio_entertainment/2025/campaigns/six-and-out-second-innings-mcdonalds-six-and-out-balboa-agency-2025/
2025,Clio Entertaiment,Body Swap,Netflix,Bronze,United States,AKQA,Branded Entertainment & Content,Digital Mobile & Social Media,,https://resized-media.entries.clios.com/companies/141718/media/430568d1-b73b-43b0-80aa-08dda8280727-medium.jpg.webp,https://clios.com/winners-gallery/details/194356,/awards/clio_entertainment/2025/campaigns/body-swap-netflix-akqa-2025-6/
2025,Clio Entertaiment,Donald Duck Tries to Keep His Cool While Eating Spicy Wings,The Walt Disney Company,Bronze,United States,The Walt Disney Company,Branded Entertainment & Content,Digital Mobile & Social Media,,https://resized-media.entries.clios.com/companies/4947/media/7cd345d4-0f5d-4847-43e6-08dda8286ac6-medium.png.webp,https://clios.com/winners-gallery/details/195626,/awards/clio_entertainment/2025/campaigns/donald-duck-tries-to-keep-his-cool-while-eating-spicy-wings-the-walt-disney-company-the-walt-disney-company-2025/
2025,Clio Entertaiment,Google Pixel with Gemini Ushers in a Modern Era of Set-Jetting,Google Pixel,Bronze,United States,EssenceMediacom,Branded Entertainment & Content,Digital Mobile & Social Media,,https://resized-media.entries.clios.com/companies/3781/media/839afd39-6d1a-4801-a3fa-08ddca1e8d72-medium.jpeg.webp,https://clios.com/winners-gallery/details/200297,/awards/clio_entertainment/2025/campaigns/google-pixel-with-gemini-ushers-in-a-modern-era-of-set-jetting-google-pixel-essencemediacom-2025/
2025,Clio Entertaiment,SuperBowl LVIII Campaign,Nickelodeon,Bronze,United States,MTV Entertainment Studios and Kids & Family,Branded Entertainment & Content,Digital Mobile & Social Media,,https://resized-media.entries.clios.com/companies/2542/media/4b61e16e-4c14-4fa1-a77f-08ddca1e8d72-thumbnail.0000000.jpg,https://clios.com/winners-gallery/details/203422,/awards/clio_entertainment/2025/campaigns/superbowl-lviii-campaign-nickelodeon-mtv-entertainment-studios-and-kids-and-family-2025/
2025,Clio Entertaiment,YouTubes LEGO Festival,YouTube,Bronze,United States,YouTube,Branded Entertainment & Content,Digital Mobile & Social Media,,https://resized-media.entries.clios.com/companies/1468/media/44d31c3f-755f-43d3-cb61-08dd49f48dcd-medium.jpeg.webp,https://clios.com/winners-gallery/details/200931,/awards/clio_entertainment/2025/campaigns/youtubes-lego-festival-youtube-youtube-2025/
2025,Clio Entertaiment,Google AI Powers the Olympics,Google Search,Bronze,United States,EssenceMediacom,Branded Entertainment & Content,Experiential & Activations,,https://resized-media.entries.clios.com/companies/3781/media/e735ca75-1429-4d6c-aaae-08ddca1e8d72-medium.png.webp,https://clios.com/winners-gallery/details/201664,/awards/clio_entertainment/2025/campaigns/google-ai-powers-the-olympics-google-search-essencemediacom-2025-2/
2025,Clio Entertaiment,Lunch Break with Abbott Elementary National Tour,ABC,Bronze,United States,ABC,Branded Entertainment & Content,Experiential & Activations,,https://resized-media.entries.clios.com/companies/4657/media/0258878c-cc81-43b8-a0f7-08ddbc6e7e05-medium.png.webp,https://clios.com/winners-gallery/details/197385,/awards/clio_entertainment/2025/campaigns/lunch-break-with-abbott-elementary-national-tour-abc-abc-2025-2/
2025,Clio Entertaiment,The White Lotus S3 Westlake Finale Event,HBO Max,Bronze,United States,HBO Max Originals Marketing,Branded Entertainment & Content,Experiential & Activations,,https://resized-media.entries.clios.com/companies/5072/media/f55c6c1e-38f0-405e-5b0f-08ddda7db5d2-medium.jpg.webp,https://clios.com/winners-gallery/details/202869,/awards/clio_entertainment/2025/campaigns/the-white-lotus-s3-westlake-finale-event-hbo-max-hbo-max-originals-marketing-2025/
2025,Clio Entertaiment,Deals of Desire,Walmart,Bronze,United States,Publicis Groupe,Branded Entertainment & Content,Film,,https://resized-media.entries.clios.com/companies/2714/media/0047eeff-0866-4abe-5fab-08ddda7db5d2-medium.jpg.webp,https://clios.com/winners-gallery/details/201828,/awards/clio_entertainment/2025/campaigns/deals-of-desire-walmart-publicis-groupe-2025/
2025,Clio Entertaiment,Faces of Music,Sephora,Bronze,United States,Digitas,Branded Entertainment & Content,Film,,https://resized-media.entries.clios.com/companies/85/media/786983bc-0010-4c42-ab73-08dd8c8288b4-medium.jpg.webp,https://clios.com/winners-gallery/details/193292,/awards/clio_entertainment/2025/campaigns/faces-of-music-sephora-digitas-2025/
2025,Clio Entertaiment,The Final Copy of Ilon Specht,LOréal Paris,Bronze,United States,MCCANN PARIS,Branded Entertainment & Content,Film,,https://resized-media.entries.clios.com/companies/3893/media/639678bb-0b1e-45c1-ab68-08ddca1e8d72-medium.jpeg.webp,https://clios.com/winners-gallery/details/201854,/awards/clio_entertainment/2025/campaigns/the-final-copy-of-ilon-specht-loreal-paris-mccann-paris-2025-2/
2025,Clio Entertaiment,The Simpsons - The Most Wonderful Time of the Year,The Simpsons,Bronze,United States,A Gracie Films Production in Association with 20th Television Animation,Branded Entertainment & Content,Film,,https://resized-media.entries.clios.com/companies/3863/media/04dae690-2f0a-4702-0246-08dd42f94209-medium.jpg.webp,https://clios.com/winners-gallery/details/198343,/awards/clio_entertainment/2025/campaigns/the-simpsons-the-most-wonderful-time-of-the-year-the-simpsons-a-gracie-films-production-in-association-with-20th-televis/
2025,Clio Entertaiment,Westsides Finest,The Coca-Cola Company,Bronze,United States,Majority,Branded Entertainment & Content,Influencer & Talent Storytelling,,https://resized-media.entries.clios.com/companies/1572/media/609f0b60-d570-48f3-02d4-08dd8372b990-medium.jpg.webp,https://clios.com/winners-gallery/details/195483,/awards/clio_entertainment/2025/campaigns/westsides-finest-the-coca-cola-company-majority-2025-3/
2025,Clio Entertaiment,Deals of Desire,Walmart,Bronze,United States,Publicis Groupe,Branded Entertainment & Content,Influencer & Talent Storytelling,,https://resized-media.entries.clios.com/companies/2714/media/0047eeff-0866-4abe-5fab-08ddda7db5d2-medium.jpg.webp,https://clios.com/winners-gallery/details/201834,/awards/clio_entertainment/2025/campaigns/deals-of-desire-walmart-publicis-groupe-2025-2/
2025,Clio Entertaiment,The White Lotus,Google Pixel x HBO MAX,Bronze,United States,Warners Bros Discovery - Courageous Studios,Branded Entertainment & Content,Influencer & Talent Storytelling,,https://resized-media.entries.clios.com/companies/143476/media/c4ee373c-4cc2-433b-9784-08ddcf598d69-medium.jpg.webp,https://clios.com/winners-gallery/details/200011,/awards/clio_entertainment/2025/campaigns/the-white-lotus-google-pixel-x-hbo-max-warners-bros-discovery-courageous-studios-2025/
2025,Clio Entertaiment,Body Swap,Netflix,Bronze,United States,AKQA,Branded Entertainment & Content,New Reality,,https://resized-media.entries.clios.com/companies/141718/media/430568d1-b73b-43b0-80aa-08dda8280727-medium.jpg.webp,https://clios.com/winners-gallery/details/194357,/awards/clio_entertainment/2025/campaigns/body-swap-netflix-akqa-2025-7/
2025,Clio Entertaiment,Smiling Friends April Fools Stunt,Smiling Friends on Adult Swim,Bronze,United States,Adult Swim,Creative Effectiveness,‌Other,,https://resized-media.entries.clios.com/companies/4949/media/dcac87ae-d9d9-42a9-42b4-08dda8286ac6-thumbnail.0000000.jpg,https://clios.com/winners-gallery/details/195167,/awards/clio_entertainment/2025/campaigns/smiling-friends-april-fools-stunt-smiling-friends-on-adult-swim-adult-swim-2025/
2025,Clio Entertaiment,Bringing the world to Fight Night,Netflix,Bronze,United States,Netflix,Creative Effectiveness,Digital Mobile & Social Media,,https://resized-media.entries.clios.com/companies/142252/media/181b5e90-56cd-4295-603d-08ddda7db5d2-medium.jpg.webp,https://clios.com/winners-gallery/details/198639,/awards/clio_entertainment/2025/campaigns/bringing-the-world-to-fight-night-netflix-netflix-2025/
2025,Clio Entertaiment,Fall Awards FYC Advent Calendar - 2025 Countdown,Amazon MGM Studios - Multi-title,Bronze,United States,Makelike Design,Design,‌Other,,https://resized-media.entries.clios.com/companies/5135/media/5b3a83a7-0987-47db-4302-08dda8286ac6-medium.jpg.webp,https://clios.com/winners-gallery/details/195253,/awards/clio_entertainment/2025/campaigns/fall-awards-fyc-advent-calendar-2025-countdown-amazon-mgm-studios-multi-title-makelike-design-2025/
2025,Clio Entertaiment,Find Your Mountain,Paramount-,Bronze,United States,Paramount-,Design,Bumpers Idents & Interstitials,,https://resized-media.entries.clios.com/companies/143511/media/b7824233-8546-442f-5e8b-08ddda7db5d2-medium.jpg.webp,https://clios.com/winners-gallery/details/203038,/awards/clio_entertainment/2025/campaigns/find-your-mountain-paramount-paramount-2025/
2025,Clio Entertaiment,Grotesquerie S1 - 15 Scar ID,FX,Bronze,United States,FX,Design,Bumpers Idents & Interstitials,,https://resized-media.entries.clios.com/companies/4559/media/4d9d7ea8-a0e2-4318-5b2b-08ddda7db5d2-medium.jpg.webp,https://clios.com/winners-gallery/details/194596,/awards/clio_entertainment/2025/campaigns/grotesquerie-s1-15-scar-id-fx-fx-2025/
2025,Clio Entertaiment,Huluween 15 ID,Hulu Brand,Bronze,United States,Hulu Brand,Design,Bumpers Idents & Interstitials,,https://resized-media.entries.clios.com/companies/4996/media/458fb9e1-1120-42a8-06ce-08dd8372b990-medium.jpg.webp,https://clios.com/winners-gallery/details/194012,/awards/clio_entertainment/2025/campaigns/huluween-15-id-hulu-brand-hulu-brand-2025/
2025,Clio Entertaiment,Its Always Sunny S17 - 15 Rat ID,FX,Bronze,United States,FX,Design,Bumpers Idents & Interstitials,,https://resized-media.entries.clios.com/companies/4559/media/3b335e5b-e780-49af-8404-08dda8280727-medium.jpg.webp,https://clios.com/winners-gallery/details/195186,/awards/clio_entertainment/2025/campaigns/its-always-sunny-s17-15-rat-id-fx-fx-2025/
2025,Clio Entertaiment,FearFest Packaging,AMC,Bronze,United States,AMC Networks,Design,Identity Package,,https://resized-media.entries.clios.com/companies/143258/media/e6f6ca20-1e01-4559-9aba-08ddcf598d69-medium.jpg.webp,https://clios.com/winners-gallery/details/199668,/awards/clio_entertainment/2025/campaigns/fearfest-packaging-amc-amc-networks-2025/
2025,Clio Entertaiment,Philo Visual ID,Philo,Bronze,United States,Sibling Rivalry,Design,Identity Package,,https://resized-media.entries.clios.com/companies/5528/media/d4ac1262-270c-450c-9506-08ddcf598d69-medium.png.webp,https://clios.com/winners-gallery/details/199309,/awards/clio_entertainment/2025/campaigns/philo-visual-id-philo-sibling-rivalry-2025/
2025,Clio Entertaiment,Alien Earth,FX,Bronze,United States,FX,Design,Logo,,https://resized-media.entries.clios.com/companies/4559/media/619218fe-9a40-49ce-f985-08ddda84979b-medium.jpg.webp,https://clios.com/winners-gallery/details/201387,/awards/clio_entertainment/2025/campaigns/alien-earth-fx-fx-2025/
2025,Clio Entertaiment,Nexaca,FX,Bronze,United States,FX,Design,Logo,,https://resized-media.entries.clios.com/companies/4559/media/bf39f8da-760f-4f1c-afdc-08ddca1e8d72-medium.png.webp,https://clios.com/winners-gallery/details/201994,/awards/clio_entertainment/2025/campaigns/nexaca-fx-fx-2025/
2025,Clio Entertaiment,Before,Apple TV,Bronze,United States,Digital Kitchen,Design,Main Title & Credits,,https://resized-media.entries.clios.com/companies/4791/media/084655cb-1e3d-4370-5e6d-08ddda7db5d2-thumbnail.0000000.jpg,https://clios.com/winners-gallery/details/196646,/awards/clio_entertainment/2025/campaigns/before-apple-tv-digital-kitchen-2025/
2025,Clio Entertaiment,HBO- The White Lotus Season 3 Main Title Sequence,HBO-The White Lotus Season 3,Bronze,United States,Plains Of Yonder,Design,Main Title & Credits,,https://resized-media.entries.clios.com/companies/143290/media/02da82dd-8228-4335-4026-08dda8286ac6-medium.jpeg.webp,https://clios.com/winners-gallery/details/194500,/awards/clio_entertainment/2025/campaigns/hbo-the-white-lotus-season-3-main-title-sequence-hbo-the-white-lotus-season-3-plains-of-yonder-2025/
2025,Clio Entertaiment,Hotel Cocaine,MGM-,Bronze,United States,Digital Kitchen,Design,Main Title & Credits,,https://resized-media.entries.clios.com/companies/4791/media/df7f8aec-7c61-4386-40e1-08ddbc3a4ea4-medium.png.webp,https://clios.com/winners-gallery/details/196652,/awards/clio_entertainment/2025/campaigns/hotel-cocaine-mgm-digital-kitchen-2025/
2025,Clio Entertaiment,Grotesquerie S1,FX,Bronze,United States,FX,Design,Motion Graphics,,https://resized-media.entries.clios.com/companies/4559/media/4d9d7ea8-a0e2-4318-5b2b-08ddda7db5d2-medium.jpg.webp,https://clios.com/winners-gallery/details/194574,/awards/clio_entertainment/2025/campaigns/grotesquerie-s1-fx-fx-2025/
2025,Clio Entertaiment,Huluween 15 ID,Hulu Brand,Bronze,United States,Hulu Brand,Design,Motion Graphics,,https://resized-media.entries.clios.com/companies/4996/media/458fb9e1-1120-42a8-06ce-08dd8372b990-medium.jpg.webp,https://clios.com/winners-gallery/details/194013,/awards/clio_entertainment/2025/campaigns/huluween-15-id-hulu-brand-hulu-brand-2025-2/
2025,Clio Entertaiment,Its Always Sunny In Philadelphia S17,FX,Bronze,United States,FX,Design,Motion Graphics,,https://resized-media.entries.clios.com/companies/4559/media/3b335e5b-e780-49af-8404-08dda8280727-medium.jpg.webp,https://clios.com/winners-gallery/details/197291,/awards/clio_entertainment/2025/campaigns/its-always-sunny-in-philadelphia-s17-fx-fx-2025/
2025,Clio Entertaiment,Philo,Philo,Bronze,United States,Sibling Rivalry,Design,Motion Graphics,,https://resized-media.entries.clios.com/companies/5528/media/d4ac1262-270c-450c-9506-08ddcf598d69-medium.png.webp,https://clios.com/winners-gallery/details/199315,/awards/clio_entertainment/2025/campaigns/philo-philo-sibling-rivalry-2025/
2025,Clio Entertaiment,What We Do In The Shadows S6,FX,Bronze,United States,FX,Design,Motion Graphics,,https://resized-media.entries.clios.com/companies/4559/media/78ac8e01-a5f6-4046-8293-08dda8280727-medium.jpg.webp,https://clios.com/winners-gallery/details/194776,/awards/clio_entertainment/2025/campaigns/what-we-do-in-the-shadows-s6-fx-fx-2025/
2025,Clio Entertaiment,What We Do In The Shadows S6 - 10 Lightening ID,FX,Bronze,United States,FX,Design,Motion Graphics,,https://resized-media.entries.clios.com/companies/4559/media/78ac8e01-a5f6-4046-8293-08dda8280727-medium.jpg.webp,https://clios.com/winners-gallery/details/194789,/awards/clio_entertainment/2025/campaigns/what-we-do-in-the-shadows-s6-10-lightening-id-fx-fx-2025/
2025,Clio Entertaiment,Alien Earth - 30 Reflections,FX,Bronze,United States,FX,Design,Special Design Promo,,https://resized-media.entries.clios.com/companies/4559/media/7c48e0fb-230c-4a9c-83c2-08dda8280727-medium.jpg.webp,https://clios.com/winners-gallery/details/194490,/awards/clio_entertainment/2025/campaigns/alien-earth-30-reflections-fx-fx-2025-2/
2025,Clio Entertaiment,Powerline Live! A Goofy Movie 360° Concert Experience,The Walt Disney Company,Bronze,United States,The Walt Disney Company,Digital Mobile & Social Media,Digital & Mobile,Augmented Mixed Virtual Reality,https://resized-media.entries.clios.com/companies/4947/media/9ed7d84a-16d7-4063-a0fb-08ddcf598d69-medium.jpg.webp,https://clios.com/winners-gallery/details/201987,/awards/clio_entertainment/2025/campaigns/powerline-live-a-goofy-movie-360-concert-experience-the-walt-disney-company-the-walt-disney-company-2025-2/
2025,Clio Entertaiment,9-1-1 US Weekly Desktop Takeover,ABC,Bronze,United States,ABC,Digital Mobile & Social Media,Digital & Mobile,Banners Disruptors Takeovers,https://resized-media.entries.clios.com/companies/4657/media/c1c7c49d-dca1-4193-432b-08ddbc3a4ea4-medium.png.webp,https://clios.com/winners-gallery/details/197380,/awards/clio_entertainment/2025/campaigns/9-1-1-us-weekly-desktop-takeover-abc-abc-2025/
2025,Clio Entertaiment,PARAMOUNT-’S FAN FRONTIER,Paramount-,Bronze,United States,Paramount-,Digital Mobile & Social Media,Social Media,‌Other,https://resized-media.entries.clios.com/companies/143511/media/d361152b-b6a9-4da8-fcac-08ddda84979b-medium.jpg.webp,https://clios.com/winners-gallery/details/203181,/awards/clio_entertainment/2025/campaigns/paramount-s-fan-frontier-paramount-paramount-2025/
2025,Clio Entertaiment,President Obama Surprises Girl Scouts,Netflix,Bronze,United States,Netflix,Digital Mobile & Social Media,Social Media,Long-Form Social Media Video,https://resized-media.entries.clios.com/companies/5383/media/928f68e8-758d-49f4-9be6-08ddcf598d69-medium.jpg.webp,https://clios.com/winners-gallery/details/201082,/awards/clio_entertainment/2025/campaigns/president-obama-surprises-girl-scouts-netflix-netflix-2025/
2025,Clio Entertaiment,Dream Productions “In-World Hollywood Studio” Campaign,Walt Disney Studios,Bronze,United States,Pixar Animation Studios,Digital Mobile & Social Media,Social Media,Mixed Campaign,https://resized-media.entries.clios.com/companies/143363/media/e4c074eb-1f46-4f63-a620-08ddca1e8d72-medium.png.webp,https://clios.com/winners-gallery/details/196584,/awards/clio_entertainment/2025/campaigns/dream-productions-in-world-hollywood-studio-campaign-walt-disney-studios-pixar-animation-studios-2025/
2025,Clio Entertaiment,Find Your Mountain Social,Paramount-,Bronze,United States,Paramount-,Digital Mobile & Social Media,Social Media,Mixed Campaign,https://resized-media.entries.clios.com/companies/143511/media/9b51e899-42f2-4634-fccf-08ddda84979b-medium.jpg.webp,https://clios.com/winners-gallery/details/203395,/awards/clio_entertainment/2025/campaigns/find-your-mountain-social-paramount-paramount-2025/
2025,Clio Entertaiment,YOU Final Season Social Campaign,Netflix Inc,Bronze,United States,Netflix,Digital Mobile & Social Media,Social Media,Mixed Campaign,https://resized-media.entries.clios.com/companies/5547/media/7d3a1267-6316-40c5-af9c-08ddca1e8d72-medium.png.webp,https://clios.com/winners-gallery/details/198777,/awards/clio_entertainment/2025/campaigns/you-final-season-social-campaign-netflix-inc-netflix-2025/
2025,Clio Entertaiment,Only Murders in the Building Season 4 Social Teaser Campaign,Hulu Originals,Bronze,United States,Hulu Originals,Digital Mobile & Social Media,Social Media,Organic Social Media Post,https://resized-media.entries.clios.com/companies/4885/media/ad5d1c71-cf92-4379-9eaf-08ddca1e8d72-thumbnail.0000000.jpg,https://clios.com/winners-gallery/details/197903,/awards/clio_entertainment/2025/campaigns/only-murders-in-the-building-season-4-social-teaser-campaign-hulu-originals-hulu-originals-2025/
2025,Clio Entertaiment,Your Friendly Neighborhood Spider-Man Social Campaign,Marvel Animation,Bronze,United States,Part 4,Digital Mobile & Social Media,Social Media,Organic Social Media Post,https://resized-media.entries.clios.com/companies/4914/media/b00298dd-26c5-472a-a063-08ddcf598d69-thumbnail.0000000.jpg,https://clios.com/winners-gallery/details/194763,/awards/clio_entertainment/2025/campaigns/your-friendly-neighborhood-spider-man-social-campaign-marvel-animation-part-4-2025/
2025,Clio Entertaiment,Fallout - Doom Scrolling,Prime Video,Bronze,United Kingdom,Ignition Creative London,Digital Mobile & Social Media,Social Media,Paid Social Media Post,https://resized-media.entries.clios.com/companies/5551/media/64144568-c226-4e60-4236-08ddbc3a4ea4-medium.png.webp,https://clios.com/winners-gallery/details/197099,/awards/clio_entertainment/2025/campaigns/fallout-doom-scrolling-prime-video-ignition-creative-london-2025/
2025,Clio Entertaiment,Alien Earth | Crash Video,FX Networks,Bronze,United States,FX,Digital Mobile & Social Media,Social Media,Short-Form Social Media Video,https://resized-media.entries.clios.com/companies/4559/media/81167d68-a1af-4062-af6a-08ddca1e8d72-medium.png.webp,https://clios.com/winners-gallery/details/202486,/awards/clio_entertainment/2025/campaigns/alien-earth-crash-video-fx-networks-fx-2025/
2025,Clio Entertaiment,American Horror Stories - Alice Fan Cam,FX Networks,Bronze,United States,FX,Digital Mobile & Social Media,Social Media,Short-Form Social Media Video,https://resized-media.entries.clios.com/companies/4559/media/a0bad1a1-a38f-4f29-a53d-08ddcf598d69-medium.png.webp,https://clios.com/winners-gallery/details/202462,/awards/clio_entertainment/2025/campaigns/american-horror-stories-alice-fan-cam-fx-networks-fx-2025/
2025,Clio Entertaiment,Deborah After Dark,Hacks S4,Bronze,United States,BOND,Digital Mobile & Social Media,Social Media,Short-Form Social Media Video,https://resized-media.entries.clios.com/companies/4830/media/95d60b5a-9966-49a2-ad31-08ddca1e8d72-thumbnail.0000000.jpg,https://clios.com/winners-gallery/details/197019,/awards/clio_entertainment/2025/campaigns/deborah-after-dark-hacks-s4-bond-2025/
2025,Clio Entertaiment,FXs Adults Tyler Bender How to Make Friends (as an Adult),FX Networks,Bronze,United States,FX,Digital Mobile & Social Media,Social Media,Use of Influencer & Talent,https://resized-media.entries.clios.com/companies/4559/media/4122c59a-4670-443c-a53b-08ddcf598d69-medium.png.webp,https://clios.com/winners-gallery/details/202686,/awards/clio_entertainment/2025/campaigns/fxs-adults-tyler-bender-how-to-make-friends-as-an-adult-fx-networks-fx-2025/
2025,Clio Entertaiment,Google Pixel with Gemini Ushers in a Modern Era of Set-Jetting,Google Pixel,Bronze,United States,EssenceMediacom,Digital Mobile & Social Media,Social Media,Use of Influencer & Talent,https://resized-media.entries.clios.com/companies/3781/media/839afd39-6d1a-4801-a3fa-08ddca1e8d72-medium.jpeg.webp,https://clios.com/winners-gallery/details/200315,/awards/clio_entertainment/2025/campaigns/google-pixel-with-gemini-ushers-in-a-modern-era-of-set-jetting-google-pixel-essencemediacom-2025-2/
2025,Clio Entertaiment,M3GAN 20 x Secret Lives of Mormon Wives Partnership Campaign,Hulu Brand,Bronze,United States,Hulu CreativeWorks,Digital Mobile & Social Media,Social Media,Use of Influencer & Talent,https://resized-media.entries.clios.com/companies/4996/media/13dd794a-543a-45ad-8645-08dda8280727-medium.png.webp,https://clios.com/winners-gallery/details/196218,/awards/clio_entertainment/2025/campaigns/m3gan-20-x-secret-lives-of-mormon-wives-partnership-campaign-hulu-brand-hulu-creativeworks-2025/
2025,Clio Entertaiment,Max Nights Starbucks Mornings,Max Spain,Bronze,Spain,Max Spain,Digital Mobile & Social Media,Social Media,Use of Influencer & Talent,https://resized-media.entries.clios.com/companies/3888/media/b817590f-5523-49c2-80ab-08dda8280727-medium.jpg.webp,https://clios.com/winners-gallery/details/194319,/awards/clio_entertainment/2025/campaigns/max-nights-starbucks-mornings-max-spain-max-spain-2025/
2025,Clio Entertaiment,Nathan Fielder’s 12-Hour Not-So-Live Livestream,HBO Max,Bronze,United States,HBO Max,Digital Mobile & Social Media,Social Media,Use of Influencer & Talent,https://resized-media.entries.clios.com/companies/5072/media/0ff7fa53-c1c1-433a-40ba-08ddbc3a4ea4-thumbnail.0000000.jpg,https://clios.com/winners-gallery/details/196731,/awards/clio_entertainment/2025/campaigns/nathan-fielders-12-hour-not-so-live-livestream-hbo-max-hbo-max-2025/
2025,Clio Entertaiment,Paradise Influencer Campaign,Hulu Brand,Bronze,United States,Hulu Brand,Digital Mobile & Social Media,Social Media,Use of Influencer & Talent,https://resized-media.entries.clios.com/companies/4996/media/8b35bdff-8124-4070-ade6-08dd8c8288b4-medium.png.webp,https://clios.com/winners-gallery/details/198709,/awards/clio_entertainment/2025/campaigns/paradise-influencer-campaign-hulu-brand-hulu-brand-2025/
2025,Clio Entertaiment,SpongeBob 25 Influencer Campaign,Nickelodeon,Bronze,United States,MTV Entertainment Studios and Kids & Family,Digital Mobile & Social Media,Social Media,Use of Influencer & Talent,https://resized-media.entries.clios.com/companies/2542/media/99d91ee5-f6e0-4260-a6bc-08ddca1e8d72-thumbnail.0000000.jpg,https://clios.com/winners-gallery/details/203427,/awards/clio_entertainment/2025/campaigns/spongebob-25-influencer-campaign-nickelodeon-mtv-entertainment-studios-and-kids-and-family-2025/
2025,Clio Entertaiment,Season 3 Recap,Sweet Tooth,Bronze,United Kingdom,Make it Social,Digital Mobile & Social Media Craft,Copywriting,,https://resized-media.entries.clios.com/companies/143376/media/a6282dae-4e25-40ca-9fae-08ddbc6e7e05-medium.png.webp,https://clios.com/winners-gallery/details/196272,/awards/clio_entertainment/2025/campaigns/season-3-recap-sweet-tooth-make-it-social-2025/
2025,Clio Entertaiment,Only Murders in the Building Season 4 Typography Loop,Hulu Originals,Bronze,United States,Hulu Originals,Digital Mobile & Social Media Craft,Direction,,https://resized-media.entries.clios.com/companies/4885/media/21a46e0c-3624-40d2-a2b5-08ddbc6e7e05-medium.png.webp,https://clios.com/winners-gallery/details/197910,/awards/clio_entertainment/2025/campaigns/only-murders-in-the-building-season-4-typography-loop-hulu-originals-hulu-originals-2025-3/
2025,Clio Entertaiment,Blood,Alien Earth,Bronze,United States,ZEALOT,Digital Mobile & Social Media Craft,Editing,,https://resized-media.entries.clios.com/companies/2177/media/13f43cf0-7f8d-476d-a7b3-08ddca1e8d72-thumbnail.0000000.jpg,https://clios.com/winners-gallery/details/200604,/awards/clio_entertainment/2025/campaigns/blood-alien-earth-zealot-2025-2/
2025,Clio Entertaiment,Only Murders in the Building Season 4 Social Teaser Campaign,Hulu Originals,Bronze,United States,Hulu Originals,Digital Mobile & Social Media Craft,Editing,,https://resized-media.entries.clios.com/companies/4885/media/ad5d1c71-cf92-4379-9eaf-08ddca1e8d72-thumbnail.0000000.jpg,https://clios.com/winners-gallery/details/197904,/awards/clio_entertainment/2025/campaigns/only-murders-in-the-building-season-4-social-teaser-campaign-hulu-originals-hulu-originals-2025-2/
2025,Clio Entertaiment,The Buildout,Ironheart,Bronze,United States,Tiny Hero,Digital Mobile & Social Media Craft,Editing,,https://resized-media.entries.clios.com/companies/4875/media/c8673076-e7d0-46a9-a523-08ddca1e8d72-medium.jpg.webp,https://clios.com/winners-gallery/details/200667,/awards/clio_entertainment/2025/campaigns/the-buildout-ironheart-tiny-hero-2025/
2025,Clio Entertaiment,Vanderpump Villa Season 2 Ranch Dressing Music Mix,Hulu Originals,Bronze,United States,Hulu Originals,Digital Mobile & Social Media Craft,Editing,,https://resized-media.entries.clios.com/companies/4885/media/41c45697-84cf-41fc-a2c9-08ddbc6e7e05-medium.png.webp,https://clios.com/winners-gallery/details/197935,/awards/clio_entertainment/2025/campaigns/vanderpump-villa-season-2-ranch-dressing-music-mix-hulu-originals-hulu-originals-2025-3/
2025,Clio Entertaiment,Rock the Bells Motion Graphics Campaign,Rock the Bells,Bronze,United States,AV Squad,Digital Mobile & Social Media Craft,Motion Graphics,,https://resized-media.entries.clios.com/companies/4977/media/251e8fa4-0ceb-477b-ac10-08ddca1e8d72-medium.jpg.webp,https://clios.com/winners-gallery/details/201889,/awards/clio_entertainment/2025/campaigns/rock-the-bells-motion-graphics-campaign-rock-the-bells-av-squad-2025/
2025,Clio Entertaiment,Powerline Live! A Goofy Movie 360° Concert Experience,The Walt Disney Company,Bronze,United States,The Walt Disney Company,Digital Mobile & Social Media Craft,Music,,https://resized-media.entries.clios.com/companies/4947/media/26cece96-413d-44d3-b10e-08ddca1e8d72-thumbnail.0000000.jpg,https://clios.com/winners-gallery/details/201981,/awards/clio_entertainment/2025/campaigns/powerline-live-a-goofy-movie-360-concert-experience-the-walt-disney-company-the-walt-disney-company-2025-3/
2025,Clio Entertaiment,Clock Hand,What If? Season 3,Bronze,United States,Tiny Hero,Digital Mobile & Social Media Craft,Sound Design,,https://resized-media.entries.clios.com/companies/4875/media/bf12b7b9-2f83-40e3-a1f2-08ddca1e8d72-medium.jpg.webp,https://clios.com/winners-gallery/details/199747,/awards/clio_entertainment/2025/campaigns/clock-hand-what-if-season-3-tiny-hero-2025/
2025,Clio Entertaiment,Freeze Frame,Ironheart,Bronze,United States,Tiny Hero,Digital Mobile & Social Media Craft,Sound Design,,https://resized-media.entries.clios.com/companies/4875/media/a2086cce-7249-45c8-99dc-08ddcf598d69-medium.jpg.webp,https://clios.com/winners-gallery/details/200656,/awards/clio_entertainment/2025/campaigns/freeze-frame-ironheart-tiny-hero-2025-2/
2025,Clio Entertaiment,Sounds of Abbott Elementary (Abbott ASMR) Social Video,ABC,Bronze,United States,ABC,Digital Mobile & Social Media Craft,Sound Design,,https://resized-media.entries.clios.com/companies/4657/media/cfc864e2-03fe-45fb-433b-08ddbc3a4ea4-medium.png.webp,https://clios.com/winners-gallery/details/197429,/awards/clio_entertainment/2025/campaigns/sounds-of-abbott-elementary-abbott-asmr-social-video-abc-abc-2025/
2025,Clio Entertaiment,Abbott Elementary Presents AVA Fest at San Diego Comic-Con 2024,ABC,Bronze,United States,ABC,Experiential & Activations,Consumer,,https://resized-media.entries.clios.com/companies/4657/media/fa3b6f60-0446-4edc-4338-08ddbc3a4ea4-medium.jpg.webp,https://clios.com/winners-gallery/details/197414,/awards/clio_entertainment/2025/campaigns/abbott-elementary-presents-ava-fest-at-san-diego-comic-con-2024-abc-abc-2025/
2025,Clio Entertaiment,Goodbye YOU - A Killer Finale,Netflix,Bronze,United States,Invisible North,Experiential & Activations,Consumer,,https://resized-media.entries.clios.com/companies/143825/media/94704f03-db0d-476d-ab55-08ddca1e8d72-medium.jpg.webp,https://clios.com/winners-gallery/details/201644,/awards/clio_entertainment/2025/campaigns/goodbye-you-a-killer-finale-netflix-invisible-north-2025/
2025,Clio Entertaiment,McDonalds x Squid Game Dare to Play,McDonalds AU,Bronze,Australia,Akcelo,Experiential & Activations,Consumer,,https://resized-media.entries.clios.com/companies/3158/media/13f2830e-e0b8-4a9e-a3c9-08ddca1e8d72-medium.jpg.webp,https://clios.com/winners-gallery/details/200236,/awards/clio_entertainment/2025/campaigns/mcdonalds-x-squid-game-dare-to-play-mcdonalds-au-akcelo-2025-2/
2025,Clio Entertaiment,Call Of Duty NEXT,Call Of Duty,Bronze,United States,Activision,Experiential & Activations,Special Event & Stunt,,https://resized-media.entries.clios.com/companies/810/media/b747b888-25cc-4d54-94f2-08ddcf598d69-medium.png.webp,https://clios.com/winners-gallery/details/201612,/awards/clio_entertainment/2025/campaigns/call-of-duty-next-call-of-duty-activision-2025-3/
2025,Clio Entertaiment,The Official Thingertips of Cheetos,Cheetos,Bronze,United States,Goodby Silverstein & Partners,Experiential & Activations,Special Event & Stunt,,https://resized-media.entries.clios.com/companies/265/media/2149c7d8-6d74-4ec7-5ff7-08ddda7db5d2-medium.jpg.webp,https://clios.com/winners-gallery/details/201645,/awards/clio_entertainment/2025/campaigns/the-official-thingertips-of-cheetos-cheetos-goodby-silverstein-and-partners-2025-4/
2025,Clio Entertaiment,Experience More Netflix Upfronts 2024,Netflix,Bronze,United States,NVE Experience Agency,Experiential & Activations,Trade,,https://resized-media.entries.clios.com/companies/651/media/b8c0d255-e63d-4a68-b2d3-08dd4de0928e-medium.png.webp,https://clios.com/winners-gallery/details/201913,/awards/clio_entertainment/2025/campaigns/experience-more-netflix-upfronts-2024-netflix-nve-experience-agency-2025-2/
2025,Clio Entertaiment,FXs Grotesquerie - Scream Chambers,FX,Bronze,United States,FX,Fan Engagement,‌Other,,https://resized-media.entries.clios.com/companies/4559/media/7fbb7939-7b21-4066-aebc-08ddca1e8d72-medium.jpg.webp,https://clios.com/winners-gallery/details/202470,/awards/clio_entertainment/2025/campaigns/fxs-grotesquerie-scream-chambers-fx-fx-2025/
2025,Clio Entertaiment,Severance - The Cube,Apple,Bronze,United States,Apple,Fan Engagement,‌Other,,https://resized-media.entries.clios.com/companies/143774/media/ea94117f-72ea-4753-a38a-08ddca1e8d72-medium.jpg.webp,https://clios.com/winners-gallery/details/201684,/awards/clio_entertainment/2025/campaigns/severance-the-cube-apple-apple-2025-4/
2025,Clio Entertaiment,The Official Thingertips of Cheetos,Cheetos,Bronze,United States,Goodby Silverstein & Partners,Fan Engagement,Partnerships,,https://resized-media.entries.clios.com/companies/265/media/2149c7d8-6d74-4ec7-5ff7-08ddda7db5d2-medium.jpg.webp,https://clios.com/winners-gallery/details/201646,/awards/clio_entertainment/2025/campaigns/the-official-thingertips-of-cheetos-cheetos-goodby-silverstein-and-partners-2025-5/
2025,Clio Entertaiment,HBO Max Pride 2025 Trixie Mattel’s Gay HBO Max Song,HBO Max,Bronze,United States,HBO Max,Fan Engagement,Social Media,,https://resized-media.entries.clios.com/companies/5072/media/e8a7d805-e979-44f9-a1d6-08ddcf598d69-thumbnail.0000000.jpg,https://clios.com/winners-gallery/details/201550,/awards/clio_entertainment/2025/campaigns/hbo-max-pride-2025-trixie-mattels-gay-hbo-max-song-hbo-max-hbo-max-2025-5/
2025,Clio Entertaiment,Peacock Olympics 2024,Peacock,Bronze,United States,Glow,Fan Engagement,Social Media,,https://resized-media.entries.clios.com/companies/5067/media/c1d25743-83a0-422f-3fe8-08dda8286ac6-medium.png.webp,https://clios.com/winners-gallery/details/194452,/awards/clio_entertainment/2025/campaigns/peacock-olympics-2024-peacock-glow-2025/
2025,Clio Entertaiment,YOU DONT HAVE TO SPEAK IT TO LOVE IT,Netflix,Bronze,United States,Netflix,Fan Engagement,Social Media,,https://resized-media.entries.clios.com/companies/3930/media/557d927c-5dcb-448f-6049-08ddda7db5d2-medium.png.webp,https://clios.com/winners-gallery/details/203413,/awards/clio_entertainment/2025/campaigns/you-dont-have-to-speak-it-to-love-it-netflix-netflix-2025/
2025,Clio Entertaiment,YouTubes LEGO Festival,YouTube,Bronze,United States,YouTube,Fan Engagement,Social Media,,https://resized-media.entries.clios.com/companies/1468/media/44d31c3f-755f-43d3-cb61-08dd49f48dcd-medium.jpeg.webp,https://clios.com/winners-gallery/details/201038,/awards/clio_entertainment/2025/campaigns/youtubes-lego-festival-youtube-youtube-2025-2/
2025,Clio Entertaiment,Adolescence - Campaign,Netflix,Bronze,United Kingdom,ZEALOT,Integrated Campaign,Integrated Campaign,,https://resized-media.entries.clios.com/companies/5472/media/1e765282-c847-4b40-a9f0-08ddca1e8d72-medium.jpg.webp,https://clios.com/winners-gallery/details/201591,/awards/clio_entertainment/2025/campaigns/adolescence-campaign-netflix-zealot-2025/
2025,Clio Entertaiment,Deborah Vance Takes Over A Full-Circle Campaign for Hacks,HBO Max,Bronze,United States,HBO Max,Integrated Campaign,Integrated Campaign,,https://resized-media.entries.clios.com/companies/5072/media/fa9e9865-a692-47a0-a77a-08ddca1e8d72-thumbnail.0000000.jpg,https://clios.com/winners-gallery/details/201223,/awards/clio_entertainment/2025/campaigns/deborah-vance-takes-over-a-full-circle-campaign-for-hacks-hbo-max-hbo-max-2025/
2025,Clio Entertaiment,King of the Hill 360 Campaign,Hulu Originals,Bronze,United States,Hulu Originals,Integrated Campaign,Integrated Campaign,,https://resized-media.entries.clios.com/companies/4885/media/90fe23de-f205-422d-5d2a-08ddda7db5d2-thumbnail.0000000.jpg,https://clios.com/winners-gallery/details/199009,/awards/clio_entertainment/2025/campaigns/king-of-the-hill-360-campaign-hulu-originals-hulu-originals-2025/
2025,Clio Entertaiment,Paradise 360 Campaign,Hulu Originals,Bronze,United States,Hulu Originals,Integrated Campaign,Integrated Campaign,,https://resized-media.entries.clios.com/companies/4885/media/93857cc9-7a3d-4f54-f9e4-08ddda84979b-thumbnail.0000000.jpg,https://clios.com/winners-gallery/details/198957,/awards/clio_entertainment/2025/campaigns/paradise-360-campaign-hulu-originals-hulu-originals-2025/
2025,Clio Entertaiment,The Handmaids Tale Season 6 360 Campaign,Hulu Originals,Bronze,United States,Hulu Originals,Integrated Campaign,Integrated Campaign,,https://resized-media.entries.clios.com/companies/4885/media/f14dd90c-895a-4879-5d68-08ddda7db5d2-thumbnail.0000000.jpg,https://clios.com/winners-gallery/details/198975,/awards/clio_entertainment/2025/campaigns/the-handmaids-tale-season-6-360-campaign-hulu-originals-hulu-originals-2025/
2025,Clio Entertaiment,The Hunter Hunted,The Day of the Jackal,Bronze,United Kingdom,Sky UK limited,Integrated Campaign,Integrated Campaign,,https://resized-media.entries.clios.com/companies/5565/media/f8d28693-d35d-41ce-ab1e-08ddca1e8d72-thumbnail.0000000.jpg,https://clios.com/winners-gallery/details/200781,/awards/clio_entertainment/2025/campaigns/the-hunter-hunted-the-day-of-the-jackal-sky-uk-limited-2025/
2025,Clio Entertaiment,The Righteous Gemstones (S4),HBO Max,Bronze,United States,Cold Open,Key Art,Domestic Poster,,https://resized-media.entries.clios.com/companies/5090/media/82040f2f-d19c-4a8c-a183-08ddbc6e7e05-medium.jpg.webp,https://clios.com/winners-gallery/details/195062,/awards/clio_entertainment/2025/campaigns/the-righteous-gemstones-s4-hbo-max-cold-open-2025-2/
2025,Clio Entertaiment,The Studio Film,The Studio,Bronze,United States,GrandSon,Key Art,Domestic Poster,,https://resized-media.entries.clios.com/companies/4926/media/879c2c16-f542-44ec-4382-08dda8286ac6-medium.png.webp,https://clios.com/winners-gallery/details/195415,/awards/clio_entertainment/2025/campaigns/the-studio-film-the-studio-grandson-2025/
2025,Clio Entertaiment,The Studio Theater,The Studio,Bronze,United States,GrandSon,Key Art,Domestic Poster,,https://resized-media.entries.clios.com/companies/4926/media/95dc632f-9135-4670-4356-08dda8286ac6-medium.png.webp,https://clios.com/winners-gallery/details/195360,/awards/clio_entertainment/2025/campaigns/the-studio-theater-the-studio-grandson-2025/
2025,Clio Entertaiment,Woman of the Hour,Netflix,Bronze,United States,P-A,Key Art,Domestic Poster,,https://resized-media.entries.clios.com/companies/5182/media/f5f21760-fb2f-4022-9f25-08ddbc6e7e05-medium.jpg.webp,https://clios.com/winners-gallery/details/196849,/awards/clio_entertainment/2025/campaigns/woman-of-the-hour-netflix-p-a-2025/
2025,Clio Entertaiment,Change Not Charity The Americans with Disabilities Act Key Art,American Experience Films PBS,Bronze,United States,SJI Associates,Key Art,Hero Image,,https://resized-media.entries.clios.com/companies/143284/media/693031c9-2991-4dda-810b-08dda8280727-medium.jpg.webp,https://clios.com/winners-gallery/details/194438,/awards/clio_entertainment/2025/campaigns/change-not-charity-the-americans-with-disabilities-act-key-art-american-experience-films-pbs-sji-associates-2025/
2025,Clio Entertaiment,Fear Street Prom Queen | Campaign,Netflix,Bronze,United States,Concept Arts,Key Art,Hero Image,,https://resized-media.entries.clios.com/companies/4702/media/8281d62b-4d35-4492-8689-08dda8280727-medium.jpg.webp,https://clios.com/winners-gallery/details/196247,/awards/clio_entertainment/2025/campaigns/fear-street-prom-queen-campaign-netflix-concept-arts-2025/
2025,Clio Entertaiment,Fréwaka Key Art,Fréwaka,Bronze,United States,The Refinery,Key Art,Hero Image,,https://resized-media.entries.clios.com/companies/4913/media/0bcad76f-a410-4b3b-3f79-08dda8286ac6-medium.jpg.webp,https://clios.com/winners-gallery/details/194288,/awards/clio_entertainment/2025/campaigns/frewaka-key-art-frewaka-the-refinery-2025/
2025,Clio Entertaiment,Alien Earth - Xenodome Motion Poster,FX,Bronze,United States,FX,Key Art,Motion Poster,,https://resized-media.entries.clios.com/companies/4559/media/c917878c-02e6-4463-a43d-08ddcf598d69-medium.jpg.webp,https://clios.com/winners-gallery/details/202508,/awards/clio_entertainment/2025/campaigns/alien-earth-xenodome-motion-poster-fx-fx-2025/
2025,Clio Entertaiment,American Sports Story Aaron Hernandez - Jump Left Mopo (VERT),FX,Bronze,United States,FX,Key Art,Motion Poster,,https://resized-media.entries.clios.com/companies/4559/media/3ca284e7-19b4-4105-aef8-08ddca1e8d72-medium.jpg.webp,https://clios.com/winners-gallery/details/202432,/awards/clio_entertainment/2025/campaigns/american-sports-story-aaron-hernandez-jump-left-mopo-vert-fx-fx-2025/
2025,Clio Entertaiment,Upload Season 4 - Epic Hero 1-Sheet,Amazon MGM Studios,Bronze,United States,Legion Creative,Key Art Craft,Use of Illustration,,https://resized-media.entries.clios.com/companies/5227/media/c2f3f9b2-726f-423c-ae21-08ddca1e8d72-thumbnail.0000000.jpg,https://clios.com/winners-gallery/details/200409,/awards/clio_entertainment/2025/campaigns/upload-season-4-epic-hero-1-sheet-amazon-mgm-studios-legion-creative-2025/
2025,Clio Entertaiment,Not Her First Rodeo Key Art,Freeform,Bronze,United States,Freeform,Key Art Craft,Use of Photography,,https://resized-media.entries.clios.com/companies/5005/media/a810e422-e672-447c-8643-08dda8280727-medium.jpg.webp,https://clios.com/winners-gallery/details/196123,/awards/clio_entertainment/2025/campaigns/not-her-first-rodeo-key-art-freeform-freeform-2025/
2025,Clio Entertaiment,Andor Season 2 Declassified Star Wars,Lucasfilm,Bronze,United States,Lucasfilm,Original Content,Behind the Scenes,,https://resized-media.entries.clios.com/companies/5066/media/0f063539-b177-4054-a049-08ddbc6e7e05-medium.jpg.webp,https://clios.com/winners-gallery/details/197213,/awards/clio_entertainment/2025/campaigns/andor-season-2-declassified-star-wars-lucasfilm-lucasfilm-2025/
2025,Clio Entertaiment,Making of The Last Of Us,HBO Max Marketing,Bronze,United States,HBO Max,Original Content,Behind the Scenes,,https://resized-media.entries.clios.com/companies/5072/media/3695cd35-6867-4b18-a2ee-08ddcf598d69-medium.png.webp,https://clios.com/winners-gallery/details/199600,/awards/clio_entertainment/2025/campaigns/making-of-the-last-of-us-hbo-max-marketing-hbo-max-2025/
2025,Clio Entertaiment,The House That Dragons Built | Season 2,HBO,Bronze,United States,HBO-Max Marketing,Original Content,Behind the Scenes,,https://resized-media.entries.clios.com/companies/5072/media/237b83ba-9973-4cd0-a033-08ddcf598d69-medium.png.webp,https://clios.com/winners-gallery/details/201604,/awards/clio_entertainment/2025/campaigns/the-house-that-dragons-built-season-2-hbo-hbo-max-marketing-2025/
2025,Clio Entertaiment,The Lord of The Rings - The Rings of Power S2 Forging the Rings,Amazon,Bronze,United States,SunnyBoy Entertainment,Original Content,Behind the Scenes,,https://resized-media.entries.clios.com/companies/5207/media/e2d813e3-75f6-4e67-5fdc-08ddda7db5d2-medium.png.webp,https://clios.com/winners-gallery/details/202920,/awards/clio_entertainment/2025/campaigns/the-lord-of-the-rings-the-rings-of-power-s2-forging-the-rings-amazon-sunnyboy-entertainment-2025/
2025,Clio Entertaiment,The White Lotus Thai Tea with the Thai Cast,HBO,Bronze,United States,HBO,Original Content,Behind the Scenes,,https://resized-media.entries.clios.com/companies/5072/media/3abcfa00-730b-4ec9-aa8c-08ddca1e8d72-medium.png.webp,https://clios.com/winners-gallery/details/201832,/awards/clio_entertainment/2025/campaigns/the-white-lotus-thai-tea-with-the-thai-cast-hbo-hbo-2025/
2025,Clio Entertaiment,Alien Earth - Earth Day,FX,Bronze,United States,FX,Original Content,Creative Content,,https://resized-media.entries.clios.com/companies/4559/media/5cf90b3c-8dba-4e40-a80d-08ddca1e8d72-medium.jpg.webp,https://clios.com/winners-gallery/details/201254,/awards/clio_entertainment/2025/campaigns/alien-earth-earth-day-fx-fx-2025/
2025,Clio Entertaiment,The Vault Sellers Survival Guide,Fallout,Bronze,United States,Amazon MGM Studios,Original Content,Creative Content,,https://resized-media.entries.clios.com/companies/143303/media/4355272c-21f9-478c-8518-08dda8280727-medium.jpg.webp,https://clios.com/winners-gallery/details/195154,/awards/clio_entertainment/2025/campaigns/the-vault-sellers-survival-guide-fallout-amazon-mgm-studios-2025/
2025,Clio Entertaiment,Hacks Bit by Bit,HBO,Bronze,United States,HBO Max,Original Content,Featurette,,https://resized-media.entries.clios.com/companies/5072/media/6210326a-27cc-4297-a0dc-08ddcf598d69-medium.png.webp,https://clios.com/winners-gallery/details/201669,/awards/clio_entertainment/2025/campaigns/hacks-bit-by-bit-hbo-hbo-max-2025/
2025,Clio Entertaiment,In Conversation with Amir and Joseph,Sly Lives! (AKA the Burden of Black Genius),Bronze,United States,RAVE Collective,Original Content,Featurette,,https://resized-media.entries.clios.com/companies/143260/media/9cc5baf6-d95b-4776-9699-08ddcf598d69-medium.png.webp,https://clios.com/winners-gallery/details/195487,/awards/clio_entertainment/2025/campaigns/in-conversation-with-amir-and-joseph-sly-lives-aka-the-burden-of-black-genius-rave-collective-2025/
2025,Clio Entertaiment,The Making of American Primeval,Netflix,Bronze,United States,Netflix,Original Content,Featurette,,https://resized-media.entries.clios.com/companies/4648/media/63e6018f-1911-4b58-42b4-08ddbc3a4ea4-medium.jpg.webp,https://clios.com/winners-gallery/details/197239,/awards/clio_entertainment/2025/campaigns/the-making-of-american-primeval-netflix-netflix-2025/
2025,Clio Entertaiment,The White Lotus S3 | Unpacking the Episode,HBO,Bronze,United States,HBO - MAX Marketing AV,Original Content,Featurette,,https://resized-media.entries.clios.com/companies/5072/media/5e786da7-3cb0-42e9-9785-08ddcf598d69-medium.png.webp,https://clios.com/winners-gallery/details/200002,/awards/clio_entertainment/2025/campaigns/the-white-lotus-s3-unpacking-the-episode-hbo-hbo-max-marketing-av-2025/
2025,Clio Entertaiment,King of the Hill - This Past Weekend with Theo Von,Hulu Originals,Bronze,United States,Hulu Originals,Original Content,Live Stream & Podcast,,https://resized-media.entries.clios.com/companies/4885/media/0d642ca4-15f5-4d44-5ab5-08ddda7db5d2-medium.png.webp,https://clios.com/winners-gallery/details/202813,/awards/clio_entertainment/2025/campaigns/king-of-the-hill-this-past-weekend-with-theo-von-hulu-originals-hulu-originals-2025-2/
2025,Clio Entertaiment,SQUID GAME 2  Young Hee Vision,NETFLIX,Bronze,United States,RICHARD RHO,Out of Home,Billboard,,https://resized-media.entries.clios.com/companies/5196/media/9ff26fc3-d69d-4e5d-a4ca-08ddcf598d69-medium.jpg.webp,https://clios.com/winners-gallery/details/202582,/awards/clio_entertainment/2025/campaigns/squid-game-2-young-hee-vision-netflix-richard-rho-2025/
2025,Clio Entertaiment,Deli Boys Barricade,Onyx Collective,Bronze,United States,Onyx Collective,Out of Home,Building Wrap,,https://resized-media.entries.clios.com/companies/5035/media/ae3f0d0f-0bd5-4714-857c-08dda8280727-medium.jpg.webp,https://clios.com/winners-gallery/details/195762,/awards/clio_entertainment/2025/campaigns/deli-boys-barricade-onyx-collective-onyx-collective-2025/
2025,Clio Entertaiment,Saturday Night Live 50th Anniversary Sunset Spectacular,Saturday Night Live 50th Anniversary,Bronze,United States,The Refinery,Out of Home,Building Wrap,,https://resized-media.entries.clios.com/companies/4913/media/bfe33c07-f0ed-40c2-81cc-08dda8280727-medium.jpg.webp,https://clios.com/winners-gallery/details/194591,/awards/clio_entertainment/2025/campaigns/saturday-night-live-50th-anniversary-sunset-spectacular-saturday-night-live-50th-anniversary-the-refinery-2025/
2025,Clio Entertaiment,Alien Earth - Everest 3D BB,FX,Bronze,United States,FX,Out of Home,Digital Outdoor,,https://resized-media.entries.clios.com/companies/4559/media/5e5c2ea6-98d0-470e-a5db-08ddcf598d69-medium.png.webp,https://clios.com/winners-gallery/details/202537,/awards/clio_entertainment/2025/campaigns/alien-earth-everest-3d-bb-fx-fx-2025/
2025,Clio Entertaiment,Goosebumps The Vanishing Stay Out of the Basement Mural Stunt,Goosebumps The Vanishing,Bronze,United States,Disney Branded Television,Out of Home,Mural,,https://resized-media.entries.clios.com/companies/4957/media/746fcb0c-63fa-4360-48cf-08ddbc3a4ea4-medium.png.webp,https://clios.com/winners-gallery/details/199006,/awards/clio_entertainment/2025/campaigns/goosebumps-the-vanishing-stay-out-of-the-basement-mural-stunt-goosebumps-the-vanishing-disney-branded-television-2025/
2025,Clio Entertaiment,Its Florida Man Boat,Its Florida Man,Bronze,United States,HBO Max,Out of Home,Transit,,https://resized-media.entries.clios.com/companies/5072/media/a55c69f2-f9da-4602-45f1-08ddbc3a4ea4-medium.jpg.webp,https://clios.com/winners-gallery/details/198249,/awards/clio_entertainment/2025/campaigns/its-florida-man-boat-its-florida-man-hbo-max-2025/
2025,Clio Entertaiment,Now This Is Taxes The WWE RAW Way,Netflix,Bronze,United States,Netflix,Partnerships & Collaborations,Partnerships & Collaborations,,https://resized-media.entries.clios.com/companies/5401/media/47992e3b-f510-4bd3-5e66-08ddda7db5d2-medium.jpg.webp,https://clios.com/winners-gallery/details/199946,/awards/clio_entertainment/2025/campaigns/now-this-is-taxes-the-wwe-raw-way-netflix-netflix-2025-2/
2025,Clio Entertaiment,THIS YEAR NETFLIX PLAYED AT THE MUTUA MADRID OPEN,NETFLIX,Bronze,Spain,CYW,Partnerships & Collaborations,Partnerships & Collaborations,,https://resized-media.entries.clios.com/companies/5103/media/dfb0e3e8-6913-408e-a2ac-08ddcf598d69-medium.png.webp,https://clios.com/winners-gallery/details/200251,/awards/clio_entertainment/2025/campaigns/this-year-netflix-played-at-the-mutua-madrid-open-netflix-cyw-2025/
2025,Clio Entertaiment,Hacks Shaking It Up In The Writer’s Room,HBO Max,Bronze,United States,HBO Max,Public Relations,Collateral Press Influencer & Talent Kits,,https://resized-media.entries.clios.com/companies/5072/media/4d5e997c-94a3-4c15-a350-08ddca1e8d72-thumbnail.0000000.jpg,https://clios.com/winners-gallery/details/200091,/awards/clio_entertainment/2025/campaigns/hacks-shaking-it-up-in-the-writers-room-hbo-max-hbo-max-2025/
2025,Clio Entertaiment,Hacks Shaking It Up In The Writer’s Room,HBO Max,Bronze,United States,HBO Max,Public Relations,Direct,,https://resized-media.entries.clios.com/companies/5072/media/4d941fae-ead3-488b-a34a-08ddca1e8d72-medium.jpg.webp,https://clios.com/winners-gallery/details/200151,/awards/clio_entertainment/2025/campaigns/hacks-shaking-it-up-in-the-writers-room-hbo-max-hbo-max-2025-2/
2025,Clio Entertaiment,Bringing the world to Fight Night,Netflix,Bronze,United States,Netflix,Public Relations,Use of Influencer & Talent,,https://resized-media.entries.clios.com/companies/142252/media/d4b2ef91-1192-47b4-fbc6-08ddda84979b-medium.jpg.webp,https://clios.com/winners-gallery/details/198642,/awards/clio_entertainment/2025/campaigns/bringing-the-world-to-fight-night-netflix-netflix-2025-2/
2025,Clio Entertaiment,The White Lotus Season 3 x Banana Republic Partnership,HBO Max-Warner Bros Discovery Global Consumer Products,Bronze,United States,HBO Max Originals Marketing,Retail & Premium,Merchandise & Premium,Apparel Footwear & Household Goods,https://resized-media.entries.clios.com/companies/5072/media/52d63f47-0ed8-4976-f9d8-08ddda84979b-medium.png.webp,https://clios.com/winners-gallery/details/202881,/awards/clio_entertainment/2025/campaigns/the-white-lotus-season-3-x-banana-republic-partnership-hbo-max-warner-bros-discovery-global-consumer-products-hbo-max-or/
2025,Clio Entertaiment,The Wild Robot Campaign,The Wild Robot,Bronze,United States,Inside Job,Audio Visual Campaign,Audio Visual Campaign,,https://resized-media.entries.clios.com/companies/5316/media/599fb067-f4bf-43e9-a6c3-08ddca1e8d72-thumbnail.0000000.jpg,https://clios.com/winners-gallery/details/202363,/awards/clio_entertainment/2025/campaigns/the-wild-robot-campaign-the-wild-robot-inside-job-2025/
2025,Clio Entertaiment,A Minecraft Movie - A-V Campaign,A Minecraft Movie,Bronze,United States,Buddha Jones,Audio Visual Campaign,Audio Visual Campaign,,https://resized-media.entries.clios.com/companies/5221/media/0d58791b-c3ad-4f84-851f-08dda8280727-thumbnail.0000000.jpg,https://clios.com/winners-gallery/details/195569,/awards/clio_entertainment/2025/campaigns/a-minecraft-movie-a-v-campaign-a-minecraft-movie-buddha-jones-2025/
2025,Clio Entertaiment,F1 AV Campaign,F1,Bronze,United States,Requiem,Audio Visual Campaign,Audio Visual Campaign,,https://resized-media.entries.clios.com/companies/143294/media/7f1b9076-90a3-4600-414f-08ddbc3a4ea4-thumbnail.0000000.jpg,https://clios.com/winners-gallery/details/201933,/awards/clio_entertainment/2025/campaigns/f1-av-campaign-f1-requiem-2025/
2025,Clio Entertaiment,Warfare AV Campaign,Warfare,Bronze,United States,AV Squad,Audio Visual Campaign,Audio Visual Campaign,,https://resized-media.entries.clios.com/companies/4977/media/7ebbf054-8237-4d28-ae54-08ddca1e8d72-thumbnail.0000000.jpg,https://clios.com/winners-gallery/details/202341,/awards/clio_entertainment/2025/campaigns/warfare-av-campaign-warfare-av-squad-2025/
2025,Clio Entertaiment,Thunderbolts* AV Campaign,Thunderbolts*,Bronze,United States,Wild Card Creative Group,Audio Visual Campaign,Audio Visual Campaign,,https://resized-media.entries.clios.com/companies/4522/media/46adfbab-c05f-48d2-408f-08ddbc3a4ea4-thumbnail.0000000.jpg,https://clios.com/winners-gallery/details/193770,/awards/clio_entertainment/2025/campaigns/thunderbolts-av-campaign-thunderbolts-wild-card-creative-group-2025/
2025,Clio Entertaiment,Bring Her Back AV Campaign,Bring Her Back,Bronze,United States,AV Squad,Audio Visual Campaign,Audio Visual Campaign,,https://resized-media.entries.clios.com/companies/4977/media/e3b7fdcd-59f8-4aa9-a754-08ddca1e8d72-thumbnail.0000000.jpg,https://clios.com/winners-gallery/details/201174,/awards/clio_entertainment/2025/campaigns/bring-her-back-av-campaign-bring-her-back-av-squad-2025/
2025,Clio Entertaiment,Sinners AV Campaign,Sinners,Bronze,United States,AV Squad,Audio Visual Campaign,Audio Visual Campaign,,https://resized-media.entries.clios.com/companies/4977/media/0ec9971f-a22f-4acb-9aea-08ddcf598d69-thumbnail.0000000.jpg,https://clios.com/winners-gallery/details/200943,/awards/clio_entertainment/2025/campaigns/sinners-av-campaign-sinners-av-squad-2025/
2025,Clio Entertaiment,Weapons AV Campaign - Horror,Weapons,Bronze,United States,AV Squad,Audio Visual Campaign,Audio Visual Campaign,,https://resized-media.entries.clios.com/companies/4977/media/9e2c4512-cc58-4158-aeef-08ddca1e8d72-thumbnail.0000000.jpg,https://clios.com/winners-gallery/details/202433,/awards/clio_entertainment/2025/campaigns/weapons-av-campaign-horror-weapons-av-squad-2025/
2025,Clio Entertaiment,Campaign,Sinners,Bronze,United States,Create Advertising Group,Audio Visual Campaign,Audio Visual Campaign,,https://resized-media.entries.clios.com/companies/4951/media/becbc8e8-55d1-4cae-a083-08ddca1e8d72-thumbnail.0000000.jpg,https://clios.com/winners-gallery/details/199351,/awards/clio_entertainment/2025/campaigns/campaign-sinners-create-advertising-group-2025/
2025,Clio Entertaiment,Wicked Campaign,Wicked,Bronze,United States,Inside Job,Audio Visual Campaign,Audio Visual Campaign,,https://resized-media.entries.clios.com/companies/5316/media/030a0d15-68d6-46ce-a6ba-08ddca1e8d72-thumbnail.0000000.jpg,https://clios.com/winners-gallery/details/202263,/awards/clio_entertainment/2025/campaigns/wicked-campaign-wicked-inside-job-2025/
2025,Clio Entertaiment,Meditate,I Know What You Did Last Summer,Bronze,United States,Ignition Creative,Audio Visual Craft,Copywriting,,https://resized-media.entries.clios.com/companies/869/media/ddf86427-d6b3-4b2d-84f3-08dda8280727-thumbnail.0000000.jpg,https://clios.com/winners-gallery/details/195499,/awards/clio_entertainment/2025/campaigns/meditate-i-know-what-you-did-last-summer-ignition-creative-2025/
2025,Clio Entertaiment,Teaser Uncaged,Mortal Kombat 2,Bronze,United States,Aspect,Audio Visual Craft,Copywriting,,https://resized-media.entries.clios.com/companies/4921/media/76f2ac69-6e6b-480a-98dc-08ddcf598d69-thumbnail.0000000.jpg,https://clios.com/winners-gallery/details/196831,/awards/clio_entertainment/2025/campaigns/teaser-uncaged-mortal-kombat-2-aspect-2025-3/
2025,Clio Entertaiment,28 Years Later - Trailer Ready Short,28 Years Later,Bronze,United States,Buddha Jones,Audio Visual Craft,Direction,,https://resized-media.entries.clios.com/companies/5221/media/9fcd752c-576f-4dde-851c-08dda8280727-thumbnail.0000000.jpg,https://clios.com/winners-gallery/details/195551,/awards/clio_entertainment/2025/campaigns/28-years-later-trailer-ready-short-28-years-later-buddha-jones-2025-2/
2025,Clio Entertaiment,Dilate,Together,Bronze,United States,Requiem,Audio Visual Craft,Direction,,https://resized-media.entries.clios.com/companies/143294/media/2b98d28e-4e89-43c3-a70b-08ddca1e8d72-thumbnail.0000000.jpg,https://clios.com/winners-gallery/details/201117,/awards/clio_entertainment/2025/campaigns/dilate-together-requiem-2025-2/
2025,Clio Entertaiment,The Brutalist – America,A24,Bronze,United States,Mark Woollen & Associates,Audio Visual Craft,Direction,,https://resized-media.entries.clios.com/companies/5374/media/d39f32b0-17ee-47ab-4351-08dda8286ac6-thumbnail.0000000.jpg,https://clios.com/winners-gallery/details/195365,/awards/clio_entertainment/2025/campaigns/the-brutalist-america-a24-mark-woollen-and-associates-2025/
2025,Clio Entertaiment,Accident,The Actor,Bronze,United States,RAVE Collective,Audio Visual Craft,Editing,,https://resized-media.entries.clios.com/companies/143260/media/149bd5f7-6b9a-4d70-849f-08dda8280727-thumbnail.0000000.jpg,https://clios.com/winners-gallery/details/195373,/awards/clio_entertainment/2025/campaigns/accident-the-actor-rave-collective-2025/
2025,Clio Entertaiment,Love,Together,Bronze,United States,Requiem,Audio Visual Craft,Editing,,https://resized-media.entries.clios.com/companies/143294/media/88a68330-89bf-44d6-9f41-08ddbc6e7e05-thumbnail.0000000.jpg,https://clios.com/winners-gallery/details/197045,/awards/clio_entertainment/2025/campaigns/love-together-requiem-2025/
2025,Clio Entertaiment,Roto Symphony,Searchlight Pictures,Bronze,United States,Tiny Hero,Audio Visual Craft,Editing,,https://resized-media.entries.clios.com/companies/4875/media/864d3999-3d63-42d3-a257-08ddca1e8d72-thumbnail.0000000.jpg,https://clios.com/winners-gallery/details/201074,/awards/clio_entertainment/2025/campaigns/roto-symphony-searchlight-pictures-tiny-hero-2025-2/
2025,Clio Entertaiment,Time,Until Dawn,Bronze,United States,Wild Card Creative Group,Audio Visual Craft,Editing,,https://resized-media.entries.clios.com/companies/4522/media/7056bdf7-ce48-408c-4092-08ddbc3a4ea4-thumbnail.0000000.jpg,https://clios.com/winners-gallery/details/195114,/awards/clio_entertainment/2025/campaigns/time-until-dawn-wild-card-creative-group-2025/
2025,Clio Entertaiment,A Minecraft Movie,A Minecraft Movie,Bronze,United States,Devastudios Inc,Audio Visual Craft,Motion Graphics,,https://resized-media.entries.clios.com/companies/4930/media/a4b60ac3-895d-499f-a152-08ddbc6e7e05-medium.jpg.webp,https://clios.com/winners-gallery/details/199026,/awards/clio_entertainment/2025/campaigns/a-minecraft-movie-a-minecraft-movie-devastudios-inc-2025/
2025,Clio Entertaiment,Audition,F1,Bronze,United States,Requiem,Audio Visual Craft,Music,,https://resized-media.entries.clios.com/companies/143294/media/7f1b9076-90a3-4600-414f-08ddbc3a4ea4-thumbnail.0000000.jpg,https://clios.com/winners-gallery/details/197027,/awards/clio_entertainment/2025/campaigns/audition-f1-requiem-2025-4/
2025,Clio Entertaiment,Best Friends Day,Deadpool & Wolverine,Bronze,United States,MOCEAN,Audio Visual Craft,Music,,https://resized-media.entries.clios.com/companies/813/media/e5f1dc9e-b814-426c-aaff-08dd8c8288b4-thumbnail.0000000.jpg,https://clios.com/winners-gallery/details/194812,/awards/clio_entertainment/2025/campaigns/best-friends-day-deadpool-and-wolverine-mocean-2025/
2025,Clio Entertaiment,Buckle Up,Superman,Bronze,United States,Requiem,Audio Visual Craft,Music,,https://resized-media.entries.clios.com/companies/143294/media/cf8ffe36-973a-4415-9f49-08ddbc6e7e05-thumbnail.0000000.jpg,https://clios.com/winners-gallery/details/197034,/awards/clio_entertainment/2025/campaigns/buckle-up-superman-requiem-2025/
2025,Clio Entertaiment,Certainty,Mission Impossible – The Final Reckoning,Bronze,United States,AV Squad,Audio Visual Craft,Music,,https://resized-media.entries.clios.com/companies/4977/media/74f7d161-5668-4c38-98f8-08ddcf598d69-thumbnail.0000000.jpg,https://clios.com/winners-gallery/details/200422,/awards/clio_entertainment/2025/campaigns/certainty-mission-impossible-the-final-reckoning-av-squad-2025/
2025,Clio Entertaiment,Fight,One Battle After Another,Bronze,United States,AV Squad,Audio Visual Craft,Music,,https://resized-media.entries.clios.com/companies/4977/media/eb9bd552-6791-4589-9e0b-08ddcf598d69-thumbnail.0000000.jpg,https://clios.com/winners-gallery/details/202209,/awards/clio_entertainment/2025/campaigns/fight-one-battle-after-another-av-squad-2025/
2025,Clio Entertaiment,For Good,Wicked For Good,Bronze,United States,Trailer Park a Trailer Park Group Company,Audio Visual Craft,Music,,https://resized-media.entries.clios.com/companies/4579/media/ae61d570-2dc2-4217-996a-08ddcf598d69-thumbnail.0000000.jpg,https://clios.com/winners-gallery/details/197481,/awards/clio_entertainment/2025/campaigns/for-good-wicked-for-good-trailer-park-a-trailer-park-group-company-2025/
2025,Clio Entertaiment,Furry Friend,The Monkey,Bronze,United States,Requiem,Audio Visual Craft,Music,,https://resized-media.entries.clios.com/companies/143294/media/505a758e-2fd4-454a-4194-08ddbc3a4ea4-thumbnail.0000000.jpg,https://clios.com/winners-gallery/details/197039,/awards/clio_entertainment/2025/campaigns/furry-friend-the-monkey-requiem-2025-3/
2025,Clio Entertaiment,Hey Mickey,Mickey 17,Bronze,United States,Motive,Audio Visual Craft,Music,,https://resized-media.entries.clios.com/companies/4587/media/dba5148b-83c0-42ac-4793-08ddbc3a4ea4-thumbnail.0000000.jpg,https://clios.com/winners-gallery/details/195330,/awards/clio_entertainment/2025/campaigns/hey-mickey-mickey-17-motive-2025/
2025,Clio Entertaiment,Project Hail Mary - Trailer Message,Project Hail Mary,Bronze,United States,Buddha Jones,Audio Visual Craft,Music,,https://resized-media.entries.clios.com/companies/5221/media/f824bec6-4869-43bb-4299-08ddbc3a4ea4-thumbnail.0000000.jpg,https://clios.com/winners-gallery/details/196384,/awards/clio_entertainment/2025/campaigns/project-hail-mary-trailer-message-project-hail-mary-buddha-jones-2025/
2025,Clio Entertaiment,Summer,Sinners,Bronze,United States,Create Advertising Group,Audio Visual Craft,Music,,https://resized-media.entries.clios.com/companies/4951/media/203731f1-74bf-409b-9533-08ddcf598d69-thumbnail.0000000.jpg,https://clios.com/winners-gallery/details/199343,/awards/clio_entertainment/2025/campaigns/summer-sinners-create-advertising-group-2025/
2025,Clio Entertaiment,The Glory,Thunderbolts*,Bronze,United States,Wild Card Creative Group,Audio Visual Craft,Music,,https://resized-media.entries.clios.com/companies/4522/media/46adfbab-c05f-48d2-408f-08ddbc3a4ea4-thumbnail.0000000.jpg,https://clios.com/winners-gallery/details/193612,/awards/clio_entertainment/2025/campaigns/the-glory-thunderbolts-wild-card-creative-group-2025/
2025,Clio Entertaiment,Vacation,Nobody 2,Bronze,United States,AV Squad,Audio Visual Craft,Music,,https://resized-media.entries.clios.com/companies/4977/media/d6c755f8-4bbe-4b64-a48b-08ddca1e8d72-thumbnail.0000000.jpg,https://clios.com/winners-gallery/details/202320,/awards/clio_entertainment/2025/campaigns/vacation-nobody-2-av-squad-2025/
2025,Clio Entertaiment,Y2K Lights Out,Y2K,Bronze,United States,GrandSon,Audio Visual Craft,Music,,https://resized-media.entries.clios.com/companies/4926/media/62e02254-b11d-4393-81bc-08dda8280727-thumbnail.0000000.jpg,https://clios.com/winners-gallery/details/194577,/awards/clio_entertainment/2025/campaigns/y2k-lights-out-y2k-grandson-2025/
2025,Clio Entertaiment,28 Years Later - Trailer Ready Short,28 Years Later,Bronze,United States,Buddha Jones,Audio Visual Craft,Sound Design,,https://resized-media.entries.clios.com/companies/5221/media/9fcd752c-576f-4dde-851c-08dda8280727-thumbnail.0000000.jpg,https://clios.com/winners-gallery/details/195549,/awards/clio_entertainment/2025/campaigns/28-years-later-trailer-ready-short-28-years-later-buddha-jones-2025-3/
2025,Clio Entertaiment,28 Years Later Teaser Trailer Days,28 Years Later,Bronze,United States,Buddha Jones,Audio Visual Craft,Sound Design,,https://resized-media.entries.clios.com/companies/5221/media/588e02d7-abea-4fd9-82bd-08dda8280727-thumbnail.0000000.jpg,https://clios.com/winners-gallery/details/195538,/awards/clio_entertainment/2025/campaigns/28-years-later-teaser-trailer-days-28-years-later-buddha-jones-2025-4/
2025,Clio Entertaiment,OK,Together,Bronze,United States,Requiem,Audio Visual Craft,Sound Design,,https://resized-media.entries.clios.com/companies/143294/media/bfe6d4a5-9804-48dd-9a6f-08ddcf598d69-thumbnail.0000000.jpg,https://clios.com/winners-gallery/details/201865,/awards/clio_entertainment/2025/campaigns/ok-together-requiem-2025/
2025,Clio Entertaiment,The Woman In The Yard - Teaser Trailer,The Woman In The Yard,Bronze,United States,Buddha Jones,Audio Visual Craft,Voice Over,,https://resized-media.entries.clios.com/companies/5221/media/92ed8c42-1672-42c5-8531-08dda8280727-thumbnail.0000000.jpg,https://clios.com/winners-gallery/details/199516,/awards/clio_entertainment/2025/campaigns/the-woman-in-the-yard-teaser-trailer-the-woman-in-the-yard-buddha-jones-2025/
2025,Clio Entertaiment,30TV Four Friends,Transformers One,Bronze,United States,Aspect,Audio Visual Spot,Audio Visual Spot,,https://resized-media.entries.clios.com/companies/4921/media/0ca0726e-4f7c-446d-82cf-08dda8280727-thumbnail.0000000.jpg,https://clios.com/winners-gallery/details/194864,/awards/clio_entertainment/2025/campaigns/30tv-four-friends-transformers-one-aspect-2025/
2025,Clio Entertaiment,Numbers,Mickey 17,Bronze,United States,Big Picture,Audio Visual Spot,Audio Visual Spot,,https://resized-media.entries.clios.com/companies/143282/media/e7609e0e-678d-48d6-a118-08ddcf598d69-thumbnail.0000000.jpg,https://clios.com/winners-gallery/details/201879,/awards/clio_entertainment/2025/campaigns/numbers-mickey-17-big-picture-2025/
2025,Clio Entertaiment,Waiting,Beetlejuice Beetlejuice,Bronze,United States,Big Picture,Audio Visual Spot,Audio Visual Spot,,https://resized-media.entries.clios.com/companies/143282/media/083ffc2d-1d7e-4554-a04c-08ddcf598d69-thumbnail.0000000.jpg,https://clios.com/winners-gallery/details/201723,/awards/clio_entertainment/2025/campaigns/waiting-beetlejuice-beetlejuice-big-picture-2025/
2025,Clio Entertaiment,Above,Warfare,Bronze,United States,AV Squad,Audio Visual Spot,Audio Visual Spot,,https://resized-media.entries.clios.com/companies/4977/media/d35f49d1-63d2-49d1-9f8f-08ddcf598d69-thumbnail.0000000.jpg,https://clios.com/winners-gallery/details/201478,/awards/clio_entertainment/2025/campaigns/above-warfare-av-squad-2025/
2025,Clio Entertaiment,Stranger,A Complete Unknown,Bronze,United States,AV Squad,Audio Visual Spot,Audio Visual Spot,,https://resized-media.entries.clios.com/companies/4977/media/a5ab5c47-923f-43bc-a2c8-08ddca1e8d72-thumbnail.0000000.jpg,https://clios.com/winners-gallery/details/199984,/awards/clio_entertainment/2025/campaigns/stranger-a-complete-unknown-av-squad-2025/
2025,Clio Entertaiment,Strength,Superman,Bronze,United States,MOCEAN,Audio Visual Spot,Audio Visual Spot,,https://resized-media.entries.clios.com/companies/813/media/0ff432c4-bab6-42b1-a6cd-08ddca1e8d72-thumbnail.0000000.jpg,https://clios.com/winners-gallery/details/194720,/awards/clio_entertainment/2025/campaigns/strength-superman-mocean-2025/
2025,Clio Entertaiment,Clockwork,Nosferatu,Bronze,United States,AV Squad,Audio Visual Spot,Audio Visual Spot,,https://resized-media.entries.clios.com/companies/4977/media/fb60d9ac-4f83-4d99-9931-08ddcf598d69-thumbnail.0000000.jpg,https://clios.com/winners-gallery/details/200465,/awards/clio_entertainment/2025/campaigns/clockwork-nosferatu-av-squad-2025/
2025,Clio Entertaiment,Gift,Together,Bronze,United States,Requiem,Audio Visual Spot,Audio Visual Spot,,https://resized-media.entries.clios.com/companies/143294/media/821dfa73-75e4-4e8a-9b48-08ddcf598d69-thumbnail.0000000.jpg,https://clios.com/winners-gallery/details/201446,/awards/clio_entertainment/2025/campaigns/gift-together-requiem-2025/
2025,Clio Entertaiment,HIM Blessing 30,HIM,Bronze,United States,TRANSIT,Audio Visual Spot,Audio Visual Spot,,https://resized-media.entries.clios.com/companies/2123/media/f485d594-6815-4373-9cda-08ddcf598d69-thumbnail.0000000.jpg,https://clios.com/winners-gallery/details/201252,/awards/clio_entertainment/2025/campaigns/him-blessing-30-him-transit-2025/
2025,Clio Entertaiment,OK,Together,Bronze,United States,Requiem,Audio Visual Spot,Audio Visual Spot,,https://resized-media.entries.clios.com/companies/143294/media/bfe6d4a5-9804-48dd-9a6f-08ddcf598d69-thumbnail.0000000.jpg,https://clios.com/winners-gallery/details/200785,/awards/clio_entertainment/2025/campaigns/ok-together-requiem-2025-2/
2025,Clio Entertaiment,Party,Sinners,Bronze,United States,AV Squad,Audio Visual Spot,Audio Visual Spot,,https://resized-media.entries.clios.com/companies/4977/media/7fb7abcc-0d85-4816-9aed-08ddcf598d69-thumbnail.0000000.jpg,https://clios.com/winners-gallery/details/200918,/awards/clio_entertainment/2025/campaigns/party-sinners-av-squad-2025/
2025,Clio Entertaiment,Ozcapella,Wicked For Good,Bronze,United States,Inside Job,Audio Visual Spot,Audio Visual Spot,,https://resized-media.entries.clios.com/companies/5316/media/47d89aad-1508-4fe5-a6bf-08ddca1e8d72-thumbnail.0000000.jpg,https://clios.com/winners-gallery/details/202417,/awards/clio_entertainment/2025/campaigns/ozcapella-wicked-for-good-inside-job-2025/
2025,Clio Entertaiment,Miracle,F1 The Movie,Bronze,United States,AV Squad,Audio Visual Spot,Audio Visual Spot,,https://resized-media.entries.clios.com/companies/4977/media/78dad245-69e9-4ac1-ad83-08ddca1e8d72-thumbnail.0000000.jpg,https://clios.com/winners-gallery/details/202181,/awards/clio_entertainment/2025/campaigns/miracle-f1-the-movie-av-squad-2025/
2025,Clio Entertaiment,The Best,F1 The Movie,Bronze,United States,RAVE Collective,Audio Visual Spot,Audio Visual Spot,,https://resized-media.entries.clios.com/companies/143260/media/8ead019b-0a8b-44e9-4380-08dda8286ac6-thumbnail.0000000.jpg,https://clios.com/winners-gallery/details/195409,/awards/clio_entertainment/2025/campaigns/the-best-f1-the-movie-rave-collective-2025/
2025,Clio Entertaiment,Crackle,Mission Impossible – The Final Reckoning,Bronze,United States,AV Squad,Audio Visual Spot,Audio Visual Spot,,https://resized-media.entries.clios.com/companies/4977/media/bcc3096d-d9f8-45a8-a45d-08ddca1e8d72-thumbnail.0000000.jpg,https://clios.com/winners-gallery/details/200424,/awards/clio_entertainment/2025/campaigns/crackle-mission-impossible-the-final-reckoning-av-squad-2025/
2025,Clio Entertaiment,Away,A Minecraft Movie,Bronze,United States,Major Major,Audio Visual Teaser,Audio Visual Teaser,,https://resized-media.entries.clios.com/companies/4958/media/018ed11e-d508-4721-8543-08dda8280727-thumbnail.0000000.jpg,https://clios.com/winners-gallery/details/195380,/awards/clio_entertainment/2025/campaigns/away-a-minecraft-movie-major-major-2025/
2025,Clio Entertaiment,Castle,Lilo & Stitch,Bronze,United States,AV Squad,Audio Visual Teaser,Audio Visual Teaser,,https://resized-media.entries.clios.com/companies/4977/media/3793b8cc-3838-4cb4-a3ac-08ddca1e8d72-thumbnail.0000000.jpg,https://clios.com/winners-gallery/details/200149,/awards/clio_entertainment/2025/campaigns/castle-lilo-and-stitch-av-squad-2025/
2025,Clio Entertaiment,Bank Heist,The Naked Gun,Bronze,United States,Workshop Creative,Audio Visual Teaser,Audio Visual Teaser,,https://resized-media.entries.clios.com/companies/143769/media/1c1ea147-8a29-492d-a4f5-08ddca1e8d72-thumbnail.0000000.jpg,https://clios.com/winners-gallery/details/200594,/awards/clio_entertainment/2025/campaigns/bank-heist-the-naked-gun-workshop-creative-2025/
2025,Clio Entertaiment,Redband Teaser,Saturday Night,Bronze,United States,Sony Pictures,Audio Visual Teaser,Audio Visual Teaser,,https://resized-media.entries.clios.com/companies/143748/media/4c705fea-09c7-49f7-a1f7-08ddca1e8d72-thumbnail.0000000.jpg,https://clios.com/winners-gallery/details/199700,/awards/clio_entertainment/2025/campaigns/redband-teaser-saturday-night-sony-pictures-2025/
2025,Clio Entertaiment,Rise & Shine,One Battle After Another,Bronze,United States,Major Major,Audio Visual Teaser,Audio Visual Teaser,,https://resized-media.entries.clios.com/companies/4958/media/230e3d5c-c0d8-4f0b-43e3-08dda8286ac6-thumbnail.0000000.jpg,https://clios.com/winners-gallery/details/195691,/awards/clio_entertainment/2025/campaigns/rise-and-shine-one-battle-after-another-major-major-2025/
2025,Clio Entertaiment,The Brutalist – America,A24,Bronze,United States,Mark Woollen & Associates,Audio Visual Teaser,Audio Visual Teaser,,https://resized-media.entries.clios.com/companies/5374/media/d39f32b0-17ee-47ab-4351-08dda8286ac6-thumbnail.0000000.jpg,https://clios.com/winners-gallery/details/195343,/awards/clio_entertainment/2025/campaigns/the-brutalist-america-a24-mark-woollen-and-associates-2025-2/
2025,Clio Entertaiment,Frankenstein Vision,Frankenstein,Bronze,United States,GrandSon,Audio Visual Teaser,Audio Visual Teaser,,https://resized-media.entries.clios.com/companies/4926/media/e7371935-5520-45a5-a544-08ddcf598d69-thumbnail.0000000.jpg,https://clios.com/winners-gallery/details/194813,/awards/clio_entertainment/2025/campaigns/frankenstein-vision-frankenstein-grandson-2025/
2025,Clio Entertaiment,Dream,Nosferatu,Bronze,United States,AV Squad,Audio Visual Teaser,Audio Visual Teaser,,https://resized-media.entries.clios.com/companies/4977/media/86236b08-1cde-4aee-a498-08ddca1e8d72-thumbnail.0000000.jpg,https://clios.com/winners-gallery/details/200468,/awards/clio_entertainment/2025/campaigns/dream-nosferatu-av-squad-2025/
2025,Clio Entertaiment,Heat,Companion,Bronze,United States,ZEALOT,Audio Visual Teaser,Audio Visual Teaser,,https://resized-media.entries.clios.com/companies/2177/media/6a60d1af-3e9f-47d2-838d-08dda8280727-thumbnail.0000000.jpg,https://clios.com/winners-gallery/details/195018,/awards/clio_entertainment/2025/campaigns/heat-companion-zealot-2025/
2025,Clio Entertaiment,Love,Together,Bronze,United States,Requiem,Audio Visual Teaser,Audio Visual Teaser,,https://resized-media.entries.clios.com/companies/143294/media/88a68330-89bf-44d6-9f41-08ddbc6e7e05-thumbnail.0000000.jpg,https://clios.com/winners-gallery/details/196793,/awards/clio_entertainment/2025/campaigns/love-together-requiem-2025-2/
2025,Clio Entertaiment,Seen,Sinners,Bronze,United States,AV Squad,Audio Visual Teaser,Audio Visual Teaser,,https://resized-media.entries.clios.com/companies/4977/media/0d72db9e-df61-4370-9b07-08ddcf598d69-thumbnail.0000000.jpg,https://clios.com/winners-gallery/details/200934,/awards/clio_entertainment/2025/campaigns/seen-sinners-av-squad-2025-2/
2025,Clio Entertaiment,Icon,Anora,Bronze,United States,Inside Job,Audio Visual Teaser,Audio Visual Teaser,,https://resized-media.entries.clios.com/companies/5316/media/b3672de7-024b-422b-a5c3-08ddca1e8d72-thumbnail.0000000.jpg,https://clios.com/winners-gallery/details/200816,/awards/clio_entertainment/2025/campaigns/icon-anora-inside-job-2025/
2025,Clio Entertaiment,The Icon,M3gan 20,Bronze,United States,Inside Job,Audio Visual Teaser,Audio Visual Teaser,,https://resized-media.entries.clios.com/companies/5316/media/ead78070-f2c4-47ac-a6b6-08ddca1e8d72-thumbnail.0000000.jpg,https://clios.com/winners-gallery/details/201805,/awards/clio_entertainment/2025/campaigns/the-icon-m3gan-20-inside-job-2025/
2025,Clio Entertaiment,Fight,Superman,Bronze,United States,Wild Card Creative Group,Audio Visual Teaser,Audio Visual Teaser,,https://resized-media.entries.clios.com/companies/4522/media/4e312aea-414f-4608-9e3a-08ddbc6e7e05-thumbnail.0000000.jpg,https://clios.com/winners-gallery/details/193408,/awards/clio_entertainment/2025/campaigns/fight-superman-wild-card-creative-group-2025/
2025,Clio Entertaiment,Flow – Horizon,Sideshow-Janus,Bronze,United States,Mark Woollen & Associates,Audio Visual Trailer,Audio Visual Trailer,,https://resized-media.entries.clios.com/companies/5374/media/abceec1e-38ae-451a-840d-08dda8280727-thumbnail.0000000.jpg,https://clios.com/winners-gallery/details/195193,/awards/clio_entertainment/2025/campaigns/flow-horizon-sideshow-janus-mark-woollen-and-associates-2025/
2025,Clio Entertaiment,A Minecraft Movie - Trailer,A Minecraft Movie,Bronze,United States,Buddha Jones,Audio Visual Trailer,Audio Visual Trailer,,https://resized-media.entries.clios.com/companies/5221/media/0d58791b-c3ad-4f84-851f-08dda8280727-thumbnail.0000000.jpg,https://clios.com/winners-gallery/details/195546,/awards/clio_entertainment/2025/campaigns/a-minecraft-movie-trailer-a-minecraft-movie-buddha-jones-2025/
2025,Clio Entertaiment,Partners,Zootopia 2,Bronze,United States,Workshop Creative,Audio Visual Trailer,Audio Visual Trailer,,https://resized-media.entries.clios.com/companies/143769/media/b10d0450-82b2-4ae3-99a0-08ddcf598d69-thumbnail.0000000.jpg,https://clios.com/winners-gallery/details/200187,/awards/clio_entertainment/2025/campaigns/partners-zootopia-2-workshop-creative-2025/
2025,Clio Entertaiment,Sabotage,The Phoenician Scheme,Bronze,United States,Giaronomo,Audio Visual Trailer,Audio Visual Trailer,,https://resized-media.entries.clios.com/companies/143086/media/288124b8-56df-478a-3f16-08dda8286ac6-thumbnail.0000000.jpg,https://clios.com/winners-gallery/details/193383,/awards/clio_entertainment/2025/campaigns/sabotage-the-phoenician-scheme-giaronomo-2025/
2025,Clio Entertaiment,ENO,ENO,Bronze,United States,Jump Cut,Audio Visual Trailer,Audio Visual Trailer,,https://resized-media.entries.clios.com/companies/5214/media/c8a121a9-81d0-4053-42d6-08dda8286ac6-thumbnail.0000000.jpg,https://clios.com/winners-gallery/details/195124,/awards/clio_entertainment/2025/campaigns/eno-eno-jump-cut-2025/
2025,Clio Entertaiment,En Route,Warfare,Bronze,United States,AV Squad,Audio Visual Trailer,Audio Visual Trailer,,https://resized-media.entries.clios.com/companies/4977/media/ede69924-f269-4dd7-aacc-08ddca1e8d72-thumbnail.0000000.jpg,https://clios.com/winners-gallery/details/201481,/awards/clio_entertainment/2025/campaigns/en-route-warfare-av-squad-2025-2/
2025,Clio Entertaiment,Future,The Life of Chuck,Bronze,United States,Requiem,Audio Visual Trailer,Audio Visual Trailer,,https://resized-media.entries.clios.com/companies/143294/media/610af0f9-3ef1-4dda-9f4a-08ddbc6e7e05-thumbnail.0000000.jpg,https://clios.com/winners-gallery/details/196897,/awards/clio_entertainment/2025/campaigns/future-the-life-of-chuck-requiem-2025/
2025,Clio Entertaiment,Madhouse,September 5,Bronze,United States,AV Squad,Audio Visual Trailer,Audio Visual Trailer,,https://resized-media.entries.clios.com/companies/4977/media/d0a40345-21db-424d-a60e-08ddca1e8d72-thumbnail.0000000.jpg,https://clios.com/winners-gallery/details/200910,/awards/clio_entertainment/2025/campaigns/madhouse-september-5-av-squad-2025/
2025,Clio Entertaiment,Spark,A Complete Unknown,Bronze,United States,Wild Card Creative Group,Audio Visual Trailer,Audio Visual Trailer,,https://resized-media.entries.clios.com/companies/4522/media/08e811eb-035a-4632-9e32-08ddbc6e7e05-thumbnail.0000000.jpg,https://clios.com/winners-gallery/details/193356,/awards/clio_entertainment/2025/campaigns/spark-a-complete-unknown-wild-card-creative-group-2025/
2025,Clio Entertaiment,Strong Man,The Smashing Machine,Bronze,United States,Jax,Audio Visual Trailer,Audio Visual Trailer,,https://resized-media.entries.clios.com/companies/5183/media/4e4b3555-9d51-4ad8-a07f-08ddbc6e7e05-thumbnail.0000000.jpg,https://clios.com/winners-gallery/details/197229,/awards/clio_entertainment/2025/campaigns/strong-man-the-smashing-machine-jax-2025/
2025,Clio Entertaiment,Truth,Juror #2,Bronze,United States,Wild Card Creative Group,Audio Visual Trailer,Audio Visual Trailer,,https://resized-media.entries.clios.com/companies/4522/media/bfa60c21-0190-46bb-9e36-08ddbc6e7e05-thumbnail.0000000.jpg,https://clios.com/winners-gallery/details/193532,/awards/clio_entertainment/2025/campaigns/truth-juror-2-wild-card-creative-group-2025/
2025,Clio Entertaiment,Fantavision,The Fantastic Four First Steps,Bronze,United States,AV Squad,Audio Visual Trailer,Audio Visual Trailer,,https://resized-media.entries.clios.com/companies/4977/media/41a9abd6-3db7-48b2-9b5c-08ddcf598d69-thumbnail.0000000.jpg,https://clios.com/winners-gallery/details/201013,/awards/clio_entertainment/2025/campaigns/fantavision-the-fantastic-four-first-steps-av-squad-2025-4/
2025,Clio Entertaiment,For Good,Wicked For Good,Bronze,United States,Trailer Park a Trailer Park Group Company,Audio Visual Trailer,Audio Visual Trailer,,https://resized-media.entries.clios.com/companies/4579/media/cf4642d5-0ce1-43fe-9969-08ddcf598d69-thumbnail.0000000.jpg,https://clios.com/winners-gallery/details/202139,/awards/clio_entertainment/2025/campaigns/for-good-wicked-for-good-trailer-park-a-trailer-park-group-company-2025-2/
2025,Clio Entertaiment,Life,Mickey 17,Bronze,United States,Jax,Audio Visual Trailer,Audio Visual Trailer,,https://resized-media.entries.clios.com/companies/5183/media/74ebb862-4483-4e88-42b9-08ddbc3a4ea4-thumbnail.0000000.jpg,https://clios.com/winners-gallery/details/197242,/awards/clio_entertainment/2025/campaigns/life-mickey-17-jax-2025/
2025,Clio Entertaiment,The Glory,Thunderbolts*,Bronze,United States,Wild Card Creative Group,Audio Visual Trailer,Audio Visual Trailer,,https://resized-media.entries.clios.com/companies/4522/media/46adfbab-c05f-48d2-408f-08ddbc3a4ea4-thumbnail.0000000.jpg,https://clios.com/winners-gallery/details/193611,/awards/clio_entertainment/2025/campaigns/the-glory-thunderbolts-wild-card-creative-group-2025-2/
2025,Clio Entertaiment,Choice,Heretic,Bronze,United States,AV Squad,Audio Visual Trailer,Audio Visual Trailer,,https://resized-media.entries.clios.com/companies/4977/media/f920d1b8-27fd-4049-9fd5-08ddcf598d69-thumbnail.0000000.jpg,https://clios.com/winners-gallery/details/201725,/awards/clio_entertainment/2025/campaigns/choice-heretic-av-squad-2025/
2025,Clio Entertaiment,Devourance H,Nosferatu,Bronze,United States,Wild Card Creative Group,Audio Visual Trailer,Audio Visual Trailer,,https://resized-media.entries.clios.com/companies/4522/media/5ad4789a-af9b-4ad8-4082-08ddbc3a4ea4-thumbnail.0000000.jpg,https://clios.com/winners-gallery/details/193556,/awards/clio_entertainment/2025/campaigns/devourance-h-nosferatu-wild-card-creative-group-2025/
2025,Clio Entertaiment,Magic,Sinners,Bronze,United States,AV Squad,Audio Visual Trailer,Audio Visual Trailer,,https://resized-media.entries.clios.com/companies/4977/media/0ec9971f-a22f-4acb-9aea-08ddcf598d69-thumbnail.0000000.jpg,https://clios.com/winners-gallery/details/200915,/awards/clio_entertainment/2025/campaigns/magic-sinners-av-squad-2025-2/
2025,Clio Entertaiment,Big Bucks,The Luckiest Man in America,Bronze,United States,ZEALOT,Audio Visual Trailer,Audio Visual Trailer,,https://resized-media.entries.clios.com/companies/2177/media/bc3a2037-8ac5-4e69-420b-08ddbc3a4ea4-thumbnail.0000000.jpg,https://clios.com/winners-gallery/details/197100,/awards/clio_entertainment/2025/campaigns/big-bucks-the-luckiest-man-in-america-zealot-2025/
2025,Clio Entertaiment,Favorite Person,A Real Pain,Bronze,United States,Motive,Audio Visual Trailer,Audio Visual Trailer,,https://resized-media.entries.clios.com/companies/4587/media/7afb5f52-e8e9-4218-477e-08ddbc3a4ea4-thumbnail.0000000.jpg,https://clios.com/winners-gallery/details/195015,/awards/clio_entertainment/2025/campaigns/favorite-person-a-real-pain-motive-2025/
2025,Clio Entertaiment,If I Had Legs Id Kick You Control,If I Had Legs Id Kick You,Bronze,United States,GrandSon,Audio Visual Trailer,Audio Visual Trailer,,https://resized-media.entries.clios.com/companies/4926/media/150e52cc-21e9-48ae-acf7-08ddca1e8d72-thumbnail.0000000.jpg,https://clios.com/winners-gallery/details/202350,/awards/clio_entertainment/2025/campaigns/if-i-had-legs-id-kick-you-control-if-i-had-legs-id-kick-you-grandson-2025/
2025,Clio Entertaiment,Splitsville Good Times,Splitsville,Bronze,United States,GrandSon,Audio Visual Trailer,Audio Visual Trailer,,https://resized-media.entries.clios.com/companies/4926/media/6851742a-fd0e-4e48-a33a-08ddca1e8d72-thumbnail.0000000.jpg,https://clios.com/winners-gallery/details/195100,/awards/clio_entertainment/2025/campaigns/splitsville-good-times-splitsville-grandson-2025/
2025,Clio Entertaiment,I Swear,StudioCanal,Bronze,United Kingdom,Silk Factory,Audio Visual Trailer,Audio Visual Trailer,,https://resized-media.entries.clios.com/companies/143610/media/50a461c3-cf2d-450a-a583-08ddca1e8d72-thumbnail.0000000.jpg,https://clios.com/winners-gallery/details/199566,/awards/clio_entertainment/2025/campaigns/i-swear-studiocanal-silk-factory-2025/
2025,Clio Entertaiment,Kings,Los Frikis,Bronze,United States,Major Major,Audio Visual Trailer,Audio Visual Trailer,,https://resized-media.entries.clios.com/companies/4958/media/bb2eda6e-b77d-4814-43ec-08dda8286ac6-thumbnail.0000000.jpg,https://clios.com/winners-gallery/details/195278,/awards/clio_entertainment/2025/campaigns/kings-los-frikis-major-major-2025/
2025,Clio Entertaiment,Marching Powder,True Brit,Bronze,United Kingdom,Silk Factory,Audio Visual Trailer,Audio Visual Trailer,,https://resized-media.entries.clios.com/companies/143610/media/f5761b49-31a1-46f3-a5ad-08ddca1e8d72-thumbnail.0000000.jpg,https://clios.com/winners-gallery/details/200804,/awards/clio_entertainment/2025/campaigns/marching-powder-true-brit-silk-factory-2025/
2025,Clio Entertaiment,Simple,Eddington,Bronze,United States,AV Squad,Audio Visual Trailer,Audio Visual Trailer,,https://resized-media.entries.clios.com/companies/4977/media/e19b76d0-60a7-4633-a8ab-08ddca1e8d72-thumbnail.0000000.jpg,https://clios.com/winners-gallery/details/201352,/awards/clio_entertainment/2025/campaigns/simple-eddington-av-squad-2025/
2025,Clio Entertaiment,Musical Event,Wicked,Bronze,United States,Major Major,Audio Visual Trailer,Audio Visual Trailer,,https://resized-media.entries.clios.com/companies/4958/media/df3458fc-232f-4d6f-43f4-08dda8286ac6-thumbnail.0000000.jpg,https://clios.com/winners-gallery/details/195634,/awards/clio_entertainment/2025/campaigns/musical-event-wicked-major-major-2025/
2025,Clio Entertaiment,FLY,National Geographic,Bronze,United States,National Geographic,Audio Visual Trailer,Audio Visual Trailer,,https://resized-media.entries.clios.com/companies/4339/media/f8f2954d-2fe1-45ad-3ffb-08ddbc3a4ea4-thumbnail.0000000.jpg,https://clios.com/winners-gallery/details/196480,/awards/clio_entertainment/2025/campaigns/fly-national-geographic-national-geographic-2025/
2025,Clio Entertaiment,Certainty,Mission Impossible – The Final Reckoning,Bronze,United States,AV Squad,Audio Visual Trailer,Audio Visual Trailer,,https://resized-media.entries.clios.com/companies/4977/media/74f7d161-5668-4c38-98f8-08ddcf598d69-thumbnail.0000000.jpg,https://clios.com/winners-gallery/details/200418,/awards/clio_entertainment/2025/campaigns/certainty-mission-impossible-the-final-reckoning-av-squad-2025-2/
2025,Clio Entertaiment,Survive,Superman,Bronze,United States,Wild Card Creative Group,Audio Visual Trailer,Audio Visual Trailer,,https://resized-media.entries.clios.com/companies/4522/media/f87ab143-1c19-4f1a-4579-08ddbc3a4ea4-thumbnail.0000000.jpg,https://clios.com/winners-gallery/details/193409,/awards/clio_entertainment/2025/campaigns/survive-superman-wild-card-creative-group-2025-2/
2025,Clio Entertaiment,The FanTASTEic 4! - Marvel Studios Fantastic Four - Pop-Tarts,The Walt Disney Company,Bronze,United States,The Walt Disney Company,Branded Entertainment & Content,Brand Promo,,https://resized-media.entries.clios.com/companies/5365/media/f05c9e7c-d7ab-4c14-5dac-08ddda7db5d2-thumbnail.0000000.jpg,https://clios.com/winners-gallery/details/201460,/awards/clio_entertainment/2025/campaigns/the-fantasteic-4-marvel-studios-fantastic-four-pop-tarts-the-walt-disney-company-the-walt-disney-company-2025/
2025,Clio Entertaiment,Lilo & Stitch Havoc on the Carpet,Walt Disney Studios,Bronze,United States,Substance Global,Branded Entertainment & Content,Digital Mobile & Social Media,,https://resized-media.entries.clios.com/companies/143456/media/42a8b0a3-acc0-40dd-4417-08ddbc3a4ea4-medium.png.webp,https://clios.com/winners-gallery/details/197503,/awards/clio_entertainment/2025/campaigns/lilo-and-stitch-havoc-on-the-carpet-walt-disney-studios-substance-global-2025/
2025,Clio Entertaiment,Stitch Breaks The Internet,Lilo & Stitch,Bronze,United States,Walt Disney Studios,Branded Entertainment & Content,Digital Mobile & Social Media,,https://resized-media.entries.clios.com/companies/143312/media/f29866a6-ed26-4fda-a031-08ddbc6e7e05-thumbnail.0000000.jpg,https://clios.com/winners-gallery/details/197225,/awards/clio_entertainment/2025/campaigns/stitch-breaks-the-internet-lilo-and-stitch-walt-disney-studios-2025-2/
2025,Clio Entertaiment,ESPN x WB Superman - Supermans Day Off,ESPN and WB Superman,Bronze,United States,Disney CreativeWorks,Branded Entertainment & Content,Influencer & Talent Storytelling,,https://resized-media.entries.clios.com/companies/1911/media/4ad66fed-5603-45f9-ad58-08ddca1e8d72-medium.jpg.webp,https://clios.com/winners-gallery/details/202091,/awards/clio_entertainment/2025/campaigns/espn-x-wb-superman-supermans-day-off-espn-and-wb-superman-disney-creativeworks-2025/
2025,Clio Entertaiment,The Bachelorette x Marvel Studios’ Deadpool & Wolverine,Marvel Studios’ Deadpool & Wolverine,Bronze,United States,Disney CreativeWorks,Branded Entertainment & Content,Influencer & Talent Storytelling,,https://resized-media.entries.clios.com/companies/1911/media/95f6cd4d-01ed-417f-a268-08ddcf598d69-medium.png.webp,https://clios.com/winners-gallery/details/202234,/awards/clio_entertainment/2025/campaigns/the-bachelorette-x-marvel-studios-deadpool-and-wolverine-marvel-studios-deadpool-and-wolverine-disney-creativeworks-20-3/
2025,Clio Entertaiment,The Bachelorette x Warner Bros Beetlejuice Beetlejuice,The Bachelorette and Warner Bros Beetlejuice Beetlejuice,Bronze,United States,Disney CreativeWorks,Branded Entertainment & Content,Influencer & Talent Storytelling,,https://resized-media.entries.clios.com/companies/1911/media/cdbd2b6e-2fd9-4619-adf2-08ddca1e8d72-medium.png.webp,https://clios.com/winners-gallery/details/203456,/awards/clio_entertainment/2025/campaigns/the-bachelorette-x-warner-bros-beetlejuice-beetlejuice-the-bachelorette-and-warner-bros-beetlejuice-beetlejuice-disney-c/
2025,Clio Entertaiment,Mission Impossible - Get Ethan to the finish line!,Mission Impossible - The Final Reckoning,Bronze,United States,Paramount Pictures,Branded Entertainment & Content,New Reality,,https://resized-media.entries.clios.com/companies/5342/media/e4564b2b-3f23-4b5d-a2c6-08ddcf598d69-medium.png.webp,https://clios.com/winners-gallery/details/202466,/awards/clio_entertainment/2025/campaigns/mission-impossible-get-ethan-to-the-finish-line-mission-impossible-the-final-reckoning-paramount-pictures-2025/
2025,Clio Entertaiment,Fisher x Bob Marley One Love,Paramount Pictures Australia,Bronze,Australia,Hello Social,Creative Effectiveness,Digital Mobile & Social Media,,https://resized-media.entries.clios.com/companies/143803/media/6affffe3-e218-4a69-9eb8-08ddcf598d69-thumbnail.0000000.jpg,https://clios.com/winners-gallery/details/201537,/awards/clio_entertainment/2025/campaigns/fisher-x-bob-marley-one-love-paramount-pictures-australia-hello-social-2025/
2025,Clio Entertaiment,Venom The Last Dance,Sony,Bronze,United States,Imaginary Forces,Design,Main Title & Credits,,https://resized-media.entries.clios.com/companies/4538/media/603729a2-d842-470d-84b3-08dda8280727-medium.jpg.webp,https://clios.com/winners-gallery/details/195391,/awards/clio_entertainment/2025/campaigns/venom-the-last-dance-sony-imaginary-forces-2025/
2025,Clio Entertaiment,Touch,F1 The Movie,Bronze,United States,AV Squad,Digital Mobile & Social Media,Digital & Mobile,Augmented Mixed Virtual Reality,https://resized-media.entries.clios.com/companies/4977/media/c9cc3b62-c85d-4a8d-acda-08ddca1e8d72-thumbnail.0000000.jpg,https://clios.com/winners-gallery/details/202030,/awards/clio_entertainment/2025/campaigns/touch-f1-the-movie-av-squad-2025-2/
2025,Clio Entertaiment,A Real Pain Banner Takeover,Searchlight Pictures,Bronze,United States,Searchlight Pictures,Digital Mobile & Social Media,Digital & Mobile,Banners Disruptors Takeovers,https://resized-media.entries.clios.com/companies/4773/media/a4577b81-bf65-411b-97da-08ddcf598d69-medium.png.webp,https://clios.com/winners-gallery/details/198906,/awards/clio_entertainment/2025/campaigns/a-real-pain-banner-takeover-searchlight-pictures-searchlight-pictures-2025/
2025,Clio Entertaiment,F1 The Movie BTS Social Series,F1 The Movie,Bronze,United States,Future Time Pictures Ltd,Digital Mobile & Social Media,Social Media,Long-Form Social Media Video,https://resized-media.entries.clios.com/companies/143722/media/c9d5cb5b-9c00-4105-9e02-08ddcf598d69-medium.png.webp,https://clios.com/winners-gallery/details/201400,/awards/clio_entertainment/2025/campaigns/f1-the-movie-bts-social-series-f1-the-movie-future-time-pictures-ltd-2025/
2025,Clio Entertaiment,Inside Out 2 | YouTube Ambient Room,Pixar,Bronze,United States,The Walt Disney Studios,Digital Mobile & Social Media,Social Media,Long-Form Social Media Video,https://resized-media.entries.clios.com/companies/2899/media/d02459f2-649b-4599-86ca-08dda8280727-medium.png.webp,https://clios.com/winners-gallery/details/196367,/awards/clio_entertainment/2025/campaigns/inside-out-2-youtube-ambient-room-pixar-the-walt-disney-studios-2025/
2025,Clio Entertaiment,The Conjuring Last Rites 12 Years 12 Fears,Warner Bros,Bronze,United States,Trailer Park Group,Digital Mobile & Social Media,Social Media,Long-Form Social Media Video,https://resized-media.entries.clios.com/companies/5334/media/af23ea89-331a-4f4f-5d40-08ddda7db5d2-medium.png.webp,https://clios.com/winners-gallery/details/202600,/awards/clio_entertainment/2025/campaigns/the-conjuring-last-rites-12-years-12-fears-warner-bros-trailer-park-group-2025/
2025,Clio Entertaiment,Wicked Do Us Good,Universal,Bronze,United States,SunnyBoy Entertainment,Digital Mobile & Social Media,Social Media,Long-Form Social Media Video,https://resized-media.entries.clios.com/companies/5207/media/02a766ee-b028-462d-fe26-08ddda84979b-medium.png.webp,https://clios.com/winners-gallery/details/202137,/awards/clio_entertainment/2025/campaigns/wicked-do-us-good-universal-sunnyboy-entertainment-2025/
2025,Clio Entertaiment,Inside Out 2 | Social Campaign,Pixar,Bronze,United States,The Walt Disney Studios,Digital Mobile & Social Media,Social Media,Mixed Campaign,https://resized-media.entries.clios.com/companies/2899/media/204b4629-7101-4a17-4004-08ddbc3a4ea4-medium.jpg.webp,https://clios.com/winners-gallery/details/196496,/awards/clio_entertainment/2025/campaigns/inside-out-2-social-campaign-pixar-the-walt-disney-studios-2025/
2025,Clio Entertaiment,MORE THAN PROGRAMMING,THE WILD ROBOT,Bronze,United States,eclipse,Digital Mobile & Social Media,Social Media,Mixed Campaign,https://resized-media.entries.clios.com/companies/4952/media/29783b06-5de3-470e-b0a6-08ddca1e8d72-medium.png.webp,https://clios.com/winners-gallery/details/200586,/awards/clio_entertainment/2025/campaigns/more-than-programming-the-wild-robot-eclipse-2025/
2025,Clio Entertaiment,Social Digital Campaign,Materialists,Bronze,United States,Motive,Digital Mobile & Social Media,Social Media,Mixed Campaign,https://resized-media.entries.clios.com/companies/4587/media/37c398b9-ad57-46cc-475d-08ddbc3a4ea4-medium.png.webp,https://clios.com/winners-gallery/details/195411,/awards/clio_entertainment/2025/campaigns/social-digital-campaign-materialists-motive-2025/
2025,Clio Entertaiment,A Minecraft Movie - Social Campaign,A Minecraft Movie,Bronze,United States,Buddha Jones,Digital Mobile & Social Media,Social Media,Organic Social Media Post,https://resized-media.entries.clios.com/companies/5221/media/7d37e91c-bb30-4719-40fb-08ddbc3a4ea4-medium.jpg.webp,https://clios.com/winners-gallery/details/195574,/awards/clio_entertainment/2025/campaigns/a-minecraft-movie-social-campaign-a-minecraft-movie-buddha-jones-2025/
2025,Clio Entertaiment,Final Destination Bloodlines Organic Social,Warner Bros,Bronze,United States,Trailer Park Group,Digital Mobile & Social Media,Social Media,Organic Social Media Post,https://resized-media.entries.clios.com/companies/5334/media/4a48de6f-6505-48ef-f97a-08ddda84979b-medium.png.webp,https://clios.com/winners-gallery/details/202326,/awards/clio_entertainment/2025/campaigns/final-destination-bloodlines-organic-social-warner-bros-trailer-park-group-2025/
2025,Clio Entertaiment,Match Cut,Weapons,Bronze,United States,AV Squad,Digital Mobile & Social Media,Social Media,Organic Social Media Post,https://resized-media.entries.clios.com/companies/4977/media/60dc13b1-a5a4-4a75-abe3-08ddca1e8d72-medium.jpg.webp,https://clios.com/winners-gallery/details/201867,/awards/clio_entertainment/2025/campaigns/match-cut-weapons-av-squad-2025/
2025,Clio Entertaiment,Stitch Auditions for National Geographic,Lilo & Stitch,Bronze,United States,National Geographic,Digital Mobile & Social Media,Social Media,Organic Social Media Post,https://resized-media.entries.clios.com/companies/4339/media/2ad495b0-76e1-422b-403f-08ddbc3a4ea4-medium.png.webp,https://clios.com/winners-gallery/details/196556,/awards/clio_entertainment/2025/campaigns/stitch-auditions-for-national-geographic-lilo-and-stitch-national-geographic-2025/
2025,Clio Entertaiment,A Minecraft Movie Be Mine Digital,A Minecraft Movie,Bronze,United States,Buddha Jones,Digital Mobile & Social Media,Social Media,Paid Social Media Post,https://resized-media.entries.clios.com/companies/5221/media/e881f8a2-c683-4a72-9ebd-08ddbc6e7e05-medium.jpg.webp,https://clios.com/winners-gallery/details/196835,/awards/clio_entertainment/2025/campaigns/a-minecraft-movie-be-mine-digital-a-minecraft-movie-buddha-jones-2025/
2025,Clio Entertaiment,Break,Nobody 2,Bronze,United States,AV Squad,Digital Mobile & Social Media,Social Media,Paid Social Media Post,https://resized-media.entries.clios.com/companies/4977/media/7cd14f8e-e030-4634-acad-08ddca1e8d72-medium.png.webp,https://clios.com/winners-gallery/details/202010,/awards/clio_entertainment/2025/campaigns/break-nobody-2-av-squad-2025/
2025,Clio Entertaiment,Mission Impossible – The Final Reckoning Social Media Campaign,Mission Impossible – The Final Reckoning,Bronze,United States,AV Squad,Digital Mobile & Social Media,Social Media,Paid Social Media Post,https://resized-media.entries.clios.com/companies/4977/media/ddbe4844-c931-4df4-ad45-08ddca1e8d72-medium.png.webp,https://clios.com/winners-gallery/details/201978,/awards/clio_entertainment/2025/campaigns/mission-impossible-the-final-reckoning-social-media-campaign-mission-impossible-the-final-reckoning-av-squad-2025/
2025,Clio Entertaiment,Social Takes Flight,How to Train Your Dragon,Bronze,United States,BOND,Digital Mobile & Social Media,Social Media,Paid Social Media Post,https://resized-media.entries.clios.com/companies/4830/media/81671ce0-6783-4ed1-a836-08ddca1e8d72-medium.jpg.webp,https://clios.com/winners-gallery/details/200557,/awards/clio_entertainment/2025/campaigns/social-takes-flight-how-to-train-your-dragon-bond-2025/
2025,Clio Entertaiment,ALIEN ROMULUS SOCIAL CAMPAIGN,ALIEN ROMULUS 20TH CENTURY STUDIOS,Bronze,United States,Intermission Film,Digital Mobile & Social Media,Social Media,Short-Form Social Media Video,https://resized-media.entries.clios.com/companies/4869/media/f50d3b69-f531-4b51-3fb7-08dda8286ac6-medium.png.webp,https://clios.com/winners-gallery/details/194324,/awards/clio_entertainment/2025/campaigns/alien-romulus-social-campaign-alien-romulus-20th-century-studios-intermission-film-2025/
2025,Clio Entertaiment,Do See,Paddington In Peru,Bronze,United States,Ignition Creative,Digital Mobile & Social Media,Social Media,Short-Form Social Media Video,https://resized-media.entries.clios.com/companies/869/media/cd4baffa-0ce8-4ff2-850a-08dda8280727-medium.png.webp,https://clios.com/winners-gallery/details/195507,/awards/clio_entertainment/2025/campaigns/do-see-paddington-in-peru-ignition-creative-2025/
2025,Clio Entertaiment,Inside Out 2 | Characters of Inside Out 2 are Chronically Online,Pixar,Bronze,United States,The Walt Disney Studios,Digital Mobile & Social Media,Social Media,Short-Form Social Media Video,https://resized-media.entries.clios.com/companies/2899/media/af2eb8f7-77b9-4370-a5fe-08ddca1e8d72-medium.png.webp,https://clios.com/winners-gallery/details/200000,/awards/clio_entertainment/2025/campaigns/inside-out-2-characters-of-inside-out-2-are-chronically-online-pixar-the-walt-disney-studios-2025/
2025,Clio Entertaiment,Mickey 17 Social Media Campaign,Mickey 17,Bronze,United States,Tiny Hero,Digital Mobile & Social Media,Social Media,Short-Form Social Media Video,https://resized-media.entries.clios.com/companies/4875/media/f5296de8-5679-484b-5f40-08ddda7db5d2-thumbnail.0000000.jpg,https://clios.com/winners-gallery/details/199527,/awards/clio_entertainment/2025/campaigns/mickey-17-social-media-campaign-mickey-17-tiny-hero-2025/
2025,Clio Entertaiment,Moana 2 | Moana and Maui Discover a Phone on Motunui,Walt Disney Animation Studios,Bronze,United States,The Walt Disney Studios,Digital Mobile & Social Media,Social Media,Short-Form Social Media Video,https://resized-media.entries.clios.com/companies/2899/media/2bd3a16d-2bda-421e-9ec5-08ddbc6e7e05-medium.png.webp,https://clios.com/winners-gallery/details/196377,/awards/clio_entertainment/2025/campaigns/moana-2-moana-and-maui-discover-a-phone-on-motunui-walt-disney-animation-studios-the-walt-disney-studios-2025/
2025,Clio Entertaiment,Napolean Dynamite Dance,Searchlight Brand Social Media,Bronze,United States,Tiny Hero,Digital Mobile & Social Media,Social Media,Short-Form Social Media Video,https://resized-media.entries.clios.com/companies/4875/media/5cccbfc7-fc9d-4e75-a53c-08ddca1e8d72-medium.jpg.webp,https://clios.com/winners-gallery/details/200671,/awards/clio_entertainment/2025/campaigns/napolean-dynamite-dance-searchlight-brand-social-media-tiny-hero-2025/
2025,Clio Entertaiment,Scrapbook,Searchlight Brand Social Media,Bronze,United States,Tiny Hero,Digital Mobile & Social Media,Social Media,Short-Form Social Media Video,https://resized-media.entries.clios.com/companies/4875/media/a4de4c2d-7f7f-4492-9a13-08ddcf598d69-medium.jpg.webp,https://clios.com/winners-gallery/details/200681,/awards/clio_entertainment/2025/campaigns/scrapbook-searchlight-brand-social-media-tiny-hero-2025/
2025,Clio Entertaiment,Social Digital Campaign,A Real Pain,Bronze,United States,Motive,Digital Mobile & Social Media,Social Media,Short-Form Social Media Video,https://resized-media.entries.clios.com/companies/4587/media/d9f277fc-70bd-400e-4678-08ddbc3a4ea4-medium.png.webp,https://clios.com/winners-gallery/details/195423,/awards/clio_entertainment/2025/campaigns/social-digital-campaign-a-real-pain-motive-2025/
2025,Clio Entertaiment,Spin Cycle,Mickey 17,Bronze,United States,Tiny Hero,Digital Mobile & Social Media,Social Media,Short-Form Social Media Video,https://resized-media.entries.clios.com/companies/4875/media/c57a4238-8c30-438d-a157-08ddca1e8d72-medium.jpg.webp,https://clios.com/winners-gallery/details/199640,/awards/clio_entertainment/2025/campaigns/spin-cycle-mickey-17-tiny-hero-2025/
2025,Clio Entertaiment,Thunderbolts* Social Media Campaign,Thunderbolts*,Bronze,United States,Tiny Hero,Digital Mobile & Social Media,Social Media,Short-Form Social Media Video,https://resized-media.entries.clios.com/companies/4875/media/7ab40c91-db16-4934-fd8d-08ddda84979b-thumbnail.0000000.jpg,https://clios.com/winners-gallery/details/199794,/awards/clio_entertainment/2025/campaigns/thunderbolts-social-media-campaign-thunderbolts-tiny-hero-2025/
2025,Clio Entertaiment,Nice Knowing You,Mickey 17,Bronze,United States,Tiny Hero,Digital Mobile & Social Media Craft,Editing,,https://resized-media.entries.clios.com/companies/4875/media/c229d986-693c-4aa5-a15c-08ddca1e8d72-medium.jpg.webp,https://clios.com/winners-gallery/details/199628,/awards/clio_entertainment/2025/campaigns/nice-knowing-you-mickey-17-tiny-hero-2025/
2025,Clio Entertaiment,The Bad Guys 2 - Mr Shark Week,The Bad Guys 2,Bronze,United States,Home Brew Agency,Digital Mobile & Social Media Craft,Graphic Design,,https://resized-media.entries.clios.com/companies/143747/media/d89fc731-6c50-40e7-a164-08ddcf598d69-medium.jpg.webp,https://clios.com/winners-gallery/details/199717,/awards/clio_entertainment/2025/campaigns/the-bad-guys-2-mr-shark-week-the-bad-guys-2-home-brew-agency-2025/
2025,Clio Entertaiment,Napolean Dynamite Dance,Searchlight Brand Social Media,Bronze,United States,Tiny Hero,Digital Mobile & Social Media Craft,Motion Graphics,,https://resized-media.entries.clios.com/companies/4875/media/5cccbfc7-fc9d-4e75-a53c-08ddca1e8d72-medium.jpg.webp,https://clios.com/winners-gallery/details/200673,/awards/clio_entertainment/2025/campaigns/napolean-dynamite-dance-searchlight-brand-social-media-tiny-hero-2025-2/
2025,Clio Entertaiment,Nice Knowing You,Mickey 17,Bronze,United States,Tiny Hero,Digital Mobile & Social Media Craft,Motion Graphics,,https://resized-media.entries.clios.com/companies/4875/media/c229d986-693c-4aa5-a15c-08ddca1e8d72-medium.jpg.webp,https://clios.com/winners-gallery/details/199629,/awards/clio_entertainment/2025/campaigns/nice-knowing-you-mickey-17-tiny-hero-2025-2/
2025,Clio Entertaiment,Phone,Lilo & Stitch,Bronze,United States,ZEALOT,Digital Mobile & Social Media Craft,Motion Graphics,,https://resized-media.entries.clios.com/companies/2177/media/f45be427-55d5-49ae-a0a2-08ddcf598d69-medium.jpg.webp,https://clios.com/winners-gallery/details/200815,/awards/clio_entertainment/2025/campaigns/phone-lilo-and-stitch-zealot-2025/
2025,Clio Entertaiment,Sinister Storybook,The Woman in the Yard,Bronze,United States,Westbound Creative Inc,Digital Mobile & Social Media Craft,Motion Graphics,,https://resized-media.entries.clios.com/companies/4886/media/abd783d1-304d-4903-ab7d-08ddca1e8d72-medium.jpg.webp,https://clios.com/winners-gallery/details/200106,/awards/clio_entertainment/2025/campaigns/sinister-storybook-the-woman-in-the-yard-westbound-creative-inc-2025/
2025,Clio Entertaiment,Smile 2 - Spinning Record,Paramount,Bronze,United States,Concept Arts,Digital Mobile & Social Media Craft,Motion Graphics,,https://resized-media.entries.clios.com/companies/4702/media/fa9c1312-34a1-4a22-8658-08dda8280727-medium.png.webp,https://clios.com/winners-gallery/details/196161,/awards/clio_entertainment/2025/campaigns/smile-2-spinning-record-paramount-concept-arts-2025/
2025,Clio Entertaiment,The Bachelorette x Marvel Studios’ Deadpool & Wolverine,Marvel Studios’ Deadpool & Wolverine,Bronze,United States,Disney CreativeWorks,Fan Engagement,Audio Visual,,https://resized-media.entries.clios.com/companies/1911/media/95f6cd4d-01ed-417f-a268-08ddcf598d69-medium.png.webp,https://clios.com/winners-gallery/details/202231,/awards/clio_entertainment/2025/campaigns/the-bachelorette-x-marvel-studios-deadpool-and-wolverine-marvel-studios-deadpool-and-wolverine-disney-creativeworks-20-4/
2025,Clio Entertaiment,Touch,F1 The Movie,Bronze,United States,AV Squad,Fan Engagement,Digital & Mobile,,https://resized-media.entries.clios.com/companies/4977/media/c9cc3b62-c85d-4a8d-acda-08ddca1e8d72-thumbnail.0000000.jpg,https://clios.com/winners-gallery/details/202031,/awards/clio_entertainment/2025/campaigns/touch-f1-the-movie-av-squad-2025-3/
2025,Clio Entertaiment,Mickey 17 Streamer Respawns,Mickey 17 - Warner Bros,Bronze,United States,Amazon Ads,Innovation,Innovation,,https://resized-media.entries.clios.com/companies/5291/media/f99e0529-9b6b-487c-a23d-08ddcf598d69-medium.png.webp,https://clios.com/winners-gallery/details/202132,/awards/clio_entertainment/2025/campaigns/mickey-17-streamer-respawns-mickey-17-warner-bros-amazon-ads-2025-2/
2025,Clio Entertaiment,Touch,F1 The Movie,Bronze,United States,AV Squad,Innovation,Innovation,,https://resized-media.entries.clios.com/companies/4977/media/c9cc3b62-c85d-4a8d-acda-08ddca1e8d72-thumbnail.0000000.jpg,https://clios.com/winners-gallery/details/202032,/awards/clio_entertainment/2025/campaigns/touch-f1-the-movie-av-squad-2025-4/
2025,Clio Entertaiment,28 Years Later - Integrated Campaign,Sony Pictures Entertainment,Bronze,United States,Sony Pictures Entertainment,Integrated Campaign,Integrated Campaign,,https://resized-media.entries.clios.com/companies/5160/media/d2e1a4d9-d03d-4599-b107-08ddca1e8d72-medium.jpg.webp,https://clios.com/winners-gallery/details/199619,/awards/clio_entertainment/2025/campaigns/28-years-later-integrated-campaign-sony-pictures-entertainment-sony-pictures-entertainment-2025/
2025,Clio Entertaiment,Terrifier 3- Integrated Marketing,Cineverse,Bronze,United States,Cineverse,Integrated Campaign,Integrated Campaign,,https://resized-media.entries.clios.com/companies/5648/media/dfdbe879-ca6f-4f0b-5e97-08ddda7db5d2-medium.jpg.webp,https://clios.com/winners-gallery/details/199627,/awards/clio_entertainment/2025/campaigns/terrifier-3-integrated-marketing-cineverse-cineverse-2025/
2025,Clio Entertaiment,THE MONKEY - Integrated Campaign,NEON,Bronze,United States,NEON,Integrated Campaign,Integrated Campaign,,https://resized-media.entries.clios.com/companies/143796/media/a30e826f-0af3-4727-5fa5-08ddda7db5d2-medium.jpg.webp,https://clios.com/winners-gallery/details/201740,/awards/clio_entertainment/2025/campaigns/the-monkey-integrated-campaign-neon-neon-2025/
2025,Clio Entertaiment,Mickey 17 - 4DX Art,Warner Bros,Bronze,United States,AV Print,Key Art,‌Other,,https://resized-media.entries.clios.com/companies/143418/media/c3260db8-3c9c-4b2c-9e06-08ddcf598d69-medium.jpg.webp,https://clios.com/winners-gallery/details/201464,/awards/clio_entertainment/2025/campaigns/mickey-17-4dx-art-warner-bros-av-print-2025/
2025,Clio Entertaiment,Nosferatu Character Banners,Focus Features,Bronze,United States,P-A,Key Art,Character Poster,,https://resized-media.entries.clios.com/companies/5182/media/ea035348-4ab3-447e-411b-08ddbc3a4ea4-medium.jpg.webp,https://clios.com/winners-gallery/details/196687,/awards/clio_entertainment/2025/campaigns/nosferatu-character-banners-focus-features-p-a-2025/
2025,Clio Entertaiment,The Phoenician Scheme,The Phoenician Scheme,Bronze,United States,BLT Communications,Key Art,Character Poster,,https://resized-media.entries.clios.com/companies/4715/media/be69a0b4-258a-4d73-8455-08dda8280727-medium.jpg.webp,https://clios.com/winners-gallery/details/195271,/awards/clio_entertainment/2025/campaigns/the-phoenician-scheme-the-phoenician-scheme-blt-communications-2025/
2025,Clio Entertaiment,Between Goodbyes,Jjigae Productions,Bronze,United States,Célie Cadieux,Key Art,Domestic Poster,,https://resized-media.entries.clios.com/companies/4927/media/e5b453b2-0e72-44bf-816d-08dda8280727-medium.jpg.webp,https://clios.com/winners-gallery/details/194518,/awards/clio_entertainment/2025/campaigns/between-goodbyes-jjigae-productions-celie-cadieux-2025/
2025,Clio Entertaiment,Campaign,F1,Bronze,United States,MOCEAN,Key Art,Domestic Poster,,https://resized-media.entries.clios.com/companies/813/media/d0b78d15-9701-43d5-8065-08dda8280727-medium.jpg.webp,https://clios.com/winners-gallery/details/194229,/awards/clio_entertainment/2025/campaigns/campaign-f1-mocean-2025/
2025,Clio Entertaiment,Saturday Night (Atlas Poster),Saturday Night,Bronze,United States,BLT Communications,Key Art,Domestic Poster,,https://resized-media.entries.clios.com/companies/4715/media/5b3db589-9b68-406d-84aa-08dda8280727-medium.jpg.webp,https://clios.com/winners-gallery/details/195389,/awards/clio_entertainment/2025/campaigns/saturday-night-atlas-poster-saturday-night-blt-communications-2025/
2025,Clio Entertaiment,The End Payoff,The End,Bronze,United States,GrandSon,Key Art,Domestic Poster,,https://resized-media.entries.clios.com/companies/4926/media/4706b0b8-95bf-4046-42b0-08dda8286ac6-medium.jpg.webp,https://clios.com/winners-gallery/details/195172,/awards/clio_entertainment/2025/campaigns/the-end-payoff-the-end-grandson-2025/
2025,Clio Entertaiment,Theatrical Poster,Rocky Horror Picture Show 50th Anniversary,Bronze,United States,BOND,Key Art,Domestic Poster,,https://resized-media.entries.clios.com/companies/4830/media/3a9cec68-12c7-4209-9920-08ddcf598d69-medium.jpg.webp,https://clios.com/winners-gallery/details/200442,/awards/clio_entertainment/2025/campaigns/theatrical-poster-rocky-horror-picture-show-50th-anniversary-bond-2025/
2025,Clio Entertaiment,Together Additional Key Art,Together,Bronze,United States,GrandSon,Key Art,Domestic Poster,,https://resized-media.entries.clios.com/companies/4926/media/27b183c9-94bd-47df-ae2e-08ddca1e8d72-medium.jpg.webp,https://clios.com/winners-gallery/details/202321,/awards/clio_entertainment/2025/campaigns/together-additional-key-art-together-grandson-2025/
2025,Clio Entertaiment,Fantastic Four First Steps Key Art campaign,Fantastic Four First Steps,Bronze,United States,BLT Communications,Key Art,Mixed Campaign,,https://resized-media.entries.clios.com/companies/4715/media/b528aedd-dc31-401d-a8ae-08ddca1e8d72-medium.jpg.webp,https://clios.com/winners-gallery/details/201168,/awards/clio_entertainment/2025/campaigns/fantastic-four-first-steps-key-art-campaign-fantastic-four-first-steps-blt-communications-2025/
2025,Clio Entertaiment,Ash Lightbar,Ash,Bronze,United States,GrandSon,Key Art,Motion Poster,,https://resized-media.entries.clios.com/companies/4926/media/cd8772ed-5385-4115-8254-08dda8280727-medium.png.webp,https://clios.com/winners-gallery/details/194709,/awards/clio_entertainment/2025/campaigns/ash-lightbar-ash-grandson-2025/
2025,Clio Entertaiment,Lilo & Stitch - Teaser Campaign,Disney Studios,Bronze,United States,AV Print,Key Art,Teaser Poster,,https://resized-media.entries.clios.com/companies/143418/media/d63111b2-ded1-41b4-9e1a-08ddcf598d69-medium.jpg.webp,https://clios.com/winners-gallery/details/201479,/awards/clio_entertainment/2025/campaigns/lilo-and-stitch-teaser-campaign-disney-studios-av-print-2025/
2025,Clio Entertaiment,Superman Teaser,Superman,Bronze,United States,WORKS ADV,Key Art,Teaser Poster,,https://resized-media.entries.clios.com/companies/4771/media/8a469186-f6a3-46ea-0493-08dd8372b990-medium.jpg.webp,https://clios.com/winners-gallery/details/193393,/awards/clio_entertainment/2025/campaigns/superman-teaser-superman-works-adv-2025/
2025,Clio Entertaiment,The Monkey Teaser,The Monkey,Bronze,United States,GrandSon,Key Art,Teaser Poster,,https://resized-media.entries.clios.com/companies/4926/media/40e65fed-e113-4b93-8476-08dda8280727-medium.jpg.webp,https://clios.com/winners-gallery/details/195311,/awards/clio_entertainment/2025/campaigns/the-monkey-teaser-the-monkey-grandson-2025/
2025,Clio Entertaiment,Y2K TEASER,Y2K,Bronze,United States,GrandSon,Key Art,Teaser Poster,,https://resized-media.entries.clios.com/companies/4926/media/6f2adceb-20c6-43a8-431c-08dda8286ac6-medium.jpg.webp,https://clios.com/winners-gallery/details/195277,/awards/clio_entertainment/2025/campaigns/y2k-teaser-y2k-grandson-2025/
2025,Clio Entertaiment,A REAL PAIN,SEARCHLIGHT PICTURES,Bronze,United Kingdom,Intermission Film,Key Art Craft,Use of Illustration,,https://resized-media.entries.clios.com/companies/4869/media/9547775f-f87b-4ecd-80b5-08dda8280727-medium.jpg.webp,https://clios.com/winners-gallery/details/194304,/awards/clio_entertainment/2025/campaigns/a-real-pain-searchlight-pictures-intermission-film-2025/
2025,Clio Entertaiment,M3GAN 20,M3GAN 20,Bronze,United States,Phantom City Creative Inc,Key Art Craft,Use of Illustration,,https://resized-media.entries.clios.com/companies/5526/media/6a9fe5f1-5ffd-45d6-428c-08ddbc3a4ea4-medium.jpg.webp,https://clios.com/winners-gallery/details/197212,/awards/clio_entertainment/2025/campaigns/m3gan-20-m3gan-20-phantom-city-creative-inc-2025/
2025,Clio Entertaiment,Sinners,Sinners,Bronze,United States,Gravillis,Key Art Craft,Use of Illustration,,https://resized-media.entries.clios.com/companies/5164/media/fcdb7e20-a062-4048-430b-08ddbc3a4ea4-medium.jpg.webp,https://clios.com/winners-gallery/details/197336,/awards/clio_entertainment/2025/campaigns/sinners-sinners-gravillis-2025/
2025,Clio Entertaiment,The Monkey - Drumstick,Black Bear,Bronze,United Kingdom,Ignition Creative London,Key Art Craft,Use of Illustration,,https://resized-media.entries.clios.com/companies/5551/media/412f02a9-1a6b-482b-41eb-08ddbc3a4ea4-medium.jpg.webp,https://clios.com/winners-gallery/details/197071,/awards/clio_entertainment/2025/campaigns/the-monkey-drumstick-black-bear-ignition-creative-london-2025/
2025,Clio Entertaiment,Live On Set,A Complete Unknown,Bronze,United States,Mob Scene,Original Content,Behind the Scenes,,https://resized-media.entries.clios.com/companies/4630/media/5a763cf9-7081-43d1-82a1-08dda8280727-medium.png.webp,https://clios.com/winners-gallery/details/194841,/awards/clio_entertainment/2025/campaigns/live-on-set-a-complete-unknown-mob-scene-2025/
2025,Clio Entertaiment,Superman Superman Day - Behind the Scenes Look,Warner Bros,Bronze,United States,SunnyBoy Entertainment,Original Content,Behind the Scenes,,https://resized-media.entries.clios.com/companies/5207/media/1a15be69-ab8a-4c4b-5fd9-08ddda7db5d2-medium.png.webp,https://clios.com/winners-gallery/details/200540,/awards/clio_entertainment/2025/campaigns/superman-superman-day-behind-the-scenes-look-warner-bros-sunnyboy-entertainment-2025/
2025,Clio Entertaiment,A Very Sonic Christmas,Paramount Pictures,Bronze,United States,Paramount Pictures,Original Content,Creative Content,,https://resized-media.entries.clios.com/companies/4753/media/139ffaaa-f29e-46ee-9d7b-08ddcf598d69-medium.jpg.webp,https://clios.com/winners-gallery/details/201350,/awards/clio_entertainment/2025/campaigns/a-very-sonic-christmas-paramount-pictures-paramount-pictures-2025/
2025,Clio Entertaiment,Connection,Rental Family,Bronze,United States,Tiny Hero,Original Content,Creative Content,,https://resized-media.entries.clios.com/companies/4875/media/98641269-677b-4561-a14f-08ddca1e8d72-medium.jpeg.webp,https://clios.com/winners-gallery/details/199525,/awards/clio_entertainment/2025/campaigns/connection-rental-family-tiny-hero-2025/
2025,Clio Entertaiment,Popcorn Soda,Freakier Friday,Bronze,United States,Tiny Hero,Original Content,Creative Content,,https://resized-media.entries.clios.com/companies/4875/media/2dccd307-1fab-4cfd-96cf-08ddcf598d69-medium.jpg.webp,https://clios.com/winners-gallery/details/199791,/awards/clio_entertainment/2025/campaigns/popcorn-soda-freakier-friday-tiny-hero-2025/
2025,Clio Entertaiment,Stephen the Hunter,Kraven the Hunter,Bronze,United States,Mob Scene,Original Content,Creative Content,,https://resized-media.entries.clios.com/companies/4630/media/385a39bc-5132-4bbd-4119-08dda8286ac6-medium.png.webp,https://clios.com/winners-gallery/details/194697,/awards/clio_entertainment/2025/campaigns/stephen-the-hunter-kraven-the-hunter-mob-scene-2025/
2025,Clio Entertaiment,The Bachelorette x Warner Bros Beetlejuice Beetlejuice,The Bachelorette and Warner Bros,Bronze,United States,Disney CreativeWorks,Original Content,Creative Content,,https://resized-media.entries.clios.com/companies/1911/media/cdbd2b6e-2fd9-4619-adf2-08ddca1e8d72-medium.png.webp,https://clios.com/winners-gallery/details/202334,/awards/clio_entertainment/2025/campaigns/the-bachelorette-x-warner-bros-beetlejuice-beetlejuice-the-bachelorette-and-warner-bros-disney-creativeworks-2025/
2025,Clio Entertaiment,ABC Broadcast Special,A Complete Unknown,Bronze,United States,Mob Scene,Original Content,Featurette,,https://resized-media.entries.clios.com/companies/4630/media/5a5ba711-2b49-4eb9-82a0-08dda8280727-medium.png.webp,https://clios.com/winners-gallery/details/194851,/awards/clio_entertainment/2025/campaigns/abc-broadcast-special-a-complete-unknown-mob-scene-2025/
2025,Clio Entertaiment,ANORA - Sean Baker Career Retrospective,NEON,Bronze,United States,NEON,Original Content,Featurette,,https://resized-media.entries.clios.com/companies/143796/media/44e985f3-355b-4331-ab21-08ddca1e8d72-medium.png.webp,https://clios.com/winners-gallery/details/201729,/awards/clio_entertainment/2025/campaigns/anora-sean-baker-career-retrospective-neon-neon-2025/
2025,Clio Entertaiment,Blues in the Night,Sinners,Bronze,United States,Rivendell Films,Original Content,Featurette,,https://resized-media.entries.clios.com/companies/143764/media/735f6a1f-992d-417e-a470-08ddca1e8d72-medium.png.webp,https://clios.com/winners-gallery/details/200414,/awards/clio_entertainment/2025/campaigns/blues-in-the-night-sinners-rivendell-films-2025/
2025,Clio Entertaiment,Wicked - Singing Live,Wicked,Bronze,United States,The Workhouse Picture Company Ltd,Original Content,Featurette,,https://resized-media.entries.clios.com/companies/5475/media/36205497-9a60-432e-a9f6-08ddca1e8d72-medium.png.webp,https://clios.com/winners-gallery/details/199574,/awards/clio_entertainment/2025/campaigns/wicked-singing-live-wicked-the-workhouse-picture-company-ltd-2025/
2025,Clio Entertaiment,Mickey 17 Streamer Respawns,Mickey 17 - Warner Bros,Bronze,United States,Amazon Ads,Original Content,Live Stream & Podcast,,https://resized-media.entries.clios.com/companies/5291/media/f99e0529-9b6b-487c-a23d-08ddcf598d69-medium.png.webp,https://clios.com/winners-gallery/details/202255,/awards/clio_entertainment/2025/campaigns/mickey-17-streamer-respawns-mickey-17-warner-bros-amazon-ads-2025-3/
2025,Clio Entertaiment,Superman | Elevator Transition Art,Warner Bros,Bronze,United States,Concept Arts,Out of Home,‌Other,,https://resized-media.entries.clios.com/companies/4702/media/6f50a9ab-ff6b-4b2e-4583-08dda8286ac6-medium.jpg.webp,https://clios.com/winners-gallery/details/196374,/awards/clio_entertainment/2025/campaigns/superman-elevator-transition-art-warner-bros-concept-arts-2025/
2025,Clio Entertaiment,Carry-On - X-Ray Screen Billboard,Carry-On,Bronze,United States,Drissi Advertising Inc,Out of Home,Billboard,,https://resized-media.entries.clios.com/companies/5371/media/31686126-5e7a-49df-a2ea-08ddca1e8d72-medium.jpg.webp,https://clios.com/winners-gallery/details/200013,/awards/clio_entertainment/2025/campaigns/carry-on-x-ray-screen-billboard-carry-on-drissi-advertising-inc-2025/
2025,Clio Entertaiment,Final Destination Bloodlines Installation Gone Wrong Billboard,Final Destination Bloodlines,Bronze,United States,The Refinery & Midnight Oil,Out of Home,Billboard,,https://resized-media.entries.clios.com/companies/4913/media/82b4e658-4455-4d02-8231-08dda8280727-medium.png.webp,https://clios.com/winners-gallery/details/194693,/awards/clio_entertainment/2025/campaigns/final-destination-bloodlines-installation-gone-wrong-billboard-final-destination-bloodlines-the-refinery-and-midnight-oi/
2025,Clio Entertaiment,Superman - 3D Lit Billboard,Superman,Bronze,United States,Drissi Advertising Inc,Out of Home,Billboard,,https://resized-media.entries.clios.com/companies/5371/media/c1419dde-18f1-4f31-a2d2-08ddca1e8d72-medium.jpg.webp,https://clios.com/winners-gallery/details/199993,/awards/clio_entertainment/2025/campaigns/superman-3d-lit-billboard-superman-drissi-advertising-inc-2025/
2025,Clio Entertaiment,A Complete Unknown Mural,A Complete Unknown,Bronze,United States,The Refinery,Out of Home,Mural,,https://resized-media.entries.clios.com/companies/4913/media/e33adaea-b373-4ee0-811d-08dda8280727-medium.jpg.webp,https://clios.com/winners-gallery/details/194469,/awards/clio_entertainment/2025/campaigns/a-complete-unknown-mural-a-complete-unknown-the-refinery-2025/
2025,Clio Entertaiment,Disneys Lilo & Stitch Partnership Campaign,The Walt Disney Company,Bronze,United States,The Walt Disney Company,Partnerships & Collaborations,Partnerships & Collaborations,,https://resized-media.entries.clios.com/companies/5365/media/544d082a-f727-4b63-fc0e-08ddda84979b-thumbnail.0000000.jpg,https://clios.com/winners-gallery/details/201726,/awards/clio_entertainment/2025/campaigns/disneys-lilo-and-stitch-partnership-campaign-the-walt-disney-company-the-walt-disney-company-2025/
2025,Clio Entertaiment,Fantastic Four-N-One - Marvel Studios Fantastic Four - Little Caesars,The Walt Disney Company,Bronze,United States,Marvel Studios Partnerships & Promotions,Partnerships & Collaborations,Partnerships & Collaborations,,https://resized-media.entries.clios.com/companies/5365/media/4466539b-fdfc-48e9-5daf-08ddda7db5d2-thumbnail.0000000.jpg,https://clios.com/winners-gallery/details/201253,/awards/clio_entertainment/2025/campaigns/fantastic-four-n-one-marvel-studios-fantastic-four-little-caesars-the-walt-disney-company-marvel-studios-partnerships-an/
2025,Clio Entertaiment,Fritos x Twisters,Fritos,Bronze,United States,PepsiCo,Partnerships & Collaborations,Partnerships & Collaborations,,https://resized-media.entries.clios.com/companies/1219/media/66d55e69-6a6d-44f3-f949-08ddda84979b-medium.jpg.webp,https://clios.com/winners-gallery/details/200264,/awards/clio_entertainment/2025/campaigns/fritos-x-twisters-fritos-pepsico-2025/
2025,Clio Entertaiment,The Fantastic Four First Steps - Partnership Campaign,The Walt Disney Company,Bronze,United States,The Walt Disney Company,Partnerships & Collaborations,Partnerships & Collaborations,,https://resized-media.entries.clios.com/companies/5365/media/70f146bd-ac45-4742-fc0c-08ddda84979b-thumbnail.0000000.jpg,https://clios.com/winners-gallery/details/201467,/awards/clio_entertainment/2025/campaigns/the-fantastic-four-first-steps-partnership-campaign-the-walt-disney-company-the-walt-disney-company-2025/
2025,Clio Entertaiment,The Magic of Movies,Disney & MediCinema,Bronze,United Kingdom,Feref Limited,Partnerships & Collaborations,Partnerships & Collaborations,,https://resized-media.entries.clios.com/companies/5569/media/7d8e59a6-03af-428f-a025-08ddca1e8d72-medium.jpg.webp,https://clios.com/winners-gallery/details/199073,/awards/clio_entertainment/2025/campaigns/the-magic-of-movies-disney-and-medicinema-feref-limited-2025/
2025,Clio Entertaiment,Wicked Oz Casts a Spell on Amazon,Universal Pictures Wicked,Bronze,United States,Amazon Brand Innovation Lab,Partnerships & Collaborations,Partnerships & Collaborations,,https://resized-media.entries.clios.com/companies/4463/media/a264c312-0461-4bb2-5eba-08ddda7db5d2-medium.jpg.webp,https://clios.com/winners-gallery/details/198345,/awards/clio_entertainment/2025/campaigns/wicked-oz-casts-a-spell-on-amazon-universal-pictures-wicked-amazon-brand-innovation-lab-2025/
2025,Clio Entertaiment,Awards Consideration Campaign,Nickel Boys,Bronze,United States,Mob Scene,Public Relations,For-Your-Consideration,,https://resized-media.entries.clios.com/companies/4630/media/d9739dcc-94c9-4519-3f3b-08dda8286ac6-medium.jpg.webp,https://clios.com/winners-gallery/details/193729,/awards/clio_entertainment/2025/campaigns/awards-consideration-campaign-nickel-boys-mob-scene-2025/
2025,Clio Entertaiment,Marvel Studios Unprecedented Thunderbolts* Title Rebrand,The Walt Disney Studios (Studio Marketing) & Marvel Studios,Bronze,United States,The Walt Disney Studios,Public Relations,Press Tour Red Carpet & Stunt,,https://resized-media.entries.clios.com/companies/143442/media/c0ffbe3c-6e67-4b14-b0fc-08ddca1e8d72-medium.png.webp,https://clios.com/winners-gallery/details/202747,/awards/clio_entertainment/2025/campaigns/marvel-studios-unprecedented-thunderbolts-title-rebrand-the-walt-disney-studios-studio-marketing-and-marvel-studios-the/
2025,Clio Entertaiment,Jurassic World Rebirth - Universal Studios Theme Parks Photo Opportunity,Jurassic World Rebirth,Bronze,United States,Drissi Advertising Inc,Retail & Premium,Display,Specialty,https://resized-media.entries.clios.com/companies/5371/media/6fb6bcd5-e678-4bc7-a205-08ddca1e8d72-medium.jpg.webp,https://clios.com/winners-gallery/details/199710,/awards/clio_entertainment/2025/campaigns/jurassic-world-rebirth-universal-studios-theme-parks-photo-opportunity-jurassic-world-rebirth-drissi-advertising-inc-202/
2025,Clio Entertaiment,Spinal Tap II The End Continues - Stonehenge Stage Display,Spinal Tap II The End Continues,Bronze,United States,Drissi Advertising Inc,Retail & Premium,Display,Specialty,https://resized-media.entries.clios.com/companies/5371/media/cb0b35a0-b090-443d-a4b4-08ddca1e8d72-medium.jpg.webp,https://clios.com/winners-gallery/details/200523,/awards/clio_entertainment/2025/campaigns/spinal-tap-ii-the-end-continues-stonehenge-stage-display-spinal-tap-ii-the-end-continues-drissi-advertising-inc-2025/
2025,Clio Entertaiment,Venom Slot Machine Standee,Venom The Last Dance,Bronze,United States,Part 4,Retail & Premium,Display,Standee,https://resized-media.entries.clios.com/companies/4914/media/425540d5-a148-4136-a22d-08ddcf598d69-medium.jpg.webp,https://clios.com/winners-gallery/details/194570,/awards/clio_entertainment/2025/campaigns/venom-slot-machine-standee-venom-the-last-dance-part-4-2025/
2025,Clio Entertaiment,Vice Jobs,GTA 6,Shortlist,Spain,Miami Ad School Madrid,Games Student,Games Student,,https://resized-media.entries.clios.com/companies/143817/media/26591375-21f0-4932-add3-08ddca1e8d72-medium.jpg.webp,https://clios.com/winners-gallery/details/201029,/awards/clio_entertainment/2025/campaigns/vice-jobs-gta-6-miami-ad-school-madrid-2025/
2025,Clio Entertaiment,Born to be friends Forced to be enemies,Wicked,Shortlist,United States,Film2Future,Theatrical Student,Theatrical Student,,https://resized-media.entries.clios.com/companies/143816/media/2fac7e1d-02e9-4692-a673-08ddca1e8d72-medium.jpeg.webp,https://clios.com/winners-gallery/details/201005,/awards/clio_entertainment/2025/campaigns/born-to-be-friends-forced-to-be-enemies-wicked-film2future-2025/
2025,Clio Entertaiment,The Fallen Truth,Superman Movie,Shortlist,Germany,Miami Ad School Europe,Theatrical Student,Theatrical Student,,https://resized-media.entries.clios.com/companies/6337/media/f6ec0a27-79ec-41c5-aa4d-08ddca1e8d72-medium.png.webp,https://clios.com/winners-gallery/details/199541,/awards/clio_entertainment/2025/campaigns/the-fallen-truth-superman-movie-miami-ad-school-europe-2025/
2025,Clio Entertaiment,Watching Your Every Move,DROP,Shortlist,United States,Film2Future,Theatrical Student,Theatrical Student,,https://resized-media.entries.clios.com/companies/143872/media/1a0042f4-fb3a-4c2d-af72-08ddca1e8d72-medium.png.webp,https://clios.com/winners-gallery/details/202494,/awards/clio_entertainment/2025/campaigns/watching-your-every-move-drop-film2future-2025/
2025,Clio Entertaiment,When Evil Calls Dog Man Answers,Dog Man,Shortlist,United States,Film2Future,Theatrical Student,Theatrical Student,,https://resized-media.entries.clios.com/companies/4603/media/980a4b71-32e8-4035-afa3-08ddca1e8d72-medium.PNG.webp,https://clios.com/winners-gallery/details/202463,/awards/clio_entertainment/2025/campaigns/when-evil-calls-dog-man-answers-dog-man-film2future-2025/
2025,Clio Entertaiment,Red Light Green Light In-Ride Reimagined,Netflix Squid Game 2,Shortlist,United States,Subtropic Studios,Speciality,Clio Entertainment x Snapchat AR Specialty Award,,https://resized-media.entries.clios.com/companies/143123/media/2bfa5727-e4ef-41d8-a305-08ddca1e8d72-medium.png.webp,https://clios.com/winners-gallery/details/193022,/awards/clio_entertainment/2025/campaigns/red-light-green-light-in-ride-reimagined-netflix-squid-game-2-subtropic-studios-2025/
2025,Clio Entertaiment,LA Rams SoFi Take It To The Bank In-Stadium Game,LA Rams,Shortlist,United States,Los Angeles Rams,Speciality,Clio Entertainment x Snapchat AR Specialty Award,,https://resized-media.entries.clios.com/companies/143134/media/fba8f6bf-eb4d-461f-4450-08ddbc3a4ea4-medium.jpg.webp,https://clios.com/winners-gallery/details/197795,/awards/clio_entertainment/2025/campaigns/la-rams-sofi-take-it-to-the-bank-in-stadium-game-la-rams-los-angeles-rams-2025/
2025,Clio Entertaiment,Enter The AR-ena Popcorn Bucket,Gladiator II,Shortlist,United States,BOND,Speciality,Clio Entertainment x Snapchat AR Specialty Award,,https://resized-media.entries.clios.com/companies/4830/media/e90dd4a5-e37a-4907-abd9-08ddca1e8d72-medium.jpg.webp,https://clios.com/winners-gallery/details/205136,/awards/clio_entertainment/2025/campaigns/enter-the-ar-ena-popcorn-bucket-gladiator-ii-bond-2025-2/
2025,Clio Entertaiment,Jurassic World D-Rex Attack AR Standee Experience,Universal Pictures,Shortlist,United States,Universal Pictures,Speciality,Clio Entertainment x Snapchat AR Specialty Award,,https://resized-media.entries.clios.com/companies/143134/media/b672a62b-6dcc-4106-445b-08ddbc3a4ea4-medium.jpg.webp,https://clios.com/winners-gallery/details/197798,/awards/clio_entertainment/2025/campaigns/jurassic-world-d-rex-attack-ar-standee-experience-universal-pictures-universal-pictures-2025/
2025,Clio Entertaiment,Mission Impossible AR Popcorn Bucket Experience,Paramount Pictures,Shortlist,United States,Paramount Pictures,Speciality,Clio Entertainment x Snapchat AR Specialty Award,,https://resized-media.entries.clios.com/companies/143134/media/aab86c18-81f6-4084-4455-08ddbc3a4ea4-medium.jpg.webp,https://clios.com/winners-gallery/details/197796,/awards/clio_entertainment/2025/campaigns/mission-impossible-ar-popcorn-bucket-experience-paramount-pictures-paramount-pictures-2025/
2025,Clio Entertaiment,The Shred’s Not Dead,Activision Tony Hawk’s Pro Skater 3 - 4,Shortlist,United States,No Problem,Audio Visual,Spot,Live-Action Spot,https://resized-media.entries.clios.com/companies/143658/media/d6f48d5e-17eb-45c5-fbd9-08ddda84979b-thumbnail.0000000.jpg,https://clios.com/winners-gallery/details/199105,/awards/clio_entertainment/2025/campaigns/the-shreds-not-dead-activision-tony-hawks-pro-skater-3-4-no-problem-2025/
2025,Clio Entertaiment,Call of Duty Mobile I Wish Trailer,Call of Duty Mobile,Shortlist,United States,BOND,Audio Visual,Trailer,CGI Trailer,https://resized-media.entries.clios.com/companies/4830/media/f6cd252c-70d6-4c30-8135-08dda8280727-thumbnail.0000000.jpg,https://clios.com/winners-gallery/details/194538,/awards/clio_entertainment/2025/campaigns/call-of-duty-mobile-i-wish-trailer-call-of-duty-mobile-bond-2025-2/
2025,Clio Entertaiment,Launch Trailer,Assassins Creed Shadows,Shortlist,United States,Aspect,Audio Visual,Trailer,Game Footage Trailer,https://resized-media.entries.clios.com/companies/4921/media/9b0d954e-92ef-4f66-06fe-08dd8372b990-thumbnail.0000000.jpg,https://clios.com/winners-gallery/details/193924,/awards/clio_entertainment/2025/campaigns/launch-trailer-assassins-creed-shadows-aspect-2025-2/
2025,Clio Entertaiment,PIZZA WRMR,Pizza Hut Canada,Shortlist,Canada,Leo Toronto,Branded Entertainment & Content,Digital Mobile & Social Media,,https://resized-media.entries.clios.com/companies/946/media/b00a4ae8-9c69-45ff-871d-08dda8280727-medium.jpg.webp,https://clios.com/winners-gallery/details/196290,/awards/clio_entertainment/2025/campaigns/pizza-wrmr-pizza-hut-canada-leo-toronto-2025-2/
2025,Clio Entertaiment,Gameplay Trailer,Clockwork Revolution,Shortlist,United States,Buddha Jones,Craft & Design,Audio Visual Craft,Editing,https://resized-media.entries.clios.com/companies/143287/media/97487c6d-fe78-46dc-42e1-08dda8286ac6-medium.png.webp,https://clios.com/winners-gallery/details/195502,/awards/clio_entertainment/2025/campaigns/gameplay-trailer-clockwork-revolution-buddha-jones-2025-2/
2025,Clio Entertaiment,Gameplay Trailer,Clockwork Revolution,Shortlist,United States,Buddha Jones,Craft & Design,Audio Visual Craft,Game Capture Cinematography,https://resized-media.entries.clios.com/companies/143287/media/97487c6d-fe78-46dc-42e1-08dda8286ac6-medium.png.webp,https://clios.com/winners-gallery/details/195248,/awards/clio_entertainment/2025/campaigns/gameplay-trailer-clockwork-revolution-buddha-jones-2025-3/
2025,Clio Entertaiment,Nuketown Launch Trailer,Call of Duty Black Ops 6,Shortlist,United States,Aspect,Craft & Design,Audio Visual Craft,Game Capture Cinematography,https://resized-media.entries.clios.com/companies/4921/media/850d7c83-2f45-4029-8036-08dda8280727-medium.jpg.webp,https://clios.com/winners-gallery/details/193931,/awards/clio_entertainment/2025/campaigns/nuketown-launch-trailer-call-of-duty-black-ops-6-aspect-2025/
2025,Clio Entertaiment,In-Game Graphics,Forza Motorsport,Shortlist,United States,MOCEAN,Craft & Design,Design,Design Package,https://resized-media.entries.clios.com/companies/813/media/9946e7bf-9a08-44d5-837b-08dda8280727-medium.jpg.webp,https://clios.com/winners-gallery/details/195044,/awards/clio_entertainment/2025/campaigns/in-game-graphics-forza-motorsport-mocean-2025/
2025,Clio Entertaiment,The Toxicity Rating,Melanin Gamers,Shortlist,Canada,Leo Toronto,Digital Mobile & Social Media,Digital & Mobile,Microsite & Website,https://resized-media.entries.clios.com/companies/946/media/52d621af-5067-4603-cda6-08dcefb3a1aa-medium.jpg.webp,https://clios.com/winners-gallery/details/194159,/awards/clio_entertainment/2025/campaigns/the-toxicity-rating-melanin-gamers-leo-toronto-2025/
2025,Clio Entertaiment,PIZZA WRMR,Pizza Hut Canada,Shortlist,Canada,Leo Toronto,Digital Mobile & Social Media,Social Media,Use of Influencer & Talent,https://resized-media.entries.clios.com/companies/946/media/b00a4ae8-9c69-45ff-871d-08dda8280727-medium.jpg.webp,https://clios.com/winners-gallery/details/196397,/awards/clio_entertainment/2025/campaigns/pizza-wrmr-pizza-hut-canada-leo-toronto-2025-3/
2025,Clio Entertaiment,The Final Exam,Change The Ref,Shortlist,United States,Energy BBDO,Experiential & Fan Engagement,Experiential & Activation,Consumer,https://resized-media.entries.clios.com/companies/338/media/f1c3e448-1c8f-4694-6b62-08dd6aeb75fb-medium.jpg.webp,https://clios.com/winners-gallery/details/200384,/awards/clio_entertainment/2025/campaigns/the-final-exam-change-the-ref-energy-bbdo-2025-6/
2025,Clio Entertaiment,The Shred’s Not Dead,Activision Tony Hawk’s Pro Skater 3 - 4,Shortlist,United States,No Problem,Integrated Campaign,Integrated Campaign,,https://resized-media.entries.clios.com/companies/143658/media/8960fff5-c900-4dab-fb57-08ddda84979b-thumbnail.0000000.jpg,https://clios.com/winners-gallery/details/202691,/awards/clio_entertainment/2025/campaigns/the-shreds-not-dead-activision-tony-hawks-pro-skater-3-4-no-problem-2025-2/
2025,Clio Entertaiment,Screaming,Moana 2,Shortlist,United States,REBEL,Audio Visual,Spot,,https://resized-media.entries.clios.com/companies/1223/media/1b0bcb82-17af-4ca6-8401-08dda8280727-thumbnail.0000000.jpg,https://clios.com/winners-gallery/details/195178,/awards/clio_entertainment/2025/campaigns/screaming-moana-2-rebel-2025/
2025,Clio Entertaiment,Epic Friendship,How to Train Your Dragon,Shortlist,United States,REBEL,Audio Visual,Trailer,,https://resized-media.entries.clios.com/companies/1223/media/30855b99-d424-464f-98d0-08ddcf598d69-thumbnail.0000000.jpg,https://clios.com/winners-gallery/details/201672,/awards/clio_entertainment/2025/campaigns/epic-friendship-how-to-train-your-dragon-rebel-2025/
2025,Clio Entertaiment,Fandango,Deadpool & Wolverine,Shortlist,United States,Tiny Hero,Craft & Design,Digital Mobile & Social Media Craft,Graphic Design,https://resized-media.entries.clios.com/companies/4875/media/13fd7fc7-600f-4778-95f1-08ddcf598d69-medium.jpg.webp,https://clios.com/winners-gallery/details/199531,/awards/clio_entertainment/2025/campaigns/fandango-deadpool-and-wolverine-tiny-hero-2025-2/
2025,Clio Entertaiment,DEN OF THIEVES BOX SET,DEN OF THIEVES,Shortlist,United States,Phantom City Creative Inc,Craft & Design,Key Art Craft,Illustration,https://resized-media.entries.clios.com/companies/5526/media/eefb962b-a273-4cb9-aad3-08ddca1e8d72-medium.jpg.webp,https://clios.com/winners-gallery/details/201678,/awards/clio_entertainment/2025/campaigns/den-of-thieves-box-set-den-of-thieves-phantom-city-creative-inc-2025/
2025,Clio Entertaiment,Jurassic World Rebirth - Colossal Campaign - Social,Universal Studios,Shortlist,United States,Fracture Creative,Digital Mobile & Social Media,Social Media,Mixed Campaign,https://resized-media.entries.clios.com/companies/142952/media/aac27602-0419-499c-afcb-08ddca1e8d72-medium.png.webp,https://clios.com/winners-gallery/details/195700,/awards/clio_entertainment/2025/campaigns/jurassic-world-rebirth-colossal-campaign-social-universal-studios-fracture-creative-2025/
2025,Clio Entertaiment,Travel Line Look,Warner Bros,Shortlist,United States,Art Machine - a Trailer Park Group Company,Key Art & Out of Home,Key Art,Key Art,https://resized-media.entries.clios.com/companies/5129/media/2d5526f4-1d01-4076-9a1c-08ddcf598d69-medium.png.webp,https://clios.com/winners-gallery/details/200686,/awards/clio_entertainment/2025/campaigns/travel-line-look-warner-bros-art-machine-a-trailer-park-group-company-2025/
2025,Clio Entertaiment,Gladiator II Influencer & Talent,Paramount Pictures,Shortlist,United States,Trailer Park Group,Public Relations,Use of Influencer & Talent,,https://resized-media.entries.clios.com/companies/5334/media/575845b2-0ffb-4148-5cbb-08ddda7db5d2-medium.png.webp,https://clios.com/winners-gallery/details/202429,/awards/clio_entertainment/2025/campaigns/gladiator-ii-influencer-and-talent-paramount-pictures-trailer-park-group-2025/
2025,Clio Entertaiment,40th Anniversary Steelbook,The Terminator,Shortlist,United States,BOND,Retail & Premium,Packaging,Specialty Packaging,https://resized-media.entries.clios.com/companies/4830/media/64ce7b65-613e-46f7-979c-08ddcf598d69-medium.jpg.webp,https://clios.com/winners-gallery/details/201844,/awards/clio_entertainment/2025/campaigns/40th-anniversary-steelbook-the-terminator-bond-2025/
2025,Clio Entertaiment,Good Night and Good Luck,Good Night and Good Luck on Broadway,Shortlist,United States,AKA NYC,Branded Entertainment & Content,Brand Promo,,https://resized-media.entries.clios.com/companies/5224/media/403e99a8-7af9-446d-6034-08ddda7db5d2-thumbnail.0000000.jpg,https://clios.com/winners-gallery/details/201716,/awards/clio_entertainment/2025/campaigns/good-night-and-good-luck-good-night-and-good-luck-on-broadway-aka-nyc-2025/
2025,Clio Entertaiment,PARIS 2024 - OPENING CEREMONY,PARIS 2024 - OPENING CEREMONY,Shortlist,France,Gédéon,Craft & Design,Design,Design Package,https://resized-media.entries.clios.com/companies/4962/media/b6615fb3-e6b6-45bb-027e-08dd8372b990-medium.jpeg.webp,https://clios.com/winners-gallery/details/192286,/awards/clio_entertainment/2025/campaigns/paris-2024-opening-ceremony-paris-2024-opening-ceremony-gedeon-2025/
2025,Clio Entertaiment,George Balanchines The Nutcracker,New York City Ballet,Shortlist,United States,New York City Ballet,Craft & Design,Key Art Craft,Illustration,https://resized-media.entries.clios.com/companies/5171/media/546af4fc-1127-432d-4698-08ddbc3a4ea4-medium.jpg.webp,https://clios.com/winners-gallery/details/198393,/awards/clio_entertainment/2025/campaigns/george-balanchines-the-nutcracker-new-york-city-ballet-new-york-city-ballet-2025/
2025,Clio Entertaiment,Hells Kitchen | Behind the Scenes of the 2024 Macys Thanksgiving Day Parade,Hells Kitchen on Broadway,Shortlist,United States,AKA NYC,Digital Mobile & Social Media,Social Media,Long-Form Social Media Video,https://resized-media.entries.clios.com/companies/5224/media/e13e1e5a-7ee0-4847-abaa-08ddca1e8d72-medium.png.webp,https://clios.com/winners-gallery/details/201813,/awards/clio_entertainment/2025/campaigns/hells-kitchen-behind-the-scenes-of-the-2024-macys-thanksgiving-day-parade-hells-kitchen-on-broadway-aka-nyc-2025/
2025,Clio Entertaiment,Roaring Through the Broadway Theatre Gatsby’s Broadway Arrival,The Great Gatsby on Broadway,Shortlist,United States,And Thats Showbiz,Digital Mobile & Social Media,Social Media,Long-Form Social Media Video,https://resized-media.entries.clios.com/companies/6170/media/1293308c-9134-4d90-afe0-08ddca1e8d72-medium.png.webp,https://clios.com/winners-gallery/details/202550,/awards/clio_entertainment/2025/campaigns/roaring-through-the-broadway-theatre-gatsbys-broadway-arrival-the-great-gatsby-on-broadway-and-thats-showbiz-2025/
2025,Clio Entertaiment,PLEASE LOOK AFTER THIS TEASER,PADDINGTON The Musical,Shortlist,United Kingdom,AKA UK,Digital Mobile & Social Media,Social Media,Short-Form Social Media Video,https://resized-media.entries.clios.com/companies/5416/media/9425ef77-08da-4016-971d-08ddcf598d69-medium.jpg.webp,https://clios.com/winners-gallery/details/198082,/awards/clio_entertainment/2025/campaigns/please-look-after-this-teaser-paddington-the-musical-aka-uk-2025/
2025,Clio Entertaiment,TUDUM 2025,Netflix,Shortlist,United Kingdom,Silk Factory,Experiential & Fan Engagement,Fan Engagement,Audio Visual,https://resized-media.entries.clios.com/companies/143610/media/f71a98fc-4a96-4123-9aa1-08ddcf598d69-medium.jpg.webp,https://clios.com/winners-gallery/details/201593,/awards/clio_entertainment/2025/campaigns/tudum-2025-netflix-silk-factory-2025/
2025,Clio Entertaiment,Stranger Things The First Shadow - Turning Broadway Upside Down,Stranger Things The First Shadow on Broadway,Shortlist,United States,AKA NYC,Integrated Campaign,Integrated Campaign,,https://resized-media.entries.clios.com/companies/5224/media/7f3aaf00-0ea1-41e9-6036-08ddda7db5d2-thumbnail.0000000.jpg,https://clios.com/winners-gallery/details/201848,/awards/clio_entertainment/2025/campaigns/stranger-things-the-first-shadow-turning-broadway-upside-down-stranger-things-the-first-shadow-on-broadway-aka-nyc-2025/
2025,Clio Entertaiment,When a Show Becomes a Movement,John Proctor Is the Villain on Broadway,Shortlist,United States,SpotCo,Integrated Campaign,Integrated Campaign,,https://resized-media.entries.clios.com/companies/4964/media/3471019d-e348-459a-a783-08ddca1e8d72-thumbnail.0000000.jpg,https://clios.com/winners-gallery/details/194391,/awards/clio_entertainment/2025/campaigns/when-a-show-becomes-a-movement-john-proctor-is-the-villain-on-broadway-spotco-2025/
2025,Clio Entertaiment,Kinoteka 2025,Kinoteka,Shortlist,United States,Tomasz Opasinski,Key Art & Out of Home,Key Art,Posters One Sheets,https://resized-media.entries.clios.com/companies/4571/media/7afa6142-769a-4122-e1ba-08dd7068cd92-medium.jpg.webp,https://clios.com/winners-gallery/details/192118,/awards/clio_entertainment/2025/campaigns/kinoteka-2025-kinoteka-tomasz-opasinski-2025/
2025,Clio Entertaiment,Is that…a DeLorean?!,Back to the Future the Musical,Shortlist,United Kingdom,Dewynters,Key Art & Out of Home,Out of Home,Billboard,https://resized-media.entries.clios.com/companies/5542/media/2c1e5e83-7970-44ce-a45a-08ddcf598d69-medium.jpg.webp,https://clios.com/winners-gallery/details/202526,/awards/clio_entertainment/2025/campaigns/is-thata-delorean-back-to-the-future-the-musical-dewynters-2025/
2025,Clio Entertaiment,Keepsake Book,Death Becomes Her,Shortlist,United States,Art Machine - a Trailer Park Group Company,Public Relations,For-Your-Consideration,,https://resized-media.entries.clios.com/companies/5129/media/22d8136e-9ecc-4ff6-a3b9-08ddca1e8d72-medium.png.webp,https://clios.com/winners-gallery/details/200205,/awards/clio_entertainment/2025/campaigns/keepsake-book-death-becomes-her-art-machine-a-trailer-park-group-company-2025/
2025,Clio Entertaiment,Freeforms 31 Nights of Halloween Campaign,Freeform,Shortlist,United States,Freeform,Audio Visual Campaign,Audio Visual Campaign,,https://resized-media.entries.clios.com/companies/5005/media/9ec9fe35-a869-4fdb-447e-08dda8286ac6-medium.png.webp,https://clios.com/winners-gallery/details/195985,/awards/clio_entertainment/2025/campaigns/freeforms-31-nights-of-halloween-campaign-freeform-freeform-2025/
2025,Clio Entertaiment,Nine Perfect Strangers Season 2 On-Air Campaign,Hulu Originals,Shortlist,United States,Hulu Originals,Audio Visual Campaign,Audio Visual Campaign,,https://resized-media.entries.clios.com/companies/4885/media/2f0b66c4-b6a3-440e-47f0-08ddbc3a4ea4-medium.png.webp,https://clios.com/winners-gallery/details/197883,/awards/clio_entertainment/2025/campaigns/nine-perfect-strangers-season-2-on-air-campaign-hulu-originals-hulu-originals-2025/
2025,Clio Entertaiment,Only Murders in the Building Season 4 On-Air Campaign,Hulu Originals,Shortlist,United States,Hulu Originals,Audio Visual Campaign,Audio Visual Campaign,,https://resized-media.entries.clios.com/companies/4885/media/60d03019-3e02-4fba-9eae-08ddca1e8d72-medium.png.webp,https://clios.com/winners-gallery/details/197902,/awards/clio_entertainment/2025/campaigns/only-murders-in-the-building-season-4-on-air-campaign-hulu-originals-hulu-originals-2025/
2025,Clio Entertaiment,YOU - Final Season Campaign,Netflix,Shortlist,United States,Netflix Creative Studio,Audio Visual Campaign,Audio Visual Campaign,,https://resized-media.entries.clios.com/companies/4733/media/bfceabe1-a976-45c7-81f1-08dda8280727-medium.jpg.webp,https://clios.com/winners-gallery/details/194699,/awards/clio_entertainment/2025/campaigns/you-final-season-campaign-netflix-netflix-creative-studio-2025/
2025,Clio Entertaiment,Your Friends & Neighbors - AV Campaign,Your Friends and Neighbors,Shortlist,United States,Tiny Hero,Audio Visual Campaign,Audio Visual Campaign,,https://resized-media.entries.clios.com/companies/4875/media/9ea026bf-cc48-4d06-a252-08ddca1e8d72-thumbnail.0000000.jpg,https://clios.com/winners-gallery/details/200212,/awards/clio_entertainment/2025/campaigns/your-friends-and-neighbors-av-campaign-your-friends-and-neighbors-tiny-hero-2025/
2025,Clio Entertaiment,Legacy Trailer,Arcane Season 2,Shortlist,United States,Tiny Hero,Audio Visual Craft,Editing,,https://resized-media.entries.clios.com/companies/4875/media/12f420b5-6112-4575-96d7-08ddcf598d69-thumbnail.0000000.jpg,https://clios.com/winners-gallery/details/199799,/awards/clio_entertainment/2025/campaigns/legacy-trailer-arcane-season-2-tiny-hero-2025-2/
2025,Clio Entertaiment,Prodigy,Alien Earth,Shortlist,United States,Zealot Inc,Audio Visual Craft,Editing,,https://resized-media.entries.clios.com/companies/2177/media/6a21658e-640c-4950-41fb-08dda8286ac6-thumbnail.0000000.jpg,https://clios.com/winners-gallery/details/195083,/awards/clio_entertainment/2025/campaigns/prodigy-alien-earth-zealot-inc-2025/
2025,Clio Entertaiment,The Bear S4 Calm,The Bear S4,Shortlist,United States,GrandSon,Audio Visual Craft,Editing,,https://resized-media.entries.clios.com/companies/4926/media/ffab2daf-659b-44fe-82f4-08dda8280727-thumbnail.0000000.jpg,https://clios.com/winners-gallery/details/194912,/awards/clio_entertainment/2025/campaigns/the-bear-s4-calm-the-bear-s4-grandson-2025-2/
2025,Clio Entertaiment,Punished,Disclaimer,Shortlist,United States,Motive,Audio Visual Craft,Music,,https://resized-media.entries.clios.com/companies/4587/media/12a803ce-608a-40d2-46d0-08ddbc3a4ea4-thumbnail.0000000.jpg,https://clios.com/winners-gallery/details/195466,/awards/clio_entertainment/2025/campaigns/punished-disclaimer-motive-2025-2/
2025,Clio Entertaiment,Sisters,The Buccaneers,Shortlist,United States,Wild Card Creative Group,Audio Visual Craft,Music,,https://resized-media.entries.clios.com/companies/4522/media/93cc485d-b603-4cc9-4576-08ddbc3a4ea4-thumbnail.0000000.jpg,https://clios.com/winners-gallery/details/193404,/awards/clio_entertainment/2025/campaigns/sisters-the-buccaneers-wild-card-creative-group-2025/
2025,Clio Entertaiment,The Handmaids Tale Season 6 Catch-Up Trailer My Name is June,Hulu Originals,Shortlist,United States,Hulu Originals,Audio Visual Craft,Voice Over,,https://resized-media.entries.clios.com/companies/4885/media/227a44dc-6943-4381-4443-08ddbc3a4ea4-medium.png.webp,https://clios.com/winners-gallery/details/197784,/awards/clio_entertainment/2025/campaigns/the-handmaids-tale-season-6-catch-up-trailer-my-name-is-june-hulu-originals-hulu-originals-2025/
2025,Clio Entertaiment,Best of 2024,AMC-,Shortlist,United States,AMC Networks,Audio Visual Brand Promo,Brand Promo,,https://resized-media.entries.clios.com/companies/143258/media/629a0956-81ef-4189-9ff3-08ddbc6e7e05-thumbnail.0000000.jpg,https://clios.com/winners-gallery/details/196760,/awards/clio_entertainment/2025/campaigns/best-of-2024-amc-amc-networks-2025/
2025,Clio Entertaiment,Insane,FX Has the Movies 2025,Shortlist,United States,Zealot Inc,Audio Visual Brand Promo,Brand Promo,,https://resized-media.entries.clios.com/companies/2177/media/7cb658f9-9140-4e36-83b1-08dda8280727-thumbnail.0000000.jpg,https://clios.com/winners-gallery/details/195073,/awards/clio_entertainment/2025/campaigns/insane-fx-has-the-movies-2025-zealot-inc-2025/
2025,Clio Entertaiment,Reckoning,Arcane Season 2,Shortlist,United States,Tiny Hero,Audio Visual Clip-Based Spot,Audio Visual Clip-Based Spot,,https://resized-media.entries.clios.com/companies/4875/media/34420d18-0d24-4212-a124-08ddca1e8d72-thumbnail.0000000.jpg,https://clios.com/winners-gallery/details/199490,/awards/clio_entertainment/2025/campaigns/reckoning-arcane-season-2-tiny-hero-2025/
2025,Clio Entertaiment,Secrets,Eyes of Wakanda,Shortlist,United States,Requiem,Audio Visual Clip-Based Spot,Audio Visual Clip-Based Spot,,https://resized-media.entries.clios.com/companies/143294/media/0b75b49e-f0a1-431f-5d2e-08ddda7db5d2-thumbnail.0000000.jpg,https://clios.com/winners-gallery/details/202985,/awards/clio_entertainment/2025/campaigns/secrets-eyes-of-wakanda-requiem-2025/
2025,Clio Entertaiment,Showdown Parallax,Arcane Season 2,Shortlist,United States,Tiny Hero,Audio Visual Clip-Based Spot,Audio Visual Clip-Based Spot,,https://resized-media.entries.clios.com/companies/4875/media/d5f24f03-878e-4319-a117-08ddca1e8d72-thumbnail.0000000.jpg,https://clios.com/winners-gallery/details/199477,/awards/clio_entertainment/2025/campaigns/showdown-parallax-arcane-season-2-tiny-hero-2025/
2025,Clio Entertaiment,The Bear S4 - Talent Critics,FX,Shortlist,United States,FX,Audio Visual Clip-Based Spot,Audio Visual Clip-Based Spot,,https://resized-media.entries.clios.com/companies/4559/media/636e9b40-4fdb-4be4-accb-08ddca1e8d72-thumbnail.0000000.jpg,https://clios.com/winners-gallery/details/202036,/awards/clio_entertainment/2025/campaigns/the-bear-s4-talent-critics-fx-fx-2025/
2025,Clio Entertaiment,Life Below Zero S12 Series Sell,National Geographic,Shortlist,United States,National Geographic,Audio Visual Clip-Based Spot,Audio Visual Clip-Based Spot,,https://resized-media.entries.clios.com/companies/4339/media/a8ec63de-a9be-4d01-9dc0-08ddbc6e7e05-thumbnail.0000000.jpg,https://clios.com/winners-gallery/details/196506,/awards/clio_entertainment/2025/campaigns/life-below-zero-s12-series-sell-national-geographic-national-geographic-2025/
2025,Clio Entertaiment,Hype 60,The Penguin,Shortlist,United States,BOND,Audio Visual Clip-Based Spot,Audio Visual Clip-Based Spot,,https://resized-media.entries.clios.com/companies/4830/media/738231bd-6be2-4220-8403-08dda8280727-thumbnail.0000000.jpg,https://clios.com/winners-gallery/details/195180,/awards/clio_entertainment/2025/campaigns/hype-60-the-penguin-bond-2025/
2025,Clio Entertaiment,Christmas TV Spot,Black Doves,Shortlist,United Kingdom,Make it Social,Audio Visual Clip-Based Spot,Audio Visual Clip-Based Spot,,https://resized-media.entries.clios.com/companies/143376/media/3809a26c-10a0-47c8-8663-08dda8280727-thumbnail.0000000.jpg,https://clios.com/winners-gallery/details/196160,/awards/clio_entertainment/2025/campaigns/christmas-tv-spot-black-doves-make-it-social-2025/
2025,Clio Entertaiment,ZDFneo FEEL,ZDFneo,Shortlist,Germany,Then We Take Berlin,Audio Visual Clip-Based Spot,Audio Visual Clip-Based Spot,,https://resized-media.entries.clios.com/companies/143406/media/d0b671e2-8bed-4ecd-9f39-08ddbc6e7e05-thumbnail.0000000.jpg,https://clios.com/winners-gallery/details/196933,/awards/clio_entertainment/2025/campaigns/zdfneo-feel-zdfneo-then-we-take-berlin-2025/
2025,Clio Entertaiment,The Floor Get Lowe,Fox Entertainment,Shortlist,United States,FOX Entertainment,Audio Visual Clip-Based Spot,Audio Visual Clip-Based Spot,,https://resized-media.entries.clios.com/companies/4967/media/5d84ecc1-1536-456d-9fcf-08ddbc6e7e05-thumbnail.0000000.jpg,https://clios.com/winners-gallery/details/197110,/awards/clio_entertainment/2025/campaigns/the-floor-get-lowe-fox-entertainment-fox-entertainment-2025/
2025,Clio Entertaiment,Matt Damon Roasts Andrew Schulz’s New Netflix Special,Andrew Schulz Life,Shortlist,United States,BOND,Audio Visual Special Shoot Spot,Audio Visual Special Shoot Spot,,https://resized-media.entries.clios.com/companies/4830/media/f478d013-407f-4ca2-82c5-08dda8280727-thumbnail.0000000.jpg,https://clios.com/winners-gallery/details/194856,/awards/clio_entertainment/2025/campaigns/matt-damon-roasts-andrew-schulzs-new-netflix-special-andrew-schulz-life-bond-2025/
2025,Clio Entertaiment,Alien Earth - 30 Reflections,FX,Shortlist,United States,FX,Audio Visual Special Shoot Spot,Audio Visual Special Shoot Spot,,https://resized-media.entries.clios.com/companies/4559/media/cf510b62-21e6-4c69-4276-08dda8286ac6-thumbnail.0000000.jpg,https://clios.com/winners-gallery/details/195437,/awards/clio_entertainment/2025/campaigns/alien-earth-30-reflections-fx-fx-2025-3/
2025,Clio Entertaiment,Guilty Pleasure,The White Lotus S3,Shortlist,United States,Create Advertising Group,Audio Visual Teaser,Audio Visual Teaser,,https://resized-media.entries.clios.com/companies/4951/media/7a00fc24-568f-40ee-9f5f-08ddca1e8d72-thumbnail.0000000.jpg,https://clios.com/winners-gallery/details/198963,/awards/clio_entertainment/2025/campaigns/guilty-pleasure-the-white-lotus-s3-create-advertising-group-2025/
2025,Clio Entertaiment,Trouble,IT Welcome to Derry,Shortlist,United States,Zealot Inc,Audio Visual Teaser,Audio Visual Teaser,,https://resized-media.entries.clios.com/companies/2177/media/bfb93923-c6dc-4ec6-a7af-08ddca1e8d72-thumbnail.0000000.jpg,https://clios.com/winners-gallery/details/200621,/awards/clio_entertainment/2025/campaigns/trouble-it-welcome-to-derry-zealot-inc-2025/
2025,Clio Entertaiment,Oops,Back in Action,Shortlist,United States,AV Squad,Audio Visual Teaser,Audio Visual Teaser,,https://resized-media.entries.clios.com/companies/4977/media/188fe998-73dc-4514-a2fe-08ddca1e8d72-thumbnail.0000000.jpg,https://clios.com/winners-gallery/details/200018,/awards/clio_entertainment/2025/campaigns/oops-back-in-action-av-squad-2025/
2025,Clio Entertaiment,Play,Not a Box,Shortlist,United States,X-AV,Audio Visual Trailer,Audio Visual Trailer,,https://resized-media.entries.clios.com/companies/4946/media/d4c7a856-df81-469e-4313-08ddbc3a4ea4-thumbnail.0000000.jpg,https://clios.com/winners-gallery/details/197345,/awards/clio_entertainment/2025/campaigns/play-not-a-box-x-av-2025/
2025,Clio Entertaiment,Genius MLK-X Trailer,National Geographic,Shortlist,United States,National Geographic,Audio Visual Trailer,Audio Visual Trailer,,https://resized-media.entries.clios.com/companies/4339/media/68b63cc2-32bc-4f42-9dc3-08ddbc6e7e05-thumbnail.0000000.jpg,https://clios.com/winners-gallery/details/196511,/awards/clio_entertainment/2025/campaigns/genius-mlk-x-trailer-national-geographic-national-geographic-2025/
2025,Clio Entertaiment,Traitors,Industry,Shortlist,United States,Jax,Audio Visual Trailer,Audio Visual Trailer,,https://resized-media.entries.clios.com/companies/5183/media/87cb59dd-e680-4761-a087-08ddbc6e7e05-thumbnail.0000000.jpg,https://clios.com/winners-gallery/details/197264,/awards/clio_entertainment/2025/campaigns/traitors-industry-jax-2025/
2025,Clio Entertaiment,Dream,Fight For Glory World Series 2024,Shortlist,United States,MOCEAN,Audio Visual Trailer,Audio Visual Trailer,,https://resized-media.entries.clios.com/companies/813/media/cf89ffa9-af57-47a2-03d4-08dd8372b990-thumbnail.0000000.jpg,https://clios.com/winners-gallery/details/193697,/awards/clio_entertainment/2025/campaigns/dream-fight-for-glory-world-series-2024-mocean-2025/
2025,Clio Entertaiment,Crew,Play Dirty,Shortlist,United States,AV Squad,Audio Visual Trailer,Audio Visual Trailer,,https://resized-media.entries.clios.com/companies/4977/media/b742a9fb-26f3-4473-60c9-08ddda7db5d2-thumbnail.0000000.jpg,https://clios.com/winners-gallery/details/202211,/awards/clio_entertainment/2025/campaigns/crew-play-dirty-av-squad-2025/
2025,Clio Entertaiment,Deals of Desire,Walmart,Shortlist,United States,Publicis Groupe,Branded Entertainment & Content,Brand Promo,,https://resized-media.entries.clios.com/companies/2714/media/0047eeff-0866-4abe-5fab-08ddda7db5d2-medium.jpg.webp,https://clios.com/winners-gallery/details/201835,/awards/clio_entertainment/2025/campaigns/deals-of-desire-walmart-publicis-groupe-2025-3/
2025,Clio Entertaiment,Hulu on Disney- Launch,Disney-,Shortlist,United States,Disney-,Branded Entertainment & Content,Brand Promo,,https://resized-media.entries.clios.com/companies/5663/media/47567dfe-fd2b-49ed-9d00-08ddcf598d69-medium.png.webp,https://clios.com/winners-gallery/details/201422,/awards/clio_entertainment/2025/campaigns/hulu-on-disney-launch-disney-disney-2025/
2025,Clio Entertaiment,The Pitt Our Stories to Tell,HBO,Shortlist,United States,HBO-MAX Marketing AV,Branded Entertainment & Content,Diversity in Storytelling,,https://resized-media.entries.clios.com/companies/5072/media/85d879dc-8855-48e9-ab91-08ddca1e8d72-medium.jpg.webp,https://clios.com/winners-gallery/details/201796,/awards/clio_entertainment/2025/campaigns/the-pitt-our-stories-to-tell-hbo-hbo-max-marketing-av-2025/
2025,Clio Entertaiment,Body Swap,Netflix,Shortlist,United States,AKQA,Branded Entertainment & Content,Experiential & Activations,,https://resized-media.entries.clios.com/companies/141718/media/430568d1-b73b-43b0-80aa-08dda8280727-medium.jpg.webp,https://clios.com/winners-gallery/details/194359,/awards/clio_entertainment/2025/campaigns/body-swap-netflix-akqa-2025-8/
2025,Clio Entertaiment,THE TARGARYEN ROYAL GALLERY,MAX,Shortlist,Spain,iProspect Dentsu,Branded Entertainment & Content,Experiential & Activations,,https://resized-media.entries.clios.com/companies/143276/media/d43fea58-8b90-4652-81b1-08dda8280727-medium.jpg.webp,https://clios.com/winners-gallery/details/194514,/awards/clio_entertainment/2025/campaigns/the-targaryen-royal-gallery-max-iprospect-dentsu-2025/
2025,Clio Entertaiment,BRAIN ON PRIME,PRIME VIDEO,Shortlist,Canada,We Are Social Canada,Branded Entertainment & Content,Influencer & Talent Storytelling,,https://resized-media.entries.clios.com/companies/140437/media/fb64adfa-86be-486b-a05c-08ddbc6e7e05-medium.png.webp,https://clios.com/winners-gallery/details/195291,/awards/clio_entertainment/2025/campaigns/brain-on-prime-prime-video-we-are-social-canada-2025-2/
2025,Clio Entertaiment,Paramount Network 10th Anniversary Ident,PARAMOUNT CREATIVE MTVE INTERNATIONAL,Shortlist,Hungary,PARAMOUNT CREATIVE MTVE INTERNATIONAL - Hungary,Design,Bumpers Idents & Interstitials,,https://resized-media.entries.clios.com/companies/4806/media/cae6c516-f883-4436-817e-08dda8280727-medium.png.webp,https://clios.com/winners-gallery/details/194527,/awards/clio_entertainment/2025/campaigns/paramount-network-10th-anniversary-ident-paramount-creative-mtve-international-paramount-creative-mtve-international-hun/
2025,Clio Entertaiment,Disney Channel Refresh Design Sizzle,Disney Channel,Shortlist,United States,Disney Branded Television,Design,Identity Package,,https://resized-media.entries.clios.com/companies/4957/media/128cada4-f037-49d4-4897-08ddbc3a4ea4-medium.png.webp,https://clios.com/winners-gallery/details/198956,/awards/clio_entertainment/2025/campaigns/disney-channel-refresh-design-sizzle-disney-channel-disney-branded-television-2025/
2025,Clio Entertaiment,Hulu Hispanic Heritage Month,Hulu,Shortlist,United States,BIEN,Design,Identity Package,,https://resized-media.entries.clios.com/companies/5818/media/d5f99ca3-9041-49fd-8016-08dda8280727-thumbnail.0000000.jpg,https://clios.com/winners-gallery/details/194492,/awards/clio_entertainment/2025/campaigns/hulu-hispanic-heritage-month-hulu-bien-2025/
2025,Clio Entertaiment,Its Always Sunny S17 - 15 Rat ID,FX,Shortlist,United States,FX,Design,Motion Graphics,,https://resized-media.entries.clios.com/companies/4559/media/3b335e5b-e780-49af-8404-08dda8280727-medium.jpg.webp,https://clios.com/winners-gallery/details/195195,/awards/clio_entertainment/2025/campaigns/its-always-sunny-s17-15-rat-id-fx-fx-2025-2/
2025,Clio Entertaiment,Paramount Network Movies Killer Classics,Paramount Network,Shortlist,United States,MTV Entertainment Studios and Kids & Family,Design,Motion Graphics,,https://resized-media.entries.clios.com/companies/2542/media/7a1db7b4-a612-4ee5-a297-08ddca1e8d72-medium.png.webp,https://clios.com/winners-gallery/details/199901,/awards/clio_entertainment/2025/campaigns/paramount-network-movies-killer-classics-paramount-network-mtv-entertainment-studios-and-kids-and-family-2025/
2025,Clio Entertaiment,Welcome Back,Severance S2,Shortlist,United States,Wild Card Creative Group,Design,Motion Graphics,,https://resized-media.entries.clios.com/companies/4522/media/16bdedca-56f3-470e-457d-08ddbc3a4ea4-medium.jpg.webp,https://clios.com/winners-gallery/details/193593,/awards/clio_entertainment/2025/campaigns/welcome-back-severance-s2-wild-card-creative-group-2025-4/
2025,Clio Entertaiment,Welcome To Wrexham S3,FX,Shortlist,United States,FX,Design,Motion Graphics,,https://resized-media.entries.clios.com/companies/4559/media/cc952770-ef9f-4ee7-8280-08dda8280727-medium.jpg.webp,https://clios.com/winners-gallery/details/194758,/awards/clio_entertainment/2025/campaigns/welcome-to-wrexham-s3-fx-fx-2025/
2025,Clio Entertaiment,CES Date Announcement Reveal,The Last Of Us S2,Shortlist,United States,Create Advertising Group,Design,Special Design Promo,,https://resized-media.entries.clios.com/companies/4951/media/e7b21559-b915-44ea-9fef-08ddca1e8d72-thumbnail.0000000.jpg,https://clios.com/winners-gallery/details/199142,/awards/clio_entertainment/2025/campaigns/ces-date-announcement-reveal-the-last-of-us-s2-create-advertising-group-2025/
2025,Clio Entertaiment,The Big Fix,Audible,Shortlist,United States,Makiné Studios,Design,Special Design Promo,,https://resized-media.entries.clios.com/companies/143799/media/d5113b53-f374-4a31-9d58-08ddcf598d69-medium.png.webp,https://clios.com/winners-gallery/details/200644,/awards/clio_entertainment/2025/campaigns/the-big-fix-audible-makine-studios-2025/
2025,Clio Entertaiment,FXs Grotesquerie - The Feast,FX,Shortlist,United States,FX,Experiential & Activations,Consumer,,https://resized-media.entries.clios.com/companies/4559/media/8d978a7c-7161-41ee-af11-08ddca1e8d72-medium.jpg.webp,https://clios.com/winners-gallery/details/202439,/awards/clio_entertainment/2025/campaigns/fxs-grotesquerie-the-feast-fx-fx-2025/
2025,Clio Entertaiment,OVERNIGHTMARE,Peacock,Shortlist,United States,IHEARTCOMIX,Experiential & Activations,Consumer,,https://resized-media.entries.clios.com/companies/5727/media/e1fd5aa6-6d80-433d-9f7f-08ddbc6e7e05-thumbnail.0000000.jpg,https://clios.com/winners-gallery/details/196888,/awards/clio_entertainment/2025/campaigns/overnightmare-peacock-iheartcomix-2025-2/
2025,Clio Entertaiment,Hacks IRL A Campaign That Broke the Fourth Wall,HBO Max,Shortlist,United States,HBO Max,Experiential & Activations,Special Event & Stunt,,https://resized-media.entries.clios.com/companies/5072/media/fa9e9865-a692-47a0-a77a-08ddca1e8d72-thumbnail.0000000.jpg,https://clios.com/winners-gallery/details/203259,/awards/clio_entertainment/2025/campaigns/hacks-irl-a-campaign-that-broke-the-fourth-wall-hbo-max-hbo-max-2025/
2025,Clio Entertaiment,Live From New York The SNL50 Experience,NBC,Shortlist,United States,NVE Experience Agency,Experiential & Activations,Special Event & Stunt,,https://resized-media.entries.clios.com/companies/651/media/13c19e21-840a-4ec6-aa22-08ddca1e8d72-medium.jpg.webp,https://clios.com/winners-gallery/details/201798,/awards/clio_entertainment/2025/campaigns/live-from-new-york-the-snl50-experience-nbc-nve-experience-agency-2025-2/
2025,Clio Entertaiment,PLATFORM 0 (The Last Of Us),Max Spain,Shortlist,Spain,CYW,Experiential & Activations,Special Event & Stunt,,https://resized-media.entries.clios.com/companies/5103/media/bc503030-401a-40ab-42df-08dda8286ac6-medium.jpg.webp,https://clios.com/winners-gallery/details/195362,/awards/clio_entertainment/2025/campaigns/platform-0-the-last-of-us-max-spain-cyw-2025-4/
2025,Clio Entertaiment,The Snub Heard Around The World,Netflix,Shortlist,United States,Netflix,Experiential & Activations,Special Event & Stunt,,https://resized-media.entries.clios.com/companies/142252/media/7193a638-11fb-4b20-477f-08ddbc3a4ea4-medium.jpg.webp,https://clios.com/winners-gallery/details/198610,/awards/clio_entertainment/2025/campaigns/the-snub-heard-around-the-world-netflix-netflix-2025-2/
2025,Clio Entertaiment,THE TARGARYEN ROYAL GALLERY,MAX,Shortlist,Spain,iProspect Dentsu,Experiential & Activations,Special Event & Stunt,,https://resized-media.entries.clios.com/companies/143276/media/d43fea58-8b90-4652-81b1-08dda8280727-medium.jpg.webp,https://clios.com/winners-gallery/details/194584,/awards/clio_entertainment/2025/campaigns/the-targaryen-royal-gallery-max-iprospect-dentsu-2025-2/
2025,Clio Entertaiment,FXs Grotesquerie - The Feast,FX,Shortlist,United States,FX,Fan Engagement,‌Other,,https://resized-media.entries.clios.com/companies/4559/media/8d978a7c-7161-41ee-af11-08ddca1e8d72-medium.jpg.webp,https://clios.com/winners-gallery/details/202484,/awards/clio_entertainment/2025/campaigns/fxs-grotesquerie-the-feast-fx-fx-2025-2/
2025,Clio Entertaiment,Wednesdays The Meal of Misfortune comes to LA,Netflix & The Wendys Company,Shortlist,United States,TMA,Fan Engagement,Partnerships,,https://resized-media.entries.clios.com/companies/143783/media/0b9b2167-2cf3-4d3a-fdae-08ddda84979b-medium.png.webp,https://clios.com/winners-gallery/details/200432,/awards/clio_entertainment/2025/campaigns/wednesdays-the-meal-of-misfortune-comes-to-la-netflix-and-the-wendys-company-tma-2025/
2025,Clio Entertaiment,Bring Korea To The World - Squid Games Season 2 Launch,Netflix,Shortlist,United States,Founders Agency,Fan Engagement,Social Media,,https://resized-media.entries.clios.com/companies/5398/media/2c61584f-7606-4b72-ad7b-08ddca1e8d72-medium.png.webp,https://clios.com/winners-gallery/details/202220,/awards/clio_entertainment/2025/campaigns/bring-korea-to-the-world-squid-games-season-2-launch-netflix-founders-agency-2025-6/
2025,Clio Entertaiment,Bring Korea To Trend Worldwide,Netflix,Shortlist,South Korea,Netflix,Fan Engagement,Social Media,,https://resized-media.entries.clios.com/companies/4733/media/639402b0-9147-4012-fbc2-08ddda84979b-medium.jpg.webp,https://clios.com/winners-gallery/details/203130,/awards/clio_entertainment/2025/campaigns/bring-korea-to-trend-worldwide-netflix-netflix-2025-2/
2025,Clio Entertaiment,FXs Grotesquerie - Symphony of Screams,FX Networks,Shortlist,United States,FX,Innovation,Innovation,,https://resized-media.entries.clios.com/companies/4559/media/c66dcfc9-348c-4fde-af79-08ddca1e8d72-thumbnail.0000000.jpg,https://clios.com/winners-gallery/details/202469,/awards/clio_entertainment/2025/campaigns/fxs-grotesquerie-symphony-of-screams-fx-networks-fx-2025/
2025,Clio Entertaiment,Goosebumps The Vanishing 360 Campaign,Goosebumps The Vanishing,Shortlist,United States,Disney Branded Television,Integrated Campaign,Integrated Campaign,,https://resized-media.entries.clios.com/companies/4957/media/a85df0b9-8747-456b-48c9-08ddbc3a4ea4-medium.png.webp,https://clios.com/winners-gallery/details/199003,/awards/clio_entertainment/2025/campaigns/goosebumps-the-vanishing-360-campaign-goosebumps-the-vanishing-disney-branded-television-2025/
2025,Clio Entertaiment,The Lord of the Rings The Rings of Power S2 Marketing Campaign,Amazon MGM Studios,Shortlist,United States,Amazon MGM Studios,Integrated Campaign,Integrated Campaign,,https://resized-media.entries.clios.com/companies/143301/media/57ef21a4-68b2-4add-8414-08dda8280727-thumbnail.0000000.jpg,https://clios.com/winners-gallery/details/195009,/awards/clio_entertainment/2025/campaigns/the-lord-of-the-rings-the-rings-of-power-s2-marketing-campaign-amazon-mgm-studios-amazon-mgm-studios-2025/
2025,Clio Entertaiment,Terminator Zero - 90s Manga poster,Netflix,Shortlist,Japan,Netflix Creative Studio,Key Art,‌Other,,https://resized-media.entries.clios.com/companies/4733/media/fc386871-89c9-41c8-4201-08dda8286ac6-medium.jpg.webp,https://clios.com/winners-gallery/details/194976,/awards/clio_entertainment/2025/campaigns/terminator-zero-90s-manga-poster-netflix-netflix-creative-studio-2025/
2025,Clio Entertaiment,The Studio Spiral,The Studio,Shortlist,United States,GrandSon,Key Art,Domestic Poster,,https://resized-media.entries.clios.com/companies/4926/media/e60ac564-db6c-4133-84a9-08dda8280727-medium.png.webp,https://clios.com/winners-gallery/details/195385,/awards/clio_entertainment/2025/campaigns/the-studio-spiral-the-studio-grandson-2025/
2025,Clio Entertaiment,Puppet Master Teaser,Agatha All Along,Shortlist,United States,Art Machine - a Trailer Park Group Company,Key Art,Teaser Poster,,https://resized-media.entries.clios.com/companies/5129/media/620e404e-c35d-4f31-9a03-08ddcf598d69-medium.jpg.webp,https://clios.com/winners-gallery/details/200665,/awards/clio_entertainment/2025/campaigns/puppet-master-teaser-agatha-all-along-art-machine-a-trailer-park-group-company-2025/
2025,Clio Entertaiment,The Oscars Conan Teaser Poster,ABC,Shortlist,United States,ABC,Key Art,Teaser Poster,,https://resized-media.entries.clios.com/companies/4657/media/61784ec4-a1ec-4c2b-a162-08ddbc6e7e05-medium.jpg.webp,https://clios.com/winners-gallery/details/197493,/awards/clio_entertainment/2025/campaigns/the-oscars-conan-teaser-poster-abc-abc-2025/
2025,Clio Entertaiment,Woman of the Hour,Netflix,Shortlist,United States,P-A,Key Art,Teaser Poster,,https://resized-media.entries.clios.com/companies/5182/media/5c39554f-58c1-4edb-4119-08ddbc3a4ea4-medium.jpg.webp,https://clios.com/winners-gallery/details/196830,/awards/clio_entertainment/2025/campaigns/woman-of-the-hour-netflix-p-a-2025-2/
2025,Clio Entertaiment,His Three Daughters Illustration,His Three Daughters,Shortlist,United States,GrandSon,Key Art Craft,Use of Illustration,,https://resized-media.entries.clios.com/companies/4926/media/c49d59b6-82da-4294-4384-08dda8286ac6-medium.jpg.webp,https://clios.com/winners-gallery/details/195418,/awards/clio_entertainment/2025/campaigns/his-three-daughters-illustration-his-three-daughters-grandson-2025/
2025,Clio Entertaiment,Alien Earth - Xenodome Horizontal,FX Networks,Shortlist,United States,FX,Key Art Craft,Use of Photography,,https://resized-media.entries.clios.com/companies/4559/media/5995822d-c909-47cc-9d03-08ddcf598d69-medium.jpg.webp,https://clios.com/winners-gallery/details/201288,/awards/clio_entertainment/2025/campaigns/alien-earth-xenodome-horizontal-fx-networks-fx-2025/
2025,Clio Entertaiment,Grotesquerie - White Nun in Pool,FX Networks,Shortlist,United States,FX,Key Art Craft,Use of Photography,,https://resized-media.entries.clios.com/companies/4559/media/9e919d3d-720a-49e7-034d-08dd8372b990-medium.jpg.webp,https://clios.com/winners-gallery/details/192822,/awards/clio_entertainment/2025/campaigns/grotesquerie-white-nun-in-pool-fx-networks-fx-2025/
2025,Clio Entertaiment,Hype Sizzle,Peacemaker S2,Shortlist,United States,MOCEAN,Original Content,Behind the Scenes,,https://resized-media.entries.clios.com/companies/813/media/e1aefd26-aa22-4650-996b-08ddcf598d69-medium.jpg.webp,https://clios.com/winners-gallery/details/200545,/awards/clio_entertainment/2025/campaigns/hype-sizzle-peacemaker-s2-mocean-2025/
2025,Clio Entertaiment,Only Murders in the Building Season 4 Unlocking The Mystery Series,Hulu Originals,Shortlist,United States,Hulu Originals,Original Content,Behind the Scenes,,https://resized-media.entries.clios.com/companies/4885/media/5a43a9c6-0ea8-42d1-a2a0-08ddbc6e7e05-medium.png.webp,https://clios.com/winners-gallery/details/197893,/awards/clio_entertainment/2025/campaigns/only-murders-in-the-building-season-4-unlocking-the-mystery-series-hulu-originals-hulu-originals-2025/
2025,Clio Entertaiment,The Making of American Primeval,Netflix,Shortlist,United States,Netflix,Original Content,Behind the Scenes,,https://resized-media.entries.clios.com/companies/4648/media/63e6018f-1911-4b58-42b4-08ddbc3a4ea4-medium.jpg.webp,https://clios.com/winners-gallery/details/197228,/awards/clio_entertainment/2025/campaigns/the-making-of-american-primeval-netflix-netflix-2025-2/
2025,Clio Entertaiment,A Premiere Arrival Fit For a President,Prime Video - G20 Movie,Shortlist,United States,Glass Engine,Original Content,Creative Content,,https://resized-media.entries.clios.com/companies/142875/media/108a4dd1-49dd-4f0a-379f-08dd7f571b9e-thumbnail.0000000.jpg,https://clios.com/winners-gallery/details/192157,/awards/clio_entertainment/2025/campaigns/a-premiere-arrival-fit-for-a-president-prime-video-g20-movie-glass-engine-2025/
2025,Clio Entertaiment,Grandparents React to Underdogs,Underdogs,Shortlist,United States,National Geographic,Original Content,Creative Content,,https://resized-media.entries.clios.com/companies/4339/media/3a8c7a31-e334-494b-4038-08ddbc3a4ea4-medium.png.webp,https://clios.com/winners-gallery/details/196552,/awards/clio_entertainment/2025/campaigns/grandparents-react-to-underdogs-underdogs-national-geographic-2025/
2025,Clio Entertaiment,The Righteous Gemstones S4 | The First Gemstone,HBO,Shortlist,United States,HBO MAX Marketing AV,Original Content,Creative Content,,https://resized-media.entries.clios.com/companies/5072/media/6ceb566c-37b9-4fec-ac2d-08ddca1e8d72-medium.png.webp,https://clios.com/winners-gallery/details/201950,/awards/clio_entertainment/2025/campaigns/the-righteous-gemstones-s4-the-first-gemstone-hbo-hbo-max-marketing-av-2025/
2025,Clio Entertaiment,The Tonight Show Starring Jimmy Fallon Digital Originals,The Tonight Show Starring Jimmy Fallon,Shortlist,United States,NBCUniversal,Original Content,Creative Content,,https://resized-media.entries.clios.com/companies/143257/media/503f50f7-81a4-4cad-40cf-08dda8286ac6-medium.jpg.webp,https://clios.com/winners-gallery/details/194640,/awards/clio_entertainment/2025/campaigns/the-tonight-show-starring-jimmy-fallon-digital-originals-the-tonight-show-starring-jimmy-fallon-nbcuniversal-2025/
2025,Clio Entertaiment,The Power Choice Awards,STARZ,Shortlist,United States,Wild Card Creative Group,Original Content,Live Stream & Podcast,,https://resized-media.entries.clios.com/companies/4522/media/9a5d7f5e-4b72-4638-9db6-08ddcf598d69-thumbnail.0000000.jpg,https://clios.com/winners-gallery/details/194773,/awards/clio_entertainment/2025/campaigns/the-power-choice-awards-starz-wild-card-creative-group-2025/
2025,Clio Entertaiment,Axel Fs Car Window,Netflix,Shortlist,Germany,Agentur XY GmbH,Out of Home,Mural,,https://resized-media.entries.clios.com/companies/4567/media/415af5f0-6fa4-4486-aa92-08dd8c8288b4-medium.jpg.webp,https://clios.com/winners-gallery/details/192865,/awards/clio_entertainment/2025/campaigns/axel-fs-car-window-netflix-agentur-xy-gmbh-2025/
2025,Clio Entertaiment,WITCHES ROAD TAKEOVER,AGATHA ALL ALONG,Shortlist,United States,eclipse,Out of Home,Takeover,,https://resized-media.entries.clios.com/companies/4952/media/061f7a6d-a8d0-4c1e-5c88-08ddda7db5d2-medium.jpg.webp,https://clios.com/winners-gallery/details/202269,/awards/clio_entertainment/2025/campaigns/witches-road-takeover-agatha-all-along-eclipse-2025/
2025,Clio Entertaiment,YOU DONT HAVE TO SPEAK IT TO LOVE IT,Netflix,Shortlist,United States,Netflix,Out of Home,Takeover,,https://resized-media.entries.clios.com/companies/3930/media/557d927c-5dcb-448f-6049-08ddda7db5d2-medium.png.webp,https://clios.com/winners-gallery/details/203409,/awards/clio_entertainment/2025/campaigns/you-dont-have-to-speak-it-to-love-it-netflix-netflix-2025-2/
2025,Clio Entertaiment,Transit Campaign,Wednesday S2,Shortlist,United States,MOCEAN,Out of Home,Transit,,https://resized-media.entries.clios.com/companies/813/media/eba88543-0c03-4060-4254-08ddbc3a4ea4-medium.jpg.webp,https://clios.com/winners-gallery/details/196741,/awards/clio_entertainment/2025/campaigns/transit-campaign-wednesday-s2-mocean-2025/
2025,Clio Entertaiment,Alien Earth - Hollywood & Vine Barricade,FX Networks,Shortlist,United States,FX,Out of Home,Wild Post,,https://resized-media.entries.clios.com/companies/4559/media/a9c20c4b-7c58-4b68-a8d2-08ddca1e8d72-medium.jpg.webp,https://clios.com/winners-gallery/details/201377,/awards/clio_entertainment/2025/campaigns/alien-earth-hollywood-and-vine-barricade-fx-networks-fx-2025/
2025,Clio Entertaiment,Fall Awards FYC Advent Calendar - 2025 Countdown,Amazon MGM Studios - Multi-title,Shortlist,United States,Makelike Design,Public Relations,For-Your-Consideration,,https://resized-media.entries.clios.com/companies/5135/media/5b3a83a7-0987-47db-4302-08dda8286ac6-medium.jpg.webp,https://clios.com/winners-gallery/details/195260,/awards/clio_entertainment/2025/campaigns/fall-awards-fyc-advent-calendar-2025-countdown-amazon-mgm-studios-multi-title-makelike-design-2025-2/
2025,Clio Entertaiment,Yellowjackets,Paramount-,Shortlist,United Kingdom,TCO London,Public Relations,For-Your-Consideration,,https://resized-media.entries.clios.com/companies/5156/media/908a1e89-9bb4-4cd6-a18b-08ddca1e8d72-medium.JPG.webp,https://clios.com/winners-gallery/details/198271,/awards/clio_entertainment/2025/campaigns/yellowjackets-paramount-tco-london-2025/
2025,Clio Entertaiment,The Handmaids Tale Season 6 Walking Handmaids Stunt,Hulu Originals,Shortlist,United States,Hulu Originals,Public Relations,Press Tour Red Carpet & Stunt,,https://resized-media.entries.clios.com/companies/4885/media/b3d8e4fa-3bc7-4892-48ca-08ddbc3a4ea4-medium.png.webp,https://clios.com/winners-gallery/details/199004,/awards/clio_entertainment/2025/campaigns/the-handmaids-tale-season-6-walking-handmaids-stunt-hulu-originals-hulu-originals-2025/
2025,Clio Entertaiment,And Just Like That Hot Fellas Bakery,HBO Max,Shortlist,United States,HBO Max,Public Relations,Use of Influencer & Talent,,https://resized-media.entries.clios.com/companies/5072/media/7aede0d6-cb70-4beb-95e2-08ddcf598d69-thumbnail.0000000.jpg,https://clios.com/winners-gallery/details/199522,/awards/clio_entertainment/2025/campaigns/and-just-like-that-hot-fellas-bakery-hbo-max-hbo-max-2025/
2025,Clio Entertaiment,Mission Impossible – The Final Reckoning AV Campaign,Mission Impossible – The Final Reckoning,Shortlist,United States,AV Squad,Audio Visual Campaign,Audio Visual Campaign,,https://resized-media.entries.clios.com/companies/4977/media/d873a604-6f25-4e9c-a448-08ddca1e8d72-thumbnail.0000000.jpg,https://clios.com/winners-gallery/details/200427,/awards/clio_entertainment/2025/campaigns/mission-impossible-the-final-reckoning-av-campaign-mission-impossible-the-final-reckoning-av-squad-2025/
2025,Clio Entertaiment,Dilate,Together,Shortlist,United States,Requiem,Audio Visual Craft,Sound Design,,https://resized-media.entries.clios.com/companies/143294/media/2b98d28e-4e89-43c3-a70b-08ddca1e8d72-thumbnail.0000000.jpg,https://clios.com/winners-gallery/details/201118,/awards/clio_entertainment/2025/campaigns/dilate-together-requiem-2025-3/
2025,Clio Entertaiment,Restricted Access - Alien Romulus at JFK Tunnel,Alien Romulus,Shortlist,United States,The M Factor,Audio Visual Craft,Sound Design,,https://resized-media.entries.clios.com/companies/5647/media/b0f2c21a-827a-446f-a437-08ddcf598d69-medium.png.webp,https://clios.com/winners-gallery/details/203012,/awards/clio_entertainment/2025/campaigns/restricted-access-alien-romulus-at-jfk-tunnel-alien-romulus-the-m-factor-2025/
2025,Clio Entertaiment,The Bachelorette x Marvel Studios’ Deadpool & Wolverine,Marvel Studios’ Deadpool & Wolverine,Shortlist,United States,Disney CreativeWorks,Audio Visual Brand Promo,Brand Ad with Entertainment IP,,https://resized-media.entries.clios.com/companies/1911/media/1939c948-5458-453b-a272-08ddcf598d69-thumbnail.0000000.jpg,https://clios.com/winners-gallery/details/202213,/awards/clio_entertainment/2025/campaigns/the-bachelorette-x-marvel-studios-deadpool-and-wolverine-marvel-studios-deadpool-and-wolverine-disney-creativeworks-20-5/
2025,Clio Entertaiment,Asked,Elio,Shortlist,United States,InSync PLUS,Audio Visual Spot,Audio Visual Spot,,https://resized-media.entries.clios.com/companies/143307/media/cd9b0dd0-41b4-4731-8490-08dda8280727-thumbnail.0000000.jpg,https://clios.com/winners-gallery/details/195387,/awards/clio_entertainment/2025/campaigns/asked-elio-insync-plus-2025/
2025,Clio Entertaiment,Divine Monsters,Death of a Unicorn,Shortlist,United States,AV Squad,Audio Visual Spot,Audio Visual Spot,,https://resized-media.entries.clios.com/companies/4977/media/5713ef3a-6bac-4f13-a235-08ddcf598d69-thumbnail.0000000.jpg,https://clios.com/winners-gallery/details/202174,/awards/clio_entertainment/2025/campaigns/divine-monsters-death-of-a-unicorn-av-squad-2025/
2025,Clio Entertaiment,Alpha,28 Years Later,Shortlist,United States,AV Squad,Audio Visual Spot,Audio Visual Spot,,https://resized-media.entries.clios.com/companies/4977/media/98d2b8c4-1162-468e-a2c5-08ddca1e8d72-thumbnail.0000000.jpg,https://clios.com/winners-gallery/details/199978,/awards/clio_entertainment/2025/campaigns/alpha-28-years-later-av-squad-2025/
2025,Clio Entertaiment,HIM Worship 30,HIM,Shortlist,United States,TRANSIT,Audio Visual Spot,Audio Visual Spot,,https://resized-media.entries.clios.com/companies/2123/media/dfae4d6c-ebe6-4e20-f95e-08ddda84979b-thumbnail.0000000.jpg,https://clios.com/winners-gallery/details/202102,/awards/clio_entertainment/2025/campaigns/him-worship-30-him-transit-2025/
2025,Clio Entertaiment,FORGET,THE ACTOR,Shortlist,United States,LIVEBAD CREATIVE,Audio Visual Spot,Audio Visual Spot,,https://resized-media.entries.clios.com/companies/142802/media/009651e5-c55f-439c-3f24-08dda8286ac6-thumbnail.0000000.jpg,https://clios.com/winners-gallery/details/194269,/awards/clio_entertainment/2025/campaigns/forget-the-actor-livebad-creative-2025/
2025,Clio Entertaiment,Hoppers Pond Rules,Pixar Animation Studios,Shortlist,United States,The Hive The Walt Disney Studios,Audio Visual Teaser,Audio Visual Teaser,,https://resized-media.entries.clios.com/companies/6554/media/b296e685-3ef7-4473-94b3-08ddcf598d69-thumbnail.0000000.jpg,https://clios.com/winners-gallery/details/194651,/awards/clio_entertainment/2025/campaigns/hoppers-pond-rules-pixar-animation-studios-the-hive-the-walt-disney-studios-2025/
2025,Clio Entertaiment,Understand,Deliver Me From Nowhere,Shortlist,United States,MOCEAN,Audio Visual Teaser,Audio Visual Teaser,,https://resized-media.entries.clios.com/companies/813/media/e526a925-c29d-46b1-a037-08ddbc6e7e05-thumbnail.0000000.jpg,https://clios.com/winners-gallery/details/193723,/awards/clio_entertainment/2025/campaigns/understand-deliver-me-from-nowhere-mocean-2025/
2025,Clio Entertaiment,Worlds,Tron Ares,Shortlist,United States,Wild Card Creative Group,Audio Visual Teaser,Audio Visual Teaser,,https://resized-media.entries.clios.com/companies/4522/media/a4df1019-57ac-4e9d-9c83-08ddca1e8d72-thumbnail.0000000.jpg,https://clios.com/winners-gallery/details/193777,/awards/clio_entertainment/2025/campaigns/worlds-tron-ares-wild-card-creative-group-2025/
2025,Clio Entertaiment,Transcend,HIM,Shortlist,United States,AV Squad,Audio Visual Teaser,Audio Visual Teaser,,https://resized-media.entries.clios.com/companies/4977/media/0194b0d1-700c-4855-a37d-08ddca1e8d72-thumbnail.0000000.jpg,https://clios.com/winners-gallery/details/200128,/awards/clio_entertainment/2025/campaigns/transcend-him-av-squad-2025-3/
2025,Clio Entertaiment,Piece By Piece Different,Piece By Piece,Shortlist,United States,GrandSon,Audio Visual Trailer,Audio Visual Trailer,,https://resized-media.entries.clios.com/companies/4926/media/63cf7110-f645-4cb1-82bc-08dda8280727-thumbnail.0000000.jpg,https://clios.com/winners-gallery/details/194839,/awards/clio_entertainment/2025/campaigns/piece-by-piece-different-piece-by-piece-grandson-2025/
2025,Clio Entertaiment,Change,The Bad Guys 2,Shortlist,United States,Workshop Creative,Audio Visual Trailer,Audio Visual Trailer,,https://resized-media.entries.clios.com/companies/143769/media/ec889c99-8d11-4897-a4f2-08ddca1e8d72-thumbnail.0000000.jpg,https://clios.com/winners-gallery/details/200019,/awards/clio_entertainment/2025/campaigns/change-the-bad-guys-2-workshop-creative-2025/
2025,Clio Entertaiment,Married Life,The Roses,Shortlist,United States,Empire Design,Audio Visual Trailer,Audio Visual Trailer,,https://resized-media.entries.clios.com/companies/4730/media/42f8496e-e7e0-4582-41e0-08dda8286ac6-thumbnail.0000000.jpg,https://clios.com/winners-gallery/details/194934,/awards/clio_entertainment/2025/campaigns/married-life-the-roses-empire-design-2025/
2025,Clio Entertaiment,2000 Meters to Andriivka,2000 Meters to Andriivka,Shortlist,United States,Jump Cut,Audio Visual Trailer,Audio Visual Trailer,,https://resized-media.entries.clios.com/companies/5214/media/6dc24eeb-2325-48ce-a04f-08ddbc6e7e05-thumbnail.0000000.jpg,https://clios.com/winners-gallery/details/197094,/awards/clio_entertainment/2025/campaigns/2000-meters-to-andriivka-2000-meters-to-andriivka-jump-cut-2025/
2025,Clio Entertaiment,After The Hunt – Generation,Amazon MGM Studios,Shortlist,United States,Mark Woollen & Associates,Audio Visual Trailer,Audio Visual Trailer,,https://resized-media.entries.clios.com/companies/5374/media/4bdab992-708e-4e40-a127-08ddcf598d69-thumbnail.0000000.jpg,https://clios.com/winners-gallery/details/195213,/awards/clio_entertainment/2025/campaigns/after-the-hunt-generation-amazon-mgm-studios-mark-woollen-and-associates-2025/
2025,Clio Entertaiment,Chance,A Big Bold Beautiful Journey,Shortlist,United States,Zealot Inc,Audio Visual Trailer,Audio Visual Trailer,,https://resized-media.entries.clios.com/companies/2177/media/1b831c55-d30e-44fc-4220-08ddbc3a4ea4-thumbnail.0000000.jpg,https://clios.com/winners-gallery/details/197115,/awards/clio_entertainment/2025/campaigns/chance-a-big-bold-beautiful-journey-zealot-inc-2025/
2025,Clio Entertaiment,Choose,Eternity,Shortlist,United States,Zealot Inc,Audio Visual Trailer,Audio Visual Trailer,,https://resized-media.entries.clios.com/companies/2177/media/b227f2db-506c-47d8-a788-08ddca1e8d72-thumbnail.0000000.jpg,https://clios.com/winners-gallery/details/201158,/awards/clio_entertainment/2025/campaigns/choose-eternity-zealot-inc-2025/
2025,Clio Entertaiment,Weapons– Um,Warner Bros,Shortlist,United States,Mark Woollen & Associates,Audio Visual Trailer,Audio Visual Trailer,,https://resized-media.entries.clios.com/companies/5374/media/e76a10bb-28ad-4dc4-ac5b-08ddca1e8d72-thumbnail.0000000.jpg,https://clios.com/winners-gallery/details/201904,/awards/clio_entertainment/2025/campaigns/weapons-um-warner-bros-mark-woollen-and-associates-2025/
2025,Clio Entertaiment,Cinderella,Anora,Shortlist,United States,AV Squad,Audio Visual Trailer,Audio Visual Trailer,,https://resized-media.entries.clios.com/companies/4977/media/182d880f-06d8-48ba-9773-08ddcf598d69-thumbnail.0000000.jpg,https://clios.com/winners-gallery/details/199987,/awards/clio_entertainment/2025/campaigns/cinderella-anora-av-squad-2025/
2025,Clio Entertaiment,F1 - Trailer Flying,F1,Shortlist,United States,Buddha Jones,Audio Visual Trailer,Audio Visual Trailer,,https://resized-media.entries.clios.com/companies/5221/media/f58c5dc0-9a29-4cd6-43d5-08dda8286ac6-thumbnail.0000000.jpg,https://clios.com/winners-gallery/details/195567,/awards/clio_entertainment/2025/campaigns/f1-trailer-flying-f1-buddha-jones-2025/
2025,Clio Entertaiment,Vacation,Nobody 2,Shortlist,United States,AV Squad,Audio Visual Trailer,Audio Visual Trailer,,https://resized-media.entries.clios.com/companies/4977/media/d6c755f8-4bbe-4b64-a48b-08ddca1e8d72-thumbnail.0000000.jpg,https://clios.com/winners-gallery/details/200462,/awards/clio_entertainment/2025/campaigns/vacation-nobody-2-av-squad-2025-2/
2025,Clio Entertaiment,Stitch Invades The Emoji Keyboard,Lilo & Stitch,Shortlist,United States,Walt Disney Studios,Branded Entertainment & Content,Digital Mobile & Social Media,,https://resized-media.entries.clios.com/companies/143312/media/1b2a6382-35d7-4296-9ee9-08ddca1e8d72-medium.png.webp,https://clios.com/winners-gallery/details/197244,/awards/clio_entertainment/2025/campaigns/stitch-invades-the-emoji-keyboard-lilo-and-stitch-walt-disney-studios-2025/
2025,Clio Entertaiment,The Colosseum AR-ena Comes to Life!,Gladiator II,Shortlist,United States,Paramount Pictures,Branded Entertainment & Content,New Reality,,https://resized-media.entries.clios.com/companies/5342/media/9a4886d9-2041-4de0-ae67-08ddca1e8d72-medium.png.webp,https://clios.com/winners-gallery/details/202265,/awards/clio_entertainment/2025/campaigns/the-colosseum-ar-ena-comes-to-life-gladiator-ii-paramount-pictures-2025/
2025,Clio Entertaiment,Karate Kid Legends,Sony,Shortlist,United States,Imaginary Forces,Design,Main Title & Credits,,https://resized-media.entries.clios.com/companies/4538/media/d357c2d3-d7ce-4515-8483-08dda8280727-medium.jpg.webp,https://clios.com/winners-gallery/details/195367,/awards/clio_entertainment/2025/campaigns/karate-kid-legends-sony-imaginary-forces-2025/
2025,Clio Entertaiment,Summertime Radness,Jurassic World Rebirth,Shortlist,United States,Inside Job,Digital Mobile & Social Media,Social Media,Long-Form Social Media Video,https://resized-media.entries.clios.com/companies/5316/media/7949a52a-c737-49a4-ab5f-08ddca1e8d72-medium.png.webp,https://clios.com/winners-gallery/details/201947,/awards/clio_entertainment/2025/campaigns/summertime-radness-jurassic-world-rebirth-inside-job-2025/
2025,Clio Entertaiment,Nosferatu One By One,Nosferatu,Shortlist,United States,GrandSon,Digital Mobile & Social Media,Social Media,Organic Social Media Post,https://resized-media.entries.clios.com/companies/4926/media/bcd09036-ba92-4560-8279-08dda8280727-medium.png.webp,https://clios.com/winners-gallery/details/194752,/awards/clio_entertainment/2025/campaigns/nosferatu-one-by-one-nosferatu-grandson-2025/
2025,Clio Entertaiment,STOP MOTION ACTION FIGURE DUETS,VENOM THE LAST DANCE,Shortlist,United States,eclipse,Digital Mobile & Social Media Craft,‌Other,,https://resized-media.entries.clios.com/companies/4952/media/7c356563-011f-4cc1-fa3b-08ddda84979b-medium.png.webp,https://clios.com/winners-gallery/details/202506,/awards/clio_entertainment/2025/campaigns/stop-motion-action-figure-duets-venom-the-last-dance-eclipse-2025/
2025,Clio Entertaiment,4DX,Moana 2,Shortlist,United States,Tiny Hero,Digital Mobile & Social Media Craft,Motion Graphics,,https://resized-media.entries.clios.com/companies/4875/media/bec35659-93e7-499f-a0b0-08ddca1e8d72-medium.jpg.webp,https://clios.com/winners-gallery/details/199367,/awards/clio_entertainment/2025/campaigns/4dx-moana-2-tiny-hero-2025/
2025,Clio Entertaiment,Novocaine Basketball Stunt,Paramount Pictures,Shortlist,United States,Paramount Pictures,Experiential & Activations,Special Event & Stunt,,https://resized-media.entries.clios.com/companies/4753/media/15a46466-2cd2-4ca0-9d83-08ddcf598d69-medium.jpg.webp,https://clios.com/winners-gallery/details/201279,/awards/clio_entertainment/2025/campaigns/novocaine-basketball-stunt-paramount-pictures-paramount-pictures-2025/
2025,Clio Entertaiment,Smile 2 Curses Twitch,Smile 2 Paramount Pictures,Shortlist,United States,Powster,Experiential & Activations,Special Event & Stunt,,https://resized-media.entries.clios.com/companies/3634/media/8beb1228-2783-4439-0433-08dd42f94209-medium.jpg.webp,https://clios.com/winners-gallery/details/199581,/awards/clio_entertainment/2025/campaigns/smile-2-curses-twitch-smile-2-paramount-pictures-powster-2025/
2025,Clio Entertaiment,Smile 2 Curses Twitch,Smile 2,Shortlist,United States,Powster,Fan Engagement,‌Other,,https://resized-media.entries.clios.com/companies/3634/media/8beb1228-2783-4439-0433-08dd42f94209-medium.jpg.webp,https://clios.com/winners-gallery/details/199575,/awards/clio_entertainment/2025/campaigns/smile-2-curses-twitch-smile-2-powster-2025/
2025,Clio Entertaiment,That One Sonic Edit – A TikTok Trend Explosion,Sonic the Hedgehog 3,Shortlist,Sweden,Viral Cartel,Fan Engagement,Social Media,,https://resized-media.entries.clios.com/companies/143273/media/7ac8c61a-bc09-4be5-421b-08dda8286ac6-medium.jpg.webp,https://clios.com/winners-gallery/details/194252,/awards/clio_entertainment/2025/campaigns/that-one-sonic-edit-a-tiktok-trend-explosion-sonic-the-hedgehog-3-viral-cartel-2025/
2025,Clio Entertaiment,Bad Dog,Disney,Shortlist,United States,CALLEN,Innovation,Innovation,,https://resized-media.entries.clios.com/companies/1815/media/6183743b-1f23-4012-629b-08ddda7db5d2-medium.jpg.webp,https://clios.com/winners-gallery/details/204138,/awards/clio_entertainment/2025/campaigns/bad-dog-disney-callen-2025-2/
2025,Clio Entertaiment,Real-Time Stitch,Lilo & Stitch,Shortlist,United States,Walt Disney Studios,Innovation,Innovation,,https://resized-media.entries.clios.com/companies/143312/media/98b5b767-dfc2-4e45-45c3-08ddbc3a4ea4-thumbnail.0000000.jpg,https://clios.com/winners-gallery/details/197255,/awards/clio_entertainment/2025/campaigns/real-time-stitch-lilo-and-stitch-walt-disney-studios-2025-2/
2025,Clio Entertaiment,Stitch Takes Over The World (And The Internet),Lilo & Stitch,Shortlist,United States,Walt Disney Studios,Integrated Campaign,Integrated Campaign,,https://resized-media.entries.clios.com/companies/143312/media/d1f02230-b9a9-47a9-a04d-08ddbc6e7e05-medium.jpeg.webp,https://clios.com/winners-gallery/details/196618,/awards/clio_entertainment/2025/campaigns/stitch-takes-over-the-world-and-the-internet-lilo-and-stitch-walt-disney-studios-2025/
2025,Clio Entertaiment,Americana | Character Posters,Americana,Shortlist,United States,Fable,Key Art,Character Poster,,https://resized-media.entries.clios.com/companies/4646/media/05549978-e219-449a-a523-08ddcf598d69-medium.jpg.webp,https://clios.com/winners-gallery/details/202154,/awards/clio_entertainment/2025/campaigns/americana-character-posters-americana-fable-2025/
2025,Clio Entertaiment,Anora Payoff,Anora,Shortlist,United States,GrandSon,Key Art,Domestic Poster,,https://resized-media.entries.clios.com/companies/4926/media/295418b1-2369-49e1-4181-08dda8286ac6-medium.jpg.webp,https://clios.com/winners-gallery/details/194853,/awards/clio_entertainment/2025/campaigns/anora-payoff-anora-grandson-2025/
2025,Clio Entertaiment,Men of War,Neon,Shortlist,United States,Greenlight Creative,Key Art,Domestic Poster,,https://resized-media.entries.clios.com/companies/142999/media/93c092de-014b-4507-42be-08ddbc3a4ea4-medium.jpg.webp,https://clios.com/winners-gallery/details/197254,/awards/clio_entertainment/2025/campaigns/men-of-war-neon-greenlight-creative-2025/
2025,Clio Entertaiment,The Monkey Knife,The Monkey,Shortlist,United States,GrandSon,Key Art,Hero Image,,https://resized-media.entries.clios.com/companies/4926/media/6382d8cc-4723-41d5-84fa-08dda8280727-medium.jpg.webp,https://clios.com/winners-gallery/details/195497,/awards/clio_entertainment/2025/campaigns/the-monkey-knife-the-monkey-grandson-2025/
2025,Clio Entertaiment,Winding Rope Poster,Never Let Go,Shortlist,United States,Art Machine - a Trailer Park Group Company,Key Art,Hero Image,,https://resized-media.entries.clios.com/companies/5129/media/40900582-be09-4dba-a3f1-08ddca1e8d72-medium.jpg.webp,https://clios.com/winners-gallery/details/200291,/awards/clio_entertainment/2025/campaigns/winding-rope-poster-never-let-go-art-machine-a-trailer-park-group-company-2025/
2025,Clio Entertaiment,The Fantastic Four First Steps 4-4 Animated Key Art,Marvel Studios - The Walt Disney Company,Shortlist,United States,Williams Creative Associates (WC-A),Key Art,Motion Poster,,https://resized-media.entries.clios.com/companies/5026/media/25ec8e06-6be3-4129-a0ae-08ddbc6e7e05-medium.png.webp,https://clios.com/winners-gallery/details/197278,/awards/clio_entertainment/2025/campaigns/the-fantastic-four-first-steps-4-4-animated-key-art-marvel-studios-the-walt-disney-company-williams-creative-associates/
2025,Clio Entertaiment,THE THURSDAY MURDER CLUB,NETFLIX UK,Shortlist,United Kingdom,Intermission Film,Key Art,Teaser Poster,,https://resized-media.entries.clios.com/companies/4869/media/a0251073-402f-47a7-80b7-08dda8280727-medium.jpg.webp,https://clios.com/winners-gallery/details/194308,/awards/clio_entertainment/2025/campaigns/the-thursday-murder-club-netflix-uk-intermission-film-2025/
2025,Clio Entertaiment,Sinners - Fortnite Poster,Warner Bros,Shortlist,United States,AV Print,Key Art Craft,Use of Illustration,,https://resized-media.entries.clios.com/companies/143418/media/6ae28923-fb73-4e7c-9df6-08ddcf598d69-medium.jpg.webp,https://clios.com/winners-gallery/details/201503,/awards/clio_entertainment/2025/campaigns/sinners-fortnite-poster-warner-bros-av-print-2025/
2025,Clio Entertaiment,Joker Folie à Deux - What the World Needs Now,Warner Bros,Shortlist,United States,SunnyBoy Entertainment,Original Content,Behind the Scenes,,https://resized-media.entries.clios.com/companies/5207/media/da6e3c9c-6ea4-49a1-fe23-08ddda84979b-medium.png.webp,https://clios.com/winners-gallery/details/200544,/awards/clio_entertainment/2025/campaigns/joker-folie-a-deux-what-the-world-needs-now-warner-bros-sunnyboy-entertainment-2025/
2025,Clio Entertaiment,Queer Scene at the Academy,A24,Shortlist,United States,SunnyBoy Entertainment,Original Content,Behind the Scenes,,https://resized-media.entries.clios.com/companies/5207/media/35b5bf6c-0913-473d-5fd6-08ddda7db5d2-medium.png.webp,https://clios.com/winners-gallery/details/200529,/awards/clio_entertainment/2025/campaigns/queer-scene-at-the-academy-a24-sunnyboy-entertainment-2025/
2025,Clio Entertaiment,The Ballad of a True Original,A Complete Unknown,Shortlist,United States,Mob Scene,Original Content,Behind the Scenes,,https://resized-media.entries.clios.com/companies/4630/media/25e8ee27-3c8c-4ba5-415b-08dda8286ac6-medium.png.webp,https://clios.com/winners-gallery/details/194845,/awards/clio_entertainment/2025/campaigns/the-ballad-of-a-true-original-a-complete-unknown-mob-scene-2025/
2025,Clio Entertaiment,Unleashing a Wild Campaign,The Wild Robot,Shortlist,United States,Mob Scene,Original Content,Featurette,,https://resized-media.entries.clios.com/companies/4630/media/ecf5a3d9-ae65-4c9f-8132-08dda8280727-medium.png.webp,https://clios.com/winners-gallery/details/194234,/awards/clio_entertainment/2025/campaigns/unleashing-a-wild-campaign-the-wild-robot-mob-scene-2025/
2025,Clio Entertaiment,Weapons | Billboards,Warner Bros,Shortlist,United States,Concept Arts,Out of Home,Billboard,,https://resized-media.entries.clios.com/companies/4702/media/1798b71f-91af-4500-a2ac-08ddca1e8d72-medium.jpg.webp,https://clios.com/winners-gallery/details/196238,/awards/clio_entertainment/2025/campaigns/weapons-billboards-warner-bros-concept-arts-2025/
2025,Clio Entertaiment,Fisher x Bob Marley One Love,Paramount Pictures Australia,Shortlist,Australia,Hello Social,Partnerships & Collaborations,Partnerships & Collaborations,,https://resized-media.entries.clios.com/companies/143803/media/6affffe3-e218-4a69-9eb8-08ddcf598d69-thumbnail.0000000.jpg,https://clios.com/winners-gallery/details/201530,/awards/clio_entertainment/2025/campaigns/fisher-x-bob-marley-one-love-paramount-pictures-australia-hello-social-2025-2/
2025,Clio Entertaiment,The FanTASTEic 4! - Marvel Studios Fantastic Four - Pop-Tarts,The Walt Disney Company,Shortlist,United States,The Walt Disney Company,Partnerships & Collaborations,Partnerships & Collaborations,,https://resized-media.entries.clios.com/companies/5365/media/f05c9e7c-d7ab-4c14-5dac-08ddda7db5d2-thumbnail.0000000.jpg,https://clios.com/winners-gallery/details/201245,/awards/clio_entertainment/2025/campaigns/the-fantasteic-4-marvel-studios-fantastic-four-pop-tarts-the-walt-disney-company-the-walt-disney-company-2025-2/
2025,Clio Entertaiment,How Many Dragons - How To Train Your Dragon and Reece Feldman,Universal Pictures,Shortlist,United States,Universal Pictures,Public Relations,Use of Influencer & Talent,,https://resized-media.entries.clios.com/companies/143808/media/2dda4a53-1ed5-4e07-a248-08ddcf598d69-medium.jpeg.webp,https://clios.com/winners-gallery/details/202232,/awards/clio_entertainment/2025/campaigns/how-many-dragons-how-to-train-your-dragon-and-reece-feldman-universal-pictures-universal-pictures-2025/
2025,Clio Entertaiment,Red Guardian Limo Service,Thunderbolts*,Shortlist,United States,Tiny Hero,Public Relations,Use of Influencer & Talent,,https://resized-media.entries.clios.com/companies/4875/media/eb735e9d-c17d-4d25-994d-08ddcf598d69-medium.jpg.webp,https://clios.com/winners-gallery/details/200548,/awards/clio_entertainment/2025/campaigns/red-guardian-limo-service-thunderbolts-tiny-hero-2025/
2025,Clio Entertaiment,How to Train Your Dragon - Universal Studios Theme Parks Photo Opportunity,How to Train Your Dragon,Shortlist,United States,Drissi Advertising Inc,Retail & Premium,Display,Specialty,https://resized-media.entries.clios.com/companies/5371/media/19888a6d-86bd-4c16-a4aa-08ddca1e8d72-medium.jpg.webp,https://clios.com/winners-gallery/details/200512,/awards/clio_entertainment/2025/campaigns/how-to-train-your-dragon-universal-studios-theme-parks-photo-opportunity-how-to-train-your-dragon-drissi-advertising-inc/
2025,Clio Entertaiment,Black Christmas,Black Christmas,Shortlist,United States,Phantom City Creative Inc,Retail & Premium,Merchandise & Premium,Collectibles,https://resized-media.entries.clios.com/companies/5526/media/2f82e523-0feb-4c68-a0e8-08ddbc6e7e05-medium.jpg.webp,https://clios.com/winners-gallery/details/197354,/awards/clio_entertainment/2025/campaigns/black-christmas-black-christmas-phantom-city-creative-inc-2025/
