Festival,Year,Track,Title,Brand,Agency,Category,Format,Award level,Board image,Permalink
Gerety Awards,2025,AGENCY OF THE YEAR x COUNTRY,,,SERVICEPLAN GERMANY,GERMANY,,Gold,https://www.geretyawards.com/winners/2025/entry/186608/serviceplan-germany,/awards/geretyawards/2025/campaigns/serviceplan-germany-2025/
Gerety Awards,2025,AGENCY OF THE YEAR x COUNTRY,,,Hakuhodo Inc,JAPAN,,Gold,https://www.geretyawards.com/winners/2025/entry/187317/hakuhodo-inc,/awards/geretyawards/2025/campaigns/hakuhodo-inc-2025/
Gerety Awards,2025,AGENCY OF THE YEAR x COUNTRY,,,MullenLowe MENA,MEA,,Gold,https://www.geretyawards.com/winners/2025/entry/186887/mullenlowe-mena,/awards/geretyawards/2025/campaigns/mullenlowe-mena-2025/
Gerety Awards,2025,AGENCY OF THE YEAR x COUNTRY,,,El Ruso de Rocky,SPAIN,,Gold,https://www.geretyawards.com/winners/2025/entry/185634/el-ruso-de-rocky,/awards/geretyawards/2025/campaigns/el-ruso-de-rocky-2025/
Gerety Awards,2025,B2B,Sleep With Rain,AT&T Business,WEST BBDO,,INTEGRATED,Gold,https://www.geretyawards.com/winners/2025/entry/187552/sleep-with-rain-at-t-business,/awards/geretyawards/2025/campaigns/sleep-with-rain-at-and-t-business-west-bbdo-2025/
Gerety Awards,2025,B2B,Thanks for Coke-Creating,Coca-Cola,VML,,INTEGRATED,Gold,https://www.geretyawards.com/winners/2025/entry/187103/thanks-for-coke-creating-coca-cola,/awards/geretyawards/2025/campaigns/thanks-for-coke-creating-coca-cola-vml-2025/
Gerety Awards,2025,B2B,Trust Bars,Heineken,LePub Singapore,EMERGING COMMERCE,SINGLE,Silver,https://www.geretyawards.com/winners/2025/entry/187307/trust-bars-heineken,/awards/geretyawards/2025/campaigns/trust-bars-heineken-lepub-singapore-2025/
Gerety Awards,2025,B2B,Fantenders,Heineken,BBH China Ltd,ALTERNATIVE,SINGLE,Bronze,https://www.geretyawards.com/winners/2025/entry/186592/fantenders-heineken,/awards/geretyawards/2025/campaigns/fantenders-heineken-bbh-china-ltd-2025/
Gerety Awards,2025,B2B,Unstoppable,SAP,BBDO New York,ONLINE VIDEO,CAMPAIGN,Bronze,https://www.geretyawards.com/winners/2025/entry/187551/unstoppable-sap,/awards/geretyawards/2025/campaigns/unstoppable-sap-bbdo-new-york-2025/
Gerety Awards,2025,B2B,DONT LOOK DOWN,FIXBY,MullenLowe MENA,TV/CINEMA,SINGLE,Shortlist,https://www.geretyawards.com/winners/2025/entry/186611/don-t-look-down-fixby,/awards/geretyawards/2025/campaigns/dont-look-down-fixby-mullenlowe-mena-2025/
Gerety Awards,2025,B2B,P Is For Performance,Pinterest,Pinterest House of Creative,TV/CINEMA,CAMPAIGN,Shortlist,https://www.geretyawards.com/winners/2025/entry/187193/p-is-for-performance-pinterest,/awards/geretyawards/2025/campaigns/p-is-for-performance-pinterest-pinterest-house-of-creative-2025/
Gerety Awards,2025,B2B,The Authorized Hack A Prime-Time Tribute to Telefonicas Centenary,Telefonica,Havas Media,TV/CINEMA,SINGLE,Shortlist,https://www.geretyawards.com/winners/2025/entry/176355/the-authorized-hack-a-prime-time-tribute-to-telefonica-s-centenary-telefonica,/awards/geretyawards/2025/campaigns/the-authorized-hack-a-prime-time-tribute-to-telefonicas-centenary-telefonica-havas-media-2025/
Gerety Awards,2025,COMMUNICATION CUT,PRICE PACKS,PENNY,SERVICEPLAN GERMANY,PRODUCT & PACKAGING DESIGN,SINGLE,Grand Prix,https://www.geretyawards.com/winners/2025/entry/178559/price-packs-penny,/awards/geretyawards/2025/campaigns/price-packs-penny-serviceplan-germany-2025/
Gerety Awards,2025,COMMUNICATION CUT,Its Part of the Game,Dirt is Good,MullenLowe UK,PRINT (PRESS),CAMPAIGN,Gold,https://www.geretyawards.com/winners/2025/entry/187511/it-s-part-of-the-game-dirt-is-good,/awards/geretyawards/2025/campaigns/its-part-of-the-game-dirt-is-good-mullenlowe-uk-2025/
Gerety Awards,2025,COMMUNICATION CUT,Never Just A Period,Bodyform/Libresse,AMVBBDO,ONLINE VIDEO,SINGLE,Gold,https://www.geretyawards.com/winners/2025/entry/187592/never-just-a-period-bodyform-libresse,/awards/geretyawards/2025/campaigns/never-just-a-period-bodyformlibresse-amvbbdo-2025/
Gerety Awards,2025,COMMUNICATION CUT,Returning Creativity,Crayola,Dentsu Creative New York,PR,SINGLE,Gold,https://www.geretyawards.com/winners/2025/entry/185966/returning-creativity-crayola,/awards/geretyawards/2025/campaigns/returning-creativity-crayola-dentsu-creative-new-york-2025/
Gerety Awards,2025,COMMUNICATION CUT,Dancing Washers,Whirlpool,VML Mexico,DIGITAL,SINGLE,Silver,https://www.geretyawards.com/winners/2025/entry/186480/dancing-washers-whirlpool,/awards/geretyawards/2025/campaigns/dancing-washers-whirlpool-vml-mexico-2025/
Gerety Awards,2025,COMMUNICATION CUT,Dancing Washers,Whirlpool,VML Mexico,EMERGING COMMERCE,SINGLE,Silver,https://www.geretyawards.com/winners/2025/entry/186481/dancing-washers-whirlpool,/awards/geretyawards/2025/campaigns/dancing-washers-whirlpool-vml-mexico-2025-2/
Gerety Awards,2025,COMMUNICATION CUT,Equal Communication,TERRE DES FEMMES,Scholz & Friends,RADIO,CAMPAIGN,Silver,https://www.geretyawards.com/winners/2025/entry/185945/equal-communication-terre-des-femmes,/awards/geretyawards/2025/campaigns/equal-communication-terre-des-femmes-scholz-and-friends-2025/
Gerety Awards,2025,COMMUNICATION CUT,Good To Read Packs,Bennet,DDB Group Italy,PRODUCT & PACKAGING DESIGN,SINGLE,Silver,https://www.geretyawards.com/winners/2025/entry/185301/good-to-read-packs-bennet,/awards/geretyawards/2025/campaigns/good-to-read-packs-bennet-ddb-group-italy-2025/
Gerety Awards,2025,COMMUNICATION CUT,Good To Read Packs,Bennet,DDB Group Italy,PR,SINGLE,Silver,https://www.geretyawards.com/winners/2025/entry/185841/good-to-read-packs-bennet,/awards/geretyawards/2025/campaigns/good-to-read-packs-bennet-ddb-group-italy-2025-2/
Gerety Awards,2025,COMMUNICATION CUT,Its Part of the Game,Dirt is Good,MullenLowe UK,PRINT (OUTDOOR),CAMPAIGN,Silver,https://www.geretyawards.com/winners/2025/entry/187503/it-s-part-of-the-game-dirt-is-good,/awards/geretyawards/2025/campaigns/its-part-of-the-game-dirt-is-good-mullenlowe-uk-2025-2/
Gerety Awards,2025,COMMUNICATION CUT,Progresso Soup Drops,Progresso,Edelman,PR,SINGLE,Silver,https://www.geretyawards.com/winners/2025/entry/187791/progresso-soup-drops-progresso,/awards/geretyawards/2025/campaigns/progresso-soup-drops-progresso-edelman-2025/
Gerety Awards,2025,COMMUNICATION CUT,Thanks for Coke-Creating,Coca-Cola,VML,PRINT (OUTDOOR),CAMPAIGN,Silver,https://www.geretyawards.com/winners/2025/entry/187200/thanks-for-coke-creating-coca-cola,/awards/geretyawards/2025/campaigns/thanks-for-coke-creating-coca-cola-vml-2025-2/
Gerety Awards,2025,COMMUNICATION CUT,The Final Copy of Ilon Specht,LOrEal Paris,McCann Paris,,INTEGRATED,Silver,https://www.geretyawards.com/winners/2025/entry/187413/the-final-copy-of-ilon-specht-l-or-al-paris,/awards/geretyawards/2025/campaigns/the-final-copy-of-ilon-specht-loreal-paris-mccann-paris-2025/
Gerety Awards,2025,COMMUNICATION CUT,The First Speech,Reporters Without Borders,INNOCEAN Berlin,TV/CINEMA,CAMPAIGN,Silver,https://www.geretyawards.com/winners/2025/entry/180449/the-first-speech-reporters-without-borders,/awards/geretyawards/2025/campaigns/the-first-speech-reporters-without-borders-innocean-berlin-2025/
Gerety Awards,2025,COMMUNICATION CUT,Unsilence the Crowd,Sela,VML UK,ALTERNATIVE,CAMPAIGN,Silver,https://www.geretyawards.com/winners/2025/entry/180548/unsilence-the-crowd-sela,/awards/geretyawards/2025/campaigns/unsilence-the-crowd-sela-vml-uk-2025/
Gerety Awards,2025,COMMUNICATION CUT,Unsilence the Violence,TERRE DES FEMMES,Scholz & Friends / 2030 Kommunikation,PRINT (OUTDOOR),CAMPAIGN,Silver,https://www.geretyawards.com/winners/2025/entry/177345/unsilence-the-violence-terre-des-femmes,/awards/geretyawards/2025/campaigns/unsilence-the-violence-terre-des-femmes-scholz-and-friends-2030-kommunikation-2025/
Gerety Awards,2025,COMMUNICATION CUT,Usyk Vs Fury Reignited,Riyadh Season,BigTime Creative Shop,ONLINE VIDEO,SINGLE,Silver,https://www.geretyawards.com/winners/2025/entry/176571/usyk-vs-fury-reignited-riyadh-season,/awards/geretyawards/2025/campaigns/usyk-vs-fury-reignited-riyadh-season-bigtime-creative-shop-2025/
Gerety Awards,2025,COMMUNICATION CUT,Connecting Europe,German Rail,Ogilvy Germany,PRINT (OUTDOOR),CAMPAIGN,Bronze,https://www.geretyawards.com/winners/2025/entry/177077/connecting-europe-german-rail,/awards/geretyawards/2025/campaigns/connecting-europe-german-rail-ogilvy-germany-2025/
Gerety Awards,2025,COMMUNICATION CUT,Dont call it love,Yves Saint Laurent BeautE,BETC,ONLINE VIDEO,SINGLE,Bronze,https://www.geretyawards.com/winners/2025/entry/187269/don-t-call-it-love-yves-saint-laurent-beaut,/awards/geretyawards/2025/campaigns/dont-call-it-love-yves-saint-laurent-beaute-betc-2025/
Gerety Awards,2025,COMMUNICATION CUT,Food Deserves Pepsi,Pepsi | PepsiCo,BBDO New York,,INTEGRATED,Bronze,https://www.geretyawards.com/winners/2025/entry/187555/food-deserves-pepsi-pepsi-pepsico,/awards/geretyawards/2025/campaigns/food-deserves-pepsi-pepsi-pepsico-bbdo-new-york-2025/
Gerety Awards,2025,COMMUNICATION CUT,Its Part of the Game,Dirt is Good,MullenLowe UK,,INTEGRATED,Bronze,https://www.geretyawards.com/winners/2025/entry/187519/it-s-part-of-the-game-dirt-is-good,/awards/geretyawards/2025/campaigns/its-part-of-the-game-dirt-is-good-mullenlowe-uk-2025-3/
Gerety Awards,2025,COMMUNICATION CUT,Made to Make You Think,BBC Studios,R/GA,STRATEGY,SINGLE,Bronze,https://www.geretyawards.com/winners/2025/entry/186965/made-to-make-you-think-bbc-studios,/awards/geretyawards/2025/campaigns/made-to-make-you-think-bbc-studios-rga-2025/
Gerety Awards,2025,COMMUNICATION CUT,SFI IRL,Malm Stad,BBDO Nordics,PRINT (OUTDOOR),SINGLE,Bronze,https://www.geretyawards.com/winners/2025/entry/186279/sfi-irl-malm-stad,/awards/geretyawards/2025/campaigns/sfi-irl-malm-stad-bbdo-nordics-2025/
Gerety Awards,2025,COMMUNICATION CUT,The Mayo Exchange,Hellmanns,Edelman,ALTERNATIVE,SINGLE,Bronze,https://www.geretyawards.com/winners/2025/entry/187076/the-mayo-exchange-hellmann-s,/awards/geretyawards/2025/campaigns/the-mayo-exchange-hellmanns-edelman-2025/
Gerety Awards,2025,COMMUNICATION CUT,The Red Flag Tag,IKEA,DDB Group Italy,PR,SINGLE,Bronze,https://www.geretyawards.com/winners/2025/entry/185616/the-red-flag-tag-ikea,/awards/geretyawards/2025/campaigns/the-red-flag-tag-ikea-ddb-group-italy-2025/
Gerety Awards,2025,COMMUNICATION CUT,The Smootheriser,Heineken,LePub Singapore,PRODUCT & PACKAGING DESIGN,SINGLE,Bronze,https://www.geretyawards.com/winners/2025/entry/187316/the-smootheriser-heineken,/awards/geretyawards/2025/campaigns/the-smootheriser-heineken-lepub-singapore-2025/
Gerety Awards,2025,COMMUNICATION CUT,The Unburied Casket,Woman For Change,Edelman,ALTERNATIVE,SINGLE,Bronze,https://www.geretyawards.com/winners/2025/entry/187531/the-unburied-casket-woman-for-change,/awards/geretyawards/2025/campaigns/the-unburied-casket-woman-for-change-edelman-2025/
Gerety Awards,2025,COMMUNICATION CUT,The full picture,yeswecan!cer,Saatchi & Saatchi Germany,TV/CINEMA,CAMPAIGN,Bronze,https://www.geretyawards.com/winners/2025/entry/187345/the-full-picture-yeswecan-cer,/awards/geretyawards/2025/campaigns/the-full-picture-yeswecancer-saatchi-and-saatchi-germany-2025/
Gerety Awards,2025,COMMUNICATION CUT,Visit Canada,Petro-Canada,McCann Canada,PRINT (OUTDOOR),CAMPAIGN,Bronze,https://www.geretyawards.com/winners/2025/entry/186672/visit-canada-petro-canada,/awards/geretyawards/2025/campaigns/visit-canada-petro-canada-mccann-canada-2025/
Gerety Awards,2025,COMMUNICATION CUT,2024 Brand Campaign,Pinterest,Pinterest House of Creative,TV/CINEMA,CAMPAIGN,Shortlist,https://www.geretyawards.com/winners/2025/entry/187190/2024-brand-campaign-pinterest,/awards/geretyawards/2025/campaigns/2024-brand-campaign-pinterest-pinterest-house-of-creative-2025/
Gerety Awards,2025,COMMUNICATION CUT,A Soup to Remember,Marodi,Komunikacijski laboratorij,PR,SINGLE,Shortlist,https://www.geretyawards.com/winners/2025/entry/187077/a-soup-to-remember-marodi,/awards/geretyawards/2025/campaigns/a-soup-to-remember-marodi-komunikacijski-laboratorij-2025/
Gerety Awards,2025,COMMUNICATION CUT,Anti Murphys Law Toast,Opella-Enterogermina,MRM Spain,ONLINE VIDEO,SINGLE,Shortlist,https://www.geretyawards.com/winners/2025/entry/186757/anti-murphy-s-law-toast-opella-enterogermina,/awards/geretyawards/2025/campaigns/anti-murphys-law-toast-opella-enterogermina-mrm-spain-2025/
Gerety Awards,2025,COMMUNICATION CUT,Anti Murphys Law Toast,Opella-Enterogermina,MRM Spain,PR,SINGLE,Shortlist,https://www.geretyawards.com/winners/2025/entry/187146/anti-murphy-s-law-toast-opella-enterogermina,/awards/geretyawards/2025/campaigns/anti-murphys-law-toast-opella-enterogermina-mrm-spain-2025-2/
Gerety Awards,2025,COMMUNICATION CUT,Bubbles,Deutsche Telekom,Saatchi & Saatchi Germany /MUW Saatchi & Saatchi,TV/CINEMA,SINGLE,Shortlist,https://www.geretyawards.com/winners/2025/entry/187359/bubbles-deutsche-telekom,/awards/geretyawards/2025/campaigns/bubbles-deutsche-telekom-saatchi-and-saatchi-germany-muw-saatchi-and-saatchi-2025/
Gerety Awards,2025,COMMUNICATION CUT,Carbon Cakes,Fujitsu,R/GA Japan,ALTERNATIVE,SINGLE,Shortlist,https://www.geretyawards.com/winners/2025/entry/186966/carbon-cakes-fujitsu,/awards/geretyawards/2025/campaigns/carbon-cakes-fujitsu-rga-japan-2025/
Gerety Awards,2025,COMMUNICATION CUT,Choreography of Monotony,LinkedIn,Philipp und Keuntje GmbH,TV/CINEMA,SINGLE,Shortlist,https://www.geretyawards.com/winners/2025/entry/186895/choreography-of-monotony-linkedin,/awards/geretyawards/2025/campaigns/choreography-of-monotony-linkedin-philipp-und-keuntje-gmbh-2025/
Gerety Awards,2025,COMMUNICATION CUT,Choreography of Monotony,LinkedIn,Philipp und Keuntje GmbH,ONLINE VIDEO,SINGLE,Shortlist,https://www.geretyawards.com/winners/2025/entry/186899/choreography-of-monotony-linkedin,/awards/geretyawards/2025/campaigns/choreography-of-monotony-linkedin-philipp-und-keuntje-gmbh-2025-2/
Gerety Awards,2025,COMMUNICATION CUT,Clash of Commuters,Samsung,Clemenger BBDO,MOBILE,SINGLE,Shortlist,https://www.geretyawards.com/winners/2025/entry/186503/clash-of-commuters-samsung,/awards/geretyawards/2025/campaigns/clash-of-commuters-samsung-clemenger-bbdo-2025/
Gerety Awards,2025,COMMUNICATION CUT,DONT LOOK DOWN,FIXBY,MullenLowe MENA,TV/CINEMA,SINGLE,Shortlist,https://www.geretyawards.com/winners/2025/entry/186765/don-t-look-down-fixby,/awards/geretyawards/2025/campaigns/dont-look-down-fixby-mullenlowe-mena-2025-2/
Gerety Awards,2025,COMMUNICATION CUT,DrunkenBait,Carlsberg,Burson Sweden,PR,SINGLE,Shortlist,https://www.geretyawards.com/winners/2025/entry/187106/drunkenbait-carlsberg,/awards/geretyawards/2025/campaigns/drunkenbait-carlsberg-burson-sweden-2025/
Gerety Awards,2025,COMMUNICATION CUT,Endless Runway,eBay,Edelman,ALTERNATIVE,SINGLE,Shortlist,https://www.geretyawards.com/winners/2025/entry/187795/endless-runway-ebay,/awards/geretyawards/2025/campaigns/endless-runway-ebay-edelman-2025/
Gerety Awards,2025,COMMUNICATION CUT,Everything or Nothing,General Entertainment Authority,BigTime Creative Shop,ONLINE VIDEO,SINGLE,Shortlist,https://www.geretyawards.com/winners/2025/entry/180574/everything-or-nothing-general-entertainment-authority,/awards/geretyawards/2025/campaigns/everything-or-nothing-general-entertainment-authority-bigtime-creative-shop-2025/
Gerety Awards,2025,COMMUNICATION CUT,Glassphemy,Guinness,VML UK,,INTEGRATED,Shortlist,https://www.geretyawards.com/winners/2025/entry/180540/glassphemy-guinness,/awards/geretyawards/2025/campaigns/glassphemy-guinness-vml-uk-2025/
Gerety Awards,2025,COMMUNICATION CUT,Guilty Pets,IKEA,INGO Hamburg,PRINT (OUTDOOR),CAMPAIGN,Shortlist,https://www.geretyawards.com/winners/2025/entry/177040/guilty-pets-ikea,/awards/geretyawards/2025/campaigns/guilty-pets-ikea-ingo-hamburg-2025/
Gerety Awards,2025,COMMUNICATION CUT,History Outnumbered,History Channel,Dentsu Creative Iberia,TV/CINEMA,CAMPAIGN,Shortlist,https://www.geretyawards.com/winners/2025/entry/187534/history-outnumbered-history-channel,/awards/geretyawards/2025/campaigns/history-outnumbered-history-channel-dentsu-creative-iberia-2025/
Gerety Awards,2025,COMMUNICATION CUT,Irmela vs Nazis,toom DIY market,Scholz & Friends,TV/CINEMA,CAMPAIGN,Shortlist,https://www.geretyawards.com/winners/2025/entry/185946/irmela-vs-nazis-toom-diy-market,/awards/geretyawards/2025/campaigns/irmela-vs-nazis-toom-diy-market-scholz-and-friends-2025/
Gerety Awards,2025,COMMUNICATION CUT,Its Part of the Game,Dirt is Good,Golin,PR,CAMPAIGN,Shortlist,https://www.geretyawards.com/winners/2025/entry/187523/it-s-part-of-the-game-dirt-is-good,/awards/geretyawards/2025/campaigns/its-part-of-the-game-dirt-is-good-golin-2025/
Gerety Awards,2025,COMMUNICATION CUT,La-Z-Boy Ban Reclining,La-Z-Boy,Colle McVoy,,INTEGRATED,Shortlist,https://www.geretyawards.com/winners/2025/entry/180611/la-z-boy-ban-reclining-la-z-boy,/awards/geretyawards/2025/campaigns/la-z-boy-ban-reclining-la-z-boy-colle-mcvoy-2025/
Gerety Awards,2025,COMMUNICATION CUT,Lomiteros After Hours,Burger King,GARABATO MULLENLOWE,PRINT (PRESS),CAMPAIGN,Shortlist,https://www.geretyawards.com/winners/2025/entry/187550/lomiteros-after-hours-burger-king,/awards/geretyawards/2025/campaigns/lomiteros-after-hours-burger-king-garabato-mullenlowe-2025/
Gerety Awards,2025,COMMUNICATION CUT,MadrIsimo,Marias Gamesa,Isla RepUblica,PR,SINGLE,Shortlist,https://www.geretyawards.com/winners/2025/entry/187834/madr-simo-marias-gamesa,/awards/geretyawards/2025/campaigns/madrisimo-marias-gamesa-isla-republica-2025/
Gerety Awards,2025,COMMUNICATION CUT,Move forward,KANAZAWA HIGH SCHOOL SUMO TOURNAMENT,DENTSU INC,PRINT (PRESS),CAMPAIGN,Shortlist,https://www.geretyawards.com/winners/2025/entry/186726/move-forward-kanazawa-high-school-sumo-tournament,/awards/geretyawards/2025/campaigns/move-forward-kanazawa-high-school-sumo-tournament-dentsu-inc-2025/
Gerety Awards,2025,COMMUNICATION CUT,NE PAS IGNORER,FONDATION DES FEMMES,AUSTRALIEGAD,ALTERNATIVE,CAMPAIGN,Shortlist,https://www.geretyawards.com/winners/2025/entry/186920/ne-pas-ignorer-fondation-des-femmes,/awards/geretyawards/2025/campaigns/ne-pas-ignorer-fondation-des-femmes-australiegad-2025/
Gerety Awards,2025,COMMUNICATION CUT,NEW AIR,DAIKIN,DENTSU CREATIVE France,ONLINE VIDEO,SINGLE,Shortlist,https://www.geretyawards.com/winners/2025/entry/186577/new-air-daikin,/awards/geretyawards/2025/campaigns/new-air-daikin-dentsu-creative-france-2025/
Gerety Awards,2025,COMMUNICATION CUT,Not every smile starts with a smile,Colgate,VML Paris,PRINT (OUTDOOR),CAMPAIGN,Shortlist,https://www.geretyawards.com/winners/2025/entry/186647/not-every-smile-starts-with-a-smile-colgate,/awards/geretyawards/2025/campaigns/not-every-smile-starts-with-a-smile-colgate-vml-paris-2025/
Gerety Awards,2025,COMMUNICATION CUT,Nutter Butter You Good?,Nutter Butter,Dentsu Creative New York,MOBILE,SINGLE,Shortlist,https://www.geretyawards.com/winners/2025/entry/186125/nutter-butter-you-good-nutter-butter,/awards/geretyawards/2025/campaigns/nutter-butter-you-good-nutter-butter-dentsu-creative-new-york-2025/
Gerety Awards,2025,COMMUNICATION CUT,R & Create,Volkswagen R,DDB Germany,DIGITAL,SINGLE,Shortlist,https://www.geretyawards.com/winners/2025/entry/186464/r-create-volkswagen-r,/awards/geretyawards/2025/campaigns/r-and-create-volkswagen-r-ddb-germany-2025/
Gerety Awards,2025,COMMUNICATION CUT,Rainbow Wool,Schferei Stcke,SERVICEPLAN GERMANY,PR,SINGLE,Shortlist,https://www.geretyawards.com/winners/2025/entry/180001/rainbow-wool-sch-ferei-st-cke,/awards/geretyawards/2025/campaigns/rainbow-wool-schferei-stcke-serviceplan-germany-2025/
Gerety Awards,2025,COMMUNICATION CUT,Share The First,Dove,Edelman,MOBILE,SINGLE,Shortlist,https://www.geretyawards.com/winners/2025/entry/187074/share-the-first-dove,/awards/geretyawards/2025/campaigns/share-the-first-dove-edelman-2025/
Gerety Awards,2025,COMMUNICATION CUT,Share The First,Dove,Edelman,PR,SINGLE,Shortlist,https://www.geretyawards.com/winners/2025/entry/187073/share-the-first-dove,/awards/geretyawards/2025/campaigns/share-the-first-dove-edelman-2025-2/
Gerety Awards,2025,COMMUNICATION CUT,Sleep with Rain,AT&T Business,West BBDO and Critical Mass,DIGITAL,CAMPAIGN,Shortlist,https://www.geretyawards.com/winners/2025/entry/186298/sleep-with-rain-at-t-business,/awards/geretyawards/2025/campaigns/sleep-with-rain-at-and-t-business-west-bbdo-and-critical-mass-2025/
Gerety Awards,2025,COMMUNICATION CUT,Somebody,NFL,72andSunny,TV/CINEMA,SINGLE,Shortlist,https://www.geretyawards.com/winners/2025/entry/186553/somebody-nfl,/awards/geretyawards/2025/campaigns/somebody-nfl-72andsunny-2025/
Gerety Awards,2025,COMMUNICATION CUT,Sports reIllustrated,Dove,Edelman,PRINT (PRESS),SINGLE,Shortlist,https://www.geretyawards.com/winners/2025/entry/187792/sports-reillustrated-dove,/awards/geretyawards/2025/campaigns/sports-reillustrated-dove-edelman-2025/
Gerety Awards,2025,COMMUNICATION CUT,Sweeter Than The Sweetest,Axe/Lynx,LOLA MullenLowe,TV/CINEMA,CAMPAIGN,Shortlist,https://www.geretyawards.com/winners/2025/entry/187060/sweeter-than-the-sweetest-axe-lynx,/awards/geretyawards/2025/campaigns/sweeter-than-the-sweetest-axelynx-lola-mullenlowe-2025/
Gerety Awards,2025,COMMUNICATION CUT,The Ad No Man Saw,24/7 Emergency Room of the Hamburg Womens Shelters,Grabarz & Partner,PRINT (PRESS),SINGLE,Shortlist,https://www.geretyawards.com/winners/2025/entry/186610/the-ad-no-man-saw-24-7-emergency-room-of-the-hamburg-women-s-shelters,/awards/geretyawards/2025/campaigns/the-ad-no-man-saw-247-emergency-room-of-the-hamburg-womens-shelters-grabarz-and-partner-2025/
Gerety Awards,2025,COMMUNICATION CUT,The Art Of Stains,OMO (Dirt is Good),MullenLowe MENA,ALTERNATIVE,SINGLE,Shortlist,https://www.geretyawards.com/winners/2025/entry/186777/the-art-of-stains-omo-dirt-is-good,/awards/geretyawards/2025/campaigns/the-art-of-stains-omo-dirt-is-good-mullenlowe-mena-2025/
Gerety Awards,2025,COMMUNICATION CUT,The Full Picture,Canon,INGO Hamburg / Memac Ogilvy Dubai,PRINT (OUTDOOR),CAMPAIGN,Shortlist,https://www.geretyawards.com/winners/2025/entry/176406/the-full-picture-canon,/awards/geretyawards/2025/campaigns/the-full-picture-canon-ingo-hamburg-memac-ogilvy-dubai-2025/
Gerety Awards,2025,COMMUNICATION CUT,The Holocaust The Holocaust The Holocaust,Swedish holocaust museum,BBDO Nordics,PRINT (PRESS),SINGLE,Shortlist,https://www.geretyawards.com/winners/2025/entry/186389/the-holocaust-the-holocaust-the-holocaust-swedish-holocaust-museum,/awards/geretyawards/2025/campaigns/the-holocaust-the-holocaust-the-holocaust-swedish-holocaust-museum-bbdo-nordics-2025/
Gerety Awards,2025,COMMUNICATION CUT,The Mozart Drop,Digital Kchel-Verzeichnis,Fork Unstable Media,PR,SINGLE,Shortlist,https://www.geretyawards.com/winners/2025/entry/180529/the-mozart-drop-digital-k-chel-verzeichnis,/awards/geretyawards/2025/campaigns/the-mozart-drop-digital-kchel-verzeichnis-fork-unstable-media-2025/
Gerety Awards,2025,COMMUNICATION CUT,The Philharmonic Prints,Berliner Philharmonie,Scholz & Friends,PRINT (OUTDOOR),CAMPAIGN,Shortlist,https://www.geretyawards.com/winners/2025/entry/185942/the-philharmonic-prints-berliner-philharmonie,/awards/geretyawards/2025/campaigns/the-philharmonic-prints-berliner-philharmonie-scholz-and-friends-2025/
Gerety Awards,2025,COMMUNICATION CUT,The Red Flag Tag,IKEA,DDB Group Italy,ALTERNATIVE,SINGLE,Shortlist,https://www.geretyawards.com/winners/2025/entry/185840/the-red-flag-tag-ikea,/awards/geretyawards/2025/campaigns/the-red-flag-tag-ikea-ddb-group-italy-2025-2/
Gerety Awards,2025,COMMUNICATION CUT,The Smootheriser,Heineken,LePub Singapore,STRATEGY,SINGLE,Shortlist,https://www.geretyawards.com/winners/2025/entry/187315/the-smootheriser-heineken,/awards/geretyawards/2025/campaigns/the-smootheriser-heineken-lepub-singapore-2025-2/
Gerety Awards,2025,COMMUNICATION CUT,URBAN DOGGY FIT,GENERALI,DENTSU CREATIVE France,ALTERNATIVE,SINGLE,Shortlist,https://www.geretyawards.com/winners/2025/entry/187142/urban-doggy-fit-generali,/awards/geretyawards/2025/campaigns/urban-doggy-fit-generali-dentsu-creative-france-2025/
Gerety Awards,2025,COMMUNICATION CUT,Undeleted,Dove,VML Argentina,,INTEGRATED,Shortlist,https://www.geretyawards.com/winners/2025/entry/186998/undeleted-dove,/awards/geretyawards/2025/campaigns/undeleted-dove-vml-argentina-2025/
Gerety Awards,2025,COMMUNICATION CUT,Undeleted,Dove,VML Argentina,ALTERNATIVE,SINGLE,Shortlist,https://www.geretyawards.com/winners/2025/entry/186933/undeleted-dove,/awards/geretyawards/2025/campaigns/undeleted-dove-vml-argentina-2025-2/
Gerety Awards,2025,COMMUNICATION CUT,We are not alone,Nivea,Publicis One Touch,ONLINE VIDEO,SINGLE,Shortlist,https://www.geretyawards.com/winners/2025/entry/187372/we-are-not-alone-nivea,/awards/geretyawards/2025/campaigns/we-are-not-alone-nivea-publicis-one-touch-2025/
Gerety Awards,2025,COMMUNICATION CUT,not the last kick,hatari,hakuhodo bangkok,PR,SINGLE,Shortlist,https://www.geretyawards.com/winners/2025/entry/176164/not-the-last-kick-hatari,/awards/geretyawards/2025/campaigns/not-the-last-kick-hatari-hakuhodo-bangkok-2025/
Gerety Awards,2025,CRAFT CUT,Never Just A Period,Bodyform/Libresse,AMVBBDO,ART DIRECTION,SINGLE,Grand Prix,https://www.geretyawards.com/winners/2025/entry/187593/never-just-a-period-bodyform-libresse,/awards/geretyawards/2025/campaigns/never-just-a-period-bodyformlibresse-amvbbdo-2025-2/
Gerety Awards,2025,CRAFT CUT,Sennas Cut,Netflix,Monks Buenos Aires,EDITING,SINGLE,Grand Prix,https://www.geretyawards.com/winners/2025/entry/186129/senna-s-cut-netflix,/awards/geretyawards/2025/campaigns/sennas-cut-netflix-monks-buenos-aires-2025/
Gerety Awards,2025,CRAFT CUT,A Tale As Old As Websites,Squarespace,Squarespace,DIRECTION,SINGLE,Gold,https://www.geretyawards.com/winners/2025/entry/187584/a-tale-as-old-as-websites-squarespace,/awards/geretyawards/2025/campaigns/a-tale-as-old-as-websites-squarespace-squarespace-2025/
Gerety Awards,2025,CRAFT CUT,Bubbles,Deutsche Telekom,Saatchi & Saatchi Germany /MUW Saatchi & Saatchi,PRODUCTION DESIGN,SINGLE,Gold,https://www.geretyawards.com/winners/2025/entry/187362/bubbles-deutsche-telekom,/awards/geretyawards/2025/campaigns/bubbles-deutsche-telekom-saatchi-and-saatchi-germany-muw-saatchi-and-saatchi-2025-2/
Gerety Awards,2025,CRAFT CUT,Never Just A Period,Bodyform/Libresse,AMVBBDO,DIRECTION,SINGLE,Gold,https://www.geretyawards.com/winners/2025/entry/187594/never-just-a-period-bodyform-libresse,/awards/geretyawards/2025/campaigns/never-just-a-period-bodyformlibresse-amvbbdo-2025-3/
Gerety Awards,2025,CRAFT CUT,Never Just A Period,Bodyform/Libresse,AMVBBDO,SOUND DESIGN,SINGLE,Gold,https://www.geretyawards.com/winners/2025/entry/187596/never-just-a-period-bodyform-libresse,/awards/geretyawards/2025/campaigns/never-just-a-period-bodyformlibresse-amvbbdo-2025-4/
Gerety Awards,2025,CRAFT CUT,The First Speech,Reporters Without Borders,INNOCEAN Berlin,CINEMATOGRAPHY,CAMPAIGN,Gold,https://www.geretyawards.com/winners/2025/entry/180457/the-first-speech-reporters-without-borders,/awards/geretyawards/2025/campaigns/the-first-speech-reporters-without-borders-innocean-berlin-2025-2/
Gerety Awards,2025,CRAFT CUT,Thread,Commission des normes de lEquitE de la santE et de la sEcuritE du travail (CNESST),Cossette,ANIMATION,SINGLE,Gold,https://www.geretyawards.com/winners/2025/entry/187107/thread-commission-des-normes-de-l-quit-de-la-sant-et-de-la-s-curit-du-travail-cnesst,/awards/geretyawards/2025/campaigns/thread-commission-des-normes-de-lequite-de-la-sante-et-de-la-securite-du-travail-cnesst-cossette-2025/
Gerety Awards,2025,CRAFT CUT,Miniatur Warmland,Telekom,Grabarz & Partner,VISUAL EFFECTS,SINGLE,Silver,https://www.geretyawards.com/winners/2025/entry/186686/miniatur-warmland-telekom,/awards/geretyawards/2025/campaigns/miniatur-warmland-telekom-grabarz-and-partner-2025/
Gerety Awards,2025,CRAFT CUT,2024 Brand Campaign,Pinterest,Pinterest House of Creative,ART DIRECTION,CAMPAIGN,Silver,https://www.geretyawards.com/winners/2025/entry/187182/2024-brand-campaign-pinterest,/awards/geretyawards/2025/campaigns/2024-brand-campaign-pinterest-pinterest-house-of-creative-2025-2/
Gerety Awards,2025,CRAFT CUT,2024 Brand Campaign,Pinterest,Pinterest House of Creative,PRODUCTION DESIGN,CAMPAIGN,Silver,https://www.geretyawards.com/winners/2025/entry/187192/2024-brand-campaign-pinterest,/awards/geretyawards/2025/campaigns/2024-brand-campaign-pinterest-pinterest-house-of-creative-2025-3/
Gerety Awards,2025,CRAFT CUT,855-HOW-TO-QUIT-(OPIOIDS),Anzen Health,SERVICEPLAN GERMANY / MEDIAPLUS GROUP,ART DIRECTION,CAMPAIGN,Silver,https://www.geretyawards.com/winners/2025/entry/178579/855-how-to-quit-opioids-anzen-health,/awards/geretyawards/2025/campaigns/855-how-to-quit-opioids-anzen-health-serviceplan-germany-mediaplus-group-2025/
Gerety Awards,2025,CRAFT CUT,BREAKING GLASS,SCANDINAVIAN AIRLINES,No Agency,DIRECTION,SINGLE,Silver,https://www.geretyawards.com/winners/2025/entry/186810/breaking-glass-scandinavian-airlines,/awards/geretyawards/2025/campaigns/breaking-glass-scandinavian-airlines-no-agency-2025/
Gerety Awards,2025,CRAFT CUT,BREAKING GLASS,SCANDINAVIAN AIRLINES,No Agency,PRODUCTION DESIGN,SINGLE,Silver,https://www.geretyawards.com/winners/2025/entry/186961/breaking-glass-scandinavian-airlines,/awards/geretyawards/2025/campaigns/breaking-glass-scandinavian-airlines-no-agency-2025-2/
Gerety Awards,2025,CRAFT CUT,Bubbles,Deutsche Telekom,Saatchi & Saatchi Germany /MUW Saatchi & Saatchi,MUSIC,SINGLE,Silver,https://www.geretyawards.com/winners/2025/entry/187361/bubbles-deutsche-telekom,/awards/geretyawards/2025/campaigns/bubbles-deutsche-telekom-saatchi-and-saatchi-germany-muw-saatchi-and-saatchi-2025-3/
Gerety Awards,2025,CRAFT CUT,Call of The Kings,Riyadh Season,Big Time Creative Shop,VISUAL EFFECTS,SINGLE,Silver,https://www.geretyawards.com/winners/2025/entry/178129/call-of-the-kings-riyadh-season,/awards/geretyawards/2025/campaigns/call-of-the-kings-riyadh-season-big-time-creative-shop-2025/
Gerety Awards,2025,CRAFT CUT,Everything or Nothing,General Entertainment Authority,BigTime Creative Shop,MUSIC,SINGLE,Silver,https://www.geretyawards.com/winners/2025/entry/180495/everything-or-nothing-general-entertainment-authority,/awards/geretyawards/2025/campaigns/everything-or-nothing-general-entertainment-authority-bigtime-creative-shop-2025-2/
Gerety Awards,2025,CRAFT CUT,Get an Airbnb,Airbnb,BUCK,ANIMATION,CAMPAIGN,Silver,https://www.geretyawards.com/winners/2025/entry/174940/get-an-airbnb-airbnb,/awards/geretyawards/2025/campaigns/get-an-airbnb-airbnb-buck-2025/
Gerety Awards,2025,CRAFT CUT,Imperfect Motherhoods,Marias,Isla,DIRECTION,SINGLE,Silver,https://www.geretyawards.com/winners/2025/entry/187284/imperfect-motherhoods-marias,/awards/geretyawards/2025/campaigns/imperfect-motherhoods-marias-isla-2025/
Gerety Awards,2025,CRAFT CUT,In Hot Water,WWF,NOMINT,ANIMATION,SINGLE,Silver,https://www.geretyawards.com/winners/2025/entry/186525/in-hot-water-wwf,/awards/geretyawards/2025/campaigns/in-hot-water-wwf-nomint-2025/
Gerety Awards,2025,CRAFT CUT,In Hot Water,WWF,NOMINT,ART DIRECTION,SINGLE,Silver,https://www.geretyawards.com/winners/2025/entry/186527/in-hot-water-wwf,/awards/geretyawards/2025/campaigns/in-hot-water-wwf-nomint-2025-2/
Gerety Awards,2025,CRAFT CUT,In Hot Water,WWF,NOMINT,PRODUCTION DESIGN,SINGLE,Silver,https://www.geretyawards.com/winners/2025/entry/186528/in-hot-water-wwf,/awards/geretyawards/2025/campaigns/in-hot-water-wwf-nomint-2025-3/
Gerety Awards,2025,CRAFT CUT,Listen to your heart,Powerbeats,Translation,COPYWRITING,SINGLE,Silver,https://www.geretyawards.com/winners/2025/entry/178659/listen-to-your-heart-powerbeats,/awards/geretyawards/2025/campaigns/listen-to-your-heart-powerbeats-translation-2025/
Gerety Awards,2025,CRAFT CUT,Never Just A Period,Bodyform/Libresse,AMVBBDO,EDITING,SINGLE,Silver,https://www.geretyawards.com/winners/2025/entry/187595/never-just-a-period-bodyform-libresse,/awards/geretyawards/2025/campaigns/never-just-a-period-bodyformlibresse-amvbbdo-2025-5/
Gerety Awards,2025,CRAFT CUT,PRICE PACKS,PENNY,SERVICEPLAN GERMANY,ART DIRECTION,SINGLE,Silver,https://www.geretyawards.com/winners/2025/entry/178562/price-packs-penny,/awards/geretyawards/2025/campaigns/price-packs-penny-serviceplan-germany-2025-2/
Gerety Awards,2025,CRAFT CUT,PRICE PACKS,PENNY,SERVICEPLAN GERMANY,TYPOGRAPHY,SINGLE,Silver,https://www.geretyawards.com/winners/2025/entry/178561/price-packs-penny,/awards/geretyawards/2025/campaigns/price-packs-penny-serviceplan-germany-2025-3/
Gerety Awards,2025,CRAFT CUT,Packed Full of History,Samsung,Clemenger BBDO,ART DIRECTION,SINGLE,Silver,https://www.geretyawards.com/winners/2025/entry/186501/packed-full-of-history-samsung,/awards/geretyawards/2025/campaigns/packed-full-of-history-samsung-clemenger-bbdo-2025/
Gerety Awards,2025,CRAFT CUT,Paris Paralympics  2024 Considering What,Channel 4,4creative,DIRECTION,SINGLE,Silver,https://www.geretyawards.com/winners/2025/entry/187585/paris-paralympics-2024-considering-what-channel-4,/awards/geretyawards/2025/campaigns/paris-paralympics-2024-considering-what-channel-4-4creative-2025/
Gerety Awards,2025,CRAFT CUT,Rejenerated,Australian Broadcasting Corporation,Howatson+Company,TYPOGRAPHY,CAMPAIGN,Silver,https://www.geretyawards.com/winners/2025/entry/186578/rejenerated-australian-broadcasting-corporation,/awards/geretyawards/2025/campaigns/rejenerated-australian-broadcasting-corporation-howatsoncompany-2025/
Gerety Awards,2025,CRAFT CUT,The Cause of The Accident That Caused The Fire,ICEX Audiovisual from Spain,-,DIRECTION,SINGLE,Silver,https://www.geretyawards.com/winners/2025/entry/177002/the-cause-of-the-accident-that-caused-the-fire-icex-audiovisual-from-spain,/awards/geretyawards/2025/campaigns/the-cause-of-the-accident-that-caused-the-fire-icex-audiovisual-from-spain-2025/
Gerety Awards,2025,CRAFT CUT,The Philharmonic Prints,Berliner Philharmonie,Scholz & Friends,ART DIRECTION,CAMPAIGN,Silver,https://www.geretyawards.com/winners/2025/entry/186521/the-philharmonic-prints-berliner-philharmonie,/awards/geretyawards/2025/campaigns/the-philharmonic-prints-berliner-philharmonie-scholz-and-friends-2025-2/
Gerety Awards,2025,CRAFT CUT,The Philharmonic Prints,Berliner Philharmonie,Scholz & Friends,ILLUSTRATION,CAMPAIGN,Silver,https://www.geretyawards.com/winners/2025/entry/186522/the-philharmonic-prints-berliner-philharmonie,/awards/geretyawards/2025/campaigns/the-philharmonic-prints-berliner-philharmonie-scholz-and-friends-2025-3/
Gerety Awards,2025,CRAFT CUT,Unwrap The Summer,Cornetto,LOLA MullenLowe,ART DIRECTION,CAMPAIGN,Silver,https://www.geretyawards.com/winners/2025/entry/187070/unwrap-the-summer-cornetto,/awards/geretyawards/2025/campaigns/unwrap-the-summer-cornetto-lola-mullenlowe-2025/
Gerety Awards,2025,CRAFT CUT,Wherever We Go,Telstra,Bear Meets Eagle On Fire,ANIMATION,SINGLE,Silver,https://www.geretyawards.com/winners/2025/entry/176570/wherever-we-go-telstra,/awards/geretyawards/2025/campaigns/wherever-we-go-telstra-bear-meets-eagle-on-fire-2025/
Gerety Awards,2025,CRAFT CUT,Youre Not Ready,Netflix,Wieden + Kennedy Portland,EDITING,SINGLE,Silver,https://www.geretyawards.com/winners/2025/entry/179472/you-re-not-ready-netflix,/awards/geretyawards/2025/campaigns/youre-not-ready-netflix-wieden-kennedy-portland-2025/
Gerety Awards,2025,CRAFT CUT,2024 Brand Campaign,Pinterest,Pinterest House of Creative,COPYWRITING,CAMPAIGN,Bronze,https://www.geretyawards.com/winners/2025/entry/187191/2024-brand-campaign-pinterest,/awards/geretyawards/2025/campaigns/2024-brand-campaign-pinterest-pinterest-house-of-creative-2025-4/
Gerety Awards,2025,CRAFT CUT,Audible X Antoine Bardou-Jacquet,Audible,Fold 7,VISUAL EFFECTS,CAMPAIGN,Bronze,https://www.geretyawards.com/winners/2025/entry/180469/audible-x-antoine-bardou-jacquet-audible,/awards/geretyawards/2025/campaigns/audible-x-antoine-bardou-jacquet-audible-fold-7-2025/
Gerety Awards,2025,CRAFT CUT,Everything or Nothing,General Entertainment Authority,BigTime Creative Shop,CINEMATOGRAPHY,SINGLE,Bronze,https://www.geretyawards.com/winners/2025/entry/179943/everything-or-nothing-general-entertainment-authority,/awards/geretyawards/2025/campaigns/everything-or-nothing-general-entertainment-authority-bigtime-creative-shop-2025-3/
Gerety Awards,2025,CRAFT CUT,Listen to your heart,Powerbeats,Translation,CINEMATOGRAPHY,SINGLE,Bronze,https://www.geretyawards.com/winners/2025/entry/178656/listen-to-your-heart-powerbeats,/awards/geretyawards/2025/campaigns/listen-to-your-heart-powerbeats-translation-2025-2/
Gerety Awards,2025,CRAFT CUT,Lomiteros After Hours,Burger King,GARABATO MULLENLOWE,PHOTOGRAPHY,CAMPAIGN,Bronze,https://www.geretyawards.com/winners/2025/entry/187548/lomiteros-after-hours-burger-king,/awards/geretyawards/2025/campaigns/lomiteros-after-hours-burger-king-garabato-mullenlowe-2025-2/
Gerety Awards,2025,CRAFT CUT,Play The Dew,Mountain Dew,BBDO Guerrero,SOUND DESIGN,CAMPAIGN,Bronze,https://www.geretyawards.com/winners/2025/entry/187234/play-the-dew-mountain-dew,/awards/geretyawards/2025/campaigns/play-the-dew-mountain-dew-bbdo-guerrero-2025/
Gerety Awards,2025,CRAFT CUT,The 100th Edition,Frankfurter Allgemeine Zeitung,Scholz & Friends,ART DIRECTION,SINGLE,Bronze,https://www.geretyawards.com/winners/2025/entry/185943/the-100th-edition-frankfurter-allgemeine-zeitung,/awards/geretyawards/2025/campaigns/the-100th-edition-frankfurter-allgemeine-zeitung-scholz-and-friends-2025/
Gerety Awards,2025,CRAFT CUT,Champions,Kids Help Phone,McCann Canada,MUSIC,SINGLE,Shortlist,https://www.geretyawards.com/winners/2025/entry/175437/champions-kids-help-phone,/awards/geretyawards/2025/campaigns/champions-kids-help-phone-mccann-canada-2025/
Gerety Awards,2025,CRAFT CUT,All it takes is a Yes,Lufthansa,SERVICEPLAN GERMANY,CINEMATOGRAPHY,SINGLE,Shortlist,https://www.geretyawards.com/winners/2025/entry/178480/all-it-takes-is-a-yes-lufthansa,/awards/geretyawards/2025/campaigns/all-it-takes-is-a-yes-lufthansa-serviceplan-germany-2025/
Gerety Awards,2025,CRAFT CUT,Bubbles,Deutsche Telekom,Saatchi & Saatchi Germany /MUW Saatchi & Saatchi,ART DIRECTION,SINGLE,Shortlist,https://www.geretyawards.com/winners/2025/entry/187360/bubbles-deutsche-telekom,/awards/geretyawards/2025/campaigns/bubbles-deutsche-telekom-saatchi-and-saatchi-germany-muw-saatchi-and-saatchi-2025-4/
Gerety Awards,2025,CRAFT CUT,Connecting Europe,German Rail,Ogilvy Germany,ART DIRECTION,CAMPAIGN,Shortlist,https://www.geretyawards.com/winners/2025/entry/177079/connecting-europe-german-rail,/awards/geretyawards/2025/campaigns/connecting-europe-german-rail-ogilvy-germany-2025-2/
Gerety Awards,2025,CRAFT CUT,Diet of Love,Aldi,antoni,DIRECTION,SINGLE,Shortlist,https://www.geretyawards.com/winners/2025/entry/175784/diet-of-love-aldi-s-d,/awards/geretyawards/2025/campaigns/diet-of-love-aldi-antoni-2025/
Gerety Awards,2025,CRAFT CUT,Earth Defender,Believe,Music Video,VISUAL EFFECTS,SINGLE,Shortlist,https://www.geretyawards.com/winners/2025/entry/186744/earth-defender-believe,/awards/geretyawards/2025/campaigns/earth-defender-believe-music-video-2025/
Gerety Awards,2025,CRAFT CUT,Equal Communication,TERRE DES FEMMES,Scholz & Friends,COPYWRITING,CAMPAIGN,Shortlist,https://www.geretyawards.com/winners/2025/entry/186440/equal-communication-terre-des-femmes,/awards/geretyawards/2025/campaigns/equal-communication-terre-des-femmes-scholz-and-friends-2025-2/
Gerety Awards,2025,CRAFT CUT,Everything or Nothing,General Entertainment Authority,BigTime Creative Shop,DIRECTION,SINGLE,Shortlist,https://www.geretyawards.com/winners/2025/entry/180573/everything-or-nothing-general-entertainment-authority,/awards/geretyawards/2025/campaigns/everything-or-nothing-general-entertainment-authority-bigtime-creative-shop-2025-4/
Gerety Awards,2025,CRAFT CUT,Liming With Gran,University of Cambridge & Genomics England,Ketchum,ART DIRECTION,SINGLE,Shortlist,https://www.geretyawards.com/winners/2025/entry/178090/liming-with-gran-university-of-cambridge-genomics-england,/awards/geretyawards/2025/campaigns/liming-with-gran-university-of-cambridge-and-genomics-england-ketchum-2025/
Gerety Awards,2025,CRAFT CUT,Long Lasting,AXE,LOLA Mullen Lowe,DIRECTION,SINGLE,Shortlist,https://www.geretyawards.com/winners/2025/entry/177402/long-lasting-axe,/awards/geretyawards/2025/campaigns/long-lasting-axe-lola-mullen-lowe-2025/
Gerety Awards,2025,CRAFT CUT,Marvel Rivals No One Rivals Doom,Marvel Rivals,,ANIMATION,SINGLE,Shortlist,https://www.geretyawards.com/winners/2025/entry/177448/marvel-rivals-no-one-rivals-doom-marvel-rivals,/awards/geretyawards/2025/campaigns/marvel-rivals-no-one-rivals-doom-marvel-rivals-none-2025/
Gerety Awards,2025,CRAFT CUT,Money At- Open Air Playground,JD Sports,Translation,ART DIRECTION,SINGLE,Shortlist,https://www.geretyawards.com/winners/2025/entry/177581/money-at-open-air-playground-jd-sports,/awards/geretyawards/2025/campaigns/money-at-open-air-playground-jd-sports-translation-2025/
Gerety Awards,2025,CRAFT CUT,New World Aeternum,New World,,ANIMATION,SINGLE,Shortlist,https://www.geretyawards.com/winners/2025/entry/177447/new-world-aeternum-new-world,/awards/geretyawards/2025/campaigns/new-world-aeternum-new-world-none-2025/
Gerety Awards,2025,CRAFT CUT,Not every smile starts with a smile,Colgate,VML Paris,PHOTOGRAPHY,CAMPAIGN,Shortlist,https://www.geretyawards.com/winners/2025/entry/186649/not-every-smile-starts-with-a-smile-colgate,/awards/geretyawards/2025/campaigns/not-every-smile-starts-with-a-smile-colgate-vml-paris-2025-2/
Gerety Awards,2025,CRAFT CUT,Orchestra of Monotony,LinkedIn,Philipp und Keuntje GmbH,MUSIC,SINGLE,Shortlist,https://www.geretyawards.com/winners/2025/entry/186896/orchestra-of-monotony-linkedin,/awards/geretyawards/2025/campaigns/orchestra-of-monotony-linkedin-philipp-und-keuntje-gmbh-2025/
Gerety Awards,2025,CRAFT CUT,Somebody,NFL,72andSunny,COPYWRITING,SINGLE,Shortlist,https://www.geretyawards.com/winners/2025/entry/186554/somebody-nfl,/awards/geretyawards/2025/campaigns/somebody-nfl-72andsunny-2025-2/
Gerety Awards,2025,CRAFT CUT,Somebody,NFL,72andSunny,DIRECTION,SINGLE,Shortlist,https://www.geretyawards.com/winners/2025/entry/186555/somebody-nfl,/awards/geretyawards/2025/campaigns/somebody-nfl-72andsunny-2025-3/
Gerety Awards,2025,CRAFT CUT,Someday,Apple,TBWA Media Arts Lab Los Angeles,EDITING,SINGLE,Shortlist,https://www.geretyawards.com/winners/2025/entry/186543/someday-apple,/awards/geretyawards/2025/campaigns/someday-apple-tbwamedia-arts-lab-los-angeles-2025/
Gerety Awards,2025,CRAFT CUT,THE XBOX ADAPTIVE JOYSTICK,Xbox,McCann London,PHOTOGRAPHY,CAMPAIGN,Shortlist,https://www.geretyawards.com/winners/2025/entry/186524/the-xbox-adaptive-joystick-xbox,/awards/geretyawards/2025/campaigns/the-xbox-adaptive-joystick-xbox-mccann-london-2025/
Gerety Awards,2025,CRAFT CUT,The Gifting Hour,John Lewis,Saatchi & Saatchi,DIRECTION,SINGLE,Shortlist,https://www.geretyawards.com/winners/2025/entry/176567/the-gifting-hour-john-lewis,/awards/geretyawards/2025/campaigns/the-gifting-hour-john-lewis-saatchi-and-saatchi-2025/
Gerety Awards,2025,CRAFT CUT,The Gifting Hour,John Lewis,Saatchi & Saatchi,PRODUCTION DESIGN,SINGLE,Shortlist,https://www.geretyawards.com/winners/2025/entry/176568/the-gifting-hour-john-lewis,/awards/geretyawards/2025/campaigns/the-gifting-hour-john-lewis-saatchi-and-saatchi-2025-2/
Gerety Awards,2025,CRAFT CUT,The Unburied Casket,Woman For Change,Edelman,ART DIRECTION,SINGLE,Shortlist,https://www.geretyawards.com/winners/2025/entry/187545/the-unburied-casket-woman-for-change,/awards/geretyawards/2025/campaigns/the-unburied-casket-woman-for-change-edelman-2025-2/
Gerety Awards,2025,CRAFT CUT,Unglueables,Loctite,HeimatTBWA,COPYWRITING,CAMPAIGN,Shortlist,https://www.geretyawards.com/winners/2025/entry/187491/unglueables-loctite,/awards/geretyawards/2025/campaigns/unglueables-loctite-heimattbwa-2025/
Gerety Awards,2025,CRAFT CUT,Usyk Vs Fury Reignited,Riyadh Season,BigTime Creative Shop,DIRECTION,SINGLE,Shortlist,https://www.geretyawards.com/winners/2025/entry/176572/usyk-vs-fury-reignited-riyadh-season,/awards/geretyawards/2025/campaigns/usyk-vs-fury-reignited-riyadh-season-bigtime-creative-shop-2025-2/
Gerety Awards,2025,CRAFT CUT,Waiting for You,MoPets,Serviceplan Belgium,PHOTOGRAPHY,SINGLE,Shortlist,https://www.geretyawards.com/winners/2025/entry/186796/waiting-for-you-mopets,/awards/geretyawards/2025/campaigns/waiting-for-you-mopets-serviceplan-belgium-2025/
Gerety Awards,2025,CRAFT CUT,We are not alone,Nivea,Publicis One Touch,MUSIC,SINGLE,Shortlist,https://www.geretyawards.com/winners/2025/entry/187486/we-are-not-alone-nivea,/awards/geretyawards/2025/campaigns/we-are-not-alone-nivea-publicis-one-touch-2025-2/
Gerety Awards,2025,CRAFT CUT,We are not alone,Nivea,Publicis One Touch,VISUAL EFFECTS,SINGLE,Shortlist,https://www.geretyawards.com/winners/2025/entry/187487/we-are-not-alone-nivea,/awards/geretyawards/2025/campaigns/we-are-not-alone-nivea-publicis-one-touch-2025-3/
Gerety Awards,2025,EFFECTIVENESS CUT,The 100th Edition,Frankfurter Allgemeine Zeitung,Scholz & Friends,PRINT (OUTDOOR),SINGLE,Gold,https://www.geretyawards.com/winners/2025/entry/186410/the-100th-edition-frankfurter-allgemeine-zeitung,/awards/geretyawards/2025/campaigns/the-100th-edition-frankfurter-allgemeine-zeitung-scholz-and-friends-2025-2/
Gerety Awards,2025,EFFECTIVENESS CUT,The Art Of Stains,OMO (Dirt is Good),MullenLowe MENA,ALTERNATIVE,SINGLE,Gold,https://www.geretyawards.com/winners/2025/entry/186776/the-art-of-stains-omo-dirt-is-good,/awards/geretyawards/2025/campaigns/the-art-of-stains-omo-dirt-is-good-mullenlowe-mena-2025-2/
Gerety Awards,2025,EFFECTIVENESS CUT,Unsilence the Violence,TERRE DES FEMMES,Scholz & Friends / 2030 Kommunikation,PR,SINGLE,Gold,https://www.geretyawards.com/winners/2025/entry/177366/unsilence-the-violence-terre-des-femmes,/awards/geretyawards/2025/campaigns/unsilence-the-violence-terre-des-femmes-scholz-and-friends-2030-kommunikation-2025-2/
Gerety Awards,2025,EFFECTIVENESS CUT,W1NG COD3S,Volaris Airlines,Havas HOY,ALTERNATIVE,SINGLE,Gold,https://www.geretyawards.com/winners/2025/entry/180603/w1ng-cod3s-volaris-airlines,/awards/geretyawards/2025/campaigns/w1ng-cod3s-volaris-airlines-havas-hoy-2025/
Gerety Awards,2025,EFFECTIVENESS CUT,Choose Uber,Heetch,BETC,,INTEGRATED,Silver,https://www.geretyawards.com/winners/2025/entry/187273/choose-uber-heetch,/awards/geretyawards/2025/campaigns/choose-uber-heetch-betc-2025/
Gerety Awards,2025,EFFECTIVENESS CUT,LIVE FEARLESS THE HEART & GUTS BEHIND THE BLOOD,Bodyform/Libresse,AMVBBDO,ONLINE VIDEO,SINGLE,Silver,https://www.geretyawards.com/winners/2025/entry/187599/live-fearless-the-heart-guts-behind-the-blood-bodyform-libresse,/awards/geretyawards/2025/campaigns/live-fearless-the-heart-and-guts-behind-the-blood-bodyformlibresse-amvbbdo-2025/
Gerety Awards,2025,EFFECTIVENESS CUT,DrunkenBait,Carlsberg,Burson Sweden,PR,SINGLE,Bronze,https://www.geretyawards.com/winners/2025/entry/187174/drunkenbait-carlsberg,/awards/geretyawards/2025/campaigns/drunkenbait-carlsberg-burson-sweden-2025-2/
Gerety Awards,2025,EFFECTIVENESS CUT,Heir Richie,Ore-Ida,The Kitchen North America,ALTERNATIVE,SINGLE,Bronze,https://www.geretyawards.com/winners/2025/entry/186794/heir-richie-ore-ida,/awards/geretyawards/2025/campaigns/heir-richie-ore-ida-the-kitchen-north-america-2025/
Gerety Awards,2025,EFFECTIVENESS CUT,Trust Bars,Heineken,LePub Singapore,EMERGING COMMERCE,SINGLE,Bronze,https://www.geretyawards.com/winners/2025/entry/187306/trust-bars-heineken,/awards/geretyawards/2025/campaigns/trust-bars-heineken-lepub-singapore-2025-2/
Gerety Awards,2025,EFFECTIVENESS CUT,DONT LOOK DOWN,FIXBY,MullenLowe MENA,TV/CINEMA,SINGLE,Shortlist,https://www.geretyawards.com/winners/2025/entry/186764/don-t-look-down-fixby,/awards/geretyawards/2025/campaigns/dont-look-down-fixby-mullenlowe-mena-2025-3/
Gerety Awards,2025,EFFECTIVENESS CUT,Doors of Opportunity,Soles4Souls,FUSE Create,,INTEGRATED,Shortlist,https://www.geretyawards.com/winners/2025/entry/179893/doors-of-opportunity-soles4souls,/awards/geretyawards/2025/campaigns/doors-of-opportunity-soles4souls-fuse-create-2025/
Gerety Awards,2025,EFFECTIVENESS CUT,Human Right Bracelets,Amnesty International Spain,La Despensa,PR,SINGLE,Shortlist,https://www.geretyawards.com/winners/2025/entry/176387/human-right-bracelets-amnesty-international-spain,/awards/geretyawards/2025/campaigns/human-right-bracelets-amnesty-international-spain-la-despensa-2025/
Gerety Awards,2025,EFFECTIVENESS CUT,Nutter Butter You Good?,Nutter Butter,Dentsu Creative New York,MOBILE,SINGLE,Shortlist,https://www.geretyawards.com/winners/2025/entry/186124/nutter-butter-you-good-nutter-butter,/awards/geretyawards/2025/campaigns/nutter-butter-you-good-nutter-butter-dentsu-creative-new-york-2025-2/
Gerety Awards,2025,EFFECTIVENESS CUT,The Unwearable Ring,Prague Pride Jsme FEr,Leo Burnett Prague & MSL Czech Republic,PR,SINGLE,Shortlist,https://www.geretyawards.com/winners/2025/entry/174222/the-unwearable-ring-prague-pride-jsme-f-r,/awards/geretyawards/2025/campaigns/the-unwearable-ring-prague-pride-jsme-fer-leo-burnett-prague-and-msl-czech-republic-2025/
Gerety Awards,2025,ENTERTAINMENT CUT,The Final Copy of Ilon Specht,LOrEal Paris,McCann Paris,ONLINE VIDEO,SINGLE,Grand Prix,https://www.geretyawards.com/winners/2025/entry/187411/the-final-copy-of-ilon-specht-l-or-al-paris,/awards/geretyawards/2025/campaigns/the-final-copy-of-ilon-specht-loreal-paris-mccann-paris-2025-2/
Gerety Awards,2025,ENTERTAINMENT CUT,Never Just A Period,Bodyform/Libresse,AMVBBDO,ONLINE VIDEO,SINGLE,Gold,https://www.geretyawards.com/winners/2025/entry/187597/never-just-a-period-bodyform-libresse,/awards/geretyawards/2025/campaigns/never-just-a-period-bodyformlibresse-amvbbdo-2025-6/
Gerety Awards,2025,ENTERTAINMENT CUT,The Cheeky Controller,Xbox,McCann London,PRODUCT & PACKAGING DESIGN,SINGLE,Gold,https://www.geretyawards.com/winners/2025/entry/186523/the-cheeky-controller-xbox,/awards/geretyawards/2025/campaigns/the-cheeky-controller-xbox-mccann-london-2025/
Gerety Awards,2025,ENTERTAINMENT CUT,Mustard x Mustard,Heinz - Kraft Heinz,The Kitchen North America,ALTERNATIVE,SINGLE,Silver,https://www.geretyawards.com/winners/2025/entry/186934/mustard-x-mustard-heinz-kraft-heinz,/awards/geretyawards/2025/campaigns/mustard-x-mustard-heinz-kraft-heinz-the-kitchen-north-america-2025/
Gerety Awards,2025,ENTERTAINMENT CUT,Oreo Empire,Oreo,Dentsu Creative Chicago,ALTERNATIVE,SINGLE,Silver,https://www.geretyawards.com/winners/2025/entry/185978/oreo-empire-oreo,/awards/geretyawards/2025/campaigns/oreo-empire-oreo-dentsu-creative-chicago-2025/
Gerety Awards,2025,ENTERTAINMENT CUT,Oreo Square Cookie,Oreo,Saatchi & Saatchi Germany,EMERGING COMMERCE,SINGLE,Silver,https://www.geretyawards.com/winners/2025/entry/187366/oreo-square-cookie-oreo,/awards/geretyawards/2025/campaigns/oreo-square-cookie-oreo-saatchi-and-saatchi-germany-2025/
Gerety Awards,2025,ENTERTAINMENT CUT,Sennas Cut,Netflix,Monks Buenos Aires,ONLINE VIDEO,SINGLE,Silver,https://www.geretyawards.com/winners/2025/entry/186157/senna-s-cut-netflix,/awards/geretyawards/2025/campaigns/sennas-cut-netflix-monks-buenos-aires-2025-2/
Gerety Awards,2025,ENTERTAINMENT CUT,ArtMemes,Yettel,Artificial Group,DIGITAL,SINGLE,Bronze,https://www.geretyawards.com/winners/2025/entry/186943/artmemes-yettel,/awards/geretyawards/2025/campaigns/artmemes-yettel-artificial-group-2025/
Gerety Awards,2025,ENTERTAINMENT CUT,Obsession,Riyadh Season,BigTime Creative Shop,ONLINE VIDEO,SINGLE,Bronze,https://www.geretyawards.com/winners/2025/entry/180575/obsession-riyadh-season,/awards/geretyawards/2025/campaigns/obsession-riyadh-season-bigtime-creative-shop-2025/
Gerety Awards,2025,ENTERTAINMENT CUT,The Mozart Drop,Digital Kchel-Verzeichnis,Fork Unstable Media,PR,SINGLE,Bronze,https://www.geretyawards.com/winners/2025/entry/180537/the-mozart-drop-digital-k-chel-verzeichnis,/awards/geretyawards/2025/campaigns/the-mozart-drop-digital-kchel-verzeichnis-fork-unstable-media-2025-2/
Gerety Awards,2025,ENTERTAINMENT CUT,TheDonationMap,UNITED 24,Havas Play France,DIGITAL,SINGLE,Shortlist,https://www.geretyawards.com/winners/2025/entry/176370/thedonationmap-united-24,/awards/geretyawards/2025/campaigns/thedonationmap-united-24-havas-play-france-2025/
Gerety Awards,2025,ENTERTAINMENT CUT,Duolingo x Squidgame Owl Game,Duolingo,Duolingo Direct,ONLINE VIDEO,SINGLE,Shortlist,https://www.geretyawards.com/winners/2025/entry/177413/duolingo-x-squidgame-owl-game-duolingo,/awards/geretyawards/2025/campaigns/duolingo-x-squidgame-owl-game-duolingo-duolingo-direct-2025/
Gerety Awards,2025,ENTERTAINMENT CUT,FUEL HATERS,PTT Station,Yell Bangkok,ONLINE VIDEO,SINGLE,Shortlist,https://www.geretyawards.com/winners/2025/entry/186886/fuel-haters-ptt-station,/awards/geretyawards/2025/campaigns/fuel-haters-ptt-station-yell-bangkok-2025/
Gerety Awards,2025,ENTERTAINMENT CUT,Play The Dew,Mountain Dew,BBDO Guerrero,,INTEGRATED,Shortlist,https://www.geretyawards.com/winners/2025/entry/187219/play-the-dew-mountain-dew,/awards/geretyawards/2025/campaigns/play-the-dew-mountain-dew-bbdo-guerrero-2025-2/
Gerety Awards,2025,ENTERTAINMENT CUT,R & Create,Volkswagen R,DDB Germany,ALTERNATIVE,SINGLE,Shortlist,https://www.geretyawards.com/winners/2025/entry/186462/r-create-volkswagen-r,/awards/geretyawards/2025/campaigns/r-and-create-volkswagen-r-ddb-germany-2025-2/
Gerety Awards,2025,ENTERTAINMENT CUT,R & Create,Volkswagen R,DDB Germany,DIGITAL,SINGLE,Shortlist,https://www.geretyawards.com/winners/2025/entry/186109/r-create-volkswagen-r,/awards/geretyawards/2025/campaigns/r-and-create-volkswagen-r-ddb-germany-2025-3/
Gerety Awards,2025,ENTERTAINMENT CUT,Trust Bars,Heineken,LePub Singapore,,INTEGRATED,Shortlist,https://www.geretyawards.com/winners/2025/entry/187318/trust-bars-heineken,/awards/geretyawards/2025/campaigns/trust-bars-heineken-lepub-singapore-2025-3/
Gerety Awards,2025,EXPERIENCE CUT,855-HOW-TO-QUIT-(OPIOIDS),Anzen Health,SERVICEPLAN GERMANY / MEDIAPLUS GROUP,PRINT (OUTDOOR),CAMPAIGN,Gold,https://www.geretyawards.com/winners/2025/entry/180281/855-how-to-quit-opioids-anzen-health,/awards/geretyawards/2025/campaigns/855-how-to-quit-opioids-anzen-health-serviceplan-germany-mediaplus-group-2025-2/
Gerety Awards,2025,EXPERIENCE CUT,Camdom,Billy Boy,INNOCEAN Berlin,MOBILE,SINGLE,Gold,https://www.geretyawards.com/winners/2025/entry/180461/camdom-billy-boy,/awards/geretyawards/2025/campaigns/camdom-billy-boy-innocean-berlin-2025/
Gerety Awards,2025,EXPERIENCE CUT,PRICE PACKS,PENNY,SERVICEPLAN GERMANY,PRODUCT & PACKAGING DESIGN,SINGLE,Gold,https://www.geretyawards.com/winners/2025/entry/178569/price-packs-penny,/awards/geretyawards/2025/campaigns/price-packs-penny-serviceplan-germany-2025-4/
Gerety Awards,2025,EXPERIENCE CUT,The Parental Leave Mortgage,Nordea,NORD DDB,ALTERNATIVE,SINGLE,Gold,https://www.geretyawards.com/winners/2025/entry/187476/the-parental-leave-mortgage-nordea,/awards/geretyawards/2025/campaigns/the-parental-leave-mortgage-nordea-nord-ddb-2025/
Gerety Awards,2025,EXPERIENCE CUT,Animal Alerts,PetPace,SERVICEPLAN GERMANY / L&C,,INTEGRATED,Silver,https://www.geretyawards.com/winners/2025/entry/178552/animal-alerts-petpace,/awards/geretyawards/2025/campaigns/animal-alerts-petpace-serviceplan-germany-l-and-c-2025/
Gerety Awards,2025,EXPERIENCE CUT,Memorial Route,Stop Accidentes,HEIMATTBWA,PR,SINGLE,Silver,https://www.geretyawards.com/winners/2025/entry/187498/memorial-route-stop-accidentes,/awards/geretyawards/2025/campaigns/memorial-route-stop-accidentes-heimattbwa-2025/
Gerety Awards,2025,EXPERIENCE CUT,Undeleted,Dove,VML Argentina,ALTERNATIVE,SINGLE,Silver,https://www.geretyawards.com/winners/2025/entry/187000/undeleted-dove,/awards/geretyawards/2025/campaigns/undeleted-dove-vml-argentina-2025-3/
Gerety Awards,2025,EXPERIENCE CUT,Unsilence the Crowd,Sela,VML UK,ALTERNATIVE,CAMPAIGN,Silver,https://www.geretyawards.com/winners/2025/entry/180547/unsilence-the-crowd-sela,/awards/geretyawards/2025/campaigns/unsilence-the-crowd-sela-vml-uk-2025-2/
Gerety Awards,2025,EXPERIENCE CUT,Miniatur Warmland,Telekom,Grabarz & Partner,ALTERNATIVE,SINGLE,Bronze,https://www.geretyawards.com/winners/2025/entry/186624/miniatur-warmland-telekom,/awards/geretyawards/2025/campaigns/miniatur-warmland-telekom-grabarz-and-partner-2025-2/
Gerety Awards,2025,EXPERIENCE CUT,Dancing Washers,Whirlpool,VML Mexico,EMERGING COMMERCE,SINGLE,Bronze,https://www.geretyawards.com/winners/2025/entry/186293/dancing-washers-whirlpool,/awards/geretyawards/2025/campaigns/dancing-washers-whirlpool-vml-mexico-2025-3/
Gerety Awards,2025,EXPERIENCE CUT,Oreo Square Cookie,Oreo,Saatchi & Saatchi Germany,ALTERNATIVE,SINGLE,Bronze,https://www.geretyawards.com/winners/2025/entry/187367/oreo-square-cookie-oreo,/awards/geretyawards/2025/campaigns/oreo-square-cookie-oreo-saatchi-and-saatchi-germany-2025-2/
Gerety Awards,2025,EXPERIENCE CUT,Saving The Voice Of The Ghetto,POLIN Museum of the History of Polish Jews,Saatchi & Saatchi x Prodigious x MSL x Leo Burnett,ALTERNATIVE,SINGLE,Bronze,https://www.geretyawards.com/winners/2025/entry/180596/saving-the-voice-of-the-ghetto-polin-museum-of-the-history-of-polish-jews,/awards/geretyawards/2025/campaigns/saving-the-voice-of-the-ghetto-polin-museum-of-the-history-of-polish-jews-saatchi-and-saatchi-x-prodigious-x-msl-x-leo-burnett-2025/
Gerety Awards,2025,EXPERIENCE CUT,The Ad No Man Saw,24/7 Emergency Room of the Hamburg Womens Shelters,Grabarz & Partner,PRINT (PRESS),SINGLE,Bronze,https://www.geretyawards.com/winners/2025/entry/186662/the-ad-no-man-saw-24-7-emergency-room-of-the-hamburg-women-s-shelters,/awards/geretyawards/2025/campaigns/the-ad-no-man-saw-247-emergency-room-of-the-hamburg-womens-shelters-grabarz-and-partner-2025-2/
Gerety Awards,2025,EXPERIENCE CUT,The Outside Book,Fruittella,VML So Paulo,PRINT (PRESS),SINGLE,Bronze,https://www.geretyawards.com/winners/2025/entry/187660/the-outside-book-fruittella,/awards/geretyawards/2025/campaigns/the-outside-book-fruittella-vml-so-paulo-2025/
Gerety Awards,2025,EXPERIENCE CUT,Balikbayan Magic Philippine Oriental Food Market,Coca-Cola,VML Canada,ALTERNATIVE,SINGLE,Shortlist,https://www.geretyawards.com/winners/2025/entry/187102/balikbayan-magic-philippine-oriental-food-market-coca-cola,/awards/geretyawards/2025/campaigns/balikbayan-magic-philippine-oriental-food-market-coca-cola-vml-canada-2025/
Gerety Awards,2025,EXPERIENCE CUT,Dancing Washers,Whirlpool,VML Mexico,DIGITAL,SINGLE,Shortlist,https://www.geretyawards.com/winners/2025/entry/186175/dancing-washers-whirlpool,/awards/geretyawards/2025/campaigns/dancing-washers-whirlpool-vml-mexico-2025-4/
Gerety Awards,2025,EXPERIENCE CUT,Dancing Washers,Whirlpool,VML Mexico,MOBILE,SINGLE,Shortlist,https://www.geretyawards.com/winners/2025/entry/186294/dancing-washers-whirlpool,/awards/geretyawards/2025/campaigns/dancing-washers-whirlpool-vml-mexico-2025-5/
Gerety Awards,2025,EXPERIENCE CUT,Digging Mozart,Digital Kchel-Verzeichnis,Fork Unstable Media,DIGITAL,SINGLE,Shortlist,https://www.geretyawards.com/winners/2025/entry/180527/digging-mozart-digital-k-chel-verzeichnis,/awards/geretyawards/2025/campaigns/digging-mozart-digital-kchel-verzeichnis-fork-unstable-media-2025/
Gerety Awards,2025,EXPERIENCE CUT,Hands Free Brooklyn,Ray-Ban,Translation,ALTERNATIVE,SINGLE,Shortlist,https://www.geretyawards.com/winners/2025/entry/177557/hands-free-brooklyn-ray-ban,/awards/geretyawards/2025/campaigns/hands-free-brooklyn-ray-ban-translation-2025/
Gerety Awards,2025,EXPERIENCE CUT,Playbrary,National Library Board Singapore,LePub Singapore,DIGITAL,SINGLE,Shortlist,https://www.geretyawards.com/winners/2025/entry/187311/playbrary-national-library-board-singapore,/awards/geretyawards/2025/campaigns/playbrary-national-library-board-singapore-lepub-singapore-2025/
Gerety Awards,2025,EXPERIENCE CUT,SFI IRL,Malm Stad,BBDO Nordics,PRINT (OUTDOOR),SINGLE,Shortlist,https://www.geretyawards.com/winners/2025/entry/186280/sfi-irl-malm-stad,/awards/geretyawards/2025/campaigns/sfi-irl-malm-stad-bbdo-nordics-2025-2/
Gerety Awards,2025,EXPERIENCE CUT,Social Screen,Heineken South Africa,LePub Johannesburg,ALTERNATIVE,SINGLE,Shortlist,https://www.geretyawards.com/winners/2025/entry/186880/social-screen-heineken-south-africa,/awards/geretyawards/2025/campaigns/social-screen-heineken-south-africa-lepub-johannesburg-2025/
Gerety Awards,2025,EXPERIENCE CUT,The Flamin Hot Stars,Flamin Hot,Isla RepUblica,ALTERNATIVE,SINGLE,Shortlist,https://www.geretyawards.com/winners/2025/entry/187835/the-flamin-hot-stars-flamin-hot,/awards/geretyawards/2025/campaigns/the-flamin-hot-stars-flamin-hot-isla-republica-2025/
Gerety Awards,2025,EXPERIENCE CUT,The furrrniture collection,ZooRoyal,Saatchi & Saatchi Germany,PRODUCT & PACKAGING DESIGN,SINGLE,Shortlist,https://www.geretyawards.com/winners/2025/entry/187371/the-furrrniture-collection-zooroyal,/awards/geretyawards/2025/campaigns/the-furrrniture-collection-zooroyal-saatchi-and-saatchi-germany-2025/
Gerety Awards,2025,EXPERIENCE CUT,Trust Bars,Heineken,LePub Singapore,,INTEGRATED,Shortlist,https://www.geretyawards.com/winners/2025/entry/186733/trust-bars-heineken,/awards/geretyawards/2025/campaigns/trust-bars-heineken-lepub-singapore-2025-4/
Gerety Awards,2025,EXPERIENCE CUT,mio streaming energy,mio - Kraft Heinz,The Kitchen North America,ALTERNATIVE,SINGLE,Shortlist,https://www.geretyawards.com/winners/2025/entry/186936/mio-streaming-energy-mio-kraft-heinz,/awards/geretyawards/2025/campaigns/mio-streaming-energy-mio-kraft-heinz-the-kitchen-north-america-2025/
Gerety Awards,2025,HEALTH CUT,Group Therapy,Axa,VML Paris,ALTERNATIVE,SINGLE,Gold,https://www.geretyawards.com/winners/2025/entry/186620/group-therapy-axa,/awards/geretyawards/2025/campaigns/group-therapy-axa-vml-paris-2025/
Gerety Awards,2025,HEALTH CUT,Never Just A Period,Bodyform/Libresse,AMVBBDO,ONLINE VIDEO,SINGLE,Gold,https://www.geretyawards.com/winners/2025/entry/187598/never-just-a-period-bodyform-libresse,/awards/geretyawards/2025/campaigns/never-just-a-period-bodyformlibresse-amvbbdo-2025-7/
Gerety Awards,2025,HEALTH CUT,Unsilence the Violence,TERRE DES FEMMES,Scholz & Friends / 2030 Kommunikation,PR,SINGLE,Gold,https://www.geretyawards.com/winners/2025/entry/177357/unsilence-the-violence-terre-des-femmes,/awards/geretyawards/2025/campaigns/unsilence-the-violence-terre-des-femmes-scholz-and-friends-2030-kommunikation-2025-3/
Gerety Awards,2025,HEALTH CUT,Camdom,Billy Boy,INNOCEAN Berlin,MOBILE,SINGLE,Silver,https://www.geretyawards.com/winners/2025/entry/180463/camdom-billy-boy,/awards/geretyawards/2025/campaigns/camdom-billy-boy-innocean-berlin-2025-2/
Gerety Awards,2025,HEALTH CUT,Mommyphone,Gallia,BETC,ALTERNATIVE,SINGLE,Silver,https://www.geretyawards.com/winners/2025/entry/187274/mommyphone-gallia,/awards/geretyawards/2025/campaigns/mommyphone-gallia-betc-2025/
Gerety Awards,2025,HEALTH CUT,Anti Murphys Law Toast,Opella-Enterogermina,MRM Spain,ONLINE VIDEO,SINGLE,Bronze,https://www.geretyawards.com/winners/2025/entry/187149/anti-murphy-s-law-toast-opella-enterogermina,/awards/geretyawards/2025/campaigns/anti-murphys-law-toast-opella-enterogermina-mrm-spain-2025-3/
Gerety Awards,2025,HEALTH CUT,Benches of Hope,Carl Zeiss AG,fischerAppelt relations GmbH,PRODUCT & PACKAGING DESIGN,SINGLE,Bronze,https://www.geretyawards.com/winners/2025/entry/180507/benches-of-hope-carl-zeiss-ag,/awards/geretyawards/2025/campaigns/benches-of-hope-carl-zeiss-ag-fischerappelt-relations-gmbh-2025/
Gerety Awards,2025,HEALTH CUT,Camdom,Billy Boy,INNOCEAN Berlin,PR,SINGLE,Bronze,https://www.geretyawards.com/winners/2025/entry/180464/camdom-billy-boy,/awards/geretyawards/2025/campaigns/camdom-billy-boy-innocean-berlin-2025-3/
Gerety Awards,2025,HEALTH CUT,Design your sleep while you sleep,IKEA Family,MRM Spain,EMERGING COMMERCE,SINGLE,Bronze,https://www.geretyawards.com/winners/2025/entry/187153/design-your-sleep-while-you-sleep-ikea-family,/awards/geretyawards/2025/campaigns/design-your-sleep-while-you-sleep-ikea-family-mrm-spain-2025/
Gerety Awards,2025,HEALTH CUT,Green Gursha,Knorr,Mullen Lowe South Africa,,INTEGRATED,Bronze,https://www.geretyawards.com/winners/2025/entry/185422/green-gursha-knorr,/awards/geretyawards/2025/campaigns/green-gursha-knorr-mullen-lowe-south-africa-2025/
Gerety Awards,2025,HEALTH CUT,Skincare for Down There,Saforelle,McCann Paris / McCann Health London An IPG Health Company,STRATEGY,CAMPAIGN,Bronze,https://www.geretyawards.com/winners/2025/entry/188259/skincare-for-down-there-saforelle,/awards/geretyawards/2025/campaigns/skincare-for-down-there-saforelle-mccann-paris-mccann-health-london-an-ipg-health-company-2025/
Gerety Awards,2025,HEALTH CUT,The Ad No Man Saw,24/7 Emergency Room of the Hamburg Womens Shelters,Grabarz & Partner,PRINT (PRESS),SINGLE,Bronze,https://www.geretyawards.com/winners/2025/entry/186663/the-ad-no-man-saw-24-7-emergency-room-of-the-hamburg-women-s-shelters,/awards/geretyawards/2025/campaigns/the-ad-no-man-saw-247-emergency-room-of-the-hamburg-womens-shelters-grabarz-and-partner-2025-3/
Gerety Awards,2025,HEALTH CUT,Anti Murphys Law Toast,Opella-Enterogermina,MRM Spain,PR,SINGLE,Shortlist,https://www.geretyawards.com/winners/2025/entry/187150/anti-murphy-s-law-toast-opella-enterogermina,/awards/geretyawards/2025/campaigns/anti-murphys-law-toast-opella-enterogermina-mrm-spain-2025-4/
Gerety Awards,2025,HEALTH CUT,Benches of Hope,Carl Zeiss AG,fischerAppelt relations GmbH,ALTERNATIVE,SINGLE,Shortlist,https://www.geretyawards.com/winners/2025/entry/180508/benches-of-hope-carl-zeiss-ag,/awards/geretyawards/2025/campaigns/benches-of-hope-carl-zeiss-ag-fischerappelt-relations-gmbh-2025-2/
Gerety Awards,2025,HEALTH CUT,Could it be this easy?,Sandoz Deutschland / Hexal AG,SERVICEPLAN GERMANY / SERVICEPLAN BELGIUM,RADIO,SINGLE,Shortlist,https://www.geretyawards.com/winners/2025/entry/180521/could-it-be-this-easy-sandoz-deutschland-hexal-ag,/awards/geretyawards/2025/campaigns/could-it-be-this-easy-sandoz-deutschland-hexal-ag-serviceplan-germany-serviceplan-belgium-2025/
Gerety Awards,2025,HEALTH CUT,DONT LOOK DOWN,FIXBY,MullenLowe MENA,TV/CINEMA,SINGLE,Shortlist,https://www.geretyawards.com/winners/2025/entry/186766/don-t-look-down-fixby,/awards/geretyawards/2025/campaigns/dont-look-down-fixby-mullenlowe-mena-2025-4/
Gerety Awards,2025,HEALTH CUT,Heirlooms,Suicide & Co,VML UK,ONLINE VIDEO,SINGLE,Shortlist,https://www.geretyawards.com/winners/2025/entry/180553/heirlooms-suicide-co,/awards/geretyawards/2025/campaigns/heirlooms-suicide-and-co-vml-uk-2025/
Gerety Awards,2025,HEALTH CUT,Liming With Gran,University of Cambridge & Genomics England,Ketchum,,INTEGRATED,Shortlist,https://www.geretyawards.com/winners/2025/entry/178086/liming-with-gran-university-of-cambridge-genomics-england,/awards/geretyawards/2025/campaigns/liming-with-gran-university-of-cambridge-and-genomics-england-ketchum-2025-2/
Gerety Awards,2025,HEALTH CUT,Not every smile starts with a smile,Colgate,VML Paris,PRINT (OUTDOOR),CAMPAIGN,Shortlist,https://www.geretyawards.com/winners/2025/entry/186650/not-every-smile-starts-with-a-smile-colgate,/awards/geretyawards/2025/campaigns/not-every-smile-starts-with-a-smile-colgate-vml-paris-2025-3/
Gerety Awards,2025,HEALTH CUT,Paddle Royale,St Michaels Hospital Foundation,St Michaels Hospital Foundation,ONLINE VIDEO,SINGLE,Shortlist,https://www.geretyawards.com/winners/2025/entry/186845/paddle-royale-st-michael-s-hospital-foundation,/awards/geretyawards/2025/campaigns/paddle-royale-st-michaels-hospital-foundation-st-michaels-hospital-foundation-2025/
Gerety Awards,2025,HEALTH CUT,Screening banana,Bennet,DDB Group Italy,ALTERNATIVE,SINGLE,Shortlist,https://www.geretyawards.com/winners/2025/entry/185844/screening-banana-bennet,/awards/geretyawards/2025/campaigns/screening-banana-bennet-ddb-group-italy-2025/
Gerety Awards,2025,HEALTH CUT,Skincare for Down There,Saforelle,McCann Paris / McCann Health London An IPG Health Company,PRINT (OUTDOOR),CAMPAIGN,Shortlist,https://www.geretyawards.com/winners/2025/entry/187420/skincare-for-down-there-saforelle,/awards/geretyawards/2025/campaigns/skincare-for-down-there-saforelle-mccann-paris-mccann-health-london-an-ipg-health-company-2025-2/
Gerety Awards,2025,HEALTH CUT,The Impossible Camera,American Optometric Association,Edelman,PR,SINGLE,Shortlist,https://www.geretyawards.com/winners/2025/entry/187796/the-impossible-camera-american-optometric-association,/awards/geretyawards/2025/campaigns/the-impossible-camera-american-optometric-association-edelman-2025/
Gerety Awards,2025,HEALTH CUT,The Unofficial Discipline,ottobock,PRESENCE,ALTERNATIVE,CAMPAIGN,Shortlist,https://www.geretyawards.com/winners/2025/entry/180335/the-unofficial-discipline-ottobock,/awards/geretyawards/2025/campaigns/the-unofficial-discipline-ottobock-presence-2025/
Gerety Awards,2025,HEALTH CUT,The full picture,yeswecan!cer,Saatchi & Saatchi Germany,TV/CINEMA,CAMPAIGN,Shortlist,https://www.geretyawards.com/winners/2025/entry/187347/the-full-picture-yeswecan-cer,/awards/geretyawards/2025/campaigns/the-full-picture-yeswecancer-saatchi-and-saatchi-germany-2025-2/
Gerety Awards,2025,HUMOUR CUT,The Cheeky Controller,Xbox,McCann London,PRODUCT & PACKAGING DESIGN,SINGLE,Gold,https://www.geretyawards.com/winners/2025/entry/186520/the-cheeky-controller-xbox,/awards/geretyawards/2025/campaigns/the-cheeky-controller-xbox-mccann-london-2025-2/
Gerety Awards,2025,HUMOUR CUT,Dancing Washers,Whirlpool,VML Mexico,MOBILE,SINGLE,Silver,https://www.geretyawards.com/winners/2025/entry/186295/dancing-washers-whirlpool,/awards/geretyawards/2025/campaigns/dancing-washers-whirlpool-vml-mexico-2025-6/
Gerety Awards,2025,HUMOUR CUT,Emotional Support Pizza,7-Eleven,Dentsu Creative New York,ALTERNATIVE,SINGLE,Silver,https://www.geretyawards.com/winners/2025/entry/185974/emotional-support-pizza-7-eleven,/awards/geretyawards/2025/campaigns/emotional-support-pizza-7-eleven-dentsu-creative-new-york-2025/
Gerety Awards,2025,HUMOUR CUT,Sleep with Rain,AT&T Business,West BBDO and Critical Mass,DIGITAL,CAMPAIGN,Silver,https://www.geretyawards.com/winners/2025/entry/186291/sleep-with-rain-at-t-business,/awards/geretyawards/2025/campaigns/sleep-with-rain-at-and-t-business-west-bbdo-and-critical-mass-2025-2/
Gerety Awards,2025,HUMOUR CUT,The Mayo Exchange,Hellmanns,Edelman,ALTERNATIVE,SINGLE,Silver,https://www.geretyawards.com/winners/2025/entry/187084/the-mayo-exchange-hellmann-s,/awards/geretyawards/2025/campaigns/the-mayo-exchange-hellmanns-edelman-2025-2/
Gerety Awards,2025,HUMOUR CUT,Blood Donation Hurts Less,Blutspendedienst des Bayrischen Roten Kreuzes,SAINT ELMOS GERMANY,,INTEGRATED,Bronze,https://www.geretyawards.com/winners/2025/entry/180526/blood-donation-hurts-less-blutspendedienst-des-bayrischen-roten-kreuzes,/awards/geretyawards/2025/campaigns/blood-donation-hurts-less-blutspendedienst-des-bayrischen-roten-kreuzes-saint-elmos-germany-2025/
Gerety Awards,2025,HUMOUR CUT,Dancing Washers,Whirlpool,VML Mexico,EMERGING COMMERCE,SINGLE,Bronze,https://www.geretyawards.com/winners/2025/entry/186475/dancing-washers-whirlpool,/awards/geretyawards/2025/campaigns/dancing-washers-whirlpool-vml-mexico-2025-7/
Gerety Awards,2025,HUMOUR CUT,Diet of Love,Aldi,antoni,ONLINE VIDEO,SINGLE,Bronze,https://www.geretyawards.com/winners/2025/entry/175785/diet-of-love-aldi-s-d,/awards/geretyawards/2025/campaigns/diet-of-love-aldi-antoni-2025-2/
Gerety Awards,2025,HUMOUR CUT,LOUD AND CLEAR,MIDAS,DENTSU CREATIVE France,TV/CINEMA,SINGLE,Bronze,https://www.geretyawards.com/winners/2025/entry/180382/loud-and-clear-midas,/awards/geretyawards/2025/campaigns/loud-and-clear-midas-dentsu-creative-france-2025/
Gerety Awards,2025,HUMOUR CUT,Packed With Nuts,KIND,McCann Canada,PRINT (OUTDOOR),CAMPAIGN,Bronze,https://www.geretyawards.com/winners/2025/entry/186532/packed-with-nuts-kind,/awards/geretyawards/2025/campaigns/packed-with-nuts-kind-mccann-canada-2025/
Gerety Awards,2025,HUMOUR CUT,Forgotten Beers,Heineken,LePub,ONLINE VIDEO,SINGLE,Shortlist,https://www.geretyawards.com/winners/2025/entry/175786/forgotten-beers-heineken,/awards/geretyawards/2025/campaigns/forgotten-beers-heineken-lepub-2025/
Gerety Awards,2025,HUMOUR CUT,Guilty Pets,IKEA,INGO Hamburg,ONLINE VIDEO,CAMPAIGN,Shortlist,https://www.geretyawards.com/winners/2025/entry/176443/guilty-pets-ikea,/awards/geretyawards/2025/campaigns/guilty-pets-ikea-ingo-hamburg-2025-2/
Gerety Awards,2025,HUMOUR CUT,Marry Me,Volkswagen,MSB-Films,ONLINE VIDEO,SINGLE,Shortlist,https://www.geretyawards.com/winners/2025/entry/175788/marry-me-volkswagen,/awards/geretyawards/2025/campaigns/marry-me-volkswagen-msb-films-2025/
Gerety Awards,2025,HUMOUR CUT,Ore-Ida x Napoleon Dynamite Tot-Protecting Pants,Ore-Ida,The Kitchen,ONLINE VIDEO,SINGLE,Shortlist,https://www.geretyawards.com/winners/2025/entry/187104/ore-ida-x-napoleon-dynamite-tot-protecting-pants-ore-ida,/awards/geretyawards/2025/campaigns/ore-ida-x-napoleon-dynamite-tot-protecting-pants-ore-ida-the-kitchen-2025/
Gerety Awards,2025,HUMOUR CUT,Sing to Pay,Oscar Mayer - Kraft Heinz,The Kitchen North America,ALTERNATIVE,SINGLE,Shortlist,https://www.geretyawards.com/winners/2025/entry/186937/sing-to-pay-oscar-mayer-kraft-heinz,/awards/geretyawards/2025/campaigns/sing-to-pay-oscar-mayer-kraft-heinz-the-kitchen-north-america-2025/
Gerety Awards,2025,HUMOUR CUT,Unglueables,Loctite,HeimatTBWA,TV/CINEMA,CAMPAIGN,Shortlist,https://www.geretyawards.com/winners/2025/entry/187493/unglueables-loctite,/awards/geretyawards/2025/campaigns/unglueables-loctite-heimattbwa-2025-2/
Gerety Awards,2025,HUMOUR CUT,When Sally Met Hellmanns,Unilever,VML New York,TV/CINEMA,SINGLE,Shortlist,https://www.geretyawards.com/winners/2025/entry/187252/when-sally-met-hellmann-s-unilever,/awards/geretyawards/2025/campaigns/when-sally-met-hellmanns-unilever-vml-new-york-2025/
Gerety Awards,2025,HUMOUR CUT,Will Levis No8,Hellmanns,Edelman,PR,SINGLE,Shortlist,https://www.geretyawards.com/winners/2025/entry/187797/will-levis-no-8-hellmann-s,/awards/geretyawards/2025/campaigns/will-levis-no8-hellmanns-edelman-2025/
Gerety Awards,2025,HUMOUR CUT,You Know What Hurts Less?,Bavarian Red Cross,SAINT ELMOS GERMANY,RADIO,CAMPAIGN,Shortlist,https://www.geretyawards.com/winners/2025/entry/180523/you-know-what-hurts-less-bavarian-red-cross,/awards/geretyawards/2025/campaigns/you-know-what-hurts-less-bavarian-red-cross-saint-elmos-germany-2025/
Gerety Awards,2025,INNOVATION CUT,4th Judge,The Ring,BigTime Creative Shop,DIGITAL,SINGLE,Gold,https://www.geretyawards.com/winners/2025/entry/180392/4th-judge-the-ring,/awards/geretyawards/2025/campaigns/4th-judge-the-ring-bigtime-creative-shop-2025/
Gerety Awards,2025,INNOVATION CUT,The Shakespeare Bic,Bic Cristal,VML,PRINT (PRESS),SINGLE,Gold,https://www.geretyawards.com/winners/2025/entry/187723/the-shakespeare-bic-bic-cristal,/awards/geretyawards/2025/campaigns/the-shakespeare-bic-bic-cristal-vml-2025/
Gerety Awards,2025,INNOVATION CUT,Animal Alerts,PetPace,SERVICEPLAN GERMANY / L&C / MEDIAPLUS GROUP,DIGITAL,SINGLE,Silver,https://www.geretyawards.com/winners/2025/entry/178551/animal-alerts-petpace,/awards/geretyawards/2025/campaigns/animal-alerts-petpace-serviceplan-germany-l-and-c-mediaplus-group-2025/
Gerety Awards,2025,INNOVATION CUT,Design your sleep while you sleep,IKEA Family,MRM Spain,EMERGING COMMERCE,SINGLE,Silver,https://www.geretyawards.com/winners/2025/entry/187151/design-your-sleep-while-you-sleep-ikea-family,/awards/geretyawards/2025/campaigns/design-your-sleep-while-you-sleep-ikea-family-mrm-spain-2025-2/
Gerety Awards,2025,INNOVATION CUT,Miniatur Warmland,Telekom,Grabarz & Partner,MOBILE,SINGLE,Bronze,https://www.geretyawards.com/winners/2025/entry/186678/miniatur-warmland-telekom,/awards/geretyawards/2025/campaigns/miniatur-warmland-telekom-grabarz-and-partner-2025-3/
Gerety Awards,2025,INNOVATION CUT,Sennas Cut,Netflix,Monks Buenos Aires,ONLINE VIDEO,SINGLE,Bronze,https://www.geretyawards.com/winners/2025/entry/186158/senna-s-cut-netflix,/awards/geretyawards/2025/campaigns/sennas-cut-netflix-monks-buenos-aires-2025-3/
Gerety Awards,2025,INNOVATION CUT,VISIONGRAM,Japan Blind Judo Federation,DENTSU INC,DIGITAL,SINGLE,Bronze,https://www.geretyawards.com/winners/2025/entry/185777/visiongram-japan-blind-judo-federation,/awards/geretyawards/2025/campaigns/visiongram-japan-blind-judo-federation-dentsu-inc-2025/
Gerety Awards,2025,INNOVATION CUT,Codes for Inclusion,Techo & Google,Archer Troy,DIGITAL,SINGLE,Shortlist,https://www.geretyawards.com/winners/2025/entry/186380/codes-for-inclusion-techo-google,/awards/geretyawards/2025/campaigns/codes-for-inclusion-techo-and-google-archer-troy-2025/
Gerety Awards,2025,INNOVATION CUT,DNA of Democracy,Graf von Faber-Castell,SevenOne AdFactory GmbH / Saatchi & Saatchi Germany / White Rabbit Budapest,PRODUCT & PACKAGING DESIGN,SINGLE,Shortlist,https://www.geretyawards.com/winners/2025/entry/187481/dna-of-democracy-graf-von-faber-castell,/awards/geretyawards/2025/campaigns/dna-of-democracy-graf-von-faber-castell-sevenone-adfactory-gmbh-saatchi-and-saatchi-germany-white-rabbit-budapest-2025/
Gerety Awards,2025,INNOVATION CUT,Design your sleep while you sleep,IKEA Family,MRM Spain,MOBILE,SINGLE,Shortlist,https://www.geretyawards.com/winners/2025/entry/186769/design-your-sleep-while-you-sleep-ikea-family,/awards/geretyawards/2025/campaigns/design-your-sleep-while-you-sleep-ikea-family-mrm-spain-2025-3/
Gerety Awards,2025,INNOVATION CUT,Free the Voices,Monoceros Labs,LLYC,PR,SINGLE,Shortlist,https://www.geretyawards.com/winners/2025/entry/179509/free-the-voices-monoceros-labs,/awards/geretyawards/2025/campaigns/free-the-voices-monoceros-labs-llyc-2025/
Gerety Awards,2025,INNOVATION CUT,GhostNetZero,WWF Germany,Accenture Song Germany,DIGITAL,SINGLE,Shortlist,https://www.geretyawards.com/winners/2025/entry/179041/ghostnetzero-wwf-germany,/awards/geretyawards/2025/campaigns/ghostnetzero-wwf-germany-accenture-song-germany-2025/
Gerety Awards,2025,INNOVATION CUT,Playbrary,National Library Board Singapore,LePub Singapore,DIGITAL,SINGLE,Shortlist,https://www.geretyawards.com/winners/2025/entry/187309/playbrary-national-library-board-singapore,/awards/geretyawards/2025/campaigns/playbrary-national-library-board-singapore-lepub-singapore-2025-2/
Gerety Awards,2025,INNOVATION CUT,SFI IRL,Malm Stad,BBDO Nordics,PRINT (OUTDOOR),SINGLE,Shortlist,https://www.geretyawards.com/winners/2025/entry/186281/sfi-irl-malm-stad,/awards/geretyawards/2025/campaigns/sfi-irl-malm-stad-bbdo-nordics-2025-3/
Gerety Awards,2025,INNOVATION CUT,The Resurrection Beer,Eriksberg,BBDO Nordics,PRODUCT & PACKAGING DESIGN,SINGLE,Shortlist,https://www.geretyawards.com/winners/2025/entry/185807/the-resurrection-beer-eriksberg,/awards/geretyawards/2025/campaigns/the-resurrection-beer-eriksberg-bbdo-nordics-2025/
Gerety Awards,2025,MEDIA CUT,Good To Read Packs,Bennet,DDB Group Italy,PRODUCT & PACKAGING DESIGN,SINGLE,Gold,https://www.geretyawards.com/winners/2025/entry/185842/good-to-read-packs-bennet,/awards/geretyawards/2025/campaigns/good-to-read-packs-bennet-ddb-group-italy-2025-3/
Gerety Awards,2025,MEDIA CUT,Group Therapy,Axa,VML Paris,ALTERNATIVE,SINGLE,Gold,https://www.geretyawards.com/winners/2025/entry/186622/group-therapy-axa,/awards/geretyawards/2025/campaigns/group-therapy-axa-vml-paris-2025-2/
Gerety Awards,2025,MEDIA CUT,PRICE PACKS,PENNY,SERVICEPLAN GERMANY,PRODUCT & PACKAGING DESIGN,SINGLE,Gold,https://www.geretyawards.com/winners/2025/entry/178563/price-packs-penny,/awards/geretyawards/2025/campaigns/price-packs-penny-serviceplan-germany-2025-5/
Gerety Awards,2025,MEDIA CUT,Saltanat Light,Citix,GForce Grey,ALTERNATIVE,SINGLE,Gold,https://www.geretyawards.com/winners/2025/entry/186552/saltanat-light-citix,/awards/geretyawards/2025/campaigns/saltanat-light-citix-gforce-grey-2025/
Gerety Awards,2025,MEDIA CUT,The 100th Edition,Frankfurter Allgemeine Zeitung,Scholz & Friends,PRINT (PRESS),SINGLE,Gold,https://www.geretyawards.com/winners/2025/entry/186406/the-100th-edition-frankfurter-allgemeine-zeitung,/awards/geretyawards/2025/campaigns/the-100th-edition-frankfurter-allgemeine-zeitung-scholz-and-friends-2025-3/
Gerety Awards,2025,MEDIA CUT,Unsilence the Violence,TERRE DES FEMMES,Scholz & Friends / 2030 Kommunikation,PRINT (OUTDOOR),CAMPAIGN,Gold,https://www.geretyawards.com/winners/2025/entry/177363/unsilence-the-violence-terre-des-femmes,/awards/geretyawards/2025/campaigns/unsilence-the-violence-terre-des-femmes-scholz-and-friends-2030-kommunikation-2025-4/
Gerety Awards,2025,MEDIA CUT,History Outnumbered,History Channel,Dentsu Creative Iberia,PRINT (OUTDOOR),CAMPAIGN,Silver,https://www.geretyawards.com/winners/2025/entry/187482/history-outnumbered-history-channel,/awards/geretyawards/2025/campaigns/history-outnumbered-history-channel-dentsu-creative-iberia-2025-2/
Gerety Awards,2025,MEDIA CUT,The Ad No Man Saw,24/7 Emergency Room of the Hamburg Womens Shelters,Grabarz & Partner,PRINT (PRESS),SINGLE,Silver,https://www.geretyawards.com/winners/2025/entry/186666/the-ad-no-man-saw-24-7-emergency-room-of-the-hamburg-women-s-shelters,/awards/geretyawards/2025/campaigns/the-ad-no-man-saw-247-emergency-room-of-the-hamburg-womens-shelters-grabarz-and-partner-2025-4/
Gerety Awards,2025,MEDIA CUT,The Red Flag Tag,IKEA,DDB Group Italy,ALTERNATIVE,SINGLE,Silver,https://www.geretyawards.com/winners/2025/entry/185838/the-red-flag-tag-ikea,/awards/geretyawards/2025/campaigns/the-red-flag-tag-ikea-ddb-group-italy-2025-3/
Gerety Awards,2025,MEDIA CUT,The Red Flag Tag,IKEA,DDB Group Italy,PR,SINGLE,Silver,https://www.geretyawards.com/winners/2025/entry/185839/the-red-flag-tag-ikea,/awards/geretyawards/2025/campaigns/the-red-flag-tag-ikea-ddb-group-italy-2025-4/
Gerety Awards,2025,MEDIA CUT,The Unlikely Alliance,Netflix,Monks Buenos Aires,PRINT (OUTDOOR),SINGLE,Silver,https://www.geretyawards.com/winners/2025/entry/186169/the-unlikely-alliance-netflix,/awards/geretyawards/2025/campaigns/the-unlikely-alliance-netflix-monks-buenos-aires-2025/
Gerety Awards,2025,MEDIA CUT,The big shake up,Aktion Deutschland Hilft eV (Alliance of German Aid Organisations),Havas Germany,,INTEGRATED,Silver,https://www.geretyawards.com/winners/2025/entry/175397/the-big-shake-up-aktion-deutschland-hilft-e-v-alliance-of-german-aid-organisations,/awards/geretyawards/2025/campaigns/the-big-shake-up-aktion-deutschland-hilft-ev-alliance-of-german-aid-organisations-havas-germany-2025/
Gerety Awards,2025,MEDIA CUT,Unseen Desks,Nosotras,Boost Brand Accelerator,PR,SINGLE,Silver,https://www.geretyawards.com/winners/2025/entry/177201/unseen-desks-nosotras,/awards/geretyawards/2025/campaigns/unseen-desks-nosotras-boost-brand-accelerator-2025/
Gerety Awards,2025,MEDIA CUT,DONT LOOK DOWN,FIXBY,MullenLowe MENA,TV/CINEMA,SINGLE,Bronze,https://www.geretyawards.com/winners/2025/entry/186767/don-t-look-down-fixby,/awards/geretyawards/2025/campaigns/dont-look-down-fixby-mullenlowe-mena-2025-5/
Gerety Awards,2025,MEDIA CUT,Eureviews,Wired Italia,Tbwa Italy,DIGITAL,CAMPAIGN,Bronze,https://www.geretyawards.com/winners/2025/entry/186821/eureviews-wired-italia,/awards/geretyawards/2025/campaigns/eureviews-wired-italia-tbwaitaly-2025/
Gerety Awards,2025,MEDIA CUT,The Billboards Breach Elevating LVMHs Brand Presence at Paris 2024,LVMH,Havas Play France,PRINT (OUTDOOR),SINGLE,Bronze,https://www.geretyawards.com/winners/2025/entry/176351/the-billboards-breach-elevating-lvmh-s-brand-presence-at-paris-2024-lvmh,/awards/geretyawards/2025/campaigns/the-billboards-breach-elevating-lvmhs-brand-presence-at-paris-2024-lvmh-havas-play-france-2025/
Gerety Awards,2025,MEDIA CUT,The Replacer,Call of Duty,72andSunny,,INTEGRATED,Bronze,https://www.geretyawards.com/winners/2025/entry/186546/the-replacer-call-of-duty,/awards/geretyawards/2025/campaigns/the-replacer-call-of-duty-72andsunny-2025/
Gerety Awards,2025,MEDIA CUT,The Replacer,Call of Duty,72andSunny,STRATEGY,CAMPAIGN,Bronze,https://www.geretyawards.com/winners/2025/entry/186547/the-replacer-call-of-duty,/awards/geretyawards/2025/campaigns/the-replacer-call-of-duty-72andsunny-2025-2/
Gerety Awards,2025,MEDIA CUT,URBAN DOGGY FIT,GENERALI,DENTSU CREATIVE France,ALTERNATIVE,SINGLE,Bronze,https://www.geretyawards.com/winners/2025/entry/187144/urban-doggy-fit-generali,/awards/geretyawards/2025/campaigns/urban-doggy-fit-generali-dentsu-creative-france-2025-2/
Gerety Awards,2025,MEDIA CUT,Miniatur Warmland,Telekom,Grabarz & Partner,MOBILE,SINGLE,Shortlist,https://www.geretyawards.com/winners/2025/entry/186679/miniatur-warmland-telekom,/awards/geretyawards/2025/campaigns/miniatur-warmland-telekom-grabarz-and-partner-2025-4/
Gerety Awards,2025,MEDIA CUT,ALL Surfin the Seine,ALL (ACOOR HOTELS),Havas Play France,ALTERNATIVE,SINGLE,Shortlist,https://www.geretyawards.com/winners/2025/entry/176347/all-surfin-the-seine-all-acoor-hotels,/awards/geretyawards/2025/campaigns/all-surfin-the-seine-all-acoor-hotels-havas-play-france-2025/
Gerety Awards,2025,MEDIA CUT,Dancing Washers,Whirlpool,VML Mexico,MOBILE,SINGLE,Shortlist,https://www.geretyawards.com/winners/2025/entry/186482/dancing-washers-whirlpool,/awards/geretyawards/2025/campaigns/dancing-washers-whirlpool-vml-mexico-2025-8/
Gerety Awards,2025,MEDIA CUT,Dirt Is Good - Out Of Home,Omo,Edelman,ALTERNATIVE,SINGLE,Shortlist,https://www.geretyawards.com/winners/2025/entry/186799/dirt-is-good-out-of-home-omo,/awards/geretyawards/2025/campaigns/dirt-is-good-out-of-home-omo-edelman-2025/
Gerety Awards,2025,MEDIA CUT,Good To Read Packs,Bennet,DDB Group Italy,PR,SINGLE,Shortlist,https://www.geretyawards.com/winners/2025/entry/185843/good-to-read-packs-bennet,/awards/geretyawards/2025/campaigns/good-to-read-packs-bennet-ddb-group-italy-2025-4/
Gerety Awards,2025,MEDIA CUT,Oreo Square Cookie,Oreo,Saatchi & Saatchi Germany,ALTERNATIVE,SINGLE,Shortlist,https://www.geretyawards.com/winners/2025/entry/187369/oreo-square-cookie-oreo,/awards/geretyawards/2025/campaigns/oreo-square-cookie-oreo-saatchi-and-saatchi-germany-2025-3/
Gerety Awards,2025,MEDIA CUT,Oreo Square Cookie,Oreo,Saatchi & Saatchi Germany,EMERGING COMMERCE,SINGLE,Shortlist,https://www.geretyawards.com/winners/2025/entry/187370/oreo-square-cookie-oreo,/awards/geretyawards/2025/campaigns/oreo-square-cookie-oreo-saatchi-and-saatchi-germany-2025-4/
Gerety Awards,2025,MEDIA CUT,PENNYs TV Kitchen Takeover,PENNY,OMD Germany,TV/CINEMA,SINGLE,Shortlist,https://www.geretyawards.com/winners/2025/entry/177290/penny-s-tv-kitchen-takeover-penny,/awards/geretyawards/2025/campaigns/pennys-tv-kitchen-takeover-penny-omd-germany-2025/
Gerety Awards,2025,MEDIA CUT,Playbrary,National Library Board Singapore,LePub Singapore,DIGITAL,SINGLE,Shortlist,https://www.geretyawards.com/winners/2025/entry/187308/playbrary-national-library-board-singapore,/awards/geretyawards/2025/campaigns/playbrary-national-library-board-singapore-lepub-singapore-2025-3/
Gerety Awards,2025,MEDIA CUT,The Unwearable Ring,Prague Pride Jsme FEr,Leo Burnett Prague & MSL Czech Republic,PR,SINGLE,Shortlist,https://www.geretyawards.com/winners/2025/entry/174220/the-unwearable-ring-prague-pride-jsme-f-r,/awards/geretyawards/2025/campaigns/the-unwearable-ring-prague-pride-jsme-fer-leo-burnett-prague-and-msl-czech-republic-2025-2/
Gerety Awards,2025,MEDIA CUT,TikTok University,Haaga-Helia University of Applied Sciences,Bob the Robot / NoA,ALTERNATIVE,CAMPAIGN,Shortlist,https://www.geretyawards.com/winners/2025/entry/186621/tiktok-university-haaga-helia-university-of-applied-sciences,/awards/geretyawards/2025/campaigns/tiktok-university-haaga-helia-university-of-applied-sciences-bob-the-robot-noa-2025/
Gerety Awards,2025,MEDIA CUT,Whats For Dinner Takeover,NestlE,VML,,INTEGRATED,Shortlist,https://www.geretyawards.com/winners/2025/entry/187130/what-s-for-dinner-takeover-nestl,/awards/geretyawards/2025/campaigns/whats-for-dinner-takeover-nestle-vml-2025/
Gerety Awards,2025,PHARMA CUT,The Hug Measurement,Novo Nordisk,Triunfo Sudler,ALTERNATIVE,SINGLE,Silver,https://www.geretyawards.com/winners/2025/entry/180599/the-hug-measurement-novo-nordisk,/awards/geretyawards/2025/campaigns/the-hug-measurement-novo-nordisk-triunfo-sudler-2025/
Gerety Awards,2025,PHARMA CUT,The Hug Measurement,Novo Nordisk,Triunfo Sudler,STRATEGY,SINGLE,Silver,https://www.geretyawards.com/winners/2025/entry/180597/the-hug-measurement-novo-nordisk,/awards/geretyawards/2025/campaigns/the-hug-measurement-novo-nordisk-triunfo-sudler-2025-2/
Gerety Awards,2025,PHARMA CUT,not the last kick,hatari,hakuhodo bangkok,,INTEGRATED,Bronze,https://www.geretyawards.com/winners/2025/entry/176162/not-the-last-kick-hatari,/awards/geretyawards/2025/campaigns/not-the-last-kick-hatari-hakuhodo-bangkok-2025-2/
Gerety Awards,2025,PHARMA CUT,Golden Years,Attruby,GSW,TV/CINEMA,SINGLE,Shortlist,https://www.geretyawards.com/winners/2025/entry/180716/golden-years-attruby,/awards/geretyawards/2025/campaigns/golden-years-attruby-gsw-2025/
Gerety Awards,2025,PHARMA CUT,Golden Years,Attruby,GSW,ONLINE VIDEO,SINGLE,Shortlist,https://www.geretyawards.com/winners/2025/entry/180717/golden-years-attruby,/awards/geretyawards/2025/campaigns/golden-years-attruby-gsw-2025-2/
Gerety Awards,2025,PHARMA CUT,The Hug Measurement,Novo Nordisk,Triunfo Sudler,,INTEGRATED,Shortlist,https://www.geretyawards.com/winners/2025/entry/180594/the-hug-measurement-novo-nordisk,/awards/geretyawards/2025/campaigns/the-hug-measurement-novo-nordisk-triunfo-sudler-2025-3/
Gerety Awards,2025,PRODUCTION OF THE YEAR x  COUNTRY,,,FINCH,AUSTRALIA,,Gold,https://www.geretyawards.com/winners/2025/entry/180096/finch,/awards/geretyawards/2025/campaigns/finch-2025/
Gerety Awards,2025,PRODUCTION OF THE YEAR x  COUNTRY,,,Grayson Music,CANADA,,Gold,https://www.geretyawards.com/winners/2025/entry/186474/grayson-music,/awards/geretyawards/2025/campaigns/grayson-music-2025/
Gerety Awards,2025,PRODUCTION OF THE YEAR x  COUNTRY,,,Papaya Films,CENTRAL AND EASTERN EUROPE,,Gold,https://www.geretyawards.com/winners/2025/entry/177285/papaya-films,/awards/geretyawards/2025/campaigns/papaya-films-2025/
Gerety Awards,2025,PRODUCTION OF THE YEAR x  COUNTRY,,,Primo,SPAIN,,Gold,https://www.geretyawards.com/winners/2025/entry/187280/primo,/awards/geretyawards/2025/campaigns/primo-2025/
Gerety Awards,2025,PRODUCTION OF THE YEAR x  COUNTRY,,,ELEANOR,USA,,Gold,https://www.geretyawards.com/winners/2025/entry/185994/eleanor,/awards/geretyawards/2025/campaigns/eleanor-2025/
Gerety Awards,2025,WORK FOR GOOD CUT,Ban This Profile,Ampara,Edelman,DIGITAL,SINGLE,Gold,https://www.geretyawards.com/winners/2025/entry/186815/ban-this-profile-ampara,/awards/geretyawards/2025/campaigns/ban-this-profile-ampara-edelman-2025/
Gerety Awards,2025,WORK FOR GOOD CUT,Camdom,Billy Boy,INNOCEAN Berlin,MOBILE,SINGLE,Gold,https://www.geretyawards.com/winners/2025/entry/180465/camdom-billy-boy,/awards/geretyawards/2025/campaigns/camdom-billy-boy-innocean-berlin-2025-4/
Gerety Awards,2025,WORK FOR GOOD CUT,The First Speech,Reporters Without Borders,INNOCEAN Berlin,TV/CINEMA,CAMPAIGN,Gold,https://www.geretyawards.com/winners/2025/entry/180458/the-first-speech-reporters-without-borders,/awards/geretyawards/2025/campaigns/the-first-speech-reporters-without-borders-innocean-berlin-2025-3/
Gerety Awards,2025,WORK FOR GOOD CUT,855-HOW-TO-QUIT-(OPIOIDS),Anzen Health,SERVICEPLAN GERMANY / MEDIAPLUS GROUP,,INTEGRATED,Silver,https://www.geretyawards.com/winners/2025/entry/180238/855-how-to-quit-opioids-anzen-health,/awards/geretyawards/2025/campaigns/855-how-to-quit-opioids-anzen-health-serviceplan-germany-mediaplus-group-2025-3/
Gerety Awards,2025,WORK FOR GOOD CUT,Codes for Inclusion,Techo & Google,Archer Troy,DIGITAL,SINGLE,Silver,https://www.geretyawards.com/winners/2025/entry/186382/codes-for-inclusion-techo-google,/awards/geretyawards/2025/campaigns/codes-for-inclusion-techo-and-google-archer-troy-2025-2/
Gerety Awards,2025,WORK FOR GOOD CUT,In Hot Water,WWF,NOMINT,ONLINE VIDEO,SINGLE,Silver,https://www.geretyawards.com/winners/2025/entry/186529/in-hot-water-wwf,/awards/geretyawards/2025/campaigns/in-hot-water-wwf-nomint-2025-4/
Gerety Awards,2025,WORK FOR GOOD CUT,Keep up with reality,Reporters Without Borders,kestam Holst NoA,PRINT (OUTDOOR),CAMPAIGN,Silver,https://www.geretyawards.com/winners/2025/entry/186405/keep-up-with-reality-reporters-without-borders,/awards/geretyawards/2025/campaigns/keep-up-with-reality-reporters-without-borders-kestam-holst-noa-2025/
Gerety Awards,2025,WORK FOR GOOD CUT,Omnilivery,Omni,Saatchi & Saatchi France,ONLINE VIDEO,SINGLE,Silver,https://www.geretyawards.com/winners/2025/entry/180380/omnilivery-omni,/awards/geretyawards/2025/campaigns/omnilivery-omni-saatchi-and-saatchi-france-2025/
Gerety Awards,2025,WORK FOR GOOD CUT,Saltanat Light,Citix,GForce Grey,ALTERNATIVE,SINGLE,Silver,https://www.geretyawards.com/winners/2025/entry/186549/saltanat-light-citix,/awards/geretyawards/2025/campaigns/saltanat-light-citix-gforce-grey-2025-2/
Gerety Awards,2025,WORK FOR GOOD CUT,The Holocaust The Holocaust The Holocaust,Swedish holocaust museum,BBDO Nordics,PRINT (PRESS),SINGLE,Silver,https://www.geretyawards.com/winners/2025/entry/186390/the-holocaust-the-holocaust-the-holocaust-swedish-holocaust-museum,/awards/geretyawards/2025/campaigns/the-holocaust-the-holocaust-the-holocaust-swedish-holocaust-museum-bbdo-nordics-2025-2/
Gerety Awards,2025,WORK FOR GOOD CUT,The Red Flag Tag,IKEA,DDB Group Italy,ALTERNATIVE,SINGLE,Silver,https://www.geretyawards.com/winners/2025/entry/185612/the-red-flag-tag-ikea,/awards/geretyawards/2025/campaigns/the-red-flag-tag-ikea-ddb-group-italy-2025-5/
Gerety Awards,2025,WORK FOR GOOD CUT,The Red Flag Tag,IKEA,DDB Group Italy,PR,SINGLE,Silver,https://www.geretyawards.com/winners/2025/entry/185611/the-red-flag-tag-ikea,/awards/geretyawards/2025/campaigns/the-red-flag-tag-ikea-ddb-group-italy-2025-6/
Gerety Awards,2025,WORK FOR GOOD CUT,Unsilence the Crowd,Sela,VML UK,ALTERNATIVE,CAMPAIGN,Silver,https://www.geretyawards.com/winners/2025/entry/180545/unsilence-the-crowd-sela,/awards/geretyawards/2025/campaigns/unsilence-the-crowd-sela-vml-uk-2025-3/
Gerety Awards,2025,WORK FOR GOOD CUT,Unsilence the Violence,TERRE DES FEMMES,Scholz & Friends / 2030 Kommunikation,PRINT (OUTDOOR),CAMPAIGN,Silver,https://www.geretyawards.com/winners/2025/entry/177355/unsilence-the-violence-terre-des-femmes,/awards/geretyawards/2025/campaigns/unsilence-the-violence-terre-des-femmes-scholz-and-friends-2030-kommunikation-2025-5/
Gerety Awards,2025,WORK FOR GOOD CUT,Unsilence the Violence,TERRE DES FEMMES,Scholz & Friends / 2030 Kommunikation,PR,SINGLE,Silver,https://www.geretyawards.com/winners/2025/entry/177369/unsilence-the-violence-terre-des-femmes,/awards/geretyawards/2025/campaigns/unsilence-the-violence-terre-des-femmes-scholz-and-friends-2030-kommunikation-2025-6/
Gerety Awards,2025,WORK FOR GOOD CUT,Fer,Save the Children Mexico,(anOnimo),ONLINE VIDEO,SINGLE,Bronze,https://www.geretyawards.com/winners/2025/entry/178945/fer-save-the-children-m-xico,/awards/geretyawards/2025/campaigns/fer-save-the-children-mexico-anonimo-2025/
Gerety Awards,2025,WORK FOR GOOD CUT,Liming With Gran,University of Cambridge & Genomics England,Ketchum,TV/CINEMA,SINGLE,Bronze,https://www.geretyawards.com/winners/2025/entry/178189/liming-with-gran-university-of-cambridge-genomics-england,/awards/geretyawards/2025/campaigns/liming-with-gran-university-of-cambridge-and-genomics-england-ketchum-2025-3/
Gerety Awards,2025,WORK FOR GOOD CUT,Memorial Route,Stop Accidentes,HEIMATTBWA,ALTERNATIVE,SINGLE,Bronze,https://www.geretyawards.com/winners/2025/entry/187500/memorial-route-stop-accidentes,/awards/geretyawards/2025/campaigns/memorial-route-stop-accidentes-heimattbwa-2025-2/
Gerety Awards,2025,WORK FOR GOOD CUT,Play,Philippine Commission on Women (PCW),Tribal Worldwide Philippines,ONLINE VIDEO,SINGLE,Bronze,https://www.geretyawards.com/winners/2025/entry/185691/play-philippine-commission-on-women-pcw,/awards/geretyawards/2025/campaigns/play-philippine-commission-on-women-pcw-tribal-worldwide-philippines-2025/
Gerety Awards,2025,WORK FOR GOOD CUT,Rainbow Wool,Schferei Stcke,SERVICEPLAN GERMANY,,INTEGRATED,Bronze,https://www.geretyawards.com/winners/2025/entry/178483/rainbow-wool-sch-ferei-st-cke,/awards/geretyawards/2025/campaigns/rainbow-wool-schferei-stcke-serviceplan-germany-2025-2/
Gerety Awards,2025,WORK FOR GOOD CUT,The Art Of Stains,OMO (Dirt is Good),MullenLowe MENA,ALTERNATIVE,SINGLE,Bronze,https://www.geretyawards.com/winners/2025/entry/186775/the-art-of-stains-omo-dirt-is-good,/awards/geretyawards/2025/campaigns/the-art-of-stains-omo-dirt-is-good-mullenlowe-mena-2025-3/
Gerety Awards,2025,WORK FOR GOOD CUT,The Parental Leave Mortgage,Nordea,NORD DDB,ALTERNATIVE,SINGLE,Bronze,https://www.geretyawards.com/winners/2025/entry/187474/the-parental-leave-mortgage-nordea,/awards/geretyawards/2025/campaigns/the-parental-leave-mortgage-nordea-nord-ddb-2025-2/
Gerety Awards,2025,WORK FOR GOOD CUT,The Unburied Casket,Woman For Change,Edelman,ALTERNATIVE,SINGLE,Bronze,https://www.geretyawards.com/winners/2025/entry/187383/the-unburied-casket-woman-for-change,/awards/geretyawards/2025/campaigns/the-unburied-casket-woman-for-change-edelman-2025-3/
Gerety Awards,2025,WORK FOR GOOD CUT,The Unwearable Ring,Prague Pride Jsme FEr,Leo Burnett Prague & MSL Czech Republic,PR,SINGLE,Bronze,https://www.geretyawards.com/winners/2025/entry/174219/the-unwearable-ring-prague-pride-jsme-f-r,/awards/geretyawards/2025/campaigns/the-unwearable-ring-prague-pride-jsme-fer-leo-burnett-prague-and-msl-czech-republic-2025-3/
Gerety Awards,2025,WORK FOR GOOD CUT,Unsilence the Crowd,Sela,VML UK,,INTEGRATED,Bronze,https://www.geretyawards.com/winners/2025/entry/180549/unsilence-the-crowd-sela,/awards/geretyawards/2025/campaigns/unsilence-the-crowd-sela-vml-uk-2025-4/
Gerety Awards,2025,WORK FOR GOOD CUT,INCREDIBLEWOMEN,Tupperware Mexico,ARCHER TROY,DIGITAL,SINGLE,Shortlist,https://www.geretyawards.com/winners/2025/entry/186381/incrediblewomen-tupperware-m-xico,/awards/geretyawards/2025/campaigns/incrediblewomen-tupperware-mexico-archer-troy-2025/
Gerety Awards,2025,WORK FOR GOOD CUT,Appeal Appeal,UNICEF Australia,Howatson+Company,,INTEGRATED,Shortlist,https://www.geretyawards.com/winners/2025/entry/186723/appeal-appeal-unicef-australia,/awards/geretyawards/2025/campaigns/appeal-appeal-unicef-australia-howatsoncompany-2025/
Gerety Awards,2025,WORK FOR GOOD CUT,Beep,Make My Money Matter,Mother,ONLINE VIDEO,SINGLE,Shortlist,https://www.geretyawards.com/winners/2025/entry/187588/beep-make-my-money-matter,/awards/geretyawards/2025/campaigns/beep-make-my-money-matter-mother-2025/
Gerety Awards,2025,WORK FOR GOOD CUT,Critical Core,Critical Core Tabletop RPG Game,Dentsu Creative,PRODUCT & PACKAGING DESIGN,SINGLE,Shortlist,https://www.geretyawards.com/winners/2025/entry/186581/critical-core-critical-core-tabletop-rpg-game,/awards/geretyawards/2025/campaigns/critical-core-critical-core-tabletop-rpg-game-dentsu-creative-2025/
Gerety Awards,2025,WORK FOR GOOD CUT,ENTOUCHABLE MUSEUM,Hachioji Visually Impaired Welfare Association,Dentsu Digital Inc,EMERGING COMMERCE,SINGLE,Shortlist,https://www.geretyawards.com/winners/2025/entry/180300/entouchable-museum-hachioji-visually-impaired-welfare-association,/awards/geretyawards/2025/campaigns/entouchable-museum-hachioji-visually-impaired-welfare-association-dentsu-digital-inc-2025/
Gerety Awards,2025,WORK FOR GOOD CUT,Endless Runway,eBay,Edelman,ALTERNATIVE,SINGLE,Shortlist,https://www.geretyawards.com/winners/2025/entry/187798/endless-runway-ebay,/awards/geretyawards/2025/campaigns/endless-runway-ebay-edelman-2025-2/
Gerety Awards,2025,WORK FOR GOOD CUT,Equal Communication,TERRE DES FEMMES,Scholz & Friends,RADIO,CAMPAIGN,Shortlist,https://www.geretyawards.com/winners/2025/entry/186441/equal-communication-terre-des-femmes,/awards/geretyawards/2025/campaigns/equal-communication-terre-des-femmes-scholz-and-friends-2025-3/
Gerety Awards,2025,WORK FOR GOOD CUT,Free the Voices,Monoceros Labs,LLYC,PR,SINGLE,Shortlist,https://www.geretyawards.com/winners/2025/entry/179510/free-the-voices-monoceros-labs,/awards/geretyawards/2025/campaigns/free-the-voices-monoceros-labs-llyc-2025-2/
Gerety Awards,2025,WORK FOR GOOD CUT,GhostNetZero,WWF Germany,Accenture Song Germany,DIGITAL,SINGLE,Shortlist,https://www.geretyawards.com/winners/2025/entry/186259/ghostnetzero-wwf-germany,/awards/geretyawards/2025/campaigns/ghostnetzero-wwf-germany-accenture-song-germany-2025-2/
Gerety Awards,2025,WORK FOR GOOD CUT,Heirlooms,Suicide & Co,VML UK,ONLINE VIDEO,SINGLE,Shortlist,https://www.geretyawards.com/winners/2025/entry/180554/heirlooms-suicide-co,/awards/geretyawards/2025/campaigns/heirlooms-suicide-and-co-vml-uk-2025-2/
Gerety Awards,2025,WORK FOR GOOD CUT,Irmela vs Nazis,toom DIY market,Scholz & Friends,TV/CINEMA,CAMPAIGN,Shortlist,https://www.geretyawards.com/winners/2025/entry/186442/irmela-vs-nazis-toom-diy-market,/awards/geretyawards/2025/campaigns/irmela-vs-nazis-toom-diy-market-scholz-and-friends-2025-2/
Gerety Awards,2025,WORK FOR GOOD CUT,Just Because Leo Can,Rick Hansen Foundation,VML Canada,TV/CINEMA,SINGLE,Shortlist,https://www.geretyawards.com/winners/2025/entry/186839/just-because-leo-can-rick-hansen-foundation,/awards/geretyawards/2025/campaigns/just-because-leo-can-rick-hansen-foundation-vml-canada-2025/
Gerety Awards,2025,WORK FOR GOOD CUT,Keep up with reality,Reporters Without Borders,kestam Holst NoA,PRINT (PRESS),CAMPAIGN,Shortlist,https://www.geretyawards.com/winners/2025/entry/186399/keep-up-with-reality-reporters-without-borders,/awards/geretyawards/2025/campaigns/keep-up-with-reality-reporters-without-borders-kestam-holst-noa-2025-2/
Gerety Awards,2025,WORK FOR GOOD CUT,Liming With Gran,University of Cambridge & Genomics England,Ketchum,PR,SINGLE,Shortlist,https://www.geretyawards.com/winners/2025/entry/178193/liming-with-gran-university-of-cambridge-genomics-england,/awards/geretyawards/2025/campaigns/liming-with-gran-university-of-cambridge-and-genomics-england-ketchum-2025-4/
Gerety Awards,2025,WORK FOR GOOD CUT,One In 100,Safehaven Toronto,The Local Collective,ALTERNATIVE,SINGLE,Shortlist,https://www.geretyawards.com/winners/2025/entry/180578/one-in-100-safehaven-toronto,/awards/geretyawards/2025/campaigns/one-in-100-safehaven-toronto-the-local-collective-2025/
Gerety Awards,2025,WORK FOR GOOD CUT,Re-righting History,Cathay,Leo Hong Kong,ONLINE VIDEO,SINGLE,Shortlist,https://www.geretyawards.com/winners/2025/entry/179946/re-righting-history-cathay,/awards/geretyawards/2025/campaigns/re-righting-history-cathay-leo-hong-kong-2025/
Gerety Awards,2025,WORK FOR GOOD CUT,StutterCa,Canadian Stuttering Association,john st,PRINT (OUTDOOR),CAMPAIGN,Shortlist,https://www.geretyawards.com/winners/2025/entry/177410/stutter-ca-canadian-stuttering-association,/awards/geretyawards/2025/campaigns/stutterca-canadian-stuttering-association-john-st-2025/
Gerety Awards,2025,WORK FOR GOOD CUT,Sugarcane Vinyl,BACARDI,BBDO New York,PRODUCT & PACKAGING DESIGN,SINGLE,Shortlist,https://www.geretyawards.com/winners/2025/entry/187663/sugarcane-vinyl-bacard,/awards/geretyawards/2025/campaigns/sugarcane-vinyl-bacardi-bbdo-new-york-2025/
Gerety Awards,2025,WORK FOR GOOD CUT,Tennessee Sound Sites,Tennessee Department of Tourist Development,VML Kansas City,DIGITAL,SINGLE,Shortlist,https://www.geretyawards.com/winners/2025/entry/187131/tennessee-sound-sites-tennessee-department-of-tourist-development,/awards/geretyawards/2025/campaigns/tennessee-sound-sites-tennessee-department-of-tourist-development-vml-kansas-city-2025/
Gerety Awards,2025,WORK FOR GOOD CUT,The Ad No Man Saw,24/7 Emergency Room of the Hamburg Womens Shelters,Grabarz & Partner,PRINT (PRESS),SINGLE,Shortlist,https://www.geretyawards.com/winners/2025/entry/186668/the-ad-no-man-saw-24-7-emergency-room-of-the-hamburg-women-s-shelters,/awards/geretyawards/2025/campaigns/the-ad-no-man-saw-247-emergency-room-of-the-hamburg-womens-shelters-grabarz-and-partner-2025-5/
Gerety Awards,2025,WORK FOR GOOD CUT,The Ad No Man Saw,24/7 Emergency Room of the Hamburg Womens Shelters,Grabarz & Partner,ALTERNATIVE,SINGLE,Shortlist,https://www.geretyawards.com/winners/2025/entry/186667/the-ad-no-man-saw-24-7-emergency-room-of-the-hamburg-women-s-shelters,/awards/geretyawards/2025/campaigns/the-ad-no-man-saw-247-emergency-room-of-the-hamburg-womens-shelters-grabarz-and-partner-2025-6/
Gerety Awards,2025,WORK FOR GOOD CUT,The Black Dog(s),Seconde Chance,BETC,DIGITAL,SINGLE,Shortlist,https://www.geretyawards.com/winners/2025/entry/187275/the-black-dog-s-seconde-chance,/awards/geretyawards/2025/campaigns/the-black-dogs-seconde-chance-betc-2025/
Gerety Awards,2025,WORK FOR GOOD CUT,The Unofficial Discipline,ottobock,PRESENCE,PRINT (OUTDOOR),CAMPAIGN,Shortlist,https://www.geretyawards.com/winners/2025/entry/180273/the-unofficial-discipline-ottobock,/awards/geretyawards/2025/campaigns/the-unofficial-discipline-ottobock-presence-2025-2/
Gerety Awards,2025,WORK FOR GOOD CUT,The Wash Less Project,Whirlpool,VML Italy,PRODUCT & PACKAGING DESIGN,SINGLE,Shortlist,https://www.geretyawards.com/winners/2025/entry/186395/the-wash-less-project-whirlpool,/awards/geretyawards/2025/campaigns/the-wash-less-project-whirlpool-vml-italy-2025/
Gerety Awards,2025,WORK FOR GOOD CUT,The big shake up,Aktion Deutschland Hilft eV (Alliance of German Aid Organisations),Havas Germany,,INTEGRATED,Shortlist,https://www.geretyawards.com/winners/2025/entry/175403/the-big-shake-up-aktion-deutschland-hilft-e-v-alliance-of-german-aid-organisations,/awards/geretyawards/2025/campaigns/the-big-shake-up-aktion-deutschland-hilft-ev-alliance-of-german-aid-organisations-havas-germany-2025-2/
