Festival,Year,Track,Track slug,Title,Brand,Agency,Category,Award,Board image,Entry URL,Permalink
Spikes Asia,2026,Audio & Radio,audio-radio,VOICE OF FOOD,AJINOMOTO CO.,DENTSU INC.,Audio-Led Creativity,Shortlist,https://ascentialcdn.filespin.io/api/v1/conversion/990b23397ce3487eb4552d486704f17b?quality=85&format=webp,https://www.lovethework.com/work/entries/voice-of-food-772409,/awards/spikes_asia/2026/campaigns/voice-of-food-ajinomoto-co-dentsu-inc-2026/
Spikes Asia,2026,Audio & Radio,audio-radio,FUTURES,MUSICIANS MAKING A DIFFERENCE,SUPERMASSIVE,Audio-Led Creativity,Shortlist,https://ascentialcdn.filespin.io/api/v1/storyboard/2e8d2262dc2243928e61f870c654ce07/storyboard_000008.jpg?quality=85&format=webp,https://www.lovethework.com/work/entries/futures-769551,/awards/spikes_asia/2026/campaigns/futures-musicians-making-a-difference-supermassive-2026/
Spikes Asia,2026,Audio & Radio,audio-radio,VOICE OF FOOD,AJINOMOTO CO.,DENTSU INC.,Corporate Purpose & Social Responsibility,Shortlist,https://ascentialcdn.filespin.io/api/v1/conversion/990b23397ce3487eb4552d486704f17b?quality=85&format=webp,https://www.lovethework.com/work/entries/voice-of-food-773092,/awards/spikes_asia/2026/campaigns/voice-of-food-ajinomoto-co-dentsu-inc-2026-2/
Spikes Asia,2026,Audio & Radio,audio-radio,AUSTRALIA'S DEADLIEST PREDATOR,TRANSPORT ACCIDENT COMMISSION,EARDRUM,Sound Design,Shortlist,https://ascentialcdn.filespin.io/api/v1/conversion/579600015542448c974f5849e5c433e2?quality=85&format=webp,https://www.lovethework.com/work/entries/australias-deadliest-predator-770542,/awards/spikes_asia/2026/campaigns/australias-deadliest-predator-transport-accident-commission-eardrum-2026/
Spikes Asia,2026,Audio & Radio,audio-radio,HEARING 1945,BINGGRAE & THE MINISTRY OF PATRIOTS AND VETERANS AFFAIR,INNOCEAN,Use of Audio & Radio Technology,Shortlist,https://ascentialcdn.filespin.io/api/v1/storyboard/b3699a401e33413f97f1dc4e8682ef8e/storyboard_000008.jpg?quality=85&format=webp,https://www.lovethework.com/work/entries/hearing-1945-771222,/awards/spikes_asia/2026/campaigns/hearing-1945-binggrae-and-the-ministry-of-patriots-and-veterans-affair-innocean-2026/
Spikes Asia,2026,Audio & Radio,audio-radio,FUTURES,MUSICIANS MAKING A DIFFERENCE,SUPERMASSIVE,Use of Audio & Radio as a Medium,Shortlist,https://ascentialcdn.filespin.io/api/v1/storyboard/2e8d2262dc2243928e61f870c654ce07/storyboard_000008.jpg?quality=85&format=webp,https://www.lovethework.com/work/entries/futures-769487,/awards/spikes_asia/2026/campaigns/futures-musicians-making-a-difference-supermassive-2026-2/
Spikes Asia,2026,Audio & Radio,audio-radio,FUTURES,MUSICIANS MAKING A DIFFERENCE,SUPERMASSIVE,Social Behaviour,Shortlist,https://ascentialcdn.filespin.io/api/v1/storyboard/2e8d2262dc2243928e61f870c654ce07/storyboard_000008.jpg?quality=85&format=webp,https://www.lovethework.com/work/entries/futures-772405,/awards/spikes_asia/2026/campaigns/futures-musicians-making-a-difference-supermassive-2026-3/
Spikes Asia,2026,Audio & Radio,audio-radio,HEARING 1945,BINGGRAE & THE MINISTRY OF PATRIOTS AND VETERANS AFFAIR,INNOCEAN,Cultural Engagement,Shortlist,https://ascentialcdn.filespin.io/api/v1/storyboard/b3699a401e33413f97f1dc4e8682ef8e/storyboard_000008.jpg?quality=85&format=webp,https://www.lovethework.com/work/entries/hearing-1945-770554,/awards/spikes_asia/2026/campaigns/hearing-1945-binggrae-and-the-ministry-of-patriots-and-veterans-affair-innocean-2026-2/
Spikes Asia,2026,Audio & Radio,audio-radio,THE UNOFFICIAL OFFICIAL SOUND OF F1,STING,LEO,Audio-Led Creativity,Shortlist,https://ascentialcdn.filespin.io/api/v1/storyboard/ad2bed00db9e4a8c8fcec4d73a840934/storyboard_000008.jpg?quality=85&format=webp,https://www.lovethework.com/work/entries/the-unofficial-official-sound-of-f1-771305,/awards/spikes_asia/2026/campaigns/the-unofficial-official-sound-of-f1-sting-leo-2026/
Spikes Asia,2026,Audio & Radio,audio-radio,PRAYKINSON,VAJIRA HOSPITAL,DENTSU CREATIVE THAILAND,Cultural Engagement,Shortlist,https://ascentialcdn.filespin.io/api/v1/storyboard/bc46456d45ad43edb216a8f655cc6182/storyboard_000008.jpg?quality=85&format=webp,https://www.lovethework.com/work/entries/praykinson-769699,/awards/spikes_asia/2026/campaigns/praykinson-vajira-hospital-dentsu-creative-thailand-2026/
Spikes Asia,2026,Audio & Radio,audio-radio,SO-SO SPINS TOKYO,BOSS,VML OGILVY JAPAN,Single-market Campaign,Shortlist,https://ascentialcdn.filespin.io/api/v1/storyboard/7cd857639b844c49a4cf28f314ebc5e3/storyboard_000008.jpg?quality=85&format=webp,https://www.lovethework.com/work/entries/so-so-spins-tokyo-769651,/awards/spikes_asia/2026/campaigns/so-so-spins-tokyo-boss-vml-ogilvy-japan-2026/
Spikes Asia,2026,Audio & Radio,audio-radio,THE YANGZHOU QIAO BEI MUSICAL SUITE,YANGZHOU MUNICIPAL BUREAU OF CULTURE,"RADIO, TV AND TOURISM, CHINA, TBWA\CHINA",Cultural Engagement,Shortlist,https://ascentialcdn.filespin.io/api/v1/storyboard/1f135cdf159e4774ada476064b2c0ce9/storyboard_000008.jpg?quality=85&format=webp,https://www.lovethework.com/work/entries/the-yangzhou-qiao-bei-musical-suite-772410,/awards/spikes_asia/2026/campaigns/the-yangzhou-qiao-bei-musical-suite-yangzhou-municipal-bureau-of-culture-radio-tv-and-tourism-china-tbwachina-2026/
Spikes Asia,2026,Audio & Radio,audio-radio,PRAYKINSON,VAJIRA HOSPITAL,DENTSU CREATIVE THAILAND,Use of Audio & Radio Technology,Submitted,https://ascentialcdn.filespin.io/api/v1/conversion/d496c4ecac7b4412a1c8a65cf26a28b7?quality=85&format=webp,https://www.lovethework.com/work/entries/praykinson-772846,/awards/spikes_asia/2026/campaigns/praykinson-vajira-hospital-dentsu-creative-thailand-2026-2/
Spikes Asia,2026,Audio & Radio,audio-radio,SO-SO SPINS TOKYO,BOSS,VML OGILVY JAPAN,Use of Audio & Radio as a Medium,Submitted,https://ascentialcdn.filespin.io/api/v1/storyboard/ec53263f7c864833b91d04867d798ec2/storyboard_000008.jpg?quality=85&format=webp,https://www.lovethework.com/work/entries/so-so-spins-tokyo-769473,/awards/spikes_asia/2026/campaigns/so-so-spins-tokyo-boss-vml-ogilvy-japan-2026-2/
Spikes Asia,2026,Audio & Radio,audio-radio,FIRST CHAPTER CLUB,AUDIBLE INDIA,DEADANT MEDIA,Audio-Led Creativity,Submitted,https://ascentialcdn.filespin.io/api/v1/storyboard/197bf84da98d45c49c2fc7de03465ddc/storyboard_000008.jpg?quality=85&format=webp,https://www.lovethework.com/work/entries/first-chapter-club-771238,/awards/spikes_asia/2026/campaigns/first-chapter-club-audible-india-deadant-media-2026/
Spikes Asia,2026,Audio & Radio,audio-radio,AHHNTITHESIS,SPRITE,PT BERAKAR KOMUNIKASI,Cultural Engagement,Submitted,https://ascentialcdn.filespin.io/api/v1/storyboard/04707a22a78845bea606f6be4ea2b23b/storyboard_000008.jpg?quality=85&format=webp,https://www.lovethework.com/work/entries/ahhntithesis-769720,/awards/spikes_asia/2026/campaigns/ahhntithesis-sprite-pt-berakar-komunikasi-2026/
Spikes Asia,2026,Audio & Radio,audio-radio,SU~SU~SU~SUPER SOUP,BULL HEAD,SPECTRUM,Audio-Led Creativity,Submitted,https://ascentialcdn.filespin.io/api/v1/storyboard/b10f8babdf9b409882150da128fd9b37/storyboard_000008.jpg?quality=85&format=webp,https://www.lovethework.com/work/entries/susususuper-soup-769607,/awards/spikes_asia/2026/campaigns/susususuper-soup-bull-head-spectrum-2026/
Spikes Asia,2026,Audio & Radio,audio-radio,KNOCK TURN,YAMAHA,DENTSU EAST JAPAN,Use of Audio & Radio Technology,Submitted,https://ascentialcdn.filespin.io/api/v1/conversion/99f61ea09c5c467ab4b819ce41b0f52d?quality=85&format=webp,https://www.lovethework.com/work/entries/knock-turn-769508,/awards/spikes_asia/2026/campaigns/knock-turn-yamaha-dentsu-east-japan-2026/
Spikes Asia,2026,Audio & Radio,audio-radio,KNOCK TURN,YAMAHA,DENTSU EAST JAPAN,Use of Humour,Submitted,https://ascentialcdn.filespin.io/api/v1/conversion/99f61ea09c5c467ab4b819ce41b0f52d?quality=85&format=webp,https://www.lovethework.com/work/entries/knock-turn-772849,/awards/spikes_asia/2026/campaigns/knock-turn-yamaha-dentsu-east-japan-2026-2/
Spikes Asia,2026,Audio & Radio,audio-radio,WHEN THE EVERYDAY TURNS URGENT,ST JOHN WA,ST JOHN WA,Market Disruption,Submitted,https://ascentialcdn.filespin.io/api/v1/conversion/05047eca455c45d0b7a207b027ed0b00?quality=85&format=webp,https://www.lovethework.com/work/entries/when-the-everyday-turns-urgent-770845,/awards/spikes_asia/2026/campaigns/when-the-everyday-turns-urgent-st-john-wa-st-john-wa-2026/
Spikes Asia,2026,Audio & Radio,audio-radio,LOST CONVERSATIONS CAMPAIGN,MUSEUM FOUNDATION OF THE PHILIPPINES,TBWA\SMP,Cultural Engagement,Submitted,https://ascentialcdn.filespin.io/api/v1/storyboard/ce01813140bc4be6b3a0887353a5abfd/storyboard_000008.jpg?quality=85&format=webp,https://www.lovethework.com/work/entries/lost-conversations-campaign-770722,/awards/spikes_asia/2026/campaigns/lost-conversations-campaign-museum-foundation-of-the-philippines-tbwasmp-2026/
Spikes Asia,2026,Audio & Radio,audio-radio,「盗-TOH-」,TBS RADIO,"INC., TBS RADIO",Use of Audio & Radio as a Medium,Submitted,https://ascentialcdn.filespin.io/api/v1/storyboard/0323e51b4a124cbaa11db4155b4715d4/storyboard_000008.jpg?quality=85&format=webp,https://www.lovethework.com/work/entries/toh-769505,/awards/spikes_asia/2026/campaigns/toh-tbs-radio-inc-tbs-radio-2026/
Spikes Asia,2026,Audio & Radio,audio-radio,THE CHANT OF THE NATION,MILO PHILIPPINES,OGILVY MANILA,Single-market Campaign,Submitted,https://ascentialcdn.filespin.io/api/v1/storyboard/0ad679e5cb6d4c63adf914c8f9f0a91b/storyboard_000008.jpg?quality=85&format=webp,https://www.lovethework.com/work/entries/the-chant-of-the-nation-771371,/awards/spikes_asia/2026/campaigns/the-chant-of-the-nation-milo-philippines-ogilvy-manila-2026/
Spikes Asia,2026,Audio & Radio,audio-radio,LAST BROADCAST CAMPAIGN,KBP,"KAPISANAN NG MGA BRODKASTER NG PILIPINAS, TBWA\SMP",Breakthrough on a Budget,Submitted,https://ascentialcdn.filespin.io/api/v1/storyboard/84cc9a8abed849e8b85ac3cbf6851d4d/storyboard_000008.jpg?quality=85&format=webp,https://www.lovethework.com/work/entries/last-broadcast-campaign-770838,/awards/spikes_asia/2026/campaigns/last-broadcast-campaign-kbp-kapisanan-ng-mga-brodkaster-ng-pilipinas-tbwasmp-2026/
Spikes Asia,2026,Audio & Radio,audio-radio,SESSIONS WITHOUT BORDERS,POCOCHA,ENJIN TOKYO,Corporate Purpose & Social Responsibility,Submitted,https://ascentialcdn.filespin.io/api/v1/conversion/d5f6bbcff744421aa46b153bc8c4d8f4?quality=85&format=webp,https://www.lovethework.com/work/entries/sessions-without-borders-769692,/awards/spikes_asia/2026/campaigns/sessions-without-borders-pococha-enjin-tokyo-2026/
Spikes Asia,2026,Audio & Radio,audio-radio,FUTURES,MUSICIANS MAKING A DIFFERENCE,SUPERMASSIVE,Content Placement,Submitted,https://ascentialcdn.filespin.io/api/v1/conversion/dfbaf6e6fb9844cda04c97aa1bd208de?quality=85&format=webp,https://www.lovethework.com/work/entries/futures-769543,/awards/spikes_asia/2026/campaigns/futures-musicians-making-a-difference-supermassive-2026-4/
Spikes Asia,2026,Audio & Radio,audio-radio,TIMELOOP,CALORIE MATE,DENTSU INC.,Script,Submitted,https://ascentialcdn.filespin.io/api/v1/storyboard/cfffc761c9e94a90b8eff8959a14b637/storyboard_000008.jpg?quality=85&format=webp,https://www.lovethework.com/work/entries/timeloop-769631,/awards/spikes_asia/2026/campaigns/timeloop-calorie-mate-dentsu-inc-2026/
Spikes Asia,2026,Audio & Radio,audio-radio,FORGOTCAST,NIANGJIA BIOTECH,BREMEN DIGITAL CREATIVE,Cultural Engagement,Submitted,https://ascentialcdn.filespin.io/api/v1/storyboard/d7e38d8c772f460e8e74a0a019d16e8e/storyboard_000008.jpg?quality=85&format=webp,https://www.lovethework.com/work/entries/forgotcast-769732,/awards/spikes_asia/2026/campaigns/forgotcast-niangjia-biotech-bremen-digital-creative-2026/
Spikes Asia,2026,Audio & Radio,audio-radio,THE SOUND OF STRENGTH,UNITEL,UNITEL,Use of Audio & Radio as a Medium,Submitted,https://ascentialcdn.filespin.io/api/v1/storyboard/822e41a081554d9aad27828279c52e37/storyboard_000008.jpg?quality=85&format=webp,https://www.lovethework.com/work/entries/the-sound-of-strength-769499,/awards/spikes_asia/2026/campaigns/the-sound-of-strength-unitel-unitel-2026/
Spikes Asia,2026,Audio & Radio,audio-radio,FORGOTCAST,NIANGJIA BIOTECH,BREMEN DIGITAL CREATIVE,Script,Submitted,https://ascentialcdn.filespin.io/api/v1/storyboard/d7e38d8c772f460e8e74a0a019d16e8e/storyboard_000008.jpg?quality=85&format=webp,https://www.lovethework.com/work/entries/forgotcast-770505,/awards/spikes_asia/2026/campaigns/forgotcast-niangjia-biotech-bremen-digital-creative-2026-2/
Spikes Asia,2026,Audio & Radio,audio-radio,"HEAR BELLS, THINK TACOS",TACO BELL,SUPERMASSIVE,"Travel, Leisure, Retail, Restaurants & Fast Food Chains",Submitted,https://ascentialcdn.filespin.io/api/v1/conversion/a8ca96b408bd4a8ba740175ac3efae76?quality=85&format=webp,https://www.lovethework.com/work/entries/hear-bells-think-tacos-770409,/awards/spikes_asia/2026/campaigns/hear-bells-think-tacos-taco-bell-supermassive-2026/
Spikes Asia,2026,Audio & Radio,audio-radio,FIRST CHAPTER CLUB,AUDIBLE INDIA,DEADANT MEDIA,Cultural Engagement,Submitted,https://ascentialcdn.filespin.io/api/v1/storyboard/197bf84da98d45c49c2fc7de03465ddc/storyboard_000008.jpg?quality=85&format=webp,https://www.lovethework.com/work/entries/first-chapter-club-771443,/awards/spikes_asia/2026/campaigns/first-chapter-club-audible-india-deadant-media-2026-2/
Spikes Asia,2026,Audio & Radio,audio-radio,THE SOUND OF STRENGTH,UNITEL,UNITEL,Social Behaviour,Submitted,https://ascentialcdn.filespin.io/api/v1/storyboard/822e41a081554d9aad27828279c52e37/storyboard_000008.jpg?quality=85&format=webp,https://www.lovethework.com/work/entries/the-sound-of-strength-770521,/awards/spikes_asia/2026/campaigns/the-sound-of-strength-unitel-unitel-2026-2/
Spikes Asia,2026,Audio & Radio,audio-radio,HEARING 1945,BINGGRAE & THE MINISTRY OF PATRIOTS AND VETERANS AFFAIR,INNOCEAN,Sound Design,Submitted,https://ascentialcdn.filespin.io/api/v1/storyboard/b3699a401e33413f97f1dc4e8682ef8e/storyboard_000008.jpg?quality=85&format=webp,https://www.lovethework.com/work/entries/hearing-1945-773001,/awards/spikes_asia/2026/campaigns/hearing-1945-binggrae-and-the-ministry-of-patriots-and-veterans-affair-innocean-2026-3/
Spikes Asia,2026,Audio & Radio,audio-radio,LAST BROADCAST CAMPAIGN,KBP,"KAPISANAN NG MGA BRODKASTER NG PILIPINAS, TBWA\SMP",Use of Audio & Radio Technology,Submitted,https://ascentialcdn.filespin.io/api/v1/storyboard/84cc9a8abed849e8b85ac3cbf6851d4d/storyboard_000008.jpg?quality=85&format=webp,https://www.lovethework.com/work/entries/last-broadcast-campaign-770832,/awards/spikes_asia/2026/campaigns/last-broadcast-campaign-kbp-kapisanan-ng-mga-brodkaster-ng-pilipinas-tbwasmp-2026-2/
Spikes Asia,2026,Audio & Radio,audio-radio,LAST BRODCAST REX CORNELIO PEPINO,KBP,"KAPISANAN NG MGA BRODKASTER NG PILIPINAS, TBWA\SMP",Casting & Performance,Submitted,https://ascentialcdn.filespin.io/api/v1/storyboard/fd4f0bd1cd0743c88dc1a3f22b960f57/storyboard_000008.jpg?quality=85&format=webp,https://www.lovethework.com/work/entries/last-brodcast-rex-cornelio-pepino-771142,/awards/spikes_asia/2026/campaigns/last-brodcast-rex-cornelio-pepino-kbp-kapisanan-ng-mga-brodkaster-ng-pilipinas-tbwasmp-2026/
Spikes Asia,2026,Audio & Radio,audio-radio,TIMELOOP,CALORIE MATE,DENTSU INC.,Cultural Engagement,Submitted,https://ascentialcdn.filespin.io/api/v1/storyboard/cfffc761c9e94a90b8eff8959a14b637/storyboard_000008.jpg?quality=85&format=webp,https://www.lovethework.com/work/entries/timeloop-769707,/awards/spikes_asia/2026/campaigns/timeloop-calorie-mate-dentsu-inc-2026-2/
Spikes Asia,2026,Audio & Radio,audio-radio,TIME LOOP,CALORIE MATE,DENTSU INC.,Use of Humour,Submitted,https://ascentialcdn.filespin.io/api/v1/storyboard/cfffc761c9e94a90b8eff8959a14b637/storyboard_000008.jpg?quality=85&format=webp,https://www.lovethework.com/work/entries/time-loop-769684,/awards/spikes_asia/2026/campaigns/time-loop-calorie-mate-dentsu-inc-2026/
Spikes Asia,2026,Audio & Radio,audio-radio,AHHNTITHESIS,SPRITE,PT BERAKAR KOMUNIKASI,Consumer Goods,Submitted,https://ascentialcdn.filespin.io/api/v1/storyboard/04707a22a78845bea606f6be4ea2b23b/storyboard_000008.jpg?quality=85&format=webp,https://www.lovethework.com/work/entries/ahhntithesis-772850,/awards/spikes_asia/2026/campaigns/ahhntithesis-sprite-pt-berakar-komunikasi-2026-2/
Spikes Asia,2026,Audio & Radio,audio-radio,THE UNOFFICIAL OFFICIAL SOUND OF F1,STING,LEO,Use of Audio & Radio as a Medium,Submitted,https://ascentialcdn.filespin.io/api/v1/storyboard/ad2bed00db9e4a8c8fcec4d73a840934/storyboard_000008.jpg?quality=85&format=webp,https://www.lovethework.com/work/entries/the-unofficial-official-sound-of-f1-771298,/awards/spikes_asia/2026/campaigns/the-unofficial-official-sound-of-f1-sting-leo-2026-2/
Spikes Asia,2026,Audio & Radio,audio-radio,SAFE SOUND CHECK,PROJECT INCLUSION NETWORK,JAYME HEADQUARTERS,Use of Audio & Radio Technology,Submitted,https://ascentialcdn.filespin.io/api/v1/conversion/c568175c6e89445dbccbe4dd908092e7?quality=85&format=webp,https://www.lovethework.com/work/entries/safe-sound-check-769522,/awards/spikes_asia/2026/campaigns/safe-sound-check-project-inclusion-network-jayme-headquarters-2026/
Spikes Asia,2026,Audio & Radio,audio-radio,PRAYKINSON,VAJIRA HOSPITAL,DENTSU CREATIVE THAILAND,Healthcare,Submitted,https://ascentialcdn.filespin.io/api/v1/conversion/d496c4ecac7b4412a1c8a65cf26a28b7?quality=85&format=webp,https://www.lovethework.com/work/entries/praykinson-769742,/awards/spikes_asia/2026/campaigns/praykinson-vajira-hospital-dentsu-creative-thailand-2026-3/
Spikes Asia,2026,Audio & Radio,audio-radio,LOST CONVERSATIONS SOCIAL MEDIA,MUSEUM FOUNDATION OF THE PHILIPPINES,TBWA\SMP,Media/Entertainment,Submitted,https://ascentialcdn.filespin.io/api/v1/conversion/c2a17bba53c24f208b5958d90e3661b1?quality=85&format=webp,https://www.lovethework.com/work/entries/lost-conversations-social-media-773049,/awards/spikes_asia/2026/campaigns/lost-conversations-social-media-museum-foundation-of-the-philippines-tbwasmp-2026/
Spikes Asia,2026,Audio & Radio,audio-radio,KNOCK TURN,YAMAHA,DENTSU EAST JAPAN,Use of Music,Submitted,https://ascentialcdn.filespin.io/api/v1/conversion/99f61ea09c5c467ab4b819ce41b0f52d?quality=85&format=webp,https://www.lovethework.com/work/entries/knock-turn-769617,/awards/spikes_asia/2026/campaigns/knock-turn-yamaha-dentsu-east-japan-2026-3/
Spikes Asia,2026,Audio & Radio,audio-radio,LOST CONVERSATIONS EVENT,MUSEUM FOUNDATION OF THE PHILIPPINES,TBWA\SMP,Media/Entertainment,Submitted,https://ascentialcdn.filespin.io/api/v1/conversion/c2a17bba53c24f208b5958d90e3661b1?quality=85&format=webp,https://www.lovethework.com/work/entries/lost-conversations-event-770734,/awards/spikes_asia/2026/campaigns/lost-conversations-event-museum-foundation-of-the-philippines-tbwasmp-2026/
Spikes Asia,2026,Audio & Radio,audio-radio,SESSIONS WITHOUT BORDERS,POCOCHA,ENJIN TOKYO,Casting & Performance,Submitted,https://ascentialcdn.filespin.io/api/v1/conversion/d5f6bbcff744421aa46b153bc8c4d8f4?quality=85&format=webp,https://www.lovethework.com/work/entries/sessions-without-borders-772848,/awards/spikes_asia/2026/campaigns/sessions-without-borders-pococha-enjin-tokyo-2026-2/
Spikes Asia,2026,Audio & Radio,audio-radio,LAST BROADCAST CRIS BUNDOQUIN,KBP,"KAPISANAN NG MGA BRODKASTER NG PILIPINAS, TBWA\SMP",Casting & Performance,Submitted,https://ascentialcdn.filespin.io/api/v1/storyboard/0cf55d02f2014eecbd9c7182977ab68f/storyboard_000008.jpg?quality=85&format=webp,https://www.lovethework.com/work/entries/last-broadcast-cris-bundoquin-771131,/awards/spikes_asia/2026/campaigns/last-broadcast-cris-bundoquin-kbp-kapisanan-ng-mga-brodkaster-ng-pilipinas-tbwasmp-2026/
Spikes Asia,2026,Audio & Radio,audio-radio,AHHNTITHESIS,SPRITE,PT BERAKAR KOMUNIKASI,Script,Submitted,https://ascentialcdn.filespin.io/api/v1/storyboard/04707a22a78845bea606f6be4ea2b23b/storyboard_000008.jpg?quality=85&format=webp,https://www.lovethework.com/work/entries/ahhntithesis-769642,/awards/spikes_asia/2026/campaigns/ahhntithesis-sprite-pt-berakar-komunikasi-2026-3/
Spikes Asia,2026,Audio & Radio,audio-radio,FIRST CHAPTER CLUB,AUDIBLE INDIA,DEADANT MEDIA,Use of Audio & Radio as a Medium,Submitted,https://ascentialcdn.filespin.io/api/v1/storyboard/197bf84da98d45c49c2fc7de03465ddc/storyboard_000008.jpg?quality=85&format=webp,https://www.lovethework.com/work/entries/first-chapter-club-771206,/awards/spikes_asia/2026/campaigns/first-chapter-club-audible-india-deadant-media-2026-3/
Spikes Asia,2026,Audio & Radio,audio-radio,FORGOTCAST,NIANGJIA BIOTECH,BREMEN DIGITAL CREATIVE,Branded Content/Podcasts,Submitted,https://ascentialcdn.filespin.io/api/v1/storyboard/d7e38d8c772f460e8e74a0a019d16e8e/storyboard_000008.jpg?quality=85&format=webp,https://www.lovethework.com/work/entries/forgotcast-769529,/awards/spikes_asia/2026/campaigns/forgotcast-niangjia-biotech-bremen-digital-creative-2026-3/
Spikes Asia,2026,Audio & Radio,audio-radio,SESSIONS WITHOUT BORDERS,POCOCHA,ENJIN TOKYO,Use of Music,Submitted,https://ascentialcdn.filespin.io/api/v1/conversion/d5f6bbcff744421aa46b153bc8c4d8f4?quality=85&format=webp,https://www.lovethework.com/work/entries/sessions-without-borders-769627,/awards/spikes_asia/2026/campaigns/sessions-without-borders-pococha-enjin-tokyo-2026-3/
Spikes Asia,2026,Audio & Radio,audio-radio,TIME LOOP,CALORIE MATE,DENTSU INC.,Social Behaviour,Submitted,https://ascentialcdn.filespin.io/api/v1/storyboard/cfffc761c9e94a90b8eff8959a14b637/storyboard_000008.jpg?quality=85&format=webp,https://www.lovethework.com/work/entries/time-loop-769662,/awards/spikes_asia/2026/campaigns/time-loop-calorie-mate-dentsu-inc-2026-2/
Spikes Asia,2026,Brand Experience & Activation,brand-experience-activation,HONDA REST AREA,HONDA,TU7UH CREATIVE LAB,Corporate Purpose & Social Responsibility,Shortlist,https://ascentialcdn.filespin.io/api/v1/conversion/4ab3c4fe5baf435ea35ab8dac43093d1?quality=85&format=webp,https://www.lovethework.com/work/entries/honda-rest-area-769788,/awards/spikes_asia/2026/campaigns/honda-rest-area-honda-tu7uh-creative-lab-2026/
Spikes Asia,2026,Brand Experience & Activation,brand-experience-activation,FOUND IN THE SHADOWS,MCDONALD'S,LEO,Customer Retail/In-store Experience,Shortlist,https://ascentialcdn.filespin.io/api/v1/conversion/c203e1cbaddb4c529bd3a5db202e729b?quality=85&format=webp,https://www.lovethework.com/work/entries/found-in-the-shadows-770773,/awards/spikes_asia/2026/campaigns/found-in-the-shadows-mcdonalds-leo-2026/
Spikes Asia,2026,Brand Experience & Activation,brand-experience-activation,CHEAT CODES,MERCURY,FCB NEW ZEALAND,Use of Mobile & Devices,Shortlist,https://ascentialcdn.filespin.io/api/v1/conversion/b308a59815be454a828e22d48df72788?quality=85&format=webp,https://www.lovethework.com/work/entries/cheat-codes-770565,/awards/spikes_asia/2026/campaigns/cheat-codes-mercury-fcb-new-zealand-2026/
Spikes Asia,2026,Brand Experience & Activation,brand-experience-activation,DALAH’S SPOILER BILLBOARD,NETFLIX THAILAND,VML,Guerrilla Marketing & Stunts,Shortlist,https://ascentialcdn.filespin.io/api/v1/conversion/d2548b5c58d14cdaa86c2df430ffec9c?quality=85&format=webp,https://www.lovethework.com/work/entries/dalahs-spoiler-billboard-769863,/awards/spikes_asia/2026/campaigns/dalahs-spoiler-billboard-netflix-thailand-vml-2026/
Spikes Asia,2026,Brand Experience & Activation,brand-experience-activation,THE HARD RATED HOMECOMING,HARD RATED,"DROGA5 ANZ, PART OF ACCENTURE SONG",Retail Promotions & Competitions,Shortlist,https://ascentialcdn.filespin.io/api/v1/conversion/865933a87a254276bfcf00c405ed0ff4?quality=85&format=webp,https://www.lovethework.com/work/entries/the-hard-rated-homecoming-770595,/awards/spikes_asia/2026/campaigns/the-hard-rated-homecoming-hard-rated-droga5-anz-part-of-accenture-song-2026/
Spikes Asia,2026,Brand Experience & Activation,brand-experience-activation,ACKO TAILOR,ACKO GENERAL INSURANCE LIMITED,LEO,Social Behaviour,Shortlist,https://ascentialcdn.filespin.io/api/v1/conversion/e82941d6ae59462c8a4b451cb2aed8ed?quality=85&format=webp,https://www.lovethework.com/work/entries/acko-tailor-772581,/awards/spikes_asia/2026/campaigns/acko-tailor-acko-general-insurance-limited-leo-2026/
Spikes Asia,2026,Brand Experience & Activation,brand-experience-activation,BOX TO BEDS,AMAZON,OGILVY,Corporate Purpose & Social Responsibility,Shortlist,https://ascentialcdn.filespin.io/api/v1/conversion/844f30e20f794839a1c9a1d331dfa5e1?quality=85&format=webp,https://www.lovethework.com/work/entries/box-to-beds-770559,/awards/spikes_asia/2026/campaigns/box-to-beds-amazon-ogilvy-2026/
Spikes Asia,2026,Brand Experience & Activation,brand-experience-activation,TRACES OF TRANCE,SHISEIDO CO.,SHISEIDO CREATIVE,Cultural Engagement,Shortlist,https://ascentialcdn.filespin.io/api/v1/conversion/58538a6642244d1985cb555f35f14f73?quality=85&format=webp,https://www.lovethework.com/work/entries/traces-of-trance-771416,/awards/spikes_asia/2026/campaigns/traces-of-trance-shiseido-co-shiseido-creative-2026/
Spikes Asia,2026,Brand Experience & Activation,brand-experience-activation,THE WORST CHILDREN'S LIBRARY,SAMSUNG NZ,MCCANN NEW ZEALAND,Live Brand Experience or Activation,Shortlist,https://ascentialcdn.filespin.io/api/v1/conversion/92adc488ec0240ac939ad04662f73311?quality=85&format=webp,https://www.lovethework.com/work/entries/the-worst-childrens-library-772589,/awards/spikes_asia/2026/campaigns/the-worst-childrens-library-samsung-nz-mccann-new-zealand-2026/
Spikes Asia,2026,Brand Experience & Activation,brand-experience-activation,ONE NOODLE,HARAKU RAMEN,BLKJ HAVAS,Challenger Brand,Shortlist,https://ascentialcdn.filespin.io/api/v1/conversion/f43a17e513764061a27d43ded5b71d1d?quality=85&format=webp,https://www.lovethework.com/work/entries/one-noodle-772587,/awards/spikes_asia/2026/campaigns/one-noodle-haraku-ramen-blkj-havas-2026/
Spikes Asia,2026,Brand Experience & Activation,brand-experience-activation,CHEAT CODES,MERCURY,FCB NEW ZEALAND,Retail Promotions & Competitions,Shortlist,https://ascentialcdn.filespin.io/api/v1/conversion/b308a59815be454a828e22d48df72788?quality=85&format=webp,https://www.lovethework.com/work/entries/cheat-codes-772598,/awards/spikes_asia/2026/campaigns/cheat-codes-mercury-fcb-new-zealand-2026-2/
Spikes Asia,2026,Brand Experience & Activation,brand-experience-activation,BACK TO KAI TAK,CATHAY,LEO HONG KONG,"Travel, Leisure, Retail, Restaurants & Fast Food Chains",Shortlist,https://ascentialcdn.filespin.io/api/v1/conversion/49df638fcc8343c2bef42b85c1e6dbd5?quality=85&format=webp,https://www.lovethework.com/work/entries/back-to-kai-tak-772595,/awards/spikes_asia/2026/campaigns/back-to-kai-tak-cathay-leo-hong-kong-2026/
Spikes Asia,2026,Brand Experience & Activation,brand-experience-activation,ONE NOODLE,HARAKU RAMEN,BLKJ HAVAS,Launch/Relaunch,Shortlist,https://ascentialcdn.filespin.io/api/v1/conversion/f43a17e513764061a27d43ded5b71d1d?quality=85&format=webp,https://www.lovethework.com/work/entries/one-noodle-769902,/awards/spikes_asia/2026/campaigns/one-noodle-haraku-ramen-blkj-havas-2026-2/
Spikes Asia,2026,Brand Experience & Activation,brand-experience-activation,SAFE SKETCH,SAVE THE CHILDREN,CHEIL HONG KONG,Use of Mobile & Devices,Shortlist,https://ascentialcdn.filespin.io/api/v1/conversion/991e49a6692f4e8fb5deba0b937366de?quality=85&format=webp,https://www.lovethework.com/work/entries/safe-sketch-769842,/awards/spikes_asia/2026/campaigns/safe-sketch-save-the-children-cheil-hong-kong-2026/
Spikes Asia,2026,Brand Experience & Activation,brand-experience-activation,THE MISPRONOUNCED HEINZ,HEINZ,SHOOTING STELLAR COMPANY,360 Integrated Brand Experience,Shortlist,https://ascentialcdn.filespin.io/api/v1/conversion/84619e7b7d5a4ea3a861bb43e371454b?quality=85&format=webp,https://www.lovethework.com/work/entries/the-mispronounced-heinz-769796,/awards/spikes_asia/2026/campaigns/the-mispronounced-heinz-heinz-shooting-stellar-company-2026/
Spikes Asia,2026,Brand Experience & Activation,brand-experience-activation,GARUDA RAKSHAK,DSP MUTUAL FUNDS,DENTSU CREATIVE,New Realities & Emerging Tech,Shortlist,https://ascentialcdn.filespin.io/api/v1/conversion/fd608adb8feb426fab936573ef6661c0?quality=85&format=webp,https://www.lovethework.com/work/entries/garuda-rakshak-769905,/awards/spikes_asia/2026/campaigns/garuda-rakshak-dsp-mutual-funds-dentsu-creative-2026/
Spikes Asia,2026,Brand Experience & Activation,brand-experience-activation,BARELY NOTICEABLE PROMOTIONS,BUDWEISER,BUDWEISER CHINA,Launch/Relaunch,Shortlist,https://ascentialcdn.filespin.io/api/v1/conversion/a750c6f1e4b04000a4f25d4b3e62b201?quality=85&format=webp,https://www.lovethework.com/work/entries/barely-noticeable-promotions-769913,/awards/spikes_asia/2026/campaigns/barely-noticeable-promotions-budweiser-budweiser-china-2026/
Spikes Asia,2026,Brand Experience & Activation,brand-experience-activation,THE LAWS OF CRICKET,VICTORIA BITTER,"DROGA5 ANZ, PART OF ACCENTURE SONG",Consumer Goods,Shortlist,https://ascentialcdn.filespin.io/api/v1/conversion/4b360dd2d97d4af19e11efbe1aa8b783?quality=85&format=webp,https://www.lovethework.com/work/entries/the-laws-of-cricket-771195,/awards/spikes_asia/2026/campaigns/the-laws-of-cricket-victoria-bitter-droga5-anz-part-of-accenture-song-2026/
Spikes Asia,2026,Brand Experience & Activation,brand-experience-activation,MEET ME AT THE COKE SIGN,COCA-COLA,OGILVY,Single-market Campaign,Shortlist,https://ascentialcdn.filespin.io/api/v1/conversion/51c67d4b2f594be59e5c4f25a7546cb4?quality=85&format=webp,https://www.lovethework.com/work/entries/meet-me-at-the-coke-sign-769898,/awards/spikes_asia/2026/campaigns/meet-me-at-the-coke-sign-coca-cola-ogilvy-2026/
Spikes Asia,2026,Brand Experience & Activation,brand-experience-activation,ACKO TAILOR,ACKO GENERAL INSURANCE LIMITED,LEO,Cultural Engagement,Shortlist,https://ascentialcdn.filespin.io/api/v1/conversion/e82941d6ae59462c8a4b451cb2aed8ed?quality=85&format=webp,https://www.lovethework.com/work/entries/acko-tailor-772590,/awards/spikes_asia/2026/campaigns/acko-tailor-acko-general-insurance-limited-leo-2026-2/
Spikes Asia,2026,Brand Experience & Activation,brand-experience-activation,GAMIFRIES,MCDONALD'S,BBH SINGAPORE,Breakthrough on a Budget,Shortlist,https://ascentialcdn.filespin.io/api/v1/conversion/611b257441894808a5f211d854334b81?quality=85&format=webp,https://www.lovethework.com/work/entries/gamifries-771096,/awards/spikes_asia/2026/campaigns/gamifries-mcdonalds-bbh-singapore-2026/
Spikes Asia,2026,Brand Experience & Activation,brand-experience-activation,WHISKAS® LOCATOR,WHISKAS®,OGENCY,Consumer Goods,Shortlist,https://ascentialcdn.filespin.io/api/v1/conversion/b17ca1ce481f4b2d8923b824bb4fa5ae?quality=85&format=webp,https://www.lovethework.com/work/entries/whiskas-locator-769609,/awards/spikes_asia/2026/campaigns/whiskas-locator-whiskas-ogency-2026/
Spikes Asia,2026,Brand Experience & Activation,brand-experience-activation,HYAKUYOZU - UNFOLDING PATTERNS OF A HUNDRED WONDERS｜DAIMARU MATSUZAKAYA DEPARTMENT STORES,DAIMARU MATSUZAKAYA DEPARTMENT STORES,DAIMARU MATSUZAKAYA DEPARTMENT STORES,Use of Website/Microsites,Shortlist,https://ascentialcdn.filespin.io/api/v1/conversion/d8d990f9a673497e9a76295c5288fbe9?quality=85&format=webp,https://www.lovethework.com/work/entries/hyakuyozu-unfolding-patterns-of-a-hundred-wondersdaimaru-matsuzakaya-department-stores-769881,/awards/spikes_asia/2026/campaigns/hyakuyozu-unfolding-patterns-of-a-hundred-wondersdaimaru-matsuzakaya-department-stores-daimaru-matsuzakaya-department-st/
Spikes Asia,2026,Brand Experience & Activation,brand-experience-activation,GAMIFRIES,MCDONALD'S,BBH SINGAPORE,Guerrilla Marketing & Stunts,Shortlist,https://ascentialcdn.filespin.io/api/v1/conversion/611b257441894808a5f211d854334b81?quality=85&format=webp,https://www.lovethework.com/work/entries/gamifries-771139,/awards/spikes_asia/2026/campaigns/gamifries-mcdonalds-bbh-singapore-2026-2/
Spikes Asia,2026,Brand Experience & Activation,brand-experience-activation,LEGO YELLOW HOUSE,LEGO,OUR LEGO AGENCY,Consumer Goods,Shortlist,https://ascentialcdn.filespin.io/api/v1/conversion/5ddbe38e5c1540419251381ffa304576?quality=85&format=webp,https://www.lovethework.com/work/entries/lego-yellow-house-769764,/awards/spikes_asia/2026/campaigns/lego-yellow-house-lego-our-lego-agency-2026/
Spikes Asia,2026,Brand Experience & Activation,brand-experience-activation,TOXIC BACKFIRE,SAMSUNG,CHEIL PENGTAI BEIJING,Gaming-Led Brand Experience,Shortlist,https://ascentialcdn.filespin.io/api/v1/conversion/de25773a856041d1ac037682e229dc01?quality=85&format=webp,https://www.lovethework.com/work/entries/toxic-backfire-769772,/awards/spikes_asia/2026/campaigns/toxic-backfire-samsung-cheil-pengtai-beijing-2026/
Spikes Asia,2026,Brand Experience & Activation,brand-experience-activation,FOUND IN THE SHADOWS,MCDONALD'S,LEO,"Travel, Leisure, Retail, Restaurants & Fast Food Chains",Shortlist,https://ascentialcdn.filespin.io/api/v1/conversion/c203e1cbaddb4c529bd3a5db202e729b?quality=85&format=webp,https://www.lovethework.com/work/entries/found-in-the-shadows-770744,/awards/spikes_asia/2026/campaigns/found-in-the-shadows-mcdonalds-leo-2026-2/
Spikes Asia,2026,Brand Experience & Activation,brand-experience-activation,THE WORST CHILDREN'S LIBRARY,SAMSUNG NZ,MCCANN NEW ZEALAND,Social Behaviour,Shortlist,https://ascentialcdn.filespin.io/api/v1/conversion/92adc488ec0240ac939ad04662f73311?quality=85&format=webp,https://www.lovethework.com/work/entries/the-worst-childrens-library-769866,/awards/spikes_asia/2026/campaigns/the-worst-childrens-library-samsung-nz-mccann-new-zealand-2026-2/
Spikes Asia,2026,Brand Experience & Activation,brand-experience-activation,THE 1/2 PARFAIT,DENNY’S JAPAN CO.,"LTD., I&S BBDO",Social Behaviour,Shortlist,https://ascentialcdn.filespin.io/api/v1/conversion/62f7d3bbada843f18c53d321aefb9add?quality=85&format=webp,https://www.lovethework.com/work/entries/the-12-parfait-769848,/awards/spikes_asia/2026/campaigns/the-12-parfait-dennys-japan-co-ltd-i-and-s-bbdo-2026/
Spikes Asia,2026,Brand Experience & Activation,brand-experience-activation,INTO ART,TELSTRA,+61,Sponsorship & Brand Partnerships,Shortlist,https://ascentialcdn.filespin.io/api/v1/conversion/23bdbb0a20d440bfb57e1e9dd6d322e1?quality=85&format=webp,https://www.lovethework.com/work/entries/into-art-772585,/awards/spikes_asia/2026/campaigns/into-art-telstra-61-2026/
Spikes Asia,2026,Brand Experience & Activation,brand-experience-activation,SUMO,DUOLINGO,ULTRASUPERNEW,Live Brand Experience or Activation,Shortlist,https://ascentialcdn.filespin.io/api/v1/conversion/8a72fecdae6147f08202e57a1a563fa2?quality=85&format=webp,https://www.lovethework.com/work/entries/sumo-770954,/awards/spikes_asia/2026/campaigns/sumo-duolingo-ultrasupernew-2026/
Spikes Asia,2026,Brand Experience & Activation,brand-experience-activation,SAFE SKETCH,SAVE THE CHILDREN,CHEIL HONG KONG,Not-for-profit / Charity / Government,Shortlist,https://ascentialcdn.filespin.io/api/v1/conversion/991e49a6692f4e8fb5deba0b937366de?quality=85&format=webp,https://www.lovethework.com/work/entries/safe-sketch-772599,/awards/spikes_asia/2026/campaigns/safe-sketch-save-the-children-cheil-hong-kong-2026-2/
Spikes Asia,2026,Brand Experience & Activation,brand-experience-activation,WHISKAS® LOCATOR,WHISKAS®,OGENCY,360 Integrated Brand Experience,Shortlist,https://ascentialcdn.filespin.io/api/v1/conversion/b17ca1ce481f4b2d8923b824bb4fa5ae?quality=85&format=webp,https://www.lovethework.com/work/entries/whiskas-locator-772584,/awards/spikes_asia/2026/campaigns/whiskas-locator-whiskas-ogency-2026-2/
Spikes Asia,2026,Brand Experience & Activation,brand-experience-activation,OREO MILKY WAY DUNK,OREO,LEO INDONESIA,Use of Humour,Shortlist,https://ascentialcdn.filespin.io/api/v1/conversion/d33c5d7be31741ed8374d2828c6a6c1a?quality=85&format=webp,https://www.lovethework.com/work/entries/oreo-milky-way-dunk-771058,/awards/spikes_asia/2026/campaigns/oreo-milky-way-dunk-oreo-leo-indonesia-2026/
Spikes Asia,2026,Brand Experience & Activation,brand-experience-activation,THING IN SEOUL,NETFLIX SERVICES KOREA,CHEIL WORLDWIDE,Launch/Relaunch,Shortlist,https://ascentialcdn.filespin.io/api/v1/conversion/1646351185e74476a876fa5602a6f18b?quality=85&format=webp,https://www.lovethework.com/work/entries/thing-in-seoul-769773,/awards/spikes_asia/2026/campaigns/thing-in-seoul-netflix-services-korea-cheil-worldwide-2026/
Spikes Asia,2026,Brand Experience & Activation,brand-experience-activation,KARANGAHAPE RETURNS,KARANGAHAPE BUSINESS ASSOCIATION,MOTION SICKNESS,Customer Acquisition & Retention,Shortlist,https://ascentialcdn.filespin.io/api/v1/conversion/5b68e69454ec42ca8a76a153ce713029?quality=85&format=webp,https://www.lovethework.com/work/entries/karangahape-returns-770799,/awards/spikes_asia/2026/campaigns/karangahape-returns-karangahape-business-association-motion-sickness-2026/
Spikes Asia,2026,Brand Experience & Activation,brand-experience-activation,COMMUTER CAMO,KITKAT,VML,Market Disruption,Shortlist,https://ascentialcdn.filespin.io/api/v1/conversion/d00cd4ed1ba547c59d22535e61aff327?quality=85&format=webp,https://www.lovethework.com/work/entries/commuter-camo-772583,/awards/spikes_asia/2026/campaigns/commuter-camo-kitkat-vml-2026/
Spikes Asia,2026,Brand Experience & Activation,brand-experience-activation,THE GREAT IN-GAME WEDDING,BATTLEGROUND MOBILE INDIA,22FEET TRIBAL WORLDWIDE,Gaming-Led Brand Experience,Shortlist,https://ascentialcdn.filespin.io/api/v1/conversion/66627bfaf8fb4262b3183c414604c7a0?quality=85&format=webp,https://www.lovethework.com/work/entries/the-great-in-game-wedding-771042,/awards/spikes_asia/2026/campaigns/the-great-in-game-wedding-battleground-mobile-india-22feet-tribal-worldwide-2026/
Spikes Asia,2026,Brand Experience & Activation,brand-experience-activation,CHAI BANSURI - THE TEA FLUTE,BROOKE BOND TAJ MAHAL TEA,OGILVY,Local Brand,Shortlist,https://ascentialcdn.filespin.io/api/v1/conversion/b79b43804eae486ea54374794321d26f?quality=85&format=webp,https://www.lovethework.com/work/entries/chai-bansuri-the-tea-flute-770553,/awards/spikes_asia/2026/campaigns/chai-bansuri-the-tea-flute-brooke-bond-taj-mahal-tea-ogilvy-2026/
Spikes Asia,2026,Brand Experience & Activation,brand-experience-activation,HEINEKEN STARRING BARS,HEINEKEN,LEPUB,Corporate Purpose & Social Responsibility,Shortlist,https://ascentialcdn.filespin.io/api/v1/conversion/f9b474c037df4cfabc83ec05aa292f8f?quality=85&format=webp,https://www.lovethework.com/work/entries/heineken-starring-bars-770851,/awards/spikes_asia/2026/campaigns/heineken-starring-bars-heineken-lepub-2026/
Spikes Asia,2026,Brand Experience & Activation,brand-experience-activation,SUMO STOPS,PLAYSTATION 5,ATALI,Digital Installations,Shortlist,https://ascentialcdn.filespin.io/api/v1/conversion/c96ceb7e81844fbebf5cd9effcf52a3b?quality=85&format=webp,https://www.lovethework.com/work/entries/sumo-stops-772594,/awards/spikes_asia/2026/campaigns/sumo-stops-playstation-5-atali-2026/
Spikes Asia,2026,Brand Experience & Activation,brand-experience-activation,SAFE SKETCH,SAVE THE CHILDREN,CHEIL HONG KONG,Social Behaviour,Shortlist,https://ascentialcdn.filespin.io/api/v1/conversion/991e49a6692f4e8fb5deba0b937366de?quality=85&format=webp,https://www.lovethework.com/work/entries/safe-sketch-769787,/awards/spikes_asia/2026/campaigns/safe-sketch-save-the-children-cheil-hong-kong-2026-3/
Spikes Asia,2026,Brand Experience & Activation,brand-experience-activation,CAMP IRL,HIGH PEAK OUTDOOR,DENTSU CREATIVE,Gaming-Led Brand Experience,Shortlist,https://ascentialcdn.filespin.io/api/v1/conversion/336c6b35a9ed4dd4abaebe46ceece809?quality=85&format=webp,https://www.lovethework.com/work/entries/camp-irl-771349,/awards/spikes_asia/2026/campaigns/camp-irl-high-peak-outdoor-dentsu-creative-2026/
Spikes Asia,2026,Brand Experience & Activation,brand-experience-activation,THE GREAT IN-GAME WEDDING,BATTLEGROUND MOBILE INDIA,22FEET TRIBAL WORLDWIDE,Cultural Engagement,Shortlist,https://ascentialcdn.filespin.io/api/v1/conversion/66627bfaf8fb4262b3183c414604c7a0?quality=85&format=webp,https://www.lovethework.com/work/entries/the-great-in-game-wedding-771025,/awards/spikes_asia/2026/campaigns/the-great-in-game-wedding-battleground-mobile-india-22feet-tribal-worldwide-2026-2/
Spikes Asia,2026,Brand Experience & Activation,brand-experience-activation,THE CEO DEEPFAKE,AUCKLAND SAVINGS BANK,"DROGA5 ANZ, PART OF ACCENTURE SONG",New Realities & Emerging Tech,Shortlist,https://ascentialcdn.filespin.io/api/v1/conversion/be72ff0a94894015930abeac17deef4e?quality=85&format=webp,https://www.lovethework.com/work/entries/the-ceo-deepfake-770576,/awards/spikes_asia/2026/campaigns/the-ceo-deepfake-auckland-savings-bank-droga5-anz-part-of-accenture-song-2026/
Spikes Asia,2026,Brand Experience & Activation,brand-experience-activation,BACK TO KAI TAK,CATHAY,LEO HONG KONG,Live Brand Experience or Activation,Shortlist,https://ascentialcdn.filespin.io/api/v1/conversion/49df638fcc8343c2bef42b85c1e6dbd5?quality=85&format=webp,https://www.lovethework.com/work/entries/back-to-kai-tak-770959,/awards/spikes_asia/2026/campaigns/back-to-kai-tak-cathay-leo-hong-kong-2026-2/
Spikes Asia,2026,Brand Experience & Activation,brand-experience-activation,THE UNOFFICIAL OFFICIAL SOUND OF F1,STING,LEO,Challenger Brand,Shortlist,https://ascentialcdn.filespin.io/api/v1/conversion/6c4f14e9c5e949e3b8460302dc1d5a96?quality=85&format=webp,https://www.lovethework.com/work/entries/the-unofficial-official-sound-of-f1-771318,/awards/spikes_asia/2026/campaigns/the-unofficial-official-sound-of-f1-sting-leo-2026-3/
Spikes Asia,2026,Brand Experience & Activation,brand-experience-activation,A.I. IRRESPONSIBLY,BREWLANDER,BLKJ HAVAS,Challenger Brand,Shortlist,https://ascentialcdn.filespin.io/api/v1/conversion/74c0ab4b898e40b5b74bf9f34540f4aa?quality=85&format=webp,https://www.lovethework.com/work/entries/ai-irresponsibly-770815,/awards/spikes_asia/2026/campaigns/ai-irresponsibly-brewlander-blkj-havas-2026/
Spikes Asia,2026,Brand Experience & Activation,brand-experience-activation,ONE NOODLE,HARAKU RAMEN,BLKJ HAVAS,Gaming-Led Brand Experience,Shortlist,https://ascentialcdn.filespin.io/api/v1/conversion/f43a17e513764061a27d43ded5b71d1d?quality=85&format=webp,https://www.lovethework.com/work/entries/one-noodle-769909,/awards/spikes_asia/2026/campaigns/one-noodle-haraku-ramen-blkj-havas-2026-3/
Spikes Asia,2026,Brand Experience & Activation,brand-experience-activation,HEINEKEN TRUST BARS,HEINEKEN,LEPUB,Customer Retail/In-store Experience,Shortlist,https://ascentialcdn.filespin.io/api/v1/conversion/b88a9669ca90417ebddf25d1e8cef9d7?quality=85&format=webp,https://www.lovethework.com/work/entries/heineken-trust-bars-770780,/awards/spikes_asia/2026/campaigns/heineken-trust-bars-heineken-lepub-2026/
Spikes Asia,2026,Brand Experience & Activation,brand-experience-activation,SKINNY FOR LIFE,SKINNY,COLENSO BBDO,Tech-led Brand Experience,Shortlist,https://ascentialcdn.filespin.io/api/v1/conversion/c09ad0c19770401cb05879c3ea02aecd?quality=85&format=webp,https://www.lovethework.com/work/entries/skinny-for-life-771169,/awards/spikes_asia/2026/campaigns/skinny-for-life-skinny-colenso-bbdo-2026/
Spikes Asia,2026,Brand Experience & Activation,brand-experience-activation,THE KILOMETER LOYALTY EXCHANGE,HONDA,TU7UH CREATIVE LAB,Customer Acquisition & Retention,Shortlist,https://ascentialcdn.filespin.io/api/v1/conversion/4cd9eb497dda4b658e3b54520e095905?quality=85&format=webp,https://www.lovethework.com/work/entries/the-kilometer-loyalty-exchange-772586,/awards/spikes_asia/2026/campaigns/the-kilometer-loyalty-exchange-honda-tu7uh-creative-lab-2026/
Spikes Asia,2026,Brand Experience & Activation,brand-experience-activation,HEINEKEN STARRING BARS,HEINEKEN,LEPUB,Consumer Goods,Shortlist,https://ascentialcdn.filespin.io/api/v1/conversion/f9b474c037df4cfabc83ec05aa292f8f?quality=85&format=webp,https://www.lovethework.com/work/entries/heineken-starring-bars-770833,/awards/spikes_asia/2026/campaigns/heineken-starring-bars-heineken-lepub-2026-2/
Spikes Asia,2026,Brand Experience & Activation,brand-experience-activation,BEST AFTER 2055,TAKAMATSU CITY,SHISEIDO CREATIVE,Cultural Engagement,Shortlist,https://ascentialcdn.filespin.io/api/v1/conversion/fe2abe1fa4ad48898f91c095aac86250?quality=85&format=webp,https://www.lovethework.com/work/entries/best-after-2055-772591,/awards/spikes_asia/2026/campaigns/best-after-2055-takamatsu-city-shiseido-creative-2026/
Spikes Asia,2026,Brand Experience & Activation,brand-experience-activation,DARESCORE,MOUNTAIN DEW,LEO,Single-market Campaign,Shortlist,https://ascentialcdn.filespin.io/api/v1/conversion/2d017b7a37f1456db0d330ecec745d14?quality=85&format=webp,https://www.lovethework.com/work/entries/darescore-771258,/awards/spikes_asia/2026/campaigns/darescore-mountain-dew-leo-2026/
Spikes Asia,2026,Brand Experience & Activation,brand-experience-activation,HAVEN,SUNCORP INSURANCE,LEO,Corporate Purpose & Social Responsibility,Shortlist,https://ascentialcdn.filespin.io/api/v1/conversion/eef4bede4b484e59a72889a64dcdcc39?quality=85&format=webp,https://www.lovethework.com/work/entries/haven-772582,/awards/spikes_asia/2026/campaigns/haven-suncorp-insurance-leo-2026/
Spikes Asia,2026,Brand Experience & Activation,brand-experience-activation,VOICE OF FOOD,AJINOMOTO CO.,DENTSU INC.,Corporate Purpose & Social Responsibility,Shortlist,https://ascentialcdn.filespin.io/api/v1/conversion/990b23397ce3487eb4552d486704f17b?quality=85&format=webp,https://www.lovethework.com/work/entries/voice-of-food-772588,/awards/spikes_asia/2026/campaigns/voice-of-food-ajinomoto-co-dentsu-inc-2026-3/
Spikes Asia,2026,Brand Experience & Activation,brand-experience-activation,BACK TO KAI TAK,CATHAY,LEO HONG KONG,Single-market Campaign,Shortlist,https://ascentialcdn.filespin.io/api/v1/conversion/49df638fcc8343c2bef42b85c1e6dbd5?quality=85&format=webp,https://www.lovethework.com/work/entries/back-to-kai-tak-770923,/awards/spikes_asia/2026/campaigns/back-to-kai-tak-cathay-leo-hong-kong-2026-3/
Spikes Asia,2026,Brand Experience & Activation,brand-experience-activation,HAVEN,SUNCORP INSURANCE,LEO,Use of Website/Microsites,Shortlist,https://ascentialcdn.filespin.io/api/v1/conversion/38000eb916d94ba39db8dfb9b2409438?quality=85&format=webp,https://www.lovethework.com/work/entries/haven-771214,/awards/spikes_asia/2026/campaigns/haven-suncorp-insurance-leo-2026-2/
Spikes Asia,2026,Brand Experience & Activation,brand-experience-activation,BARELY NOTICEABLE PROMOTIONS,BUDWEISER,BUDWEISER CHINA,Retail Promotions & Competitions,Shortlist,https://ascentialcdn.filespin.io/api/v1/conversion/a750c6f1e4b04000a4f25d4b3e62b201?quality=85&format=webp,https://www.lovethework.com/work/entries/barely-noticeable-promotions-769867,/awards/spikes_asia/2026/campaigns/barely-noticeable-promotions-budweiser-budweiser-china-2026-2/
Spikes Asia,2026,Brand Experience & Activation,brand-experience-activation,DARESCORE,MOUNTAIN DEW,LEO,Tech-led Brand Experience,Shortlist,https://ascentialcdn.filespin.io/api/v1/conversion/2d017b7a37f1456db0d330ecec745d14?quality=85&format=webp,https://www.lovethework.com/work/entries/darescore-771179,/awards/spikes_asia/2026/campaigns/darescore-mountain-dew-leo-2026-2/
Spikes Asia,2026,Brand Experience & Activation,brand-experience-activation,THE UNOFFICIAL OFFICIAL SOUND OF F1,STING,LEO,Sponsorship & Brand Partnerships,Shortlist,https://ascentialcdn.filespin.io/api/v1/conversion/6c4f14e9c5e949e3b8460302dc1d5a96?quality=85&format=webp,https://www.lovethework.com/work/entries/the-unofficial-official-sound-of-f1-771327,/awards/spikes_asia/2026/campaigns/the-unofficial-official-sound-of-f1-sting-leo-2026-4/
Spikes Asia,2026,Brand Experience & Activation,brand-experience-activation,FLIPKART- LINE SEVAK,FLIPKART,McCANN INDIA,Cultural Engagement,Submitted,https://ascentialcdn.filespin.io/api/v1/conversion/ccff06640f764678a6b8ddc4e11d66de?quality=85&format=webp,https://www.lovethework.com/work/entries/flipkart-line-sevak-771275,/awards/spikes_asia/2026/campaigns/flipkart-line-sevak-flipkart-mccann-india-2026/
Spikes Asia,2026,Brand Experience & Activation,brand-experience-activation,SAKURA SCAN,KIRIN BEER,KIRIN BREWERY COMPANY,Corporate Purpose & Social Responsibility,Submitted,https://ascentialcdn.filespin.io/api/v1/conversion/1de049ba98d24b558834c6067c5802b0?quality=85&format=webp,https://www.lovethework.com/work/entries/sakura-scan-770850,/awards/spikes_asia/2026/campaigns/sakura-scan-kirin-beer-kirin-brewery-company-2026/
Spikes Asia,2026,Brand Experience & Activation,brand-experience-activation,PLAYBOARDS,PEPSI,BBDO PAKISTAN,Live Brand Experience or Activation,Submitted,https://ascentialcdn.filespin.io/api/v1/conversion/87a67097a190400f96451d222b15b497?quality=85&format=webp,https://www.lovethework.com/work/entries/playboards-770870,/awards/spikes_asia/2026/campaigns/playboards-pepsi-bbdo-pakistan-2026/
Spikes Asia,2026,Brand Experience & Activation,brand-experience-activation,THE IRL TABLE,MCDONALD'S,LEO,Social Behaviour,Submitted,https://ascentialcdn.filespin.io/api/v1/conversion/66407b10a7364d95b874b9aedb77f764?quality=85&format=webp,https://www.lovethework.com/work/entries/the-irl-table-770828,/awards/spikes_asia/2026/campaigns/the-irl-table-mcdonalds-leo-2026/
Spikes Asia,2026,Brand Experience & Activation,brand-experience-activation,FIRST CHAPTER CLUB,AUDIBLE INDIA,DEADANT MEDIA,Cultural Engagement,Submitted,https://ascentialcdn.filespin.io/api/v1/conversion/cb09f388be73402a9ca608330e951930?quality=85&format=webp,https://www.lovethework.com/work/entries/first-chapter-club-771471,/awards/spikes_asia/2026/campaigns/first-chapter-club-audible-india-deadant-media-2026-4/
Spikes Asia,2026,Brand Experience & Activation,brand-experience-activation,CELCOMDIGI,CELCOMDIGI,CELCOMDIGI,Consumer Services/Business to Business,Submitted,https://ascentialcdn.filespin.io/api/v1/conversion/71821c8eadde46979060d0e4971f0e7b?quality=85&format=webp,https://www.lovethework.com/work/entries/celcomdigi-771475,/awards/spikes_asia/2026/campaigns/celcomdigi-celcomdigi-celcomdigi-2026/
Spikes Asia,2026,Brand Experience & Activation,brand-experience-activation,IMMERSIVE ACTIVATION OF “KANDO”,YAMAHA,AMANA,Launch/Relaunch,Submitted,https://ascentialcdn.filespin.io/api/v1/conversion/3d617a07fbf841ebb268d5cfe91a519d?quality=85&format=webp,https://www.lovethework.com/work/entries/immersive-activation-of-kando-769911,/awards/spikes_asia/2026/campaigns/immersive-activation-of-kando-yamaha-amana-2026/
Spikes Asia,2026,Brand Experience & Activation,brand-experience-activation,ITC SUNFEAST DARK FANTASY - BIG FANTASIES,ITC LIMITED - SUNFEAST DARK FANTASY,IMPACT COMMUNICATIONS,Digital Installations,Submitted,https://ascentialcdn.filespin.io/api/v1/conversion/d75e482888ab4beb837e5537d4367cbb?quality=85&format=webp,https://www.lovethework.com/work/entries/itc-sunfeast-dark-fantasy-big-fantasies-771435,/awards/spikes_asia/2026/campaigns/itc-sunfeast-dark-fantasy-big-fantasies-itc-limited-sunfeast-dark-fantasy-impact-communications-2026/
Spikes Asia,2026,Brand Experience & Activation,brand-experience-activation,BEER HOLDER,BLUE GIRL,AB INBEV,Customer Retail/In-store Experience,Submitted,https://ascentialcdn.filespin.io/api/v1/conversion/01472e4eb9064a4ea45f4c7e63d3cc10?quality=85&format=webp,https://www.lovethework.com/work/entries/beer-holder-771356,/awards/spikes_asia/2026/campaigns/beer-holder-blue-girl-ab-inbev-2026/
Spikes Asia,2026,Brand Experience & Activation,brand-experience-activation,"VASELINE VERIFIED ""VERY THAI""",VASELINE,BRILLIANT & MILLION,Cultural Engagement,Submitted,https://ascentialcdn.filespin.io/api/v1/conversion/9178051112814ad7a116beec1595522c?quality=85&format=webp,https://www.lovethework.com/work/entries/vaseline-verified-very-thai-769897,/awards/spikes_asia/2026/campaigns/vaseline-verified-very-thai-vaseline-brilliant-and-million-2026/
Spikes Asia,2026,Brand Experience & Activation,brand-experience-activation,HEARING 1945,BINGGRAE & THE MINISTRY OF PATRIOTS AND VETERANS AFFAIR,INNOCEAN,Tech-led Brand Experience,Submitted,https://ascentialcdn.filespin.io/api/v1/conversion/183cbd8bcef44556bd724657555b1986?quality=85&format=webp,https://www.lovethework.com/work/entries/hearing-1945-773003,/awards/spikes_asia/2026/campaigns/hearing-1945-binggrae-and-the-ministry-of-patriots-and-veterans-affair-innocean-2026-4/
Spikes Asia,2026,Brand Experience & Activation,brand-experience-activation,THE ELEMENTAL PAVILION -A PAVILION THAT RETURNS TO NATURE-,SUNTORY HOLDINGS LIMITED × DAIKIN INDUSTRIES,"LTD., DENTSU INC.",Live Brand Experience or Activation,Submitted,https://ascentialcdn.filespin.io/api/v1/conversion/7506c911b9ab46a99959741ee610c878?quality=85&format=webp,https://www.lovethework.com/work/entries/the-elemental-pavilion-a-pavilion-that-returns-to-nature-769779,/awards/spikes_asia/2026/campaigns/the-elemental-pavilion-a-pavilion-that-returns-to-nature-suntory-holdings-limited-daikin-industries-ltd-dentsu-inc-2026/
Spikes Asia,2026,Brand Experience & Activation,brand-experience-activation,PLAYBOARDS,PEPSI,BBDO PAKISTAN,Corporate Purpose & Social Responsibility,Submitted,https://ascentialcdn.filespin.io/api/v1/conversion/87a67097a190400f96451d222b15b497?quality=85&format=webp,https://www.lovethework.com/work/entries/playboards-770964,/awards/spikes_asia/2026/campaigns/playboards-pepsi-bbdo-pakistan-2026-2/
Spikes Asia,2026,Brand Experience & Activation,brand-experience-activation,SUGAR LIQUIDATION SALE™,LONG WHITE,"DROGA5 ANZ, PART OF ACCENTURE SONG",Use of Humour,Submitted,https://ascentialcdn.filespin.io/api/v1/conversion/00f8cd4c425c4df5ac3a6655723f9344?quality=85&format=webp,https://www.lovethework.com/work/entries/sugar-liquidation-sale-770641,/awards/spikes_asia/2026/campaigns/sugar-liquidation-sale-long-white-droga5-anz-part-of-accenture-song-2026/
Spikes Asia,2026,Brand Experience & Activation,brand-experience-activation,HAT-JACKING 711’S BIRTHDAY,TAIWAN FAMILYMART CO.,"LTD., HUMANOID SOCIAL MEDIA CONSULTING",Challenger Brand,Submitted,https://ascentialcdn.filespin.io/api/v1/conversion/66d9b27ee1314d51a10fe94de25e7de6?quality=85&format=webp,https://www.lovethework.com/work/entries/hat-jacking-711s-birthday-769847,/awards/spikes_asia/2026/campaigns/hat-jacking-711s-birthday-taiwan-familymart-co-ltd-humanoid-social-media-consulting-2026/
Spikes Asia,2026,Brand Experience & Activation,brand-experience-activation,RETRATO,ENSURE GOLD,SEVEN AD,Healthcare,Submitted,https://ascentialcdn.filespin.io/api/v1/conversion/90fbc97a90a940a0b79b1800eaf0ad4d?quality=85&format=webp,https://www.lovethework.com/work/entries/retrato-770731,/awards/spikes_asia/2026/campaigns/retrato-ensure-gold-seven-ad-2026/
Spikes Asia,2026,Brand Experience & Activation,brand-experience-activation,CANAL OF TEARS,NETFLIX,GIGIL,Media/Entertainment,Submitted,https://ascentialcdn.filespin.io/api/v1/conversion/7489b4516d134d27930baf73b79d91b0?quality=85&format=webp,https://www.lovethework.com/work/entries/canal-of-tears-769671,/awards/spikes_asia/2026/campaigns/canal-of-tears-netflix-gigil-2026/
Spikes Asia,2026,Brand Experience & Activation,brand-experience-activation,THE HUNGRY GAMES,SNICKERS,MIND SPARK,Consumer Goods,Submitted,https://ascentialcdn.filespin.io/api/v1/conversion/2fd1467813c4441a83df472525db8010?quality=85&format=webp,https://www.lovethework.com/work/entries/the-hungry-games-771112,/awards/spikes_asia/2026/campaigns/the-hungry-games-snickers-mind-spark-2026/
Spikes Asia,2026,Brand Experience & Activation,brand-experience-activation,UV LYNC,ULTRAVIOLETTE AUTOMOTIVE PRIVATE LIMITED,TGTHR,Challenger Brand,Submitted,https://ascentialcdn.filespin.io/api/v1/conversion/14a14ac3d1524791a5197666a0d6094c?quality=85&format=webp,https://www.lovethework.com/work/entries/uv-lync-770671,/awards/spikes_asia/2026/campaigns/uv-lync-ultraviolette-automotive-private-limited-tgthr-2026/
Spikes Asia,2026,Brand Experience & Activation,brand-experience-activation,FIRST CHAPTER CLUB,AUDIBLE INDIA,DEADANT MEDIA,Live Brand Experience or Activation,Submitted,https://ascentialcdn.filespin.io/api/v1/conversion/cb09f388be73402a9ca608330e951930?quality=85&format=webp,https://www.lovethework.com/work/entries/first-chapter-club-771451,/awards/spikes_asia/2026/campaigns/first-chapter-club-audible-india-deadant-media-2026-5/
Spikes Asia,2026,Brand Experience & Activation,brand-experience-activation,CAN'T AFFORD TO PAUSE,KBANK,ADQUA INTERACTIVE,Consumer Services/Business to Business,Submitted,https://ascentialcdn.filespin.io/api/v1/conversion/eae3191806584afea136fd6b112fc641?quality=85&format=webp,https://www.lovethework.com/work/entries/cant-afford-to-pause-769790,/awards/spikes_asia/2026/campaigns/cant-afford-to-pause-kbank-adqua-interactive-2026/
Spikes Asia,2026,Brand Experience & Activation,brand-experience-activation,MCDONALD'S X SQUID GAME: DARE TO PLAY,MCDONALD'S AUSTRALIA,AKCELO,Sponsorship & Brand Partnerships,Submitted,https://ascentialcdn.filespin.io/api/v1/conversion/31afc6d4a44946a389f443b829649d14?quality=85&format=webp,https://www.lovethework.com/work/entries/mcdonalds-x-squid-game-dare-to-play-771473,/awards/spikes_asia/2026/campaigns/mcdonalds-x-squid-game-dare-to-play-mcdonalds-australia-akcelo-2026/
Spikes Asia,2026,Brand Experience & Activation,brand-experience-activation,HAIRBNB,DAEDAMO,DAEDAMO,Live Brand Experience or Activation,Submitted,https://ascentialcdn.filespin.io/api/v1/conversion/e1aea097d10843349259536e4d661f06?quality=85&format=webp,https://www.lovethework.com/work/entries/hairbnb-769807,/awards/spikes_asia/2026/campaigns/hairbnb-daedamo-daedamo-2026/
Spikes Asia,2026,Brand Experience & Activation,brand-experience-activation,SWEET EXPRESS,HÄAGEN-DAZS KOREA,HSAD,Live Brand Experience or Activation,Submitted,https://ascentialcdn.filespin.io/api/v1/conversion/3d3de2ce5fbc4fa0b7e7ae83d74c54cd?quality=85&format=webp,https://www.lovethework.com/work/entries/sweet-express-769789,/awards/spikes_asia/2026/campaigns/sweet-express-haagen-dazs-korea-hsad-2026/
Spikes Asia,2026,Brand Experience & Activation,brand-experience-activation,"STOP THAT DOT, TOGETHER: MOTIVATING 27,500 WOMEN, DESPITE LIMITED BUDGET",HOMESOY,AMPERSAND ADVISORY,Breakthrough on a Budget,Submitted,https://ascentialcdn.filespin.io/api/v1/conversion/fd96cdc1c72349b6aeb396e468ee7e7b?quality=85&format=webp,https://www.lovethework.com/work/entries/stop-that-dot-together-motivating-27500-women-despite-limited-budget-771016,/awards/spikes_asia/2026/campaigns/stop-that-dot-together-motivating-27500-women-despite-limited-budget-homesoy-ampersand-advisory-2026/
Spikes Asia,2026,Brand Experience & Activation,brand-experience-activation,BLACK RECORDS,BMSG (JAPANESE MUSIC LABEL),SIX INC,Media/Entertainment,Submitted,https://ascentialcdn.filespin.io/api/v1/conversion/c51d9e2d47da4921b32f6bc507270d2b?quality=85&format=webp,https://www.lovethework.com/work/entries/black-records-771125,/awards/spikes_asia/2026/campaigns/black-records-bmsg-japanese-music-label-six-inc-2026/
Spikes Asia,2026,Brand Experience & Activation,brand-experience-activation,OREO MILKY WAY DUNK,OREO,LEO INDONESIA,Guerrilla Marketing & Stunts,Submitted,https://ascentialcdn.filespin.io/api/v1/conversion/d33c5d7be31741ed8374d2828c6a6c1a?quality=85&format=webp,https://www.lovethework.com/work/entries/oreo-milky-way-dunk-771051,/awards/spikes_asia/2026/campaigns/oreo-milky-way-dunk-oreo-leo-indonesia-2026-2/
Spikes Asia,2026,Brand Experience & Activation,brand-experience-activation,THE MACALLAN 360 EXPERIENCE,THE MACALLAN,EDRINGTON,Consumer Goods,Submitted,https://ascentialcdn.filespin.io/api/v1/conversion/972dd5a1a7204a7c82cfa5e8968d1430?quality=85&format=webp,https://www.lovethework.com/work/entries/the-macallan-360-experience-769619,/awards/spikes_asia/2026/campaigns/the-macallan-360-experience-the-macallan-edrington-2026/
Spikes Asia,2026,Brand Experience & Activation,brand-experience-activation,HEINEKEN TRUST BARS,HEINEKEN,LEPUB,Tech-led Brand Experience,Submitted,https://ascentialcdn.filespin.io/api/v1/conversion/b88a9669ca90417ebddf25d1e8cef9d7?quality=85&format=webp,https://www.lovethework.com/work/entries/heineken-trust-bars-773058,/awards/spikes_asia/2026/campaigns/heineken-trust-bars-heineken-lepub-2026-2/
Spikes Asia,2026,Brand Experience & Activation,brand-experience-activation,HONDA REST AREA,HONDA,TU7UH CREATIVE LAB,Single-market Campaign,Submitted,https://ascentialcdn.filespin.io/api/v1/storyboard/146c32eb54094a9f9a6fcf004dfb3f49/storyboard_000008.jpg?quality=85&format=webp,https://www.lovethework.com/work/entries/honda-rest-area-772888,/awards/spikes_asia/2026/campaigns/honda-rest-area-honda-tu7uh-creative-lab-2026-2/
Spikes Asia,2026,Brand Experience & Activation,brand-experience-activation,THE UNOFFICIAL OFFICIAL SOUND OF F1,STING,LEO,Consumer Goods,Submitted,https://ascentialcdn.filespin.io/api/v1/conversion/6c4f14e9c5e949e3b8460302dc1d5a96?quality=85&format=webp,https://www.lovethework.com/work/entries/the-unofficial-official-sound-of-f1-771307,/awards/spikes_asia/2026/campaigns/the-unofficial-official-sound-of-f1-sting-leo-2026-5/
Spikes Asia,2026,Brand Experience & Activation,brand-experience-activation,"CHIZZALULU CHIZZALALA, THE EDIBLE BRAINROT",KFC,BRILLIANT & MILLION,Social Behaviour,Submitted,https://ascentialcdn.filespin.io/api/v1/storyboard/44fabfa38809492f964ec1bf3ae48389/storyboard_000008.jpg?quality=85&format=webp,https://www.lovethework.com/work/entries/chizzalulu-chizzalala-the-edible-brainrot-772596,/awards/spikes_asia/2026/campaigns/chizzalulu-chizzalala-the-edible-brainrot-kfc-brilliant-and-million-2026/
Spikes Asia,2026,Brand Experience & Activation,brand-experience-activation,DANONE MIZONE+ ELECTROLYTE,MIZONE+ ELECTROLYTE,EDELMAN,Sponsorship & Brand Partnerships,Submitted,https://ascentialcdn.filespin.io/api/v1/conversion/98ecfc359e2d4cb09dfecc6e0965933e?quality=85&format=webp,https://www.lovethework.com/work/entries/danone-mizone-electrolyte-769885,/awards/spikes_asia/2026/campaigns/danone-mizone-electrolyte-mizone-electrolyte-edelman-2026/
Spikes Asia,2026,Brand Experience & Activation,brand-experience-activation,COMMUTER CAMO,KITKAT,VML,Single-market Campaign,Submitted,https://ascentialcdn.filespin.io/api/v1/conversion/d00cd4ed1ba547c59d22535e61aff327?quality=85&format=webp,https://www.lovethework.com/work/entries/commuter-camo-769893,/awards/spikes_asia/2026/campaigns/commuter-camo-kitkat-vml-2026-2/
Spikes Asia,2026,Brand Experience & Activation,brand-experience-activation,ALLIANCE BANK BIZSMART CHALLENGE: FROM BANKING PROGRAMME TO RECORD-BREAKING CINEMATIC BRAND EXPERIENCE,ALLIANCE BANK,AMPERSAND ADVISORY,Consumer Services/Business to Business,Submitted,https://ascentialcdn.filespin.io/api/v1/conversion/1160d97824c749e79e9ad496993fa83a?quality=85&format=webp,https://www.lovethework.com/work/entries/alliance-bank-bizsmart-challenge-from-banking-programme-to-record-breaking-cinematic-brand-experience-771023,/awards/spikes_asia/2026/campaigns/alliance-bank-bizsmart-challenge-from-banking-programme-to-record-breaking-cinematic-brand-experience-alliance-bank-ampe/
Spikes Asia,2026,Brand Experience & Activation,brand-experience-activation,ITC SUNFEAST DARK FANTASY - BIG FANTASIES,ITC LIMITED - SUNFEAST DARK FANTASY,IMPACT COMMUNICATIONS,Tech-led Brand Experience,Submitted,https://ascentialcdn.filespin.io/api/v1/conversion/d75e482888ab4beb837e5537d4367cbb?quality=85&format=webp,https://www.lovethework.com/work/entries/itc-sunfeast-dark-fantasy-big-fantasies-771439,/awards/spikes_asia/2026/campaigns/itc-sunfeast-dark-fantasy-big-fantasies-itc-limited-sunfeast-dark-fantasy-impact-communications-2026-2/
Spikes Asia,2026,Brand Experience & Activation,brand-experience-activation,FLIGHT PATTERNS,CEBU PACIFIC,OGILVY MANILA,Local Brand,Submitted,https://ascentialcdn.filespin.io/api/v1/storyboard/ebc2e999bbbb4f609939cfa0f5ce6bd2/storyboard_000008.jpg?quality=85&format=webp,https://www.lovethework.com/work/entries/flight-patterns-771358,/awards/spikes_asia/2026/campaigns/flight-patterns-cebu-pacific-ogilvy-manila-2026/
Spikes Asia,2026,Brand Experience & Activation,brand-experience-activation,"IF YOU CAN TAKE IT, IT'S YOURS",SELLEYS,HOWATSON AND COMPANY,Guerrilla Marketing & Stunts,Submitted,https://ascentialcdn.filespin.io/api/v1/conversion/3172e0d181524de5b6802f2aef3eff7a?quality=85&format=webp,https://www.lovethework.com/work/entries/if-you-can-take-it-its-yours-772600,/awards/spikes_asia/2026/campaigns/if-you-can-take-it-its-yours-selleys-howatson-and-company-2026/
Spikes Asia,2026,Brand Experience & Activation,brand-experience-activation,"IF YOU CAN TAKE IT, IT'S YOURS",SELLEYS,HOWATSON AND COMPANY,Consumer Goods,Submitted,https://ascentialcdn.filespin.io/api/v1/conversion/3172e0d181524de5b6802f2aef3eff7a?quality=85&format=webp,https://www.lovethework.com/work/entries/if-you-can-take-it-its-yours-770939,/awards/spikes_asia/2026/campaigns/if-you-can-take-it-its-yours-selleys-howatson-and-company-2026-2/
Spikes Asia,2026,Brand Experience & Activation,brand-experience-activation,AUDIBLE AT BANGALORE COMIC CON,AUDIBLE,OS STUDIOS,Live Brand Experience or Activation,Submitted,https://ascentialcdn.filespin.io/api/v1/conversion/7ba177140ffd42a2933f8795177ed3bb?quality=85&format=webp,https://www.lovethework.com/work/entries/audible-at-bangalore-comic-con-772887,/awards/spikes_asia/2026/campaigns/audible-at-bangalore-comic-con-audible-os-studios-2026/
Spikes Asia,2026,Brand Experience & Activation,brand-experience-activation,ESCAPE SIGNAL FIREWORKS,YAHOO,LY CORPORATION,Corporate Purpose & Social Responsibility,Submitted,https://ascentialcdn.filespin.io/api/v1/conversion/edd5fe0e6ca049d7b5030e0f776e3d1f?quality=85&format=webp,https://www.lovethework.com/work/entries/escape-signal-fireworks-769840,/awards/spikes_asia/2026/campaigns/escape-signal-fireworks-yahoo-ly-corporation-2026/
Spikes Asia,2026,Brand Experience & Activation,brand-experience-activation,MORNING JOY AT MCDONALD'S,MCDONALD'S,MCDONALDS,Single-market Campaign,Submitted,https://ascentialcdn.filespin.io/api/v1/storyboard/0d1b8ebc5b1744fd9a32992da8f36fd7/storyboard_000008.jpg?quality=85&format=webp,https://www.lovethework.com/work/entries/morning-joy-at-mcdonalds-769882,/awards/spikes_asia/2026/campaigns/morning-joy-at-mcdonalds-mcdonalds-mcdonalds-2026/
Spikes Asia,2026,Brand Experience & Activation,brand-experience-activation,SOIL STAY,TRA MONGKUT FERTILIZER,VML,Corporate Purpose & Social Responsibility,Submitted,https://ascentialcdn.filespin.io/api/v1/conversion/3dd80933e78246c78ac15475b435f03c?quality=85&format=webp,https://www.lovethework.com/work/entries/soil-stay-769901,/awards/spikes_asia/2026/campaigns/soil-stay-tra-mongkut-fertilizer-vml-2026/
Spikes Asia,2026,Brand Experience & Activation,brand-experience-activation,GUERLAIN×GQ CREATIVE WEEKEND 2025,GUERLAIN,GUERLAIN K.K.,Live Brand Experience or Activation,Submitted,https://ascentialcdn.filespin.io/api/v1/conversion/fed5950691ae41f897ff931dda1274a1?quality=85&format=webp,https://www.lovethework.com/work/entries/guerlaingq-creative-weekend-2025-769830,/awards/spikes_asia/2026/campaigns/guerlaingq-creative-weekend-2025-guerlain-guerlain-kk-2026/
Spikes Asia,2026,Brand Experience & Activation,brand-experience-activation,HAT-JACKING 711’S BIRTHDAY,TAIWAN FAMILYMART CO.,"LTD., HUMANOID SOCIAL MEDIA CONSULTING",Customer Retail/In-store Experience,Submitted,https://ascentialcdn.filespin.io/api/v1/conversion/66d9b27ee1314d51a10fe94de25e7de6?quality=85&format=webp,https://www.lovethework.com/work/entries/hat-jacking-711s-birthday-769829,/awards/spikes_asia/2026/campaigns/hat-jacking-711s-birthday-taiwan-familymart-co-ltd-humanoid-social-media-consulting-2026-2/
Spikes Asia,2026,Brand Experience & Activation,brand-experience-activation,KLOOK GO WILD WITH TRAVEL,KLOOK,GREY,Local Brand,Submitted,https://ascentialcdn.filespin.io/api/v1/conversion/89e4bfeaecb14b71aa36ebe8f95090e3?quality=85&format=webp,https://www.lovethework.com/work/entries/klook-go-wild-with-travel-770631,/awards/spikes_asia/2026/campaigns/klook-go-wild-with-travel-klook-grey-2026/
Spikes Asia,2026,Brand Experience & Activation,brand-experience-activation,HEARING 1945,BINGGRAE & THE MINISTRY OF PATRIOTS AND VETERANS AFFAIR,INNOCEAN,Cultural Engagement,Submitted,https://ascentialcdn.filespin.io/api/v1/conversion/183cbd8bcef44556bd724657555b1986?quality=85&format=webp,https://www.lovethework.com/work/entries/hearing-1945-770414,/awards/spikes_asia/2026/campaigns/hearing-1945-binggrae-and-the-ministry-of-patriots-and-veterans-affair-innocean-2026-5/
Spikes Asia,2026,Brand Experience & Activation,brand-experience-activation,NORWEGIAN SALMON IS ALWAYS RIGHT,SEAFOOD FROM NORWAY,BURSON KOREA,360 Integrated Brand Experience,Submitted,https://ascentialcdn.filespin.io/api/v1/conversion/eced83a40d2f4e0898a862c155bae8df?quality=85&format=webp,https://www.lovethework.com/work/entries/norwegian-salmon-is-always-right-771452,/awards/spikes_asia/2026/campaigns/norwegian-salmon-is-always-right-seafood-from-norway-burson-korea-2026/
Spikes Asia,2026,Brand Experience & Activation,brand-experience-activation,MORNING JOY AT MCDONALD'S,MCDONALD'S,MCDONALDS,"Travel, Leisure, Retail, Restaurants & Fast Food Chains",Submitted,https://ascentialcdn.filespin.io/api/v1/storyboard/0d1b8ebc5b1744fd9a32992da8f36fd7/storyboard_000008.jpg?quality=85&format=webp,https://www.lovethework.com/work/entries/morning-joy-at-mcdonalds-772875,/awards/spikes_asia/2026/campaigns/morning-joy-at-mcdonalds-mcdonalds-mcdonalds-2026-2/
Spikes Asia,2026,Brand Experience & Activation,brand-experience-activation,#SAVETOVOTEWITHMAYA,MAYA PHILIPPINES,"INC., DENTSU CREATIVE",Sponsorship & Brand Partnerships,Submitted,https://ascentialcdn.filespin.io/api/v1/conversion/a121f83352ff484697691549a5eba62c?quality=85&format=webp,https://www.lovethework.com/work/entries/savetovotewithmaya-771236,/awards/spikes_asia/2026/campaigns/savetovotewithmaya-maya-philippines-inc-dentsu-creative-2026/
Spikes Asia,2026,Brand Experience & Activation,brand-experience-activation,BEYOND PARTNERSHIP: HOW LSBF X GRAB EMBEDDED EDUCATION INTO THE GIG ECONOMY,LONDON SCHOOL OF BUSINESS AND FINANCE PTE LTD,LONDON SCHOOL OF BUSINESS & FINANCE (LSBF),Sponsorship & Brand Partnerships,Submitted,https://ascentialcdn.filespin.io/api/v1/conversion/75064ea9b573430a93fc09653007028d?quality=85&format=webp,https://www.lovethework.com/work/entries/beyond-partnership-how-lsbf-x-grab-embedded-education-into-the-gig-economy-771161,/awards/spikes_asia/2026/campaigns/beyond-partnership-how-lsbf-x-grab-embedded-education-into-the-gig-economy-london-school-of-business-and-finance-pte-ltd/
Spikes Asia,2026,Brand Experience & Activation,brand-experience-activation,THE SHAKE EXPRESS,BOLD84,"HAPPINESS, AN FCB ALLIANCE",Launch/Relaunch,Submitted,https://ascentialcdn.filespin.io/api/v1/conversion/4d92a3ab314c44f08123355fbb7aa7e7?quality=85&format=webp,https://www.lovethework.com/work/entries/the-shake-express-771181,/awards/spikes_asia/2026/campaigns/the-shake-express-bold84-happiness-an-fcb-alliance-2026/
Spikes Asia,2026,Brand Experience & Activation,brand-experience-activation,TASTO EMOTIONS-CHIPS,TASTO,CJ WORX,Customer Retail/In-store Experience,Submitted,https://ascentialcdn.filespin.io/api/v1/storyboard/ade20e7411e746ad8d1038278186d76c/storyboard_000008.jpg?quality=85&format=webp,https://www.lovethework.com/work/entries/tasto-emotions-chips-769838,/awards/spikes_asia/2026/campaigns/tasto-emotions-chips-tasto-cj-worx-2026/
Spikes Asia,2026,Brand Experience & Activation,brand-experience-activation,CATTLE MANDIS (CATTLE MARKETS),JAZZCASH RAAST QR,FISHBOWL,Use of Mobile & Devices,Submitted,https://ascentialcdn.filespin.io/api/v1/conversion/39a3574b9c7f4e22808f428befee8442?quality=85&format=webp,https://www.lovethework.com/work/entries/cattle-mandis-cattle-markets-769859,/awards/spikes_asia/2026/campaigns/cattle-mandis-cattle-markets-jazzcash-raast-qr-fishbowl-2026/
Spikes Asia,2026,Brand Experience & Activation,brand-experience-activation,UJJIVAN SMALL FINANCE BANK - SOUND OF DIWALI,UJJIVAN SMALL FINANCE BANK,IMPACT COMMUNICATIONS,Corporate Purpose & Social Responsibility,Submitted,https://ascentialcdn.filespin.io/api/v1/conversion/1a7a06e9be9c4f5287599fd611a2323a?quality=85&format=webp,https://www.lovethework.com/work/entries/ujjivan-small-finance-bank-sound-of-diwali-770839,/awards/spikes_asia/2026/campaigns/ujjivan-small-finance-bank-sound-of-diwali-ujjivan-small-finance-bank-impact-communications-2026/
Spikes Asia,2026,Brand Experience & Activation,brand-experience-activation,"TIGER X ANCHOR FOAM SPLASH FESTIVAL: WHEN YOU CAN'T AFFORD THE STARS, LET THE CROWD SHINE",TIGER & ANCHOR,IDEAFACTORY ADVERTISING,Breakthrough on a Budget,Submitted,https://ascentialcdn.filespin.io/api/v1/conversion/2990cdfd014c4b08bc52b3b1c79ce1d8?quality=85&format=webp,https://www.lovethework.com/work/entries/tiger-x-anchor-foam-splash-festival-when-you-cant-afford-the-stars-let-the-crowd-shine-769884,/awards/spikes_asia/2026/campaigns/tiger-x-anchor-foam-splash-festival-when-you-cant-afford-the-stars-let-the-crowd-shine-tiger-and-anchor-ideafactory-adve/
Spikes Asia,2026,Brand Experience & Activation,brand-experience-activation,AUTUMN INSIDE,CHAGEE,CHAGEE,Live Brand Experience or Activation,Submitted,https://ascentialcdn.filespin.io/api/v1/conversion/cce4dc83cadc4f3d9836da4fddbe02f1?quality=85&format=webp,https://www.lovethework.com/work/entries/autumn-inside-769837,/awards/spikes_asia/2026/campaigns/autumn-inside-chagee-chagee-2026/
Spikes Asia,2026,Brand Experience & Activation,brand-experience-activation,AUDIBLE AT BANGALORE COMIC CON,AUDIBLE,OS STUDIOS,Tech-led Brand Experience,Submitted,https://ascentialcdn.filespin.io/api/v1/conversion/dc39df429bff469ab47a18f26d790d94?quality=85&format=webp,https://www.lovethework.com/work/entries/audible-at-bangalore-comic-con-772882,/awards/spikes_asia/2026/campaigns/audible-at-bangalore-comic-con-audible-os-studios-2026-2/
Spikes Asia,2026,Brand Experience & Activation,brand-experience-activation,PROTECT WHAT MATTERS WITH CERTIS SAFE DEPOSIT BOX,SAFE DEPOSIT BOX BY CERTIS,CERTIS,Consumer Services/Business to Business,Submitted,https://ascentialcdn.filespin.io/api/v1/conversion/2db8803f81904a67b618aa8d380eb2fc?quality=85&format=webp,https://www.lovethework.com/work/entries/protect-what-matters-with-certis-safe-deposit-box-771202,/awards/spikes_asia/2026/campaigns/protect-what-matters-with-certis-safe-deposit-box-safe-deposit-box-by-certis-certis-2026/
Spikes Asia,2026,Brand Experience & Activation,brand-experience-activation,SHELL INTERNATIONAL DAY OF SIGN LANGUAGE,SHELL INDIA,HAVAS PLAY,Cultural Engagement,Submitted,https://ascentialcdn.filespin.io/api/v1/conversion/7a8a8b15f12e411fa35750f570d409c3?quality=85&format=webp,https://www.lovethework.com/work/entries/shell-international-day-of-sign-language-769892,/awards/spikes_asia/2026/campaigns/shell-international-day-of-sign-language-shell-india-havas-play-2026/
Spikes Asia,2026,Brand Experience & Activation,brand-experience-activation,THE YANGZHOU QIAO BEI MUSICAL SUITE,YANGZHOU MUNICIPAL BUREAU OF CULTURE,"RADIO, TV AND TOURISM, CHINA, TBWA\CHINA",Cultural Engagement,Submitted,https://ascentialcdn.filespin.io/api/v1/storyboard/1f135cdf159e4774ada476064b2c0ce9/storyboard_000008.jpg?quality=85&format=webp,https://www.lovethework.com/work/entries/the-yangzhou-qiao-bei-musical-suite-769887,/awards/spikes_asia/2026/campaigns/the-yangzhou-qiao-bei-musical-suite-yangzhou-municipal-bureau-of-culture-radio-tv-and-tourism-china-tbwachina-2026-2/
Spikes Asia,2026,Brand Experience & Activation,brand-experience-activation,MAXIM GAOK: WHERE COFFEE SLOWS DOWN,DONG SUH FOODS CORP.,CHEIL WORLDWIDE,Customer Acquisition & Retention,Submitted,https://ascentialcdn.filespin.io/api/v1/conversion/834109901b2149f09afcc3a30d5e7851?quality=85&format=webp,https://www.lovethework.com/work/entries/maxim-gaok-where-coffee-slows-down-769890,/awards/spikes_asia/2026/campaigns/maxim-gaok-where-coffee-slows-down-dong-suh-foods-corp-cheil-worldwide-2026/
Spikes Asia,2026,Brand Experience & Activation,brand-experience-activation,STING RESTINATION,STING,LEO,Social Behaviour,Submitted,https://ascentialcdn.filespin.io/api/v1/conversion/98e40ad5cc4f4a78a813325ce2924e8f?quality=85&format=webp,https://www.lovethework.com/work/entries/sting-restination-772890,/awards/spikes_asia/2026/campaigns/sting-restination-sting-leo-2026/
Spikes Asia,2026,Brand Experience & Activation,brand-experience-activation,THE MARKED CUP,MAXIM,INNORED,Social Behaviour,Submitted,https://ascentialcdn.filespin.io/api/v1/storyboard/a1e3eeb10dea46b9b92e0da3c0c9fa41/storyboard_000008.jpg?quality=85&format=webp,https://www.lovethework.com/work/entries/the-marked-cup-769856,/awards/spikes_asia/2026/campaigns/the-marked-cup-maxim-innored-2026/
Spikes Asia,2026,Brand Experience & Activation,brand-experience-activation,THE PULL OUT GAME GAME,DUREX,BLKJ HAVAS,Gaming-Led Brand Experience,Submitted,https://ascentialcdn.filespin.io/api/v1/conversion/79467a3df61b4e33b3f383c97bb20032?quality=85&format=webp,https://www.lovethework.com/work/entries/the-pull-out-game-game-770761,/awards/spikes_asia/2026/campaigns/the-pull-out-game-game-durex-blkj-havas-2026/
Spikes Asia,2026,Brand Experience & Activation,brand-experience-activation,LUX RECLAIM HER NAME,LUX,VML,Use of Mobile & Devices,Submitted,https://ascentialcdn.filespin.io/api/v1/conversion/4db28111cecf4965bea93e5376b230d4?quality=85&format=webp,https://www.lovethework.com/work/entries/lux-reclaim-her-name-769849,/awards/spikes_asia/2026/campaigns/lux-reclaim-her-name-lux-vml-2026/
Spikes Asia,2026,Brand Experience & Activation,brand-experience-activation,CAN'T AFFORD TO PAUSE,KBANK,ADQUA INTERACTIVE,Corporate Purpose & Social Responsibility,Submitted,https://ascentialcdn.filespin.io/api/v1/conversion/eae3191806584afea136fd6b112fc641?quality=85&format=webp,https://www.lovethework.com/work/entries/cant-afford-to-pause-770650,/awards/spikes_asia/2026/campaigns/cant-afford-to-pause-kbank-adqua-interactive-2026-2/
Spikes Asia,2026,Brand Experience & Activation,brand-experience-activation,HOKUSAI:ANOTHER STORY,HOKUSAI:ANOTHER STORY,GEEK PICTURES,New Realities & Emerging Tech,Submitted,https://ascentialcdn.filespin.io/api/v1/conversion/58f4f592ccf74aa1b81dcca314609b53?quality=85&format=webp,https://www.lovethework.com/work/entries/hokusaianother-story-769899,/awards/spikes_asia/2026/campaigns/hokusaianother-story-hokusaianother-story-geek-pictures-2026/
Spikes Asia,2026,Brand Experience & Activation,brand-experience-activation,HOKUSAI:ANOTHER STORY,HOKUSAI:ANOTHER STORY,GEEK PICTURES,Digital Installations,Submitted,https://ascentialcdn.filespin.io/api/v1/conversion/58f4f592ccf74aa1b81dcca314609b53?quality=85&format=webp,https://www.lovethework.com/work/entries/hokusaianother-story-772881,/awards/spikes_asia/2026/campaigns/hokusaianother-story-hokusaianother-story-geek-pictures-2026-2/
Spikes Asia,2026,Brand Experience & Activation,brand-experience-activation,SLEEPING WITH GIANT,NELL,DENTSU INC.,Social Behaviour,Submitted,https://ascentialcdn.filespin.io/api/v1/conversion/75fa6db090b841f48e8b38b3a8e8d973?quality=85&format=webp,https://www.lovethework.com/work/entries/sleeping-with-giant-769774,/awards/spikes_asia/2026/campaigns/sleeping-with-giant-nell-dentsu-inc-2026/
Spikes Asia,2026,Brand Experience & Activation,brand-experience-activation,STREAMING OUT LOUD,KUAISHOU,TOPIC & LOONG,Customer Acquisition & Retention,Submitted,https://ascentialcdn.filespin.io/api/v1/conversion/a8849a17e8a54ea6b7f67ab3f916654c?quality=85&format=webp,https://www.lovethework.com/work/entries/streaming-out-loud-770864,/awards/spikes_asia/2026/campaigns/streaming-out-loud-kuaishou-topic-and-loong-2026/
Spikes Asia,2026,Brand Experience & Activation,brand-experience-activation,KOKUYO - CURIOSITY IS LIFE,KOKUYO CO.,"LTD., KOKUYO",Use of Website/Microsites,Submitted,https://ascentialcdn.filespin.io/api/v1/conversion/08164032cac644ccbaf0a166c6a3e479?quality=85&format=webp,https://www.lovethework.com/work/entries/kokuyo-curiosity-is-life-769865,/awards/spikes_asia/2026/campaigns/kokuyo-curiosity-is-life-kokuyo-co-ltd-kokuyo-2026/
Spikes Asia,2026,Brand Experience & Activation,brand-experience-activation,MOBIHOME,Mobihome,MOBICOM,Challenger Brand,Submitted,https://ascentialcdn.filespin.io/api/v1/conversion/d0ceba309e104352a825a252c4c29e17?quality=85&format=webp,https://www.lovethework.com/work/entries/mobihome-769860,/awards/spikes_asia/2026/campaigns/mobihome-mobihome-mobicom-2026/
Spikes Asia,2026,Brand Experience & Activation,brand-experience-activation,LA VIE - FROM A SIP TO A HOLISTIC MENTAL WELLBEING OF VIETNAM,LA VIE,THE PURPOSE GROUP,360 Integrated Brand Experience,Submitted,https://ascentialcdn.filespin.io/api/v1/conversion/13b9844f80964dc6987e06b12de890f8?quality=85&format=webp,https://www.lovethework.com/work/entries/la-vie-from-a-sip-to-a-holistic-mental-wellbeing-of-vietnam-771300,/awards/spikes_asia/2026/campaigns/la-vie-from-a-sip-to-a-holistic-mental-wellbeing-of-vietnam-la-vie-the-purpose-group-2026/
Spikes Asia,2026,Brand Experience & Activation,brand-experience-activation,THE NUTELLA EXPRESS,NUTELLA,FERRERO ASIA,Consumer Goods,Submitted,https://ascentialcdn.filespin.io/api/v1/conversion/c344f88ecc5b4038afd30ab2f65de665?quality=85&format=webp,https://www.lovethework.com/work/entries/the-nutella-express-769625,/awards/spikes_asia/2026/campaigns/the-nutella-express-nutella-ferrero-asia-2026/
Spikes Asia,2026,Brand Experience & Activation,brand-experience-activation,THING IN SEOUL,NETFLIX SERVICES KOREA,CHEIL WORLDWIDE,Single-market Campaign,Submitted,https://ascentialcdn.filespin.io/api/v1/conversion/1646351185e74476a876fa5602a6f18b?quality=85&format=webp,https://www.lovethework.com/work/entries/thing-in-seoul-769888,/awards/spikes_asia/2026/campaigns/thing-in-seoul-netflix-services-korea-cheil-worldwide-2026-2/
Spikes Asia,2026,Brand Experience & Activation,brand-experience-activation,GARUDA RAKSHAK,DSP MUTUAL FUNDS,DENTSU CREATIVE,Tech-led Brand Experience,Submitted,https://ascentialcdn.filespin.io/api/v1/conversion/89bc4fc4a633468194b5cba46a8d4ffc?quality=85&format=webp,https://www.lovethework.com/work/entries/garuda-rakshak-769814,/awards/spikes_asia/2026/campaigns/garuda-rakshak-dsp-mutual-funds-dentsu-creative-2026-2/
Spikes Asia,2026,Brand Experience & Activation,brand-experience-activation,MOGU MOGU TOWN,OTSUKA,DENTSU INC.,Healthcare,Submitted,https://ascentialcdn.filespin.io/api/v1/conversion/fad06e097ec24232820774091736cc43?quality=85&format=webp,https://www.lovethework.com/work/entries/mogu-mogu-town-769635,/awards/spikes_asia/2026/campaigns/mogu-mogu-town-otsuka-dentsu-inc-2026/
Spikes Asia,2026,Brand Experience & Activation,brand-experience-activation,COMMUTER CAMO,KITKAT,VML,Social Behaviour,Submitted,https://ascentialcdn.filespin.io/api/v1/conversion/d00cd4ed1ba547c59d22535e61aff327?quality=85&format=webp,https://www.lovethework.com/work/entries/commuter-camo-772593,/awards/spikes_asia/2026/campaigns/commuter-camo-kitkat-vml-2026-3/
Spikes Asia,2026,Brand Experience & Activation,brand-experience-activation,EMPTY BUT THE FULLEST LUNCHBOX,UNICEF,DAEHONG COMMUNICATIONS,Not-for-profit / Charity / Government,Submitted,https://ascentialcdn.filespin.io/api/v1/conversion/50355156be604a1eb6b709d191f40153?quality=85&format=webp,https://www.lovethework.com/work/entries/empty-but-the-fullest-lunchbox-769810,/awards/spikes_asia/2026/campaigns/empty-but-the-fullest-lunchbox-unicef-daehong-communications-2026/
Spikes Asia,2026,Brand Experience & Activation,brand-experience-activation,DESTINATION IN A CUP,SCOOT,SCOOT,Live Brand Experience or Activation,Submitted,https://ascentialcdn.filespin.io/api/v1/conversion/3e4bb5dbf1c04b7b9815a4889ca9787d?quality=85&format=webp,https://www.lovethework.com/work/entries/destination-in-a-cup-770805,/awards/spikes_asia/2026/campaigns/destination-in-a-cup-scoot-scoot-2026/
Spikes Asia,2026,Brand Experience & Activation,brand-experience-activation,NATIONAL UNFRIED CHICKEN DAY,KFC THAILAND,BRILLIANT & MILLION,"Travel, Leisure, Retail, Restaurants & Fast Food Chains",Submitted,https://ascentialcdn.filespin.io/api/v1/conversion/510c69c970724aae93d67c9cda917993?quality=85&format=webp,https://www.lovethework.com/work/entries/national-unfried-chicken-day-772877,/awards/spikes_asia/2026/campaigns/national-unfried-chicken-day-kfc-thailand-brilliant-and-million-2026/
Spikes Asia,2026,Brand Experience & Activation,brand-experience-activation,LEGO YELLOW HOUSE,LEGO,OUR LEGO AGENCY,Launch/Relaunch,Submitted,https://ascentialcdn.filespin.io/api/v1/conversion/5ddbe38e5c1540419251381ffa304576?quality=85&format=webp,https://www.lovethework.com/work/entries/lego-yellow-house-769793,/awards/spikes_asia/2026/campaigns/lego-yellow-house-lego-our-lego-agency-2026-2/
Spikes Asia,2026,Brand Experience & Activation,brand-experience-activation,HAIRISM,DAEDAMO,DAEDAMO,Tech-led Brand Experience,Submitted,https://ascentialcdn.filespin.io/api/v1/conversion/e9e4edc4f48946ed923119cde0a56371?quality=85&format=webp,https://www.lovethework.com/work/entries/hairism-772989,/awards/spikes_asia/2026/campaigns/hairism-daedamo-daedamo-2026/
Spikes Asia,2026,Brand Experience & Activation,brand-experience-activation,GAMERS ON DUTY,LENOVO,LEO,Gaming-Led Brand Experience,Submitted,https://ascentialcdn.filespin.io/api/v1/conversion/6756b104632a4778a34700b1371cfacf?quality=85&format=webp,https://www.lovethework.com/work/entries/gamers-on-duty-771152,/awards/spikes_asia/2026/campaigns/gamers-on-duty-lenovo-leo-2026/
Spikes Asia,2026,Brand Experience & Activation,brand-experience-activation,ADANI - SEVA HI SAADHNA HAI,ADANI GROUP,DENTSU CREATIVE INDIA,Corporate Purpose & Social Responsibility,Submitted,https://ascentialcdn.filespin.io/api/v1/conversion/91c0b3bd90ca4027acdb6c48b2bfd8d5?quality=85&format=webp,https://www.lovethework.com/work/entries/adani-seva-hi-saadhna-hai-771460,/awards/spikes_asia/2026/campaigns/adani-seva-hi-saadhna-hai-adani-group-dentsu-creative-india-2026/
Spikes Asia,2026,Brand Experience & Activation,brand-experience-activation,DISCOVER THE LYCHEE ROAD WITH RENAISSANCE,RENAISSANCE HOTELS,MARRIOTT INTERNATIONAL,360 Integrated Brand Experience,Submitted,https://ascentialcdn.filespin.io/api/v1/conversion/b57377aef7b04ed3bef17f693e1b86c0?quality=85&format=webp,https://www.lovethework.com/work/entries/discover-the-lychee-road-with-renaissance-769828,/awards/spikes_asia/2026/campaigns/discover-the-lychee-road-with-renaissance-renaissance-hotels-marriott-international-2026/
Spikes Asia,2026,Brand Experience & Activation,brand-experience-activation,RENAULT KIGER GAMING OOH,RENAULT,SAATCHI & SAATCHI INDIA,Gaming-Led Brand Experience,Submitted,https://ascentialcdn.filespin.io/api/v1/conversion/2866804336034b4c80c8502a7f580aa5?quality=85&format=webp,https://www.lovethework.com/work/entries/renault-kiger-gaming-ooh-770431,/awards/spikes_asia/2026/campaigns/renault-kiger-gaming-ooh-renault-saatchi-and-saatchi-india-2026/
Spikes Asia,2026,Brand Experience & Activation,brand-experience-activation,GAMERS ON DUTY,LENOVO,LEO,Guerrilla Marketing & Stunts,Submitted,https://ascentialcdn.filespin.io/api/v1/conversion/6756b104632a4778a34700b1371cfacf?quality=85&format=webp,https://www.lovethework.com/work/entries/gamers-on-duty-771149,/awards/spikes_asia/2026/campaigns/gamers-on-duty-lenovo-leo-2026-2/
Spikes Asia,2026,Brand Experience & Activation,brand-experience-activation,FANS FRIES MEAL,MCDONALD’S MALAYSIA,LEO,Retail Promotions & Competitions,Submitted,https://ascentialcdn.filespin.io/api/v1/conversion/55a3de75a62448068d4eba6a4c600c47?quality=85&format=webp,https://www.lovethework.com/work/entries/fans-fries-meal-770946,/awards/spikes_asia/2026/campaigns/fans-fries-meal-mcdonalds-malaysia-leo-2026/
Spikes Asia,2026,Brand Experience & Activation,brand-experience-activation,LA VIE - FROM A SIP TO A HOLISTIC MENTAL WELLBEING OF VIETNAM,LA VIE,THE PURPOSE GROUP,Local Brand,Submitted,https://ascentialcdn.filespin.io/api/v1/conversion/13b9844f80964dc6987e06b12de890f8?quality=85&format=webp,https://www.lovethework.com/work/entries/la-vie-from-a-sip-to-a-holistic-mental-wellbeing-of-vietnam-771312,/awards/spikes_asia/2026/campaigns/la-vie-from-a-sip-to-a-holistic-mental-wellbeing-of-vietnam-la-vie-the-purpose-group-2026-2/
Spikes Asia,2026,Brand Experience & Activation,brand-experience-activation,AUTUMN INSIDE,CHAGEE,CHAGEE,Cultural Engagement,Submitted,https://ascentialcdn.filespin.io/api/v1/conversion/cce4dc83cadc4f3d9836da4fddbe02f1?quality=85&format=webp,https://www.lovethework.com/work/entries/autumn-inside-769903,/awards/spikes_asia/2026/campaigns/autumn-inside-chagee-chagee-2026-2/
Spikes Asia,2026,Brand Experience & Activation,brand-experience-activation,PRAYKINSON,VAJIRA HOSPITAL,DENTSU CREATIVE THAILAND,Use of Mobile & Devices,Submitted,https://ascentialcdn.filespin.io/api/v1/conversion/d496c4ecac7b4412a1c8a65cf26a28b7?quality=85&format=webp,https://www.lovethework.com/work/entries/praykinson-769818,/awards/spikes_asia/2026/campaigns/praykinson-vajira-hospital-dentsu-creative-thailand-2026-4/
Spikes Asia,2026,Brand Experience & Activation,brand-experience-activation,"CHIZZALULU CHIZZALALA, THE EDIBLE BRAINROT",KFC,BRILLIANT & MILLION,Launch/Relaunch,Submitted,https://ascentialcdn.filespin.io/api/v1/storyboard/44fabfa38809492f964ec1bf3ae48389/storyboard_000008.jpg?quality=85&format=webp,https://www.lovethework.com/work/entries/chizzalulu-chizzalala-the-edible-brainrot-769786,/awards/spikes_asia/2026/campaigns/chizzalulu-chizzalala-the-edible-brainrot-kfc-brilliant-and-million-2026-2/
Spikes Asia,2026,Brand Experience & Activation,brand-experience-activation,EK TARA,TITAN EYE PLUS,OGILVY,Healthcare,Submitted,https://ascentialcdn.filespin.io/api/v1/conversion/9e2408599a22494a916b326351754a5b?quality=85&format=webp,https://www.lovethework.com/work/entries/ek-tara-771013,/awards/spikes_asia/2026/campaigns/ek-tara-titan-eye-plus-ogilvy-2026/
Spikes Asia,2026,Brand Experience & Activation,brand-experience-activation,THE PULL OUT GAME GAME,DUREX,BLKJ HAVAS,Healthcare,Submitted,https://ascentialcdn.filespin.io/api/v1/conversion/d39ba02cb7904758886b039201e5b17d?quality=85&format=webp,https://www.lovethework.com/work/entries/the-pull-out-game-game-770723,/awards/spikes_asia/2026/campaigns/the-pull-out-game-game-durex-blkj-havas-2026-2/
Spikes Asia,2026,Brand Experience & Activation,brand-experience-activation,GQ PRO MED SCRUBS,GQ APPAREL,ACCENTURE SONG,Challenger Brand,Submitted,https://ascentialcdn.filespin.io/api/v1/storyboard/8d1f5f54d4344c10b300117bbd0991e6/storyboard_000008.jpg?quality=85&format=webp,https://www.lovethework.com/work/entries/gq-pro-med-scrubs-769853,/awards/spikes_asia/2026/campaigns/gq-pro-med-scrubs-gq-apparel-accenture-song-2026/
Spikes Asia,2026,Brand Experience & Activation,brand-experience-activation,REBOOTING IKENAI TAIYO,ORANGE RANGE,SONY MUSIC ENTERTAINMENT,Cultural Engagement,Submitted,https://ascentialcdn.filespin.io/api/v1/conversion/5224a4e77b864b87abb044499f24cce2?quality=85&format=webp,https://www.lovethework.com/work/entries/rebooting-ikenai-taiyo-769910,/awards/spikes_asia/2026/campaigns/rebooting-ikenai-taiyo-orange-range-sony-music-entertainment-2026/
Spikes Asia,2026,Brand Experience & Activation,brand-experience-activation,BEAUTY INSIDE OUT,L'OREAL GROUPE,McCANN,Corporate Purpose & Social Responsibility,Submitted,https://ascentialcdn.filespin.io/api/v1/conversion/68fd840aca784738b9aaa0f041792cfa?quality=85&format=webp,https://www.lovethework.com/work/entries/beauty-inside-out-772894,/awards/spikes_asia/2026/campaigns/beauty-inside-out-loreal-groupe-mccann-2026/
Spikes Asia,2026,Brand Experience & Activation,brand-experience-activation,TIMELESS RELIABLE,HONDA MOTORCYCLE,DENTSU CREATIVE,Use of Website/Microsites,Submitted,https://ascentialcdn.filespin.io/api/v1/conversion/4bca7fe42a024d1bbc963194acc9aee8?quality=85&format=webp,https://www.lovethework.com/work/entries/timeless-reliable-771033,/awards/spikes_asia/2026/campaigns/timeless-reliable-honda-motorcycle-dentsu-creative-2026/
Spikes Asia,2026,Brand Experience & Activation,brand-experience-activation,BEST AFTER 2055,TAKAMATSU CITY,SHISEIDO CREATIVE,Not-for-profit / Charity / Government,Submitted,https://ascentialcdn.filespin.io/api/v1/conversion/fe2abe1fa4ad48898f91c095aac86250?quality=85&format=webp,https://www.lovethework.com/work/entries/best-after-2055-769801,/awards/spikes_asia/2026/campaigns/best-after-2055-takamatsu-city-shiseido-creative-2026-2/
Spikes Asia,2026,Brand Experience & Activation,brand-experience-activation,"ONE WORLD, ONE PLANET",EXPO 2025 OSAKA,"KANSAI, JAPAN, SIGNING",Tech-led Brand Experience,Submitted,https://ascentialcdn.filespin.io/api/v1/conversion/4caf8d390afd4e1298808c28a9bf6402?quality=85&format=webp,https://www.lovethework.com/work/entries/one-world-one-planet-771174,/awards/spikes_asia/2026/campaigns/one-world-one-planet-expo-2025-osaka-kansai-japan-signing-2026/
Spikes Asia,2026,Brand Experience & Activation,brand-experience-activation,PRAYKINSON,VAJIRA HOSPITAL,DENTSU CREATIVE THAILAND,Cultural Engagement,Submitted,https://ascentialcdn.filespin.io/api/v1/conversion/d496c4ecac7b4412a1c8a65cf26a28b7?quality=85&format=webp,https://www.lovethework.com/work/entries/praykinson-772895,/awards/spikes_asia/2026/campaigns/praykinson-vajira-hospital-dentsu-creative-thailand-2026-5/
Spikes Asia,2026,Brand Experience & Activation,brand-experience-activation,UNIQLO PUFFTECH INTEGRATED CAMPAIGN,UNIQLO,1000HEADS,360 Integrated Brand Experience,Submitted,https://ascentialcdn.filespin.io/api/v1/conversion/3e9a60bb31f34ae4a8631f8ae76c1432?quality=85&format=webp,https://www.lovethework.com/work/entries/uniqlo-pufftech-integrated-campaign-771365,/awards/spikes_asia/2026/campaigns/uniqlo-pufftech-integrated-campaign-uniqlo-1000heads-2026/
Spikes Asia,2026,Brand Experience & Activation,brand-experience-activation,BANNER AD CHANGEROOM,THE ICONIC,DENTSU CREATIVE,Customer Retail/In-store Experience,Submitted,https://ascentialcdn.filespin.io/api/v1/conversion/0d30bc87031c4aeca5d86f73fb1acec5?quality=85&format=webp,https://www.lovethework.com/work/entries/banner-ad-changeroom-771489,/awards/spikes_asia/2026/campaigns/banner-ad-changeroom-the-iconic-dentsu-creative-2026/
Spikes Asia,2026,Brand Experience & Activation,brand-experience-activation,"“TOSHINDAI NO TOSHIN” INVESTING, JUST AS YOU ARE",SAISON ASSET MANAGEMENT CO.,"LTD, ARMZ",Consumer Services/Business to Business,Submitted,https://ascentialcdn.filespin.io/api/v1/conversion/b2955bc2e18d4a148e3d081f9ead6c76?quality=85&format=webp,https://www.lovethework.com/work/entries/toshindai-no-toshin-investing-just-as-you-are-772878,/awards/spikes_asia/2026/campaigns/toshindai-no-toshin-investing-just-as-you-are-saison-asset-management-co-ltd-armz-2026/
Spikes Asia,2026,Brand Experience & Activation,brand-experience-activation,FIRST CHAPTER CLUB,AUDIBLE INDIA,DEADANT MEDIA,Media/Entertainment,Submitted,https://ascentialcdn.filespin.io/api/v1/conversion/cb09f388be73402a9ca608330e951930?quality=85&format=webp,https://www.lovethework.com/work/entries/first-chapter-club-771366,/awards/spikes_asia/2026/campaigns/first-chapter-club-audible-india-deadant-media-2026-6/
Spikes Asia,2026,Brand Experience & Activation,brand-experience-activation,KISAH KASIH IBU APPLECRUMBY (STORY OF A MOTHER'S LOVE),APPLECRUMBY,KINGDOM DIGITAL SOLUTION,360 Integrated Brand Experience,Submitted,https://ascentialcdn.filespin.io/api/v1/conversion/bf9fe2783e7946cca47364c82298a874?quality=85&format=webp,https://www.lovethework.com/work/entries/kisah-kasih-ibu-applecrumby-story-of-a-mothers-love-769823,/awards/spikes_asia/2026/campaigns/kisah-kasih-ibu-applecrumby-story-of-a-mothers-love-applecrumby-kingdom-digital-solution-2026/
Spikes Asia,2026,Brand Experience & Activation,brand-experience-activation,POCKY STREAKZONE,GLICO PHILIPPINES,DENTSU CREATIVE,Gaming-Led Brand Experience,Submitted,https://ascentialcdn.filespin.io/api/v1/conversion/139b7cae3ed6483e8ddb0081c0fcd6fd?quality=85&format=webp,https://www.lovethework.com/work/entries/pocky-streakzone-771039,/awards/spikes_asia/2026/campaigns/pocky-streakzone-glico-philippines-dentsu-creative-2026/
Spikes Asia,2026,Brand Experience & Activation,brand-experience-activation,THE AIR POLLUTION JERSEY,LAMPHUN WARRIORS F.C. AND NORTHERN THAILAND BREATHE COUNCIL,FLASH BOMBER,Live Brand Experience or Activation,Submitted,https://ascentialcdn.filespin.io/api/v1/conversion/d99cd27265a04d4d9eb54ca7b55e2217?quality=85&format=webp,https://www.lovethework.com/work/entries/the-air-pollution-jersey-769769,/awards/spikes_asia/2026/campaigns/the-air-pollution-jersey-lamphun-warriors-fc-and-northern-thailand-breathe-council-flash-bomber-2026/
Spikes Asia,2026,Brand Experience & Activation,brand-experience-activation,AUNTIE'S WORDS,TINDER JAPAN,FIELD MANAGEMENT EXPAND INC.,Social Behaviour,Submitted,https://ascentialcdn.filespin.io/api/v1/conversion/bcbb737104b349dcb1f16c8ef8eb7102?quality=85&format=webp,https://www.lovethework.com/work/entries/aunties-words-769834,/awards/spikes_asia/2026/campaigns/aunties-words-tinder-japan-field-management-expand-inc-2026/
Spikes Asia,2026,Brand Experience & Activation,brand-experience-activation,THE LOCAL LIVING I.P. THAT RECONNECTED VIETNAMESE FAMILIES,SUNDATE,FLAVA LIVE JSC,Local Brand,Submitted,https://ascentialcdn.filespin.io/api/v1/conversion/88b87928474b4a1b81a0517fdf61ec6f?quality=85&format=webp,https://www.lovethework.com/work/entries/the-local-living-ip-that-reconnected-vietnamese-families-771247,/awards/spikes_asia/2026/campaigns/the-local-living-ip-that-reconnected-vietnamese-families-sundate-flava-live-jsc-2026/
Spikes Asia,2026,Brand Experience & Activation,brand-experience-activation,CLEAR 100 - THE SCALP SURVIVOR,CLEAR,DUDE DIGITAL,Gaming-Led Brand Experience,Submitted,https://ascentialcdn.filespin.io/api/v1/conversion/8e0fb608566c4836bf46438213f03c30?quality=85&format=webp,https://www.lovethework.com/work/entries/clear-100-the-scalp-survivor-769776,/awards/spikes_asia/2026/campaigns/clear-100-the-scalp-survivor-clear-dude-digital-2026/
Spikes Asia,2026,Brand Experience & Activation,brand-experience-activation,SO-SO SPINS TOKYO,BOSS,VML OGILVY JAPAN,Single-market Campaign,Submitted,https://ascentialcdn.filespin.io/api/v1/conversion/c3553da2e89f419f8e4f8e1383951542?quality=85&format=webp,https://www.lovethework.com/work/entries/so-so-spins-tokyo-769869,/awards/spikes_asia/2026/campaigns/so-so-spins-tokyo-boss-vml-ogilvy-japan-2026-3/
Spikes Asia,2026,Brand Experience & Activation,brand-experience-activation,MISS EATIE,MCDONALD’S,GEEK PICTURES,"Travel, Leisure, Retail, Restaurants & Fast Food Chains",Submitted,https://ascentialcdn.filespin.io/api/v1/conversion/a97ee1a79f784a90be7f02bb6c614e51?quality=85&format=webp,https://www.lovethework.com/work/entries/miss-eatie-770668,/awards/spikes_asia/2026/campaigns/miss-eatie-mcdonalds-geek-pictures-2026/
Spikes Asia,2026,Brand Experience & Activation,brand-experience-activation,HEINEKEN® SILVER SURPRISINGLY SMOOTH LAUNCH: THE SMOOTHEST LIE WE EVER TOLD,HEINEKEN®,IDEAFACTORY ADVERTISING,Use of Humour,Submitted,https://ascentialcdn.filespin.io/api/v1/conversion/db7b471a3855407c8324537aeb535a3d?quality=85&format=webp,https://www.lovethework.com/work/entries/heineken-silver-surprisingly-smooth-launch-the-smoothest-lie-we-ever-told-772892,/awards/spikes_asia/2026/campaigns/heineken-silver-surprisingly-smooth-launch-the-smoothest-lie-we-ever-told-heineken-ideafactory-advertising-2026/
Spikes Asia,2026,Brand Experience & Activation,brand-experience-activation,QBE HEARTFELT GUERNSEY,QBE INSURANCE,THE CORE AGENCY,Sponsorship & Brand Partnerships,Submitted,https://ascentialcdn.filespin.io/api/v1/conversion/467595bd520a473f803948d8a577cc82?quality=85&format=webp,https://www.lovethework.com/work/entries/qbe-heartfelt-guernsey-769879,/awards/spikes_asia/2026/campaigns/qbe-heartfelt-guernsey-qbe-insurance-the-core-agency-2026/
Spikes Asia,2026,Brand Experience & Activation,brand-experience-activation,SAKURA SCAN,KIRIN BEER,KIRIN BREWERY COMPANY,Use of Mobile & Devices,Submitted,https://ascentialcdn.filespin.io/api/v1/conversion/954846eebe1c4654b9dc0b2e77803bba?quality=85&format=webp,https://www.lovethework.com/work/entries/sakura-scan-770752,/awards/spikes_asia/2026/campaigns/sakura-scan-kirin-beer-kirin-brewery-company-2026-2/
Spikes Asia,2026,Brand Experience & Activation,brand-experience-activation,HAT-JACKING 711’S BIRTHDAY,TAIWAN FAMILYMART CO.,"LTD., HUMANOID SOCIAL MEDIA CONSULTING",Breakthrough on a Budget,Submitted,https://ascentialcdn.filespin.io/api/v1/conversion/66d9b27ee1314d51a10fe94de25e7de6?quality=85&format=webp,https://www.lovethework.com/work/entries/hat-jacking-711s-birthday-772893,/awards/spikes_asia/2026/campaigns/hat-jacking-711s-birthday-taiwan-familymart-co-ltd-humanoid-social-media-consulting-2026-3/
Spikes Asia,2026,Brand Experience & Activation,brand-experience-activation,IMMERSIVE ACTIVATION OF “KANDO”,YAMAHA,AMANA,Digital Installations,Submitted,https://ascentialcdn.filespin.io/api/v1/conversion/3d617a07fbf841ebb268d5cfe91a519d?quality=85&format=webp,https://www.lovethework.com/work/entries/immersive-activation-of-kando-772880,/awards/spikes_asia/2026/campaigns/immersive-activation-of-kando-yamaha-amana-2026-2/
Spikes Asia,2026,Brand Experience & Activation,brand-experience-activation,THE CORNER STORE CONCERT,BIRDY®,ACCENTURE SONG,Customer Retail/In-store Experience,Submitted,https://ascentialcdn.filespin.io/api/v1/conversion/d7f9647d06694543940fdaed5ea0d316?quality=85&format=webp,https://www.lovethework.com/work/entries/the-corner-store-concert-772597,/awards/spikes_asia/2026/campaigns/the-corner-store-concert-birdy-accenture-song-2026/
Spikes Asia,2026,Brand Experience & Activation,brand-experience-activation,"LINE TAIWAN ""NOTES THAT WORK FOR YOU""",LINE TAIWAN,LINE TAIWAN,Live Brand Experience or Activation,Submitted,https://ascentialcdn.filespin.io/api/v1/conversion/df6ff962842248e598a8967cbf00b91b?quality=85&format=webp,https://www.lovethework.com/work/entries/line-taiwan-notes-that-work-for-you-772886,/awards/spikes_asia/2026/campaigns/line-taiwan-notes-that-work-for-you-line-taiwan-line-taiwan-2026/
Spikes Asia,2026,Brand Experience & Activation,brand-experience-activation,THE AIR POLLUTION JERSEY,LAMPHUN WARRIORS F.C. AND NORTHERN THAILAND BREATHE COUNCIL,FLASH BOMBER,Sponsorship & Brand Partnerships,Submitted,https://ascentialcdn.filespin.io/api/v1/conversion/d2d66951673047c3896493f71d878d57?quality=85&format=webp,https://www.lovethework.com/work/entries/the-air-pollution-jersey-769871,/awards/spikes_asia/2026/campaigns/the-air-pollution-jersey-lamphun-warriors-fc-and-northern-thailand-breathe-council-flash-bomber-2026-2/
Spikes Asia,2026,Brand Experience & Activation,brand-experience-activation,SAMARTH BY HYUNDAI - SEASON 2,HYUNDAI MOTOR INDIA LTD.,HAVAS PLAY,Corporate Purpose & Social Responsibility,Submitted,https://ascentialcdn.filespin.io/api/v1/conversion/c5973af14c5c4b9c80753bba6f362f12?quality=85&format=webp,https://www.lovethework.com/work/entries/samarth-by-hyundai-season-2-770947,/awards/spikes_asia/2026/campaigns/samarth-by-hyundai-season-2-hyundai-motor-india-ltd-havas-play-2026/
Spikes Asia,2026,Brand Experience & Activation,brand-experience-activation,MOTTAINAI BANANA STORY,DOLE JAPAN,KOO-KI,Corporate Purpose & Social Responsibility,Submitted,https://ascentialcdn.filespin.io/api/v1/conversion/66ef1a6f2ad84630b4a740880b85d0d9?quality=85&format=webp,https://www.lovethework.com/work/entries/mottainai-banana-story-769822,/awards/spikes_asia/2026/campaigns/mottainai-banana-story-dole-japan-koo-ki-2026/
Spikes Asia,2026,Brand Experience & Activation,brand-experience-activation,POCKY PHILIPPINES “POCKY SABI”,POCKY PHILIPPINES,DENTSU CREATIVE,Cultural Engagement,Submitted,https://ascentialcdn.filespin.io/api/v1/conversion/a78efa5c94314a17b3b86e545e7c2026?quality=85&format=webp,https://www.lovethework.com/work/entries/pocky-philippines-pocky-sabi-772896,/awards/spikes_asia/2026/campaigns/pocky-philippines-pocky-sabi-pocky-philippines-dentsu-creative-2026/
Spikes Asia,2026,Brand Experience & Activation,brand-experience-activation,A MAHA MOVEMENT AT THE MAHA KUMBH,COCA-COLA,WEBER SHANDWICK,Cultural Engagement,Submitted,https://ascentialcdn.filespin.io/api/v1/conversion/d3e4692a00d44c2cb745b90a622cfafd?quality=85&format=webp,https://www.lovethework.com/work/entries/a-maha-movement-at-the-maha-kumbh-770740,/awards/spikes_asia/2026/campaigns/a-maha-movement-at-the-maha-kumbh-coca-cola-weber-shandwick-2026/
Spikes Asia,2026,Brand Experience & Activation,brand-experience-activation,"STOP THAT DOT, TOGETHER: HOMESOY MOBILISES 27,500 WOMEN",HOMESOY,AMPERSAND ADVISORY,Consumer Goods,Submitted,https://ascentialcdn.filespin.io/api/v1/conversion/fd96cdc1c72349b6aeb396e468ee7e7b?quality=85&format=webp,https://www.lovethework.com/work/entries/stop-that-dot-together-homesoy-mobilises-27500-women-771032,/awards/spikes_asia/2026/campaigns/stop-that-dot-together-homesoy-mobilises-27500-women-homesoy-ampersand-advisory-2026/
Spikes Asia,2026,Brand Experience & Activation,brand-experience-activation,THE UNLUCKY NUMBERS SHOP,WHOSCALL,DENTSU CREATIVE THAILAND,Guerrilla Marketing & Stunts,Submitted,https://ascentialcdn.filespin.io/api/v1/conversion/896eb9ad44f64298844d84571e7bc28e?quality=85&format=webp,https://www.lovethework.com/work/entries/the-unlucky-numbers-shop-769854,/awards/spikes_asia/2026/campaigns/the-unlucky-numbers-shop-whoscall-dentsu-creative-thailand-2026/
Spikes Asia,2026,Brand Experience & Activation,brand-experience-activation,HYUNDAI X ASPHALT: THE ELECTRIC RACE,HYUNDAI MOTOR COMPANY,HYUNDAI MOTOR COMPANY,Gaming-Led Brand Experience,Submitted,https://ascentialcdn.filespin.io/api/v1/conversion/40744a779832415796be95cf37b3ecdc?quality=85&format=webp,https://www.lovethework.com/work/entries/hyundai-x-asphalt-the-electric-race-769792,/awards/spikes_asia/2026/campaigns/hyundai-x-asphalt-the-electric-race-hyundai-motor-company-hyundai-motor-company-2026/
Spikes Asia,2026,Brand Experience & Activation,brand-experience-activation,SILENT CLEANING,KAO,WHATEVER CO,Gaming-Led Brand Experience,Submitted,https://ascentialcdn.filespin.io/api/v1/conversion/40532d920e594db3ba0e075b560523bc?quality=85&format=webp,https://www.lovethework.com/work/entries/silent-cleaning-769785,/awards/spikes_asia/2026/campaigns/silent-cleaning-kao-whatever-co-2026/
Spikes Asia,2026,Brand Experience & Activation,brand-experience-activation,LIGHTING UP CANNABIS CULTURE,HELL PIZZA,YARN,Social Behaviour,Submitted,https://ascentialcdn.filespin.io/api/v1/conversion/6e5fd514e65b486aae67fed5a02d9131?quality=85&format=webp,https://www.lovethework.com/work/entries/lighting-up-cannabis-culture-769778,/awards/spikes_asia/2026/campaigns/lighting-up-cannabis-culture-hell-pizza-yarn-2026/
Spikes Asia,2026,Brand Experience & Activation,brand-experience-activation,MCDONALD'S X SQUID GAME: DARE TO PLAY,MCDONALD'S AUSTRALIA,AKCELO,360 Integrated Brand Experience,Submitted,https://ascentialcdn.filespin.io/api/v1/conversion/31afc6d4a44946a389f443b829649d14?quality=85&format=webp,https://www.lovethework.com/work/entries/mcdonalds-x-squid-game-dare-to-play-771442,/awards/spikes_asia/2026/campaigns/mcdonalds-x-squid-game-dare-to-play-mcdonalds-australia-akcelo-2026-2/
Spikes Asia,2026,Brand Experience & Activation,brand-experience-activation,SMART EDUCATION 5 BY MOBICOM,MOBICOM LLC,MOBICOM,Market Disruption,Submitted,https://ascentialcdn.filespin.io/api/v1/conversion/3a1db3f8416443ef8db3bc10bfcd0e44?quality=85&format=webp,https://www.lovethework.com/work/entries/smart-education-5-by-mobicom-769850,/awards/spikes_asia/2026/campaigns/smart-education-5-by-mobicom-mobicom-llc-mobicom-2026/
Spikes Asia,2026,Brand Experience & Activation,brand-experience-activation,"IF YOU CAN TAKE IT, IT'S YOURS",SELLEYS,HOWATSON AND COMPANY,Retail Promotions & Competitions,Submitted,https://ascentialcdn.filespin.io/api/v1/conversion/3172e0d181524de5b6802f2aef3eff7a?quality=85&format=webp,https://www.lovethework.com/work/entries/if-you-can-take-it-its-yours-771320,/awards/spikes_asia/2026/campaigns/if-you-can-take-it-its-yours-selleys-howatson-and-company-2026-3/
Spikes Asia,2026,Brand Experience & Activation,brand-experience-activation,HANGEUL TRUCK,SAMSUNG,CHEIL WORLDWIDE,Live Brand Experience or Activation,Submitted,https://ascentialcdn.filespin.io/api/v1/conversion/2021b395140a48d5aa3b51e870b09174?quality=85&format=webp,https://www.lovethework.com/work/entries/hangeul-truck-772885,/awards/spikes_asia/2026/campaigns/hangeul-truck-samsung-cheil-worldwide-2026/
Spikes Asia,2026,Brand Experience & Activation,brand-experience-activation,"7800 STEPS, 7800 FUTURES",CHUGAI PHARMACEUTICAL CO.,"LTD., DENTSU CREATIVE PICTURES",Consumer Services/Business to Business,Submitted,https://ascentialcdn.filespin.io/api/v1/conversion/1295f0fdb0a146b7a075e175a82b47c7?quality=85&format=webp,https://www.lovethework.com/work/entries/7800-steps-7800-futures-769783,/awards/spikes_asia/2026/campaigns/7800-steps-7800-futures-chugai-pharmaceutical-co-ltd-dentsu-creative-pictures-2026/
Spikes Asia,2026,Brand Experience & Activation,brand-experience-activation,THE SHAKE EXPRESS,BOLD84,"HAPPINESS, AN FCB ALLIANCE",Guerrilla Marketing & Stunts,Submitted,https://ascentialcdn.filespin.io/api/v1/conversion/99b208f53d944a2cb57cef9036f6da3e?quality=85&format=webp,https://www.lovethework.com/work/entries/the-shake-express-771130,/awards/spikes_asia/2026/campaigns/the-shake-express-bold84-happiness-an-fcb-alliance-2026-2/
Spikes Asia,2026,Brand Experience & Activation,brand-experience-activation,FIT FOR ANY ROLE: CENTURY TUNA’S PROTEIN-FIT CAMPAIGN,CENTURY TUNA,COMCO MUNDO LEAGUE OF ENTERPRISES,Consumer Goods,Submitted,https://ascentialcdn.filespin.io/api/v1/conversion/0bf72ee2529842e5ab2961c8bb256183?quality=85&format=webp,https://www.lovethework.com/work/entries/fit-for-any-role-century-tunas-protein-fit-campaign-771360,/awards/spikes_asia/2026/campaigns/fit-for-any-role-century-tunas-protein-fit-campaign-century-tuna-comco-mundo-league-of-enterprises-2026/
Spikes Asia,2026,Brand Experience & Activation,brand-experience-activation,LEGO WORLD PLAY DAY,LEGO BRAND,OUR LEGO AGENCY,Consumer Goods,Submitted,https://ascentialcdn.filespin.io/api/v1/conversion/2b919f8c30e146caabc17dc703566a22?quality=85&format=webp,https://www.lovethework.com/work/entries/lego-world-play-day-769761,/awards/spikes_asia/2026/campaigns/lego-world-play-day-lego-brand-our-lego-agency-2026/
Spikes Asia,2026,Brand Experience & Activation,brand-experience-activation,"ONE WORLD, ONE PLANET",EXPO 2025 OSAKA,"KANSAI, JAPAN, SIGNING",Live Brand Experience or Activation,Submitted,https://ascentialcdn.filespin.io/api/v1/conversion/dc96b1984e5040ea9b0ad7ca7e6258d1?quality=85&format=webp,https://www.lovethework.com/work/entries/one-world-one-planet-771099,/awards/spikes_asia/2026/campaigns/one-world-one-planet-expo-2025-osaka-kansai-japan-signing-2026-2/
Spikes Asia,2026,Brand Experience & Activation,brand-experience-activation,FLIPKART- LINE SEVAK,FLIPKART,McCANN INDIA,Live Brand Experience or Activation,Submitted,https://ascentialcdn.filespin.io/api/v1/conversion/ccff06640f764678a6b8ddc4e11d66de?quality=85&format=webp,https://www.lovethework.com/work/entries/flipkart-line-sevak-771224,/awards/spikes_asia/2026/campaigns/flipkart-line-sevak-flipkart-mccann-india-2026-2/
Spikes Asia,2026,Brand Experience & Activation,brand-experience-activation,ACTROLOGY CARD,MIRROR THAILAND,TREND VG3,Social Behaviour,Submitted,https://ascentialcdn.filespin.io/api/v1/conversion/a6a575ccf3144138b99bcc5c98281475?quality=85&format=webp,https://www.lovethework.com/work/entries/actrology-card-772891,/awards/spikes_asia/2026/campaigns/actrology-card-mirror-thailand-trend-vg3-2026/
Spikes Asia,2026,Brand Experience & Activation,brand-experience-activation,VI GUARDIAN BEADS,VI (VODAFONE IDEA),OGILVY,Social Behaviour,Submitted,https://ascentialcdn.filespin.io/api/v1/conversion/5699dd0c3a4244538a8439096ece97ec?quality=85&format=webp,https://www.lovethework.com/work/entries/vi-guardian-beads-770824,/awards/spikes_asia/2026/campaigns/vi-guardian-beads-vi-vodafone-idea-ogilvy-2026/
Spikes Asia,2026,Brand Experience & Activation,brand-experience-activation,HIJACKED: A TOKYO BAY TAKEOVER,NIKE,PUSH JAPAN,Cultural Engagement,Submitted,https://ascentialcdn.filespin.io/api/v1/conversion/4ec6bfff00b9421fb7437d733af06d4f?quality=85&format=webp,https://www.lovethework.com/work/entries/hijacked-a-tokyo-bay-takeover-769771,/awards/spikes_asia/2026/campaigns/hijacked-a-tokyo-bay-takeover-nike-push-japan-2026/
Spikes Asia,2026,Brand Experience & Activation,brand-experience-activation,SUGAR LIQUIDATION SALE™,LONG WHITE,"DROGA5 ANZ, PART OF ACCENTURE SONG",Launch/Relaunch,Submitted,https://ascentialcdn.filespin.io/api/v1/conversion/4bdf86811e534c7b9788106d510d4987?quality=85&format=webp,https://www.lovethework.com/work/entries/sugar-liquidation-sale-770622,/awards/spikes_asia/2026/campaigns/sugar-liquidation-sale-long-white-droga5-anz-part-of-accenture-song-2026-2/
Spikes Asia,2026,Brand Experience & Activation,brand-experience-activation,WRITING & DESIGN INC. / WRITING & DESIGN PARTNERS INC. CORPORATE WEBSITE,WRITING & DESIGN INC. / WRITING & DESIGN PARTNERS INC.,MOUNT,Use of Website/Microsites,Submitted,https://ascentialcdn.filespin.io/api/v1/conversion/e748096ee91240258782c382a20a0014?quality=85&format=webp,https://www.lovethework.com/work/entries/writing-design-inc-writing-design-partners-inc-corporate-website-769872,/awards/spikes_asia/2026/campaigns/writing-and-design-inc-writing-and-design-partners-inc-corporate-website-writing-and-design-inc-writing-and-design-partn/
Spikes Asia,2026,Brand Experience & Activation,brand-experience-activation,"ONE WORLD, ONE PLANET",EXPO 2025 OSAKA,"KANSAI, JAPAN, SIGNING",Digital Installations,Submitted,https://ascentialcdn.filespin.io/api/v1/conversion/dc96b1984e5040ea9b0ad7ca7e6258d1?quality=85&format=webp,https://www.lovethework.com/work/entries/one-world-one-planet-771164,/awards/spikes_asia/2026/campaigns/one-world-one-planet-expo-2025-osaka-kansai-japan-signing-2026-3/
Spikes Asia,2026,Brand Experience & Activation,brand-experience-activation,LEGO YELLOW HOUSE,LEGO,OUR LEGO AGENCY,Customer Retail/In-store Experience,Submitted,https://ascentialcdn.filespin.io/api/v1/conversion/5ddbe38e5c1540419251381ffa304576?quality=85&format=webp,https://www.lovethework.com/work/entries/lego-yellow-house-769851,/awards/spikes_asia/2026/campaigns/lego-yellow-house-lego-our-lego-agency-2026-3/
Spikes Asia,2026,Brand Experience & Activation,brand-experience-activation,FAST-PERIENCE ADS,BREEZE,BRILLIANT & MILLION,Social Behaviour,Submitted,https://ascentialcdn.filespin.io/api/v1/conversion/bb765ab2b42d425f8d78629ff2261f0b?quality=85&format=webp,https://www.lovethework.com/work/entries/fast-perience-ads-772990,/awards/spikes_asia/2026/campaigns/fast-perience-ads-breeze-brilliant-and-million-2026/
Spikes Asia,2026,Brand Experience & Activation,brand-experience-activation,GQ PRO MED SCRUBS,GQ APPAREL,ACCENTURE SONG,Consumer Goods,Submitted,https://ascentialcdn.filespin.io/api/v1/storyboard/8d1f5f54d4344c10b300117bbd0991e6/storyboard_000008.jpg?quality=85&format=webp,https://www.lovethework.com/work/entries/gq-pro-med-scrubs-769757,/awards/spikes_asia/2026/campaigns/gq-pro-med-scrubs-gq-apparel-accenture-song-2026-2/
Spikes Asia,2026,Brand Experience & Activation,brand-experience-activation,MOTTAINAI BANANA STORY,DOLE JAPAN,KOO-KI,Market Disruption,Submitted,https://ascentialcdn.filespin.io/api/v1/conversion/66ef1a6f2ad84630b4a740880b85d0d9?quality=85&format=webp,https://www.lovethework.com/work/entries/mottainai-banana-story-769861,/awards/spikes_asia/2026/campaigns/mottainai-banana-story-dole-japan-koo-ki-2026-2/
Spikes Asia,2026,Brand Experience & Activation,brand-experience-activation,SLEEPING WITH GIANT,NELL,DENTSU INC.,Healthcare,Submitted,https://ascentialcdn.filespin.io/api/v1/conversion/75fa6db090b841f48e8b38b3a8e8d973?quality=85&format=webp,https://www.lovethework.com/work/entries/sleeping-with-giant-769646,/awards/spikes_asia/2026/campaigns/sleeping-with-giant-nell-dentsu-inc-2026-2/
Spikes Asia,2026,Brand Experience & Activation,brand-experience-activation,"MAIL DEL WATER: DELETE EMAILS, SAVE WATER",DR.CHUNG'S FOOD,HSAD,Corporate Purpose & Social Responsibility,Submitted,https://ascentialcdn.filespin.io/api/v1/conversion/3f4ee47388dc412585f4fe05a6f65a03?quality=85&format=webp,https://www.lovethework.com/work/entries/mail-del-water-delete-emails-save-water-769804,/awards/spikes_asia/2026/campaigns/mail-del-water-delete-emails-save-water-drchungs-food-hsad-2026/
Spikes Asia,2026,Brand Experience & Activation,brand-experience-activation,POCKY PHILIPPINES “POCKY SABI”,POCKY PHILIPPINES,DENTSU CREATIVE,Social Behaviour,Submitted,https://ascentialcdn.filespin.io/api/v1/conversion/a78efa5c94314a17b3b86e545e7c2026?quality=85&format=webp,https://www.lovethework.com/work/entries/pocky-philippines-pocky-sabi-769800,/awards/spikes_asia/2026/campaigns/pocky-philippines-pocky-sabi-pocky-philippines-dentsu-creative-2026-2/
Spikes Asia,2026,Brand Experience & Activation,brand-experience-activation,MOGU MOGU TOWN,OTSUKA,DENTSU INC.,Use of Mobile & Devices,Submitted,https://ascentialcdn.filespin.io/api/v1/conversion/fad06e097ec24232820774091736cc43?quality=85&format=webp,https://www.lovethework.com/work/entries/mogu-mogu-town-769826,/awards/spikes_asia/2026/campaigns/mogu-mogu-town-otsuka-dentsu-inc-2026-2/
Spikes Asia,2026,Brand Experience & Activation,brand-experience-activation,GAMERS ON DUTY,LENOVO,LEO,Launch/Relaunch,Submitted,https://ascentialcdn.filespin.io/api/v1/conversion/6756b104632a4778a34700b1371cfacf?quality=85&format=webp,https://www.lovethework.com/work/entries/gamers-on-duty-771182,/awards/spikes_asia/2026/campaigns/gamers-on-duty-lenovo-leo-2026-3/
Spikes Asia,2026,Brand Experience & Activation,brand-experience-activation,VELVET SEASON: TOURISM AUTHORITY OF THAILAND (TAT) AND YANGO ADS,YANGO ADS,YANGO ADS,"Travel, Leisure, Retail, Restaurants & Fast Food Chains",Submitted,https://ascentialcdn.filespin.io/api/v1/conversion/d5f03f36c7b842a4a58cab01e68d7489?quality=85&format=webp,https://www.lovethework.com/work/entries/velvet-season-tourism-authority-of-thailand-tat-and-yango-ads-770509,/awards/spikes_asia/2026/campaigns/velvet-season-tourism-authority-of-thailand-tat-and-yango-ads-yango-ads-yango-ads-2026/
Spikes Asia,2026,Brand Experience & Activation,brand-experience-activation,TRANSFORMING THE WEBSITE INTO A STRATEGIC BRAND ACTIVATION PLATFORM,LONDON SCHOOL OF BUSINESS AND FINANCE PTE LTD,LONDON SCHOOL OF BUSINESS & FINANCE (LSBF),Use of Website/Microsites,Submitted,https://ascentialcdn.filespin.io/api/v1/conversion/86cef706021c409e9d60362e258d8d0d?quality=85&format=webp,https://www.lovethework.com/work/entries/transforming-the-website-into-a-strategic-brand-activation-platform-771132,/awards/spikes_asia/2026/campaigns/transforming-the-website-into-a-strategic-brand-activation-platform-london-school-of-business-and-finance-pte-ltd-london/
Spikes Asia,2026,Brand Experience & Activation,brand-experience-activation,NATIONAL GARDENING LEAGUE,YATES,HOWATSON AND COMPANY,Consumer Goods,Submitted,https://ascentialcdn.filespin.io/api/v1/conversion/7e109d644f9c459ba37a15289dd60035?quality=85&format=webp,https://www.lovethework.com/work/entries/national-gardening-league-771005,/awards/spikes_asia/2026/campaigns/national-gardening-league-yates-howatson-and-company-2026/
Spikes Asia,2026,Brand Experience & Activation,brand-experience-activation,MORNING JOY AT MCDONALD'S,MCDONALD'S,MCDONALDS,Social Behaviour,Submitted,https://ascentialcdn.filespin.io/api/v1/storyboard/0d1b8ebc5b1744fd9a32992da8f36fd7/storyboard_000008.jpg?quality=85&format=webp,https://www.lovethework.com/work/entries/morning-joy-at-mcdonalds-769815,/awards/spikes_asia/2026/campaigns/morning-joy-at-mcdonalds-mcdonalds-mcdonalds-2026-3/
Spikes Asia,2026,Brand Experience & Activation,brand-experience-activation,ANZ SCAMMERS BLOOM,ANZ BANK NEW ZEALAND,TBWA\NEW ZEALAND,Social Behaviour,Submitted,https://ascentialcdn.filespin.io/api/v1/conversion/db84051db73942d18c507b86a7f050c3?quality=85&format=webp,https://www.lovethework.com/work/entries/anz-scammers-bloom-772797,/awards/spikes_asia/2026/campaigns/anz-scammers-bloom-anz-bank-new-zealand-tbwanew-zealand-2026/
Spikes Asia,2026,Brand Experience & Activation,brand-experience-activation,BANNER AD CHANGEROOM,THE ICONIC,DENTSU CREATIVE,Live Brand Experience or Activation,Submitted,https://ascentialcdn.filespin.io/api/v1/conversion/0d30bc87031c4aeca5d86f73fb1acec5?quality=85&format=webp,https://www.lovethework.com/work/entries/banner-ad-changeroom-771485,/awards/spikes_asia/2026/campaigns/banner-ad-changeroom-the-iconic-dentsu-creative-2026-2/
Spikes Asia,2026,Brand Experience & Activation,brand-experience-activation,WHISKAS® LOCATOR,WHISKAS®,OGENCY,Market Disruption,Submitted,https://ascentialcdn.filespin.io/api/v1/conversion/b17ca1ce481f4b2d8923b824bb4fa5ae?quality=85&format=webp,https://www.lovethework.com/work/entries/whiskas-locator-769855,/awards/spikes_asia/2026/campaigns/whiskas-locator-whiskas-ogency-2026-3/
Spikes Asia,2026,Brand Experience & Activation,brand-experience-activation,TOXIC BACKFIRE,SAMSUNG,CHEIL PENGTAI BEIJING,Use of Mobile & Devices,Submitted,https://ascentialcdn.filespin.io/api/v1/conversion/de25773a856041d1ac037682e229dc01?quality=85&format=webp,https://www.lovethework.com/work/entries/toxic-backfire-769843,/awards/spikes_asia/2026/campaigns/toxic-backfire-samsung-cheil-pengtai-beijing-2026-2/
Spikes Asia,2026,Brand Experience & Activation,brand-experience-activation,PERIOD AUDUOBOOK,MEGRHYTHM/LAURIER,GEEK PICTURES,Corporate Purpose & Social Responsibility,Submitted,https://ascentialcdn.filespin.io/api/v1/conversion/c57c5d4021a049dc8769f184c8ead41e?quality=85&format=webp,https://www.lovethework.com/work/entries/period-auduobook-769780,/awards/spikes_asia/2026/campaigns/period-auduobook-megrhythmlaurier-geek-pictures-2026/
Spikes Asia,2026,Brand Experience & Activation,brand-experience-activation,GQ PRO MED SCRUBS,GQ APPAREL,ACCENTURE SONG,Launch/Relaunch,Submitted,https://ascentialcdn.filespin.io/api/v1/storyboard/8d1f5f54d4344c10b300117bbd0991e6/storyboard_000008.jpg?quality=85&format=webp,https://www.lovethework.com/work/entries/gq-pro-med-scrubs-769908,/awards/spikes_asia/2026/campaigns/gq-pro-med-scrubs-gq-apparel-accenture-song-2026-3/
Spikes Asia,2026,Brand Experience & Activation,brand-experience-activation,MK MONGKOL,MK RESTAURANT,SOUR BANGKOK,Launch/Relaunch,Submitted,https://ascentialcdn.filespin.io/api/v1/conversion/ad434e23c5284cc5b835b44cc3ee0b11?quality=85&format=webp,https://www.lovethework.com/work/entries/mk-mongkol-769895,/awards/spikes_asia/2026/campaigns/mk-mongkol-mk-restaurant-sour-bangkok-2026/
Spikes Asia,2026,Brand Experience & Activation,brand-experience-activation,BROMANCE DAY,WOODSTOCK,"DROGA5 ANZ, PART OF ACCENTURE SONG",Social Behaviour,Submitted,https://ascentialcdn.filespin.io/api/v1/conversion/b06b853022b949e8bf49f0ae6ef02cb7?quality=85&format=webp,https://www.lovethework.com/work/entries/bromance-day-770673,/awards/spikes_asia/2026/campaigns/bromance-day-woodstock-droga5-anz-part-of-accenture-song-2026/
Spikes Asia,2026,Brand Experience & Activation,brand-experience-activation,DAWAI READER,ALKEM LABORATORIES,LOWE LINTAS,Healthcare,Submitted,https://ascentialcdn.filespin.io/api/v1/conversion/762f141aa6fc442dad023f1af28469d8?quality=85&format=webp,https://www.lovethework.com/work/entries/dawai-reader-772874,/awards/spikes_asia/2026/campaigns/dawai-reader-alkem-laboratories-lowe-lintas-2026/
Spikes Asia,2026,Brand Experience & Activation,brand-experience-activation,HAVE A POSITIVE BREAK,YURAKU CONFECTIONERY CO.,"LTD., DENTSU DIGITAL",Challenger Brand,Submitted,https://ascentialcdn.filespin.io/api/v1/conversion/0a0d69d66167460cab6a7a7eb67298e9?quality=85&format=webp,https://www.lovethework.com/work/entries/have-a-positive-break-773059,/awards/spikes_asia/2026/campaigns/have-a-positive-break-yuraku-confectionery-co-ltd-dentsu-digital-2026/
Spikes Asia,2026,Brand Experience & Activation,brand-experience-activation,BULE GIRL THE MOON LOTTO,BLUE GIRL,BLUE GIRL BEER,Social Behaviour,Submitted,https://ascentialcdn.filespin.io/api/v1/conversion/3d1f9a7e58624744bd264a68eb08343d?quality=85&format=webp,https://www.lovethework.com/work/entries/bule-girl-the-moon-lotto-771006,/awards/spikes_asia/2026/campaigns/bule-girl-the-moon-lotto-blue-girl-blue-girl-beer-2026/
Spikes Asia,2026,Brand Experience & Activation,brand-experience-activation,CHEAT CODES,MERCURY,FCB NEW ZEALAND,Gaming-Led Brand Experience,Submitted,https://ascentialcdn.filespin.io/api/v1/conversion/b308a59815be454a828e22d48df72788?quality=85&format=webp,https://www.lovethework.com/work/entries/cheat-codes-770582,/awards/spikes_asia/2026/campaigns/cheat-codes-mercury-fcb-new-zealand-2026-3/
Spikes Asia,2026,Brand Experience & Activation,brand-experience-activation,LA VIE - FROM A SIP TO A HOLISTIC MENTAL WELLBEING OF VIETNAM,LA VIE,THE PURPOSE GROUP,Customer Acquisition & Retention,Submitted,https://ascentialcdn.filespin.io/api/v1/conversion/13b9844f80964dc6987e06b12de890f8?quality=85&format=webp,https://www.lovethework.com/work/entries/la-vie-from-a-sip-to-a-holistic-mental-wellbeing-of-vietnam-773016,/awards/spikes_asia/2026/campaigns/la-vie-from-a-sip-to-a-holistic-mental-wellbeing-of-vietnam-la-vie-the-purpose-group-2026-3/
Spikes Asia,2026,Brand Experience & Activation,brand-experience-activation,THE GUINEA PIG SCHEME,ONE NEW ZEALAND,FCB NEW ZEALAND,Customer Acquisition & Retention,Submitted,https://ascentialcdn.filespin.io/api/v1/conversion/cf12f1b5de1841d08885514226260872?quality=85&format=webp,https://www.lovethework.com/work/entries/the-guinea-pig-scheme-770608,/awards/spikes_asia/2026/campaigns/the-guinea-pig-scheme-one-new-zealand-fcb-new-zealand-2026/
Spikes Asia,2026,Brand Experience & Activation,brand-experience-activation,CROCS COMFY CLASS,CROCS,LEO,Sponsorship & Brand Partnerships,Submitted,https://ascentialcdn.filespin.io/api/v1/conversion/f821999e3f0d44aa85dca3242d2337ff?quality=85&format=webp,https://www.lovethework.com/work/entries/crocs-comfy-class-771177,/awards/spikes_asia/2026/campaigns/crocs-comfy-class-crocs-leo-2026/
Spikes Asia,2026,Brand Experience & Activation,brand-experience-activation,INTANGIBLE CULTURAL SWEET,IOUTE SAND,ISHIMURA-MANSEIDO,Social Behaviour,Submitted,https://ascentialcdn.filespin.io/api/v1/conversion/c70065d4f72047bf95e8e762b7a8ca51?quality=85&format=webp,https://www.lovethework.com/work/entries/intangible-cultural-sweet-770931,/awards/spikes_asia/2026/campaigns/intangible-cultural-sweet-ioute-sand-ishimura-manseido-2026/
Spikes Asia,2026,Brand Experience & Activation,brand-experience-activation,THE GOOD PASSENGER,LONGLAY,FLASH BOMBER,Corporate Purpose & Social Responsibility,Submitted,https://ascentialcdn.filespin.io/api/v1/conversion/1051d1c185a94b38aa5943af4f0fcf70?quality=85&format=webp,https://www.lovethework.com/work/entries/the-good-passenger-769766,/awards/spikes_asia/2026/campaigns/the-good-passenger-longlay-flash-bomber-2026/
Spikes Asia,2026,Brand Experience & Activation,brand-experience-activation,VOICE WANTED,KOREAN NATIONAL POLICE AGENCY,CHEIL WORLDWIDE,Not-for-profit / Charity / Government,Submitted,https://ascentialcdn.filespin.io/api/v1/conversion/3e7a14a1c1d44d9080b78c9309143c84?quality=85&format=webp,https://www.lovethework.com/work/entries/voice-wanted-772879,/awards/spikes_asia/2026/campaigns/voice-wanted-korean-national-police-agency-cheil-worldwide-2026/
Spikes Asia,2026,Brand Experience & Activation,brand-experience-activation,A MAHA MOVEMENT AT THE MAHA KUMBH,COCA-COLA,WEBER SHANDWICK,Consumer Goods,Submitted,https://ascentialcdn.filespin.io/api/v1/conversion/d3e4692a00d44c2cb745b90a622cfafd?quality=85&format=webp,https://www.lovethework.com/work/entries/a-maha-movement-at-the-maha-kumbh-770835,/awards/spikes_asia/2026/campaigns/a-maha-movement-at-the-maha-kumbh-coca-cola-weber-shandwick-2026-2/
Spikes Asia,2026,Brand Experience & Activation,brand-experience-activation,YOU'LL PAY FOR IT WITH BLOOD,I'M,MOSAIC AGENCY,"Travel, Leisure, Retail, Restaurants & Fast Food Chains",Submitted,https://ascentialcdn.filespin.io/api/v1/conversion/f70b8f3e477b453ba6a9a7cdabb3e380?quality=85&format=webp,https://www.lovethework.com/work/entries/youll-pay-for-it-with-blood-770738,/awards/spikes_asia/2026/campaigns/youll-pay-for-it-with-blood-im-mosaic-agency-2026/
Spikes Asia,2026,Brand Experience & Activation,brand-experience-activation,#B7MAGICBARTOUR,STERLING RESERVE B7,ALLIED BLENDERS AND DISTILLERS,Live Brand Experience or Activation,Submitted,https://ascentialcdn.filespin.io/api/v1/conversion/beb31e9631544a228c88840a330524ae?quality=85&format=webp,https://www.lovethework.com/work/entries/b7magicbartour-771462,/awards/spikes_asia/2026/campaigns/b7magicbartour-sterling-reserve-b7-allied-blenders-and-distillers-2026/
Spikes Asia,2026,Brand Experience & Activation,brand-experience-activation,HIJACKED: A TOKYO BAY TAKEOVER,NIKE,PUSH JAPAN,Live Brand Experience or Activation,Submitted,https://ascentialcdn.filespin.io/api/v1/conversion/4ec6bfff00b9421fb7437d733af06d4f?quality=85&format=webp,https://www.lovethework.com/work/entries/hijacked-a-tokyo-bay-takeover-769819,/awards/spikes_asia/2026/campaigns/hijacked-a-tokyo-bay-takeover-nike-push-japan-2026-2/
Spikes Asia,2026,Brand Experience & Activation,brand-experience-activation,LUX RECLAIM HER NAME,LUX,VML,Single-market Campaign,Submitted,https://ascentialcdn.filespin.io/api/v1/conversion/4db28111cecf4965bea93e5376b230d4?quality=85&format=webp,https://www.lovethework.com/work/entries/lux-reclaim-her-name-769906,/awards/spikes_asia/2026/campaigns/lux-reclaim-her-name-lux-vml-2026-2/
Spikes Asia,2026,Brand Experience & Activation,brand-experience-activation,"HEAR BELLS, THINK TACOS",TACO BELL,SUPERMASSIVE,Retail Promotions & Competitions,Submitted,https://ascentialcdn.filespin.io/api/v1/conversion/a8ca96b408bd4a8ba740175ac3efae76?quality=85&format=webp,https://www.lovethework.com/work/entries/hear-bells-think-tacos-769874,/awards/spikes_asia/2026/campaigns/hear-bells-think-tacos-taco-bell-supermassive-2026-2/
Spikes Asia,2026,Brand Experience & Activation,brand-experience-activation,WORK FROM IKEA,IKEA,OGILVY,Customer Retail/In-store Experience,Submitted,https://ascentialcdn.filespin.io/api/v1/conversion/c4225254699f4cb997a2a34b884c78de?quality=85&format=webp,https://www.lovethework.com/work/entries/work-from-ikea-769845,/awards/spikes_asia/2026/campaigns/work-from-ikea-ikea-ogilvy-2026/
Spikes Asia,2026,Brand Experience & Activation,brand-experience-activation,AUTUMN INSIDE,CHAGEE,CHAGEE,Retail Promotions & Competitions,Submitted,https://ascentialcdn.filespin.io/api/v1/conversion/cce4dc83cadc4f3d9836da4fddbe02f1?quality=85&format=webp,https://www.lovethework.com/work/entries/autumn-inside-772884,/awards/spikes_asia/2026/campaigns/autumn-inside-chagee-chagee-2026-3/
Spikes Asia,2026,Brand Experience & Activation,brand-experience-activation,TOXIC BACKFIRE,SAMSUNG,CHEIL PENGTAI BEIJING,Corporate Purpose & Social Responsibility,Submitted,https://ascentialcdn.filespin.io/api/v1/conversion/de25773a856041d1ac037682e229dc01?quality=85&format=webp,https://www.lovethework.com/work/entries/toxic-backfire-769891,/awards/spikes_asia/2026/campaigns/toxic-backfire-samsung-cheil-pengtai-beijing-2026-3/
Spikes Asia,2026,Brand Experience & Activation,brand-experience-activation,THE RESURRECTED COMES TO LIFE,NETFLIX,THIS IS TOMMY,360 Integrated Brand Experience,Submitted,https://ascentialcdn.filespin.io/api/v1/conversion/d40613eb270743de9429a8a51a780268?quality=85&format=webp,https://www.lovethework.com/work/entries/the-resurrected-comes-to-life-769806,/awards/spikes_asia/2026/campaigns/the-resurrected-comes-to-life-netflix-this-is-tommy-2026/
Spikes Asia,2026,Brand Experience & Activation,brand-experience-activation,HEARING 1945,BINGGRAE & THE MINISTRY OF PATRIOTS AND VETERANS AFFAIR,INNOCEAN,Not-for-profit / Charity / Government,Submitted,https://ascentialcdn.filespin.io/api/v1/conversion/183cbd8bcef44556bd724657555b1986?quality=85&format=webp,https://www.lovethework.com/work/entries/hearing-1945-773002,/awards/spikes_asia/2026/campaigns/hearing-1945-binggrae-and-the-ministry-of-patriots-and-veterans-affair-innocean-2026-6/
Spikes Asia,2026,Brand Experience & Activation,brand-experience-activation,NATIONAL GARDENING LEAGUE,YATES,HOWATSON AND COMPANY,Retail Promotions & Competitions,Submitted,https://ascentialcdn.filespin.io/api/v1/conversion/7e109d644f9c459ba37a15289dd60035?quality=85&format=webp,https://www.lovethework.com/work/entries/national-gardening-league-772592,/awards/spikes_asia/2026/campaigns/national-gardening-league-yates-howatson-and-company-2026-2/
Spikes Asia,2026,Brand Experience & Activation,brand-experience-activation,TASTO EMOTIONS-CHIPS,TASTO,CJ WORX,Social Behaviour,Submitted,https://ascentialcdn.filespin.io/api/v1/storyboard/ade20e7411e746ad8d1038278186d76c/storyboard_000008.jpg?quality=85&format=webp,https://www.lovethework.com/work/entries/tasto-emotions-chips-772889,/awards/spikes_asia/2026/campaigns/tasto-emotions-chips-tasto-cj-worx-2026-2/
Spikes Asia,2026,Brand Experience & Activation,brand-experience-activation,CURFEW HOSTELS,TIGER BEER,LEPUB,Guerrilla Marketing & Stunts,Submitted,https://ascentialcdn.filespin.io/api/v1/conversion/411966509f5c483ab9783935fb89948f?quality=85&format=webp,https://www.lovethework.com/work/entries/curfew-hostels-770875,/awards/spikes_asia/2026/campaigns/curfew-hostels-tiger-beer-lepub-2026/
Spikes Asia,2026,Brand Experience & Activation,brand-experience-activation,AUDIBLE AT BANGALORE COMIC CON,AUDIBLE,OS STUDIOS,Media/Entertainment,Submitted,https://ascentialcdn.filespin.io/api/v1/conversion/776d746683df488f8750147bea1ea79e?quality=85&format=webp,https://www.lovethework.com/work/entries/audible-at-bangalore-comic-con-769770,/awards/spikes_asia/2026/campaigns/audible-at-bangalore-comic-con-audible-os-studios-2026-3/
Spikes Asia,2026,Brand Experience & Activation,brand-experience-activation,CODEMATES - WHEREVER WE GO WE CAN DO MORE WITH CODE,TELSTRA,+61,Sponsorship & Brand Partnerships,Submitted,https://ascentialcdn.filespin.io/api/v1/conversion/f1e7c80d430d4979969222645f59cb1d?quality=85&format=webp,https://www.lovethework.com/work/entries/codemates-wherever-we-go-we-can-do-more-with-code-770539,/awards/spikes_asia/2026/campaigns/codemates-wherever-we-go-we-can-do-more-with-code-telstra-61-2026/
Spikes Asia,2026,Brand Experience & Activation,brand-experience-activation,KFC’S JAW-DROP CHALLENGE,KFC,DENTSU CREATIVE TAIWAN,"Travel, Leisure, Retail, Restaurants & Fast Food Chains",Submitted,https://ascentialcdn.filespin.io/api/v1/conversion/e1f392d84f4f4a64bc3a947d532556d2?quality=85&format=webp,https://www.lovethework.com/work/entries/kfcs-jaw-drop-challenge-772876,/awards/spikes_asia/2026/campaigns/kfcs-jaw-drop-challenge-kfc-dentsu-creative-taiwan-2026/
Spikes Asia,2026,Brand Experience & Activation,brand-experience-activation,PROTECT WHAT MATTERS WITH CERTIS SAFE DEPOSIT BOX,SAFE DEPOSIT BOX BY CERTIS,CERTIS,Launch/Relaunch,Submitted,https://ascentialcdn.filespin.io/api/v1/conversion/2db8803f81904a67b618aa8d380eb2fc?quality=85&format=webp,https://www.lovethework.com/work/entries/protect-what-matters-with-certis-safe-deposit-box-771287,/awards/spikes_asia/2026/campaigns/protect-what-matters-with-certis-safe-deposit-box-safe-deposit-box-by-certis-certis-2026-2/
Spikes Asia,2026,Brand Experience & Activation,brand-experience-activation,DON'T MINE WHAT'S MINE,DEEP RISING,EMOTIVE,Use of Website/Microsites,Submitted,https://ascentialcdn.filespin.io/api/v1/conversion/f05cd5f32c0f49a499d3aa0ac6caea53?quality=85&format=webp,https://www.lovethework.com/work/entries/dont-mine-whats-mine-769889,/awards/spikes_asia/2026/campaigns/dont-mine-whats-mine-deep-rising-emotive-2026/
Spikes Asia,2026,Brand Experience & Activation,brand-experience-activation,WOYAGE DAYCATIONS,TAJ,THE INDIAN HOTELS COMPANY,"Travel, Leisure, Retail, Restaurants & Fast Food Chains",Submitted,https://ascentialcdn.filespin.io/api/v1/conversion/279ccc621b1e4f63ac9d8e5204aeff97?quality=85&format=webp,https://www.lovethework.com/work/entries/woyage-daycations-769653,/awards/spikes_asia/2026/campaigns/woyage-daycations-taj-the-indian-hotels-company-2026/
Spikes Asia,2026,Brand Experience & Activation,brand-experience-activation,HAVE A POSITIVE BREAK,YURAKU CONFECTIONERY CO.,"LTD., DENTSU DIGITAL",Breakthrough on a Budget,Submitted,https://ascentialcdn.filespin.io/api/v1/conversion/14ec270fc88e411ca5e4bdb636c22730?quality=85&format=webp,https://www.lovethework.com/work/entries/have-a-positive-break-773060,/awards/spikes_asia/2026/campaigns/have-a-positive-break-yuraku-confectionery-co-ltd-dentsu-digital-2026-2/
Spikes Asia,2026,Brand Experience & Activation,brand-experience-activation,SAKURA SCAN,KIRIN BEER,KIRIN BREWERY COMPANY,Cultural Engagement,Submitted,https://ascentialcdn.filespin.io/api/v1/conversion/1de049ba98d24b558834c6067c5802b0?quality=85&format=webp,https://www.lovethework.com/work/entries/sakura-scan-770732,/awards/spikes_asia/2026/campaigns/sakura-scan-kirin-beer-kirin-brewery-company-2026-3/
Spikes Asia,2026,Brand Experience & Activation,brand-experience-activation,NEW FORM OF INHERITANCE,KOMBUYA MAGOBEI,KOMBUYA MAGOBEI,Local Brand,Submitted,https://ascentialcdn.filespin.io/api/v1/conversion/477f1d2937c9490a875111139a52135a?quality=85&format=webp,https://www.lovethework.com/work/entries/new-form-of-inheritance-769841,/awards/spikes_asia/2026/campaigns/new-form-of-inheritance-kombuya-magobei-kombuya-magobei-2026/
Spikes Asia,2026,Brand Experience & Activation,brand-experience-activation,THE MISSING VERSE: COMPLETING THE BENTO SYMPHONY,ZESPRI INTERNATIONAL JAPAN,DENTSU INC.,Consumer Goods,Submitted,https://ascentialcdn.filespin.io/api/v1/conversion/1ce5e04765ac4b88adeae73c8ac26da7?quality=85&format=webp,https://www.lovethework.com/work/entries/the-missing-verse-completing-the-bento-symphony-771421,/awards/spikes_asia/2026/campaigns/the-missing-verse-completing-the-bento-symphony-zespri-international-japan-dentsu-inc-2026/
Spikes Asia,2026,Brand Experience & Activation,brand-experience-activation,CURFEW HOSTELS,TIGER BEER,LEPUB,Market Disruption,Submitted,https://ascentialcdn.filespin.io/api/v1/conversion/411966509f5c483ab9783935fb89948f?quality=85&format=webp,https://www.lovethework.com/work/entries/curfew-hostels-770883,/awards/spikes_asia/2026/campaigns/curfew-hostels-tiger-beer-lepub-2026-2/
Spikes Asia,2026,Brand Experience & Activation,brand-experience-activation,"SPOT, STOP POST!",NTT DOCOMO,TOKYU AGENCY,360 Integrated Brand Experience,Submitted,https://ascentialcdn.filespin.io/api/v1/conversion/2c7e725eb6954f04906e002a778dcb06?quality=85&format=webp,https://www.lovethework.com/work/entries/spot-stop-post-769813,/awards/spikes_asia/2026/campaigns/spot-stop-post-ntt-docomo-tokyu-agency-2026/
Spikes Asia,2026,Brand Experience & Activation,brand-experience-activation,BULE GIRL THE MOON LOTTO,BLUE GIRL,BLUE GIRL BEER,Retail Promotions & Competitions,Submitted,https://ascentialcdn.filespin.io/api/v1/conversion/3d1f9a7e58624744bd264a68eb08343d?quality=85&format=webp,https://www.lovethework.com/work/entries/bule-girl-the-moon-lotto-770994,/awards/spikes_asia/2026/campaigns/bule-girl-the-moon-lotto-blue-girl-blue-girl-beer-2026-2/
Spikes Asia,2026,Brand Experience & Activation,brand-experience-activation,LIFE AFTER FIRE AND ASH,DISNEY,LEO,Live Brand Experience or Activation,Submitted,https://ascentialcdn.filespin.io/api/v1/conversion/e83ec84533dc420ebf94b35f06ff19f1?quality=85&format=webp,https://www.lovethework.com/work/entries/life-after-fire-and-ash-771122,/awards/spikes_asia/2026/campaigns/life-after-fire-and-ash-disney-leo-2026/
Spikes Asia,2026,Brand Experience & Activation,brand-experience-activation,UV LYNC,ULTRAVIOLETTE AUTOMOTIVE PRIVATE LIMITED,TGTHR,Tech-led Brand Experience,Submitted,https://ascentialcdn.filespin.io/api/v1/conversion/14a14ac3d1524791a5197666a0d6094c?quality=85&format=webp,https://www.lovethework.com/work/entries/uv-lync-770662,/awards/spikes_asia/2026/campaigns/uv-lync-ultraviolette-automotive-private-limited-tgthr-2026-2/
Spikes Asia,2026,Brand Experience & Activation,brand-experience-activation,BEER HOLDER,BLUE GIRL,AB INBEV,Breakthrough on a Budget,Submitted,https://ascentialcdn.filespin.io/api/v1/conversion/01472e4eb9064a4ea45f4c7e63d3cc10?quality=85&format=webp,https://www.lovethework.com/work/entries/beer-holder-771369,/awards/spikes_asia/2026/campaigns/beer-holder-blue-girl-ab-inbev-2026-2/
Spikes Asia,2026,Brand Experience & Activation,brand-experience-activation,UV LYNC,ULTRAVIOLETTE AUTOMOTIVE PRIVATE LIMITED,TGTHR,Use of Mobile & Devices,Submitted,https://ascentialcdn.filespin.io/api/v1/conversion/14a14ac3d1524791a5197666a0d6094c?quality=85&format=webp,https://www.lovethework.com/work/entries/uv-lync-770653,/awards/spikes_asia/2026/campaigns/uv-lync-ultraviolette-automotive-private-limited-tgthr-2026-3/
Spikes Asia,2026,Brand Experience & Activation,brand-experience-activation,KLOOK GO WILD WITH TRAVEL,KLOOK,GREY,Single-market Campaign,Submitted,https://ascentialcdn.filespin.io/api/v1/conversion/89e4bfeaecb14b71aa36ebe8f95090e3?quality=85&format=webp,https://www.lovethework.com/work/entries/klook-go-wild-with-travel-773017,/awards/spikes_asia/2026/campaigns/klook-go-wild-with-travel-klook-grey-2026-2/
Spikes Asia,2026,Brand Experience & Activation,brand-experience-activation,BACK TO THE BEGINNING,MCDONALD'S HONG KONG,BBDO HONG KONG,Single-market Campaign,Submitted,https://ascentialcdn.filespin.io/api/v1/conversion/c3fa72c981fe4a84bcb4ea6effd5b968?quality=85&format=webp,https://www.lovethework.com/work/entries/back-to-the-beginning-770519,/awards/spikes_asia/2026/campaigns/back-to-the-beginning-mcdonalds-hong-kong-bbdo-hong-kong-2026/
Spikes Asia,2026,Brand Experience & Activation,brand-experience-activation,ANZ X AUCKLAND FC RECORD SEASON,ANZ BANK NEW ZEALAND,TBWA\NEW ZEALAND,Sponsorship & Brand Partnerships,Submitted,https://ascentialcdn.filespin.io/api/v1/conversion/e056df34a66a457884e18f19532f307c?quality=85&format=webp,https://www.lovethework.com/work/entries/anz-x-auckland-fc-record-season-770617,/awards/spikes_asia/2026/campaigns/anz-x-auckland-fc-record-season-anz-bank-new-zealand-tbwanew-zealand-2026/
Spikes Asia,2026,Brand Experience & Activation,brand-experience-activation,THE ACQUITTED RAMEN RETURNS,SAMYANG FOODS,INNORED,Launch/Relaunch,Submitted,https://ascentialcdn.filespin.io/api/v1/conversion/fa4aafa640e645388c768706e172b188?quality=85&format=webp,https://www.lovethework.com/work/entries/the-acquitted-ramen-returns-770447,/awards/spikes_asia/2026/campaigns/the-acquitted-ramen-returns-samyang-foods-innored-2026/
Spikes Asia,2026,Brand Experience & Activation,brand-experience-activation,THE HUNGRY GAMES,SNICKERS,MIND SPARK,Live Brand Experience or Activation,Submitted,https://ascentialcdn.filespin.io/api/v1/conversion/2fd1467813c4441a83df472525db8010?quality=85&format=webp,https://www.lovethework.com/work/entries/the-hungry-games-771108,/awards/spikes_asia/2026/campaigns/the-hungry-games-snickers-mind-spark-2026-2/
Spikes Asia,2026,Brand Experience & Activation,brand-experience-activation,SMART USAGE BY MOBICOM,MOBICOM LLC,MOBICOM,Social Behaviour,Submitted,https://ascentialcdn.filespin.io/api/v1/conversion/f088c6161578477bb3ffca9c1f71dd9b?quality=85&format=webp,https://www.lovethework.com/work/entries/smart-usage-by-mobicom-769824,/awards/spikes_asia/2026/campaigns/smart-usage-by-mobicom-mobicom-llc-mobicom-2026/
Spikes Asia,2026,Brand Experience & Activation,brand-experience-activation,FLIPKART- LINE SEVAK,FLIPKART,McCANN INDIA,Breakthrough on a Budget,Submitted,https://ascentialcdn.filespin.io/api/v1/conversion/ccff06640f764678a6b8ddc4e11d66de?quality=85&format=webp,https://www.lovethework.com/work/entries/flipkart-line-sevak-771265,/awards/spikes_asia/2026/campaigns/flipkart-line-sevak-flipkart-mccann-india-2026-3/
Spikes Asia,2026,Brand Experience & Activation,brand-experience-activation,DROP CART DRAW,LOTUS'S,VML,Retail Promotions & Competitions,Submitted,https://ascentialcdn.filespin.io/api/v1/conversion/8d21805e36d448c59ba7e9cac722d056?quality=85&format=webp,https://www.lovethework.com/work/entries/drop-cart-draw-770791,/awards/spikes_asia/2026/campaigns/drop-cart-draw-lotuss-vml-2026/
Spikes Asia,2026,Brand Experience & Activation,brand-experience-activation,SMART USAGE BY MOBICOM,MOBICOM LLC,MOBICOM,Corporate Purpose & Social Responsibility,Submitted,https://ascentialcdn.filespin.io/api/v1/conversion/135327e41ec64c1a8deab8c6d69a006a?quality=85&format=webp,https://www.lovethework.com/work/entries/smart-usage-by-mobicom-769816,/awards/spikes_asia/2026/campaigns/smart-usage-by-mobicom-mobicom-llc-mobicom-2026-2/
Spikes Asia,2026,Brand Experience & Activation,brand-experience-activation,"HELLO, BRUTUS.",BRUTUS / GOOGLE GEMINI,DENTSU CREATIVE PICTURES,New Realities & Emerging Tech,Submitted,https://ascentialcdn.filespin.io/api/v1/conversion/721faae0bed4470fb2f5f86df56dc201?quality=85&format=webp,https://www.lovethework.com/work/entries/hello-brutus-770530,/awards/spikes_asia/2026/campaigns/hello-brutus-brutus-google-gemini-dentsu-creative-pictures-2026/
Spikes Asia,2026,Brand Experience & Activation,brand-experience-activation,RENAULT KIGER GAMING OOH,RENAULT,SAATCHI & SAATCHI INDIA,Use of Mobile & Devices,Submitted,https://ascentialcdn.filespin.io/api/v1/conversion/2866804336034b4c80c8502a7f580aa5?quality=85&format=webp,https://www.lovethework.com/work/entries/renault-kiger-gaming-ooh-770424,/awards/spikes_asia/2026/campaigns/renault-kiger-gaming-ooh-renault-saatchi-and-saatchi-india-2026-2/
Spikes Asia,2026,Brand Experience & Activation,brand-experience-activation,THE JUMP ROPE EXPERIENCE,NETFLIX,GIGIL,Tech-led Brand Experience,Submitted,https://ascentialcdn.filespin.io/api/v1/conversion/ee25a446cdd74f549e6d9b93b7feb2aa?quality=85&format=webp,https://www.lovethework.com/work/entries/the-jump-rope-experience-769805,/awards/spikes_asia/2026/campaigns/the-jump-rope-experience-netflix-gigil-2026/
Spikes Asia,2026,Brand Experience & Activation,brand-experience-activation,SNICKERS 2025 'ON THE GO' CAMPAIGN,SNICKERS,HORIZON,360 Integrated Brand Experience,Submitted,https://ascentialcdn.filespin.io/api/v1/conversion/95289b943f6e4a1d9df8ddcd538affed?quality=85&format=webp,https://www.lovethework.com/work/entries/snickers-2025-on-the-go-campaign-770969,/awards/spikes_asia/2026/campaigns/snickers-2025-on-the-go-campaign-snickers-horizon-2026/
Spikes Asia,2026,Brand Experience & Activation,brand-experience-activation,GAMEJOY: THE UNIVERSAL GAMER CASH,JOLLIBEE PHILIPPINES,OCTOPUS & WHALE,Gaming-Led Brand Experience,Submitted,https://ascentialcdn.filespin.io/api/v1/conversion/f4240105493e4e09b51a24fa9fb71fb6?quality=85&format=webp,https://www.lovethework.com/work/entries/gamejoy-the-universal-gamer-cash-771138,/awards/spikes_asia/2026/campaigns/gamejoy-the-universal-gamer-cash-jollibee-philippines-octopus-and-whale-2026/
Spikes Asia,2026,Creative Commerce,creative-commerce,APP O'CLOCK,TELSTRA,+61,Customer Acquisition & Retention,Shortlist,https://ascentialcdn.filespin.io/api/v1/conversion/469a9d9954a74cc480cb9797996a635f?quality=85&format=webp,https://www.lovethework.com/work/entries/app-oclock-770474,/awards/spikes_asia/2026/campaigns/app-oclock-telstra-61-2026/
Spikes Asia,2026,Creative Commerce,creative-commerce,FLIPPIN' AMAZIN',FLIPKART,LEO,eCommerce Websites/Apps,Shortlist,https://ascentialcdn.filespin.io/api/v1/conversion/5563576735ea44fb9d6a455bdf0d302f?quality=85&format=webp,https://www.lovethework.com/work/entries/flippin-amazin-771433,/awards/spikes_asia/2026/campaigns/flippin-amazin-flipkart-leo-2026/
Spikes Asia,2026,Creative Commerce,creative-commerce,STREAMING OUT LOUD,KUAISHOU,TOPIC & LOONG,Inclusive Commerce,Shortlist,https://ascentialcdn.filespin.io/api/v1/conversion/a8849a17e8a54ea6b7f67ab3f916654c?quality=85&format=webp,https://www.lovethework.com/work/entries/streaming-out-loud-772650,/awards/spikes_asia/2026/campaigns/streaming-out-loud-kuaishou-topic-and-loong-2026-2/
Spikes Asia,2026,Creative Commerce,creative-commerce,THE SPONSORED TRUTH,SAMSUNG,LEO,"Targeting, Insights and Personalisation",Shortlist,https://ascentialcdn.filespin.io/api/v1/conversion/4109705e25d64c209befc8b73c6713dd?quality=85&format=webp,https://www.lovethework.com/work/entries/the-sponsored-truth-770988,/awards/spikes_asia/2026/campaigns/the-sponsored-truth-samsung-leo-2026/
Spikes Asia,2026,Creative Commerce,creative-commerce,VASELINE VERIFIED,VASELINE,OGILVY,Social/Influencer Commerce,Shortlist,https://ascentialcdn.filespin.io/api/v1/conversion/9d54a70f009d42e1a49944d1de6a39a0?quality=85&format=webp,https://www.lovethework.com/work/entries/vaseline-verified-771429,/awards/spikes_asia/2026/campaigns/vaseline-verified-vaseline-ogilvy-2026/
Spikes Asia,2026,Creative Commerce,creative-commerce,HEINEKEN TRUST BARS,HEINEKEN,LEPUB,In-Store Experiences,Shortlist,https://ascentialcdn.filespin.io/api/v1/conversion/b88a9669ca90417ebddf25d1e8cef9d7?quality=85&format=webp,https://www.lovethework.com/work/entries/heineken-trust-bars-770843,/awards/spikes_asia/2026/campaigns/heineken-trust-bars-heineken-lepub-2026-3/
Spikes Asia,2026,Creative Commerce,creative-commerce,KARANGAHAPE RETURNS,KARANGAHAPE BUSINESS ASSOCIATION,MOTION SICKNESS,Breakthrough on a Budget,Shortlist,https://ascentialcdn.filespin.io/api/v1/conversion/5b68e69454ec42ca8a76a153ce713029?quality=85&format=webp,https://www.lovethework.com/work/entries/karangahape-returns-770741,/awards/spikes_asia/2026/campaigns/karangahape-returns-karangahape-business-association-motion-sickness-2026-2/
Spikes Asia,2026,Creative Commerce,creative-commerce,HEINEKEN TRUST BARS,HEINEKEN,LEPUB,Social Behaviour,Shortlist,https://ascentialcdn.filespin.io/api/v1/conversion/b88a9669ca90417ebddf25d1e8cef9d7?quality=85&format=webp,https://www.lovethework.com/work/entries/heineken-trust-bars-772651,/awards/spikes_asia/2026/campaigns/heineken-trust-bars-heineken-lepub-2026-4/
Spikes Asia,2026,Creative Commerce,creative-commerce,GAMERS ON DUTY,LENOVO,LEO,Entertainment Commerce,Shortlist,https://ascentialcdn.filespin.io/api/v1/conversion/6756b104632a4778a34700b1371cfacf?quality=85&format=webp,https://www.lovethework.com/work/entries/gamers-on-duty-771289,/awards/spikes_asia/2026/campaigns/gamers-on-duty-lenovo-leo-2026-4/
Spikes Asia,2026,Creative Commerce,creative-commerce,THE RECYCLING RETHINK,PEPSI,SPECIAL,Innovative use of Commerce Channel,Shortlist,https://ascentialcdn.filespin.io/api/v1/conversion/b274ab59bc944bc3a02b5258b0418288?quality=85&format=webp,https://www.lovethework.com/work/entries/the-recycling-rethink-770620,/awards/spikes_asia/2026/campaigns/the-recycling-rethink-pepsi-special-2026/
Spikes Asia,2026,Creative Commerce,creative-commerce,STREAMING OUT LOUD,KUAISHOU,TOPIC & LOONG,Customer Acquisition & Retention,Shortlist,https://ascentialcdn.filespin.io/api/v1/conversion/a8849a17e8a54ea6b7f67ab3f916654c?quality=85&format=webp,https://www.lovethework.com/work/entries/streaming-out-loud-770863,/awards/spikes_asia/2026/campaigns/streaming-out-loud-kuaishou-topic-and-loong-2026-3/
Spikes Asia,2026,Creative Commerce,creative-commerce,GAMERS ON DUTY,LENOVO,LEO,Media/Entertainment,Shortlist,https://ascentialcdn.filespin.io/api/v1/conversion/6756b104632a4778a34700b1371cfacf?quality=85&format=webp,https://www.lovethework.com/work/entries/gamers-on-duty-771314,/awards/spikes_asia/2026/campaigns/gamers-on-duty-lenovo-leo-2026-5/
Spikes Asia,2026,Creative Commerce,creative-commerce,G-ROCK FESTIVAL (GMARKET ROCK FESTIVAL),GMARKET INC.,CHAI COMMUNICATION,Challenger Brand,Submitted,https://ascentialcdn.filespin.io/api/v1/conversion/d3690036cfba4e08a764a96333ef2c62?quality=85&format=webp,https://www.lovethework.com/work/entries/g-rock-festival-gmarket-rock-festival-770866,/awards/spikes_asia/2026/campaigns/g-rock-festival-gmarket-rock-festival-gmarket-inc-chai-communication-2026/
Spikes Asia,2026,Creative Commerce,creative-commerce,GAMEJOY: THE UNIVERSAL GAMER CASH,JOLLIBEE PHILIPPINES,OCTOPUS & WHALE,Entertainment Commerce,Submitted,https://ascentialcdn.filespin.io/api/v1/conversion/f4240105493e4e09b51a24fa9fb71fb6?quality=85&format=webp,https://www.lovethework.com/work/entries/gamejoy-the-universal-gamer-cash-771128,/awards/spikes_asia/2026/campaigns/gamejoy-the-universal-gamer-cash-jollibee-philippines-octopus-and-whale-2026-2/
Spikes Asia,2026,Creative Commerce,creative-commerce,WEDDING CRASHERS,UNIFI,GROWTHOPS MALAYSIA,Entertainment Commerce,Submitted,https://ascentialcdn.filespin.io/api/v1/conversion/94dbdd882cc741389113d9f872d8947e?quality=85&format=webp,https://www.lovethework.com/work/entries/wedding-crashers-771370,/awards/spikes_asia/2026/campaigns/wedding-crashers-unifi-growthops-malaysia-2026/
Spikes Asia,2026,Creative Commerce,creative-commerce,THE POWER OF TOUCH,VISA,BEACON COMMUNICATIONS,Corporate Purpose & Social Responsibility,Submitted,https://ascentialcdn.filespin.io/api/v1/conversion/d81a957ecb564a059795e17b67d93c28?quality=85&format=webp,https://www.lovethework.com/work/entries/the-power-of-touch-771143,/awards/spikes_asia/2026/campaigns/the-power-of-touch-visa-beacon-communications-2026/
Spikes Asia,2026,Creative Commerce,creative-commerce,FANS FRIES MEAL,MCDONALD’S MALAYSIA,LEO,In-Store Experiences,Submitted,https://ascentialcdn.filespin.io/api/v1/conversion/55a3de75a62448068d4eba6a4c600c47?quality=85&format=webp,https://www.lovethework.com/work/entries/fans-fries-meal-770916,/awards/spikes_asia/2026/campaigns/fans-fries-meal-mcdonalds-malaysia-leo-2026-2/
Spikes Asia,2026,Creative Commerce,creative-commerce,FLIPPIN' AMAZIN',FLIPKART,LEO,Challenger Brand,Submitted,https://ascentialcdn.filespin.io/api/v1/conversion/5563576735ea44fb9d6a455bdf0d302f?quality=85&format=webp,https://www.lovethework.com/work/entries/flippin-amazin-771438,/awards/spikes_asia/2026/campaigns/flippin-amazin-flipkart-leo-2026-2/
Spikes Asia,2026,Creative Commerce,creative-commerce,BANNER AD CHANGEROOM,THE ICONIC,DENTSU CREATIVE,Innovative use of Commerce Channel,Submitted,https://ascentialcdn.filespin.io/api/v1/conversion/281de0055d2d47319ac082924dcb8253?quality=85&format=webp,https://www.lovethework.com/work/entries/banner-ad-changeroom-771490,/awards/spikes_asia/2026/campaigns/banner-ad-changeroom-the-iconic-dentsu-creative-2026-3/
Spikes Asia,2026,Creative Commerce,creative-commerce,COMFEE×MIXUE｜OVERSEAS MARKETING IN SOUTHEAST ASIA - DOUBLE CHILL DOUBLE COOL,COMFEE,GUANGDONG MIDEA REFRIGERATION EQUIPMENT COMPANY,Brand Strategy,Submitted,https://ascentialcdn.filespin.io/api/v1/conversion/ff13a71e87c44d9182ce3732898d0e5c?quality=85&format=webp,https://www.lovethework.com/work/entries/comfeemixueoverseas-marketing-in-southeast-asia-double-chill-double-cool-771208,/awards/spikes_asia/2026/campaigns/comfeemixueoverseas-marketing-in-southeast-asia-double-chill-double-cool-comfee-guangdong-midea-refrigeration-equipment/
Spikes Asia,2026,Creative Commerce,creative-commerce,G-ROCK FESTIVAL (GMARKET ROCK FESTIVAL),GMARKET INC.,CHAI COMMUNICATION,Use of Humour,Submitted,https://ascentialcdn.filespin.io/api/v1/conversion/317b3ef544ea4b3ab6038445f92640a8?quality=85&format=webp,https://www.lovethework.com/work/entries/g-rock-festival-gmarket-rock-festival-770871,/awards/spikes_asia/2026/campaigns/g-rock-festival-gmarket-rock-festival-gmarket-inc-chai-communication-2026-2/
Spikes Asia,2026,Creative Commerce,creative-commerce,THE SHAKE EXPRESS,BOLD84,"HAPPINESS, AN FCB ALLIANCE",Challenger Brand,Submitted,https://ascentialcdn.filespin.io/api/v1/conversion/cf544869018d44a1b13860b517e8494b?quality=85&format=webp,https://www.lovethework.com/work/entries/the-shake-express-771136,/awards/spikes_asia/2026/campaigns/the-shake-express-bold84-happiness-an-fcb-alliance-2026-3/
Spikes Asia,2026,Creative Commerce,creative-commerce,MAHJONG COFFEE,BOSS,DENTSU INC.,Entertainment Commerce,Submitted,https://ascentialcdn.filespin.io/api/v1/conversion/b22b3ef4bedb409388969a938827fefb?quality=85&format=webp,https://www.lovethework.com/work/entries/mahjong-coffee-770362,/awards/spikes_asia/2026/campaigns/mahjong-coffee-boss-dentsu-inc-2026/
Spikes Asia,2026,Creative Commerce,creative-commerce,EMPTY BUT THE FULLEST LUNCHBOX,UNICEF,DAEHONG COMMUNICATIONS,Brand Strategy,Submitted,https://ascentialcdn.filespin.io/api/v1/conversion/5575384fc7e742b29dd67a25a4e55f17?quality=85&format=webp,https://www.lovethework.com/work/entries/empty-but-the-fullest-lunchbox-770256,/awards/spikes_asia/2026/campaigns/empty-but-the-fullest-lunchbox-unicef-daehong-communications-2026-2/
Spikes Asia,2026,Creative Commerce,creative-commerce,THE OMEGANG,UFARM,YELL ADVERTISING,Challenger Brand,Submitted,https://ascentialcdn.filespin.io/api/v1/conversion/f51380a85d024799a24dd909787583e3?quality=85&format=webp,https://www.lovethework.com/work/entries/the-omegang-770265,/awards/spikes_asia/2026/campaigns/the-omegang-ufarm-yell-advertising-2026/
Spikes Asia,2026,Creative Commerce,creative-commerce,MINI: NO BASIC OFFERS,MINI CHINA,TBWA\CHINA,Market Disruption,Submitted,https://ascentialcdn.filespin.io/api/v1/conversion/22d348cbc75f438e9a05a3beb29aa3d2?quality=85&format=webp,https://www.lovethework.com/work/entries/mini-no-basic-offers-772649,/awards/spikes_asia/2026/campaigns/mini-no-basic-offers-mini-china-tbwachina-2026/
Spikes Asia,2026,Creative Commerce,creative-commerce,SAUCE REDEMPTION,KFC THAILAND,BRILLIANT & MILLION,Customer Acquisition & Retention,Submitted,https://ascentialcdn.filespin.io/api/v1/conversion/d1133d1658bf410d8abc8dae53da731b?quality=85&format=webp,https://www.lovethework.com/work/entries/sauce-redemption-770248,/awards/spikes_asia/2026/campaigns/sauce-redemption-kfc-thailand-brilliant-and-million-2026/
Spikes Asia,2026,Creative Commerce,creative-commerce,APP O'CLOCK,TELSTRA,+61,Mobile-led Commerce,Submitted,https://ascentialcdn.filespin.io/api/v1/conversion/469a9d9954a74cc480cb9797996a635f?quality=85&format=webp,https://www.lovethework.com/work/entries/app-oclock-770461,/awards/spikes_asia/2026/campaigns/app-oclock-telstra-61-2026-2/
Spikes Asia,2026,Creative Commerce,creative-commerce,DROP CART DRAW,LOTUS'S,VML,Market Disruption,Submitted,https://ascentialcdn.filespin.io/api/v1/conversion/8d21805e36d448c59ba7e9cac722d056?quality=85&format=webp,https://www.lovethework.com/work/entries/drop-cart-draw-770751,/awards/spikes_asia/2026/campaigns/drop-cart-draw-lotuss-vml-2026-2/
Spikes Asia,2026,Creative Commerce,creative-commerce,BANNER AD CHANGEROOM,THE ICONIC,DENTSU CREATIVE,Inclusive Commerce,Submitted,https://ascentialcdn.filespin.io/api/v1/conversion/281de0055d2d47319ac082924dcb8253?quality=85&format=webp,https://www.lovethework.com/work/entries/banner-ad-changeroom-771487,/awards/spikes_asia/2026/campaigns/banner-ad-changeroom-the-iconic-dentsu-creative-2026-4/
Spikes Asia,2026,Creative Commerce,creative-commerce,HEINEKEN TRUST BARS,HEINEKEN,LEPUB,Payment Solutions,Submitted,https://ascentialcdn.filespin.io/api/v1/conversion/b88a9669ca90417ebddf25d1e8cef9d7?quality=85&format=webp,https://www.lovethework.com/work/entries/heineken-trust-bars-770725,/awards/spikes_asia/2026/campaigns/heineken-trust-bars-heineken-lepub-2026-5/
Spikes Asia,2026,Creative Commerce,creative-commerce,MAHJONG COFFEE,BOSS,DENTSU INC.,Consumer Goods,Submitted,https://ascentialcdn.filespin.io/api/v1/conversion/9b3f098549ce494882270abd7fb213cf?quality=85&format=webp,https://www.lovethework.com/work/entries/mahjong-coffee-770322,/awards/spikes_asia/2026/campaigns/mahjong-coffee-boss-dentsu-inc-2026-2/
Spikes Asia,2026,Creative Commerce,creative-commerce,PROTECT WHAT MATTERS WITH CERTIS SAFE DEPOSIT BOX,SAFE DEPOSIT BOX BY CERTIS,CERTIS,Consumer Services/Business to Business,Submitted,https://ascentialcdn.filespin.io/api/v1/conversion/2db8803f81904a67b618aa8d380eb2fc?quality=85&format=webp,https://www.lovethework.com/work/entries/protect-what-matters-with-certis-safe-deposit-box-771322,/awards/spikes_asia/2026/campaigns/protect-what-matters-with-certis-safe-deposit-box-safe-deposit-box-by-certis-certis-2026-3/
Spikes Asia,2026,Creative Commerce,creative-commerce,SAVE ME,FAMILYMART,THE BREAKTHROUGH COMPANY GO,Commerce Media,Submitted,https://ascentialcdn.filespin.io/api/v1/conversion/50321f448e6141988fe36af2a216f0c3?quality=85&format=webp,https://www.lovethework.com/work/entries/save-me-770400,/awards/spikes_asia/2026/campaigns/save-me-familymart-the-breakthrough-company-go-2026/
Spikes Asia,2026,Creative Commerce,creative-commerce,THE GUINEA PIG SCHEME,ONE NEW ZEALAND,FCB NEW ZEALAND,Mobile-led Commerce,Submitted,https://ascentialcdn.filespin.io/api/v1/conversion/cf12f1b5de1841d08885514226260872?quality=85&format=webp,https://www.lovethework.com/work/entries/the-guinea-pig-scheme-770644,/awards/spikes_asia/2026/campaigns/the-guinea-pig-scheme-one-new-zealand-fcb-new-zealand-2026-2/
Spikes Asia,2026,Creative Commerce,creative-commerce,BULE GIRL THE MOON LOTTO,BLUE GIRL,BLUE GIRL BEER,Social Behaviour,Submitted,https://ascentialcdn.filespin.io/api/v1/conversion/3d1f9a7e58624744bd264a68eb08343d?quality=85&format=webp,https://www.lovethework.com/work/entries/bule-girl-the-moon-lotto-771009,/awards/spikes_asia/2026/campaigns/bule-girl-the-moon-lotto-blue-girl-blue-girl-beer-2026-3/
Spikes Asia,2026,Creative Commerce,creative-commerce,THE CORNER STORE CONCERT,BIRDY®,ACCENTURE SONG,In-Store Experiences,Submitted,https://ascentialcdn.filespin.io/api/v1/conversion/95d94d56662946d8ae13af574c3d9d27?quality=85&format=webp,https://www.lovethework.com/work/entries/the-corner-store-concert-770405,/awards/spikes_asia/2026/campaigns/the-corner-store-concert-birdy-accenture-song-2026-2/
Spikes Asia,2026,Creative Commerce,creative-commerce,NUTRITION FLIGHT REVOLUTION: ZESPRI'S QUICK-CHARGE,ZESPRI,MINDSHARE,Innovative use of Commerce Channel,Submitted,https://ascentialcdn.filespin.io/api/v1/conversion/7884caf27a5f413ba4b4f6f6c7e7aac0?quality=85&format=webp,https://www.lovethework.com/work/entries/nutrition-flight-revolution-zespris-quick-charge-770394,/awards/spikes_asia/2026/campaigns/nutrition-flight-revolution-zespris-quick-charge-zespri-mindshare-2026/
Spikes Asia,2026,Creative Commerce,creative-commerce,COMMUTER CAMO,KITKAT,VML,Social/Influencer Commerce,Submitted,https://ascentialcdn.filespin.io/api/v1/conversion/ac85ce71291846cdb92574057a940792?quality=85&format=webp,https://www.lovethework.com/work/entries/commuter-camo-770353,/awards/spikes_asia/2026/campaigns/commuter-camo-kitkat-vml-2026-4/
Spikes Asia,2026,Creative Commerce,creative-commerce,COMMUTER CAMO,KITKAT,VML,Consumer Goods,Submitted,https://ascentialcdn.filespin.io/api/v1/conversion/ac85ce71291846cdb92574057a940792?quality=85&format=webp,https://www.lovethework.com/work/entries/commuter-camo-770334,/awards/spikes_asia/2026/campaigns/commuter-camo-kitkat-vml-2026-5/
Spikes Asia,2026,Creative Commerce,creative-commerce,DROP CART DRAW,LOTUS'S,VML,Commerce Media,Submitted,https://ascentialcdn.filespin.io/api/v1/conversion/8d21805e36d448c59ba7e9cac722d056?quality=85&format=webp,https://www.lovethework.com/work/entries/drop-cart-draw-770827,/awards/spikes_asia/2026/campaigns/drop-cart-draw-lotuss-vml-2026-3/
Spikes Asia,2026,Creative Commerce,creative-commerce,"HEAR BELLS, THINK TACOS",TACO BELL,SUPERMASSIVE,"Travel, Leisure, Retail, Restaurants & Fast Food Chains",Submitted,https://ascentialcdn.filespin.io/api/v1/conversion/a8ca96b408bd4a8ba740175ac3efae76?quality=85&format=webp,https://www.lovethework.com/work/entries/hear-bells-think-tacos-770344,/awards/spikes_asia/2026/campaigns/hear-bells-think-tacos-taco-bell-supermassive-2026-3/
Spikes Asia,2026,Creative Commerce,creative-commerce,FLIPPIN' AMAZIN',FLIPKART,LEO,Mobile-led Commerce,Submitted,https://ascentialcdn.filespin.io/api/v1/conversion/5563576735ea44fb9d6a455bdf0d302f?quality=85&format=webp,https://www.lovethework.com/work/entries/flippin-amazin-771472,/awards/spikes_asia/2026/campaigns/flippin-amazin-flipkart-leo-2026-3/
Spikes Asia,2026,Creative Commerce,creative-commerce,KARANGAHAPE RETURNS,KARANGAHAPE BUSINESS ASSOCIATION,MOTION SICKNESS,In-Store Experiences,Submitted,https://ascentialcdn.filespin.io/api/v1/conversion/5b68e69454ec42ca8a76a153ce713029?quality=85&format=webp,https://www.lovethework.com/work/entries/karangahape-returns-773077,/awards/spikes_asia/2026/campaigns/karangahape-returns-karangahape-business-association-motion-sickness-2026-3/
Spikes Asia,2026,Creative Commerce,creative-commerce,DROP CART DRAW,LOTUS'S,VML,"Targeting, Insights and Personalisation",Submitted,https://ascentialcdn.filespin.io/api/v1/conversion/8d21805e36d448c59ba7e9cac722d056?quality=85&format=webp,https://www.lovethework.com/work/entries/drop-cart-draw-773076,/awards/spikes_asia/2026/campaigns/drop-cart-draw-lotuss-vml-2026-4/
Spikes Asia,2026,Creative Commerce,creative-commerce,COMMUTER CAMO,KITKAT,VML,Entertainment Commerce,Submitted,https://ascentialcdn.filespin.io/api/v1/conversion/ac85ce71291846cdb92574057a940792?quality=85&format=webp,https://www.lovethework.com/work/entries/commuter-camo-770378,/awards/spikes_asia/2026/campaigns/commuter-camo-kitkat-vml-2026-6/
Spikes Asia,2026,Creative Commerce,creative-commerce,THE SELECTED ME-SEUM : REDEFINING K-GOURMET & BEAUTY IN E-COMMERCE,SSG.COM,HSAD,Omnichannel Commerce,Submitted,https://ascentialcdn.filespin.io/api/v1/conversion/9c1d684e1b974ad999fd7c8543ce30d0?quality=85&format=webp,https://www.lovethework.com/work/entries/the-selected-me-seum-redefining-k-gourmet-beauty-in-e-commerce-770390,/awards/spikes_asia/2026/campaigns/the-selected-me-seum-redefining-k-gourmet-and-beauty-in-e-commerce-ssgcom-hsad-2026/
Spikes Asia,2026,Creative Commerce,creative-commerce,TAP PAY FOR BUSINESS,JAZZCASH,FISHBOWL,Mobile-led Commerce,Submitted,https://ascentialcdn.filespin.io/api/v1/conversion/63dbbad1cb5c400ca6dee26e9e9756e1?quality=85&format=webp,https://www.lovethework.com/work/entries/tap-pay-for-business-770497,/awards/spikes_asia/2026/campaigns/tap-pay-for-business-jazzcash-fishbowl-2026/
Spikes Asia,2026,Creative Commerce,creative-commerce,MCDONALD'S X SQUID GAME: DARE TO PLAY,MCDONALD'S AUSTRALIA,AKCELO,Entertainment Commerce,Submitted,https://ascentialcdn.filespin.io/api/v1/conversion/e105a78f0f4249d09c942766f7b6fa0d?quality=85&format=webp,https://www.lovethework.com/work/entries/mcdonalds-x-squid-game-dare-to-play-771476,/awards/spikes_asia/2026/campaigns/mcdonalds-x-squid-game-dare-to-play-mcdonalds-australia-akcelo-2026-3/
Spikes Asia,2026,Direct,direct,SAFE SKETCH,SAVE THE CHILDREN,CHEIL HONG KONG,Use of Mobile,Shortlist,https://ascentialcdn.filespin.io/api/v1/conversion/991e49a6692f4e8fb5deba0b937366de?quality=85&format=webp,https://www.lovethework.com/work/entries/safe-sketch-769704,/awards/spikes_asia/2026/campaigns/safe-sketch-save-the-children-cheil-hong-kong-2026-4/
Spikes Asia,2026,Direct,direct,GAMIFRIES,MCDONALD'S,BBH SINGAPORE,Small-Scale Media,Shortlist,https://ascentialcdn.filespin.io/api/v1/conversion/bdf7dd23ad57403198f47f192fa9c0db?quality=85&format=webp,https://www.lovethework.com/work/entries/gamifries-771038,/awards/spikes_asia/2026/campaigns/gamifries-mcdonalds-bbh-singapore-2026-3/
Spikes Asia,2026,Direct,direct,TOXIC BACKFIRE,SAMSUNG,CHEIL PENGTAI BEIJING,Use of Mobile,Shortlist,https://ascentialcdn.filespin.io/api/v1/conversion/de25773a856041d1ac037682e229dc01?quality=85&format=webp,https://www.lovethework.com/work/entries/toxic-backfire-769696,/awards/spikes_asia/2026/campaigns/toxic-backfire-samsung-cheil-pengtai-beijing-2026-4/
Spikes Asia,2026,Direct,direct,SHOPNODHORA PLOT FARMING,SHOPNODHORA,POP5,Social Behaviour,Shortlist,https://ascentialcdn.filespin.io/api/v1/conversion/1b004cb342d344468cec0eab1b7f089b?quality=85&format=webp,https://www.lovethework.com/work/entries/shopnodhora-plot-farming-772621,/awards/spikes_asia/2026/campaigns/shopnodhora-plot-farming-shopnodhora-pop5-2026/
Spikes Asia,2026,Direct,direct,TOXIC BACKFIRE,SAMSUNG,CHEIL PENGTAI BEIJING,Corporate Purpose & Social Responsibility,Shortlist,https://ascentialcdn.filespin.io/api/v1/conversion/de25773a856041d1ac037682e229dc01?quality=85&format=webp,https://www.lovethework.com/work/entries/toxic-backfire-772625,/awards/spikes_asia/2026/campaigns/toxic-backfire-samsung-cheil-pengtai-beijing-2026-5/
Spikes Asia,2026,Direct,direct,VASELINE VERIFIED,VASELINE,OGILVY,Use of Social Platforms,Shortlist,https://ascentialcdn.filespin.io/api/v1/conversion/9d54a70f009d42e1a49944d1de6a39a0?quality=85&format=webp,https://www.lovethework.com/work/entries/vaseline-verified-770623,/awards/spikes_asia/2026/campaigns/vaseline-verified-vaseline-ogilvy-2026-2/
Spikes Asia,2026,Direct,direct,HEINEKEN STARRING BARS,HEINEKEN,LEPUB,Consumer Goods,Shortlist,https://ascentialcdn.filespin.io/api/v1/conversion/f9b474c037df4cfabc83ec05aa292f8f?quality=85&format=webp,https://www.lovethework.com/work/entries/heineken-starring-bars-772627,/awards/spikes_asia/2026/campaigns/heineken-starring-bars-heineken-lepub-2026-3/
Spikes Asia,2026,Direct,direct,"IF YOU CAN TAKE IT, IT'S YOURS",SELLEYS,HOWATSON AND COMPANY,Consumer Goods,Shortlist,https://ascentialcdn.filespin.io/api/v1/conversion/3172e0d181524de5b6802f2aef3eff7a?quality=85&format=webp,https://www.lovethework.com/work/entries/if-you-can-take-it-its-yours-770985,/awards/spikes_asia/2026/campaigns/if-you-can-take-it-its-yours-selleys-howatson-and-company-2026-4/
Spikes Asia,2026,Direct,direct,PATROL. IT'S OUT THERE.,NISSAN,TBWA\MELBOURNE,Large-Scale Media,Shortlist,https://ascentialcdn.filespin.io/api/v1/conversion/7970afb4b6654a119c1905d18fd0626d?quality=85&format=webp,https://www.lovethework.com/work/entries/patrol-its-out-there-770885,/awards/spikes_asia/2026/campaigns/patrol-its-out-there-nissan-tbwamelbourne-2026/
Spikes Asia,2026,Direct,direct,ONE NOODLE,HARAKU RAMEN,BLKJ HAVAS,"Travel, Leisure, Retail, Restaurants & Fast Food Chains",Shortlist,https://ascentialcdn.filespin.io/api/v1/conversion/f43a17e513764061a27d43ded5b71d1d?quality=85&format=webp,https://www.lovethework.com/work/entries/one-noodle-769673,/awards/spikes_asia/2026/campaigns/one-noodle-haraku-ramen-blkj-havas-2026-4/
Spikes Asia,2026,Direct,direct,"STOOL DONATION PLATFORM ""CHO-MUSUBI""",METAGEN THERAPEUTICS,DENTSU INC.,Healthcare,Shortlist,https://ascentialcdn.filespin.io/api/v1/conversion/f89d4957aa244002b57e3e4e2ea3a8fd?quality=85&format=webp,https://www.lovethework.com/work/entries/stool-donation-platform-cho-musubi-771424,/awards/spikes_asia/2026/campaigns/stool-donation-platform-cho-musubi-metagen-therapeutics-dentsu-inc-2026/
Spikes Asia,2026,Direct,direct,HEAR IN HIJAB,WARDAH,DENTSU CREATIVE,Cultural Engagement,Shortlist,https://ascentialcdn.filespin.io/api/v1/conversion/9112f7ac4a7441e4bdc51da034bd1f93?quality=85&format=webp,https://www.lovethework.com/work/entries/hear-in-hijab-770999,/awards/spikes_asia/2026/campaigns/hear-in-hijab-wardah-dentsu-creative-2026/
Spikes Asia,2026,Direct,direct,VOGEL'S TOASTCARDS,VOGEL'S,MCCANN NEW ZEALAND,Mailing/Programmatic Mail,Shortlist,https://ascentialcdn.filespin.io/api/v1/conversion/41e3cbd7f0844bdda82bf92c23c2ea90?quality=85&format=webp,https://www.lovethework.com/work/entries/vogels-toastcards-770459,/awards/spikes_asia/2026/campaigns/vogels-toastcards-vogels-mccann-new-zealand-2026/
Spikes Asia,2026,Direct,direct,SAVE ME,FAMILYMART,THE BREAKTHROUGH COMPANY GO,Social Behaviour,Shortlist,https://ascentialcdn.filespin.io/api/v1/conversion/50321f448e6141988fe36af2a216f0c3?quality=85&format=webp,https://www.lovethework.com/work/entries/save-me-769640,/awards/spikes_asia/2026/campaigns/save-me-familymart-the-breakthrough-company-go-2026-2/
Spikes Asia,2026,Direct,direct,THE HIDDEN EYE TEST,1001 OPTOMETRY,VML,"Travel, Leisure, Retail, Restaurants & Fast Food Chains",Shortlist,https://ascentialcdn.filespin.io/api/v1/conversion/5a867886473947dda55b0730a2da54aa?quality=85&format=webp,https://www.lovethework.com/work/entries/the-hidden-eye-test-769680,/awards/spikes_asia/2026/campaigns/the-hidden-eye-test-1001-optometry-vml-2026/
Spikes Asia,2026,Direct,direct,HEINEKEN STARRING BARS,HEINEKEN,LEPUB,Corporate Purpose & Social Responsibility,Shortlist,https://ascentialcdn.filespin.io/api/v1/conversion/f9b474c037df4cfabc83ec05aa292f8f?quality=85&format=webp,https://www.lovethework.com/work/entries/heineken-starring-bars-770733,/awards/spikes_asia/2026/campaigns/heineken-starring-bars-heineken-lepub-2026-4/
Spikes Asia,2026,Direct,direct,ACKO TAILOR,ACKO GENERAL INSURANCE LIMITED,LEO,Data-Driven Targeting,Shortlist,https://ascentialcdn.filespin.io/api/v1/conversion/e82941d6ae59462c8a4b451cb2aed8ed?quality=85&format=webp,https://www.lovethework.com/work/entries/acko-tailor-770935,/awards/spikes_asia/2026/campaigns/acko-tailor-acko-general-insurance-limited-leo-2026-3/
Spikes Asia,2026,Direct,direct,HAVEN,SUNCORP INSURANCE,LEO,Market Disruption,Shortlist,https://ascentialcdn.filespin.io/api/v1/conversion/84aed7977c9a47bda34303438f32a4e4?quality=85&format=webp,https://www.lovethework.com/work/entries/haven-771205,/awards/spikes_asia/2026/campaigns/haven-suncorp-insurance-leo-2026-3/
Spikes Asia,2026,Direct,direct,TILECHALK,DBL CERAMICS LIMITED,POP5,Consumer Services/Business to Business,Shortlist,https://ascentialcdn.filespin.io/api/v1/conversion/c74b843d05d54cc888aa720fc66399fc?quality=85&format=webp,https://www.lovethework.com/work/entries/tilechalk-772618,/awards/spikes_asia/2026/campaigns/tilechalk-dbl-ceramics-limited-pop5-2026/
Spikes Asia,2026,Direct,direct,HAVEN,SUNCORP INSURANCE,LEO,Corporate Purpose & Social Responsibility,Shortlist,https://ascentialcdn.filespin.io/api/v1/conversion/b6a0b45d9ca54521954bafa242bbd63f?quality=85&format=webp,https://www.lovethework.com/work/entries/haven-771198,/awards/spikes_asia/2026/campaigns/haven-suncorp-insurance-leo-2026-4/
Spikes Asia,2026,Direct,direct,VOICE WANTED,KOREAN NATIONAL POLICE AGENCY,CHEIL WORLDWIDE,Not-for-profit / Charity / Government,Shortlist,https://ascentialcdn.filespin.io/api/v1/conversion/9199098a45e3453fbbaebdd3a4294b15?quality=85&format=webp,https://www.lovethework.com/work/entries/voice-wanted-769731,/awards/spikes_asia/2026/campaigns/voice-wanted-korean-national-police-agency-cheil-worldwide-2026-2/
Spikes Asia,2026,Direct,direct,PEDIGREE®️ LIE DETECTOR,PEDIGREE®️,COLENSO BBDO,Consumer Goods,Shortlist,https://ascentialcdn.filespin.io/api/v1/conversion/e5811c04db794eed9361f582b515af84?quality=85&format=webp,https://www.lovethework.com/work/entries/pedigree-lie-detector-771146,/awards/spikes_asia/2026/campaigns/pedigree-lie-detector-pedigree-colenso-bbdo-2026/
Spikes Asia,2026,Direct,direct,NATIONAL GARDENING LEAGUE,YATES,HOWATSON AND COMPANY,Launch/Relaunch,Shortlist,https://ascentialcdn.filespin.io/api/v1/conversion/7e109d644f9c459ba37a15289dd60035?quality=85&format=webp,https://www.lovethework.com/work/entries/national-gardening-league-770997,/awards/spikes_asia/2026/campaigns/national-gardening-league-yates-howatson-and-company-2026-3/
Spikes Asia,2026,Direct,direct,THE HIDDEN EYE TEST,1001 OPTOMETRY,VML,Use of Print/Outdoor,Shortlist,https://ascentialcdn.filespin.io/api/v1/conversion/e9b64f127e1a4a558a0dc6c33a0c4be6?quality=85&format=webp,https://www.lovethework.com/work/entries/the-hidden-eye-test-769645,/awards/spikes_asia/2026/campaigns/the-hidden-eye-test-1001-optometry-vml-2026-2/
Spikes Asia,2026,Direct,direct,"IF YOU CAN TAKE IT, IT'S YOURS",SELLEYS,HOWATSON AND COMPANY,Use of Print/Outdoor,Shortlist,https://ascentialcdn.filespin.io/api/v1/conversion/3172e0d181524de5b6802f2aef3eff7a?quality=85&format=webp,https://www.lovethework.com/work/entries/if-you-can-take-it-its-yours-770914,/awards/spikes_asia/2026/campaigns/if-you-can-take-it-its-yours-selleys-howatson-and-company-2026-5/
Spikes Asia,2026,Direct,direct,SHOPNODHORA PLOT FARMING,SHOPNODHORA,POP5,Launch/Relaunch,Shortlist,https://ascentialcdn.filespin.io/api/v1/conversion/1b004cb342d344468cec0eab1b7f089b?quality=85&format=webp,https://www.lovethework.com/work/entries/shopnodhora-plot-farming-769746,/awards/spikes_asia/2026/campaigns/shopnodhora-plot-farming-shopnodhora-pop5-2026-2/
Spikes Asia,2026,Direct,direct,ONE NOODLE,HARAKU RAMEN,BLKJ HAVAS,Launch/Relaunch,Shortlist,https://ascentialcdn.filespin.io/api/v1/conversion/f43a17e513764061a27d43ded5b71d1d?quality=85&format=webp,https://www.lovethework.com/work/entries/one-noodle-769730,/awards/spikes_asia/2026/campaigns/one-noodle-haraku-ramen-blkj-havas-2026-5/
Spikes Asia,2026,Direct,direct,GAMIFRIES,MCDONALD'S,BBH SINGAPORE,Breakthrough on a Budget,Shortlist,https://ascentialcdn.filespin.io/api/v1/conversion/611b257441894808a5f211d854334b81?quality=85&format=webp,https://www.lovethework.com/work/entries/gamifries-772631,/awards/spikes_asia/2026/campaigns/gamifries-mcdonalds-bbh-singapore-2026-4/
Spikes Asia,2026,Direct,direct,ONE NOODLE,HARAKU RAMEN,BLKJ HAVAS,Challenger Brand,Shortlist,https://ascentialcdn.filespin.io/api/v1/conversion/f43a17e513764061a27d43ded5b71d1d?quality=85&format=webp,https://www.lovethework.com/work/entries/one-noodle-769753,/awards/spikes_asia/2026/campaigns/one-noodle-haraku-ramen-blkj-havas-2026-6/
Spikes Asia,2026,Direct,direct,SAFE SKETCH,SAVE THE CHILDREN,CHEIL HONG KONG,Not-for-profit / Charity / Government,Shortlist,https://ascentialcdn.filespin.io/api/v1/conversion/991e49a6692f4e8fb5deba0b937366de?quality=85&format=webp,https://www.lovethework.com/work/entries/safe-sketch-769706,/awards/spikes_asia/2026/campaigns/safe-sketch-save-the-children-cheil-hong-kong-2026-5/
Spikes Asia,2026,Direct,direct,GAMERS ON DUTY,LENOVO,LEO,Use of Social Platforms,Shortlist,https://ascentialcdn.filespin.io/api/v1/conversion/6756b104632a4778a34700b1371cfacf?quality=85&format=webp,https://www.lovethework.com/work/entries/gamers-on-duty-771165,/awards/spikes_asia/2026/campaigns/gamers-on-duty-lenovo-leo-2026-6/
Spikes Asia,2026,Direct,direct,SAFE SKETCH,SAVE THE CHILDREN,CHEIL HONG KONG,Social Behaviour,Submitted,https://ascentialcdn.filespin.io/api/v1/conversion/991e49a6692f4e8fb5deba0b937366de?quality=85&format=webp,https://www.lovethework.com/work/entries/safe-sketch-772863,/awards/spikes_asia/2026/campaigns/safe-sketch-save-the-children-cheil-hong-kong-2026-6/
Spikes Asia,2026,Direct,direct,LIGHTING UP CANNABIS CULTURE,HELL PIZZA,YARN,Social Behaviour,Submitted,https://ascentialcdn.filespin.io/api/v1/conversion/6e5fd514e65b486aae67fed5a02d9131?quality=85&format=webp,https://www.lovethework.com/work/entries/lighting-up-cannabis-culture-769614,/awards/spikes_asia/2026/campaigns/lighting-up-cannabis-culture-hell-pizza-yarn-2026-2/
Spikes Asia,2026,Direct,direct,THE BUD FAN,AB INBEV THAILAND,FLASH BOMBER,Large-Scale Media,Submitted,https://ascentialcdn.filespin.io/api/v1/conversion/72ab7b231bb34833976ed06c5efd8e53?quality=85&format=webp,https://www.lovethework.com/work/entries/the-bud-fan-769628,/awards/spikes_asia/2026/campaigns/the-bud-fan-ab-inbev-thailand-flash-bomber-2026/
Spikes Asia,2026,Direct,direct,THE CEO DEEPFAKE,AUCKLAND SAVINGS BANK,"DROGA5 ANZ, PART OF ACCENTURE SONG",New Realities & Emerging Tech,Submitted,https://ascentialcdn.filespin.io/api/v1/conversion/be72ff0a94894015930abeac17deef4e?quality=85&format=webp,https://www.lovethework.com/work/entries/the-ceo-deepfake-770606,/awards/spikes_asia/2026/campaigns/the-ceo-deepfake-auckland-savings-bank-droga5-anz-part-of-accenture-song-2026-2/
Spikes Asia,2026,Direct,direct,GARUDA RAKSHAK,DSP MUTUAL FUNDS,DENTSU CREATIVE,New Realities & Emerging Tech,Submitted,https://ascentialcdn.filespin.io/api/v1/conversion/fd608adb8feb426fab936573ef6661c0?quality=85&format=webp,https://www.lovethework.com/work/entries/garuda-rakshak-769677,/awards/spikes_asia/2026/campaigns/garuda-rakshak-dsp-mutual-funds-dentsu-creative-2026-3/
Spikes Asia,2026,Direct,direct,THE AIR POLLUTION JERSEY,LAMPHUN WARRIORS F.C. AND NORTHERN THAILAND BREATHE COUNCIL,FLASH BOMBER,Use of Broadcast,Submitted,https://ascentialcdn.filespin.io/api/v1/conversion/5fa1a8b6b7784132a670224542c6e46c?quality=85&format=webp,https://www.lovethework.com/work/entries/the-air-pollution-jersey-769633,/awards/spikes_asia/2026/campaigns/the-air-pollution-jersey-lamphun-warriors-fc-and-northern-thailand-breathe-council-flash-bomber-2026-3/
Spikes Asia,2026,Direct,direct,RADIO OPTIMISM: THE 24/7 DEDICATION STATION,LG,HSAD,Co-Creation & User-Generated Content,Submitted,https://ascentialcdn.filespin.io/api/v1/conversion/e20102ae715e4e4c9e0606bd35ae3b47?quality=85&format=webp,https://www.lovethework.com/work/entries/radio-optimism-the-247-dedication-station-772862,/awards/spikes_asia/2026/campaigns/radio-optimism-the-247-dedication-station-lg-hsad-2026/
Spikes Asia,2026,Direct,direct,"IF YOU CAN TAKE IT, IT'S YOURS",SELLEYS,HOWATSON AND COMPANY,Large-Scale Media,Submitted,https://ascentialcdn.filespin.io/api/v1/conversion/3172e0d181524de5b6802f2aef3eff7a?quality=85&format=webp,https://www.lovethework.com/work/entries/if-you-can-take-it-its-yours-770990,/awards/spikes_asia/2026/campaigns/if-you-can-take-it-its-yours-selleys-howatson-and-company-2026-6/
Spikes Asia,2026,Direct,direct,CURFEW HOSTELS,TIGER BEER,LEPUB,Social Behaviour,Submitted,https://ascentialcdn.filespin.io/api/v1/conversion/411966509f5c483ab9783935fb89948f?quality=85&format=webp,https://www.lovethework.com/work/entries/curfew-hostels-770634,/awards/spikes_asia/2026/campaigns/curfew-hostels-tiger-beer-lepub-2026-3/
Spikes Asia,2026,Direct,direct,UV LYNC,ULTRAVIOLETTE AUTOMOTIVE PRIVATE LIMITED,TGTHR,Challenger Brand,Submitted,https://ascentialcdn.filespin.io/api/v1/conversion/14a14ac3d1524791a5197666a0d6094c?quality=85&format=webp,https://www.lovethework.com/work/entries/uv-lync-770625,/awards/spikes_asia/2026/campaigns/uv-lync-ultraviolette-automotive-private-limited-tgthr-2026-4/
Spikes Asia,2026,Direct,direct,TILECHALK,DBL CERAMICS LIMITED,POP5,Corporate Purpose & Social Responsibility,Submitted,https://ascentialcdn.filespin.io/api/v1/conversion/c74b843d05d54cc888aa720fc66399fc?quality=85&format=webp,https://www.lovethework.com/work/entries/tilechalk-769681,/awards/spikes_asia/2026/campaigns/tilechalk-dbl-ceramics-limited-pop5-2026-2/
Spikes Asia,2026,Direct,direct,PRAYKINSON,VAJIRA HOSPITAL,DENTSU CREATIVE THAILAND,Cultural Engagement,Submitted,https://ascentialcdn.filespin.io/api/v1/conversion/d496c4ecac7b4412a1c8a65cf26a28b7?quality=85&format=webp,https://www.lovethework.com/work/entries/praykinson-769695,/awards/spikes_asia/2026/campaigns/praykinson-vajira-hospital-dentsu-creative-thailand-2026-6/
Spikes Asia,2026,Direct,direct,THE HARD RATED HOMECOMING,HARD RATED,"DROGA5 ANZ, PART OF ACCENTURE SONG",Social Behaviour,Submitted,https://ascentialcdn.filespin.io/api/v1/conversion/e64850f2202243e2bcff6b860b89ee3a?quality=85&format=webp,https://www.lovethework.com/work/entries/the-hard-rated-homecoming-770645,/awards/spikes_asia/2026/campaigns/the-hard-rated-homecoming-hard-rated-droga5-anz-part-of-accenture-song-2026-2/
Spikes Asia,2026,Direct,direct,THE MĀORI ROLL CALL,WHĀNAU ORA,MOTION SICKNESS,Not-for-profit / Charity / Government,Submitted,https://ascentialcdn.filespin.io/api/v1/conversion/9a9784eb394a41a380f2fa24dbf7dc49?quality=85&format=webp,https://www.lovethework.com/work/entries/the-mori-roll-call-770451,/awards/spikes_asia/2026/campaigns/the-maori-roll-call-whanau-ora-motion-sickness-2026/
Spikes Asia,2026,Direct,direct,FLIPKART- LINE SEVAK,FLIPKART,McCANN INDIA,Breakthrough on a Budget,Submitted,https://ascentialcdn.filespin.io/api/v1/conversion/ccff06640f764678a6b8ddc4e11d66de?quality=85&format=webp,https://www.lovethework.com/work/entries/flipkart-line-sevak-771282,/awards/spikes_asia/2026/campaigns/flipkart-line-sevak-flipkart-mccann-india-2026-4/
Spikes Asia,2026,Direct,direct,LIGHTING UP CANNABIS CULTURE,HELL PIZZA,YARN,Launch/Relaunch,Submitted,https://ascentialcdn.filespin.io/api/v1/conversion/6e5fd514e65b486aae67fed5a02d9131?quality=85&format=webp,https://www.lovethework.com/work/entries/lighting-up-cannabis-culture-769738,/awards/spikes_asia/2026/campaigns/lighting-up-cannabis-culture-hell-pizza-yarn-2026-3/
Spikes Asia,2026,Direct,direct,HERO PRAYERS FOR SAFETY,HERO MOTOCORP,SAATCHI & SAATCHI INDIA,Small-Scale Media,Submitted,https://ascentialcdn.filespin.io/api/v1/conversion/e4c9be01ae3a4ae187669add8ef01e03?quality=85&format=webp,https://www.lovethework.com/work/entries/hero-prayers-for-safety-770533,/awards/spikes_asia/2026/campaigns/hero-prayers-for-safety-hero-motocorp-saatchi-and-saatchi-india-2026/
Spikes Asia,2026,Direct,direct,DROP CART DRAW,LOTUS'S,VML,Social Behaviour,Submitted,https://ascentialcdn.filespin.io/api/v1/conversion/8d21805e36d448c59ba7e9cac722d056?quality=85&format=webp,https://www.lovethework.com/work/entries/drop-cart-draw-770721,/awards/spikes_asia/2026/campaigns/drop-cart-draw-lotuss-vml-2026-5/
Spikes Asia,2026,Direct,direct,THE PULL OUT GAME GAME,DUREX,BLKJ HAVAS,Use of Mobile,Submitted,https://ascentialcdn.filespin.io/api/v1/conversion/bafb6a17c98b43f693da8321b226c59c?quality=85&format=webp,https://www.lovethework.com/work/entries/the-pull-out-game-game-770847,/awards/spikes_asia/2026/campaigns/the-pull-out-game-game-durex-blkj-havas-2026-3/
Spikes Asia,2026,Direct,direct,FOR HANA,SOFY,VML OGILVY JAPAN,Launch/Relaunch,Submitted,https://ascentialcdn.filespin.io/api/v1/conversion/a495a85993984c9e99e4e2b8918e5045?quality=85&format=webp,https://www.lovethework.com/work/entries/for-hana-771428,/awards/spikes_asia/2026/campaigns/for-hana-sofy-vml-ogilvy-japan-2026/
Spikes Asia,2026,Direct,direct,TOXIC BACKFIRE,SAMSUNG,CHEIL PENGTAI BEIJING,Social Behaviour,Submitted,https://ascentialcdn.filespin.io/api/v1/conversion/de25773a856041d1ac037682e229dc01?quality=85&format=webp,https://www.lovethework.com/work/entries/toxic-backfire-769623,/awards/spikes_asia/2026/campaigns/toxic-backfire-samsung-cheil-pengtai-beijing-2026-6/
Spikes Asia,2026,Direct,direct,THE LIFE-SAVING RECEIPT,CHOROGUSAN FOR CHILDREN,DMINUSONE,Not-for-profit / Charity / Government,Submitted,https://ascentialcdn.filespin.io/api/v1/conversion/9bd3c4872af341d6a7f3946210e0ed84?quality=85&format=webp,https://www.lovethework.com/work/entries/the-life-saving-receipt-769756,/awards/spikes_asia/2026/campaigns/the-life-saving-receipt-chorogusan-for-children-dminusone-2026/
Spikes Asia,2026,Direct,direct,THE GRIND,GIGIL,GIGIL,Consumer Services/Business to Business,Submitted,https://ascentialcdn.filespin.io/api/v1/conversion/dca1ce4c0a864a56acc748dde2fe14af?quality=85&format=webp,https://www.lovethework.com/work/entries/the-grind-771361,/awards/spikes_asia/2026/campaigns/the-grind-gigil-gigil-2026/
Spikes Asia,2026,Direct,direct,MLC SUPERFIT PROGRAM,MLC,SIX BLACK PENS,Consumer Services/Business to Business,Submitted,https://ascentialcdn.filespin.io/api/v1/conversion/6d3c2c879660449c8c22ff3fae9a7de7?quality=85&format=webp,https://www.lovethework.com/work/entries/mlc-superfit-program-769697,/awards/spikes_asia/2026/campaigns/mlc-superfit-program-mlc-six-black-pens-2026/
Spikes Asia,2026,Direct,direct,THE HARD RATED HOMECOMING,HARD RATED,"DROGA5 ANZ, PART OF ACCENTURE SONG",Large-Scale Media,Submitted,https://ascentialcdn.filespin.io/api/v1/conversion/e64850f2202243e2bcff6b860b89ee3a?quality=85&format=webp,https://www.lovethework.com/work/entries/the-hard-rated-homecoming-770599,/awards/spikes_asia/2026/campaigns/the-hard-rated-homecoming-hard-rated-droga5-anz-part-of-accenture-song-2026-3/
Spikes Asia,2026,Direct,direct,EK TARA,TITAN EYE PLUS,OGILVY,Healthcare,Submitted,https://ascentialcdn.filespin.io/api/v1/conversion/9e2408599a22494a916b326351754a5b?quality=85&format=webp,https://www.lovethework.com/work/entries/ek-tara-771027,/awards/spikes_asia/2026/campaigns/ek-tara-titan-eye-plus-ogilvy-2026-2/
Spikes Asia,2026,Direct,direct,BASSI VS GARNIER MEN FACEWASH,GARNIER MEN,BBH INDIA,Use of Humour,Submitted,https://ascentialcdn.filespin.io/api/v1/storyboard/ce5d09073a3e4ec39491ee14e78f765f/storyboard_000008.jpg?quality=85&format=webp,https://www.lovethework.com/work/entries/bassi-vs-garnier-men-facewash-771468,/awards/spikes_asia/2026/campaigns/bassi-vs-garnier-men-facewash-garnier-men-bbh-india-2026/
Spikes Asia,2026,Direct,direct,SAY IT PROND,SPEAK,DENTSU CREATIVE TAIWAN,Use of Social Platforms,Submitted,https://ascentialcdn.filespin.io/api/v1/conversion/fcbab533059d421a9ab08c30ccfc1ec3?quality=85&format=webp,https://www.lovethework.com/work/entries/say-it-prond-771068,/awards/spikes_asia/2026/campaigns/say-it-prond-speak-dentsu-creative-taiwan-2026/
Spikes Asia,2026,Direct,direct,SLEEPLESS CONTROLLER,DREWELL,DENTSU INC.,Healthcare,Submitted,https://ascentialcdn.filespin.io/api/v1/conversion/fd3701c4fc06476f91bca05cb3a3bcee?quality=85&format=webp,https://www.lovethework.com/work/entries/sleepless-controller-769663,/awards/spikes_asia/2026/campaigns/sleepless-controller-drewell-dentsu-inc-2026/
Spikes Asia,2026,Direct,direct,HAENYEO SAFE BUDDY,JEJU INSTITUTE OF KOREAN MEDICINE,CHEIL WORLDWIDE,Cultural Engagement,Submitted,https://ascentialcdn.filespin.io/api/v1/conversion/b0c8626e9e054d8da475dff68915910f?quality=85&format=webp,https://www.lovethework.com/work/entries/haenyeo-safe-buddy-769734,/awards/spikes_asia/2026/campaigns/haenyeo-safe-buddy-jeju-institute-of-korean-medicine-cheil-worldwide-2026/
Spikes Asia,2026,Direct,direct,THE PULL OUT GAME GAME,DUREX,BLKJ HAVAS,Healthcare,Submitted,https://ascentialcdn.filespin.io/api/v1/conversion/82246f38ca9944b79a3b106c3f0753f8?quality=85&format=webp,https://www.lovethework.com/work/entries/the-pull-out-game-game-772628,/awards/spikes_asia/2026/campaigns/the-pull-out-game-game-durex-blkj-havas-2026-4/
Spikes Asia,2026,Direct,direct,JUDGE-FREE FOUNDATION BADGE,CUTE PRESS,WOLF BKK,Small-Scale Media,Submitted,https://ascentialcdn.filespin.io/api/v1/conversion/c670a3c9ae2f46318d3bfbe2d656ce42?quality=85&format=webp,https://www.lovethework.com/work/entries/judge-free-foundation-badge-771061,/awards/spikes_asia/2026/campaigns/judge-free-foundation-badge-cute-press-wolf-bkk-2026/
Spikes Asia,2026,Direct,direct,FANS FRIES MEAL,MCDONALD’S MALAYSIA,LEO,Launch/Relaunch,Submitted,https://ascentialcdn.filespin.io/api/v1/conversion/55a3de75a62448068d4eba6a4c600c47?quality=85&format=webp,https://www.lovethework.com/work/entries/fans-fries-meal-770952,/awards/spikes_asia/2026/campaigns/fans-fries-meal-mcdonalds-malaysia-leo-2026-3/
Spikes Asia,2026,Direct,direct,TRACES OF TRANCE,SHISEIDO CO.,SHISEIDO CREATIVE,Cultural Engagement,Submitted,https://ascentialcdn.filespin.io/api/v1/conversion/58538a6642244d1985cb555f35f14f73?quality=85&format=webp,https://www.lovethework.com/work/entries/traces-of-trance-769718,/awards/spikes_asia/2026/campaigns/traces-of-trance-shiseido-co-shiseido-creative-2026-2/
Spikes Asia,2026,Direct,direct,THE RECYCLING RETHINK,PEPSI,SPECIAL,Data-Driven Targeting,Submitted,https://ascentialcdn.filespin.io/api/v1/conversion/b274ab59bc944bc3a02b5258b0418288?quality=85&format=webp,https://www.lovethework.com/work/entries/the-recycling-rethink-770614,/awards/spikes_asia/2026/campaigns/the-recycling-rethink-pepsi-special-2026-2/
Spikes Asia,2026,Direct,direct,SUGAR LIQUIDATION SALE™,LONG WHITE,"DROGA5 ANZ, PART OF ACCENTURE SONG",Launch/Relaunch,Submitted,https://ascentialcdn.filespin.io/api/v1/conversion/8ab1650bdeb14331965ad35e079aa33a?quality=85&format=webp,https://www.lovethework.com/work/entries/sugar-liquidation-sale-770632,/awards/spikes_asia/2026/campaigns/sugar-liquidation-sale-long-white-droga5-anz-part-of-accenture-song-2026-3/
Spikes Asia,2026,Direct,direct,HAENYEO SAFE BUDDY,JEJU INSTITUTE OF KOREAN MEDICINE,CHEIL WORLDWIDE,Not-for-profit / Charity / Government,Submitted,https://ascentialcdn.filespin.io/api/v1/conversion/b0c8626e9e054d8da475dff68915910f?quality=85&format=webp,https://www.lovethework.com/work/entries/haenyeo-safe-buddy-769743,/awards/spikes_asia/2026/campaigns/haenyeo-safe-buddy-jeju-institute-of-korean-medicine-cheil-worldwide-2026-2/
Spikes Asia,2026,Direct,direct,THE GREAT GRANIPH CHARACTER HUNT,GRANIPH,DENTSU INC.,Consumer Goods,Submitted,https://ascentialcdn.filespin.io/api/v1/conversion/de4aa042b6a74d5a8050650c49e39e44?quality=85&format=webp,https://www.lovethework.com/work/entries/the-great-graniph-character-hunt-770978,/awards/spikes_asia/2026/campaigns/the-great-graniph-character-hunt-graniph-dentsu-inc-2026/
Spikes Asia,2026,Direct,direct,FLIPKART- LINE SEVAK,FLIPKART,McCANN INDIA,Cultural Engagement,Submitted,https://ascentialcdn.filespin.io/api/v1/conversion/ccff06640f764678a6b8ddc4e11d66de?quality=85&format=webp,https://www.lovethework.com/work/entries/flipkart-line-sevak-771215,/awards/spikes_asia/2026/campaigns/flipkart-line-sevak-flipkart-mccann-india-2026-5/
Spikes Asia,2026,Direct,direct,A.I. IRRESPONSIBLY,BREWLANDER,BLKJ HAVAS,Use of Print/Outdoor,Submitted,https://ascentialcdn.filespin.io/api/v1/conversion/74c0ab4b898e40b5b74bf9f34540f4aa?quality=85&format=webp,https://www.lovethework.com/work/entries/ai-irresponsibly-770840,/awards/spikes_asia/2026/campaigns/ai-irresponsibly-brewlander-blkj-havas-2026-2/
Spikes Asia,2026,Direct,direct,THE NAGA SAINT EYE TEST,EYEBETES FOUNDATION,GODREJ CREATIVE LAB,Cultural Engagement,Submitted,https://ascentialcdn.filespin.io/api/v1/conversion/8ccb115332db4b298d72aa9ae698ed64?quality=85&format=webp,https://www.lovethework.com/work/entries/the-naga-saint-eye-test-769744,/awards/spikes_asia/2026/campaigns/the-naga-saint-eye-test-eyebetes-foundation-godrej-creative-lab-2026/
Spikes Asia,2026,Direct,direct,PRAGUN SUPPORT TOOK WAI,FWD LIFE INSURANCE PUBLIC COMPANY LIMITED,"THE SIAM COMMERCIAL BANK PUBLIC COMPA, MASKET",Data-Driven Targeting,Submitted,https://ascentialcdn.filespin.io/api/v1/conversion/86de703051984e4f97a49b96cff474bf?quality=85&format=webp,https://www.lovethework.com/work/entries/pragun-support-took-wai-769670,/awards/spikes_asia/2026/campaigns/pragun-support-took-wai-fwd-life-insurance-public-company-limited-the-siam-commercial-bank-public-compa-masket-2026/
Spikes Asia,2026,Direct,direct,BLACKOUT VOWS BY GABRIELA,GABRIELA,"THE NATIONAL ALLIANCE OF WOMEN, DENTSU CREATIVE",Not-for-profit / Charity / Government,Submitted,https://ascentialcdn.filespin.io/api/v1/conversion/bdcc8fbd698d4f00880aeee831f724ac?quality=85&format=webp,https://www.lovethework.com/work/entries/blackout-vows-by-gabriela-772861,/awards/spikes_asia/2026/campaigns/blackout-vows-by-gabriela-gabriela-the-national-alliance-of-women-dentsu-creative-2026/
Spikes Asia,2026,Direct,direct,ACTROLOGY CARD,MIRROR THAILAND,TREND VG3,Small-Scale Media,Submitted,https://ascentialcdn.filespin.io/api/v1/conversion/a6a575ccf3144138b99bcc5c98281475?quality=85&format=webp,https://www.lovethework.com/work/entries/actrology-card-769608,/awards/spikes_asia/2026/campaigns/actrology-card-mirror-thailand-trend-vg3-2026-2/
Spikes Asia,2026,Direct,direct,THE UNLUCKY NUMBERS SHOP,WHOSCALL,DENTSU CREATIVE THAILAND,Large-Scale Media,Submitted,https://ascentialcdn.filespin.io/api/v1/conversion/1eacff9b681345d9927356e3aa159099?quality=85&format=webp,https://www.lovethework.com/work/entries/the-unlucky-numbers-shop-769624,/awards/spikes_asia/2026/campaigns/the-unlucky-numbers-shop-whoscall-dentsu-creative-thailand-2026-2/
Spikes Asia,2026,Direct,direct,BEST AFTER 2055,TAKAMATSU CITY,SHISEIDO CREATIVE,Not-for-profit / Charity / Government,Submitted,https://ascentialcdn.filespin.io/api/v1/conversion/fe2abe1fa4ad48898f91c095aac86250?quality=85&format=webp,https://www.lovethework.com/work/entries/best-after-2055-769715,/awards/spikes_asia/2026/campaigns/best-after-2055-takamatsu-city-shiseido-creative-2026-3/
Spikes Asia,2026,Direct,direct,THE LIFESAVING LOBBY,MOVEMBER,RUMBLE STRATEGIC CREATIVE,Not-for-profit / Charity / Government,Submitted,https://ascentialcdn.filespin.io/api/v1/conversion/c957f967accb46ffa122410119c88b05?quality=85&format=webp,https://www.lovethework.com/work/entries/the-lifesaving-lobby-771054,/awards/spikes_asia/2026/campaigns/the-lifesaving-lobby-movember-rumble-strategic-creative-2026/
Spikes Asia,2026,Direct,direct,A.I. IRRESPONSIBLY,BREWLANDER,BLKJ HAVAS,Breakthrough on a Budget,Submitted,https://ascentialcdn.filespin.io/api/v1/conversion/74c0ab4b898e40b5b74bf9f34540f4aa?quality=85&format=webp,https://www.lovethework.com/work/entries/ai-irresponsibly-770728,/awards/spikes_asia/2026/campaigns/ai-irresponsibly-brewlander-blkj-havas-2026-3/
Spikes Asia,2026,Direct,direct,MOGU MOGU TOWN,OTSUKA,DENTSU INC.,Use of Mobile,Submitted,https://ascentialcdn.filespin.io/api/v1/conversion/fad06e097ec24232820774091736cc43?quality=85&format=webp,https://www.lovethework.com/work/entries/mogu-mogu-town-769689,/awards/spikes_asia/2026/campaigns/mogu-mogu-town-otsuka-dentsu-inc-2026-3/
Spikes Asia,2026,Direct,direct,EMPTY BUT THE FULLEST LUNCHBOX,UNICEF,DAEHONG COMMUNICATIONS,Breakthrough on a Budget,Submitted,https://ascentialcdn.filespin.io/api/v1/conversion/5575384fc7e742b29dd67a25a4e55f17?quality=85&format=webp,https://www.lovethework.com/work/entries/empty-but-the-fullest-lunchbox-772864,/awards/spikes_asia/2026/campaigns/empty-but-the-fullest-lunchbox-unicef-daehong-communications-2026-3/
Spikes Asia,2026,Direct,direct,MAKEUP CALLIGRAPHY,SHISEIDO CO.,SHISEIDO CREATIVE,Cultural Engagement,Submitted,https://ascentialcdn.filespin.io/api/v1/conversion/1264b53465474c849152a2138879d503?quality=85&format=webp,https://www.lovethework.com/work/entries/makeup-calligraphy-772865,/awards/spikes_asia/2026/campaigns/makeup-calligraphy-shiseido-co-shiseido-creative-2026/
Spikes Asia,2026,Direct,direct,LUX RECLAIM HER NAME,LUX,VML,Cultural Engagement,Submitted,https://ascentialcdn.filespin.io/api/v1/conversion/4db28111cecf4965bea93e5376b230d4?quality=85&format=webp,https://www.lovethework.com/work/entries/lux-reclaim-her-name-769749,/awards/spikes_asia/2026/campaigns/lux-reclaim-her-name-lux-vml-2026-3/
Spikes Asia,2026,Direct,direct,INGLISH DICTIONARY,AIR INDIA EXPRESS,JUICE,Use of Humour,Submitted,https://ascentialcdn.filespin.io/api/v1/conversion/5f2f1631fbbe41fd911975de9cbcb617?quality=85&format=webp,https://www.lovethework.com/work/entries/inglish-dictionary-769648,/awards/spikes_asia/2026/campaigns/inglish-dictionary-air-india-express-juice-2026/
Spikes Asia,2026,Direct,direct,HANDFACE OF CHEETOS,CHEETOS,LEO INDONESIA,Co-Creation & User-Generated Content,Submitted,https://ascentialcdn.filespin.io/api/v1/conversion/54b298c482dc4b33bd2c5d9e17c225a8?quality=85&format=webp,https://www.lovethework.com/work/entries/handface-of-cheetos-773109,/awards/spikes_asia/2026/campaigns/handface-of-cheetos-cheetos-leo-indonesia-2026/
Spikes Asia,2026,Direct,direct,PRAYKINSON,VAJIRA HOSPITAL,DENTSU CREATIVE THAILAND,Use of Mobile,Submitted,https://ascentialcdn.filespin.io/api/v1/conversion/d496c4ecac7b4412a1c8a65cf26a28b7?quality=85&format=webp,https://www.lovethework.com/work/entries/praykinson-769682,/awards/spikes_asia/2026/campaigns/praykinson-vajira-hospital-dentsu-creative-thailand-2026-7/
Spikes Asia,2026,Direct,direct,FOOD MAP MALAYSIA,REDBUS INDIA PRIVATE LIMITED,REDBUS,Single-market Campaign,Submitted,https://ascentialcdn.filespin.io/api/v1/conversion/8296239ade6647eeb60880bf01ac5724?quality=85&format=webp,https://www.lovethework.com/work/entries/food-map-malaysia-770867,/awards/spikes_asia/2026/campaigns/food-map-malaysia-redbus-india-private-limited-redbus-2026/
Spikes Asia,2026,Direct,direct,PLAYBOARDS,PEPSI,BBDO PAKISTAN,Use of Print/Outdoor,Submitted,https://ascentialcdn.filespin.io/api/v1/conversion/87a67097a190400f96451d222b15b497?quality=85&format=webp,https://www.lovethework.com/work/entries/playboards-770893,/awards/spikes_asia/2026/campaigns/playboards-pepsi-bbdo-pakistan-2026-3/
Spikes Asia,2026,Direct,direct,THE UNOFFICIAL OFFICIAL SOUND OF F1,STING,LEO,Co-Creation & User-Generated Content,Submitted,https://ascentialcdn.filespin.io/api/v1/conversion/6c4f14e9c5e949e3b8460302dc1d5a96?quality=85&format=webp,https://www.lovethework.com/work/entries/the-unofficial-official-sound-of-f1-771290,/awards/spikes_asia/2026/campaigns/the-unofficial-official-sound-of-f1-sting-leo-2026-6/
Spikes Asia,2026,Direct,direct,ACKO TAILOR,ACKO GENERAL INSURANCE LIMITED,LEO,Data-Driven Direct Strategy,Submitted,https://ascentialcdn.filespin.io/api/v1/conversion/e82941d6ae59462c8a4b451cb2aed8ed?quality=85&format=webp,https://www.lovethework.com/work/entries/acko-tailor-773093,/awards/spikes_asia/2026/campaigns/acko-tailor-acko-general-insurance-limited-leo-2026-4/
Spikes Asia,2026,Direct,direct,EK TARA,TITAN EYE PLUS,OGILVY,Small-Scale Media,Submitted,https://ascentialcdn.filespin.io/api/v1/conversion/9e2408599a22494a916b326351754a5b?quality=85&format=webp,https://www.lovethework.com/work/entries/ek-tara-773100,/awards/spikes_asia/2026/campaigns/ek-tara-titan-eye-plus-ogilvy-2026-3/
Spikes Asia,2026,Direct,direct,VOICE WANTED,KOREAN NATIONAL POLICE AGENCY,CHEIL WORLDWIDE,Use of Print/Outdoor,Submitted,https://ascentialcdn.filespin.io/api/v1/conversion/bd059023116b4a5f9df7543361684fc8?quality=85&format=webp,https://www.lovethework.com/work/entries/voice-wanted-769658,/awards/spikes_asia/2026/campaigns/voice-wanted-korean-national-police-agency-cheil-worldwide-2026-3/
Spikes Asia,2026,Direct,direct,SLEEPLESS CONTROLLER,DREWELL,DENTSU INC.,Corporate Purpose & Social Responsibility,Submitted,https://ascentialcdn.filespin.io/api/v1/conversion/fd3701c4fc06476f91bca05cb3a3bcee?quality=85&format=webp,https://www.lovethework.com/work/entries/sleepless-controller-769694,/awards/spikes_asia/2026/campaigns/sleepless-controller-drewell-dentsu-inc-2026-2/
Spikes Asia,2026,Direct,direct,PATROL. IT'S OUT THERE.,NISSAN,TBWA\MELBOURNE,Use of Social Platforms,Submitted,https://ascentialcdn.filespin.io/api/v1/conversion/7970afb4b6654a119c1905d18fd0626d?quality=85&format=webp,https://www.lovethework.com/work/entries/patrol-its-out-there-773085,/awards/spikes_asia/2026/campaigns/patrol-its-out-there-nissan-tbwamelbourne-2026-2/
Spikes Asia,2026,Direct,direct,RIDE THE BULDAK HIGH,BULDAK,SAMYANGFOODS,Use of Humour,Submitted,https://ascentialcdn.filespin.io/api/v1/storyboard/44e74ff76c29409cb1dc098824287782/storyboard_000008.jpg?quality=85&format=webp,https://www.lovethework.com/work/entries/ride-the-buldak-high-770463,/awards/spikes_asia/2026/campaigns/ride-the-buldak-high-buldak-samyangfoods-2026/
Spikes Asia,2026,Direct,direct,THE RECYCLING RETHINK,PEPSI,SPECIAL,Consumer Goods,Submitted,https://ascentialcdn.filespin.io/api/v1/conversion/b274ab59bc944bc3a02b5258b0418288?quality=85&format=webp,https://www.lovethework.com/work/entries/the-recycling-rethink-770586,/awards/spikes_asia/2026/campaigns/the-recycling-rethink-pepsi-special-2026-3/
Spikes Asia,2026,Direct,direct,THE NAGA SAINT EYE TEST,EYEBETES FOUNDATION,GODREJ CREATIVE LAB,Not-for-profit / Charity / Government,Submitted,https://ascentialcdn.filespin.io/api/v1/conversion/8ccb115332db4b298d72aa9ae698ed64?quality=85&format=webp,https://www.lovethework.com/work/entries/the-naga-saint-eye-test-769748,/awards/spikes_asia/2026/campaigns/the-naga-saint-eye-test-eyebetes-foundation-godrej-creative-lab-2026-2/
Spikes Asia,2026,Direct,direct,THE MĀORI ROLL CALL,WHĀNAU ORA,MOTION SICKNESS,Cultural Engagement,Submitted,https://ascentialcdn.filespin.io/api/v1/conversion/9a9784eb394a41a380f2fa24dbf7dc49?quality=85&format=webp,https://www.lovethework.com/work/entries/the-mori-roll-call-770494,/awards/spikes_asia/2026/campaigns/the-maori-roll-call-whanau-ora-motion-sickness-2026-2/
Spikes Asia,2026,Direct,direct,THE GREAT GRANIPH CHARACTER HUNT,GRANIPH,DENTSU INC.,Single-market Campaign,Submitted,https://ascentialcdn.filespin.io/api/v1/conversion/de4aa042b6a74d5a8050650c49e39e44?quality=85&format=webp,https://www.lovethework.com/work/entries/the-great-graniph-character-hunt-770958,/awards/spikes_asia/2026/campaigns/the-great-graniph-character-hunt-graniph-dentsu-inc-2026-2/
Spikes Asia,2026,Direct,direct,KFC’S JAW-DROP CHALLENGE,KFC,DENTSU CREATIVE TAIWAN,Use of Mobile,Submitted,https://ascentialcdn.filespin.io/api/v1/conversion/e1f392d84f4f4a64bc3a947d532556d2?quality=85&format=webp,https://www.lovethework.com/work/entries/kfcs-jaw-drop-challenge-769711,/awards/spikes_asia/2026/campaigns/kfcs-jaw-drop-challenge-kfc-dentsu-creative-taiwan-2026-2/
Spikes Asia,2026,Direct,direct,THE CEO DEEPFAKE,AUCKLAND SAVINGS BANK,"DROGA5 ANZ, PART OF ACCENTURE SONG",Consumer Services/Business to Business,Submitted,https://ascentialcdn.filespin.io/api/v1/conversion/be72ff0a94894015930abeac17deef4e?quality=85&format=webp,https://www.lovethework.com/work/entries/the-ceo-deepfake-770592,/awards/spikes_asia/2026/campaigns/the-ceo-deepfake-auckland-savings-bank-droga5-anz-part-of-accenture-song-2026-3/
Spikes Asia,2026,Direct,direct,VI GUARDIAN BEADS,VI (VODAFONE IDEA),OGILVY,Small-Scale Media,Submitted,https://ascentialcdn.filespin.io/api/v1/conversion/59e2f9ee32a24c6a80c873cfe49413be?quality=85&format=webp,https://www.lovethework.com/work/entries/vi-guardian-beads-773054,/awards/spikes_asia/2026/campaigns/vi-guardian-beads-vi-vodafone-idea-ogilvy-2026-2/
Spikes Asia,2026,Direct,direct,CELCOMDIGI,CELCOMDIGI,CELCOMDIGI,Data-Driven Targeting,Submitted,https://ascentialcdn.filespin.io/api/v1/conversion/9d3276024c1044f498a11af23c21cb30?quality=85&format=webp,https://www.lovethework.com/work/entries/celcomdigi-771458,/awards/spikes_asia/2026/campaigns/celcomdigi-celcomdigi-celcomdigi-2026-2/
Spikes Asia,2026,Direct,direct,MEET ME AT THE COKE SIGN,COCA-COLA,OGILVY,Use of Print/Outdoor,Submitted,https://ascentialcdn.filespin.io/api/v1/conversion/e4e51d450eb8458dab81e55d80f5d56b?quality=85&format=webp,https://www.lovethework.com/work/entries/meet-me-at-the-coke-sign-769664,/awards/spikes_asia/2026/campaigns/meet-me-at-the-coke-sign-coca-cola-ogilvy-2026-2/
Spikes Asia,2026,Direct,direct,THE GUINEA PIG SCHEME,ONE NEW ZEALAND,FCB NEW ZEALAND,Launch/Relaunch,Submitted,https://ascentialcdn.filespin.io/api/v1/conversion/cf12f1b5de1841d08885514226260872?quality=85&format=webp,https://www.lovethework.com/work/entries/the-guinea-pig-scheme-770639,/awards/spikes_asia/2026/campaigns/the-guinea-pig-scheme-one-new-zealand-fcb-new-zealand-2026-3/
Spikes Asia,2026,Direct,direct,APP O'CLOCK,TELSTRA,+61,Use of Humour,Submitted,https://ascentialcdn.filespin.io/api/v1/conversion/469a9d9954a74cc480cb9797996a635f?quality=85&format=webp,https://www.lovethework.com/work/entries/app-oclock-770473,/awards/spikes_asia/2026/campaigns/app-oclock-telstra-61-2026-3/
Spikes Asia,2026,Direct,direct,GAMERS ON DUTY,LENOVO,LEO,Launch/Relaunch,Submitted,https://ascentialcdn.filespin.io/api/v1/conversion/6756b104632a4778a34700b1371cfacf?quality=85&format=webp,https://www.lovethework.com/work/entries/gamers-on-duty-771095,/awards/spikes_asia/2026/campaigns/gamers-on-duty-lenovo-leo-2026-7/
Spikes Asia,2026,Direct,direct,THE HARD RATED HOMECOMING,HARD RATED,"DROGA5 ANZ, PART OF ACCENTURE SONG",Launch/Relaunch,Submitted,https://ascentialcdn.filespin.io/api/v1/conversion/e64850f2202243e2bcff6b860b89ee3a?quality=85&format=webp,https://www.lovethework.com/work/entries/the-hard-rated-homecoming-770636,/awards/spikes_asia/2026/campaigns/the-hard-rated-homecoming-hard-rated-droga5-anz-part-of-accenture-song-2026-4/
Spikes Asia,2026,Direct,direct,CURFEW HOSTELS,TIGER BEER,LEPUB,Market Disruption,Submitted,https://ascentialcdn.filespin.io/api/v1/conversion/411966509f5c483ab9783935fb89948f?quality=85&format=webp,https://www.lovethework.com/work/entries/curfew-hostels-773034,/awards/spikes_asia/2026/campaigns/curfew-hostels-tiger-beer-lepub-2026-4/
Spikes Asia,2026,Direct,direct,HILTON HUSTLE WITHOUT HASSLE,HILTON HOTELS,TBWA\SINGAPORE,Use of Social Platforms,Submitted,https://ascentialcdn.filespin.io/api/v1/conversion/8baed512ea2a411d99ea50cc22872785?quality=85&format=webp,https://www.lovethework.com/work/entries/hilton-hustle-without-hassle-773015,/awards/spikes_asia/2026/campaigns/hilton-hustle-without-hassle-hilton-hotels-tbwasingapore-2026/
Spikes Asia,2026,Direct,direct,THE KILOMETER LOYALTY EXCHANGE,HONDA,TU7UH CREATIVE LAB,Corporate Purpose & Social Responsibility,Submitted,https://ascentialcdn.filespin.io/api/v1/storyboard/05753c1e7ab34888aff8b76b310a0e0b/storyboard_000008.jpg?quality=85&format=webp,https://www.lovethework.com/work/entries/the-kilometer-loyalty-exchange-769666,/awards/spikes_asia/2026/campaigns/the-kilometer-loyalty-exchange-honda-tu7uh-creative-lab-2026-2/
Spikes Asia,2026,Direct,direct,BEST AFTER 2055,TAKAMATSU CITY,SHISEIDO CREATIVE,Cultural Engagement,Submitted,https://ascentialcdn.filespin.io/api/v1/conversion/fe2abe1fa4ad48898f91c095aac86250?quality=85&format=webp,https://www.lovethework.com/work/entries/best-after-2055-769725,/awards/spikes_asia/2026/campaigns/best-after-2055-takamatsu-city-shiseido-creative-2026-4/
Spikes Asia,2026,Direct,direct,SKINNY FOR LIFE,SKINNY,COLENSO BBDO,New Realities & Emerging Tech,Submitted,https://ascentialcdn.filespin.io/api/v1/conversion/c09ad0c19770401cb05879c3ea02aecd?quality=85&format=webp,https://www.lovethework.com/work/entries/skinny-for-life-771413,/awards/spikes_asia/2026/campaigns/skinny-for-life-skinny-colenso-bbdo-2026-2/
Spikes Asia,2026,Direct,direct,THE NAGA SAINT EYE TEST,EYEBETES FOUNDATION,GODREJ CREATIVE LAB,Single-market Campaign,Submitted,https://ascentialcdn.filespin.io/api/v1/conversion/8ccb115332db4b298d72aa9ae698ed64?quality=85&format=webp,https://www.lovethework.com/work/entries/the-naga-saint-eye-test-769760,/awards/spikes_asia/2026/campaigns/the-naga-saint-eye-test-eyebetes-foundation-godrej-creative-lab-2026-3/
Spikes Asia,2026,Direct,direct,"STOP DRINK, STACK THE DREAM",THAI HEALTH PROMOTION FOUNDATION,DENTSU CREATIVE THAILAND,Co-Creation & User-Generated Content,Submitted,https://ascentialcdn.filespin.io/api/v1/conversion/7fe045ee95b0473f8e650a8a5e9c1a2f?quality=85&format=webp,https://www.lovethework.com/work/entries/stop-drink-stack-the-dream-772609,/awards/spikes_asia/2026/campaigns/stop-drink-stack-the-dream-thai-health-promotion-foundation-dentsu-creative-thailand-2026/
Spikes Asia,2026,Direct,direct,FUTURES,MUSICIANS MAKING A DIFFERENCE,SUPERMASSIVE,Social Behaviour,Submitted,https://ascentialcdn.filespin.io/api/v1/conversion/dfbaf6e6fb9844cda04c97aa1bd208de?quality=85&format=webp,https://www.lovethework.com/work/entries/futures-769630,/awards/spikes_asia/2026/campaigns/futures-musicians-making-a-difference-supermassive-2026-5/
Spikes Asia,2026,Direct,direct,BOX TO BEDS,AMAZON,OGILVY,Corporate Purpose & Social Responsibility,Submitted,https://ascentialcdn.filespin.io/api/v1/conversion/844f30e20f794839a1c9a1d331dfa5e1?quality=85&format=webp,https://www.lovethework.com/work/entries/box-to-beds-770480,/awards/spikes_asia/2026/campaigns/box-to-beds-amazon-ogilvy-2026-2/
Spikes Asia,2026,Direct,direct,FOR HANA,SOFY,VML OGILVY JAPAN,Use of Social Platforms,Submitted,https://ascentialcdn.filespin.io/api/v1/conversion/a495a85993984c9e99e4e2b8918e5045?quality=85&format=webp,https://www.lovethework.com/work/entries/for-hana-771155,/awards/spikes_asia/2026/campaigns/for-hana-sofy-vml-ogilvy-japan-2026-2/
Spikes Asia,2026,Direct,direct,THE SPONSORED TRUTH,SAMSUNG,LEO,Co-Creation & User-Generated Content,Submitted,https://ascentialcdn.filespin.io/api/v1/conversion/4109705e25d64c209befc8b73c6713dd?quality=85&format=webp,https://www.lovethework.com/work/entries/the-sponsored-truth-773094,/awards/spikes_asia/2026/campaigns/the-sponsored-truth-samsung-leo-2026-2/
Spikes Asia,2026,Direct,direct,SAKURA SCAN,KIRIN BEER,KIRIN BREWERY COMPANY,Use of Mobile,Submitted,https://ascentialcdn.filespin.io/api/v1/conversion/1de049ba98d24b558834c6067c5802b0?quality=85&format=webp,https://www.lovethework.com/work/entries/sakura-scan-770912,/awards/spikes_asia/2026/campaigns/sakura-scan-kirin-beer-kirin-brewery-company-2026-4/
Spikes Asia,2026,Direct,direct,SAUCE REDEMPTION,KFC THAILAND,BRILLIANT & MILLION,"Travel, Leisure, Retail, Restaurants & Fast Food Chains",Submitted,https://ascentialcdn.filespin.io/api/v1/conversion/8700b32febc94b06ba4826646b005ca8?quality=85&format=webp,https://www.lovethework.com/work/entries/sauce-redemption-772614,/awards/spikes_asia/2026/campaigns/sauce-redemption-kfc-thailand-brilliant-and-million-2026-2/
Spikes Asia,2026,Direct,direct,RIDE THE BULDAK HIGH,BULDAK,SAMYANGFOODS,Consumer Goods,Submitted,https://ascentialcdn.filespin.io/api/v1/storyboard/44e74ff76c29409cb1dc098824287782/storyboard_000008.jpg?quality=85&format=webp,https://www.lovethework.com/work/entries/ride-the-buldak-high-770442,/awards/spikes_asia/2026/campaigns/ride-the-buldak-high-buldak-samyangfoods-2026-2/
Spikes Asia,2026,Direct,direct,SAKURA SCAN,KIRIN BEER,KIRIN BREWERY COMPANY,Cultural Engagement,Submitted,https://ascentialcdn.filespin.io/api/v1/conversion/1de049ba98d24b558834c6067c5802b0?quality=85&format=webp,https://www.lovethework.com/work/entries/sakura-scan-770874,/awards/spikes_asia/2026/campaigns/sakura-scan-kirin-beer-kirin-brewery-company-2026-5/
Spikes Asia,2026,Direct,direct,SAKURA SCAN,KIRIN BEER,KIRIN BREWERY COMPANY,Data-Driven Direct Strategy,Submitted,https://ascentialcdn.filespin.io/api/v1/conversion/1de049ba98d24b558834c6067c5802b0?quality=85&format=webp,https://www.lovethework.com/work/entries/sakura-scan-770900,/awards/spikes_asia/2026/campaigns/sakura-scan-kirin-beer-kirin-brewery-company-2026-6/
Spikes Asia,2026,Film,film,TARZAN,SEEK,"DROGA5 ANZ, PART OF ACCENTURE SONG",Consumer Services/Business to Business,Shortlist,https://ascentialcdn.filespin.io/api/v1/storyboard/4274bb8bbf1b46bdb88f28faa039554c/storyboard_000008.jpg?quality=85&format=webp,https://www.lovethework.com/work/entries/tarzan-770637,/awards/spikes_asia/2026/campaigns/tarzan-seek-droga5-anz-part-of-accenture-song-2026/
Spikes Asia,2026,Film,film,IT MUST BE STING,STING,LEO,Microfilm,Shortlist,https://ascentialcdn.filespin.io/api/v1/storyboard/b71c1cc62ce04f05b4404c98f17c71d5/storyboard_000008.jpg?quality=85&format=webp,https://www.lovethework.com/work/entries/it-must-be-sting-769478,/awards/spikes_asia/2026/campaigns/it-must-be-sting-sting-leo-2026/
Spikes Asia,2026,Film,film,SAFETYNOVELA,PHILIPPINE AIRLINES,BBDO GUERRERO,Viral Film,Shortlist,https://ascentialcdn.filespin.io/api/v1/storyboard/5fc11d2a57f24dfcaa3fb8a9082dc456/storyboard_000008.jpg?quality=85&format=webp,https://www.lovethework.com/work/entries/safetynovela-770736,/awards/spikes_asia/2026/campaigns/safetynovela-philippine-airlines-bbdo-guerrero-2026/
Spikes Asia,2026,Film,film,THE AD THAT CAN ONLY BE SEEN ON SBS,SPECIAL BROADCASTING SERVIVE,"DROGA5 ANZ, PART OF ACCENTURE SONG",Challenger Brand,Shortlist,https://ascentialcdn.filespin.io/api/v1/storyboard/a7158f83a369403499456be01a442881/storyboard_000008.jpg?quality=85&format=webp,https://www.lovethework.com/work/entries/the-ad-that-can-only-be-seen-on-sbs-772406,/awards/spikes_asia/2026/campaigns/the-ad-that-can-only-be-seen-on-sbs-special-broadcasting-servive-droga5-anz-part-of-accenture-song-2026/
Spikes Asia,2026,Film,film,REBORN,CUTE PRESS,WOLF BKK,Social Behaviour,Shortlist,https://ascentialcdn.filespin.io/api/v1/storyboard/5defed658cbd4d35944c5f4cef37c0e7/storyboard_000008.jpg?quality=85&format=webp,https://www.lovethework.com/work/entries/reborn-770949,/awards/spikes_asia/2026/campaigns/reborn-cute-press-wolf-bkk-2026/
Spikes Asia,2026,Film,film,EVERYTHING HAS A POINT,KRUNGSRI CONSUMER,WOLF BKK,Consumer Services/Business to Business,Shortlist,https://ascentialcdn.filespin.io/api/v1/storyboard/a205f0bf6b84484fb3ec5a12948f2da7/storyboard_000008.jpg?quality=85&format=webp,https://www.lovethework.com/work/entries/everything-has-a-point-772402,/awards/spikes_asia/2026/campaigns/everything-has-a-point-krungsri-consumer-wolf-bkk-2026/
Spikes Asia,2026,Film,film,AFTER CLASS REFRESH,COCA-COLA,VML OGILVY JAPAN,Use of Humour,Shortlist,https://ascentialcdn.filespin.io/api/v1/storyboard/c128ce4748ce4c26803679bb829b6b5d/storyboard_000008.jpg?quality=85&format=webp,https://www.lovethework.com/work/entries/after-class-refresh-772823,/awards/spikes_asia/2026/campaigns/after-class-refresh-coca-cola-vml-ogilvy-japan-2026/
Spikes Asia,2026,Film,film,HAVE YOU SEEN OAT?,SNACK JACK,HANAMI FOOD,Consumer Goods,Shortlist,https://ascentialcdn.filespin.io/api/v1/storyboard/a9d53e31ed61411d8652c2387505c034/storyboard_000008.jpg?quality=85&format=webp,https://www.lovethework.com/work/entries/have-you-seen-oat-769477,/awards/spikes_asia/2026/campaigns/have-you-seen-oat-snack-jack-hanami-food-2026/
Spikes Asia,2026,Film,film,DARE TO STEP,GAMBOL,YDM THAILAND,Local Brand,Shortlist,https://ascentialcdn.filespin.io/api/v1/storyboard/5b0eedfff8a64fa28c225052d937891f/storyboard_000008.jpg?quality=85&format=webp,https://www.lovethework.com/work/entries/dare-to-step-771089,/awards/spikes_asia/2026/campaigns/dare-to-step-gambol-ydm-thailand-2026/
Spikes Asia,2026,Film,film,UNFADING LOVE,THAI LIFE INSURANCE CO.,OGILVY,Consumer Services/Business to Business,Shortlist,https://ascentialcdn.filespin.io/api/v1/storyboard/5cb3a0e56f8743c0af463476fa17ec12/storyboard_000008.jpg?quality=85&format=webp,https://www.lovethework.com/work/entries/unfading-love-769530,/awards/spikes_asia/2026/campaigns/unfading-love-thai-life-insurance-co-ogilvy-2026/
Spikes Asia,2026,Film,film,STEADFAST - DIRTY MONEY,STEADFAST STATIONARY,DUCKTAPE STUDIOS,Consumer Services/Business to Business,Shortlist,https://ascentialcdn.filespin.io/api/v1/storyboard/8f87e5b247004f23bdd215b640436c90/storyboard_000008.jpg?quality=85&format=webp,https://www.lovethework.com/work/entries/steadfast-dirty-money-771420,/awards/spikes_asia/2026/campaigns/steadfast-dirty-money-steadfast-stationary-ducktape-studios-2026/
Spikes Asia,2026,Film,film,THE M SSING PIECE,KFC THAILAND,PUBLICIS THAILAND,"Travel, Leisure, Retail, Restaurants & Fast Food Chains",Shortlist,https://ascentialcdn.filespin.io/api/v1/storyboard/3dfaff76bed543ed84e644a8a3cb4345/storyboard_000008.jpg?quality=85&format=webp,https://www.lovethework.com/work/entries/the-m-ssing-piece-769509,/awards/spikes_asia/2026/campaigns/the-m-ssing-piece-kfc-thailand-publicis-thailand-2026/
Spikes Asia,2026,Film,film,IT'S DETTOL TIME,DETTOL,SOUR BANGKOK,Consumer Goods,Shortlist,https://ascentialcdn.filespin.io/api/v1/storyboard/526635f0805240a5967b0de0ae9ace56/storyboard_000008.jpg?quality=85&format=webp,https://www.lovethework.com/work/entries/its-dettol-time-772404,/awards/spikes_asia/2026/campaigns/its-dettol-time-dettol-sour-bangkok-2026/
Spikes Asia,2026,Film,film,LIAR,CLUB21,BBDO BANGKOK,"Travel, Leisure, Retail, Restaurants & Fast Food Chains",Shortlist,https://ascentialcdn.filespin.io/api/v1/storyboard/92e8766d89f24b63b4290dfff04bbdfa/storyboard_000008.jpg?quality=85&format=webp,https://www.lovethework.com/work/entries/liar-769532,/awards/spikes_asia/2026/campaigns/liar-club21-bbdo-bangkok-2026/
Spikes Asia,2026,Film,film,MR. DRONE,COCA-COLA,VML OGILVY JAPAN,Microfilm,Shortlist,https://ascentialcdn.filespin.io/api/v1/storyboard/b148cdb97fda48d5b225d07081f47ff6/storyboard_000004.jpg?quality=85&format=webp,https://www.lovethework.com/work/entries/mr-drone-771001,/awards/spikes_asia/2026/campaigns/mr-drone-coca-cola-vml-ogilvy-japan-2026/
Spikes Asia,2026,Film,film,THE KAPRAO CRIMINALS,KFC THAILAND,WOLF BKK,Use of Humour,Shortlist,https://ascentialcdn.filespin.io/api/v1/storyboard/8f9d814a501246c79848be3d425d132e/storyboard_000008.jpg?quality=85&format=webp,https://www.lovethework.com/work/entries/the-kaprao-criminals-771014,/awards/spikes_asia/2026/campaigns/the-kaprao-criminals-kfc-thailand-wolf-bkk-2026/
Spikes Asia,2026,Film,film,CHICKY,GRAB,GIGIL,Use of Humour,Shortlist,https://ascentialcdn.filespin.io/api/v1/storyboard/ba890cbe31df4f31a6f1a95df877e266/storyboard_000008.jpg?quality=85&format=webp,https://www.lovethework.com/work/entries/chicky-771022,/awards/spikes_asia/2026/campaigns/chicky-grab-gigil-2026/
Spikes Asia,2026,Film,film,BOOZE MATHS,NEW ZEALAND TRANSPORT AGENCY - WAKA KOTAHI,FCB NEW ZEALAND,Social Behaviour,Shortlist,https://ascentialcdn.filespin.io/api/v1/conversion/d0836d7847074a21acd0544de2b303c2?quality=85&format=webp,https://www.lovethework.com/work/entries/booze-maths-771144,/awards/spikes_asia/2026/campaigns/booze-maths-new-zealand-transport-agency-waka-kotahi-fcb-new-zealand-2026/
Spikes Asia,2026,Film,film,THE AD THAT CAN ONLY BE SEEN ON SBS,SPECIAL BROADCASTING SERVIVE,"DROGA5 ANZ, PART OF ACCENTURE SONG",Market Disruption,Shortlist,https://ascentialcdn.filespin.io/api/v1/storyboard/a7158f83a369403499456be01a442881/storyboard_000008.jpg?quality=85&format=webp,https://www.lovethework.com/work/entries/the-ad-that-can-only-be-seen-on-sbs-772411,/awards/spikes_asia/2026/campaigns/the-ad-that-can-only-be-seen-on-sbs-special-broadcasting-servive-droga5-anz-part-of-accenture-song-2026-2/
Spikes Asia,2026,Film,film,SCAMAGEDDON,TELSTRA,BEAR MEETS EAGLE ON FIRE,Consumer Services/Business to Business,Shortlist,https://ascentialcdn.filespin.io/api/v1/storyboard/6c658f1807e5494593d18c9cefa156c5/storyboard_000008.jpg?quality=85&format=webp,https://www.lovethework.com/work/entries/scamageddon-770590,/awards/spikes_asia/2026/campaigns/scamageddon-telstra-bear-meets-eagle-on-fire-2026/
Spikes Asia,2026,Film,film,SLEEPING,UBER,SPECIAL,"Travel, Leisure, Retail, Restaurants & Fast Food Chains",Shortlist,https://ascentialcdn.filespin.io/api/v1/conversion/e3f5024d25cd4e1d85e4ade9f2090450?quality=85&format=webp,https://www.lovethework.com/work/entries/sleeping-770574,/awards/spikes_asia/2026/campaigns/sleeping-uber-special-2026/
Spikes Asia,2026,Film,film,DEATH OF A SALESMAN,FIVE STAR CHICKEN,BBDO BANGKOK,"Travel, Leisure, Retail, Restaurants & Fast Food Chains",Shortlist,https://ascentialcdn.filespin.io/api/v1/storyboard/8bd69d4a9cee4b618ef3dec809787b34/storyboard_000008.jpg?quality=85&format=webp,https://www.lovethework.com/work/entries/death-of-a-salesman-769514,/awards/spikes_asia/2026/campaigns/death-of-a-salesman-five-star-chicken-bbdo-bangkok-2026/
Spikes Asia,2026,Film,film,DEATH OF A SALESMAN,FIVE STAR CHICKEN,BBDO BANGKOK,Use of Humour,Shortlist,https://ascentialcdn.filespin.io/api/v1/storyboard/8bd69d4a9cee4b618ef3dec809787b34/storyboard_000008.jpg?quality=85&format=webp,https://www.lovethework.com/work/entries/death-of-a-salesman-769573,/awards/spikes_asia/2026/campaigns/death-of-a-salesman-five-star-chicken-bbdo-bangkok-2026-2/
Spikes Asia,2026,Film,film,MADE FOR DOWN UNDER,BONDS,SPECIAL,Viral Film,Shortlist,https://ascentialcdn.filespin.io/api/v1/storyboard/8cef248679ff431792859c376686efcf/storyboard_000008.jpg?quality=85&format=webp,https://www.lovethework.com/work/entries/made-for-down-under-770648,/awards/spikes_asia/2026/campaigns/made-for-down-under-bonds-special-2026/
Spikes Asia,2026,Film,film,DESI OON,CENTRE FOR PASTORALISM,STUDIO EEKSAURUS,Not-for-profit / Charity / Government,Shortlist,https://ascentialcdn.filespin.io/api/v1/storyboard/32d9a089fc55464886a1ffcf716f476f/storyboard_000008.jpg?quality=85&format=webp,https://www.lovethework.com/work/entries/desi-oon-769556,/awards/spikes_asia/2026/campaigns/desi-oon-centre-for-pastoralism-studio-eeksaurus-2026/
Spikes Asia,2026,Film,film,SAFETYNOVELA,PHILIPPINE AIRLINES,BBDO GUERRERO,Cultural Engagement,Shortlist,https://ascentialcdn.filespin.io/api/v1/storyboard/5fc11d2a57f24dfcaa3fb8a9082dc456/storyboard_000008.jpg?quality=85&format=webp,https://www.lovethework.com/work/entries/safetynovela-770769,/awards/spikes_asia/2026/campaigns/safetynovela-philippine-airlines-bbdo-guerrero-2026-2/
Spikes Asia,2026,Film,film,THE SCENT THAT GIVES YOU THE SCENE,MITH BANGKOK,WOLF BKK,Consumer Goods,Shortlist,https://ascentialcdn.filespin.io/api/v1/storyboard/4a59454e848f4e9d995ff06fb2972198/storyboard_000008.jpg?quality=85&format=webp,https://www.lovethework.com/work/entries/the-scent-that-gives-you-the-scene-770922,/awards/spikes_asia/2026/campaigns/the-scent-that-gives-you-the-scene-mith-bangkok-wolf-bkk-2026/
Spikes Asia,2026,Film,film,"HAR KOI PEERA, LAHORI ZEERA 2.0",LAHORI ZEERA,ENORMOUS BRANDS,Consumer Goods,Shortlist,https://ascentialcdn.filespin.io/api/v1/storyboard/1c152f0466a24ee4a5f49a0fb975a6ad/storyboard_000008.jpg?quality=85&format=webp,https://www.lovethework.com/work/entries/har-koi-peera-lahori-zeera-20-770993,/awards/spikes_asia/2026/campaigns/har-koi-peera-lahori-zeera-20-lahori-zeera-enormous-brands-2026/
Spikes Asia,2026,Film,film,AFTER CLASS REFRESH,COCA-COLA,VML OGILVY JAPAN,Single-market Campaign,Shortlist,https://ascentialcdn.filespin.io/api/v1/storyboard/c128ce4748ce4c26803679bb829b6b5d/storyboard_000008.jpg?quality=85&format=webp,https://www.lovethework.com/work/entries/after-class-refresh-769506,/awards/spikes_asia/2026/campaigns/after-class-refresh-coca-cola-vml-ogilvy-japan-2026-2/
Spikes Asia,2026,Film,film,THE KAPRAO CRIMINALS,KFC THAILAND,WOLF BKK,Social Behaviour,Shortlist,https://ascentialcdn.filespin.io/api/v1/storyboard/8f9d814a501246c79848be3d425d132e/storyboard_000008.jpg?quality=85&format=webp,https://www.lovethework.com/work/entries/the-kaprao-criminals-771037,/awards/spikes_asia/2026/campaigns/the-kaprao-criminals-kfc-thailand-wolf-bkk-2026-2/
Spikes Asia,2026,Film,film,WHATSAPP – BAATAN HI BAATAN MEIN (LOVE IN A FEW WORDS),WHATSAPP,FUNDAMENTAL,Screens & Events,Shortlist,https://ascentialcdn.filespin.io/api/v1/storyboard/b6bc2b9806324bf7a0b717b8f7cbb605/storyboard_000008.jpg?quality=85&format=webp,https://www.lovethework.com/work/entries/whatsapp-baatan-hi-baatan-mein-love-in-a-few-words-772418,/awards/spikes_asia/2026/campaigns/whatsapp-baatan-hi-baatan-mein-love-in-a-few-words-whatsapp-fundamental-2026/
Spikes Asia,2026,Film,film,NO MANNER,CLUB21,BBDO BANGKOK,"Travel, Leisure, Retail, Restaurants & Fast Food Chains",Shortlist,https://ascentialcdn.filespin.io/api/v1/storyboard/3b875e70a50e48c0adadae2eebf57c56/storyboard_000008.jpg?quality=85&format=webp,https://www.lovethework.com/work/entries/no-manner-769525,/awards/spikes_asia/2026/campaigns/no-manner-club21-bbdo-bangkok-2026/
Spikes Asia,2026,Film,film,MAKE UP,SAVE THE CHILDREN,SEVEN AD,Not-for-profit / Charity / Government,Shortlist,https://ascentialcdn.filespin.io/api/v1/storyboard/b74c0cb5d71c42f8a4fddab734ac257a/storyboard_000008.jpg?quality=85&format=webp,https://www.lovethework.com/work/entries/make-up-772419,/awards/spikes_asia/2026/campaigns/make-up-save-the-children-seven-ad-2026/
Spikes Asia,2026,Film,film,POSSESSED,LIFEBUOY INDONESIA,MULLENLOWE SINGAPORE,Consumer Goods,Shortlist,https://ascentialcdn.filespin.io/api/v1/storyboard/56d93a5b94ad40a0b9bfd52f59bcc0a8/storyboard_000008.jpg?quality=85&format=webp,https://www.lovethework.com/work/entries/possessed-769561,/awards/spikes_asia/2026/campaigns/possessed-lifebuoy-indonesia-mullenlowe-singapore-2026/
Spikes Asia,2026,Film,film,IT'S DETTOL TIME,DETTOL,SOUR BANGKOK,Single-market Campaign,Shortlist,https://ascentialcdn.filespin.io/api/v1/storyboard/526635f0805240a5967b0de0ae9ace56/storyboard_000008.jpg?quality=85&format=webp,https://www.lovethework.com/work/entries/its-dettol-time-769502,/awards/spikes_asia/2026/campaigns/its-dettol-time-dettol-sour-bangkok-2026-2/
Spikes Asia,2026,Film,film,WHATSAPP – BAATAN HI BAATAN MEIN (LOVE IN A FEW WORDS),WHATSAPP,FUNDAMENTAL,Cultural Engagement,Shortlist,https://ascentialcdn.filespin.io/api/v1/storyboard/b6bc2b9806324bf7a0b717b8f7cbb605/storyboard_000008.jpg?quality=85&format=webp,https://www.lovethework.com/work/entries/whatsapp-baatan-hi-baatan-mein-love-in-a-few-words-769523,/awards/spikes_asia/2026/campaigns/whatsapp-baatan-hi-baatan-mein-love-in-a-few-words-whatsapp-fundamental-2026-2/
Spikes Asia,2026,Film,film,DESI OON,CENTRE FOR PASTORALISM,STUDIO EEKSAURUS,Breakthrough on a Budget,Shortlist,https://ascentialcdn.filespin.io/api/v1/storyboard/32d9a089fc55464886a1ffcf716f476f/storyboard_000008.jpg?quality=85&format=webp,https://www.lovethework.com/work/entries/desi-oon-769475,/awards/spikes_asia/2026/campaigns/desi-oon-centre-for-pastoralism-studio-eeksaurus-2026-2/
Spikes Asia,2026,Film,film,WEIGHT OF PAIN,NATIONAL AGENCY FOR SOCIAL PROTECTION,NATIONAL AGENCY FOR SOCIAL PROTECTION UNDER THE PRESIDENT OF THE REPUBLIC OF UZBEKISTAN,Not-for-profit / Charity / Government,Shortlist,https://ascentialcdn.filespin.io/api/v1/storyboard/0a1ca6c002c4413eb6414b5752f545bc/storyboard_000008.jpg?quality=85&format=webp,https://www.lovethework.com/work/entries/weight-of-pain-772412,/awards/spikes_asia/2026/campaigns/weight-of-pain-national-agency-for-social-protection-national-agency-for-social-protection-under-the-president-of-the-re/
Spikes Asia,2026,Film,film,THE KAPRAO CRIMINALS,KFC THAILAND,WOLF BKK,"Travel, Leisure, Retail, Restaurants & Fast Food Chains",Shortlist,https://ascentialcdn.filespin.io/api/v1/storyboard/8f9d814a501246c79848be3d425d132e/storyboard_000008.jpg?quality=85&format=webp,https://www.lovethework.com/work/entries/the-kaprao-criminals-771017,/awards/spikes_asia/2026/campaigns/the-kaprao-criminals-kfc-thailand-wolf-bkk-2026-3/
Spikes Asia,2026,Film,film,WHATSAPP – BAATAN HI BAATAN MEIN (LOVE IN A FEW WORDS),WHATSAPP,FUNDAMENTAL,Consumer Services/Business to Business,Shortlist,https://ascentialcdn.filespin.io/api/v1/storyboard/b6bc2b9806324bf7a0b717b8f7cbb605/storyboard_000008.jpg?quality=85&format=webp,https://www.lovethework.com/work/entries/whatsapp-baatan-hi-baatan-mein-love-in-a-few-words-769490,/awards/spikes_asia/2026/campaigns/whatsapp-baatan-hi-baatan-mein-love-in-a-few-words-whatsapp-fundamental-2026-3/
Spikes Asia,2026,Film,film,STEADFAST - DIRTY MONEY,STEADFAST STATIONARY,DUCKTAPE STUDIOS,Cultural Engagement,Shortlist,https://ascentialcdn.filespin.io/api/v1/storyboard/8f87e5b247004f23bdd215b640436c90/storyboard_000008.jpg?quality=85&format=webp,https://www.lovethework.com/work/entries/steadfast-dirty-money-769534,/awards/spikes_asia/2026/campaigns/steadfast-dirty-money-steadfast-stationary-ducktape-studios-2026-2/
Spikes Asia,2026,Film,film,PATIENT,KRUNG SRI FIRST CHOICE,LEO,Use of Humour,Shortlist,https://ascentialcdn.filespin.io/api/v1/storyboard/db79033497884838b9710a807ade6278/storyboard_000008.jpg?quality=85&format=webp,https://www.lovethework.com/work/entries/patient-769544,/awards/spikes_asia/2026/campaigns/patient-krung-sri-first-choice-leo-2026/
Spikes Asia,2026,Film,film,MAKE UP AND LIVE SELLING,SAVE THE CHILDREN,SEVEN AD,Corporate Purpose & Social Responsibility,Shortlist,https://ascentialcdn.filespin.io/api/v1/storyboard/56503385c7304633b968ea4a9376cfff/storyboard_000008.jpg?quality=85&format=webp,https://www.lovethework.com/work/entries/make-up-and-live-selling-772423,/awards/spikes_asia/2026/campaigns/make-up-and-live-selling-save-the-children-seven-ad-2026/
Spikes Asia,2026,Film,film,PATIENT,KRUNG SRI FIRST CHOICE,LEO,Consumer Services/Business to Business,Shortlist,https://ascentialcdn.filespin.io/api/v1/storyboard/db79033497884838b9710a807ade6278/storyboard_000008.jpg?quality=85&format=webp,https://www.lovethework.com/work/entries/patient-769593,/awards/spikes_asia/2026/campaigns/patient-krung-sri-first-choice-leo-2026-2/
Spikes Asia,2026,Film,film,THE AD THAT CAN ONLY BE SEEN ON SBS,SPECIAL BROADCASTING SERVIVE,"DROGA5 ANZ, PART OF ACCENTURE SONG",Media/Entertainment,Shortlist,https://ascentialcdn.filespin.io/api/v1/storyboard/a7158f83a369403499456be01a442881/storyboard_000008.jpg?quality=85&format=webp,https://www.lovethework.com/work/entries/the-ad-that-can-only-be-seen-on-sbs-771074,/awards/spikes_asia/2026/campaigns/the-ad-that-can-only-be-seen-on-sbs-special-broadcasting-servive-droga5-anz-part-of-accenture-song-2026-3/
Spikes Asia,2026,Film,film,GET ALMOST ALMOST ANYTHING WITH JIM COURIER COURIER,UBER EATS,SPECIAL,Local Brand,Shortlist,https://ascentialcdn.filespin.io/api/v1/storyboard/4f5535d1b4704a8fa6ba0edc51c0a133/storyboard_000008.jpg?quality=85&format=webp,https://www.lovethework.com/work/entries/get-almost-almost-anything-with-jim-courier-courier-772415,/awards/spikes_asia/2026/campaigns/get-almost-almost-anything-with-jim-courier-courier-uber-eats-special-2026/
Spikes Asia,2026,Film,film,POSSESSED,LIFEBUOY INDONESIA,MULLENLOWE SINGAPORE,Use of Humour,Submitted,https://ascentialcdn.filespin.io/api/v1/storyboard/56d93a5b94ad40a0b9bfd52f59bcc0a8/storyboard_000008.jpg?quality=85&format=webp,https://www.lovethework.com/work/entries/possessed-771422,/awards/spikes_asia/2026/campaigns/possessed-lifebuoy-indonesia-mullenlowe-singapore-2026-2/
Spikes Asia,2026,Film,film,OWN IT FIRST,CENTRAL DEPARTMENT STORE,WOLF BKK,Use of Humour,Submitted,https://ascentialcdn.filespin.io/api/v1/storyboard/f5c919de52374d2680cabbc5eeca201a/storyboard_000008.jpg?quality=85&format=webp,https://www.lovethework.com/work/entries/own-it-first-770965,/awards/spikes_asia/2026/campaigns/own-it-first-central-department-store-wolf-bkk-2026/
Spikes Asia,2026,Film,film,DECEIVER LEVER,TELSTRA,BEAR MEETS EAGLE ON FIRE,Consumer Services/Business to Business,Submitted,https://ascentialcdn.filespin.io/api/v1/storyboard/cf0471f307634bd49f652afc7a7947e9/storyboard_000008.jpg?quality=85&format=webp,https://www.lovethework.com/work/entries/deceiver-lever-770611,/awards/spikes_asia/2026/campaigns/deceiver-lever-telstra-bear-meets-eagle-on-fire-2026/
Spikes Asia,2026,Film,film,TOOTH FAIRY,SEEK,"DROGA5 ANZ, PART OF ACCENTURE SONG",Consumer Services/Business to Business,Submitted,https://ascentialcdn.filespin.io/api/v1/storyboard/77468f86a457499f87abcbfaaef3e922/storyboard_000008.jpg?quality=85&format=webp,https://www.lovethework.com/work/entries/tooth-fairy-770621,/awards/spikes_asia/2026/campaigns/tooth-fairy-seek-droga5-anz-part-of-accenture-song-2026/
Spikes Asia,2026,Film,film,ALLIANCE BANK BIZSMART CHALLENGE: FROM BUSINESS PITCH TO RECORD-SETTING FEATURE FILM,ALLIANCE BANK,AMPERSAND ADVISORY,Consumer Services/Business to Business,Submitted,https://ascentialcdn.filespin.io/api/v1/storyboard/33af81d1e0df48ec807a25218b37d5a0/storyboard_000004.jpg?quality=85&format=webp,https://www.lovethework.com/work/entries/alliance-bank-bizsmart-challenge-from-business-pitch-to-record-setting-feature-film-771116,/awards/spikes_asia/2026/campaigns/alliance-bank-bizsmart-challenge-from-business-pitch-to-record-setting-feature-film-alliance-bank-ampersand-advisory-202/
Spikes Asia,2026,Film,film,KHIIMORI- SPIRIT OF THE NAADAM,RIO TINTO MONGOLIA,RIO TINTO,Cultural Engagement,Submitted,https://ascentialcdn.filespin.io/api/v1/storyboard/d951f02f524b4c56b759bd86abd19cad/storyboard_000008.jpg?quality=85&format=webp,https://www.lovethework.com/work/entries/khiimori-spirit-of-the-naadam-773041,/awards/spikes_asia/2026/campaigns/khiimori-spirit-of-the-naadam-rio-tinto-mongolia-rio-tinto-2026/
Spikes Asia,2026,Film,film,LIGHTS ON SHADOW.,KATE,KANEBO,Consumer Goods,Submitted,https://ascentialcdn.filespin.io/api/v1/storyboard/e108d8746ec44c1d9a0ea1978a5c6ddd/storyboard_000008.jpg?quality=85&format=webp,https://www.lovethework.com/work/entries/lights-on-shadow-769479,/awards/spikes_asia/2026/campaigns/lights-on-shadow-kate-kanebo-2026/
Spikes Asia,2026,Film,film,MAXSTREAM HEADLESS HALLOWEEN,MAXSTREAM,HAKUHODO INTERNATIONAL INDONESIA,Social Behaviour,Submitted,https://ascentialcdn.filespin.io/api/v1/storyboard/b18f3e645bab496c88cf9f5979fc10c8/storyboard_000008.jpg?quality=85&format=webp,https://www.lovethework.com/work/entries/maxstream-headless-halloween-769537,/awards/spikes_asia/2026/campaigns/maxstream-headless-halloween-maxstream-hakuhodo-international-indonesia-2026/
Spikes Asia,2026,Film,film,WORLD'S STRONGEST HOTEL BRAND AND INDIA'S STRONGEST BRAND,INDIAN HOTELS COMPANY LIMITED,THE INDIAN HOTELS COMPANY,"Travel, Leisure, Retail, Restaurants & Fast Food Chains",Submitted,https://ascentialcdn.filespin.io/api/v1/storyboard/0a8b92e7867647dfbc24ff3437280cfb/storyboard_000008.jpg?quality=85&format=webp,https://www.lovethework.com/work/entries/worlds-strongest-hotel-brand-and-indias-strongest-brand-769577,/awards/spikes_asia/2026/campaigns/worlds-strongest-hotel-brand-and-indias-strongest-brand-indian-hotels-company-limited-the-indian-hotels-company-2026/
Spikes Asia,2026,Film,film,KISSING,UBER,SPECIAL,"Travel, Leisure, Retail, Restaurants & Fast Food Chains",Submitted,https://ascentialcdn.filespin.io/api/v1/conversion/6145563599034242b2a22737eec24ddf?quality=85&format=webp,https://www.lovethework.com/work/entries/kissing-773008,/awards/spikes_asia/2026/campaigns/kissing-uber-special-2026/
Spikes Asia,2026,Film,film,THE INVISIBLE ONE,SAMSUNG,THAI SAMSUNG ELECTRONICS,Social Behaviour,Submitted,https://ascentialcdn.filespin.io/api/v1/storyboard/e8f461e028084765937a0d84f826a53b/storyboard_000008.jpg?quality=85&format=webp,https://www.lovethework.com/work/entries/the-invisible-one-769527,/awards/spikes_asia/2026/campaigns/the-invisible-one-samsung-thai-samsung-electronics-2026/
Spikes Asia,2026,Film,film,HAVE YOU SEEN OAT?,SNACK JACK,HANAMI FOOD,Use of Humour,Submitted,https://ascentialcdn.filespin.io/api/v1/storyboard/a9d53e31ed61411d8652c2387505c034/storyboard_000008.jpg?quality=85&format=webp,https://www.lovethework.com/work/entries/have-you-seen-oat-769590,/awards/spikes_asia/2026/campaigns/have-you-seen-oat-snack-jack-hanami-food-2026-2/
Spikes Asia,2026,Film,film,GENESIS GV60 - TAKE YOUR WONDER FURTHER,GENESIS,INNOCEAN,Consumer Goods,Submitted,https://ascentialcdn.filespin.io/api/v1/storyboard/bb77da8f1bd347da82f2218504994ab9/storyboard_000008.jpg?quality=85&format=webp,https://www.lovethework.com/work/entries/genesis-gv60-take-your-wonder-further-769605,/awards/spikes_asia/2026/campaigns/genesis-gv60-take-your-wonder-further-genesis-innocean-2026/
Spikes Asia,2026,Film,film,LANDCRUISER,TOYOTA,SAATCHI & SAATCHI,Consumer Goods,Submitted,https://ascentialcdn.filespin.io/api/v1/storyboard/a575e39c0d394793b241beebb7665927/storyboard_000004.jpg?quality=85&format=webp,https://www.lovethework.com/work/entries/landcruiser-770913,/awards/spikes_asia/2026/campaigns/landcruiser-toyota-saatchi-and-saatchi-2026/
Spikes Asia,2026,Film,film,COROLLA,TOYOTA,SAATCHI & SAATCHI,Consumer Goods,Submitted,https://ascentialcdn.filespin.io/api/v1/storyboard/146acb12c23d449497ffbefc72fee68c/storyboard_000008.jpg?quality=85&format=webp,https://www.lovethework.com/work/entries/corolla-770897,/awards/spikes_asia/2026/campaigns/corolla-toyota-saatchi-and-saatchi-2026/
Spikes Asia,2026,Film,film,THE BIG PROPOSAL,MCDONALD’S,GEEK PICTURES,"Travel, Leisure, Retail, Restaurants & Fast Food Chains",Submitted,https://ascentialcdn.filespin.io/api/v1/storyboard/d244552a862f4af5a5f64c22f77f5095/storyboard_000008.jpg?quality=85&format=webp,https://www.lovethework.com/work/entries/the-big-proposal-770453,/awards/spikes_asia/2026/campaigns/the-big-proposal-mcdonalds-geek-pictures-2026/
Spikes Asia,2026,Film,film,WE’VE MADE IT BETTER,HSBC BANKING MOBILE APP,DENTSU CREATIVE,Consumer Services/Business to Business,Submitted,https://ascentialcdn.filespin.io/api/v1/storyboard/fbea37eb59dd4feb913eccf6e2347512/storyboard_000008.jpg?quality=85&format=webp,https://www.lovethework.com/work/entries/weve-made-it-better-771126,/awards/spikes_asia/2026/campaigns/weve-made-it-better-hsbc-banking-mobile-app-dentsu-creative-2026/
Spikes Asia,2026,Film,film,STEADFAST - DIRTY MONEY,STEADFAST STATIONARY,DUCKTAPE STUDIOS,Consumer Services/Business to Business,Submitted,https://ascentialcdn.filespin.io/api/v1/storyboard/8f87e5b247004f23bdd215b640436c90/storyboard_000008.jpg?quality=85&format=webp,https://www.lovethework.com/work/entries/steadfast-dirty-money-769507,/awards/spikes_asia/2026/campaigns/steadfast-dirty-money-steadfast-stationary-ducktape-studios-2026-3/
Spikes Asia,2026,Film,film,LIVESELL,SAVE THE CHILDREN,SEVEN AD,Not-for-profit / Charity / Government,Submitted,https://ascentialcdn.filespin.io/api/v1/storyboard/81579d48178d45a9b6c1263531e60e20/storyboard_000008.jpg?quality=85&format=webp,https://www.lovethework.com/work/entries/livesell-770729,/awards/spikes_asia/2026/campaigns/livesell-save-the-children-seven-ad-2026/
Spikes Asia,2026,Film,film,IT'S BETTER WITH SPARK,SPARK NEW ZEALAND,COLENSO BBDO,Consumer Goods,Submitted,https://ascentialcdn.filespin.io/api/v1/conversion/199c0332d922422d8bc002dbec59e6aa?quality=85&format=webp,https://www.lovethework.com/work/entries/its-better-with-spark-771092,/awards/spikes_asia/2026/campaigns/its-better-with-spark-spark-new-zealand-colenso-bbdo-2026/
Spikes Asia,2026,Film,film,WILD ROAD,GAZOO RACING,SIX INC,Consumer Goods,Submitted,https://ascentialcdn.filespin.io/api/v1/storyboard/f60d291ba8a14cdab4ef5360d1c49eb2/storyboard_000008.jpg?quality=85&format=webp,https://www.lovethework.com/work/entries/wild-road-770640,/awards/spikes_asia/2026/campaigns/wild-road-gazoo-racing-six-inc-2026/
Spikes Asia,2026,Film,film,THE INVISIBLE ONE,SAMSUNG,THAI SAMSUNG ELECTRONICS,Consumer Goods,Submitted,https://ascentialcdn.filespin.io/api/v1/storyboard/e8f461e028084765937a0d84f826a53b/storyboard_000008.jpg?quality=85&format=webp,https://www.lovethework.com/work/entries/the-invisible-one-769604,/awards/spikes_asia/2026/campaigns/the-invisible-one-samsung-thai-samsung-electronics-2026-2/
Spikes Asia,2026,Film,film,VOICE WANTED,KOREAN NATIONAL POLICE AGENCY,CHEIL WORLDWIDE,Not-for-profit / Charity / Government,Submitted,https://ascentialcdn.filespin.io/api/v1/storyboard/d87b0b81679c41329c8f3ae57eedaaac/storyboard_000008.jpg?quality=85&format=webp,https://www.lovethework.com/work/entries/voice-wanted-773039,/awards/spikes_asia/2026/campaigns/voice-wanted-korean-national-police-agency-cheil-worldwide-2026-4/
Spikes Asia,2026,Film,film,RESPECT FOR EVERY JOB,JOBKOREA,CHEIL WORLDWIDE,Consumer Services/Business to Business,Submitted,https://ascentialcdn.filespin.io/api/v1/storyboard/cc1362bb733742eab0f80c6efa5ac3df/storyboard_000008.jpg?quality=85&format=webp,https://www.lovethework.com/work/entries/respect-for-every-job-772817,/awards/spikes_asia/2026/campaigns/respect-for-every-job-jobkorea-cheil-worldwide-2026/
Spikes Asia,2026,Film,film,SCAMALANCHE,TELSTRA,BEAR MEETS EAGLE ON FIRE,Consumer Services/Business to Business,Submitted,https://ascentialcdn.filespin.io/api/v1/conversion/fc1dda26b8514d72b0eb6a868c50ec94?quality=85&format=webp,https://www.lovethework.com/work/entries/scamalanche-773009,/awards/spikes_asia/2026/campaigns/scamalanche-telstra-bear-meets-eagle-on-fire-2026/
Spikes Asia,2026,Film,film,ESSENCE OF TAIWAN,TAITRA TOKYO OFFICE,TOHOKUSHINSHA FILM CORPORATION,Consumer Goods,Submitted,https://ascentialcdn.filespin.io/api/v1/storyboard/368624833a534375952546ece0240c88/storyboard_000008.jpg?quality=85&format=webp,https://www.lovethework.com/work/entries/essence-of-taiwan-771106,/awards/spikes_asia/2026/campaigns/essence-of-taiwan-taitra-tokyo-office-tohokushinsha-film-corporation-2026/
Spikes Asia,2026,Film,film,"ALWAYS HERE, ALWAYS READY.",CHEMIST WAREHOUSE,STRAT!,Healthcare,Submitted,https://ascentialcdn.filespin.io/api/v1/conversion/c9959b598512429f95962d1a2c730089?quality=85&format=webp,https://www.lovethework.com/work/entries/always-here-always-ready-773098,/awards/spikes_asia/2026/campaigns/always-here-always-ready-chemist-warehouse-strat-2026/
Spikes Asia,2026,Film,film,ASSEMBLE,STRESSTABS,GIGIL,Healthcare,Submitted,https://ascentialcdn.filespin.io/api/v1/storyboard/df271a313585415eb1518169fb504b56/storyboard_000008.jpg?quality=85&format=webp,https://www.lovethework.com/work/entries/assemble-771008,/awards/spikes_asia/2026/campaigns/assemble-stresstabs-gigil-2026/
Spikes Asia,2026,Film,film,RESPECT FOR EVERY JOB,JOBKOREA,CHEIL WORLDWIDE,Consumer Services/Business to Business,Submitted,https://ascentialcdn.filespin.io/api/v1/storyboard/cc1362bb733742eab0f80c6efa5ac3df/storyboard_000008.jpg?quality=85&format=webp,https://www.lovethework.com/work/entries/respect-for-every-job-772810,/awards/spikes_asia/2026/campaigns/respect-for-every-job-jobkorea-cheil-worldwide-2026-2/
Spikes Asia,2026,Film,film,THE ADVENTURES OF AMPY,AMPOL,SAATCHI & SAATCHI,Consumer Goods,Submitted,https://ascentialcdn.filespin.io/api/v1/storyboard/ba0bb60cd1ec461093484d740e96a9be/storyboard_000008.jpg?quality=85&format=webp,https://www.lovethework.com/work/entries/the-adventures-of-ampy-770905,/awards/spikes_asia/2026/campaigns/the-adventures-of-ampy-ampol-saatchi-and-saatchi-2026/
Spikes Asia,2026,Film,film,YOU WITH RACQ? - COCKATOOS,RACQ,VML,Consumer Services/Business to Business,Submitted,https://ascentialcdn.filespin.io/api/v1/storyboard/8004b6e3043c436bb90c16b4f0ea4329/storyboard_000008.jpg?quality=85&format=webp,https://www.lovethework.com/work/entries/you-with-racq-cockatoos-769521,/awards/spikes_asia/2026/campaigns/you-with-racq-cockatoos-racq-vml-2026/
Spikes Asia,2026,Film,film,THE FUTURE OF FINANCE,AIRWALLEX,AIRWALLEX,Consumer Services/Business to Business,Submitted,https://ascentialcdn.filespin.io/api/v1/storyboard/e209a83b1157494bb5132cf4acbd63e9/storyboard_000008.jpg?quality=85&format=webp,https://www.lovethework.com/work/entries/the-future-of-finance-771207,/awards/spikes_asia/2026/campaigns/the-future-of-finance-airwallex-airwallex-2026/
Spikes Asia,2026,Film,film,POSB GOOD MONEY HABITS,POSB,THE SECRET LITTLE AGENCY,Consumer Services/Business to Business,Submitted,https://ascentialcdn.filespin.io/api/v1/storyboard/5e0a39ca5b064e3fa6d0ebfc4ccbe958/storyboard_000008.jpg?quality=85&format=webp,https://www.lovethework.com/work/entries/posb-good-money-habits-771029,/awards/spikes_asia/2026/campaigns/posb-good-money-habits-posb-the-secret-little-agency-2026/
Spikes Asia,2026,Film,film,PETRONAS MMD 2025 - WITH ALL OUR HEARTS,PETRONAS,ACCENTURE SONG MALAYSIA,Cultural Engagement,Submitted,https://ascentialcdn.filespin.io/api/v1/storyboard/deaf1961847544f2a00bc61ad9ef25e1/storyboard_000008.jpg?quality=85&format=webp,https://www.lovethework.com/work/entries/petronas-mmd-2025-with-all-our-hearts-771269,/awards/spikes_asia/2026/campaigns/petronas-mmd-2025-with-all-our-hearts-petronas-accenture-song-malaysia-2026/
Spikes Asia,2026,Film,film,PETRONAS CNY 2025 - STAY,PETRONAS,ACCENTURE SONG MALAYSIA,Single-market Campaign,Submitted,https://ascentialcdn.filespin.io/api/v1/storyboard/059e7576088b425eb3e655483ae67f1b/storyboard_000008.jpg?quality=85&format=webp,https://www.lovethework.com/work/entries/petronas-cny-2025-stay-771242,/awards/spikes_asia/2026/campaigns/petronas-cny-2025-stay-petronas-accenture-song-malaysia-2026/
Spikes Asia,2026,Film,film,SINGAPORE OCEANARIUM BRAND VIDEO,RESORTS WORLD SENTOSA,SENTOSA DEVELOPMENT CORPORATION,"Travel, Leisure, Retail, Restaurants & Fast Food Chains",Submitted,https://ascentialcdn.filespin.io/api/v1/storyboard/3cc45605b94749c098d5a71039883e44/storyboard_000008.jpg?quality=85&format=webp,https://www.lovethework.com/work/entries/singapore-oceanarium-brand-video-771066,/awards/spikes_asia/2026/campaigns/singapore-oceanarium-brand-video-resorts-world-sentosa-sentosa-development-corporation-2026/
Spikes Asia,2026,Film,film,I MADE A MIXTAPE FOR YOU,APPLE,TBWA\MEDIA ARTS LAB,Media/Entertainment,Submitted,https://ascentialcdn.filespin.io/api/v1/storyboard/d427c0c723814f7ea4bb9adc13a623dd/storyboard_000008.jpg?quality=85&format=webp,https://www.lovethework.com/work/entries/i-made-a-mixtape-for-you-769585,/awards/spikes_asia/2026/campaigns/i-made-a-mixtape-for-you-apple-tbwamedia-arts-lab-2026/
Spikes Asia,2026,Film,film,KUNG FRIES,MCDONALD'S PROSPECT HOSPITALITY,LEO TAIWAN,Social Behaviour,Submitted,https://ascentialcdn.filespin.io/api/v1/conversion/985d939b42cd4c94a6b72063f59fa6c1?quality=85&format=webp,https://www.lovethework.com/work/entries/kung-fries-771002,/awards/spikes_asia/2026/campaigns/kung-fries-mcdonalds-prospect-hospitality-leo-taiwan-2026/
Spikes Asia,2026,Film,film,WILD TREE,KOLON SPORT,KARMA,Social Behaviour,Submitted,https://ascentialcdn.filespin.io/api/v1/storyboard/6f8f1ee300324f94933366ec3e9a4348/storyboard_000008.jpg?quality=85&format=webp,https://www.lovethework.com/work/entries/wild-tree-769519,/awards/spikes_asia/2026/campaigns/wild-tree-kolon-sport-karma-2026/
Spikes Asia,2026,Film,film,CP : THE BEST BLESSING,CP FOODS,TBWA THAILAND \ JUICE,Cultural Engagement,Submitted,https://ascentialcdn.filespin.io/api/v1/storyboard/f82c6b71c8bb4fe9aa8cdbb7601a18dd/storyboard_000008.jpg?quality=85&format=webp,https://www.lovethework.com/work/entries/cp-the-best-blessing-772827,/awards/spikes_asia/2026/campaigns/cp-the-best-blessing-cp-foods-tbwa-thailand-juice-2026/
Spikes Asia,2026,Film,film,GO MONGOLIA BRAND FILM,GO MONGOLIA,EDELMAN,Cultural Engagement,Submitted,https://ascentialcdn.filespin.io/api/v1/storyboard/b61f53e6c9a94f1584f20b2ab5973fac/storyboard_000008.jpg?quality=85&format=webp,https://www.lovethework.com/work/entries/go-mongolia-brand-film-769517,/awards/spikes_asia/2026/campaigns/go-mongolia-brand-film-go-mongolia-edelman-2026/
Spikes Asia,2026,Film,film,CATHAY PRESENTS: THE MICHELIN MULTIVERSE,CATHAY GROUP,VAYNERMEDIA ASIA PACIFIC,"Travel, Leisure, Retail, Restaurants & Fast Food Chains",Submitted,https://ascentialcdn.filespin.io/api/v1/storyboard/3b0352d5e95b44f08f72b2033f674f22/storyboard_000008.jpg?quality=85&format=webp,https://www.lovethework.com/work/entries/cathay-presents-the-michelin-multiverse-772814,/awards/spikes_asia/2026/campaigns/cathay-presents-the-michelin-multiverse-cathay-group-vaynermedia-asia-pacific-2026/
Spikes Asia,2026,Film,film,MOTTAINAI BANANA STORY,DOLE JAPAN,KOO-KI,Corporate Purpose & Social Responsibility,Submitted,https://ascentialcdn.filespin.io/api/v1/storyboard/ae688c54ebe54d6880b85a1e0f163058/storyboard_000008.jpg?quality=85&format=webp,https://www.lovethework.com/work/entries/mottainai-banana-story-769484,/awards/spikes_asia/2026/campaigns/mottainai-banana-story-dole-japan-koo-ki-2026-3/
Spikes Asia,2026,Film,film,DRIVE THE MOMENT. POWERED TO WIN.,HYUNDAI STEEL,HYUNDAI STEEL,Consumer Services/Business to Business,Submitted,https://ascentialcdn.filespin.io/api/v1/storyboard/216761f954e0485dacc548caccbefc41/storyboard_000008.jpg?quality=85&format=webp,https://www.lovethework.com/work/entries/drive-the-moment-powered-to-win-772818,/awards/spikes_asia/2026/campaigns/drive-the-moment-powered-to-win-hyundai-steel-hyundai-steel-2026/
Spikes Asia,2026,Film,film,BEERS DO COME TRUE,BALTER BREWING COMPANY,ATIME&PLACE,Consumer Goods,Submitted,https://ascentialcdn.filespin.io/api/v1/storyboard/416346a00f2943b696e485a51d696327/storyboard_000008.jpg?quality=85&format=webp,https://www.lovethework.com/work/entries/beers-do-come-true-769463,/awards/spikes_asia/2026/campaigns/beers-do-come-true-balter-brewing-company-atime-and-place-2026/
Spikes Asia,2026,Film,film,ZOO MUCH ENERGY,STING,LEO,Use of Humour,Submitted,https://ascentialcdn.filespin.io/api/v1/storyboard/03cf19da91b8431187023ed2fa443ddc/storyboard_000004.jpg?quality=85&format=webp,https://www.lovethework.com/work/entries/zoo-much-energy-769594,/awards/spikes_asia/2026/campaigns/zoo-much-energy-sting-leo-2026/
Spikes Asia,2026,Film,film,THE GIRL & GHOST,TELSTRA,BEAR MEETS EAGLE ON FIRE,Consumer Services/Business to Business,Submitted,https://ascentialcdn.filespin.io/api/v1/storyboard/25dd669246d44e8fb9fd7aa38f5e3380/storyboard_000008.jpg?quality=85&format=webp,https://www.lovethework.com/work/entries/the-girl-ghost-770600,/awards/spikes_asia/2026/campaigns/the-girl-and-ghost-telstra-bear-meets-eagle-on-fire-2026/
Spikes Asia,2026,Film,film,LIAR LIAR,CANADIAN CLUB,"DROGA5 ANZ, PART OF ACCENTURE SONG",Social Behaviour,Submitted,https://ascentialcdn.filespin.io/api/v1/storyboard/f92b6ce8daa04b218f1139fa775ff573/storyboard_000008.jpg?quality=85&format=webp,https://www.lovethework.com/work/entries/liar-liar-773033,/awards/spikes_asia/2026/campaigns/liar-liar-canadian-club-droga5-anz-part-of-accenture-song-2026/
Spikes Asia,2026,Film,film,UNLIMITED THANKS,SAMGYUPSALAMAT RESTAURANT CHAIN,GIGIL,Social Behaviour,Submitted,https://ascentialcdn.filespin.io/api/v1/storyboard/86f62729d3664543a2334faa5d484faa/storyboard_000008.jpg?quality=85&format=webp,https://www.lovethework.com/work/entries/unlimited-thanks-771491,/awards/spikes_asia/2026/campaigns/unlimited-thanks-samgyupsalamat-restaurant-chain-gigil-2026/
Spikes Asia,2026,Film,film,GROOMING HIDES BEHIND HARMLESS,BRAVEHEARTS,ENGINE GROUP,Not-for-profit / Charity / Government,Submitted,https://ascentialcdn.filespin.io/api/v1/storyboard/bc6783c80769471e9367df362db6efd5/storyboard_000008.jpg?quality=85&format=webp,https://www.lovethework.com/work/entries/grooming-hides-behind-harmless-769549,/awards/spikes_asia/2026/campaigns/grooming-hides-behind-harmless-bravehearts-engine-group-2026/
Spikes Asia,2026,Film,film,TO EVERY WOMAN WHO KEEPS LOOKING AHEAD-EXAM STUDENT VERSION.,YASUDA WOMEN'S UNIVERSITY,BUZZCROW,Not-for-profit / Charity / Government,Submitted,https://ascentialcdn.filespin.io/api/v1/storyboard/cb237fb3d039429da59f82a9198b2f09/storyboard_000008.jpg?quality=85&format=webp,https://www.lovethework.com/work/entries/to-every-woman-who-keeps-looking-ahead-exam-student-version-772820,/awards/spikes_asia/2026/campaigns/to-every-woman-who-keeps-looking-ahead-exam-student-version-yasuda-womens-university-buzzcrow-2026/
Spikes Asia,2026,Film,film,A VIBRANT AND SUSTAINABLE SOCIETY,MITSUBISHI,DENTSU INC.,Consumer Services/Business to Business,Submitted,https://ascentialcdn.filespin.io/api/v1/storyboard/be0d8b1c796246b0b0992bf795a1affc/storyboard_000008.jpg?quality=85&format=webp,https://www.lovethework.com/work/entries/a-vibrant-and-sustainable-society-769482,/awards/spikes_asia/2026/campaigns/a-vibrant-and-sustainable-society-mitsubishi-dentsu-inc-2026/
Spikes Asia,2026,Film,film,WE'VE MADE IT BETTER - STAN RINGS THE BELL,HSBC BANKING MOBILE APP,DENTSU CREATIVE,Consumer Services/Business to Business,Submitted,https://ascentialcdn.filespin.io/api/v1/storyboard/9c5c6e591e5949bcba49154c39243820/storyboard_000008.jpg?quality=85&format=webp,https://www.lovethework.com/work/entries/weve-made-it-better-stan-rings-the-bell-773104,/awards/spikes_asia/2026/campaigns/weve-made-it-better-stan-rings-the-bell-hsbc-banking-mobile-app-dentsu-creative-2026/
Spikes Asia,2026,Film,film,MAKE UP AND LIVE SELLING,SAVE THE CHILDREN,SEVEN AD,Breakthrough on a Budget,Submitted,https://ascentialcdn.filespin.io/api/v1/conversion/9fb35ad2d469490a9dc6b0fde63d251b?quality=85&format=webp,https://www.lovethework.com/work/entries/make-up-and-live-selling-773040,/awards/spikes_asia/2026/campaigns/make-up-and-live-selling-save-the-children-seven-ad-2026-2/
Spikes Asia,2026,Film,film,THE SEASON OF GIFTING,CENTRAL DEPARTMENT STORE,WOLF BKK,"Travel, Leisure, Retail, Restaurants & Fast Food Chains",Submitted,https://ascentialcdn.filespin.io/api/v1/storyboard/ec4fb071e6de41d38126bb5e535fc3fd/storyboard_000008.jpg?quality=85&format=webp,https://www.lovethework.com/work/entries/the-season-of-gifting-773090,/awards/spikes_asia/2026/campaigns/the-season-of-gifting-central-department-store-wolf-bkk-2026/
Spikes Asia,2026,Film,film,LESSONS,APPLE,TBWA\INDIA,Single-market Campaign,Submitted,https://ascentialcdn.filespin.io/api/v1/conversion/9782530cb45e4f3996c0a8efd4170018?quality=85&format=webp,https://www.lovethework.com/work/entries/lessons-769512,/awards/spikes_asia/2026/campaigns/lessons-apple-tbwaindia-2026/
Spikes Asia,2026,Film,film,THE KAPRAO CRIMINALS,KFC THAILAND,WOLF BKK,Viral Film,Submitted,https://ascentialcdn.filespin.io/api/v1/storyboard/8f9d814a501246c79848be3d425d132e/storyboard_000008.jpg?quality=85&format=webp,https://www.lovethework.com/work/entries/the-kaprao-criminals-770996,/awards/spikes_asia/2026/campaigns/the-kaprao-criminals-kfc-thailand-wolf-bkk-2026-4/
Spikes Asia,2026,Film,film,THE APPOINTMENT,TOYOTA,HAKUHODO FIRST,Corporate Purpose & Social Responsibility,Submitted,https://ascentialcdn.filespin.io/api/v1/conversion/2fd71e5b50f94a7f91cc9d06f5622f79?quality=85&format=webp,https://www.lovethework.com/work/entries/the-appointment-769495,/awards/spikes_asia/2026/campaigns/the-appointment-toyota-hakuhodo-first-2026/
Spikes Asia,2026,Film,film,"GET ALMOST ALMOST ANYTHING, MAYBE EVEN A WIN",UBER EATS,SPECIAL,Use of Humour,Submitted,https://ascentialcdn.filespin.io/api/v1/storyboard/d12e876662624a9298a5227a329549f5/storyboard_000008.jpg?quality=85&format=webp,https://www.lovethework.com/work/entries/get-almost-almost-anything-maybe-even-a-win-769469,/awards/spikes_asia/2026/campaigns/get-almost-almost-anything-maybe-even-a-win-uber-eats-special-2026/
Spikes Asia,2026,Film,film,SOMEONE’S DISH OR DISHY SOMEONE,KAIFUN TOGETHER,ROCK YU CREATIVE,"Travel, Leisure, Retail, Restaurants & Fast Food Chains",Submitted,https://ascentialcdn.filespin.io/api/v1/storyboard/4b60cc867bc34d639e6e735c1784c3d5/storyboard_000008.jpg?quality=85&format=webp,https://www.lovethework.com/work/entries/someones-dish-or-dishy-someone-769563,/awards/spikes_asia/2026/campaigns/someones-dish-or-dishy-someone-kaifun-together-rock-yu-creative-2026/
Spikes Asia,2026,Film,film,THE LAST PIECE,KAIFUN TOGETHER,ROCK YU CREATIVE,"Travel, Leisure, Retail, Restaurants & Fast Food Chains",Submitted,https://ascentialcdn.filespin.io/api/v1/storyboard/a19a0e552ddc452b9e99800cd2682635/storyboard_000008.jpg?quality=85&format=webp,https://www.lovethework.com/work/entries/the-last-piece-769553,/awards/spikes_asia/2026/campaigns/the-last-piece-kaifun-together-rock-yu-creative-2026/
Spikes Asia,2026,Film,film,YOU WITH RACQ? - KOOKABURRAS,RACQ,VML,Consumer Services/Business to Business,Submitted,https://ascentialcdn.filespin.io/api/v1/storyboard/63fd532d5d6d4cff8a70c995058a011f/storyboard_000008.jpg?quality=85&format=webp,https://www.lovethework.com/work/entries/you-with-racq-kookaburras-772811,/awards/spikes_asia/2026/campaigns/you-with-racq-kookaburras-racq-vml-2026/
Spikes Asia,2026,Film,film,HOPE WILL RISE,SIRIRAJ HOSPITAL,MADMUSE,Healthcare,Submitted,https://ascentialcdn.filespin.io/api/v1/storyboard/3761a21a198241b899552cb7e48e344f/storyboard_000008.jpg?quality=85&format=webp,https://www.lovethework.com/work/entries/hope-will-rise-769503,/awards/spikes_asia/2026/campaigns/hope-will-rise-siriraj-hospital-madmuse-2026/
Spikes Asia,2026,Film,film,STEADFAST - DIRTY MONEY,STEADFAST STATIONARY,DUCKTAPE STUDIOS,Use of Humour,Submitted,https://ascentialcdn.filespin.io/api/v1/storyboard/8f87e5b247004f23bdd215b640436c90/storyboard_000008.jpg?quality=85&format=webp,https://www.lovethework.com/work/entries/steadfast-dirty-money-769600,/awards/spikes_asia/2026/campaigns/steadfast-dirty-money-steadfast-stationary-ducktape-studios-2026-4/
Spikes Asia,2026,Film,film,RUNAWAY JOURNEY,HUAWEI NOVA,TIANYUKONG,Consumer Goods,Submitted,https://ascentialcdn.filespin.io/api/v1/storyboard/988a9aff1d3a4d4fb9218589af4ab028/storyboard_000008.jpg?quality=85&format=webp,https://www.lovethework.com/work/entries/runaway-journey-769558,/awards/spikes_asia/2026/campaigns/runaway-journey-huawei-nova-tianyukong-2026/
Spikes Asia,2026,Film,film,PETRONAS CNY 2025 - STAY,PETRONAS,ACCENTURE SONG MALAYSIA,Local Brand,Submitted,https://ascentialcdn.filespin.io/api/v1/storyboard/059e7576088b425eb3e655483ae67f1b/storyboard_000008.jpg?quality=85&format=webp,https://www.lovethework.com/work/entries/petronas-cny-2025-stay-771218,/awards/spikes_asia/2026/campaigns/petronas-cny-2025-stay-petronas-accenture-song-malaysia-2026-2/
Spikes Asia,2026,Film,film,BECOMING THAI,BLACKSHEEP,POJAI PRODUCTION,Media/Entertainment,Submitted,https://ascentialcdn.filespin.io/api/v1/storyboard/6d036c94ac9c4667a719b8ebeb26146a/storyboard_000008.jpg?quality=85&format=webp,https://www.lovethework.com/work/entries/becoming-thai-772816,/awards/spikes_asia/2026/campaigns/becoming-thai-blacksheep-pojai-production-2026/
Spikes Asia,2026,Film,film,CHANGE DIRECTION,THE WESTERMAN JILYA INSTITUTE FOR INDIGENOUS MENTAL HEALTH,PHOTOPLAY PHOTOGRAPHY,Not-for-profit / Charity / Government,Submitted,https://ascentialcdn.filespin.io/api/v1/storyboard/890bd2486a6e4a14bc4a4313020c27e4/storyboard_000008.jpg?quality=85&format=webp,https://www.lovethework.com/work/entries/change-direction-771084,/awards/spikes_asia/2026/campaigns/change-direction-the-westerman-jilya-institute-for-indigenous-mental-health-photoplay-photography-2026/
Spikes Asia,2026,Film,film,COOL,OROCAN PLASTICS,GIGIL,Breakthrough on a Budget,Submitted,https://ascentialcdn.filespin.io/api/v1/conversion/2f485995a74840539688c569a9698bdd?quality=85&format=webp,https://www.lovethework.com/work/entries/cool-771034,/awards/spikes_asia/2026/campaigns/cool-orocan-plastics-gigil-2026/
Spikes Asia,2026,Film,film,MS. HOT SPRING,COCA-COLA,VML OGILVY JAPAN,Microfilm,Submitted,https://ascentialcdn.filespin.io/api/v1/storyboard/5878f99f9cb546fbaa6ea5edb0f770a3/storyboard_000004.jpg?quality=85&format=webp,https://www.lovethework.com/work/entries/ms-hot-spring-771012,/awards/spikes_asia/2026/campaigns/ms-hot-spring-coca-cola-vml-ogilvy-japan-2026/
Spikes Asia,2026,Film,film,「THE HALLUCINATION」,GENERATIVE AI PASSPORT,FIX,Consumer Services/Business to Business,Submitted,https://ascentialcdn.filespin.io/api/v1/storyboard/3da32694f45d41acbe2b88aa28ff20fa/storyboard_000008.jpg?quality=85&format=webp,https://www.lovethework.com/work/entries/the-hallucination-772819,/awards/spikes_asia/2026/campaigns/the-hallucination-generative-ai-passport-fix-2026/
Spikes Asia,2026,Film,film,SPICY HAPPINESS IN NOODLES,NONGSHIM,CHEIL WORLDWIDE,Consumer Goods,Submitted,https://ascentialcdn.filespin.io/api/v1/storyboard/1fb495578c7a4a35a1c326ac80d99fc7/storyboard_000008.jpg?quality=85&format=webp,https://www.lovethework.com/work/entries/spicy-happiness-in-noodles-772983,/awards/spikes_asia/2026/campaigns/spicy-happiness-in-noodles-nongshim-cheil-worldwide-2026/
Spikes Asia,2026,Film,film,VILLAINS,TELSTRA,BEAR MEETS EAGLE ON FIRE,Use of Humour,Submitted,https://ascentialcdn.filespin.io/api/v1/storyboard/6c658f1807e5494593d18c9cefa156c5/storyboard_000008.jpg?quality=85&format=webp,https://www.lovethework.com/work/entries/villains-771434,/awards/spikes_asia/2026/campaigns/villains-telstra-bear-meets-eagle-on-fire-2026/
Spikes Asia,2026,Film,film,"KARADA SUKOYAKACHA DOUBLE+ ""DOUBLE DEVILS""",KARADA SUKOYAKA CHA Ｗ+,VML OGILVY JAPAN,Use of Humour,Submitted,https://ascentialcdn.filespin.io/api/v1/storyboard/321b97f7ae3e4e1ab82c72edbaba8c8e/storyboard_000008.jpg?quality=85&format=webp,https://www.lovethework.com/work/entries/karada-sukoyakacha-double-double-devils-771028,/awards/spikes_asia/2026/campaigns/karada-sukoyakacha-double-double-devils-karada-sukoyaka-cha-vml-ogilvy-japan-2026/
Spikes Asia,2026,Film,film,PETRONAS MMD 2025 - WITH ALL OUR HEARTS,PETRONAS,ACCENTURE SONG MALAYSIA,Local Brand,Submitted,https://ascentialcdn.filespin.io/api/v1/storyboard/deaf1961847544f2a00bc61ad9ef25e1/storyboard_000008.jpg?quality=85&format=webp,https://www.lovethework.com/work/entries/petronas-mmd-2025-with-all-our-hearts-771231,/awards/spikes_asia/2026/campaigns/petronas-mmd-2025-with-all-our-hearts-petronas-accenture-song-malaysia-2026-2/
Spikes Asia,2026,Film,film,PIED PIPER,TOYOTA,SAATCHI & SAATCHI,Consumer Goods,Submitted,https://ascentialcdn.filespin.io/api/v1/storyboard/4430fb825a02490cabb15f1db34d03ef/storyboard_000008.jpg?quality=85&format=webp,https://www.lovethework.com/work/entries/pied-piper-770882,/awards/spikes_asia/2026/campaigns/pied-piper-toyota-saatchi-and-saatchi-2026/
Spikes Asia,2026,Film,film,"OUTSIDE, YOUR COMFORT ZONE.",KATHMANDU,MOTION SICKNESS,Challenger Brand,Submitted,https://ascentialcdn.filespin.io/api/v1/storyboard/83e0028a660045879e7e1bc4a836ec5a/storyboard_000008.jpg?quality=85&format=webp,https://www.lovethework.com/work/entries/outside-your-comfort-zone-772999,/awards/spikes_asia/2026/campaigns/outside-your-comfort-zone-kathmandu-motion-sickness-2026/
Spikes Asia,2026,Film,film,THE MORE YOU COLLIDE WITH THE WORLD_CITY,LEADVUALT,TBWA\KOREA,Consumer Goods,Submitted,https://ascentialcdn.filespin.io/api/v1/storyboard/6b2b4e30e40c4f38b7aa506e2c1a0bf4/storyboard_000008.jpg?quality=85&format=webp,https://www.lovethework.com/work/entries/the-more-you-collide-with-the-worldcity-769584,/awards/spikes_asia/2026/campaigns/the-more-you-collide-with-the-worldcity-leadvualt-tbwakorea-2026/
Spikes Asia,2026,Film,film,FEAR NOT,MODIBODI,DIVISION,Healthcare,Submitted,https://ascentialcdn.filespin.io/api/v1/storyboard/daedc9f511874d819c410dde4c03625a/storyboard_000008.jpg?quality=85&format=webp,https://www.lovethework.com/work/entries/fear-not-769496,/awards/spikes_asia/2026/campaigns/fear-not-modibodi-division-2026/
Spikes Asia,2026,Film,film,SCARY TAXI STORY,SUNTORY HOLDINGS LIMITED,HAKUHODO PRODUCTS,Corporate Purpose & Social Responsibility,Submitted,https://ascentialcdn.filespin.io/api/v1/storyboard/c6534ae121b34b47837c600e49867e15/storyboard_000008.jpg?quality=85&format=webp,https://www.lovethework.com/work/entries/scary-taxi-story-772824,/awards/spikes_asia/2026/campaigns/scary-taxi-story-suntory-holdings-limited-hakuhodo-products-2026/
Spikes Asia,2026,Film,film,MARUBENI 「LIVE」,MARUBENI,MARUBENI CORPORATION,Consumer Services/Business to Business,Submitted,https://ascentialcdn.filespin.io/api/v1/storyboard/0cf438318e6c49479745b5db95e33748/storyboard_000008.jpg?quality=85&format=webp,https://www.lovethework.com/work/entries/marubeni-live-772809,/awards/spikes_asia/2026/campaigns/marubeni-live-marubeni-marubeni-corporation-2026/
Spikes Asia,2026,Film,film,BLACKOUT VOWS BY GABRIELA,GABRIELA,"THE NATIONAL ALLIANCE OF WOMEN, DENTSU CREATIVE",Not-for-profit / Charity / Government,Submitted,https://ascentialcdn.filespin.io/api/v1/storyboard/75be75e47ec64428b150ceea8266f3ee/storyboard_000008.jpg?quality=85&format=webp,https://www.lovethework.com/work/entries/blackout-vows-by-gabriela-769550,/awards/spikes_asia/2026/campaigns/blackout-vows-by-gabriela-gabriela-the-national-alliance-of-women-dentsu-creative-2026-2/
Spikes Asia,2026,Film,film,THE M SSING PIECE,KFC THAILAND,PUBLICIS THAILAND,Use of Humour,Submitted,https://ascentialcdn.filespin.io/api/v1/storyboard/3dfaff76bed543ed84e644a8a3cb4345/storyboard_000008.jpg?quality=85&format=webp,https://www.lovethework.com/work/entries/the-m-ssing-piece-769567,/awards/spikes_asia/2026/campaigns/the-m-ssing-piece-kfc-thailand-publicis-thailand-2026-2/
Spikes Asia,2026,Film,film,MAKE UP,SAVE THE CHILDREN,SEVEN AD,Not-for-profit / Charity / Government,Submitted,https://ascentialcdn.filespin.io/api/v1/storyboard/56361dbdfb61485b9618b09ca9a6db68/storyboard_000008.jpg?quality=85&format=webp,https://www.lovethework.com/work/entries/make-up-770724,/awards/spikes_asia/2026/campaigns/make-up-save-the-children-seven-ad-2026-2/
Spikes Asia,2026,Film,film,BACK TO THE BEGINNING,MCDONALD'S HONG KONG,BBDO HONG KONG,"Travel, Leisure, Retail, Restaurants & Fast Food Chains",Submitted,https://ascentialcdn.filespin.io/api/v1/storyboard/f4d28f80cf75433199dbe15141ffe6b6/storyboard_000008.jpg?quality=85&format=webp,https://www.lovethework.com/work/entries/back-to-the-beginning-772995,/awards/spikes_asia/2026/campaigns/back-to-the-beginning-mcdonalds-hong-kong-bbdo-hong-kong-2026-2/
Spikes Asia,2026,Film,film,NISSAN ENERGY BRAND VIDEO,NISSAN,OMNICOM PRODUCTION JAPAN,Screens & Events,Submitted,https://ascentialcdn.filespin.io/api/v1/storyboard/17a428fb2a704ec69037e102baa16b09/storyboard_000008.jpg?quality=85&format=webp,https://www.lovethework.com/work/entries/nissan-energy-brand-video-771457,/awards/spikes_asia/2026/campaigns/nissan-energy-brand-video-nissan-omnicom-production-japan-2026/
Spikes Asia,2026,Film,film,"HAJIME, KEN AND SETSU THE THEATRICAL FEATURE",HAJIME KENSETSU(CONSTRUCTION),HAJIME KENSETSU,TV/Cinema Film,Submitted,https://ascentialcdn.filespin.io/api/v1/storyboard/a3f41be4478045c199472739c3d5b5c5/storyboard_000008.jpg?quality=85&format=webp,https://www.lovethework.com/work/entries/hajime-ken-and-setsu-the-theatrical-feature-769485,/awards/spikes_asia/2026/campaigns/hajime-ken-and-setsu-the-theatrical-feature-hajime-kensetsuconstruction-hajime-kensetsu-2026/
Spikes Asia,2026,Film,film,MAD LOVER,CLUB21,BBDO BANGKOK,"Travel, Leisure, Retail, Restaurants & Fast Food Chains",Submitted,https://ascentialcdn.filespin.io/api/v1/storyboard/fea0932f49f54a4791dfe044c24297d5/storyboard_000008.jpg?quality=85&format=webp,https://www.lovethework.com/work/entries/mad-lover-769536,/awards/spikes_asia/2026/campaigns/mad-lover-club21-bbdo-bangkok-2026/
Spikes Asia,2026,Film,film,SHOT ON IPHONE - LAST SCENE,APPLE,TBWA\MEDIA ARTS LAB,Consumer Goods,Submitted,https://ascentialcdn.filespin.io/api/v1/storyboard/cc45c78b800242dfaee99cf5fc958f28/storyboard_000004.jpg?quality=85&format=webp,https://www.lovethework.com/work/entries/shot-on-iphone-last-scene-771444,/awards/spikes_asia/2026/campaigns/shot-on-iphone-last-scene-apple-tbwamedia-arts-lab-2026/
Spikes Asia,2026,Film,film,SANTA,SEEK,"DROGA5 ANZ, PART OF ACCENTURE SONG",Consumer Services/Business to Business,Submitted,https://ascentialcdn.filespin.io/api/v1/storyboard/4aad0106d3e44f0cbc76f323812ed560/storyboard_000008.jpg?quality=85&format=webp,https://www.lovethework.com/work/entries/santa-770630,/awards/spikes_asia/2026/campaigns/santa-seek-droga5-anz-part-of-accenture-song-2026/
Spikes Asia,2026,Film,film,MARUBENI 「LIVE」,MARUBENI,MARUBENI CORPORATION,Consumer Services/Business to Business,Submitted,https://ascentialcdn.filespin.io/api/v1/storyboard/0cf438318e6c49479745b5db95e33748/storyboard_000008.jpg?quality=85&format=webp,https://www.lovethework.com/work/entries/marubeni-live-769601,/awards/spikes_asia/2026/campaigns/marubeni-live-marubeni-marubeni-corporation-2026-2/
Spikes Asia,2026,Film,film,THE BRUTAL PICK-UP,LYKA,DIVISION,Use of Humour,Submitted,https://ascentialcdn.filespin.io/api/v1/storyboard/036f575522e049b39604db939007e9db/storyboard_000008.jpg?quality=85&format=webp,https://www.lovethework.com/work/entries/the-brutal-pick-up-769581,/awards/spikes_asia/2026/campaigns/the-brutal-pick-up-lyka-division-2026/
Spikes Asia,2026,Film,film,WILD TREE,KOLON SPORT,KARMA,Local Brand,Submitted,https://ascentialcdn.filespin.io/api/v1/storyboard/6f8f1ee300324f94933366ec3e9a4348/storyboard_000008.jpg?quality=85&format=webp,https://www.lovethework.com/work/entries/wild-tree-772822,/awards/spikes_asia/2026/campaigns/wild-tree-kolon-sport-karma-2026-2/
Spikes Asia,2026,Film,film,OLAY LOOK AT YOU NOW,OLAY,PUBLICIS SINGAPORE,Single-market Campaign,Submitted,https://ascentialcdn.filespin.io/api/v1/storyboard/edfb1de0938041d6b563b6c14998d271/storyboard_000008.jpg?quality=85&format=webp,https://www.lovethework.com/work/entries/olay-look-at-you-now-773010,/awards/spikes_asia/2026/campaigns/olay-look-at-you-now-olay-publicis-singapore-2026/
Spikes Asia,2026,Film,film,PETRONAS MMD 2025 - WITH ALL OUR HEARTS,PETRONAS,ACCENTURE SONG MALAYSIA,Single-market Campaign,Submitted,https://ascentialcdn.filespin.io/api/v1/storyboard/deaf1961847544f2a00bc61ad9ef25e1/storyboard_000008.jpg?quality=85&format=webp,https://www.lovethework.com/work/entries/petronas-mmd-2025-with-all-our-hearts-771252,/awards/spikes_asia/2026/campaigns/petronas-mmd-2025-with-all-our-hearts-petronas-accenture-song-malaysia-2026-3/
Spikes Asia,2026,Film,film,MAXSTREAM HEADLESS HALLOWEEN,MAXSTREAM,HAKUHODO INTERNATIONAL INDONESIA,Media/Entertainment,Submitted,https://ascentialcdn.filespin.io/api/v1/storyboard/f7dac6ec9ad847f499d38cee8f0b48de/storyboard_000008.jpg?quality=85&format=webp,https://www.lovethework.com/work/entries/maxstream-headless-halloween-769491,/awards/spikes_asia/2026/campaigns/maxstream-headless-halloween-maxstream-hakuhodo-international-indonesia-2026-2/
Spikes Asia,2026,Film,film,MR WILD,COCA-COLA,VML OGILVY JAPAN,Microfilm,Submitted,https://ascentialcdn.filespin.io/api/v1/storyboard/2fe5ae8442d1453183cb569f9f45c2b1/storyboard_000004.jpg?quality=85&format=webp,https://www.lovethework.com/work/entries/mr-wild-771466,/awards/spikes_asia/2026/campaigns/mr-wild-coca-cola-vml-ogilvy-japan-2026/
Spikes Asia,2026,Film,film,GALAXY Z FOLD7 | ONETHING,SAMSUNG,CHEIL WORLDWIDE,Microfilm,Submitted,https://ascentialcdn.filespin.io/api/v1/storyboard/2697f209b5df478894b9f5b5898f1df0/storyboard_000008.jpg?quality=85&format=webp,https://www.lovethework.com/work/entries/galaxy-z-fold7-onething-769468,/awards/spikes_asia/2026/campaigns/galaxy-z-fold7-onething-samsung-cheil-worldwide-2026/
Spikes Asia,2026,Film,film,COKE ZERO AUDITIONS,COCA-COLA,OGILVY,Breakthrough on a Budget,Submitted,https://ascentialcdn.filespin.io/api/v1/storyboard/dad3e260bc7a4916980041606b6c82d9/storyboard_000008.jpg?quality=85&format=webp,https://www.lovethework.com/work/entries/coke-zero-auditions-770758,/awards/spikes_asia/2026/campaigns/coke-zero-auditions-coca-cola-ogilvy-2026/
Spikes Asia,2026,Film,film,PUMA. GO WILD. INDIA.,PUMA,100 FEET FILMS,Consumer Goods,Submitted,https://ascentialcdn.filespin.io/api/v1/storyboard/e0c73599aea44570bc305392626e3a3a/storyboard_000008.jpg?quality=85&format=webp,https://www.lovethework.com/work/entries/puma-go-wild-india-771053,/awards/spikes_asia/2026/campaigns/puma-go-wild-india-puma-100-feet-films-2026/
Spikes Asia,2026,Film,film,NEW ZEALAND'S ONE BIG AD,TOYOTA,SAATCHI & SAATCHI NEW ZEALAND,Single-market Campaign,Submitted,https://ascentialcdn.filespin.io/api/v1/storyboard/ed98cc9390b24b5b8f590423953b8a2a/storyboard_000008.jpg?quality=85&format=webp,https://www.lovethework.com/work/entries/new-zealands-one-big-ad-771064,/awards/spikes_asia/2026/campaigns/new-zealands-one-big-ad-toyota-saatchi-and-saatchi-new-zealand-2026/
Spikes Asia,2026,Film,film,KHIIMORI- SPIRIT OF THE NAADAM,RIO TINTO MONGOLIA,RIO TINTO,Social Behaviour,Submitted,https://ascentialcdn.filespin.io/api/v1/storyboard/d951f02f524b4c56b759bd86abd19cad/storyboard_000008.jpg?quality=85&format=webp,https://www.lovethework.com/work/entries/khiimori-spirit-of-the-naadam-770750,/awards/spikes_asia/2026/campaigns/khiimori-spirit-of-the-naadam-rio-tinto-mongolia-rio-tinto-2026-2/
Spikes Asia,2026,Film,film,EVERY DISH HAS A STORY,KAIFUN TOGETHER,ROCK YU CREATIVE,"Travel, Leisure, Retail, Restaurants & Fast Food Chains",Submitted,https://ascentialcdn.filespin.io/api/v1/storyboard/db56367a951a4930b761b2a8b8978d70/storyboard_000008.jpg?quality=85&format=webp,https://www.lovethework.com/work/entries/every-dish-has-a-story-772815,/awards/spikes_asia/2026/campaigns/every-dish-has-a-story-kaifun-together-rock-yu-creative-2026/
Spikes Asia,2026,Film,film,BAD SIGN,SHIELD INSURANCE,VML,Consumer Services/Business to Business,Submitted,https://ascentialcdn.filespin.io/api/v1/storyboard/e66e45d9306a43f299921c060169d11f/storyboard_000008.jpg?quality=85&format=webp,https://www.lovethework.com/work/entries/bad-sign-769464,/awards/spikes_asia/2026/campaigns/bad-sign-shield-insurance-vml-2026/
Spikes Asia,2026,Film,film,OISHI PATATA FACEPACK,OISHI CRISPY PATATA,TBWA\SMP,Consumer Goods,Submitted,https://ascentialcdn.filespin.io/api/v1/storyboard/cf87f6ea75de4720a5bf8012c2f651c8/storyboard_000008.jpg?quality=85&format=webp,https://www.lovethework.com/work/entries/oishi-patata-facepack-770909,/awards/spikes_asia/2026/campaigns/oishi-patata-facepack-oishi-crispy-patata-tbwasmp-2026/
Spikes Asia,2026,Film,film,"GET ALMOST ALMOST ANYTHING, MAYBE EVEN A WIN",UBER EATS,SPECIAL,Single-market Campaign,Submitted,https://ascentialcdn.filespin.io/api/v1/storyboard/d12e876662624a9298a5227a329549f5/storyboard_000008.jpg?quality=85&format=webp,https://www.lovethework.com/work/entries/get-almost-almost-anything-maybe-even-a-win-771135,/awards/spikes_asia/2026/campaigns/get-almost-almost-anything-maybe-even-a-win-uber-eats-special-2026-2/
Spikes Asia,2026,Film,film,GO MONGOLIA BRAND FILM,GO MONGOLIA,EDELMAN,Not-for-profit / Charity / Government,Submitted,https://ascentialcdn.filespin.io/api/v1/storyboard/b61f53e6c9a94f1584f20b2ab5973fac/storyboard_000008.jpg?quality=85&format=webp,https://www.lovethework.com/work/entries/go-mongolia-brand-film-769574,/awards/spikes_asia/2026/campaigns/go-mongolia-brand-film-go-mongolia-edelman-2026-2/
Spikes Asia,2026,Film,film,TO EVERY WOMAN WHO KEEPS LOOKING AHEAD– MOTHER VERSION.,YASUDA WOMEN'S UNIVERSITY,BUZZCROW,Not-for-profit / Charity / Government,Submitted,https://ascentialcdn.filespin.io/api/v1/storyboard/fe1e68ae72d44c19a8a069ed15f03ebc/storyboard_000008.jpg?quality=85&format=webp,https://www.lovethework.com/work/entries/to-every-woman-who-keeps-looking-ahead-mother-version-769562,/awards/spikes_asia/2026/campaigns/to-every-woman-who-keeps-looking-ahead-mother-version-yasuda-womens-university-buzzcrow-2026/
Spikes Asia,2026,Film,film,PROTECTION CAN'T BE PLASTIC,PERKESO (SOCIAL SECURITY ORGANISATION MALAYSIA),TBWA\KUALA LUMPUR,Not-for-profit / Charity / Government,Submitted,https://ascentialcdn.filespin.io/api/v1/storyboard/201fa497959e4e239009743fcde06ad3/storyboard_000008.jpg?quality=85&format=webp,https://www.lovethework.com/work/entries/protection-cant-be-plastic-772821,/awards/spikes_asia/2026/campaigns/protection-cant-be-plastic-perkeso-social-security-organisation-malaysia-tbwakuala-lumpur-2026/
Spikes Asia,2026,Film,film,THE QUEST,MIDKEY,GAME CREATIVE,Consumer Services/Business to Business,Submitted,https://ascentialcdn.filespin.io/api/v1/storyboard/5089bc64692a4dbb8e6f8a33123bafda/storyboard_000008.jpg?quality=85&format=webp,https://www.lovethework.com/work/entries/the-quest-769501,/awards/spikes_asia/2026/campaigns/the-quest-midkey-game-creative-2026/
Spikes Asia,2026,Film,film,YOU WITH RACQ? - WATER DRAGONS,RACQ,VML,Consumer Services/Business to Business,Submitted,https://ascentialcdn.filespin.io/api/v1/storyboard/680acef9171e49179a490b7ab0386990/storyboard_000008.jpg?quality=85&format=webp,https://www.lovethework.com/work/entries/you-with-racq-water-dragons-769535,/awards/spikes_asia/2026/campaigns/you-with-racq-water-dragons-racq-vml-2026/
Spikes Asia,2026,Film,film,THE SCENT THAT GIVES YOU THE SCENE,MITH BANGKOK,WOLF BKK,Viral Film,Submitted,https://ascentialcdn.filespin.io/api/v1/conversion/09bab6bc04a64d17ab5a1dc893fb5eae?quality=85&format=webp,https://www.lovethework.com/work/entries/the-scent-that-gives-you-the-scene-770942,/awards/spikes_asia/2026/campaigns/the-scent-that-gives-you-the-scene-mith-bangkok-wolf-bkk-2026-2/
Spikes Asia,2026,Film,film,"CHINESE, PAR APNE STYLE SE",WOKTOK,ENORMOUS BRANDS,Consumer Goods,Submitted,https://ascentialcdn.filespin.io/api/v1/storyboard/ee265a5cbc314acaa65aaccab650d9c3/storyboard_000008.jpg?quality=85&format=webp,https://www.lovethework.com/work/entries/chinese-par-apne-style-se-773097,/awards/spikes_asia/2026/campaigns/chinese-par-apne-style-se-woktok-enormous-brands-2026/
Spikes Asia,2026,Film,film,OLAY LOOK AT YOU NOW,OLAY,PUBLICIS SINGAPORE,Cultural Engagement,Submitted,https://ascentialcdn.filespin.io/api/v1/storyboard/edfb1de0938041d6b563b6c14998d271/storyboard_000008.jpg?quality=85&format=webp,https://www.lovethework.com/work/entries/olay-look-at-you-now-773011,/awards/spikes_asia/2026/campaigns/olay-look-at-you-now-olay-publicis-singapore-2026-2/
Spikes Asia,2026,Film,film,KHABAR RAKHIYE (KEEP A CHECK),JAZZCASH,FISHBOWL,Corporate Purpose & Social Responsibility,Submitted,https://ascentialcdn.filespin.io/api/v1/storyboard/145cc636d5694f56b5b485e18e9246c5/storyboard_000008.jpg?quality=85&format=webp,https://www.lovethework.com/work/entries/khabar-rakhiye-keep-a-check-772825,/awards/spikes_asia/2026/campaigns/khabar-rakhiye-keep-a-check-jazzcash-fishbowl-2026/
Spikes Asia,2026,Film,film,RAT OR FROG?,UBER,SPECIAL,"Travel, Leisure, Retail, Restaurants & Fast Food Chains",Submitted,https://ascentialcdn.filespin.io/api/v1/conversion/d68d0f07a21c4eb2837a3a51347db853?quality=85&format=webp,https://www.lovethework.com/work/entries/rat-or-frog-770570,/awards/spikes_asia/2026/campaigns/rat-or-frog-uber-special-2026/
Spikes Asia,2026,Film,film,CP : THE BEST BLESSING,CP FOODS,TBWA THAILAND \ JUICE,Consumer Goods,Submitted,https://ascentialcdn.filespin.io/api/v1/storyboard/f82c6b71c8bb4fe9aa8cdbb7601a18dd/storyboard_000008.jpg?quality=85&format=webp,https://www.lovethework.com/work/entries/cp-the-best-blessing-769462,/awards/spikes_asia/2026/campaigns/cp-the-best-blessing-cp-foods-tbwa-thailand-juice-2026-2/
Spikes Asia,2026,Film,film,SAFETYNOVELA,PHILIPPINE AIRLINES,BBDO GUERRERO,"Travel, Leisure, Retail, Restaurants & Fast Food Chains",Submitted,https://ascentialcdn.filespin.io/api/v1/storyboard/5fc11d2a57f24dfcaa3fb8a9082dc456/storyboard_000008.jpg?quality=85&format=webp,https://www.lovethework.com/work/entries/safetynovela-773038,/awards/spikes_asia/2026/campaigns/safetynovela-philippine-airlines-bbdo-guerrero-2026-3/
Spikes Asia,2026,Film,film,SAME OLD,KAIFUN TOGETHER,ROCK YU CREATIVE,"Travel, Leisure, Retail, Restaurants & Fast Food Chains",Submitted,https://ascentialcdn.filespin.io/api/v1/storyboard/965facaed7ff4a238514e43f10576cab/storyboard_000008.jpg?quality=85&format=webp,https://www.lovethework.com/work/entries/same-old-769569,/awards/spikes_asia/2026/campaigns/same-old-kaifun-together-rock-yu-creative-2026/
Spikes Asia,2026,Film,film,ENTERPRISE - TOGETHER BUILDS BETTER,TELSTRA,+61,Consumer Services/Business to Business,Submitted,https://ascentialcdn.filespin.io/api/v1/storyboard/22f15e50355c4607be86e6ac10b7cd0d/storyboard_000008.jpg?quality=85&format=webp,https://www.lovethework.com/work/entries/enterprise-together-builds-better-770467,/awards/spikes_asia/2026/campaigns/enterprise-together-builds-better-telstra-61-2026/
Spikes Asia,2026,Film,film,MAD WORLD,UNITED NATIONS,AICANDY,Not-for-profit / Charity / Government,Submitted,https://ascentialcdn.filespin.io/api/v1/storyboard/9c1c7e0198d64ea59b06464f35177d8c/storyboard_000008.jpg?quality=85&format=webp,https://www.lovethework.com/work/entries/mad-world-769540,/awards/spikes_asia/2026/campaigns/mad-world-united-nations-aicandy-2026/
Spikes Asia,2026,Film,film,THE MOST EXPECTATIONAL MAN: TURNING EXCEPTIONAL CULTURE INSIGHT INTO EXCEPTIONAL GROWTH,ABC EXTRA STOUT,HEINEKEN MYANMAR,Consumer Goods,Submitted,https://ascentialcdn.filespin.io/api/v1/storyboard/b66280b2390f4c7d878ff1262da5ea85/storyboard_000008.jpg?quality=85&format=webp,https://www.lovethework.com/work/entries/the-most-expectational-man-turning-exceptional-culture-insight-into-exceptional-growth-771192,/awards/spikes_asia/2026/campaigns/the-most-expectational-man-turning-exceptional-culture-insight-into-exceptional-growth-abc-extra-stout-heineken-myanmar/
Spikes Asia,2026,Film,film,BIG SISTER,GRAB,GIGIL,Corporate Purpose & Social Responsibility,Submitted,https://ascentialcdn.filespin.io/api/v1/storyboard/61d82482cf984764a50c19f7b32a158f/storyboard_000008.jpg?quality=85&format=webp,https://www.lovethework.com/work/entries/big-sister-771041,/awards/spikes_asia/2026/campaigns/big-sister-grab-gigil-2026/
Spikes Asia,2026,Film,film,GENRES FILM,POCKET FM,POCKET FM,Media/Entertainment,Submitted,https://ascentialcdn.filespin.io/api/v1/storyboard/04925961ddf84dc0a23ca1251a83b637/storyboard_000008.jpg?quality=85&format=webp,https://www.lovethework.com/work/entries/genres-film-771449,/awards/spikes_asia/2026/campaigns/genres-film-pocket-fm-pocket-fm-2026/
Spikes Asia,2026,Film,film,KUNG FRIES,MCDONALD'S PROSPECT HOSPITALITY,LEO TAIWAN,Single-market Campaign,Submitted,https://ascentialcdn.filespin.io/api/v1/conversion/985d939b42cd4c94a6b72063f59fa6c1?quality=85&format=webp,https://www.lovethework.com/work/entries/kung-fries-772579,/awards/spikes_asia/2026/campaigns/kung-fries-mcdonalds-prospect-hospitality-leo-taiwan-2026-2/
Spikes Asia,2026,Film,film,ALA GANG,ASTRON APPLIANCES,LERON LERON SINTA,Cultural Engagement,Submitted,https://ascentialcdn.filespin.io/api/v1/conversion/2055c05abee442c094f747504341e3b5?quality=85&format=webp,https://www.lovethework.com/work/entries/ala-gang-771086,/awards/spikes_asia/2026/campaigns/ala-gang-astron-appliances-leron-leron-sinta-2026/
Spikes Asia,2026,Film,film,GO! GR SUPRA SAFETY CAR!,GAZOO RACING,SIX INC,Consumer Goods,Submitted,https://ascentialcdn.filespin.io/api/v1/storyboard/46acb0db749644ad8d1003938a0c88e0/storyboard_000008.jpg?quality=85&format=webp,https://www.lovethework.com/work/entries/go-gr-supra-safety-car-770481,/awards/spikes_asia/2026/campaigns/go-gr-supra-safety-car-gazoo-racing-six-inc-2026/
Spikes Asia,2026,Film,film,THE MORE YOU COLLIDE WITH THE WORLD_ADVENTURE,LEADVUALT,TBWA\KOREA,Consumer Goods,Submitted,https://ascentialcdn.filespin.io/api/v1/storyboard/dd9973bc85034c70a30ea17c135b00ee/storyboard_000008.jpg?quality=85&format=webp,https://www.lovethework.com/work/entries/the-more-you-collide-with-the-worldadventure-769592,/awards/spikes_asia/2026/campaigns/the-more-you-collide-with-the-worldadventure-leadvualt-tbwakorea-2026/
Spikes Asia,2026,Film,film,WILD TREE,KOLON SPORT,KARMA,Consumer Goods,Submitted,https://ascentialcdn.filespin.io/api/v1/storyboard/6f8f1ee300324f94933366ec3e9a4348/storyboard_000008.jpg?quality=85&format=webp,https://www.lovethework.com/work/entries/wild-tree-769579,/awards/spikes_asia/2026/campaigns/wild-tree-kolon-sport-karma-2026-3/
Spikes Asia,2026,Film,film,TOTAL DEVOTION TO WORK,TREND MICRO,C3 FILM,Consumer Services/Business to Business,Submitted,https://ascentialcdn.filespin.io/api/v1/storyboard/8e3cdb7625ec4834aea62cb502613202/storyboard_000008.jpg?quality=85&format=webp,https://www.lovethework.com/work/entries/total-devotion-to-work-769500,/awards/spikes_asia/2026/campaigns/total-devotion-to-work-trend-micro-c3-film-2026/
Spikes Asia,2026,Film,film,"CAN'T DO THAT IF YOU'RE DRIVING (60"")",UBER,SPECIAL,"Travel, Leisure, Retail, Restaurants & Fast Food Chains",Submitted,https://ascentialcdn.filespin.io/api/v1/conversion/9d3d87cab5a84207afea9b818b3b1853?quality=85&format=webp,https://www.lovethework.com/work/entries/cant-do-that-if-youre-driving-60-772401,/awards/spikes_asia/2026/campaigns/cant-do-that-if-youre-driving-60-uber-special-2026/
Spikes Asia,2026,Film,film,YOU WITH RACQ? - GECKOS,RACQ,VML,Consumer Services/Business to Business,Submitted,https://ascentialcdn.filespin.io/api/v1/storyboard/ba2164b80bd54a2bb3569c922b6a24bf/storyboard_000008.jpg?quality=85&format=webp,https://www.lovethework.com/work/entries/you-with-racq-geckos-772812,/awards/spikes_asia/2026/campaigns/you-with-racq-geckos-racq-vml-2026/
Spikes Asia,2026,Film,film,LIFE IS LONG,OPPO,OPPO,Consumer Goods,Submitted,https://ascentialcdn.filespin.io/api/v1/storyboard/5c64e948ecf24c5faad2e82099e3bacf/storyboard_000008.jpg?quality=85&format=webp,https://www.lovethework.com/work/entries/life-is-long-769598,/awards/spikes_asia/2026/campaigns/life-is-long-oppo-oppo-2026/
Spikes Asia,2026,Film,film,FRAGILE OCEANS,THE AUSTRALIAN MARINE CONSERVATION SOCIETY (AMCS),COLLIDER,Not-for-profit / Charity / Government,Submitted,https://ascentialcdn.filespin.io/api/v1/storyboard/62faa1234cc94ffeb6ca3189c01b2176/storyboard_000008.jpg?quality=85&format=webp,https://www.lovethework.com/work/entries/fragile-oceans-771047,/awards/spikes_asia/2026/campaigns/fragile-oceans-the-australian-marine-conservation-society-amcs-collider-2026/
Spikes Asia,2026,Film,film,WHY DO THEY CALL IT -196?,SUNTORY GLOBAL SPIRITS AUSTRALIA,"DROGA5 ANZ, PART OF ACCENTURE SONG",Consumer Goods,Submitted,https://ascentialcdn.filespin.io/api/v1/storyboard/b7692b0f75ac4761b84c66a1f4e47b5b/storyboard_000008.jpg?quality=85&format=webp,https://www.lovethework.com/work/entries/why-do-they-call-it-196-773032,/awards/spikes_asia/2026/campaigns/why-do-they-call-it-196-suntory-global-spirits-australia-droga5-anz-part-of-accenture-song-2026/
Spikes Asia,2026,Film,film,CAP&BEAR,OKAYAMA TOYOPET,DAIICHI AGENCY,TV/Cinema Film,Submitted,https://ascentialcdn.filespin.io/api/v1/storyboard/cb0b85efda3c48178fddfdc7e576f9e7/storyboard_000008.jpg?quality=85&format=webp,https://www.lovethework.com/work/entries/capbear-769492,/awards/spikes_asia/2026/campaigns/cap-and-bear-okayama-toyopet-daiichi-agency-2026/
Spikes Asia,2026,Film,film,IT'S DETTOL TIME,DETTOL,SOUR BANGKOK,Use of Humour,Submitted,https://ascentialcdn.filespin.io/api/v1/storyboard/526635f0805240a5967b0de0ae9ace56/storyboard_000008.jpg?quality=85&format=webp,https://www.lovethework.com/work/entries/its-dettol-time-769557,/awards/spikes_asia/2026/campaigns/its-dettol-time-dettol-sour-bangkok-2026-3/
Spikes Asia,2026,Film,film,SLIDING MOM,CP-MEIJI,WOLF BKK,Consumer Goods,Submitted,https://ascentialcdn.filespin.io/api/v1/conversion/b094e39cb4134b8cb95beea85a37081f?quality=85&format=webp,https://www.lovethework.com/work/entries/sliding-mom-772813,/awards/spikes_asia/2026/campaigns/sliding-mom-cp-meiji-wolf-bkk-2026/
Spikes Asia,2026,Film,film,CHANGES FOR THE BETTER,MITSUBISHI,DENTSU INC.,Consumer Services/Business to Business,Submitted,https://ascentialcdn.filespin.io/api/v1/storyboard/fac273add073482686dd2c0b1f0a0c31/storyboard_000008.jpg?quality=85&format=webp,https://www.lovethework.com/work/entries/changes-for-the-better-769472,/awards/spikes_asia/2026/campaigns/changes-for-the-better-mitsubishi-dentsu-inc-2026/
Spikes Asia,2026,Film,film,SLAP FACIAL,SLEEPYCAT,MOTHERSHIP PRODUCTIONS,Consumer Goods,Submitted,https://ascentialcdn.filespin.io/api/v1/storyboard/ef6e8a84b4984b35bb9e5cfc301afe7a/storyboard_000008.jpg?quality=85&format=webp,https://www.lovethework.com/work/entries/slap-facial-769488,/awards/spikes_asia/2026/campaigns/slap-facial-sleepycat-mothership-productions-2026/
Spikes Asia,2026,Film,film,「THE COPYRIGHT CRIME」,GENERATIVE AI PASSPORT,FIX,Consumer Services/Business to Business,Submitted,https://ascentialcdn.filespin.io/api/v1/storyboard/70e7bfe38534498496f4b0a0be134135/storyboard_000008.jpg?quality=85&format=webp,https://www.lovethework.com/work/entries/the-copyright-crime-769516,/awards/spikes_asia/2026/campaigns/the-copyright-crime-generative-ai-passport-fix-2026/
Spikes Asia,2026,Film,film,BACK TO THE BEGINNING,MCDONALD'S HONG KONG,BBDO HONG KONG,Single-market Campaign,Submitted,https://ascentialcdn.filespin.io/api/v1/storyboard/f4d28f80cf75433199dbe15141ffe6b6/storyboard_000008.jpg?quality=85&format=webp,https://www.lovethework.com/work/entries/back-to-the-beginning-770446,/awards/spikes_asia/2026/campaigns/back-to-the-beginning-mcdonalds-hong-kong-bbdo-hong-kong-2026-3/
Spikes Asia,2026,Film,film,DRIVE THE MOMENT. POWERED TO WIN.,HYUNDAI STEEL,HYUNDAI STEEL,Market Disruption,Submitted,https://ascentialcdn.filespin.io/api/v1/storyboard/216761f954e0485dacc548caccbefc41/storyboard_000008.jpg?quality=85&format=webp,https://www.lovethework.com/work/entries/drive-the-moment-powered-to-win-772826,/awards/spikes_asia/2026/campaigns/drive-the-moment-powered-to-win-hyundai-steel-hyundai-steel-2026-2/
Spikes Asia,2026,Innovation,innovation,VISION PULSE : SIGHT BEYOND SEEING,HYUNDAI MOTOR COMPANY,HYUNDAI MOTOR COMPANY,Early-Stage Technology,Shortlist,https://ascentialcdn.filespin.io/api/v1/conversion/7f95dfe53da842fbb3a115a7c4faeba0?quality=85&format=webp,https://www.lovethework.com/work/entries/vision-pulse-sight-beyond-seeing-770579,/awards/spikes_asia/2026/campaigns/vision-pulse-sight-beyond-seeing-hyundai-motor-company-hyundai-motor-company-2026/
Spikes Asia,2026,Innovation,innovation,HAVEN,SUNCORP INSURANCE,LEO,Brand-Led Innovation,Shortlist,https://ascentialcdn.filespin.io/api/v1/conversion/1c2dd1f33da546d5a9a7c8556366bc64?quality=85&format=webp,https://www.lovethework.com/work/entries/haven-770718,/awards/spikes_asia/2026/campaigns/haven-suncorp-insurance-leo-2026-5/
Spikes Asia,2026,Innovation,innovation,DARESCORE,MOUNTAIN DEW,LEO,Societal Innovation,Shortlist,https://ascentialcdn.filespin.io/api/v1/conversion/2d017b7a37f1456db0d330ecec745d14?quality=85&format=webp,https://www.lovethework.com/work/entries/darescore-771036,/awards/spikes_asia/2026/campaigns/darescore-mountain-dew-leo-2026-3/
Spikes Asia,2026,Innovation,innovation,WAVES OF WILL POWERED BY NTT,NTT HUMAN INFORMATICS LABORATORIES,DENTSU INC.,Societal Innovation,Shortlist,https://ascentialcdn.filespin.io/api/v1/conversion/a8f08726b34b4e5b8a6e464104b8ffa4?quality=85&format=webp,https://www.lovethework.com/work/entries/waves-of-will-powered-by-ntt-770717,/awards/spikes_asia/2026/campaigns/waves-of-will-powered-by-ntt-ntt-human-informatics-laboratories-dentsu-inc-2026/
Spikes Asia,2026,Innovation,innovation,TSUGIKI：COFFEE REBORN,TULLY'S,PR CONSULTING DENTSU,Environmental Innovation,Shortlist,https://ascentialcdn.filespin.io/api/v1/conversion/d629372d7ab34bf2b9e26920e8eb51c8?quality=85&format=webp,https://www.lovethework.com/work/entries/tsugikicoffee-reborn-770520,/awards/spikes_asia/2026/campaigns/tsugikicoffee-reborn-tullys-pr-consulting-dentsu-2026/
Spikes Asia,2026,Innovation,innovation,SMART EYE CAMERA,OUI INC.,TBWA\HAKUHODO,Product Innovation,Shortlist,https://ascentialcdn.filespin.io/api/v1/conversion/b55e3f82689e4dcdbd14bc4ea496d7be?quality=85&format=webp,https://www.lovethework.com/work/entries/smart-eye-camera-769951,/awards/spikes_asia/2026/campaigns/smart-eye-camera-oui-inc-tbwahakuhodo-2026/
Spikes Asia,2026,Innovation,innovation,CHEER SIGNS,CHEER SIGNS,TBWA\HAKUHODO,Societal Innovation,Shortlist,https://ascentialcdn.filespin.io/api/v1/conversion/c8feabbe3b7949879999ac690bd274ea?quality=85&format=webp,https://www.lovethework.com/work/entries/cheer-signs-770585,/awards/spikes_asia/2026/campaigns/cheer-signs-cheer-signs-tbwahakuhodo-2026/
Spikes Asia,2026,Innovation,innovation,GARUDA RAKSHAK,DSP MUTUAL FUNDS,DENTSU CREATIVE,Societal Innovation,Shortlist,https://ascentialcdn.filespin.io/api/v1/conversion/89bc4fc4a633468194b5cba46a8d4ffc?quality=85&format=webp,https://www.lovethework.com/work/entries/garuda-rakshak-771329,/awards/spikes_asia/2026/campaigns/garuda-rakshak-dsp-mutual-funds-dentsu-creative-2026-4/
Spikes Asia,2026,Innovation,innovation,SAKURA SCAN,KIRIN BEER,KIRIN BREWERY COMPANY,Environmental Innovation,Submitted,https://ascentialcdn.filespin.io/api/v1/conversion/1de049ba98d24b558834c6067c5802b0?quality=85&format=webp,https://www.lovethework.com/work/entries/sakura-scan-770716,/awards/spikes_asia/2026/campaigns/sakura-scan-kirin-beer-kirin-brewery-company-2026-7/
Spikes Asia,2026,Innovation,innovation,THE BREATHING WALL,TBC BANK UZBEKISTAN,FCB ARTGROUP,Environmental Innovation,Submitted,https://ascentialcdn.filespin.io/api/v1/conversion/a611be99781e44cfaa76018fb67e90b2?quality=85&format=webp,https://www.lovethework.com/work/entries/the-breathing-wall-769955,/awards/spikes_asia/2026/campaigns/the-breathing-wall-tbc-bank-uzbekistan-fcb-artgroup-2026/
Spikes Asia,2026,Innovation,innovation,DFREE HAPPEE BUDDY,DFREE,DFREE,Societal Innovation,Submitted,https://ascentialcdn.filespin.io/api/v1/conversion/5b1caf5634d7491f89e88d068992791e?quality=85&format=webp,https://www.lovethework.com/work/entries/dfree-happee-buddy-769976,/awards/spikes_asia/2026/campaigns/dfree-happee-buddy-dfree-dfree-2026/
Spikes Asia,2026,Innovation,innovation,SECOND LIFE KURA,THE BATH & BED TEAM,DENTSU INC.,Societal Innovation,Submitted,https://ascentialcdn.filespin.io/api/v1/conversion/3c8fecb11088412e9880c54b1380b919?quality=85&format=webp,https://www.lovethework.com/work/entries/second-life-kura-771372,/awards/spikes_asia/2026/campaigns/second-life-kura-the-bath-and-bed-team-dentsu-inc-2026/
Spikes Asia,2026,Innovation,innovation,TK MATES — AI FASHION COMPANION TRANSFORMING RETAIL EXPERIENCE,SWIRE PROPERTIES,SWIRE PROPERTIES,Brand-Led Innovation,Submitted,https://ascentialcdn.filespin.io/api/v1/conversion/9a907b571cf44d7b89e173616fa3e42e?quality=85&format=webp,https://www.lovethework.com/work/entries/tk-mates-ai-fashion-companion-transforming-retail-experience-770410,/awards/spikes_asia/2026/campaigns/tk-mates-ai-fashion-companion-transforming-retail-experience-swire-properties-swire-properties-2026/
Spikes Asia,2026,Innovation,innovation,MOBILIFE,MOBILIFE,MOBICOM,Fintech,Submitted,https://ascentialcdn.filespin.io/api/v1/conversion/d5f4c0362ac74775a42f1ec0023415fd?quality=85&format=webp,https://www.lovethework.com/work/entries/mobilife-770091,/awards/spikes_asia/2026/campaigns/mobilife-mobilife-mobicom-2026/
Spikes Asia,2026,Innovation,innovation,LAY'S REVIVING MITTI,LAY'S,LEO,Environmental Innovation,Submitted,https://ascentialcdn.filespin.io/api/v1/conversion/e4890d931f84403980e9402752d2a76a?quality=85&format=webp,https://www.lovethework.com/work/entries/lays-reviving-mitti-770991,/awards/spikes_asia/2026/campaigns/lays-reviving-mitti-lays-leo-2026/
Spikes Asia,2026,Innovation,innovation,SC WELLNESSNOW,STANDARD CHARTERED,DENTSU CREATIVE,Technology,Submitted,https://ascentialcdn.filespin.io/api/v1/conversion/038b667e10a44d4990a54272601109d0?quality=85&format=webp,https://www.lovethework.com/work/entries/sc-wellnessnow-770715,/awards/spikes_asia/2026/campaigns/sc-wellnessnow-standard-chartered-dentsu-creative-2026/
Spikes Asia,2026,Innovation,innovation,HAPTALE,ITOCHU CORPORATION,ITOCHU CORPORATION,Early-Stage Technology,Submitted,https://ascentialcdn.filespin.io/api/v1/conversion/ed61c38774c843739e84106970bfba7e?quality=85&format=webp,https://www.lovethework.com/work/entries/haptale-769934,/awards/spikes_asia/2026/campaigns/haptale-itochu-corporation-itochu-corporation-2026/
Spikes Asia,2026,Innovation,innovation,ORAL HEALTH MOVEMENT,COLGATE,NETWORK18 MEDIA & INVESTMENTS,Societal Innovation,Submitted,https://ascentialcdn.filespin.io/api/v1/conversion/cf53595d44cb4b739a93fa5632e5b48c?quality=85&format=webp,https://www.lovethework.com/work/entries/oral-health-movement-770714,/awards/spikes_asia/2026/campaigns/oral-health-movement-colgate-network18-media-and-investments-2026/
Spikes Asia,2026,Innovation,innovation,ENTOUCHABLE MUSEUM,HACHIOJI VISUALLY IMPAIRED WELFARE ASSOCIATION,HACHIOJI VISUALLY IMPAIRED WELFARE ASSOCIATION,Societal Innovation,Submitted,https://ascentialcdn.filespin.io/api/v1/conversion/59b909fc167d436aa9c0afd1d21125b3?quality=85&format=webp,https://www.lovethework.com/work/entries/entouchable-museum-771375,/awards/spikes_asia/2026/campaigns/entouchable-museum-hachioji-visually-impaired-welfare-association-hachioji-visually-impaired-welfare-association-2026/
Spikes Asia,2026,Innovation,innovation,GEOPRO - POPULATION MOVEMENT ANALYSIS,MOBICOM LLC,MOBICOM,Technology,Submitted,https://ascentialcdn.filespin.io/api/v1/conversion/35ef6b0772ed48b4a27aafcdcf8fb42e?quality=85&format=webp,https://www.lovethework.com/work/entries/geopro-population-movement-analysis-770087,/awards/spikes_asia/2026/campaigns/geopro-population-movement-analysis-mobicom-llc-mobicom-2026/
Spikes Asia,2026,Innovation,innovation,CAMPANION,KURO SNACKS,McCANN,Early-Stage Technology,Submitted,https://ascentialcdn.filespin.io/api/v1/conversion/89b1ad86568342619074aa3eb72aa48e?quality=85&format=webp,https://www.lovethework.com/work/entries/campanion-769924,/awards/spikes_asia/2026/campaigns/campanion-kuro-snacks-mccann-2026/
Spikes Asia,2026,Innovation,innovation,MOBILIFE,MOBILIFE,MOBICOM,Societal Innovation,Submitted,https://ascentialcdn.filespin.io/api/v1/conversion/809b2b027cd1499884561061e646b57c?quality=85&format=webp,https://www.lovethework.com/work/entries/mobilife-769984,/awards/spikes_asia/2026/campaigns/mobilife-mobilife-mobicom-2026-2/
Spikes Asia,2026,Innovation,innovation,TAP PAY FOR BUSINESS,JAZZCASH,FISHBOWL,Fintech,Submitted,https://ascentialcdn.filespin.io/api/v1/conversion/5ec99b5bb3da48188e135213d2d674f4?quality=85&format=webp,https://www.lovethework.com/work/entries/tap-pay-for-business-770713,/awards/spikes_asia/2026/campaigns/tap-pay-for-business-jazzcash-fishbowl-2026-2/
Spikes Asia,2026,Innovation,innovation,ARK.WORKS,ARK.WORKS,REBE WORLD FZCO,Technology,Submitted,https://ascentialcdn.filespin.io/api/v1/conversion/8373c190412d44b886f357123e33f932?quality=85&format=webp,https://www.lovethework.com/work/entries/arkworks-771376,/awards/spikes_asia/2026/campaigns/arkworks-arkworks-rebe-world-fzco-2026/
Spikes Asia,2026,Innovation,innovation,"STOOL DONATION PLATFORM ""CHO-MUSUBI""",METAGEN THERAPEUTICS,DENTSU INC.,Early-Stage Technology,Submitted,https://ascentialcdn.filespin.io/api/v1/conversion/f89d4957aa244002b57e3e4e2ea3a8fd?quality=85&format=webp,https://www.lovethework.com/work/entries/stool-donation-platform-cho-musubi-771330,/awards/spikes_asia/2026/campaigns/stool-donation-platform-cho-musubi-metagen-therapeutics-dentsu-inc-2026-2/
Spikes Asia,2026,Innovation,innovation,BEBECLUB AI POOP TRACKER,BEBECLUB,VOLARE ADVERTISING NETWORK - EYDEN,Technology,Submitted,https://ascentialcdn.filespin.io/api/v1/conversion/a985d968f0864a749cca1437cf1954a7?quality=85&format=webp,https://www.lovethework.com/work/entries/bebeclub-ai-poop-tracker-771374,/awards/spikes_asia/2026/campaigns/bebeclub-ai-poop-tracker-bebeclub-volare-advertising-network-eyden-2026/
Spikes Asia,2026,Innovation,innovation,GARUDA RAKSHAK,DSP MUTUAL FUNDS,DENTSU CREATIVE,Technology,Submitted,https://ascentialcdn.filespin.io/api/v1/conversion/89bc4fc4a633468194b5cba46a8d4ffc?quality=85&format=webp,https://www.lovethework.com/work/entries/garuda-rakshak-770078,/awards/spikes_asia/2026/campaigns/garuda-rakshak-dsp-mutual-funds-dentsu-creative-2026-5/
Spikes Asia,2026,Innovation,innovation,ONE NOODLE,HARAKU RAMEN,BLKJ HAVAS,Product Innovation,Submitted,https://ascentialcdn.filespin.io/api/v1/conversion/f43a17e513764061a27d43ded5b71d1d?quality=85&format=webp,https://www.lovethework.com/work/entries/one-noodle-771373,/awards/spikes_asia/2026/campaigns/one-noodle-haraku-ramen-blkj-havas-2026-7/
Spikes Asia,2026,Innovation,innovation,HAVEN,SUNCORP INSURANCE,LEO,Societal Innovation,Submitted,https://ascentialcdn.filespin.io/api/v1/conversion/b36914ae36d84bc9943f5784d28dd299?quality=85&format=webp,https://www.lovethework.com/work/entries/haven-770719,/awards/spikes_asia/2026/campaigns/haven-suncorp-insurance-leo-2026-6/
Spikes Asia,2026,Outdoor,outdoor,SALTANAT LIGHT,CITIX,GFORCE,Special Build,Shortlist,https://ascentialcdn.filespin.io/api/v1/conversion/68f2c53ebcea42bd9ab7b58852b5aa95?quality=85&format=webp,https://www.lovethework.com/work/entries/saltanat-light-772610,/awards/spikes_asia/2026/campaigns/saltanat-light-citix-gforce-2026/
Spikes Asia,2026,Outdoor,outdoor,THE WORST CHILDREN'S LIBRARY,SAMSUNG NZ,MCCANN NEW ZEALAND,Immersive Experiences,Shortlist,https://ascentialcdn.filespin.io/api/v1/conversion/92adc488ec0240ac939ad04662f73311?quality=85&format=webp,https://www.lovethework.com/work/entries/the-worst-childrens-library-769494,/awards/spikes_asia/2026/campaigns/the-worst-childrens-library-samsung-nz-mccann-new-zealand-2026-3/
Spikes Asia,2026,Outdoor,outdoor,"IF YOU CAN TAKE IT, IT'S YOURS",SELLEYS,HOWATSON AND COMPANY,Standard Sites,Shortlist,https://ascentialcdn.filespin.io/api/v1/conversion/3172e0d181524de5b6802f2aef3eff7a?quality=85&format=webp,https://www.lovethework.com/work/entries/if-you-can-take-it-its-yours-771031,/awards/spikes_asia/2026/campaigns/if-you-can-take-it-its-yours-selleys-howatson-and-company-2026-7/
Spikes Asia,2026,Outdoor,outdoor,VOICE WANTED,KOREAN NATIONAL POLICE AGENCY,CHEIL WORLDWIDE,Social Behaviour,Shortlist,https://ascentialcdn.filespin.io/api/v1/conversion/82ecf87f4a4b45919f2be309361723f6?quality=85&format=webp,https://www.lovethework.com/work/entries/voice-wanted-769513,/awards/spikes_asia/2026/campaigns/voice-wanted-korean-national-police-agency-cheil-worldwide-2026-5/
Spikes Asia,2026,Outdoor,outdoor,EYECARE,1001 OPTOMETRY,VML,"Travel, Leisure, Retail, Restaurants & Fast Food Chains",Shortlist,https://ascentialcdn.filespin.io/api/v1/conversion/d533a5d60255478bb1186f3948f9d590?quality=85&format=webp,https://www.lovethework.com/work/entries/eyecare-769547,/awards/spikes_asia/2026/campaigns/eyecare-1001-optometry-vml-2026/
Spikes Asia,2026,Outdoor,outdoor,CHAI BANSURI - THE TEA FLUTE,BROOKE BOND TAJ MAHAL TEA,OGILVY,Special Build,Shortlist,https://ascentialcdn.filespin.io/api/v1/conversion/b79b43804eae486ea54374794321d26f?quality=85&format=webp,https://www.lovethework.com/work/entries/chai-bansuri-the-tea-flute-770518,/awards/spikes_asia/2026/campaigns/chai-bansuri-the-tea-flute-brooke-bond-taj-mahal-tea-ogilvy-2026-2/
Spikes Asia,2026,Outdoor,outdoor,EYE TEST,1001 OPTOMETRY,VML,"Travel, Leisure, Retail, Restaurants & Fast Food Chains",Shortlist,https://ascentialcdn.filespin.io/api/v1/conversion/0d13f5395e274e98a8fc54d97af4e6d6?quality=85&format=webp,https://www.lovethework.com/work/entries/eye-test-769533,/awards/spikes_asia/2026/campaigns/eye-test-1001-optometry-vml-2026/
Spikes Asia,2026,Outdoor,outdoor,"IF YOU CAN TAKE IT, IT'S YOURS",SELLEYS,HOWATSON AND COMPANY,Interactive Experiences,Shortlist,https://ascentialcdn.filespin.io/api/v1/conversion/3172e0d181524de5b6802f2aef3eff7a?quality=85&format=webp,https://www.lovethework.com/work/entries/if-you-can-take-it-its-yours-770934,/awards/spikes_asia/2026/campaigns/if-you-can-take-it-its-yours-selleys-howatson-and-company-2026-8/
Spikes Asia,2026,Outdoor,outdoor,THE BIGGEST LIFEGUARD,GRAND JOSUN MEDIA,INNOCEAN,Displays,Shortlist,https://ascentialcdn.filespin.io/api/v1/conversion/33586518e8454a6a93f316eb8fec1de7?quality=85&format=webp,https://www.lovethework.com/work/entries/the-biggest-lifeguard-771455,/awards/spikes_asia/2026/campaigns/the-biggest-lifeguard-grand-josun-media-innocean-2026/
Spikes Asia,2026,Outdoor,outdoor,AWKBOARDS,LIFE PHARMACY,FCB NEW ZEALAND,Social Behaviour,Shortlist,https://ascentialcdn.filespin.io/api/v1/conversion/acd8d741c65343949410395ac1ef1341?quality=85&format=webp,https://www.lovethework.com/work/entries/awkboards-772632,/awards/spikes_asia/2026/campaigns/awkboards-life-pharmacy-fcb-new-zealand-2026/
Spikes Asia,2026,Outdoor,outdoor,BACK TO KAI TAK,CATHAY,LEO HONG KONG,Live Advertising & Events,Shortlist,https://ascentialcdn.filespin.io/api/v1/conversion/49df638fcc8343c2bef42b85c1e6dbd5?quality=85&format=webp,https://www.lovethework.com/work/entries/back-to-kai-tak-770917,/awards/spikes_asia/2026/campaigns/back-to-kai-tak-cathay-leo-hong-kong-2026-4/
Spikes Asia,2026,Outdoor,outdoor,WHISKAS® LOCATOR,WHISKAS®,OGENCY,Standard Sites,Shortlist,https://ascentialcdn.filespin.io/api/v1/conversion/b17ca1ce481f4b2d8923b824bb4fa5ae?quality=85&format=webp,https://www.lovethework.com/work/entries/whiskas-locator-772611,/awards/spikes_asia/2026/campaigns/whiskas-locator-whiskas-ogency-2026-4/
Spikes Asia,2026,Outdoor,outdoor,"IF YOU CAN TAKE IT, IT'S YOURS",SELLEYS,HOWATSON AND COMPANY,Special Build,Shortlist,https://ascentialcdn.filespin.io/api/v1/conversion/3172e0d181524de5b6802f2aef3eff7a?quality=85&format=webp,https://www.lovethework.com/work/entries/if-you-can-take-it-its-yours-770981,/awards/spikes_asia/2026/campaigns/if-you-can-take-it-its-yours-selleys-howatson-and-company-2026-9/
Spikes Asia,2026,Outdoor,outdoor,EYE SCAN,1001 OPTOMETRY,VML,"Travel, Leisure, Retail, Restaurants & Fast Food Chains",Shortlist,https://ascentialcdn.filespin.io/api/v1/conversion/7617a30f9c244982817a6f96c3ee8d37?quality=85&format=webp,https://www.lovethework.com/work/entries/eye-scan-769541,/awards/spikes_asia/2026/campaigns/eye-scan-1001-optometry-vml-2026/
Spikes Asia,2026,Outdoor,outdoor,HERO PRAYERS FOR SAFETY,HERO MOTOCORP,SAATCHI & SAATCHI INDIA,Corporate Purpose & Social Responsibility,Shortlist,https://ascentialcdn.filespin.io/api/v1/conversion/7a2e0e08204e492580c87c3f627c6d36?quality=85&format=webp,https://www.lovethework.com/work/entries/hero-prayers-for-safety-770513,/awards/spikes_asia/2026/campaigns/hero-prayers-for-safety-hero-motocorp-saatchi-and-saatchi-india-2026-2/
Spikes Asia,2026,Outdoor,outdoor,BACK TO KAI TAK,CATHAY,LEO HONG KONG,Single-market Campaign,Shortlist,https://ascentialcdn.filespin.io/api/v1/conversion/49df638fcc8343c2bef42b85c1e6dbd5?quality=85&format=webp,https://www.lovethework.com/work/entries/back-to-kai-tak-770955,/awards/spikes_asia/2026/campaigns/back-to-kai-tak-cathay-leo-hong-kong-2026-5/
Spikes Asia,2026,Outdoor,outdoor,THE WORLD’S BIGGEST “UNDOKAI”,TBS,DENTSU INC.,Ambient Outdoor,Shortlist,https://ascentialcdn.filespin.io/api/v1/conversion/916aa2970d9f450687655f42ddb5e6a2?quality=85&format=webp,https://www.lovethework.com/work/entries/the-worlds-biggest-undokai-772615,/awards/spikes_asia/2026/campaigns/the-worlds-biggest-undokai-tbs-dentsu-inc-2026/
Spikes Asia,2026,Outdoor,outdoor,AWKBOARDS,LIFE PHARMACY,FCB NEW ZEALAND,Use of Humour,Shortlist,https://ascentialcdn.filespin.io/api/v1/conversion/acd8d741c65343949410395ac1ef1341?quality=85&format=webp,https://www.lovethework.com/work/entries/awkboards-770610,/awards/spikes_asia/2026/campaigns/awkboards-life-pharmacy-fcb-new-zealand-2026-2/
Spikes Asia,2026,Outdoor,outdoor,DUREX ALLGASM,DUREX,SOUR BANGKOK,Cultural Engagement,Shortlist,https://ascentialcdn.filespin.io/api/v1/conversion/f37b4683423c4cc0a29baaa211d2aa6f?quality=85&format=webp,https://www.lovethework.com/work/entries/durex-allgasm-769568,/awards/spikes_asia/2026/campaigns/durex-allgasm-durex-sour-bangkok-2026/
Spikes Asia,2026,Outdoor,outdoor,THE HIDDEN EYE TEST,1001 OPTOMETRY,VML,Technology,Shortlist,https://ascentialcdn.filespin.io/api/v1/conversion/10fd4a961df547a3a0bc7de9697ce924?quality=85&format=webp,https://www.lovethework.com/work/entries/the-hidden-eye-test-769582,/awards/spikes_asia/2026/campaigns/the-hidden-eye-test-1001-optometry-vml-2026-3/
Spikes Asia,2026,Outdoor,outdoor,COMMUTER CAMO,KITKAT,VML,Transit,Shortlist,https://ascentialcdn.filespin.io/api/v1/conversion/b8bd7af8e7704952a7d68e1bfacc2b1d?quality=85&format=webp,https://www.lovethework.com/work/entries/commuter-camo-769602,/awards/spikes_asia/2026/campaigns/commuter-camo-kitkat-vml-2026-7/
Spikes Asia,2026,Outdoor,outdoor,SLEEPING WITH GIANT,NELL,DENTSU INC.,Interactive Experiences,Shortlist,https://ascentialcdn.filespin.io/api/v1/conversion/75fa6db090b841f48e8b38b3a8e8d973?quality=85&format=webp,https://www.lovethework.com/work/entries/sleeping-with-giant-769564,/awards/spikes_asia/2026/campaigns/sleeping-with-giant-nell-dentsu-inc-2026-3/
Spikes Asia,2026,Outdoor,outdoor,"IF YOU CAN TAKE IT, IT'S YOURS",SELLEYS,HOWATSON AND COMPANY,Consumer Goods,Shortlist,https://ascentialcdn.filespin.io/api/v1/conversion/d25ecc53cf2d444ea40612c1a1ad3d76?quality=85&format=webp,https://www.lovethework.com/work/entries/if-you-can-take-it-its-yours-770972,/awards/spikes_asia/2026/campaigns/if-you-can-take-it-its-yours-selleys-howatson-and-company-2026-10/
Spikes Asia,2026,Outdoor,outdoor,OREO MILKY WAY DUNK,OREO,LEO INDONESIA,Use of Humour,Shortlist,https://ascentialcdn.filespin.io/api/v1/conversion/d33c5d7be31741ed8374d2828c6a6c1a?quality=85&format=webp,https://www.lovethework.com/work/entries/oreo-milky-way-dunk-771062,/awards/spikes_asia/2026/campaigns/oreo-milky-way-dunk-oreo-leo-indonesia-2026-3/
Spikes Asia,2026,Outdoor,outdoor,WHISKAS® LOCATOR,WHISKAS®,OGENCY,Market Disruption,Shortlist,https://ascentialcdn.filespin.io/api/v1/conversion/b17ca1ce481f4b2d8923b824bb4fa5ae?quality=85&format=webp,https://www.lovethework.com/work/entries/whiskas-locator-772630,/awards/spikes_asia/2026/campaigns/whiskas-locator-whiskas-ogency-2026-5/
Spikes Asia,2026,Outdoor,outdoor,LIFE AFTER FIRE AND ASH,DISNEY,LEO,Live Advertising & Events,Shortlist,https://ascentialcdn.filespin.io/api/v1/conversion/e83ec84533dc420ebf94b35f06ff19f1?quality=85&format=webp,https://www.lovethework.com/work/entries/life-after-fire-and-ash-771175,/awards/spikes_asia/2026/campaigns/life-after-fire-and-ash-disney-leo-2026-2/
Spikes Asia,2026,Outdoor,outdoor,THE SYNC AD,TOKUCHA,HAKUHODO,Transit,Shortlist,https://ascentialcdn.filespin.io/api/v1/conversion/22401656c803457ba4d5a602ad6da307?quality=85&format=webp,https://www.lovethework.com/work/entries/the-sync-ad-769471,/awards/spikes_asia/2026/campaigns/the-sync-ad-tokucha-hakuhodo-2026/
Spikes Asia,2026,Outdoor,outdoor,MEET ME AT THE COKE SIGN,COCA-COLA,OGILVY,Single-market Campaign,Shortlist,https://ascentialcdn.filespin.io/api/v1/conversion/e4e51d450eb8458dab81e55d80f5d56b?quality=85&format=webp,https://www.lovethework.com/work/entries/meet-me-at-the-coke-sign-772623,/awards/spikes_asia/2026/campaigns/meet-me-at-the-coke-sign-coca-cola-ogilvy-2026-3/
Spikes Asia,2026,Outdoor,outdoor,NEW ZEALAND'S LITTLE HELPER,GREYHOUNDS AS PETS,SPECIAL,Single-market Campaign,Shortlist,https://ascentialcdn.filespin.io/api/v1/conversion/90032e3ca44249e3b2713e264fc159aa?quality=85&format=webp,https://www.lovethework.com/work/entries/new-zealands-little-helper-770500,/awards/spikes_asia/2026/campaigns/new-zealands-little-helper-greyhounds-as-pets-special-2026/
Spikes Asia,2026,Outdoor,outdoor,OREO MILKY WAY DUNK,OREO,LEO INDONESIA,Ambient Outdoor,Shortlist,https://ascentialcdn.filespin.io/api/v1/conversion/d33c5d7be31741ed8374d2828c6a6c1a?quality=85&format=webp,https://www.lovethework.com/work/entries/oreo-milky-way-dunk-771087,/awards/spikes_asia/2026/campaigns/oreo-milky-way-dunk-oreo-leo-indonesia-2026-4/
Spikes Asia,2026,Outdoor,outdoor,A.I. IRRESPONSIBLY,BREWLANDER,BLKJ HAVAS,Interactive Experiences,Shortlist,https://ascentialcdn.filespin.io/api/v1/conversion/74c0ab4b898e40b5b74bf9f34540f4aa?quality=85&format=webp,https://www.lovethework.com/work/entries/ai-irresponsibly-770762,/awards/spikes_asia/2026/campaigns/ai-irresponsibly-brewlander-blkj-havas-2026-4/
Spikes Asia,2026,Outdoor,outdoor,TRACES OF TRANCE,SHISEIDO CO.,SHISEIDO CREATIVE,Cultural Engagement,Shortlist,https://ascentialcdn.filespin.io/api/v1/conversion/58538a6642244d1985cb555f35f14f73?quality=85&format=webp,https://www.lovethework.com/work/entries/traces-of-trance-769586,/awards/spikes_asia/2026/campaigns/traces-of-trance-shiseido-co-shiseido-creative-2026-3/
Spikes Asia,2026,Outdoor,outdoor,WORK FROM IKEA,IKEA,OGILVY,Interactive Experiences,Shortlist,https://ascentialcdn.filespin.io/api/v1/conversion/c4225254699f4cb997a2a34b884c78de?quality=85&format=webp,https://www.lovethework.com/work/entries/work-from-ikea-772619,/awards/spikes_asia/2026/campaigns/work-from-ikea-ikea-ogilvy-2026-2/
Spikes Asia,2026,Outdoor,outdoor,DALAH’S SPOILER BILLBOARD,NETFLIX THAILAND,VML,Special Build,Shortlist,https://ascentialcdn.filespin.io/api/v1/conversion/d2548b5c58d14cdaa86c2df430ffec9c?quality=85&format=webp,https://www.lovethework.com/work/entries/dalahs-spoiler-billboard-772613,/awards/spikes_asia/2026/campaigns/dalahs-spoiler-billboard-netflix-thailand-vml-2026-2/
Spikes Asia,2026,Outdoor,outdoor,STOP THE STIGMA,CANNABIS CLINIC,ABEL,Social Behaviour,Shortlist,https://ascentialcdn.filespin.io/api/v1/conversion/1f500b279a7f41f69fb5a07e059be75e?quality=85&format=webp,https://www.lovethework.com/work/entries/stop-the-stigma-770496,/awards/spikes_asia/2026/campaigns/stop-the-stigma-cannabis-clinic-abel-2026/
Spikes Asia,2026,Outdoor,outdoor,THE BREATHING WALL,TBC BANK UZBEKISTAN,FCB ARTGROUP,Standard Sites,Shortlist,https://ascentialcdn.filespin.io/api/v1/conversion/a611be99781e44cfaa76018fb67e90b2?quality=85&format=webp,https://www.lovethework.com/work/entries/the-breathing-wall-769504,/awards/spikes_asia/2026/campaigns/the-breathing-wall-tbc-bank-uzbekistan-fcb-artgroup-2026-2/
Spikes Asia,2026,Outdoor,outdoor,SALTANAT LIGHT,CITIX,GFORCE,Corporate Purpose & Social Responsibility,Shortlist,https://ascentialcdn.filespin.io/api/v1/conversion/68f2c53ebcea42bd9ab7b58852b5aa95?quality=85&format=webp,https://www.lovethework.com/work/entries/saltanat-light-769554,/awards/spikes_asia/2026/campaigns/saltanat-light-citix-gforce-2026-2/
Spikes Asia,2026,Outdoor,outdoor,GARUDA RAKSHAK,DSP MUTUAL FUNDS,DENTSU CREATIVE,Technology,Shortlist,https://ascentialcdn.filespin.io/api/v1/conversion/89bc4fc4a633468194b5cba46a8d4ffc?quality=85&format=webp,https://www.lovethework.com/work/entries/garuda-rakshak-769589,/awards/spikes_asia/2026/campaigns/garuda-rakshak-dsp-mutual-funds-dentsu-creative-2026-6/
Spikes Asia,2026,Outdoor,outdoor,A.I. IRRESPONSIBLY,BREWLANDER,BLKJ HAVAS,Challenger Brand,Submitted,https://ascentialcdn.filespin.io/api/v1/conversion/74c0ab4b898e40b5b74bf9f34540f4aa?quality=85&format=webp,https://www.lovethework.com/work/entries/ai-irresponsibly-773046,/awards/spikes_asia/2026/campaigns/ai-irresponsibly-brewlander-blkj-havas-2026-5/
Spikes Asia,2026,Outdoor,outdoor,"OUTSIDE, YOUR COMFORT ZONE.",KATHMANDU,MOTION SICKNESS,Challenger Brand,Submitted,https://ascentialcdn.filespin.io/api/v1/conversion/c032d5ec071b49c2a52c2272d78147fb?quality=85&format=webp,https://www.lovethework.com/work/entries/outside-your-comfort-zone-770583,/awards/spikes_asia/2026/campaigns/outside-your-comfort-zone-kathmandu-motion-sickness-2026-2/
Spikes Asia,2026,Outdoor,outdoor,INTO ART,TELSTRA,+61,Special Build,Submitted,https://ascentialcdn.filespin.io/api/v1/conversion/23bdbb0a20d440bfb57e1e9dd6d322e1?quality=85&format=webp,https://www.lovethework.com/work/entries/into-art-773000,/awards/spikes_asia/2026/campaigns/into-art-telstra-61-2026-2/
Spikes Asia,2026,Outdoor,outdoor,THE AUDIBLE EXPRESS,AUDIBLE,WAVEMAKER,Transit,Submitted,https://ascentialcdn.filespin.io/api/v1/conversion/307da5c1e7b7464aa0cd2e147c85187d?quality=85&format=webp,https://www.lovethework.com/work/entries/the-audible-express-773083,/awards/spikes_asia/2026/campaigns/the-audible-express-audible-wavemaker-2026/
Spikes Asia,2026,Outdoor,outdoor,THE BIGGEST LIFEGUARD,GRAND JOSUN MEDIA,INNOCEAN,Corporate Purpose & Social Responsibility,Submitted,https://ascentialcdn.filespin.io/api/v1/conversion/491454820a294df2952d39a821bb8007?quality=85&format=webp,https://www.lovethework.com/work/entries/the-biggest-lifeguard-771291,/awards/spikes_asia/2026/campaigns/the-biggest-lifeguard-grand-josun-media-innocean-2026-2/
Spikes Asia,2026,Outdoor,outdoor,TUITION FEE,THAI HEALTH PROMOTION FOUNDATION,DENTSU CREATIVE THAILAND,Not-for-profit / Charity / Government,Submitted,https://ascentialcdn.filespin.io/api/v1/conversion/0598db23d8dc419ca850160cff875871?quality=85&format=webp,https://www.lovethework.com/work/entries/tuition-fee-772835,/awards/spikes_asia/2026/campaigns/tuition-fee-thai-health-promotion-foundation-dentsu-creative-thailand-2026/
Spikes Asia,2026,Outdoor,outdoor,RENAULT KIGER GAMING OOH,RENAULT,SAATCHI & SAATCHI INDIA,Technology,Submitted,https://ascentialcdn.filespin.io/api/v1/conversion/2866804336034b4c80c8502a7f580aa5?quality=85&format=webp,https://www.lovethework.com/work/entries/renault-kiger-gaming-ooh-770492,/awards/spikes_asia/2026/campaigns/renault-kiger-gaming-ooh-renault-saatchi-and-saatchi-india-2026-3/
Spikes Asia,2026,Outdoor,outdoor,RUNWAY TO HOME,NATIONAL CENTER FOR THE RIGHTS OF THE CHILD,DAEHONG COMMUNICATIONS,Standard Sites,Submitted,https://ascentialcdn.filespin.io/api/v1/conversion/25627e69147c47cfb3f50e1c31aac766?quality=85&format=webp,https://www.lovethework.com/work/entries/runway-to-home-772837,/awards/spikes_asia/2026/campaigns/runway-to-home-national-center-for-the-rights-of-the-child-daehong-communications-2026/
Spikes Asia,2026,Outdoor,outdoor,OREO MILKY WAY DUNK,OREO,LEO INDONESIA,Special Build,Submitted,https://ascentialcdn.filespin.io/api/v1/conversion/d33c5d7be31741ed8374d2828c6a6c1a?quality=85&format=webp,https://www.lovethework.com/work/entries/oreo-milky-way-dunk-771075,/awards/spikes_asia/2026/campaigns/oreo-milky-way-dunk-oreo-leo-indonesia-2026-5/
Spikes Asia,2026,Outdoor,outdoor,BROTHEL PIMP,KOREAN NATIONAL POLICE AGENCY,CHEIL WORLDWIDE,Not-for-profit / Charity / Government,Submitted,https://ascentialcdn.filespin.io/api/v1/conversion/e3df5939a1a14cacbe096139efd76c67?quality=85&format=webp,https://www.lovethework.com/work/entries/brothel-pimp-772636,/awards/spikes_asia/2026/campaigns/brothel-pimp-korean-national-police-agency-cheil-worldwide-2026/
Spikes Asia,2026,Outdoor,outdoor,FLIPKART- LINE SEVAK,FLIPKART,McCANN INDIA,Breakthrough on a Budget,Submitted,https://ascentialcdn.filespin.io/api/v1/conversion/ccff06640f764678a6b8ddc4e11d66de?quality=85&format=webp,https://www.lovethework.com/work/entries/flipkart-line-sevak-771191,/awards/spikes_asia/2026/campaigns/flipkart-line-sevak-flipkart-mccann-india-2026-6/
Spikes Asia,2026,Outdoor,outdoor,MASTERPEACE PAIN-TING,FRASERS PROPERTY THAILAND,FRASERS PROPERTY,Interactive Experiences,Submitted,https://ascentialcdn.filespin.io/api/v1/conversion/c07da179b0c44231be71628d878a077c?quality=85&format=webp,https://www.lovethework.com/work/entries/masterpeace-pain-ting-770571,/awards/spikes_asia/2026/campaigns/masterpeace-pain-ting-frasers-property-thailand-frasers-property-2026/
Spikes Asia,2026,Outdoor,outdoor,"LOOK UP, LONDON",SAMSUNG,CHEIL WORLDWIDE,Special Build,Submitted,https://ascentialcdn.filespin.io/api/v1/conversion/f76fba9b5fee4edd9b0e4fd846e31e23?quality=85&format=webp,https://www.lovethework.com/work/entries/look-up-london-769518,/awards/spikes_asia/2026/campaigns/look-up-london-samsung-cheil-worldwide-2026/
Spikes Asia,2026,Outdoor,outdoor,SANGSOM PIXEL BAR,SANGSOM,SOUR BANGKOK,Special Build,Submitted,https://ascentialcdn.filespin.io/api/v1/conversion/cb067af643ad44e3a6ba8cd7b002492b?quality=85&format=webp,https://www.lovethework.com/work/entries/sangsom-pixel-bar-769481,/awards/spikes_asia/2026/campaigns/sangsom-pixel-bar-sangsom-sour-bangkok-2026/
Spikes Asia,2026,Outdoor,outdoor,THE SYNC AD,TOKUCHA,HAKUHODO,Standard Sites,Submitted,https://ascentialcdn.filespin.io/api/v1/conversion/22401656c803457ba4d5a602ad6da307?quality=85&format=webp,https://www.lovethework.com/work/entries/the-sync-ad-769539,/awards/spikes_asia/2026/campaigns/the-sync-ad-tokucha-hakuhodo-2026-2/
Spikes Asia,2026,Outdoor,outdoor,RENAULT KIGER GAMING OOH,RENAULT,SAATCHI & SAATCHI INDIA,Standard Sites,Submitted,https://ascentialcdn.filespin.io/api/v1/conversion/2866804336034b4c80c8502a7f580aa5?quality=85&format=webp,https://www.lovethework.com/work/entries/renault-kiger-gaming-ooh-770486,/awards/spikes_asia/2026/campaigns/renault-kiger-gaming-ooh-renault-saatchi-and-saatchi-india-2026-4/
Spikes Asia,2026,Outdoor,outdoor,AQUA FOR A BLESSED RAMADAN,AQUA,MOVING WALLS,Transit,Submitted,https://ascentialcdn.filespin.io/api/v1/conversion/3b72290a2f604aa78472b3a91a6399a0?quality=85&format=webp,https://www.lovethework.com/work/entries/aqua-for-a-blessed-ramadan-769591,/awards/spikes_asia/2026/campaigns/aqua-for-a-blessed-ramadan-aqua-moving-walls-2026/
Spikes Asia,2026,Outdoor,outdoor,HAIER FLOOR PLAN DISHWASHER,HAIER,TBWA\NEW ZEALAND,Consumer Goods,Submitted,https://ascentialcdn.filespin.io/api/v1/conversion/04c22f40c20949b3bb60a5e769d44fdb?quality=85&format=webp,https://www.lovethework.com/work/entries/haier-floor-plan-dishwasher-770482,/awards/spikes_asia/2026/campaigns/haier-floor-plan-dishwasher-haier-tbwanew-zealand-2026/
Spikes Asia,2026,Outdoor,outdoor,STOP THE STIGMA,CANNABIS CLINIC,ABEL,Healthcare,Submitted,https://ascentialcdn.filespin.io/api/v1/conversion/c7435e88db304739a2e4476c59b86d84?quality=85&format=webp,https://www.lovethework.com/work/entries/stop-the-stigma-773105,/awards/spikes_asia/2026/campaigns/stop-the-stigma-cannabis-clinic-abel-2026-2/
Spikes Asia,2026,Outdoor,outdoor,50 BENCHES,MCDONALD'S HONG KONG,BBDO HONG KONG,Interactive Experiences,Submitted,https://ascentialcdn.filespin.io/api/v1/conversion/84fba874ad024a5183367ecf640f4dae?quality=85&format=webp,https://www.lovethework.com/work/entries/50-benches-770477,/awards/spikes_asia/2026/campaigns/50-benches-mcdonalds-hong-kong-bbdo-hong-kong-2026/
Spikes Asia,2026,Outdoor,outdoor,AUNTIE'S WORDS,TINDER JAPAN,FIELD MANAGEMENT EXPAND INC.,Use of Humour,Submitted,https://ascentialcdn.filespin.io/api/v1/conversion/bcbb737104b349dcb1f16c8ef8eb7102?quality=85&format=webp,https://www.lovethework.com/work/entries/aunties-words-769538,/awards/spikes_asia/2026/campaigns/aunties-words-tinder-japan-field-management-expand-inc-2026-2/
Spikes Asia,2026,Outdoor,outdoor,THE UNLUCKY NUMBERS SHOP,WHOSCALL,DENTSU CREATIVE THAILAND,Single-market Campaign,Submitted,https://ascentialcdn.filespin.io/api/v1/conversion/33c480d90eba47b6a0eb10d4569417a4?quality=85&format=webp,https://www.lovethework.com/work/entries/the-unlucky-numbers-shop-769493,/awards/spikes_asia/2026/campaigns/the-unlucky-numbers-shop-whoscall-dentsu-creative-thailand-2026-3/
Spikes Asia,2026,Outdoor,outdoor,HEINEKEN F1 RIVER RUN,HEINEKEN,LEO,Live Advertising & Events,Submitted,https://ascentialcdn.filespin.io/api/v1/conversion/1c4f8dfa0b5447c0a6f9834c2542c5c7?quality=85&format=webp,https://www.lovethework.com/work/entries/heineken-f1-river-run-770756,/awards/spikes_asia/2026/campaigns/heineken-f1-river-run-heineken-leo-2026/
Spikes Asia,2026,Outdoor,outdoor,WHEN THE EVERYDAY TURNS URGENT,ST JOHN WA,ST JOHN WA,Market Disruption,Submitted,https://ascentialcdn.filespin.io/api/v1/conversion/115183e1766947978fe1aa62aae8f13b?quality=85&format=webp,https://www.lovethework.com/work/entries/when-the-everyday-turns-urgent-770816,/awards/spikes_asia/2026/campaigns/when-the-everyday-turns-urgent-st-john-wa-st-john-wa-2026-2/
Spikes Asia,2026,Outdoor,outdoor,ROSE PETAL - SUMMER CAMPAIGN,ROSE PETAL,PACKAGES CONVERTORS LIMITED,Ambient Outdoor,Submitted,https://ascentialcdn.filespin.io/api/v1/conversion/d666d4e232bb4b1e90a02c723025100a?quality=85&format=webp,https://www.lovethework.com/work/entries/rose-petal-summer-campaign-772839,/awards/spikes_asia/2026/campaigns/rose-petal-summer-campaign-rose-petal-packages-convertors-limited-2026/
Spikes Asia,2026,Outdoor,outdoor,PONKU ON PRO,APPLE,TBWA\MEDIA ARTS LAB,Standard Sites,Submitted,https://ascentialcdn.filespin.io/api/v1/conversion/1150cbd270f74346ae981f15bcd98b24?quality=85&format=webp,https://www.lovethework.com/work/entries/ponku-on-pro-769524,/awards/spikes_asia/2026/campaigns/ponku-on-pro-apple-tbwamedia-arts-lab-2026/
Spikes Asia,2026,Outdoor,outdoor,A MAHA MOVEMENT AT THE MAHA KUMBH,COCA-COLA,WEBER SHANDWICK,Corporate Purpose & Social Responsibility,Submitted,https://ascentialcdn.filespin.io/api/v1/conversion/d3e4692a00d44c2cb745b90a622cfafd?quality=85&format=webp,https://www.lovethework.com/work/entries/a-maha-movement-at-the-maha-kumbh-770810,/awards/spikes_asia/2026/campaigns/a-maha-movement-at-the-maha-kumbh-coca-cola-weber-shandwick-2026-3/
Spikes Asia,2026,Outdoor,outdoor,ABSOLUT MOVE LIKE HARING,ABSOLUT VODKA,DENTSU CREATIVE,Interactive Experiences,Submitted,https://ascentialcdn.filespin.io/api/v1/conversion/6855ee6f118a49038df06d50610fbc6b?quality=85&format=webp,https://www.lovethework.com/work/entries/absolut-move-like-haring-770456,/awards/spikes_asia/2026/campaigns/absolut-move-like-haring-absolut-vodka-dentsu-creative-2026/
Spikes Asia,2026,Outdoor,outdoor,HANGEUL TRUCK,SAMSUNG,CHEIL WORLDWIDE,Special Build,Submitted,https://ascentialcdn.filespin.io/api/v1/conversion/dd40dcec58544240b493d681b8e09117?quality=85&format=webp,https://www.lovethework.com/work/entries/hangeul-truck-769528,/awards/spikes_asia/2026/campaigns/hangeul-truck-samsung-cheil-worldwide-2026-2/
Spikes Asia,2026,Outdoor,outdoor,MASTERCARD NZ - TAP & GROW CAMPAIGN,MASTERCARD SERVICES,MASTERCARD SERVICES,Transit,Submitted,https://ascentialcdn.filespin.io/api/v1/conversion/f0ae91e652604ca6b60c101418c32474?quality=85&format=webp,https://www.lovethework.com/work/entries/mastercard-nz-tap-grow-campaign-770945,/awards/spikes_asia/2026/campaigns/mastercard-nz-tap-and-grow-campaign-mastercard-services-mastercard-services-2026/
Spikes Asia,2026,Outdoor,outdoor,AUNTIE'S WORDS,TINDER JAPAN,FIELD MANAGEMENT EXPAND INC.,Local Brand,Submitted,https://ascentialcdn.filespin.io/api/v1/conversion/bcbb737104b349dcb1f16c8ef8eb7102?quality=85&format=webp,https://www.lovethework.com/work/entries/aunties-words-769597,/awards/spikes_asia/2026/campaigns/aunties-words-tinder-japan-field-management-expand-inc-2026-3/
Spikes Asia,2026,Outdoor,outdoor,SUNDAE,MCDONALD'S,MCCANN NEW ZEALAND,"Travel, Leisure, Retail, Restaurants & Fast Food Chains",Submitted,https://ascentialcdn.filespin.io/api/v1/conversion/0acf1219a4b24c85aec5033a55926c55?quality=85&format=webp,https://www.lovethework.com/work/entries/sundae-769560,/awards/spikes_asia/2026/campaigns/sundae-mcdonalds-mccann-new-zealand-2026/
Spikes Asia,2026,Outdoor,outdoor,GARNIER SUPER UV WITH TIKTOK OUT OF PHONE,GARNIER L'OREAL,DIVE BILLBOARDS,Interactive/Dynamic Digital Screens,Submitted,https://ascentialcdn.filespin.io/api/v1/conversion/d875b4297ac44a1b90b44fb8f952f612?quality=85&format=webp,https://www.lovethework.com/work/entries/garnier-super-uv-with-tiktok-out-of-phone-771470,/awards/spikes_asia/2026/campaigns/garnier-super-uv-with-tiktok-out-of-phone-garnier-loreal-dive-billboards-2026/
Spikes Asia,2026,Outdoor,outdoor,A.I. IRRESPONSIBLY,BREWLANDER,BLKJ HAVAS,Breakthrough on a Budget,Submitted,https://ascentialcdn.filespin.io/api/v1/conversion/74c0ab4b898e40b5b74bf9f34540f4aa?quality=85&format=webp,https://www.lovethework.com/work/entries/ai-irresponsibly-770802,/awards/spikes_asia/2026/campaigns/ai-irresponsibly-brewlander-blkj-havas-2026-6/
Spikes Asia,2026,Outdoor,outdoor,BANK LOAN OFFICER,KOREAN NATIONAL POLICE AGENCY,CHEIL WORLDWIDE,Not-for-profit / Charity / Government,Submitted,https://ascentialcdn.filespin.io/api/v1/conversion/3fd587a1042546c6b02013a03f8175bc?quality=85&format=webp,https://www.lovethework.com/work/entries/bank-loan-officer-773042,/awards/spikes_asia/2026/campaigns/bank-loan-officer-korean-national-police-agency-cheil-worldwide-2026/
Spikes Asia,2026,Outdoor,outdoor,ACTROLOGY CARD,MIRROR THAILAND,TREND VG3,Social Behaviour,Submitted,https://ascentialcdn.filespin.io/api/v1/conversion/a6a575ccf3144138b99bcc5c98281475?quality=85&format=webp,https://www.lovethework.com/work/entries/actrology-card-772842,/awards/spikes_asia/2026/campaigns/actrology-card-mirror-thailand-trend-vg3-2026-3/
Spikes Asia,2026,Outdoor,outdoor,LA VIE - FROM A SIP TO A HOLISTIC MENTAL WELLBEING OF VIETNAM,LA VIE,THE PURPOSE GROUP,Social Behaviour,Submitted,https://ascentialcdn.filespin.io/api/v1/conversion/753bfce8938f411683004a72be58f40c?quality=85&format=webp,https://www.lovethework.com/work/entries/la-vie-from-a-sip-to-a-holistic-mental-wellbeing-of-vietnam-770604,/awards/spikes_asia/2026/campaigns/la-vie-from-a-sip-to-a-holistic-mental-wellbeing-of-vietnam-la-vie-the-purpose-group-2026-4/
Spikes Asia,2026,Outdoor,outdoor,HOWEVER IT DIES,MOBILEMUSTER,ENIGMA,Special Build,Submitted,https://ascentialcdn.filespin.io/api/v1/conversion/390e191212e44f94a56210303de48ef0?quality=85&format=webp,https://www.lovethework.com/work/entries/however-it-dies-771065,/awards/spikes_asia/2026/campaigns/however-it-dies-mobilemuster-enigma-2026/
Spikes Asia,2026,Outdoor,outdoor,14 FINGERS,KFC,HAVAS MALAYSIA,"Travel, Leisure, Retail, Restaurants & Fast Food Chains",Submitted,https://ascentialcdn.filespin.io/api/v1/conversion/c67664aa9f1d4408ab6731dd1b7313bc?quality=85&format=webp,https://www.lovethework.com/work/entries/14-fingers-772834,/awards/spikes_asia/2026/campaigns/14-fingers-kfc-havas-malaysia-2026/
Spikes Asia,2026,Outdoor,outdoor,RENAULT KIGER GAMING OOH,RENAULT,SAATCHI & SAATCHI INDIA,Interactive Experiences,Submitted,https://ascentialcdn.filespin.io/api/v1/conversion/2866804336034b4c80c8502a7f580aa5?quality=85&format=webp,https://www.lovethework.com/work/entries/renault-kiger-gaming-ooh-770466,/awards/spikes_asia/2026/campaigns/renault-kiger-gaming-ooh-renault-saatchi-and-saatchi-india-2026-5/
Spikes Asia,2026,Outdoor,outdoor,13 FINGERS,KFC,HAVAS MALAYSIA,"Travel, Leisure, Retail, Restaurants & Fast Food Chains",Submitted,https://ascentialcdn.filespin.io/api/v1/conversion/cd3dab9217f94f64a83b39dd5324aad5?quality=85&format=webp,https://www.lovethework.com/work/entries/13-fingers-769587,/awards/spikes_asia/2026/campaigns/13-fingers-kfc-havas-malaysia-2026/
Spikes Asia,2026,Outdoor,outdoor,YAMAL +10,ADIDAS,TBWA\CHINA,Single-market Campaign,Submitted,https://ascentialcdn.filespin.io/api/v1/conversion/c5ba48a6ef754a37a74021869591943c?quality=85&format=webp,https://www.lovethework.com/work/entries/yamal-10-769483,/awards/spikes_asia/2026/campaigns/yamal-10-adidas-tbwachina-2026/
Spikes Asia,2026,Outdoor,outdoor,ICONIC,SELECTA BEST SELLERS,SEVEN AD,Market Disruption,Submitted,https://ascentialcdn.filespin.io/api/v1/conversion/b6e165eea22f4722909b43ecf4ce1cf4?quality=85&format=webp,https://www.lovethework.com/work/entries/iconic-770825,/awards/spikes_asia/2026/campaigns/iconic-selecta-best-sellers-seven-ad-2026/
Spikes Asia,2026,Outdoor,outdoor,50 BENCHES,MCDONALD'S HONG KONG,BBDO HONG KONG,Ambient Outdoor,Submitted,https://ascentialcdn.filespin.io/api/v1/conversion/84fba874ad024a5183367ecf640f4dae?quality=85&format=webp,https://www.lovethework.com/work/entries/50-benches-770485,/awards/spikes_asia/2026/campaigns/50-benches-mcdonalds-hong-kong-bbdo-hong-kong-2026-2/
Spikes Asia,2026,Outdoor,outdoor,#BAZIRRAMADAN (WASTEFUL RAMADAN),MYSAVEFOOD,LEO,Cultural Engagement,Submitted,https://ascentialcdn.filespin.io/api/v1/conversion/f4413bc3e4054f04ba53fa21874f903c?quality=85&format=webp,https://www.lovethework.com/work/entries/bazirramadan-wasteful-ramadan-770960,/awards/spikes_asia/2026/campaigns/bazirramadan-wasteful-ramadan-mysavefood-leo-2026/
Spikes Asia,2026,Outdoor,outdoor,YOU'RE THE ONLY WINNER,CARE,VML,Healthcare,Submitted,https://ascentialcdn.filespin.io/api/v1/conversion/569d6fec61bc479d93349edc3e9f6db7?quality=85&format=webp,https://www.lovethework.com/work/entries/youre-the-only-winner-773043,/awards/spikes_asia/2026/campaigns/youre-the-only-winner-care-vml-2026/
Spikes Asia,2026,Outdoor,outdoor,GAMIFRIES,MCDONALD'S,BBH SINGAPORE,Breakthrough on a Budget,Submitted,https://ascentialcdn.filespin.io/api/v1/conversion/bdf7dd23ad57403198f47f192fa9c0db?quality=85&format=webp,https://www.lovethework.com/work/entries/gamifries-771004,/awards/spikes_asia/2026/campaigns/gamifries-mcdonalds-bbh-singapore-2026-5/
Spikes Asia,2026,Outdoor,outdoor,SUMO STOPS,PLAYSTATION 5,ATALI,Standard Sites,Submitted,https://ascentialcdn.filespin.io/api/v1/conversion/c96ceb7e81844fbebf5cd9effcf52a3b?quality=85&format=webp,https://www.lovethework.com/work/entries/sumo-stops-772838,/awards/spikes_asia/2026/campaigns/sumo-stops-playstation-5-atali-2026-2/
Spikes Asia,2026,Outdoor,outdoor,HAIER FLOOR PLAN FRIDGE,HAIER,TBWA\NEW ZEALAND,Consumer Goods,Submitted,https://ascentialcdn.filespin.io/api/v1/conversion/81f315aba89541418ed915e3a7d796d6?quality=85&format=webp,https://www.lovethework.com/work/entries/haier-floor-plan-fridge-770489,/awards/spikes_asia/2026/campaigns/haier-floor-plan-fridge-haier-tbwanew-zealand-2026/
Spikes Asia,2026,Outdoor,outdoor,BELTED JERSEYS,NEW ZEALAND TRANSPORT AGENCY - WAKA KOTAHI,FCB NEW ZEALAND,Social Behaviour,Submitted,https://ascentialcdn.filespin.io/api/v1/conversion/1f0293afccf847699b283cba845d0df0?quality=85&format=webp,https://www.lovethework.com/work/entries/belted-jerseys-770594,/awards/spikes_asia/2026/campaigns/belted-jerseys-new-zealand-transport-agency-waka-kotahi-fcb-new-zealand-2026/
Spikes Asia,2026,Outdoor,outdoor,THE BREATHING WALL,TBC BANK UZBEKISTAN,FCB ARTGROUP,Technology,Submitted,https://ascentialcdn.filespin.io/api/v1/conversion/a611be99781e44cfaa76018fb67e90b2?quality=85&format=webp,https://www.lovethework.com/work/entries/the-breathing-wall-769572,/awards/spikes_asia/2026/campaigns/the-breathing-wall-tbc-bank-uzbekistan-fcb-artgroup-2026-3/
Spikes Asia,2026,Outdoor,outdoor,TWO FRONTIERS OF HUMAN CRAFT: SAKE,DASSAI,ASAHI SHUZO,Consumer Goods,Submitted,https://ascentialcdn.filespin.io/api/v1/conversion/2451433e04b84705b635bb33933e9cdc?quality=85&format=webp,https://www.lovethework.com/work/entries/two-frontiers-of-human-craft-sake-772833,/awards/spikes_asia/2026/campaigns/two-frontiers-of-human-craft-sake-dassai-asahi-shuzo-2026/
Spikes Asia,2026,Outdoor,outdoor,11 FINGERS,KFC,HAVAS MALAYSIA,"Travel, Leisure, Retail, Restaurants & Fast Food Chains",Submitted,https://ascentialcdn.filespin.io/api/v1/conversion/1a7b42237dac4331a61f211b79fcd5bf?quality=85&format=webp,https://www.lovethework.com/work/entries/11-fingers-769526,/awards/spikes_asia/2026/campaigns/11-fingers-kfc-havas-malaysia-2026/
Spikes Asia,2026,Outdoor,outdoor,ANZ SCAMMERS BLOOM,ANZ BANK NEW ZEALAND,TBWA\NEW ZEALAND,Live Advertising & Events,Submitted,https://ascentialcdn.filespin.io/api/v1/conversion/db84051db73942d18c507b86a7f050c3?quality=85&format=webp,https://www.lovethework.com/work/entries/anz-scammers-bloom-770587,/awards/spikes_asia/2026/campaigns/anz-scammers-bloom-anz-bank-new-zealand-tbwanew-zealand-2026-2/
Spikes Asia,2026,Outdoor,outdoor,BETTERVERSE,MITSUBISHI,SPA-HAKUHODO,Interactive Experiences,Submitted,https://ascentialcdn.filespin.io/api/v1/conversion/1e1de3fd42bb4c6ca2dac19eb6f9e28a?quality=85&format=webp,https://www.lovethework.com/work/entries/betterverse-771020,/awards/spikes_asia/2026/campaigns/betterverse-mitsubishi-spa-hakuhodo-2026/
Spikes Asia,2026,Outdoor,outdoor,HAIER FLOOR PLAN OVEN,HAIER,TBWA\NEW ZEALAND,Consumer Goods,Submitted,https://ascentialcdn.filespin.io/api/v1/conversion/b9fc51b94eee47408a04b84b93726979?quality=85&format=webp,https://www.lovethework.com/work/entries/haier-floor-plan-oven-770498,/awards/spikes_asia/2026/campaigns/haier-floor-plan-oven-haier-tbwanew-zealand-2026/
Spikes Asia,2026,Outdoor,outdoor,INTO ART,TELSTRA,+61,Ambient Outdoor,Submitted,https://ascentialcdn.filespin.io/api/v1/conversion/23bdbb0a20d440bfb57e1e9dd6d322e1?quality=85&format=webp,https://www.lovethework.com/work/entries/into-art-770534,/awards/spikes_asia/2026/campaigns/into-art-telstra-61-2026-3/
Spikes Asia,2026,Outdoor,outdoor,LIFE AFTER FIRE AND ASH,DISNEY,LEO,Corporate Purpose & Social Responsibility,Submitted,https://ascentialcdn.filespin.io/api/v1/conversion/e83ec84533dc420ebf94b35f06ff19f1?quality=85&format=webp,https://www.lovethework.com/work/entries/life-after-fire-and-ash-771111,/awards/spikes_asia/2026/campaigns/life-after-fire-and-ash-disney-leo-2026-3/
Spikes Asia,2026,Outdoor,outdoor,12 FINGERS,KFC,HAVAS MALAYSIA,"Travel, Leisure, Retail, Restaurants & Fast Food Chains",Submitted,https://ascentialcdn.filespin.io/api/v1/conversion/5e2f1262144b4b2cbf31cbd4363e348f?quality=85&format=webp,https://www.lovethework.com/work/entries/12-fingers-769515,/awards/spikes_asia/2026/campaigns/12-fingers-kfc-havas-malaysia-2026/
Spikes Asia,2026,Outdoor,outdoor,ADANI - SEVA HI SAADHNA HAI,ADANI GROUP,DENTSU CREATIVE INDIA,Corporate Purpose & Social Responsibility,Submitted,https://ascentialcdn.filespin.io/api/v1/conversion/91c0b3bd90ca4027acdb6c48b2bfd8d5?quality=85&format=webp,https://www.lovethework.com/work/entries/adani-seva-hi-saadhna-hai-771431,/awards/spikes_asia/2026/campaigns/adani-seva-hi-saadhna-hai-adani-group-dentsu-creative-india-2026-2/
Spikes Asia,2026,Outdoor,outdoor,FLIGHT PATTERNS,CEBU PACIFIC,OGILVY MANILA,Corporate Purpose & Social Responsibility,Submitted,https://ascentialcdn.filespin.io/api/v1/storyboard/ebc2e999bbbb4f609939cfa0f5ce6bd2/storyboard_000008.jpg?quality=85&format=webp,https://www.lovethework.com/work/entries/flight-patterns-771362,/awards/spikes_asia/2026/campaigns/flight-patterns-cebu-pacific-ogilvy-manila-2026-2/
Spikes Asia,2026,Outdoor,outdoor,THE HUNGRY GAMES,SNICKERS,MIND SPARK,Interactive Experiences,Submitted,https://ascentialcdn.filespin.io/api/v1/conversion/2fd1467813c4441a83df472525db8010?quality=85&format=webp,https://www.lovethework.com/work/entries/the-hungry-games-771180,/awards/spikes_asia/2026/campaigns/the-hungry-games-snickers-mind-spark-2026-3/
Spikes Asia,2026,Outdoor,outdoor,BOY WALKING,KIDSCAN,"DROGA5 ANZ, PART OF ACCENTURE SONG",Ambient Outdoor,Submitted,https://ascentialcdn.filespin.io/api/v1/conversion/14b72e0dba9146f1b973671d0d2787f2?quality=85&format=webp,https://www.lovethework.com/work/entries/boy-walking-773045,/awards/spikes_asia/2026/campaigns/boy-walking-kidscan-droga5-anz-part-of-accenture-song-2026/
Spikes Asia,2026,Outdoor,outdoor,PLAYBOARDS,PEPSI,BBDO PAKISTAN,Interactive Experiences,Submitted,https://ascentialcdn.filespin.io/api/v1/conversion/87a67097a190400f96451d222b15b497?quality=85&format=webp,https://www.lovethework.com/work/entries/playboards-770925,/awards/spikes_asia/2026/campaigns/playboards-pepsi-bbdo-pakistan-2026-4/
Spikes Asia,2026,Outdoor,outdoor,14 FINGERS,KFC,HAVAS MALAYSIA,"Travel, Leisure, Retail, Restaurants & Fast Food Chains",Submitted,https://ascentialcdn.filespin.io/api/v1/conversion/c67664aa9f1d4408ab6731dd1b7313bc?quality=85&format=webp,https://www.lovethework.com/work/entries/14-fingers-769580,/awards/spikes_asia/2026/campaigns/14-fingers-kfc-havas-malaysia-2026-2/
Spikes Asia,2026,Outdoor,outdoor,"EVERYPLATE, PAINT BY NUMBERS",EVERYPLATE,GAME CREATIVE,Consumer Goods,Submitted,https://ascentialcdn.filespin.io/api/v1/conversion/139aaf952b974c8d874aa024118bc845?quality=85&format=webp,https://www.lovethework.com/work/entries/everyplate-paint-by-numbers-772831,/awards/spikes_asia/2026/campaigns/everyplate-paint-by-numbers-everyplate-game-creative-2026/
Spikes Asia,2026,Outdoor,outdoor,FLIPKART- LINE SEVAK,FLIPKART,McCANN INDIA,Live Advertising & Events,Submitted,https://ascentialcdn.filespin.io/api/v1/conversion/ccff06640f764678a6b8ddc4e11d66de?quality=85&format=webp,https://www.lovethework.com/work/entries/flipkart-line-sevak-771280,/awards/spikes_asia/2026/campaigns/flipkart-line-sevak-flipkart-mccann-india-2026-7/
Spikes Asia,2026,Outdoor,outdoor,THE BIGGEST LIFEGUARD,GRAND JOSUN MEDIA,INNOCEAN,Standard Sites,Submitted,https://ascentialcdn.filespin.io/api/v1/conversion/c8dfea0d1c6f42b3814453675f0a1b71?quality=85&format=webp,https://www.lovethework.com/work/entries/the-biggest-lifeguard-770596,/awards/spikes_asia/2026/campaigns/the-biggest-lifeguard-grand-josun-media-innocean-2026-3/
Spikes Asia,2026,Outdoor,outdoor,ICONIC,SELECTA BEST SELLERS,SEVEN AD,Local Brand,Submitted,https://ascentialcdn.filespin.io/api/v1/conversion/4d1ad87988ba492abf905b22917a004c?quality=85&format=webp,https://www.lovethework.com/work/entries/iconic-771102,/awards/spikes_asia/2026/campaigns/iconic-selecta-best-sellers-seven-ad-2026-2/
Spikes Asia,2026,Outdoor,outdoor,AUNTIE'S WORDS,TINDER JAPAN,FIELD MANAGEMENT EXPAND INC.,Social Behaviour,Submitted,https://ascentialcdn.filespin.io/api/v1/conversion/bcbb737104b349dcb1f16c8ef8eb7102?quality=85&format=webp,https://www.lovethework.com/work/entries/aunties-words-769520,/awards/spikes_asia/2026/campaigns/aunties-words-tinder-japan-field-management-expand-inc-2026-4/
Spikes Asia,2026,Outdoor,outdoor,FLIPKART- LINE SEVAK,FLIPKART,McCANN INDIA,Cultural Engagement,Submitted,https://ascentialcdn.filespin.io/api/v1/conversion/ccff06640f764678a6b8ddc4e11d66de?quality=85&format=webp,https://www.lovethework.com/work/entries/flipkart-line-sevak-773115,/awards/spikes_asia/2026/campaigns/flipkart-line-sevak-flipkart-mccann-india-2026-8/
Spikes Asia,2026,Outdoor,outdoor,WHATSAPP – MAKING TEXTING TRULY INCLUSIVE FOR INDIA,WHATSAPP,FUNDAMENTAL,Ambient Outdoor,Submitted,https://ascentialcdn.filespin.io/api/v1/storyboard/142d004625cf4a089dbc60bccae0fc59/storyboard_000008.jpg?quality=85&format=webp,https://www.lovethework.com/work/entries/whatsapp-making-texting-truly-inclusive-for-india-772840,/awards/spikes_asia/2026/campaigns/whatsapp-making-texting-truly-inclusive-for-india-whatsapp-fundamental-2026/
Spikes Asia,2026,Outdoor,outdoor,BETTERVERSE,MITSUBISHI,SPA-HAKUHODO,Immersive Experiences,Submitted,https://ascentialcdn.filespin.io/api/v1/conversion/1e1de3fd42bb4c6ca2dac19eb6f9e28a?quality=85&format=webp,https://www.lovethework.com/work/entries/betterverse-771030,/awards/spikes_asia/2026/campaigns/betterverse-mitsubishi-spa-hakuhodo-2026-2/
Spikes Asia,2026,Outdoor,outdoor,COME AND SAY G'DAY,TOURISM AUSTRALIA,"DROGA5 ANZ, PART OF ACCENTURE SONG",Immersive Experiences,Submitted,https://ascentialcdn.filespin.io/api/v1/conversion/984a041359c44ce38f1cb683f105fdd9?quality=85&format=webp,https://www.lovethework.com/work/entries/come-and-say-gday-773044,/awards/spikes_asia/2026/campaigns/come-and-say-gday-tourism-australia-droga5-anz-part-of-accenture-song-2026/
Spikes Asia,2026,Outdoor,outdoor,CARRY-ON LEARNING,SAMSONITE INDONESIA,DENTSU CREATIVE,Corporate Purpose & Social Responsibility,Submitted,https://ascentialcdn.filespin.io/api/v1/conversion/3843e699061b48899d137e6f4c2657d7?quality=85&format=webp,https://www.lovethework.com/work/entries/carry-on-learning-771011,/awards/spikes_asia/2026/campaigns/carry-on-learning-samsonite-indonesia-dentsu-creative-2026/
Spikes Asia,2026,Outdoor,outdoor,HOUSE,THAI HEALTH PROMOTION FOUNDATION,DENTSU CREATIVE THAILAND,Not-for-profit / Charity / Government,Submitted,https://ascentialcdn.filespin.io/api/v1/conversion/8a31d6161d72433ca36c6ad9a4d549f0?quality=85&format=webp,https://www.lovethework.com/work/entries/house-769466,/awards/spikes_asia/2026/campaigns/house-thai-health-promotion-foundation-dentsu-creative-thailand-2026/
Spikes Asia,2026,Outdoor,outdoor,THE AIR POLLUTION JERSEY,LAMPHUN WARRIORS F.C. AND NORTHERN THAILAND BREATHE COUNCIL,FLASH BOMBER,Live Advertising & Events,Submitted,https://ascentialcdn.filespin.io/api/v1/conversion/30e293ed948347c8b17298480ffb7e62?quality=85&format=webp,https://www.lovethework.com/work/entries/the-air-pollution-jersey-769555,/awards/spikes_asia/2026/campaigns/the-air-pollution-jersey-lamphun-warriors-fc-and-northern-thailand-breathe-council-flash-bomber-2026-4/
Spikes Asia,2026,Outdoor,outdoor,"HELLO, BRUTUS.",BRUTUS / GOOGLE GEMINI,DENTSU CREATIVE PICTURES,Interactive Experiences,Submitted,https://ascentialcdn.filespin.io/api/v1/conversion/721faae0bed4470fb2f5f86df56dc201?quality=85&format=webp,https://www.lovethework.com/work/entries/hello-brutus-770529,/awards/spikes_asia/2026/campaigns/hello-brutus-brutus-google-gemini-dentsu-creative-pictures-2026-2/
Spikes Asia,2026,Outdoor,outdoor,"LOOK UP, LONDON",SAMSUNG,CHEIL WORLDWIDE,Ambient Outdoor,Submitted,https://ascentialcdn.filespin.io/api/v1/conversion/f76fba9b5fee4edd9b0e4fd846e31e23?quality=85&format=webp,https://www.lovethework.com/work/entries/look-up-london-769565,/awards/spikes_asia/2026/campaigns/look-up-london-samsung-cheil-worldwide-2026-2/
Spikes Asia,2026,Outdoor,outdoor,A MAHA MOVEMENT AT THE MAHA KUMBH,COCA-COLA,WEBER SHANDWICK,Interactive Experiences,Submitted,https://ascentialcdn.filespin.io/api/v1/conversion/d3e4692a00d44c2cb745b90a622cfafd?quality=85&format=webp,https://www.lovethework.com/work/entries/a-maha-movement-at-the-maha-kumbh-770861,/awards/spikes_asia/2026/campaigns/a-maha-movement-at-the-maha-kumbh-coca-cola-weber-shandwick-2026-4/
Spikes Asia,2026,Outdoor,outdoor,HALLOWEEN HIJACK,PEPSICO,AKCELO,Consumer Goods,Submitted,https://ascentialcdn.filespin.io/api/v1/conversion/1e815f190feb4a988dccc1b82b08af2c?quality=85&format=webp,https://www.lovethework.com/work/entries/halloween-hijack-770806,/awards/spikes_asia/2026/campaigns/halloween-hijack-pepsico-akcelo-2026/
Spikes Asia,2026,Outdoor,outdoor,HEINEKEN F1 RIVER RUN,HEINEKEN,LEO,Ambient Outdoor,Submitted,https://ascentialcdn.filespin.io/api/v1/conversion/1c4f8dfa0b5447c0a6f9834c2542c5c7?quality=85&format=webp,https://www.lovethework.com/work/entries/heineken-f1-river-run-772620,/awards/spikes_asia/2026/campaigns/heineken-f1-river-run-heineken-leo-2026-2/
Spikes Asia,2026,Outdoor,outdoor,THE WORLD’S BIGGEST “UNDOKAI”,TBS,DENTSU INC.,Cultural Engagement,Submitted,https://ascentialcdn.filespin.io/api/v1/conversion/916aa2970d9f450687655f42ddb5e6a2?quality=85&format=webp,https://www.lovethework.com/work/entries/the-worlds-biggest-undokai-772844,/awards/spikes_asia/2026/campaigns/the-worlds-biggest-undokai-tbs-dentsu-inc-2026-2/
Spikes Asia,2026,Outdoor,outdoor,FACE MASK BILLBOARD,GRAB,GIGIL,Social Behaviour,Submitted,https://ascentialcdn.filespin.io/api/v1/conversion/67a597a947194daabaeffceb7d85c4af?quality=85&format=webp,https://www.lovethework.com/work/entries/face-mask-billboard-771052,/awards/spikes_asia/2026/campaigns/face-mask-billboard-grab-gigil-2026/
Spikes Asia,2026,Outdoor,outdoor,FREE RIDE ON THE TOUR,YAMASHITA SHINTENGAI SHOPPING STREET,DENTSU CREATIVE PICTURES,Use of Humour,Submitted,https://ascentialcdn.filespin.io/api/v1/conversion/26a100270ac4485caf1776763eaa643d?quality=85&format=webp,https://www.lovethework.com/work/entries/free-ride-on-the-tour-769546,/awards/spikes_asia/2026/campaigns/free-ride-on-the-tour-yamashita-shintengai-shopping-street-dentsu-creative-pictures-2026/
Spikes Asia,2026,Outdoor,outdoor,CANAL OF TEARS,NETFLIX,GIGIL,Special Build,Submitted,https://ascentialcdn.filespin.io/api/v1/conversion/7489b4516d134d27930baf73b79d91b0?quality=85&format=webp,https://www.lovethework.com/work/entries/canal-of-tears-769511,/awards/spikes_asia/2026/campaigns/canal-of-tears-netflix-gigil-2026-2/
Spikes Asia,2026,Outdoor,outdoor,FRIES,MCDONALD'S,MCCANN NEW ZEALAND,"Travel, Leisure, Retail, Restaurants & Fast Food Chains",Submitted,https://ascentialcdn.filespin.io/api/v1/conversion/34133ee3f32b408cae513c37f9c1e6b9?quality=85&format=webp,https://www.lovethework.com/work/entries/fries-769566,/awards/spikes_asia/2026/campaigns/fries-mcdonalds-mccann-new-zealand-2026/
Spikes Asia,2026,Outdoor,outdoor,THE HIDDEN EYE TEST,1001 OPTOMETRY,VML,Standard Sites,Submitted,https://ascentialcdn.filespin.io/api/v1/conversion/889dc9e1a9ec4ba1ac9014705f654a8e?quality=85&format=webp,https://www.lovethework.com/work/entries/the-hidden-eye-test-769510,/awards/spikes_asia/2026/campaigns/the-hidden-eye-test-1001-optometry-vml-2026-4/
Spikes Asia,2026,Outdoor,outdoor,SUMO STOPS,PLAYSTATION 5,ATALI,Transit,Submitted,https://ascentialcdn.filespin.io/api/v1/conversion/c96ceb7e81844fbebf5cd9effcf52a3b?quality=85&format=webp,https://www.lovethework.com/work/entries/sumo-stops-769486,/awards/spikes_asia/2026/campaigns/sumo-stops-playstation-5-atali-2026-3/
Spikes Asia,2026,Outdoor,outdoor,INVESTIGATOR,KOREAN NATIONAL POLICE AGENCY,CHEIL WORLDWIDE,Not-for-profit / Charity / Government,Submitted,https://ascentialcdn.filespin.io/api/v1/conversion/3e2b16f7ed3f49bba52ca7832fb8e1c2?quality=85&format=webp,https://www.lovethework.com/work/entries/investigator-770817,/awards/spikes_asia/2026/campaigns/investigator-korean-national-police-agency-cheil-worldwide-2026/
Spikes Asia,2026,Outdoor,outdoor,THE AUDIBLE EXPRESS,AUDIBLE,WAVEMAKER,Interactive Experiences,Submitted,https://ascentialcdn.filespin.io/api/v1/conversion/307da5c1e7b7464aa0cd2e147c85187d?quality=85&format=webp,https://www.lovethework.com/work/entries/the-audible-express-773082,/awards/spikes_asia/2026/campaigns/the-audible-express-audible-wavemaker-2026-2/
Spikes Asia,2026,Outdoor,outdoor,BANK LOAN OFFICER,KOREAN NATIONAL POLICE AGENCY,CHEIL WORLDWIDE,Not-for-profit / Charity / Government,Submitted,https://ascentialcdn.filespin.io/api/v1/conversion/4411ac2701a44bbcb9dae7023138438c?quality=85&format=webp,https://www.lovethework.com/work/entries/bank-loan-officer-770745,/awards/spikes_asia/2026/campaigns/bank-loan-officer-korean-national-police-agency-cheil-worldwide-2026-2/
Spikes Asia,2026,Outdoor,outdoor,WHATSAPP – MAKING TEXTING TRULY INCLUSIVE FOR INDIA,WHATSAPP,FUNDAMENTAL,Cultural Engagement,Submitted,https://ascentialcdn.filespin.io/api/v1/storyboard/142d004625cf4a089dbc60bccae0fc59/storyboard_000008.jpg?quality=85&format=webp,https://www.lovethework.com/work/entries/whatsapp-making-texting-truly-inclusive-for-india-772845,/awards/spikes_asia/2026/campaigns/whatsapp-making-texting-truly-inclusive-for-india-whatsapp-fundamental-2026-2/
Spikes Asia,2026,Outdoor,outdoor,50 BENCHES,MCDONALD'S HONG KONG,BBDO HONG KONG,Special Build,Submitted,https://ascentialcdn.filespin.io/api/v1/conversion/84fba874ad024a5183367ecf640f4dae?quality=85&format=webp,https://www.lovethework.com/work/entries/50-benches-770469,/awards/spikes_asia/2026/campaigns/50-benches-mcdonalds-hong-kong-bbdo-hong-kong-2026-3/
Spikes Asia,2026,Outdoor,outdoor,LA VIE - FROM A SIP TO A HOLISTIC MENTAL WELLBEING OF VIETNAM,LA VIE,THE PURPOSE GROUP,Special Build,Submitted,https://ascentialcdn.filespin.io/api/v1/conversion/753bfce8938f411683004a72be58f40c?quality=85&format=webp,https://www.lovethework.com/work/entries/la-vie-from-a-sip-to-a-holistic-mental-wellbeing-of-vietnam-770568,/awards/spikes_asia/2026/campaigns/la-vie-from-a-sip-to-a-holistic-mental-wellbeing-of-vietnam-la-vie-the-purpose-group-2026-5/
Spikes Asia,2026,Outdoor,outdoor,LEGO YELLOW HOUSE,LEGO,OUR LEGO AGENCY,Special Build,Submitted,https://ascentialcdn.filespin.io/api/v1/conversion/5ddbe38e5c1540419251381ffa304576?quality=85&format=webp,https://www.lovethework.com/work/entries/lego-yellow-house-769548,/awards/spikes_asia/2026/campaigns/lego-yellow-house-lego-our-lego-agency-2026-4/
Spikes Asia,2026,Outdoor,outdoor,HOWEVER IT DIES,MOBILEMUSTER,ENIGMA,Single-market Campaign,Submitted,https://ascentialcdn.filespin.io/api/v1/conversion/8ad0d519d09a4dce911d28d422c1e9f3?quality=85&format=webp,https://www.lovethework.com/work/entries/however-it-dies-771043,/awards/spikes_asia/2026/campaigns/however-it-dies-mobilemuster-enigma-2026-2/
Spikes Asia,2026,Outdoor,outdoor,MASTERPEACE PAIN-TING,FRASERS PROPERTY THAILAND,FRASERS PROPERTY,Corporate Purpose & Social Responsibility,Submitted,https://ascentialcdn.filespin.io/api/v1/conversion/c07da179b0c44231be71628d878a077c?quality=85&format=webp,https://www.lovethework.com/work/entries/masterpeace-pain-ting-772843,/awards/spikes_asia/2026/campaigns/masterpeace-pain-ting-frasers-property-thailand-frasers-property-2026-2/
Spikes Asia,2026,Outdoor,outdoor,MASTERPEACE PAIN-TING,FRASERS PROPERTY THAILAND,FRASERS PROPERTY,Transit,Submitted,https://ascentialcdn.filespin.io/api/v1/conversion/c07da179b0c44231be71628d878a077c?quality=85&format=webp,https://www.lovethework.com/work/entries/masterpeace-pain-ting-772984,/awards/spikes_asia/2026/campaigns/masterpeace-pain-ting-frasers-property-thailand-frasers-property-2026-3/
Spikes Asia,2026,Outdoor,outdoor,MAXIM GAOK: WHERE COFFEE SLOWS DOWN,DONG SUH FOODS CORP.,CHEIL WORLDWIDE,Single-market Campaign,Submitted,https://ascentialcdn.filespin.io/api/v1/conversion/85543890f91c4e2f8b8f5c62f6a7a134?quality=85&format=webp,https://www.lovethework.com/work/entries/maxim-gaok-where-coffee-slows-down-772841,/awards/spikes_asia/2026/campaigns/maxim-gaok-where-coffee-slows-down-dong-suh-foods-corp-cheil-worldwide-2026-2/
Spikes Asia,2026,Outdoor,outdoor,VARNA COLOSTRUM – THE IMMUNITY GLITCH BOARDS,VARNA COLOSTRUM,THE PURPOSE GROUP,Standard Sites,Submitted,https://ascentialcdn.filespin.io/api/v1/conversion/dc21fb85e6cc4c07aaa5796df781fb66?quality=85&format=webp,https://www.lovethework.com/work/entries/varna-colostrum-the-immunity-glitch-boards-771352,/awards/spikes_asia/2026/campaigns/varna-colostrum-the-immunity-glitch-boards-varna-colostrum-the-purpose-group-2026/
Spikes Asia,2026,Outdoor,outdoor,MOBIHOME,Mobihome,MOBINET,Challenger Brand,Submitted,https://ascentialcdn.filespin.io/api/v1/conversion/d0ceba309e104352a825a252c4c29e17?quality=85&format=webp,https://www.lovethework.com/work/entries/mobihome-769467,/awards/spikes_asia/2026/campaigns/mobihome-mobihome-mobinet-2026/
Spikes Asia,2026,Outdoor,outdoor,VARNA COLOSTRUM – THE IMMUNITY GLITCH BOARDS,VARNA COLOSTRUM,THE PURPOSE GROUP,Local Brand,Submitted,https://ascentialcdn.filespin.io/api/v1/conversion/dc21fb85e6cc4c07aaa5796df781fb66?quality=85&format=webp,https://www.lovethework.com/work/entries/varna-colostrum-the-immunity-glitch-boards-771477,/awards/spikes_asia/2026/campaigns/varna-colostrum-the-immunity-glitch-boards-varna-colostrum-the-purpose-group-2026-2/
Spikes Asia,2026,Outdoor,outdoor,PLAYBOARDS,PEPSI,BBDO PAKISTAN,Special Build,Submitted,https://ascentialcdn.filespin.io/api/v1/conversion/87a67097a190400f96451d222b15b497?quality=85&format=webp,https://www.lovethework.com/work/entries/playboards-770860,/awards/spikes_asia/2026/campaigns/playboards-pepsi-bbdo-pakistan-2026-5/
Spikes Asia,2026,Outdoor,outdoor,MLB PLAYER MANHOLES,MAJOR LEAGUE BASEBALL,WIEDEN+KENNEDY,Single-market Campaign,Submitted,https://ascentialcdn.filespin.io/api/v1/conversion/99b92a0d503f4b64b76e86ad6d2ecca0?quality=85&format=webp,https://www.lovethework.com/work/entries/mlb-player-manholes-770776,/awards/spikes_asia/2026/campaigns/mlb-player-manholes-major-league-baseball-wiedenkennedy-2026/
Spikes Asia,2026,Outdoor,outdoor,MK MONGKOL,MK RESTAURANT,SOUR BANGKOK,Cultural Engagement,Submitted,https://ascentialcdn.filespin.io/api/v1/conversion/ad434e23c5284cc5b835b44cc3ee0b11?quality=85&format=webp,https://www.lovethework.com/work/entries/mk-mongkol-769575,/awards/spikes_asia/2026/campaigns/mk-mongkol-mk-restaurant-sour-bangkok-2026-2/
Spikes Asia,2026,Outdoor,outdoor,BARELY NOTICEABLE PROMOTIONS,BUDWEISER,BUDWEISER CHINA,Consumer Goods,Submitted,https://ascentialcdn.filespin.io/api/v1/conversion/3dbd69fdd46e48fd9c1fa80b3eba3b1b?quality=85&format=webp,https://www.lovethework.com/work/entries/barely-noticeable-promotions-770443,/awards/spikes_asia/2026/campaigns/barely-noticeable-promotions-budweiser-budweiser-china-2026-3/
Spikes Asia,2026,Outdoor,outdoor,INVESTIGATOR,KOREAN NATIONAL POLICE AGENCY,CHEIL WORLDWIDE,Not-for-profit / Charity / Government,Submitted,https://ascentialcdn.filespin.io/api/v1/conversion/4b91b689a10744d7a5dd99b21373b4c7?quality=85&format=webp,https://www.lovethework.com/work/entries/investigator-770730,/awards/spikes_asia/2026/campaigns/investigator-korean-national-police-agency-cheil-worldwide-2026-2/
Spikes Asia,2026,Outdoor,outdoor,HERO PRAYERS FOR SAFETY,HERO MOTOCORP,SAATCHI & SAATCHI INDIA,Social Behaviour,Submitted,https://ascentialcdn.filespin.io/api/v1/conversion/7a2e0e08204e492580c87c3f627c6d36?quality=85&format=webp,https://www.lovethework.com/work/entries/hero-prayers-for-safety-772985,/awards/spikes_asia/2026/campaigns/hero-prayers-for-safety-hero-motocorp-saatchi-and-saatchi-india-2026-3/
Spikes Asia,2026,Outdoor,outdoor,HAIER FLOOR PLAN WASHER,HAIER,TBWA\NEW ZEALAND,Consumer Goods,Submitted,https://ascentialcdn.filespin.io/api/v1/conversion/d41bafc41d764c44b97bf1b8e9ffe322?quality=85&format=webp,https://www.lovethework.com/work/entries/haier-floor-plan-washer-770507,/awards/spikes_asia/2026/campaigns/haier-floor-plan-washer-haier-tbwanew-zealand-2026/
Spikes Asia,2026,Outdoor,outdoor,PRIDE FILTER,MARRIAGE FOR ALL JAPAN,TBWA\HAKUHODO,Cultural Engagement,Submitted,https://ascentialcdn.filespin.io/api/v1/conversion/af428ae2ad7d459aba2af34e19d0232d?quality=85&format=webp,https://www.lovethework.com/work/entries/pride-filter-771069,/awards/spikes_asia/2026/campaigns/pride-filter-marriage-for-all-japan-tbwahakuhodo-2026/
Spikes Asia,2026,Outdoor,outdoor,BETTERVERSE,MITSUBISHI,SPA-HAKUHODO,Interactive/Dynamic Digital Screens,Submitted,https://ascentialcdn.filespin.io/api/v1/conversion/1e1de3fd42bb4c6ca2dac19eb6f9e28a?quality=85&format=webp,https://www.lovethework.com/work/entries/betterverse-773099,/awards/spikes_asia/2026/campaigns/betterverse-mitsubishi-spa-hakuhodo-2026-3/
Spikes Asia,2026,Outdoor,outdoor,ANZ X AUCKLAND FC SEASON 2,ANZ BANK NEW ZEALAND,TBWA\NEW ZEALAND,Local Brand,Submitted,https://ascentialcdn.filespin.io/api/v1/conversion/79500ff1a0f94e92905b0511bae0477a?quality=85&format=webp,https://www.lovethework.com/work/entries/anz-x-auckland-fc-season-2-770605,/awards/spikes_asia/2026/campaigns/anz-x-auckland-fc-season-2-anz-bank-new-zealand-tbwanew-zealand-2026/
Spikes Asia,2026,Outdoor,outdoor,"ALWAYS HERE, ALWAYS READY.",CHEMIST WAREHOUSE,STRAT!,Healthcare,Submitted,https://ascentialcdn.filespin.io/api/v1/conversion/dab1773e7daf42e081f82b0fcaa63486?quality=85&format=webp,https://www.lovethework.com/work/entries/always-here-always-ready-771277,/awards/spikes_asia/2026/campaigns/always-here-always-ready-chemist-warehouse-strat-2026-2/
Spikes Asia,2026,Outdoor,outdoor,CHAMPIONS RETURN FOR PAYBACK,PARIMATCH SPORTS,INSAILER,Cultural Engagement,Submitted,https://ascentialcdn.filespin.io/api/v1/conversion/50f11d446b544faba8d53d3535c59276?quality=85&format=webp,https://www.lovethework.com/work/entries/champions-return-for-payback-769465,/awards/spikes_asia/2026/campaigns/champions-return-for-payback-parimatch-sports-insailer-2026/
Spikes Asia,2026,Outdoor,outdoor,WHERE IS FYANG?,VITAKERATIN,GIGIL,Social Behaviour,Submitted,https://ascentialcdn.filespin.io/api/v1/conversion/56d4f52553b040b9a13b0f03011943d2?quality=85&format=webp,https://www.lovethework.com/work/entries/where-is-fyang-771056,/awards/spikes_asia/2026/campaigns/where-is-fyang-vitakeratin-gigil-2026/
Spikes Asia,2026,Outdoor,outdoor,SLEEPING WITH GIANT,NELL,DENTSU INC.,Social Behaviour,Submitted,https://ascentialcdn.filespin.io/api/v1/conversion/75fa6db090b841f48e8b38b3a8e8d973?quality=85&format=webp,https://www.lovethework.com/work/entries/sleeping-with-giant-772808,/awards/spikes_asia/2026/campaigns/sleeping-with-giant-nell-dentsu-inc-2026-4/
Spikes Asia,2026,Outdoor,outdoor,LIGHTING UP CANNABIS CULTURE,HELL PIZZA,YARN,Special Build,Submitted,https://ascentialcdn.filespin.io/api/v1/conversion/7c79cf9b8c824c7a92543a1eadd39fe6?quality=85&format=webp,https://www.lovethework.com/work/entries/lighting-up-cannabis-culture-772836,/awards/spikes_asia/2026/campaigns/lighting-up-cannabis-culture-hell-pizza-yarn-2026-4/
Spikes Asia,2026,Outdoor,outdoor,EXTRA FINGER LICKIN' GOOD,KFC,HAVAS MALAYSIA,Use of Humour,Submitted,https://ascentialcdn.filespin.io/api/v1/conversion/ddad66249fee4c8985ddf64b9b6f4435?quality=85&format=webp,https://www.lovethework.com/work/entries/extra-finger-lickin-good-769531,/awards/spikes_asia/2026/campaigns/extra-finger-lickin-good-kfc-havas-malaysia-2026/
Spikes Asia,2026,Outdoor,outdoor,AUNTIE'S WORDS,TINDER JAPAN,FIELD MANAGEMENT EXPAND INC.,Transit,Submitted,https://ascentialcdn.filespin.io/api/v1/conversion/bcbb737104b349dcb1f16c8ef8eb7102?quality=85&format=webp,https://www.lovethework.com/work/entries/aunties-words-769578,/awards/spikes_asia/2026/campaigns/aunties-words-tinder-japan-field-management-expand-inc-2026-5/
Spikes Asia,2026,Outdoor,outdoor,12 FINGERS,KFC,HAVAS MALAYSIA,"Travel, Leisure, Retail, Restaurants & Fast Food Chains",Submitted,https://ascentialcdn.filespin.io/api/v1/conversion/5e2f1262144b4b2cbf31cbd4363e348f?quality=85&format=webp,https://www.lovethework.com/work/entries/12-fingers-769588,/awards/spikes_asia/2026/campaigns/12-fingers-kfc-havas-malaysia-2026-2/
Spikes Asia,2026,Outdoor,outdoor,POP-UP PIZZA HUT,PIZZA HUT,EDELMAN,Single-market Campaign,Submitted,https://ascentialcdn.filespin.io/api/v1/conversion/0f61387e6dcf41b88b6c8eba7aa5abc2?quality=85&format=webp,https://www.lovethework.com/work/entries/pop-up-pizza-hut-769476,/awards/spikes_asia/2026/campaigns/pop-up-pizza-hut-pizza-hut-edelman-2026/
Spikes Asia,2026,Outdoor,outdoor,SUPERMARKET CROWDOMETER,BARGAIN BOX,YARN,Standard Sites,Submitted,https://ascentialcdn.filespin.io/api/v1/conversion/2d28d6a6b1e6456388ab475d5ab6c1e5?quality=85&format=webp,https://www.lovethework.com/work/entries/supermarket-crowdometer-772629,/awards/spikes_asia/2026/campaigns/supermarket-crowdometer-bargain-box-yarn-2026/
Spikes Asia,2026,Outdoor,outdoor,KUB DEE DAI DEE -TRANSFORMING SAFE DRIVING FROM RULE TO BELIEF-,TOYOTA MOBILITY FOUNDATION / HONDA MOTOR CO.,"LTD., HAKUHODO FIRST",Cultural Engagement,Submitted,https://ascentialcdn.filespin.io/api/v1/conversion/d9e9387f50534004a0608456fef5589a?quality=85&format=webp,https://www.lovethework.com/work/entries/kub-dee-dai-dee-transforming-safe-driving-from-rule-to-belief-773047,/awards/spikes_asia/2026/campaigns/kub-dee-dai-dee-transforming-safe-driving-from-rule-to-belief-toyota-mobility-foundation-honda-motor-co-ltd-hakuhodo-fir/
Spikes Asia,2026,Outdoor,outdoor,FEELINGS YOU’VE NEVER FELT BEFORE,DESTINATION NEW SOUTH WALES (DNSW),LEO,Market Disruption,Submitted,https://ascentialcdn.filespin.io/api/v1/conversion/57b26d69eb88430183ae78c9a4e413f4?quality=85&format=webp,https://www.lovethework.com/work/entries/feelings-youve-never-felt-before-771117,/awards/spikes_asia/2026/campaigns/feelings-youve-never-felt-before-destination-new-south-wales-dnsw-leo-2026/
Spikes Asia,2026,Outdoor,outdoor,THE LONGEST CONDITIONS BILLBOARD,ALLIANZ AYUDHYA ASSURANCE PUBLIC COMPANY LIMITED,CHOOJAI AND FRIENDS,Consumer Services/Business to Business,Submitted,https://ascentialcdn.filespin.io/api/v1/conversion/f4d6aa8975b24a0d8fc96dc2ac658a49?quality=85&format=webp,https://www.lovethework.com/work/entries/the-longest-conditions-billboard-769571,/awards/spikes_asia/2026/campaigns/the-longest-conditions-billboard-allianz-ayudhya-assurance-public-company-limited-choojai-and-friends-2026/
Spikes Asia,2026,Outdoor,outdoor,DO THE COPY RIGHT THING,CARRIER,YELL ADVERTISING,Consumer Goods,Submitted,https://ascentialcdn.filespin.io/api/v1/conversion/07c30ba29fc440499c6a213c16cb43b0?quality=85&format=webp,https://www.lovethework.com/work/entries/do-the-copy-right-thing-772832,/awards/spikes_asia/2026/campaigns/do-the-copy-right-thing-carrier-yell-advertising-2026/
Spikes Asia,2026,Outdoor,outdoor,THE BUD FAN,AB INBEV THAILAND,FLASH BOMBER,Ambient Outdoor,Submitted,https://ascentialcdn.filespin.io/api/v1/conversion/72ab7b231bb34833976ed06c5efd8e53?quality=85&format=webp,https://www.lovethework.com/work/entries/the-bud-fan-769559,/awards/spikes_asia/2026/campaigns/the-bud-fan-ab-inbev-thailand-flash-bomber-2026-2/
Spikes Asia,2026,Outdoor,outdoor,MAXIM GAOK: WHERE COFFEE SLOWS DOWN,DONG SUH FOODS CORP.,CHEIL WORLDWIDE,Special Build,Submitted,https://ascentialcdn.filespin.io/api/v1/conversion/9c13e2bd4e984f75a64acc405806b779?quality=85&format=webp,https://www.lovethework.com/work/entries/maxim-gaok-where-coffee-slows-down-769542,/awards/spikes_asia/2026/campaigns/maxim-gaok-where-coffee-slows-down-dong-suh-foods-corp-cheil-worldwide-2026-3/
Spikes Asia,2026,Outdoor,outdoor,WHATSAPP – MAKING TEXTING TRULY INCLUSIVE FOR INDIA,WHATSAPP,FUNDAMENTAL,Transit,Submitted,https://ascentialcdn.filespin.io/api/v1/storyboard/142d004625cf4a089dbc60bccae0fc59/storyboard_000008.jpg?quality=85&format=webp,https://www.lovethework.com/work/entries/whatsapp-making-texting-truly-inclusive-for-india-769595,/awards/spikes_asia/2026/campaigns/whatsapp-making-texting-truly-inclusive-for-india-whatsapp-fundamental-2026-3/
Spikes Asia,2026,Outdoor,outdoor,HUMANITILL - IT'S A SECOND CHANCE TO LIFE,MALIBAN BISCUITS PRIVATE LIMITED,TBWA\SRI LANKA,Ambient Outdoor,Submitted,https://ascentialcdn.filespin.io/api/v1/conversion/11cf2092984d49dcbd9bdbc8e688b0a7?quality=85&format=webp,https://www.lovethework.com/work/entries/humanitill-its-a-second-chance-to-life-771093,/awards/spikes_asia/2026/campaigns/humanitill-its-a-second-chance-to-life-maliban-biscuits-private-limited-tbwasri-lanka-2026/
Spikes Asia,2026,Outdoor,outdoor,CARRY-ON LEARNING,SAMSONITE INDONESIA,DENTSU CREATIVE,Special Build,Submitted,https://ascentialcdn.filespin.io/api/v1/conversion/3843e699061b48899d137e6f4c2657d7?quality=85&format=webp,https://www.lovethework.com/work/entries/carry-on-learning-771010,/awards/spikes_asia/2026/campaigns/carry-on-learning-samsonite-indonesia-dentsu-creative-2026-2/
Spikes Asia,2026,Outdoor,outdoor,POP-UP PIZZA HUT,PIZZA HUT,EDELMAN,Special Build,Submitted,https://ascentialcdn.filespin.io/api/v1/conversion/0f61387e6dcf41b88b6c8eba7aa5abc2?quality=85&format=webp,https://www.lovethework.com/work/entries/pop-up-pizza-hut-769497,/awards/spikes_asia/2026/campaigns/pop-up-pizza-hut-pizza-hut-edelman-2026-2/
Spikes Asia,2026,Outdoor,outdoor,HEADLIGHT BILLBOARD,GRAB,GIGIL,Consumer Services/Business to Business,Submitted,https://ascentialcdn.filespin.io/api/v1/conversion/9ebbc679f7df4a8f8faa2d708415cf42?quality=85&format=webp,https://www.lovethework.com/work/entries/headlight-billboard-771448,/awards/spikes_asia/2026/campaigns/headlight-billboard-grab-gigil-2026/
Spikes Asia,2026,Outdoor,outdoor,"CRYPTO, MADE CLEAR",LUNO,MOVING WALLS,Interactive/Dynamic Digital Screens,Submitted,https://ascentialcdn.filespin.io/api/v1/conversion/edcbe707eb0940f59df3ad3a35a54c99?quality=85&format=webp,https://www.lovethework.com/work/entries/crypto-made-clear-769474,/awards/spikes_asia/2026/campaigns/crypto-made-clear-luno-moving-walls-2026/
Spikes Asia,2026,Outdoor,outdoor,THE JUMP ROPE EXPERIENCE,NETFLIX,GIGIL,Interactive Experiences,Submitted,https://ascentialcdn.filespin.io/api/v1/conversion/ee25a446cdd74f549e6d9b93b7feb2aa?quality=85&format=webp,https://www.lovethework.com/work/entries/the-jump-rope-experience-772794,/awards/spikes_asia/2026/campaigns/the-jump-rope-experience-netflix-gigil-2026-2/
Spikes Asia,2026,Outdoor,outdoor,LAPTOP BENTO,FMV NOTE U,HAKUHODO,Breakthrough on a Budget,Submitted,https://ascentialcdn.filespin.io/api/v1/conversion/9d85b9e8dd654baa971478a2a6110853?quality=85&format=webp,https://www.lovethework.com/work/entries/laptop-bento-770793,/awards/spikes_asia/2026/campaigns/laptop-bento-fmv-note-u-hakuhodo-2026/
Spikes Asia,2026,Outdoor,outdoor,HOWEVER IT DIES,MOBILEMUSTER,ENIGMA,Standard Sites,Submitted,https://ascentialcdn.filespin.io/api/v1/conversion/867acd120fc74b3ab01ee368b46dcd98?quality=85&format=webp,https://www.lovethework.com/work/entries/however-it-dies-771080,/awards/spikes_asia/2026/campaigns/however-it-dies-mobilemuster-enigma-2026-3/
Spikes Asia,2026,Outdoor,outdoor,LA VIE - FROM A SIP TO A HOLISTIC MENTAL WELLBEING OF VIETNAM,LA VIE,THE PURPOSE GROUP,Displays,Submitted,https://ascentialcdn.filespin.io/api/v1/conversion/753bfce8938f411683004a72be58f40c?quality=85&format=webp,https://www.lovethework.com/work/entries/la-vie-from-a-sip-to-a-holistic-mental-wellbeing-of-vietnam-770659,/awards/spikes_asia/2026/campaigns/la-vie-from-a-sip-to-a-holistic-mental-wellbeing-of-vietnam-la-vie-the-purpose-group-2026-6/
Spikes Asia,2026,Outdoor,outdoor,BROTHEL PIMP,KOREAN NATIONAL POLICE AGENCY,CHEIL WORLDWIDE,Not-for-profit / Charity / Government,Submitted,https://ascentialcdn.filespin.io/api/v1/conversion/7dc8da4fc7bb430d888cc99485cbb8fc?quality=85&format=webp,https://www.lovethework.com/work/entries/brothel-pimp-770812,/awards/spikes_asia/2026/campaigns/brothel-pimp-korean-national-police-agency-cheil-worldwide-2026-2/
Spikes Asia,2026,Outdoor,outdoor,CHAMPIONS RETURN FOR PAYBACK,PARIMATCH SPORTS,INSAILER,Local Brand,Submitted,https://ascentialcdn.filespin.io/api/v1/conversion/50f11d446b544faba8d53d3535c59276?quality=85&format=webp,https://www.lovethework.com/work/entries/champions-return-for-payback-769603,/awards/spikes_asia/2026/campaigns/champions-return-for-payback-parimatch-sports-insailer-2026-2/
Spikes Asia,2026,Outdoor,outdoor,CHEESEBURGER,MCDONALD'S,MCCANN NEW ZEALAND,"Travel, Leisure, Retail, Restaurants & Fast Food Chains",Submitted,https://ascentialcdn.filespin.io/api/v1/conversion/bb585fc544cb4658bbaa4e1641df6759?quality=85&format=webp,https://www.lovethework.com/work/entries/cheeseburger-772638,/awards/spikes_asia/2026/campaigns/cheeseburger-mcdonalds-mccann-new-zealand-2026/
Spikes Asia,2026,Print & Publishing,print-publishing,INGLISH DICTIONARY,AIR INDIA EXPRESS,JUICE,Cultural Engagement,Shortlist,https://ascentialcdn.filespin.io/api/v1/conversion/5f2f1631fbbe41fd911975de9cbcb617?quality=85&format=webp,https://www.lovethework.com/work/entries/inglish-dictionary-772414,/awards/spikes_asia/2026/campaigns/inglish-dictionary-air-india-express-juice-2026-2/
Spikes Asia,2026,Print & Publishing,print-publishing,INKVISIBLE,UN WOMEN,BBDO PAKISTAN,Cultural Engagement,Shortlist,https://ascentialcdn.filespin.io/api/v1/conversion/40cd6f183f8f48d4a82f3fb6cdd0fee6?quality=85&format=webp,https://www.lovethework.com/work/entries/inkvisible-773091,/awards/spikes_asia/2026/campaigns/inkvisible-un-women-bbdo-pakistan-2026/
Spikes Asia,2026,Print & Publishing,print-publishing,INGLISH DICTIONARY,AIR INDIA EXPRESS,JUICE,Social Behaviour,Shortlist,https://ascentialcdn.filespin.io/api/v1/conversion/5f2f1631fbbe41fd911975de9cbcb617?quality=85&format=webp,https://www.lovethework.com/work/entries/inglish-dictionary-769599,/awards/spikes_asia/2026/campaigns/inglish-dictionary-air-india-express-juice-2026-3/
Spikes Asia,2026,Print & Publishing,print-publishing,MAKEUP CALLIGRAPHY,SHISEIDO CO.,SHISEIDO CREATIVE,Cultural Engagement,Shortlist,https://ascentialcdn.filespin.io/api/v1/conversion/f93a452a101f4571b42f2f0e9f0024ab?quality=85&format=webp,https://www.lovethework.com/work/entries/makeup-calligraphy-769498,/awards/spikes_asia/2026/campaigns/makeup-calligraphy-shiseido-co-shiseido-creative-2026-2/
Spikes Asia,2026,Print & Publishing,print-publishing,GAMIFRIES,MCDONALD'S,BBH SINGAPORE,Innovative and Adapted Use of Print & Publishing,Shortlist,https://ascentialcdn.filespin.io/api/v1/conversion/611b257441894808a5f211d854334b81?quality=85&format=webp,https://www.lovethework.com/work/entries/gamifries-771153,/awards/spikes_asia/2026/campaigns/gamifries-mcdonalds-bbh-singapore-2026-6/
Spikes Asia,2026,Print & Publishing,print-publishing,SILENT LETTERS 2,AIS,ENORMOUS BRANDS,Consumer Services/Business to Business,Shortlist,https://ascentialcdn.filespin.io/api/v1/conversion/7b09cfe855504b3ab5c8fa82b8787a8b?quality=85&format=webp,https://www.lovethework.com/work/entries/silent-letters-2-771057,/awards/spikes_asia/2026/campaigns/silent-letters-2-ais-enormous-brands-2026/
Spikes Asia,2026,Print & Publishing,print-publishing,THE WORST CHILDREN'S LIBRARY,SAMSUNG NZ,MCCANN NEW ZEALAND,Social Behaviour,Submitted,https://ascentialcdn.filespin.io/api/v1/conversion/6ce2776af04e4e019d0ae18bcd82575c?quality=85&format=webp,https://www.lovethework.com/work/entries/the-worst-childrens-library-771441,/awards/spikes_asia/2026/campaigns/the-worst-childrens-library-samsung-nz-mccann-new-zealand-2026-4/
Spikes Asia,2026,Print & Publishing,print-publishing,"WHATSAPP: WHEN ENCRYPTION BECAME FELT, NOT EXPLAINED",WHATSAPP,SPARK FOUNDRY,Innovative and Adapted Use of Print & Publishing,Submitted,https://ascentialcdn.filespin.io/api/v1/conversion/ebc1cd0ec1524671bfc57ff7f66c4e22?quality=85&format=webp,https://www.lovethework.com/work/entries/whatsapp-when-encryption-became-felt-not-explained-771272,/awards/spikes_asia/2026/campaigns/whatsapp-when-encryption-became-felt-not-explained-whatsapp-spark-foundry-2026/
Spikes Asia,2026,Print & Publishing,print-publishing,FLIP THE PAPER. LOOK AT THE OTHER SIDE.,SANKEI SHIMBUN CO.,"LTD., SANKEI SHIMBUN",Social Behaviour,Submitted,https://ascentialcdn.filespin.io/api/v1/conversion/f86bd96128b742158d8b63bafe6f667a?quality=85&format=webp,https://www.lovethework.com/work/entries/flip-the-paper-look-at-the-other-side-769480,/awards/spikes_asia/2026/campaigns/flip-the-paper-look-at-the-other-side-sankei-shimbun-co-ltd-sankei-shimbun-2026/
Spikes Asia,2026,Print & Publishing,print-publishing,A&W,KFC THAILAND,PUBLICIS THAILAND,"Travel, Leisure, Retail, Restaurants & Fast Food Chains",Submitted,https://ascentialcdn.filespin.io/api/v1/conversion/d93033d674794412997280fd7744cfc7?quality=85&format=webp,https://www.lovethework.com/work/entries/aw-769576,/awards/spikes_asia/2026/campaigns/a-and-w-kfc-thailand-publicis-thailand-2026/
Spikes Asia,2026,Print & Publishing,print-publishing,OVERDUE OLDIES - NORMA (3 OF 3),DULCOLAX,McCANN,Healthcare,Submitted,https://ascentialcdn.filespin.io/api/v1/conversion/37af1a80377448808d6d45edd8d1080b?quality=85&format=webp,https://www.lovethework.com/work/entries/overdue-oldies-norma-3-of-3-772828,/awards/spikes_asia/2026/campaigns/overdue-oldies-norma-3-of-3-dulcolax-mccann-2026/
Spikes Asia,2026,Print & Publishing,print-publishing,BANK LOAN OFFICER,KOREAN NATIONAL POLICE AGENCY,CHEIL WORLDWIDE,Not-for-profit / Charity / Government,Submitted,https://ascentialcdn.filespin.io/api/v1/conversion/13506a4c501f4f1fbfca96d498a85722?quality=85&format=webp,https://www.lovethework.com/work/entries/bank-loan-officer-770800,/awards/spikes_asia/2026/campaigns/bank-loan-officer-korean-national-police-agency-cheil-worldwide-2026-3/
Spikes Asia,2026,Print & Publishing,print-publishing,OVERDUE OLDIES - ERNESTO (2 OF 3),DULCOLAX,McCANN,Healthcare,Submitted,https://ascentialcdn.filespin.io/api/v1/conversion/353926c2f83c4f1f9c3b35cf887536f7?quality=85&format=webp,https://www.lovethework.com/work/entries/overdue-oldies-ernesto-2-of-3-769570,/awards/spikes_asia/2026/campaigns/overdue-oldies-ernesto-2-of-3-dulcolax-mccann-2026/
Spikes Asia,2026,Print & Publishing,print-publishing,TEXAS CHICKEN,KFC THAILAND,PUBLICIS THAILAND,"Travel, Leisure, Retail, Restaurants & Fast Food Chains",Submitted,https://ascentialcdn.filespin.io/api/v1/conversion/6288cea75e3d4e7b8f92f369c5a49fcf?quality=85&format=webp,https://www.lovethework.com/work/entries/texas-chicken-769583,/awards/spikes_asia/2026/campaigns/texas-chicken-kfc-thailand-publicis-thailand-2026/
Spikes Asia,2026,Print & Publishing,print-publishing,BROTHEL PIMP,KOREAN NATIONAL POLICE AGENCY,CHEIL WORLDWIDE,Not-for-profit / Charity / Government,Submitted,https://ascentialcdn.filespin.io/api/v1/conversion/bf37e193defd492789d76b622a5e8d9f?quality=85&format=webp,https://www.lovethework.com/work/entries/brothel-pimp-770783,/awards/spikes_asia/2026/campaigns/brothel-pimp-korean-national-police-agency-cheil-worldwide-2026-3/
Spikes Asia,2026,Print & Publishing,print-publishing,OVERDUE OLDIES - TESS (1 OF 3),DULCOLAX,McCANN,Healthcare,Submitted,https://ascentialcdn.filespin.io/api/v1/conversion/aa4747ccb9bf4e1ca11d83b1b761ea20?quality=85&format=webp,https://www.lovethework.com/work/entries/overdue-oldies-tess-1-of-3-769552,/awards/spikes_asia/2026/campaigns/overdue-oldies-tess-1-of-3-dulcolax-mccann-2026/
Spikes Asia,2026,Print & Publishing,print-publishing,SILENT LETTERS 3,AIS,ENORMOUS BRANDS,Consumer Services/Business to Business,Submitted,https://ascentialcdn.filespin.io/api/v1/conversion/f60cfbb1729645d8972ac7d64859f14a?quality=85&format=webp,https://www.lovethework.com/work/entries/silent-letters-3-771045,/awards/spikes_asia/2026/campaigns/silent-letters-3-ais-enormous-brands-2026/
Spikes Asia,2026,Print & Publishing,print-publishing,SOFT PLACES FOR CHILDREN – FOSTER CARE AWARENESS POSTER,GROW HAPPY (GENERAL INCORPORATED ASSOCIATION),M.GRAPHICS,Not-for-profit / Charity / Government,Submitted,https://ascentialcdn.filespin.io/api/v1/conversion/84b7e652d7ea4d9287a5c6d5fd0b0a42?quality=85&format=webp,https://www.lovethework.com/work/entries/soft-places-for-children-foster-care-awareness-poster-769596,/awards/spikes_asia/2026/campaigns/soft-places-for-children-foster-care-awareness-poster-grow-happy-general-incorporated-association-mgraphics-2026/
Spikes Asia,2026,Print & Publishing,print-publishing,VOICE WANTED,KOREAN NATIONAL POLICE AGENCY,CHEIL WORLDWIDE,Market Disruption,Submitted,https://ascentialcdn.filespin.io/api/v1/conversion/a9ac0e16a5004c4c8a816984baebd98f?quality=85&format=webp,https://www.lovethework.com/work/entries/voice-wanted-769489,/awards/spikes_asia/2026/campaigns/voice-wanted-korean-national-police-agency-cheil-worldwide-2026-6/
Spikes Asia,2026,Print & Publishing,print-publishing,INVESTIGATOR,KOREAN NATIONAL POLICE AGENCY,CHEIL WORLDWIDE,Not-for-profit / Charity / Government,Submitted,https://ascentialcdn.filespin.io/api/v1/conversion/db6cbd09f47143c28ce97f15e4b1780c?quality=85&format=webp,https://www.lovethework.com/work/entries/investigator-770797,/awards/spikes_asia/2026/campaigns/investigator-korean-national-police-agency-cheil-worldwide-2026-3/
Spikes Asia,2026,Print & Publishing,print-publishing,"I AM KOLKATA, AMAR PARA",TIMES OF INDIA GROUP,BENNETT COLEMAN & CO,Social Behaviour,Submitted,https://ascentialcdn.filespin.io/api/v1/conversion/0bd250052963445fb6f76de192c8588a?quality=85&format=webp,https://www.lovethework.com/work/entries/i-am-kolkata-amar-para-771003,/awards/spikes_asia/2026/campaigns/i-am-kolkata-amar-para-times-of-india-group-bennett-coleman-and-co-2026/
Spikes Asia,2026,Print & Publishing,print-publishing,TIMELESS WEDDINGS,INDIAN HOTELS COMPANY LIMITED,THE INDIAN HOTELS COMPANY,"Travel, Leisure, Retail, Restaurants & Fast Food Chains",Submitted,https://ascentialcdn.filespin.io/api/v1/conversion/cb5a2260229d4bcca0c75b1a05463276?quality=85&format=webp,https://www.lovethework.com/work/entries/timeless-weddings-772830,/awards/spikes_asia/2026/campaigns/timeless-weddings-indian-hotels-company-limited-the-indian-hotels-company-2026/
Spikes Asia,2026,Print & Publishing,print-publishing,POPEYES,KFC THAILAND,PUBLICIS THAILAND,"Travel, Leisure, Retail, Restaurants & Fast Food Chains",Submitted,https://ascentialcdn.filespin.io/api/v1/conversion/571f98a0867447ab9032e731de8955d8?quality=85&format=webp,https://www.lovethework.com/work/entries/popeyes-772829,/awards/spikes_asia/2026/campaigns/popeyes-kfc-thailand-publicis-thailand-2026/
Spikes Asia,2026,Print & Publishing,print-publishing,SILENT LETTERS 1,AIS,ENORMOUS BRANDS,Consumer Services/Business to Business,Submitted,https://ascentialcdn.filespin.io/api/v1/conversion/e105d69aa3814a809ce41afb365899d2?quality=85&format=webp,https://www.lovethework.com/work/entries/silent-letters-1-771091,/awards/spikes_asia/2026/campaigns/silent-letters-1-ais-enormous-brands-2026/
Spikes Asia,2026,Print & Publishing,print-publishing,TWO FRONTIERS OF HUMAN CRAFT: SAKE,DASSAI,ASAHI SHUZO,Consumer Goods,Submitted,https://ascentialcdn.filespin.io/api/v1/conversion/2451433e04b84705b635bb33933e9cdc?quality=85&format=webp,https://www.lovethework.com/work/entries/two-frontiers-of-human-craft-sake-769545,/awards/spikes_asia/2026/campaigns/two-frontiers-of-human-craft-sake-dassai-asahi-shuzo-2026-2/
Spikes Asia,2026,Print & Publishing,print-publishing,VOICE WANTED,KOREAN NATIONAL POLICE AGENCY,CHEIL WORLDWIDE,Social Behaviour,Submitted,https://ascentialcdn.filespin.io/api/v1/conversion/dd8a11fe62c946698d0a334a8b8e55e6?quality=85&format=webp,https://www.lovethework.com/work/entries/voice-wanted-769470,/awards/spikes_asia/2026/campaigns/voice-wanted-korean-national-police-agency-cheil-worldwide-2026-7/
Spikes Asia,2026,Print & Publishing,print-publishing,BAKE FRIDAY,KITCHEN WAREHOUSE,SPECIAL,Innovative and Adapted Use of Print & Publishing,Submitted,https://ascentialcdn.filespin.io/api/v1/conversion/c67a972594a9454d949d884bdd4ce85f?quality=85&format=webp,https://www.lovethework.com/work/entries/bake-friday-770669,/awards/spikes_asia/2026/campaigns/bake-friday-kitchen-warehouse-special-2026/
Spikes Asia,2026,Print & Publishing,print-publishing,THE KIA EV5 WITH FIVE GUYS,KIA MOTORS,INNOCEAN,Consumer Goods,Submitted,https://ascentialcdn.filespin.io/api/v1/conversion/a4bc8d606ff5480f989e8a21d4969778?quality=85&format=webp,https://www.lovethework.com/work/entries/the-kia-ev5-with-five-guys-770665,/awards/spikes_asia/2026/campaigns/the-kia-ev5-with-five-guys-kia-motors-innocean-2026/
Spikes Asia,2026,Print & Publishing,print-publishing,SOLAR FOREST,HNAWHA,HANWHA,Corporate Purpose & Social Responsibility,Submitted,https://ascentialcdn.filespin.io/api/v1/conversion/b763c091fbf842eab11ebe619fc56e12?quality=85&format=webp,https://www.lovethework.com/work/entries/solar-forest-770567,/awards/spikes_asia/2026/campaigns/solar-forest-hnawha-hanwha-2026/
