Festival,Year,Track,Track slug,Title,Brand,Agency,Category,Award,Board image,Entry URL
Spikes Asia,2026,Audio & Radio,audio-radio,VOICE OF FOOD,AJINOMOTO CO.,DENTSU INC.,Audio-Led Creativity,Silver,https://ascentialcdn.filespin.io/api/v1/storyboard/4f04f56e9e2d4754b5a7a2b980a2db34/storyboard_000008.jpg?quality=85&format=webp,https://www.lovethework.com/work/entries/voice-of-food-772409
Spikes Asia,2026,Audio & Radio,audio-radio,FUTURES,MUSICIANS MAKING A DIFFERENCE,SUPERMASSIVE,Use of Audio & Radio as a Medium,Silver,https://ascentialcdn.filespin.io/api/v1/storyboard/2e8d2262dc2243928e61f870c654ce07/storyboard_000008.jpg?quality=85&format=webp,https://www.lovethework.com/work/entries/futures-769487
Spikes Asia,2026,Audio & Radio,audio-radio,VOICE OF FOOD,AJINOMOTO CO.,DENTSU INC.,Corporate Purpose & Social Responsibility,Bronze,https://ascentialcdn.filespin.io/api/v1/storyboard/4f04f56e9e2d4754b5a7a2b980a2db34/storyboard_000008.jpg?quality=85&format=webp,https://www.lovethework.com/work/entries/voice-of-food-773092
Spikes Asia,2026,Audio & Radio,audio-radio,FUTURES,MUSICIANS MAKING A DIFFERENCE,SUPERMASSIVE,Social Behaviour,Bronze,https://ascentialcdn.filespin.io/api/v1/storyboard/2e8d2262dc2243928e61f870c654ce07/storyboard_000008.jpg?quality=85&format=webp,https://www.lovethework.com/work/entries/futures-772405
Spikes Asia,2026,Audio & Radio,audio-radio,FUTURES,MUSICIANS MAKING A DIFFERENCE,SUPERMASSIVE,Audio-Led Creativity,Shortlist,https://ascentialcdn.filespin.io/api/v1/storyboard/2e8d2262dc2243928e61f870c654ce07/storyboard_000008.jpg?quality=85&format=webp,https://www.lovethework.com/work/entries/futures-769551
Spikes Asia,2026,Audio & Radio,audio-radio,AUSTRALIA'S DEADLIEST PREDATOR,TRANSPORT ACCIDENT COMMISSION,EARDRUM,Sound Design,Shortlist,https://ascentialcdn.filespin.io/api/v1/conversion/579600015542448c974f5849e5c433e2?quality=85&format=webp,https://www.lovethework.com/work/entries/australias-deadliest-predator-770542
Spikes Asia,2026,Audio & Radio,audio-radio,HEARING 1945,BINGGRAE & THE MINISTRY OF PATRIOTS AND VETERANS AFFAIR,INNOCEAN,Use of Audio & Radio Technology,Shortlist,https://ascentialcdn.filespin.io/api/v1/storyboard/b3699a401e33413f97f1dc4e8682ef8e/storyboard_000008.jpg?quality=85&format=webp,https://www.lovethework.com/work/entries/hearing-1945-771222
Spikes Asia,2026,Audio & Radio,audio-radio,HEARING 1945,BINGGRAE & THE MINISTRY OF PATRIOTS AND VETERANS AFFAIR,INNOCEAN,Cultural Engagement,Shortlist,https://ascentialcdn.filespin.io/api/v1/storyboard/b3699a401e33413f97f1dc4e8682ef8e/storyboard_000008.jpg?quality=85&format=webp,https://www.lovethework.com/work/entries/hearing-1945-770554
Spikes Asia,2026,Audio & Radio,audio-radio,THE UNOFFICIAL OFFICIAL SOUND OF F1,STING,LEO,Audio-Led Creativity,Shortlist,https://ascentialcdn.filespin.io/api/v1/storyboard/ad2bed00db9e4a8c8fcec4d73a840934/storyboard_000008.jpg?quality=85&format=webp,https://www.lovethework.com/work/entries/the-unofficial-official-sound-of-f1-771305
Spikes Asia,2026,Audio & Radio,audio-radio,PRAYKINSON,VAJIRA HOSPITAL,DENTSU CREATIVE THAILAND,Cultural Engagement,Shortlist,https://ascentialcdn.filespin.io/api/v1/storyboard/bc46456d45ad43edb216a8f655cc6182/storyboard_000008.jpg?quality=85&format=webp,https://www.lovethework.com/work/entries/praykinson-769699
Spikes Asia,2026,Audio & Radio,audio-radio,THE YANGZHOU QIAO BEI MUSICAL SUITE,YANGZHOU MUNICIPAL BUREAU OF CULTURE,"RADIO, TV AND TOURISM, CHINA, TBWA\CHINA",Cultural Engagement,Shortlist,https://ascentialcdn.filespin.io/api/v1/storyboard/1f135cdf159e4774ada476064b2c0ce9/storyboard_000008.jpg?quality=85&format=webp,https://www.lovethework.com/work/entries/the-yangzhou-qiao-bei-musical-suite-772410
Spikes Asia,2026,Audio & Radio,audio-radio,SO-SO SPINS TOKYO,BOSS,VML OGILVY JAPAN,Single-market Campaign,Shortlist,https://ascentialcdn.filespin.io/api/v1/storyboard/7cd857639b844c49a4cf28f314ebc5e3/storyboard_000008.jpg?quality=85&format=webp,https://www.lovethework.com/work/entries/so-so-spins-tokyo-769651
Spikes Asia,2026,Audio & Radio,audio-radio,PRAYKINSON,VAJIRA HOSPITAL,DENTSU CREATIVE THAILAND,Use of Audio & Radio Technology,Submitted,https://ascentialcdn.filespin.io/api/v1/storyboard/bc46456d45ad43edb216a8f655cc6182/storyboard_000008.jpg?quality=85&format=webp,https://www.lovethework.com/work/entries/praykinson-772846
Spikes Asia,2026,Audio & Radio,audio-radio,SO-SO SPINS TOKYO,BOSS,VML OGILVY JAPAN,Use of Audio & Radio as a Medium,Submitted,https://ascentialcdn.filespin.io/api/v1/storyboard/7cd857639b844c49a4cf28f314ebc5e3/storyboard_000008.jpg?quality=85&format=webp,https://www.lovethework.com/work/entries/so-so-spins-tokyo-769473
Spikes Asia,2026,Audio & Radio,audio-radio,FIRST CHAPTER CLUB,AUDIBLE INDIA,DEADANT MEDIA,Audio-Led Creativity,Submitted,https://ascentialcdn.filespin.io/api/v1/storyboard/197bf84da98d45c49c2fc7de03465ddc/storyboard_000008.jpg?quality=85&format=webp,https://www.lovethework.com/work/entries/first-chapter-club-771238
Spikes Asia,2026,Audio & Radio,audio-radio,AHHNTITHESIS,SPRITE,PT BERAKAR KOMUNIKASI,Cultural Engagement,Submitted,https://ascentialcdn.filespin.io/api/v1/storyboard/04707a22a78845bea606f6be4ea2b23b/storyboard_000008.jpg?quality=85&format=webp,https://www.lovethework.com/work/entries/ahhntithesis-769720
Spikes Asia,2026,Audio & Radio,audio-radio,SU~SU~SU~SUPER SOUP,BULL HEAD,SPECTRUM,Audio-Led Creativity,Submitted,https://ascentialcdn.filespin.io/api/v1/storyboard/b10f8babdf9b409882150da128fd9b37/storyboard_000008.jpg?quality=85&format=webp,https://www.lovethework.com/work/entries/susususuper-soup-769607
Spikes Asia,2026,Audio & Radio,audio-radio,KNOCK TURN,YAMAHA,DENTSU EAST JAPAN,Use of Audio & Radio Technology,Submitted,https://ascentialcdn.filespin.io/api/v1/storyboard/083bce5cfb77490d889ebb76e4b0c09e/storyboard_000008.jpg?quality=85&format=webp,https://www.lovethework.com/work/entries/knock-turn-769508
Spikes Asia,2026,Audio & Radio,audio-radio,KNOCK TURN,YAMAHA,DENTSU EAST JAPAN,Use of Humour,Submitted,https://ascentialcdn.filespin.io/api/v1/storyboard/083bce5cfb77490d889ebb76e4b0c09e/storyboard_000008.jpg?quality=85&format=webp,https://www.lovethework.com/work/entries/knock-turn-772849
Spikes Asia,2026,Audio & Radio,audio-radio,WHEN THE EVERYDAY TURNS URGENT,ST JOHN WA,ST JOHN WA,Market Disruption,Submitted,https://ascentialcdn.filespin.io/api/v1/conversion/05047eca455c45d0b7a207b027ed0b00?quality=85&format=webp,https://www.lovethework.com/work/entries/when-the-everyday-turns-urgent-770845
Spikes Asia,2026,Audio & Radio,audio-radio,LOST CONVERSATIONS CAMPAIGN,MUSEUM FOUNDATION OF THE PHILIPPINES,TBWA\SMP,Cultural Engagement,Submitted,https://ascentialcdn.filespin.io/api/v1/storyboard/ce01813140bc4be6b3a0887353a5abfd/storyboard_000008.jpg?quality=85&format=webp,https://www.lovethework.com/work/entries/lost-conversations-campaign-770722
Spikes Asia,2026,Audio & Radio,audio-radio,「盗-TOH-」,TBS RADIO,"INC., TBS RADIO",Use of Audio & Radio as a Medium,Submitted,https://ascentialcdn.filespin.io/api/v1/storyboard/0323e51b4a124cbaa11db4155b4715d4/storyboard_000008.jpg?quality=85&format=webp,https://www.lovethework.com/work/entries/toh-769505
Spikes Asia,2026,Audio & Radio,audio-radio,LAST BROADCAST CAMPAIGN,KBP,"KAPISANAN NG MGA BRODKASTER NG PILIPINAS, TBWA\SMP",Breakthrough on a Budget,Submitted,https://ascentialcdn.filespin.io/api/v1/storyboard/84cc9a8abed849e8b85ac3cbf6851d4d/storyboard_000008.jpg?quality=85&format=webp,https://www.lovethework.com/work/entries/last-broadcast-campaign-770838
Spikes Asia,2026,Audio & Radio,audio-radio,THE CHANT OF THE NATION,MILO PHILIPPINES,OGILVY MANILA,Single-market Campaign,Submitted,https://ascentialcdn.filespin.io/api/v1/storyboard/0ad679e5cb6d4c63adf914c8f9f0a91b/storyboard_000008.jpg?quality=85&format=webp,https://www.lovethework.com/work/entries/the-chant-of-the-nation-771371
Spikes Asia,2026,Audio & Radio,audio-radio,SESSIONS WITHOUT BORDERS,POCOCHA,ENJIN TOKYO,Corporate Purpose & Social Responsibility,Submitted,https://ascentialcdn.filespin.io/api/v1/storyboard/2f7dc89f9ca94304967ac9e8fa896556/storyboard_000008.jpg?quality=85&format=webp,https://www.lovethework.com/work/entries/sessions-without-borders-769692
Spikes Asia,2026,Audio & Radio,audio-radio,FUTURES,MUSICIANS MAKING A DIFFERENCE,SUPERMASSIVE,Content Placement,Submitted,https://ascentialcdn.filespin.io/api/v1/storyboard/2e8d2262dc2243928e61f870c654ce07/storyboard_000008.jpg?quality=85&format=webp,https://www.lovethework.com/work/entries/futures-769543
Spikes Asia,2026,Audio & Radio,audio-radio,TIMELOOP,CALORIE MATE,DENTSU INC.,Script,Submitted,https://ascentialcdn.filespin.io/api/v1/storyboard/cfffc761c9e94a90b8eff8959a14b637/storyboard_000008.jpg?quality=85&format=webp,https://www.lovethework.com/work/entries/timeloop-769631
Spikes Asia,2026,Audio & Radio,audio-radio,FORGOTCAST,NIANGJIA BIOTECH,BREMEN DIGITAL CREATIVE,Cultural Engagement,Submitted,https://ascentialcdn.filespin.io/api/v1/storyboard/d7e38d8c772f460e8e74a0a019d16e8e/storyboard_000008.jpg?quality=85&format=webp,https://www.lovethework.com/work/entries/forgotcast-769732
Spikes Asia,2026,Audio & Radio,audio-radio,FORGOTCAST,NIANGJIA BIOTECH,BREMEN DIGITAL CREATIVE,Script,Submitted,https://ascentialcdn.filespin.io/api/v1/storyboard/d7e38d8c772f460e8e74a0a019d16e8e/storyboard_000008.jpg?quality=85&format=webp,https://www.lovethework.com/work/entries/forgotcast-770505
Spikes Asia,2026,Audio & Radio,audio-radio,THE SOUND OF STRENGTH,UNITEL,UNITEL,Use of Audio & Radio as a Medium,Submitted,https://ascentialcdn.filespin.io/api/v1/storyboard/822e41a081554d9aad27828279c52e37/storyboard_000008.jpg?quality=85&format=webp,https://www.lovethework.com/work/entries/the-sound-of-strength-769499
Spikes Asia,2026,Audio & Radio,audio-radio,"HEAR BELLS, THINK TACOS",TACO BELL,SUPERMASSIVE,"Travel, Leisure, Retail, Restaurants & Fast Food Chains",Submitted,https://ascentialcdn.filespin.io/api/v1/conversion/a8ca96b408bd4a8ba740175ac3efae76?quality=85&format=webp,https://www.lovethework.com/work/entries/hear-bells-think-tacos-770409
Spikes Asia,2026,Audio & Radio,audio-radio,FIRST CHAPTER CLUB,AUDIBLE INDIA,DEADANT MEDIA,Cultural Engagement,Submitted,https://ascentialcdn.filespin.io/api/v1/storyboard/197bf84da98d45c49c2fc7de03465ddc/storyboard_000008.jpg?quality=85&format=webp,https://www.lovethework.com/work/entries/first-chapter-club-771443
Spikes Asia,2026,Audio & Radio,audio-radio,THE SOUND OF STRENGTH,UNITEL,UNITEL,Social Behaviour,Submitted,https://ascentialcdn.filespin.io/api/v1/storyboard/822e41a081554d9aad27828279c52e37/storyboard_000008.jpg?quality=85&format=webp,https://www.lovethework.com/work/entries/the-sound-of-strength-770521
Spikes Asia,2026,Audio & Radio,audio-radio,HEARING 1945,BINGGRAE & THE MINISTRY OF PATRIOTS AND VETERANS AFFAIR,INNOCEAN,Sound Design,Submitted,https://ascentialcdn.filespin.io/api/v1/storyboard/b3699a401e33413f97f1dc4e8682ef8e/storyboard_000008.jpg?quality=85&format=webp,https://www.lovethework.com/work/entries/hearing-1945-773001
Spikes Asia,2026,Audio & Radio,audio-radio,LAST BROADCAST CAMPAIGN,KBP,"KAPISANAN NG MGA BRODKASTER NG PILIPINAS, TBWA\SMP",Use of Audio & Radio Technology,Submitted,https://ascentialcdn.filespin.io/api/v1/storyboard/84cc9a8abed849e8b85ac3cbf6851d4d/storyboard_000008.jpg?quality=85&format=webp,https://www.lovethework.com/work/entries/last-broadcast-campaign-770832
Spikes Asia,2026,Audio & Radio,audio-radio,LAST BRODCAST REX CORNELIO PEPINO,KBP,"KAPISANAN NG MGA BRODKASTER NG PILIPINAS, TBWA\SMP",Casting & Performance,Submitted,https://ascentialcdn.filespin.io/api/v1/storyboard/fd4f0bd1cd0743c88dc1a3f22b960f57/storyboard_000008.jpg?quality=85&format=webp,https://www.lovethework.com/work/entries/last-brodcast-rex-cornelio-pepino-771142
Spikes Asia,2026,Audio & Radio,audio-radio,TIMELOOP,CALORIE MATE,DENTSU INC.,Cultural Engagement,Submitted,https://ascentialcdn.filespin.io/api/v1/storyboard/cfffc761c9e94a90b8eff8959a14b637/storyboard_000008.jpg?quality=85&format=webp,https://www.lovethework.com/work/entries/timeloop-769707
Spikes Asia,2026,Audio & Radio,audio-radio,TIME LOOP,CALORIE MATE,DENTSU INC.,Use of Humour,Submitted,https://ascentialcdn.filespin.io/api/v1/storyboard/cfffc761c9e94a90b8eff8959a14b637/storyboard_000008.jpg?quality=85&format=webp,https://www.lovethework.com/work/entries/time-loop-769684
Spikes Asia,2026,Audio & Radio,audio-radio,AHHNTITHESIS,SPRITE,PT BERAKAR KOMUNIKASI,Consumer Goods,Submitted,https://ascentialcdn.filespin.io/api/v1/storyboard/04707a22a78845bea606f6be4ea2b23b/storyboard_000008.jpg?quality=85&format=webp,https://www.lovethework.com/work/entries/ahhntithesis-772850
Spikes Asia,2026,Audio & Radio,audio-radio,THE UNOFFICIAL OFFICIAL SOUND OF F1,STING,LEO,Use of Audio & Radio as a Medium,Submitted,https://ascentialcdn.filespin.io/api/v1/storyboard/ad2bed00db9e4a8c8fcec4d73a840934/storyboard_000008.jpg?quality=85&format=webp,https://www.lovethework.com/work/entries/the-unofficial-official-sound-of-f1-771298
Spikes Asia,2026,Audio & Radio,audio-radio,SAFE SOUND CHECK,PROJECT INCLUSION NETWORK,JAYME HEADQUARTERS,Use of Audio & Radio Technology,Submitted,https://ascentialcdn.filespin.io/api/v1/storyboard/992c020f5a7e40eca1f3fea4688e6ec1/storyboard_000008.jpg?quality=85&format=webp,https://www.lovethework.com/work/entries/safe-sound-check-769522
Spikes Asia,2026,Audio & Radio,audio-radio,PRAYKINSON,VAJIRA HOSPITAL,DENTSU CREATIVE THAILAND,Healthcare,Submitted,https://ascentialcdn.filespin.io/api/v1/storyboard/bc46456d45ad43edb216a8f655cc6182/storyboard_000008.jpg?quality=85&format=webp,https://www.lovethework.com/work/entries/praykinson-769742
Spikes Asia,2026,Audio & Radio,audio-radio,LOST CONVERSATIONS SOCIAL MEDIA,MUSEUM FOUNDATION OF THE PHILIPPINES,TBWA\SMP,Media/Entertainment,Submitted,https://ascentialcdn.filespin.io/api/v1/conversion/c2a17bba53c24f208b5958d90e3661b1?quality=85&format=webp,https://www.lovethework.com/work/entries/lost-conversations-social-media-773049
Spikes Asia,2026,Audio & Radio,audio-radio,KNOCK TURN,YAMAHA,DENTSU EAST JAPAN,Use of Music,Submitted,https://ascentialcdn.filespin.io/api/v1/storyboard/083bce5cfb77490d889ebb76e4b0c09e/storyboard_000008.jpg?quality=85&format=webp,https://www.lovethework.com/work/entries/knock-turn-769617
Spikes Asia,2026,Audio & Radio,audio-radio,LOST CONVERSATIONS EVENT,MUSEUM FOUNDATION OF THE PHILIPPINES,TBWA\SMP,Media/Entertainment,Submitted,https://ascentialcdn.filespin.io/api/v1/conversion/c2a17bba53c24f208b5958d90e3661b1?quality=85&format=webp,https://www.lovethework.com/work/entries/lost-conversations-event-770734
Spikes Asia,2026,Audio & Radio,audio-radio,SESSIONS WITHOUT BORDERS,POCOCHA,ENJIN TOKYO,Casting & Performance,Submitted,https://ascentialcdn.filespin.io/api/v1/storyboard/2f7dc89f9ca94304967ac9e8fa896556/storyboard_000008.jpg?quality=85&format=webp,https://www.lovethework.com/work/entries/sessions-without-borders-772848
Spikes Asia,2026,Audio & Radio,audio-radio,LAST BROADCAST CRIS BUNDOQUIN,KBP,"KAPISANAN NG MGA BRODKASTER NG PILIPINAS, TBWA\SMP",Casting & Performance,Submitted,https://ascentialcdn.filespin.io/api/v1/storyboard/0cf55d02f2014eecbd9c7182977ab68f/storyboard_000008.jpg?quality=85&format=webp,https://www.lovethework.com/work/entries/last-broadcast-cris-bundoquin-771131
Spikes Asia,2026,Audio & Radio,audio-radio,AHHNTITHESIS,SPRITE,PT BERAKAR KOMUNIKASI,Script,Submitted,https://ascentialcdn.filespin.io/api/v1/storyboard/04707a22a78845bea606f6be4ea2b23b/storyboard_000008.jpg?quality=85&format=webp,https://www.lovethework.com/work/entries/ahhntithesis-769642
Spikes Asia,2026,Audio & Radio,audio-radio,FIRST CHAPTER CLUB,AUDIBLE INDIA,DEADANT MEDIA,Use of Audio & Radio as a Medium,Submitted,https://ascentialcdn.filespin.io/api/v1/storyboard/197bf84da98d45c49c2fc7de03465ddc/storyboard_000008.jpg?quality=85&format=webp,https://www.lovethework.com/work/entries/first-chapter-club-771206
Spikes Asia,2026,Audio & Radio,audio-radio,FORGOTCAST,NIANGJIA BIOTECH,BREMEN DIGITAL CREATIVE,Branded Content/Podcasts,Submitted,https://ascentialcdn.filespin.io/api/v1/storyboard/d7e38d8c772f460e8e74a0a019d16e8e/storyboard_000008.jpg?quality=85&format=webp,https://www.lovethework.com/work/entries/forgotcast-769529
Spikes Asia,2026,Audio & Radio,audio-radio,SESSIONS WITHOUT BORDERS,POCOCHA,ENJIN TOKYO,Use of Music,Submitted,https://ascentialcdn.filespin.io/api/v1/storyboard/2f7dc89f9ca94304967ac9e8fa896556/storyboard_000008.jpg?quality=85&format=webp,https://www.lovethework.com/work/entries/sessions-without-borders-769627
Spikes Asia,2026,Audio & Radio,audio-radio,TIME LOOP,CALORIE MATE,DENTSU INC.,Social Behaviour,Submitted,https://ascentialcdn.filespin.io/api/v1/storyboard/cfffc761c9e94a90b8eff8959a14b637/storyboard_000008.jpg?quality=85&format=webp,https://www.lovethework.com/work/entries/time-loop-769662
Spikes Asia,2026,Brand Experience & Activation,brand-experience-activation,DARESCORE,MOUNTAIN DEW,LEO,Tech-led Brand Experience,Grand Prix,https://ascentialcdn.filespin.io/api/v1/conversion/2d017b7a37f1456db0d330ecec745d14?quality=85&format=webp,https://www.lovethework.com/work/entries/darescore-771179
Spikes Asia,2026,Brand Experience & Activation,brand-experience-activation,ACKO TAILOR,ACKO GENERAL INSURANCE LIMITED,LEO,Cultural Engagement,Gold,https://ascentialcdn.filespin.io/api/v1/conversion/e82941d6ae59462c8a4b451cb2aed8ed?quality=85&format=webp,https://www.lovethework.com/work/entries/acko-tailor-772590
Spikes Asia,2026,Brand Experience & Activation,brand-experience-activation,MEET ME AT THE COKE SIGN,COCA-COLA,OGILVY,Single-market Campaign,Gold,https://ascentialcdn.filespin.io/api/v1/conversion/51c67d4b2f594be59e5c4f25a7546cb4?quality=85&format=webp,https://www.lovethework.com/work/entries/meet-me-at-the-coke-sign-769898
Spikes Asia,2026,Brand Experience & Activation,brand-experience-activation,BACK TO KAI TAK,CATHAY,LEO HONG KONG,Single-market Campaign,Gold,https://ascentialcdn.filespin.io/api/v1/conversion/49df638fcc8343c2bef42b85c1e6dbd5?quality=85&format=webp,https://www.lovethework.com/work/entries/back-to-kai-tak-770923
Spikes Asia,2026,Brand Experience & Activation,brand-experience-activation,HAVEN,SUNCORP INSURANCE,LEO,Use of Website/Microsites,Gold,https://ascentialcdn.filespin.io/api/v1/conversion/38000eb916d94ba39db8dfb9b2409438?quality=85&format=webp,https://www.lovethework.com/work/entries/haven-771214
Spikes Asia,2026,Brand Experience & Activation,brand-experience-activation,THE HARD RATED HOMECOMING,HARD RATED,"DROGA5 ANZ, PART OF ACCENTURE SONG",Retail Promotions & Competitions,Silver,https://ascentialcdn.filespin.io/api/v1/conversion/865933a87a254276bfcf00c405ed0ff4?quality=85&format=webp,https://www.lovethework.com/work/entries/the-hard-rated-homecoming-770595
Spikes Asia,2026,Brand Experience & Activation,brand-experience-activation,SAFE SKETCH,SAVE THE CHILDREN,CHEIL HONG KONG,Use of Mobile & Devices,Silver,https://ascentialcdn.filespin.io/api/v1/conversion/991e49a6692f4e8fb5deba0b937366de?quality=85&format=webp,https://www.lovethework.com/work/entries/safe-sketch-769842
Spikes Asia,2026,Brand Experience & Activation,brand-experience-activation,THE LAWS OF CRICKET,VICTORIA BITTER,"DROGA5 ANZ, PART OF ACCENTURE SONG",Consumer Goods,Silver,https://ascentialcdn.filespin.io/api/v1/conversion/4b360dd2d97d4af19e11efbe1aa8b783?quality=85&format=webp,https://www.lovethework.com/work/entries/the-laws-of-cricket-771195
Spikes Asia,2026,Brand Experience & Activation,brand-experience-activation,THE KILOMETER LOYALTY EXCHANGE,HONDA,TU7UH CREATIVE LAB,Customer Acquisition & Retention,Silver,https://ascentialcdn.filespin.io/api/v1/conversion/4cd9eb497dda4b658e3b54520e095905?quality=85&format=webp,https://www.lovethework.com/work/entries/the-kilometer-loyalty-exchange-772586
Spikes Asia,2026,Brand Experience & Activation,brand-experience-activation,SKINNY FOR LIFE,SKINNY,COLENSO BBDO,Tech-led Brand Experience,Silver,https://ascentialcdn.filespin.io/api/v1/conversion/c09ad0c19770401cb05879c3ea02aecd?quality=85&format=webp,https://www.lovethework.com/work/entries/skinny-for-life-771169
Spikes Asia,2026,Brand Experience & Activation,brand-experience-activation,HAVEN,SUNCORP INSURANCE,LEO,Corporate Purpose & Social Responsibility,Silver,https://ascentialcdn.filespin.io/api/v1/conversion/eef4bede4b484e59a72889a64dcdcc39?quality=85&format=webp,https://www.lovethework.com/work/entries/haven-772582
Spikes Asia,2026,Brand Experience & Activation,brand-experience-activation,HONDA REST AREA,HONDA,TU7UH CREATIVE LAB,Corporate Purpose & Social Responsibility,Bronze,https://ascentialcdn.filespin.io/api/v1/conversion/4ab3c4fe5baf435ea35ab8dac43093d1?quality=85&format=webp,https://www.lovethework.com/work/entries/honda-rest-area-769788
Spikes Asia,2026,Brand Experience & Activation,brand-experience-activation,CHEAT CODES,MERCURY,FCB NEW ZEALAND,Use of Mobile & Devices,Bronze,https://ascentialcdn.filespin.io/api/v1/conversion/b308a59815be454a828e22d48df72788?quality=85&format=webp,https://www.lovethework.com/work/entries/cheat-codes-770565
Spikes Asia,2026,Brand Experience & Activation,brand-experience-activation,DALAH’S SPOILER BILLBOARD,NETFLIX THAILAND,VML,Guerrilla Marketing & Stunts,Bronze,https://ascentialcdn.filespin.io/api/v1/conversion/d2548b5c58d14cdaa86c2df430ffec9c?quality=85&format=webp,https://www.lovethework.com/work/entries/dalahs-spoiler-billboard-769863
Spikes Asia,2026,Brand Experience & Activation,brand-experience-activation,ACKO TAILOR,ACKO GENERAL INSURANCE LIMITED,LEO,Social Behaviour,Bronze,https://ascentialcdn.filespin.io/api/v1/conversion/e82941d6ae59462c8a4b451cb2aed8ed?quality=85&format=webp,https://www.lovethework.com/work/entries/acko-tailor-772581
Spikes Asia,2026,Brand Experience & Activation,brand-experience-activation,THE WORST CHILDREN'S LIBRARY,SAMSUNG NZ,MCCANN NEW ZEALAND,Social Behaviour,Bronze,https://ascentialcdn.filespin.io/api/v1/conversion/92adc488ec0240ac939ad04662f73311?quality=85&format=webp,https://www.lovethework.com/work/entries/the-worst-childrens-library-769866
Spikes Asia,2026,Brand Experience & Activation,brand-experience-activation,SUMO,DUOLINGO,ULTRASUPERNEW,Live Brand Experience or Activation,Bronze,https://ascentialcdn.filespin.io/api/v1/conversion/8a72fecdae6147f08202e57a1a563fa2?quality=85&format=webp,https://www.lovethework.com/work/entries/sumo-770954
Spikes Asia,2026,Brand Experience & Activation,brand-experience-activation,KARANGAHAPE RETURNS,KARANGAHAPE BUSINESS ASSOCIATION,MOTION SICKNESS,Customer Acquisition & Retention,Bronze,https://ascentialcdn.filespin.io/api/v1/conversion/5b68e69454ec42ca8a76a153ce713029?quality=85&format=webp,https://www.lovethework.com/work/entries/karangahape-returns-770799
Spikes Asia,2026,Brand Experience & Activation,brand-experience-activation,CHAI BANSURI - THE TEA FLUTE,BROOKE BOND TAJ MAHAL TEA,OGILVY,Local Brand,Bronze,https://ascentialcdn.filespin.io/api/v1/conversion/b79b43804eae486ea54374794321d26f?quality=85&format=webp,https://www.lovethework.com/work/entries/chai-bansuri-the-tea-flute-770553
Spikes Asia,2026,Brand Experience & Activation,brand-experience-activation,BACK TO KAI TAK,CATHAY,LEO HONG KONG,Live Brand Experience or Activation,Bronze,https://ascentialcdn.filespin.io/api/v1/conversion/49df638fcc8343c2bef42b85c1e6dbd5?quality=85&format=webp,https://www.lovethework.com/work/entries/back-to-kai-tak-770959
Spikes Asia,2026,Brand Experience & Activation,brand-experience-activation,HEINEKEN TRUST BARS,HEINEKEN,LEPUB,Customer Retail/In-store Experience,Bronze,https://ascentialcdn.filespin.io/api/v1/conversion/b88a9669ca90417ebddf25d1e8cef9d7?quality=85&format=webp,https://www.lovethework.com/work/entries/heineken-trust-bars-770780
Spikes Asia,2026,Brand Experience & Activation,brand-experience-activation,ONE NOODLE,HARAKU RAMEN,BLKJ HAVAS,Gaming-Led Brand Experience,Bronze,https://ascentialcdn.filespin.io/api/v1/conversion/f43a17e513764061a27d43ded5b71d1d?quality=85&format=webp,https://www.lovethework.com/work/entries/one-noodle-769909
Spikes Asia,2026,Brand Experience & Activation,brand-experience-activation,DARESCORE,MOUNTAIN DEW,LEO,Single-market Campaign,Bronze,https://ascentialcdn.filespin.io/api/v1/conversion/2d017b7a37f1456db0d330ecec745d14?quality=85&format=webp,https://www.lovethework.com/work/entries/darescore-771258
Spikes Asia,2026,Brand Experience & Activation,brand-experience-activation,BARELY NOTICEABLE PROMOTIONS,BUDWEISER,BUDWEISER CHINA,Retail Promotions & Competitions,Bronze,https://ascentialcdn.filespin.io/api/v1/conversion/a750c6f1e4b04000a4f25d4b3e62b201?quality=85&format=webp,https://www.lovethework.com/work/entries/barely-noticeable-promotions-769867
Spikes Asia,2026,Brand Experience & Activation,brand-experience-activation,FOUND IN THE SHADOWS,MCDONALD'S,LEO,Customer Retail/In-store Experience,Shortlist,https://ascentialcdn.filespin.io/api/v1/conversion/c203e1cbaddb4c529bd3a5db202e729b?quality=85&format=webp,https://www.lovethework.com/work/entries/found-in-the-shadows-770773
Spikes Asia,2026,Brand Experience & Activation,brand-experience-activation,BOX TO BEDS,AMAZON,OGILVY,Corporate Purpose & Social Responsibility,Shortlist,https://ascentialcdn.filespin.io/api/v1/conversion/844f30e20f794839a1c9a1d331dfa5e1?quality=85&format=webp,https://www.lovethework.com/work/entries/box-to-beds-770559
Spikes Asia,2026,Brand Experience & Activation,brand-experience-activation,TRACES OF TRANCE,SHISEIDO CO.,SHISEIDO CREATIVE,Cultural Engagement,Shortlist,https://ascentialcdn.filespin.io/api/v1/conversion/58538a6642244d1985cb555f35f14f73?quality=85&format=webp,https://www.lovethework.com/work/entries/traces-of-trance-771416
Spikes Asia,2026,Brand Experience & Activation,brand-experience-activation,THE WORST CHILDREN'S LIBRARY,SAMSUNG NZ,MCCANN NEW ZEALAND,Live Brand Experience or Activation,Shortlist,https://ascentialcdn.filespin.io/api/v1/conversion/92adc488ec0240ac939ad04662f73311?quality=85&format=webp,https://www.lovethework.com/work/entries/the-worst-childrens-library-772589
Spikes Asia,2026,Brand Experience & Activation,brand-experience-activation,ONE NOODLE,HARAKU RAMEN,BLKJ HAVAS,Challenger Brand,Shortlist,https://ascentialcdn.filespin.io/api/v1/conversion/f43a17e513764061a27d43ded5b71d1d?quality=85&format=webp,https://www.lovethework.com/work/entries/one-noodle-772587
Spikes Asia,2026,Brand Experience & Activation,brand-experience-activation,CHEAT CODES,MERCURY,FCB NEW ZEALAND,Retail Promotions & Competitions,Shortlist,https://ascentialcdn.filespin.io/api/v1/conversion/b308a59815be454a828e22d48df72788?quality=85&format=webp,https://www.lovethework.com/work/entries/cheat-codes-772598
Spikes Asia,2026,Brand Experience & Activation,brand-experience-activation,BACK TO KAI TAK,CATHAY,LEO HONG KONG,"Travel, Leisure, Retail, Restaurants & Fast Food Chains",Shortlist,https://ascentialcdn.filespin.io/api/v1/conversion/49df638fcc8343c2bef42b85c1e6dbd5?quality=85&format=webp,https://www.lovethework.com/work/entries/back-to-kai-tak-772595
Spikes Asia,2026,Brand Experience & Activation,brand-experience-activation,ONE NOODLE,HARAKU RAMEN,BLKJ HAVAS,Launch/Relaunch,Shortlist,https://ascentialcdn.filespin.io/api/v1/conversion/f43a17e513764061a27d43ded5b71d1d?quality=85&format=webp,https://www.lovethework.com/work/entries/one-noodle-769902
Spikes Asia,2026,Brand Experience & Activation,brand-experience-activation,GARUDA RAKSHAK,DSP MUTUAL FUNDS,DENTSU CREATIVE,New Realities & Emerging Tech,Shortlist,https://ascentialcdn.filespin.io/api/v1/conversion/fd608adb8feb426fab936573ef6661c0?quality=85&format=webp,https://www.lovethework.com/work/entries/garuda-rakshak-769905
Spikes Asia,2026,Brand Experience & Activation,brand-experience-activation,THE MISPRONOUNCED HEINZ,HEINZ,SHOOTING STELLAR COMPANY,360 Integrated Brand Experience,Shortlist,https://ascentialcdn.filespin.io/api/v1/conversion/84619e7b7d5a4ea3a861bb43e371454b?quality=85&format=webp,https://www.lovethework.com/work/entries/the-mispronounced-heinz-769796
Spikes Asia,2026,Brand Experience & Activation,brand-experience-activation,BARELY NOTICEABLE PROMOTIONS,BUDWEISER,BUDWEISER CHINA,Launch/Relaunch,Shortlist,https://ascentialcdn.filespin.io/api/v1/conversion/a750c6f1e4b04000a4f25d4b3e62b201?quality=85&format=webp,https://www.lovethework.com/work/entries/barely-noticeable-promotions-769913
Spikes Asia,2026,Brand Experience & Activation,brand-experience-activation,GAMIFRIES,MCDONALD'S,BBH SINGAPORE,Breakthrough on a Budget,Shortlist,https://ascentialcdn.filespin.io/api/v1/conversion/611b257441894808a5f211d854334b81?quality=85&format=webp,https://www.lovethework.com/work/entries/gamifries-771096
Spikes Asia,2026,Brand Experience & Activation,brand-experience-activation,WHISKAS® LOCATOR,WHISKAS®,OGENCY,Consumer Goods,Shortlist,https://ascentialcdn.filespin.io/api/v1/conversion/b17ca1ce481f4b2d8923b824bb4fa5ae?quality=85&format=webp,https://www.lovethework.com/work/entries/whiskas-locator-769609
Spikes Asia,2026,Brand Experience & Activation,brand-experience-activation,HYAKUYOZU - UNFOLDING PATTERNS OF A HUNDRED WONDERS｜DAIMARU MATSUZAKAYA DEPARTMENT STORES,DAIMARU MATSUZAKAYA DEPARTMENT STORES,DAIMARU MATSUZAKAYA DEPARTMENT STORES,Use of Website/Microsites,Shortlist,https://ascentialcdn.filespin.io/api/v1/conversion/d8d990f9a673497e9a76295c5288fbe9?quality=85&format=webp,https://www.lovethework.com/work/entries/hyakuyozu-unfolding-patterns-of-a-hundred-wondersdaimaru-matsuzakaya-department-stores-769881
Spikes Asia,2026,Brand Experience & Activation,brand-experience-activation,GAMIFRIES,MCDONALD'S,BBH SINGAPORE,Guerrilla Marketing & Stunts,Shortlist,https://ascentialcdn.filespin.io/api/v1/conversion/611b257441894808a5f211d854334b81?quality=85&format=webp,https://www.lovethework.com/work/entries/gamifries-771139
Spikes Asia,2026,Brand Experience & Activation,brand-experience-activation,TOXIC BACKFIRE,SAMSUNG,CHEIL PENGTAI BEIJING,Gaming-Led Brand Experience,Shortlist,https://ascentialcdn.filespin.io/api/v1/conversion/de25773a856041d1ac037682e229dc01?quality=85&format=webp,https://www.lovethework.com/work/entries/toxic-backfire-769772
Spikes Asia,2026,Brand Experience & Activation,brand-experience-activation,LEGO YELLOW HOUSE,LEGO,OUR LEGO AGENCY,Consumer Goods,Shortlist,https://ascentialcdn.filespin.io/api/v1/conversion/5ddbe38e5c1540419251381ffa304576?quality=85&format=webp,https://www.lovethework.com/work/entries/lego-yellow-house-769764
Spikes Asia,2026,Brand Experience & Activation,brand-experience-activation,FOUND IN THE SHADOWS,MCDONALD'S,LEO,"Travel, Leisure, Retail, Restaurants & Fast Food Chains",Shortlist,https://ascentialcdn.filespin.io/api/v1/conversion/c203e1cbaddb4c529bd3a5db202e729b?quality=85&format=webp,https://www.lovethework.com/work/entries/found-in-the-shadows-770744
Spikes Asia,2026,Brand Experience & Activation,brand-experience-activation,THE 1/2 PARFAIT,DENNY’S JAPAN CO.,"LTD., I&S BBDO",Social Behaviour,Shortlist,https://ascentialcdn.filespin.io/api/v1/conversion/62f7d3bbada843f18c53d321aefb9add?quality=85&format=webp,https://www.lovethework.com/work/entries/the-12-parfait-769848
Spikes Asia,2026,Brand Experience & Activation,brand-experience-activation,INTO ART,TELSTRA,+61,Sponsorship & Brand Partnerships,Shortlist,https://ascentialcdn.filespin.io/api/v1/conversion/23bdbb0a20d440bfb57e1e9dd6d322e1?quality=85&format=webp,https://www.lovethework.com/work/entries/into-art-772585
Spikes Asia,2026,Brand Experience & Activation,brand-experience-activation,SAFE SKETCH,SAVE THE CHILDREN,CHEIL HONG KONG,Not-for-profit / Charity / Government,Shortlist,https://ascentialcdn.filespin.io/api/v1/conversion/991e49a6692f4e8fb5deba0b937366de?quality=85&format=webp,https://www.lovethework.com/work/entries/safe-sketch-772599
Spikes Asia,2026,Brand Experience & Activation,brand-experience-activation,OREO MILKY WAY DUNK,OREO,LEO INDONESIA,Use of Humour,Shortlist,https://ascentialcdn.filespin.io/api/v1/conversion/d33c5d7be31741ed8374d2828c6a6c1a?quality=85&format=webp,https://www.lovethework.com/work/entries/oreo-milky-way-dunk-771058
Spikes Asia,2026,Brand Experience & Activation,brand-experience-activation,WHISKAS® LOCATOR,WHISKAS®,OGENCY,360 Integrated Brand Experience,Shortlist,https://ascentialcdn.filespin.io/api/v1/conversion/b17ca1ce481f4b2d8923b824bb4fa5ae?quality=85&format=webp,https://www.lovethework.com/work/entries/whiskas-locator-772584
Spikes Asia,2026,Brand Experience & Activation,brand-experience-activation,THING IN SEOUL,NETFLIX SERVICES KOREA,CHEIL WORLDWIDE,Launch/Relaunch,Shortlist,https://ascentialcdn.filespin.io/api/v1/conversion/1646351185e74476a876fa5602a6f18b?quality=85&format=webp,https://www.lovethework.com/work/entries/thing-in-seoul-769773
Spikes Asia,2026,Brand Experience & Activation,brand-experience-activation,COMMUTER CAMO,KITKAT,VML,Market Disruption,Shortlist,https://ascentialcdn.filespin.io/api/v1/conversion/d00cd4ed1ba547c59d22535e61aff327?quality=85&format=webp,https://www.lovethework.com/work/entries/commuter-camo-772583
Spikes Asia,2026,Brand Experience & Activation,brand-experience-activation,THE GREAT IN-GAME WEDDING,BATTLEGROUND MOBILE INDIA,22FEET TRIBAL WORLDWIDE,Gaming-Led Brand Experience,Shortlist,https://ascentialcdn.filespin.io/api/v1/conversion/66627bfaf8fb4262b3183c414604c7a0?quality=85&format=webp,https://www.lovethework.com/work/entries/the-great-in-game-wedding-771042
Spikes Asia,2026,Brand Experience & Activation,brand-experience-activation,HEINEKEN STARRING BARS,HEINEKEN,LEPUB,Corporate Purpose & Social Responsibility,Shortlist,https://ascentialcdn.filespin.io/api/v1/conversion/f9b474c037df4cfabc83ec05aa292f8f?quality=85&format=webp,https://www.lovethework.com/work/entries/heineken-starring-bars-770851
Spikes Asia,2026,Brand Experience & Activation,brand-experience-activation,SUMO STOPS,PLAYSTATION 5,ATALI,Digital Installations,Shortlist,https://ascentialcdn.filespin.io/api/v1/conversion/c96ceb7e81844fbebf5cd9effcf52a3b?quality=85&format=webp,https://www.lovethework.com/work/entries/sumo-stops-772594
Spikes Asia,2026,Brand Experience & Activation,brand-experience-activation,SAFE SKETCH,SAVE THE CHILDREN,CHEIL HONG KONG,Social Behaviour,Shortlist,https://ascentialcdn.filespin.io/api/v1/conversion/991e49a6692f4e8fb5deba0b937366de?quality=85&format=webp,https://www.lovethework.com/work/entries/safe-sketch-769787
Spikes Asia,2026,Brand Experience & Activation,brand-experience-activation,CAMP IRL,HIGH PEAK OUTDOOR,DENTSU CREATIVE,Gaming-Led Brand Experience,Shortlist,https://ascentialcdn.filespin.io/api/v1/conversion/336c6b35a9ed4dd4abaebe46ceece809?quality=85&format=webp,https://www.lovethework.com/work/entries/camp-irl-771349
Spikes Asia,2026,Brand Experience & Activation,brand-experience-activation,THE GREAT IN-GAME WEDDING,BATTLEGROUND MOBILE INDIA,22FEET TRIBAL WORLDWIDE,Cultural Engagement,Shortlist,https://ascentialcdn.filespin.io/api/v1/conversion/66627bfaf8fb4262b3183c414604c7a0?quality=85&format=webp,https://www.lovethework.com/work/entries/the-great-in-game-wedding-771025
Spikes Asia,2026,Brand Experience & Activation,brand-experience-activation,THE CEO DEEPFAKE,AUCKLAND SAVINGS BANK,"DROGA5 ANZ, PART OF ACCENTURE SONG",New Realities & Emerging Tech,Shortlist,https://ascentialcdn.filespin.io/api/v1/conversion/be72ff0a94894015930abeac17deef4e?quality=85&format=webp,https://www.lovethework.com/work/entries/the-ceo-deepfake-770576
Spikes Asia,2026,Brand Experience & Activation,brand-experience-activation,THE UNOFFICIAL OFFICIAL SOUND OF F1,STING,LEO,Challenger Brand,Shortlist,https://ascentialcdn.filespin.io/api/v1/conversion/6c4f14e9c5e949e3b8460302dc1d5a96?quality=85&format=webp,https://www.lovethework.com/work/entries/the-unofficial-official-sound-of-f1-771318
Spikes Asia,2026,Brand Experience & Activation,brand-experience-activation,A.I. IRRESPONSIBLY,BREWLANDER,BLKJ HAVAS,Challenger Brand,Shortlist,https://ascentialcdn.filespin.io/api/v1/conversion/74c0ab4b898e40b5b74bf9f34540f4aa?quality=85&format=webp,https://www.lovethework.com/work/entries/ai-irresponsibly-770815
Spikes Asia,2026,Brand Experience & Activation,brand-experience-activation,HEINEKEN STARRING BARS,HEINEKEN,LEPUB,Consumer Goods,Shortlist,https://ascentialcdn.filespin.io/api/v1/conversion/f9b474c037df4cfabc83ec05aa292f8f?quality=85&format=webp,https://www.lovethework.com/work/entries/heineken-starring-bars-770833
Spikes Asia,2026,Brand Experience & Activation,brand-experience-activation,BEST AFTER 2055,TAKAMATSU CITY,SHISEIDO CREATIVE,Cultural Engagement,Shortlist,https://ascentialcdn.filespin.io/api/v1/conversion/fe2abe1fa4ad48898f91c095aac86250?quality=85&format=webp,https://www.lovethework.com/work/entries/best-after-2055-772591
Spikes Asia,2026,Brand Experience & Activation,brand-experience-activation,VOICE OF FOOD,AJINOMOTO CO.,DENTSU INC.,Corporate Purpose & Social Responsibility,Shortlist,https://ascentialcdn.filespin.io/api/v1/storyboard/4f04f56e9e2d4754b5a7a2b980a2db34/storyboard_000008.jpg?quality=85&format=webp,https://www.lovethework.com/work/entries/voice-of-food-772588
Spikes Asia,2026,Brand Experience & Activation,brand-experience-activation,THE UNOFFICIAL OFFICIAL SOUND OF F1,STING,LEO,Sponsorship & Brand Partnerships,Shortlist,https://ascentialcdn.filespin.io/api/v1/conversion/6c4f14e9c5e949e3b8460302dc1d5a96?quality=85&format=webp,https://www.lovethework.com/work/entries/the-unofficial-official-sound-of-f1-771327
Spikes Asia,2026,Brand Experience & Activation,brand-experience-activation,CELCOMDIGI,CELCOMDIGI,CELCOMDIGI,Consumer Services/Business to Business,Submitted,https://ascentialcdn.filespin.io/api/v1/conversion/71821c8eadde46979060d0e4971f0e7b?quality=85&format=webp,https://www.lovethework.com/work/entries/celcomdigi-771475
Spikes Asia,2026,Brand Experience & Activation,brand-experience-activation,IMMERSIVE ACTIVATION OF “KANDO”,YAMAHA,AMANA,Launch/Relaunch,Submitted,https://ascentialcdn.filespin.io/api/v1/conversion/3d617a07fbf841ebb268d5cfe91a519d?quality=85&format=webp,https://www.lovethework.com/work/entries/immersive-activation-of-kando-769911
Spikes Asia,2026,Brand Experience & Activation,brand-experience-activation,THE IRL TABLE,MCDONALD'S,LEO,Social Behaviour,Submitted,https://ascentialcdn.filespin.io/api/v1/conversion/66407b10a7364d95b874b9aedb77f764?quality=85&format=webp,https://www.lovethework.com/work/entries/the-irl-table-770828
Spikes Asia,2026,Brand Experience & Activation,brand-experience-activation,FIRST CHAPTER CLUB,AUDIBLE INDIA,DEADANT MEDIA,Cultural Engagement,Submitted,https://ascentialcdn.filespin.io/api/v1/conversion/cb09f388be73402a9ca608330e951930?quality=85&format=webp,https://www.lovethework.com/work/entries/first-chapter-club-771471
Spikes Asia,2026,Brand Experience & Activation,brand-experience-activation,FLIPKART- LINE SEVAK,FLIPKART,McCANN INDIA,Cultural Engagement,Submitted,https://ascentialcdn.filespin.io/api/v1/conversion/ccff06640f764678a6b8ddc4e11d66de?quality=85&format=webp,https://www.lovethework.com/work/entries/flipkart-line-sevak-771275
Spikes Asia,2026,Brand Experience & Activation,brand-experience-activation,SAKURA SCAN,KIRIN BEER,KIRIN BREWERY COMPANY,Corporate Purpose & Social Responsibility,Submitted,https://ascentialcdn.filespin.io/api/v1/conversion/1de049ba98d24b558834c6067c5802b0?quality=85&format=webp,https://www.lovethework.com/work/entries/sakura-scan-770850
Spikes Asia,2026,Brand Experience & Activation,brand-experience-activation,PLAYBOARDS,PEPSI,BBDO PAKISTAN,Live Brand Experience or Activation,Submitted,https://ascentialcdn.filespin.io/api/v1/conversion/87a67097a190400f96451d222b15b497?quality=85&format=webp,https://www.lovethework.com/work/entries/playboards-770870
Spikes Asia,2026,Brand Experience & Activation,brand-experience-activation,HEARING 1945,BINGGRAE & THE MINISTRY OF PATRIOTS AND VETERANS AFFAIR,INNOCEAN,Tech-led Brand Experience,Submitted,https://ascentialcdn.filespin.io/api/v1/conversion/183cbd8bcef44556bd724657555b1986?quality=85&format=webp,https://www.lovethework.com/work/entries/hearing-1945-773003
Spikes Asia,2026,Brand Experience & Activation,brand-experience-activation,ITC SUNFEAST DARK FANTASY - BIG FANTASIES,ITC LIMITED - SUNFEAST DARK FANTASY,IMPACT COMMUNICATIONS,Digital Installations,Submitted,https://ascentialcdn.filespin.io/api/v1/conversion/d75e482888ab4beb837e5537d4367cbb?quality=85&format=webp,https://www.lovethework.com/work/entries/itc-sunfeast-dark-fantasy-big-fantasies-771435
Spikes Asia,2026,Brand Experience & Activation,brand-experience-activation,BEER HOLDER,BLUE GIRL,AB INBEV,Customer Retail/In-store Experience,Submitted,https://ascentialcdn.filespin.io/api/v1/conversion/01472e4eb9064a4ea45f4c7e63d3cc10?quality=85&format=webp,https://www.lovethework.com/work/entries/beer-holder-771356
Spikes Asia,2026,Brand Experience & Activation,brand-experience-activation,"VASELINE VERIFIED ""VERY THAI""",VASELINE,BRILLIANT & MILLION,Cultural Engagement,Submitted,https://ascentialcdn.filespin.io/api/v1/conversion/9178051112814ad7a116beec1595522c?quality=85&format=webp,https://www.lovethework.com/work/entries/vaseline-verified-very-thai-769897
Spikes Asia,2026,Brand Experience & Activation,brand-experience-activation,LIGHTING UP CANNABIS CULTURE,HELL PIZZA,YARN,Retail Promotions & Competitions,Submitted,https://ascentialcdn.filespin.io/api/v1/conversion/6e5fd514e65b486aae67fed5a02d9131?quality=85&format=webp,https://www.lovethework.com/work/entries/lighting-up-cannabis-culture-772883
Spikes Asia,2026,Brand Experience & Activation,brand-experience-activation,THE ELEMENTAL PAVILION -A PAVILION THAT RETURNS TO NATURE-,SUNTORY HOLDINGS LIMITED × DAIKIN INDUSTRIES,"LTD., DENTSU INC.",Live Brand Experience or Activation,Submitted,https://ascentialcdn.filespin.io/api/v1/conversion/7506c911b9ab46a99959741ee610c878?quality=85&format=webp,https://www.lovethework.com/work/entries/the-elemental-pavilion-a-pavilion-that-returns-to-nature-769779
Spikes Asia,2026,Brand Experience & Activation,brand-experience-activation,SUGAR LIQUIDATION SALE™,LONG WHITE,"DROGA5 ANZ, PART OF ACCENTURE SONG",Use of Humour,Submitted,https://ascentialcdn.filespin.io/api/v1/conversion/00f8cd4c425c4df5ac3a6655723f9344?quality=85&format=webp,https://www.lovethework.com/work/entries/sugar-liquidation-sale-770641
Spikes Asia,2026,Brand Experience & Activation,brand-experience-activation,HAT-JACKING 711’S BIRTHDAY,TAIWAN FAMILYMART CO.,"LTD., HUMANOID SOCIAL MEDIA CONSULTING",Challenger Brand,Submitted,https://ascentialcdn.filespin.io/api/v1/conversion/66d9b27ee1314d51a10fe94de25e7de6?quality=85&format=webp,https://www.lovethework.com/work/entries/hat-jacking-711s-birthday-769847
Spikes Asia,2026,Brand Experience & Activation,brand-experience-activation,RETRATO,ENSURE GOLD,SEVEN AD,Healthcare,Submitted,https://ascentialcdn.filespin.io/api/v1/conversion/90fbc97a90a940a0b79b1800eaf0ad4d?quality=85&format=webp,https://www.lovethework.com/work/entries/retrato-770731
Spikes Asia,2026,Brand Experience & Activation,brand-experience-activation,CANAL OF TEARS,NETFLIX,GIGIL,Media/Entertainment,Submitted,https://ascentialcdn.filespin.io/api/v1/conversion/7489b4516d134d27930baf73b79d91b0?quality=85&format=webp,https://www.lovethework.com/work/entries/canal-of-tears-769671
Spikes Asia,2026,Brand Experience & Activation,brand-experience-activation,THE HUNGRY GAMES,SNICKERS,MIND SPARK,Consumer Goods,Submitted,https://ascentialcdn.filespin.io/api/v1/conversion/2fd1467813c4441a83df472525db8010?quality=85&format=webp,https://www.lovethework.com/work/entries/the-hungry-games-771112
Spikes Asia,2026,Brand Experience & Activation,brand-experience-activation,PLAYBOARDS,PEPSI,BBDO PAKISTAN,Corporate Purpose & Social Responsibility,Submitted,https://ascentialcdn.filespin.io/api/v1/conversion/87a67097a190400f96451d222b15b497?quality=85&format=webp,https://www.lovethework.com/work/entries/playboards-770964
Spikes Asia,2026,Brand Experience & Activation,brand-experience-activation,CAN'T AFFORD TO PAUSE,KBANK,ADQUA,Consumer Services/Business to Business,Submitted,https://ascentialcdn.filespin.io/api/v1/conversion/eae3191806584afea136fd6b112fc641?quality=85&format=webp,https://www.lovethework.com/work/entries/cant-afford-to-pause-769790
Spikes Asia,2026,Brand Experience & Activation,brand-experience-activation,FIRST CHAPTER CLUB,AUDIBLE INDIA,DEADANT MEDIA,Live Brand Experience or Activation,Submitted,https://ascentialcdn.filespin.io/api/v1/conversion/cb09f388be73402a9ca608330e951930?quality=85&format=webp,https://www.lovethework.com/work/entries/first-chapter-club-771451
Spikes Asia,2026,Brand Experience & Activation,brand-experience-activation,UV LYNC,ULTRAVIOLETTE AUTOMOTIVE PRIVATE LIMITED,TGTHR,Challenger Brand,Submitted,https://ascentialcdn.filespin.io/api/v1/conversion/14a14ac3d1524791a5197666a0d6094c?quality=85&format=webp,https://www.lovethework.com/work/entries/uv-lync-770671
Spikes Asia,2026,Brand Experience & Activation,brand-experience-activation,MCDONALD'S X SQUID GAME: DARE TO PLAY,MCDONALD'S AUSTRALIA,AKCELO,Sponsorship & Brand Partnerships,Submitted,https://ascentialcdn.filespin.io/api/v1/conversion/31afc6d4a44946a389f443b829649d14?quality=85&format=webp,https://www.lovethework.com/work/entries/mcdonalds-x-squid-game-dare-to-play-771473
Spikes Asia,2026,Brand Experience & Activation,brand-experience-activation,OREO MILKY WAY DUNK,OREO,LEO INDONESIA,Guerrilla Marketing & Stunts,Submitted,https://ascentialcdn.filespin.io/api/v1/conversion/d33c5d7be31741ed8374d2828c6a6c1a?quality=85&format=webp,https://www.lovethework.com/work/entries/oreo-milky-way-dunk-771051
Spikes Asia,2026,Brand Experience & Activation,brand-experience-activation,HAIRBNB,DAEDAMO,DAEDAMO,Live Brand Experience or Activation,Submitted,https://ascentialcdn.filespin.io/api/v1/conversion/e1aea097d10843349259536e4d661f06?quality=85&format=webp,https://www.lovethework.com/work/entries/hairbnb-769807
Spikes Asia,2026,Brand Experience & Activation,brand-experience-activation,SWEET EXPRESS,HÄAGEN-DAZS KOREA,HSAD,Live Brand Experience or Activation,Submitted,https://ascentialcdn.filespin.io/api/v1/conversion/3d3de2ce5fbc4fa0b7e7ae83d74c54cd?quality=85&format=webp,https://www.lovethework.com/work/entries/sweet-express-769789
Spikes Asia,2026,Brand Experience & Activation,brand-experience-activation,"STOP THAT DOT, TOGETHER: MOTIVATING 27,500 WOMEN, DESPITE LIMITED BUDGET",HOMESOY,AMPERSAND ADVISORY,Breakthrough on a Budget,Submitted,https://ascentialcdn.filespin.io/api/v1/conversion/fd96cdc1c72349b6aeb396e468ee7e7b?quality=85&format=webp,https://www.lovethework.com/work/entries/stop-that-dot-together-motivating-27500-women-despite-limited-budget-771016
Spikes Asia,2026,Brand Experience & Activation,brand-experience-activation,BLACK RECORDS,BMSG (JAPANESE MUSIC LABEL),SIX INC,Media/Entertainment,Submitted,https://ascentialcdn.filespin.io/api/v1/conversion/c51d9e2d47da4921b32f6bc507270d2b?quality=85&format=webp,https://www.lovethework.com/work/entries/black-records-771125
Spikes Asia,2026,Brand Experience & Activation,brand-experience-activation,THE MACALLAN 360 EXPERIENCE,THE MACALLAN,EDRINGTON,Consumer Goods,Submitted,https://ascentialcdn.filespin.io/api/v1/conversion/972dd5a1a7204a7c82cfa5e8968d1430?quality=85&format=webp,https://www.lovethework.com/work/entries/the-macallan-360-experience-769619
Spikes Asia,2026,Brand Experience & Activation,brand-experience-activation,THE UNOFFICIAL OFFICIAL SOUND OF F1,STING,LEO,Consumer Goods,Submitted,https://ascentialcdn.filespin.io/api/v1/conversion/6c4f14e9c5e949e3b8460302dc1d5a96?quality=85&format=webp,https://www.lovethework.com/work/entries/the-unofficial-official-sound-of-f1-771307
Spikes Asia,2026,Brand Experience & Activation,brand-experience-activation,HEINEKEN TRUST BARS,HEINEKEN,LEPUB,Tech-led Brand Experience,Submitted,https://ascentialcdn.filespin.io/api/v1/conversion/b88a9669ca90417ebddf25d1e8cef9d7?quality=85&format=webp,https://www.lovethework.com/work/entries/heineken-trust-bars-773058
Spikes Asia,2026,Brand Experience & Activation,brand-experience-activation,HONDA REST AREA,HONDA,TU7UH CREATIVE LAB,Single-market Campaign,Submitted,https://ascentialcdn.filespin.io/api/v1/conversion/4ab3c4fe5baf435ea35ab8dac43093d1?quality=85&format=webp,https://www.lovethework.com/work/entries/honda-rest-area-772888
Spikes Asia,2026,Brand Experience & Activation,brand-experience-activation,ESCAPE SIGNAL FIREWORKS,YAHOO,LY CORPORATION,Corporate Purpose & Social Responsibility,Submitted,https://ascentialcdn.filespin.io/api/v1/conversion/edd5fe0e6ca049d7b5030e0f776e3d1f?quality=85&format=webp,https://www.lovethework.com/work/entries/escape-signal-fireworks-769840
Spikes Asia,2026,Brand Experience & Activation,brand-experience-activation,DANONE MIZONE+ ELECTROLYTE,MIZONE+ ELECTROLYTE,EDELMAN,Sponsorship & Brand Partnerships,Submitted,https://ascentialcdn.filespin.io/api/v1/conversion/98ecfc359e2d4cb09dfecc6e0965933e?quality=85&format=webp,https://www.lovethework.com/work/entries/danone-mizone-electrolyte-769885
Spikes Asia,2026,Brand Experience & Activation,brand-experience-activation,"IF YOU CAN TAKE IT, IT'S YOURS",SELLEYS,HOWATSON AND COMPANY,Guerrilla Marketing & Stunts,Submitted,https://ascentialcdn.filespin.io/api/v1/conversion/3172e0d181524de5b6802f2aef3eff7a?quality=85&format=webp,https://www.lovethework.com/work/entries/if-you-can-take-it-its-yours-772600
Spikes Asia,2026,Brand Experience & Activation,brand-experience-activation,"IF YOU CAN TAKE IT, IT'S YOURS",SELLEYS,HOWATSON AND COMPANY,Consumer Goods,Submitted,https://ascentialcdn.filespin.io/api/v1/conversion/3172e0d181524de5b6802f2aef3eff7a?quality=85&format=webp,https://www.lovethework.com/work/entries/if-you-can-take-it-its-yours-770939
Spikes Asia,2026,Brand Experience & Activation,brand-experience-activation,"CHIZZALULU CHIZZALALA, THE EDIBLE BRAINROT",KFC,BRILLIANT & MILLION,Social Behaviour,Submitted,https://ascentialcdn.filespin.io/api/v1/storyboard/44fabfa38809492f964ec1bf3ae48389/storyboard_000008.jpg?quality=85&format=webp,https://www.lovethework.com/work/entries/chizzalulu-chizzalala-the-edible-brainrot-772596
Spikes Asia,2026,Brand Experience & Activation,brand-experience-activation,COMMUTER CAMO,KITKAT,VML,Single-market Campaign,Submitted,https://ascentialcdn.filespin.io/api/v1/conversion/d00cd4ed1ba547c59d22535e61aff327?quality=85&format=webp,https://www.lovethework.com/work/entries/commuter-camo-769893
Spikes Asia,2026,Brand Experience & Activation,brand-experience-activation,FLIGHT PATTERNS,CEBU PACIFIC,OGILVY MANILA,Local Brand,Submitted,https://ascentialcdn.filespin.io/api/v1/storyboard/ebc2e999bbbb4f609939cfa0f5ce6bd2/storyboard_000008.jpg?quality=85&format=webp,https://www.lovethework.com/work/entries/flight-patterns-771358
Spikes Asia,2026,Brand Experience & Activation,brand-experience-activation,ALLIANCE BANK BIZSMART CHALLENGE: FROM BANKING PROGRAMME TO RECORD-BREAKING CINEMATIC BRAND EXPERIENCE,ALLIANCE BANK,AMPERSAND ADVISORY,Consumer Services/Business to Business,Submitted,https://ascentialcdn.filespin.io/api/v1/conversion/1160d97824c749e79e9ad496993fa83a?quality=85&format=webp,https://www.lovethework.com/work/entries/alliance-bank-bizsmart-challenge-from-banking-programme-to-record-breaking-cinematic-brand-experience-771023
Spikes Asia,2026,Brand Experience & Activation,brand-experience-activation,ITC SUNFEAST DARK FANTASY - BIG FANTASIES,ITC LIMITED - SUNFEAST DARK FANTASY,IMPACT COMMUNICATIONS,Tech-led Brand Experience,Submitted,https://ascentialcdn.filespin.io/api/v1/conversion/d75e482888ab4beb837e5537d4367cbb?quality=85&format=webp,https://www.lovethework.com/work/entries/itc-sunfeast-dark-fantasy-big-fantasies-771439
Spikes Asia,2026,Brand Experience & Activation,brand-experience-activation,MORNING JOY AT MCDONALD'S,MCDONALD'S,MCDONALDS,Single-market Campaign,Submitted,https://ascentialcdn.filespin.io/api/v1/storyboard/0d1b8ebc5b1744fd9a32992da8f36fd7/storyboard_000008.jpg?quality=85&format=webp,https://www.lovethework.com/work/entries/morning-joy-at-mcdonalds-769882
Spikes Asia,2026,Brand Experience & Activation,brand-experience-activation,GUERLAIN×GQ CREATIVE WEEKEND 2025,GUERLAIN,GUERLAIN K.K.,Live Brand Experience or Activation,Submitted,https://ascentialcdn.filespin.io/api/v1/conversion/fed5950691ae41f897ff931dda1274a1?quality=85&format=webp,https://www.lovethework.com/work/entries/guerlaingq-creative-weekend-2025-769830
Spikes Asia,2026,Brand Experience & Activation,brand-experience-activation,KLOOK GO WILD WITH TRAVEL,KLOOK,GREY,Local Brand,Submitted,https://ascentialcdn.filespin.io/api/v1/conversion/89e4bfeaecb14b71aa36ebe8f95090e3?quality=85&format=webp,https://www.lovethework.com/work/entries/klook-go-wild-with-travel-770631
Spikes Asia,2026,Brand Experience & Activation,brand-experience-activation,HEARING 1945,BINGGRAE & THE MINISTRY OF PATRIOTS AND VETERANS AFFAIR,INNOCEAN,Cultural Engagement,Submitted,https://ascentialcdn.filespin.io/api/v1/conversion/183cbd8bcef44556bd724657555b1986?quality=85&format=webp,https://www.lovethework.com/work/entries/hearing-1945-770414
Spikes Asia,2026,Brand Experience & Activation,brand-experience-activation,SOIL STAY,TRA MONGKUT FERTILIZER,VML,Corporate Purpose & Social Responsibility,Submitted,https://ascentialcdn.filespin.io/api/v1/conversion/3dd80933e78246c78ac15475b435f03c?quality=85&format=webp,https://www.lovethework.com/work/entries/soil-stay-769901
Spikes Asia,2026,Brand Experience & Activation,brand-experience-activation,HAT-JACKING 711’S BIRTHDAY,TAIWAN FAMILYMART CO.,"LTD., HUMANOID SOCIAL MEDIA CONSULTING",Customer Retail/In-store Experience,Submitted,https://ascentialcdn.filespin.io/api/v1/conversion/66d9b27ee1314d51a10fe94de25e7de6?quality=85&format=webp,https://www.lovethework.com/work/entries/hat-jacking-711s-birthday-769829
Spikes Asia,2026,Brand Experience & Activation,brand-experience-activation,NORWEGIAN SALMON IS ALWAYS RIGHT,SEAFOOD FROM NORWAY,BURSON KOREA,360 Integrated Brand Experience,Submitted,https://ascentialcdn.filespin.io/api/v1/conversion/eced83a40d2f4e0898a862c155bae8df?quality=85&format=webp,https://www.lovethework.com/work/entries/norwegian-salmon-is-always-right-771452
Spikes Asia,2026,Brand Experience & Activation,brand-experience-activation,MORNING JOY AT MCDONALD'S,MCDONALD'S,MCDONALDS,"Travel, Leisure, Retail, Restaurants & Fast Food Chains",Submitted,https://ascentialcdn.filespin.io/api/v1/storyboard/0d1b8ebc5b1744fd9a32992da8f36fd7/storyboard_000008.jpg?quality=85&format=webp,https://www.lovethework.com/work/entries/morning-joy-at-mcdonalds-772875
Spikes Asia,2026,Brand Experience & Activation,brand-experience-activation,#SAVETOVOTEWITHMAYA,MAYA PHILIPPINES,"INC., DENTSU CREATIVE",Sponsorship & Brand Partnerships,Submitted,https://ascentialcdn.filespin.io/api/v1/conversion/a121f83352ff484697691549a5eba62c?quality=85&format=webp,https://www.lovethework.com/work/entries/savetovotewithmaya-771236
Spikes Asia,2026,Brand Experience & Activation,brand-experience-activation,BEYOND PARTNERSHIP: HOW LSBF X GRAB EMBEDDED EDUCATION INTO THE GIG ECONOMY,LONDON SCHOOL OF BUSINESS AND FINANCE PTE LTD,LONDON SCHOOL OF BUSINESS & FINANCE (LSBF),Sponsorship & Brand Partnerships,Submitted,https://ascentialcdn.filespin.io/api/v1/conversion/75064ea9b573430a93fc09653007028d?quality=85&format=webp,https://www.lovethework.com/work/entries/beyond-partnership-how-lsbf-x-grab-embedded-education-into-the-gig-economy-771161
Spikes Asia,2026,Brand Experience & Activation,brand-experience-activation,THE SHAKE EXPRESS,BOLD84,"HAPPINESS, AN FCB ALLIANCE",Launch/Relaunch,Submitted,https://ascentialcdn.filespin.io/api/v1/conversion/4d92a3ab314c44f08123355fbb7aa7e7?quality=85&format=webp,https://www.lovethework.com/work/entries/the-shake-express-771181
Spikes Asia,2026,Brand Experience & Activation,brand-experience-activation,TASTO EMOTIONS-CHIPS,TASTO,CJ WORX,Customer Retail/In-store Experience,Submitted,https://ascentialcdn.filespin.io/api/v1/storyboard/ade20e7411e746ad8d1038278186d76c/storyboard_000008.jpg?quality=85&format=webp,https://www.lovethework.com/work/entries/tasto-emotions-chips-769838
Spikes Asia,2026,Brand Experience & Activation,brand-experience-activation,CATTLE MANDIS (CATTLE MARKETS),JAZZCASH RAAST QR,FISHBOWL,Use of Mobile & Devices,Submitted,https://ascentialcdn.filespin.io/api/v1/conversion/39a3574b9c7f4e22808f428befee8442?quality=85&format=webp,https://www.lovethework.com/work/entries/cattle-mandis-cattle-markets-769859
Spikes Asia,2026,Brand Experience & Activation,brand-experience-activation,PROTECT WHAT MATTERS WITH CERTIS SAFE DEPOSIT BOX,SAFE DEPOSIT BOX BY CERTIS,CERTIS,Consumer Services/Business to Business,Submitted,https://ascentialcdn.filespin.io/api/v1/conversion/2db8803f81904a67b618aa8d380eb2fc?quality=85&format=webp,https://www.lovethework.com/work/entries/protect-what-matters-with-certis-safe-deposit-box-771202
Spikes Asia,2026,Brand Experience & Activation,brand-experience-activation,AUDIBLE AT BANGALORE COMIC CON,AUDIBLE,OS STUDIOS,Tech-led Brand Experience,Submitted,https://ascentialcdn.filespin.io/api/v1/conversion/dc39df429bff469ab47a18f26d790d94?quality=85&format=webp,https://www.lovethework.com/work/entries/audible-at-bangalore-comic-con-772882
Spikes Asia,2026,Brand Experience & Activation,brand-experience-activation,AUTUMN INSIDE,CHAGEE,CHAGEE,Live Brand Experience or Activation,Submitted,https://ascentialcdn.filespin.io/api/v1/conversion/cce4dc83cadc4f3d9836da4fddbe02f1?quality=85&format=webp,https://www.lovethework.com/work/entries/autumn-inside-769837
Spikes Asia,2026,Brand Experience & Activation,brand-experience-activation,UJJIVAN SMALL FINANCE BANK - SOUND OF DIWALI,UJJIVAN SMALL FINANCE BANK,IMPACT COMMUNICATIONS,Corporate Purpose & Social Responsibility,Submitted,https://ascentialcdn.filespin.io/api/v1/conversion/1a7a06e9be9c4f5287599fd611a2323a?quality=85&format=webp,https://www.lovethework.com/work/entries/ujjivan-small-finance-bank-sound-of-diwali-770839
Spikes Asia,2026,Brand Experience & Activation,brand-experience-activation,"TIGER X ANCHOR FOAM SPLASH FESTIVAL: WHEN YOU CAN'T AFFORD THE STARS, LET THE CROWD SHINE",TIGER & ANCHOR,IDEAFACTORY ADVERTISING,Breakthrough on a Budget,Submitted,https://ascentialcdn.filespin.io/api/v1/conversion/2990cdfd014c4b08bc52b3b1c79ce1d8?quality=85&format=webp,https://www.lovethework.com/work/entries/tiger-x-anchor-foam-splash-festival-when-you-cant-afford-the-stars-let-the-crowd-shine-769884
Spikes Asia,2026,Brand Experience & Activation,brand-experience-activation,MAXIM GAOK: WHERE COFFEE SLOWS DOWN,DONG SUH FOODS CORP.,CHEIL WORLDWIDE,Customer Acquisition & Retention,Submitted,https://ascentialcdn.filespin.io/api/v1/conversion/834109901b2149f09afcc3a30d5e7851?quality=85&format=webp,https://www.lovethework.com/work/entries/maxim-gaok-where-coffee-slows-down-769890
Spikes Asia,2026,Brand Experience & Activation,brand-experience-activation,SHELL INTERNATIONAL DAY OF SIGN LANGUAGE,SHELL INDIA,HAVAS PLAY,Cultural Engagement,Submitted,https://ascentialcdn.filespin.io/api/v1/conversion/7a8a8b15f12e411fa35750f570d409c3?quality=85&format=webp,https://www.lovethework.com/work/entries/shell-international-day-of-sign-language-769892
Spikes Asia,2026,Brand Experience & Activation,brand-experience-activation,THE YANGZHOU QIAO BEI MUSICAL SUITE,YANGZHOU MUNICIPAL BUREAU OF CULTURE,"RADIO, TV AND TOURISM, CHINA, TBWA\CHINA",Cultural Engagement,Submitted,https://ascentialcdn.filespin.io/api/v1/storyboard/1f135cdf159e4774ada476064b2c0ce9/storyboard_000008.jpg?quality=85&format=webp,https://www.lovethework.com/work/entries/the-yangzhou-qiao-bei-musical-suite-769887
Spikes Asia,2026,Brand Experience & Activation,brand-experience-activation,THE MARKED CUP,MAXIM,INNORED,Social Behaviour,Submitted,https://ascentialcdn.filespin.io/api/v1/storyboard/a1e3eeb10dea46b9b92e0da3c0c9fa41/storyboard_000008.jpg?quality=85&format=webp,https://www.lovethework.com/work/entries/the-marked-cup-769856
Spikes Asia,2026,Brand Experience & Activation,brand-experience-activation,LUX RECLAIM HER NAME,LUX,VML,Use of Mobile & Devices,Submitted,https://ascentialcdn.filespin.io/api/v1/conversion/4db28111cecf4965bea93e5376b230d4?quality=85&format=webp,https://www.lovethework.com/work/entries/lux-reclaim-her-name-769849
Spikes Asia,2026,Brand Experience & Activation,brand-experience-activation,STING RESTINATION,STING,LEO BANGKOK,Social Behaviour,Submitted,https://ascentialcdn.filespin.io/api/v1/conversion/98e40ad5cc4f4a78a813325ce2924e8f?quality=85&format=webp,https://www.lovethework.com/work/entries/sting-restination-772890
Spikes Asia,2026,Brand Experience & Activation,brand-experience-activation,THE PULL OUT GAME GAME,DUREX,BLKJ HAVAS,Gaming-Led Brand Experience,Submitted,https://ascentialcdn.filespin.io/api/v1/conversion/79467a3df61b4e33b3f383c97bb20032?quality=85&format=webp,https://www.lovethework.com/work/entries/the-pull-out-game-game-770761
Spikes Asia,2026,Brand Experience & Activation,brand-experience-activation,HOKUSAI:ANOTHER STORY,HOKUSAI:ANOTHER STORY,GEEK PICTURES,New Realities & Emerging Tech,Submitted,https://ascentialcdn.filespin.io/api/v1/conversion/58f4f592ccf74aa1b81dcca314609b53?quality=85&format=webp,https://www.lovethework.com/work/entries/hokusaianother-story-769899
Spikes Asia,2026,Brand Experience & Activation,brand-experience-activation,CAN'T AFFORD TO PAUSE,KBANK,ADQUA,Corporate Purpose & Social Responsibility,Submitted,https://ascentialcdn.filespin.io/api/v1/conversion/eae3191806584afea136fd6b112fc641?quality=85&format=webp,https://www.lovethework.com/work/entries/cant-afford-to-pause-770650
Spikes Asia,2026,Brand Experience & Activation,brand-experience-activation,HOKUSAI:ANOTHER STORY,HOKUSAI:ANOTHER STORY,GEEK PICTURES,Digital Installations,Submitted,https://ascentialcdn.filespin.io/api/v1/conversion/58f4f592ccf74aa1b81dcca314609b53?quality=85&format=webp,https://www.lovethework.com/work/entries/hokusaianother-story-772881
Spikes Asia,2026,Brand Experience & Activation,brand-experience-activation,KOKUYO - CURIOSITY IS LIFE,KOKUYO CO.,"LTD., KOKUYO",Use of Website/Microsites,Submitted,https://ascentialcdn.filespin.io/api/v1/conversion/08164032cac644ccbaf0a166c6a3e479?quality=85&format=webp,https://www.lovethework.com/work/entries/kokuyo-curiosity-is-life-769865
Spikes Asia,2026,Brand Experience & Activation,brand-experience-activation,MOBIHOME,Mobihome,MOBICOM,Challenger Brand,Submitted,https://ascentialcdn.filespin.io/api/v1/conversion/d0ceba309e104352a825a252c4c29e17?quality=85&format=webp,https://www.lovethework.com/work/entries/mobihome-769860
Spikes Asia,2026,Brand Experience & Activation,brand-experience-activation,SLEEPING WITH GIANT,NELL,DENTSU INC.,Social Behaviour,Submitted,https://ascentialcdn.filespin.io/api/v1/conversion/75fa6db090b841f48e8b38b3a8e8d973?quality=85&format=webp,https://www.lovethework.com/work/entries/sleeping-with-giant-769774
Spikes Asia,2026,Brand Experience & Activation,brand-experience-activation,STREAMING OUT LOUD,KUAISHOU,TOPIC & LOONG,Customer Acquisition & Retention,Submitted,https://ascentialcdn.filespin.io/api/v1/conversion/a8849a17e8a54ea6b7f67ab3f916654c?quality=85&format=webp,https://www.lovethework.com/work/entries/streaming-out-loud-770864
Spikes Asia,2026,Brand Experience & Activation,brand-experience-activation,LA VIE - FROM A SIP TO A HOLISTIC MENTAL WELLBEING OF VIETNAM,LA VIE,THE PURPOSE GROUP,360 Integrated Brand Experience,Submitted,https://ascentialcdn.filespin.io/api/v1/conversion/13b9844f80964dc6987e06b12de890f8?quality=85&format=webp,https://www.lovethework.com/work/entries/la-vie-from-a-sip-to-a-holistic-mental-wellbeing-of-vietnam-771300
Spikes Asia,2026,Brand Experience & Activation,brand-experience-activation,THING IN SEOUL,NETFLIX SERVICES KOREA,CHEIL WORLDWIDE,Single-market Campaign,Submitted,https://ascentialcdn.filespin.io/api/v1/conversion/1646351185e74476a876fa5602a6f18b?quality=85&format=webp,https://www.lovethework.com/work/entries/thing-in-seoul-769888
Spikes Asia,2026,Brand Experience & Activation,brand-experience-activation,THE NUTELLA EXPRESS,NUTELLA,FERRERO ASIA,Consumer Goods,Submitted,https://ascentialcdn.filespin.io/api/v1/conversion/c344f88ecc5b4038afd30ab2f65de665?quality=85&format=webp,https://www.lovethework.com/work/entries/the-nutella-express-769625
Spikes Asia,2026,Brand Experience & Activation,brand-experience-activation,GARUDA RAKSHAK,DSP MUTUAL FUNDS,DENTSU CREATIVE,Tech-led Brand Experience,Submitted,https://ascentialcdn.filespin.io/api/v1/conversion/89bc4fc4a633468194b5cba46a8d4ffc?quality=85&format=webp,https://www.lovethework.com/work/entries/garuda-rakshak-769814
Spikes Asia,2026,Brand Experience & Activation,brand-experience-activation,MOGU MOGU TOWN,OTSUKA,DENTSU INC.,Healthcare,Submitted,https://ascentialcdn.filespin.io/api/v1/conversion/fad06e097ec24232820774091736cc43?quality=85&format=webp,https://www.lovethework.com/work/entries/mogu-mogu-town-769635
Spikes Asia,2026,Brand Experience & Activation,brand-experience-activation,EMPTY BUT THE FULLEST LUNCHBOX,UNICEF,DAEHONG COMMUNICATIONS,Not-for-profit / Charity / Government,Submitted,https://ascentialcdn.filespin.io/api/v1/conversion/50355156be604a1eb6b709d191f40153?quality=85&format=webp,https://www.lovethework.com/work/entries/empty-but-the-fullest-lunchbox-769810
Spikes Asia,2026,Brand Experience & Activation,brand-experience-activation,GAMERS ON DUTY,LENOVO,LEO,Gaming-Led Brand Experience,Submitted,https://ascentialcdn.filespin.io/api/v1/conversion/6756b104632a4778a34700b1371cfacf?quality=85&format=webp,https://www.lovethework.com/work/entries/gamers-on-duty-771152
Spikes Asia,2026,Brand Experience & Activation,brand-experience-activation,NATIONAL UNFRIED CHICKEN DAY,KFC THAILAND,BRILLIANT & MILLION,"Travel, Leisure, Retail, Restaurants & Fast Food Chains",Submitted,https://ascentialcdn.filespin.io/api/v1/conversion/510c69c970724aae93d67c9cda917993?quality=85&format=webp,https://www.lovethework.com/work/entries/national-unfried-chicken-day-772877
Spikes Asia,2026,Brand Experience & Activation,brand-experience-activation,BUNRAKU BEYOND BOUNDARIES,PARCO,DENTSU INC.,Local Brand,Submitted,https://ascentialcdn.filespin.io/api/v1/conversion/6a1f17e964d34bc49dd4d8b046b429a8?quality=85&format=webp,https://www.lovethework.com/work/entries/bunraku-beyond-boundaries-771347
Spikes Asia,2026,Brand Experience & Activation,brand-experience-activation,DESTINATION IN A CUP,SCOOT,SCOOT,Live Brand Experience or Activation,Submitted,https://ascentialcdn.filespin.io/api/v1/conversion/3e4bb5dbf1c04b7b9815a4889ca9787d?quality=85&format=webp,https://www.lovethework.com/work/entries/destination-in-a-cup-770805
Spikes Asia,2026,Brand Experience & Activation,brand-experience-activation,HAIRISM,DAEDAMO,DAEDAMO,Tech-led Brand Experience,Submitted,https://ascentialcdn.filespin.io/api/v1/conversion/e9e4edc4f48946ed923119cde0a56371?quality=85&format=webp,https://www.lovethework.com/work/entries/hairism-772989
Spikes Asia,2026,Brand Experience & Activation,brand-experience-activation,A PARTNERSHIP BUILT FOR THE ARENA - HOW CELCOMDIGI ELEVATED ESPORTS SPONSORSHIP INTO A BRAND MOVEMENT,CELCOMDIGI,CELCOMDIGI,Sponsorship & Brand Partnerships,Submitted,https://ascentialcdn.filespin.io/api/v1/conversion/2edde601595e4bd4a1742b5479c29d50?quality=85&format=webp,https://www.lovethework.com/work/entries/a-partnership-built-for-the-arena-how-celcomdigi-elevated-esports-sponsorship-into-a-brand-movement-771172
Spikes Asia,2026,Brand Experience & Activation,brand-experience-activation,LEGO YELLOW HOUSE,LEGO,OUR LEGO AGENCY,Launch/Relaunch,Submitted,https://ascentialcdn.filespin.io/api/v1/conversion/5ddbe38e5c1540419251381ffa304576?quality=85&format=webp,https://www.lovethework.com/work/entries/lego-yellow-house-769793
Spikes Asia,2026,Brand Experience & Activation,brand-experience-activation,COMMUTER CAMO,KITKAT,VML,Social Behaviour,Submitted,https://ascentialcdn.filespin.io/api/v1/conversion/d00cd4ed1ba547c59d22535e61aff327?quality=85&format=webp,https://www.lovethework.com/work/entries/commuter-camo-772593
Spikes Asia,2026,Brand Experience & Activation,brand-experience-activation,ADANI - SEVA HI SAADHNA HAI,ADANI GROUP,DENTSU CREATIVE INDIA,Corporate Purpose & Social Responsibility,Submitted,https://ascentialcdn.filespin.io/api/v1/conversion/91c0b3bd90ca4027acdb6c48b2bfd8d5?quality=85&format=webp,https://www.lovethework.com/work/entries/adani-seva-hi-saadhna-hai-771460
Spikes Asia,2026,Brand Experience & Activation,brand-experience-activation,DISCOVER THE LYCHEE ROAD WITH RENAISSANCE,RENAISSANCE HOTELS,MARRIOTT INTERNATIONAL,360 Integrated Brand Experience,Submitted,https://ascentialcdn.filespin.io/api/v1/conversion/b57377aef7b04ed3bef17f693e1b86c0?quality=85&format=webp,https://www.lovethework.com/work/entries/discover-the-lychee-road-with-renaissance-769828
Spikes Asia,2026,Brand Experience & Activation,brand-experience-activation,GAMERS ON DUTY,LENOVO,LEO,Guerrilla Marketing & Stunts,Submitted,https://ascentialcdn.filespin.io/api/v1/conversion/6756b104632a4778a34700b1371cfacf?quality=85&format=webp,https://www.lovethework.com/work/entries/gamers-on-duty-771149
Spikes Asia,2026,Brand Experience & Activation,brand-experience-activation,RENAULT KIGER GAMING OOH,RENAULT,SAATCHI & SAATCHI INDIA,Gaming-Led Brand Experience,Submitted,https://ascentialcdn.filespin.io/api/v1/conversion/2866804336034b4c80c8502a7f580aa5?quality=85&format=webp,https://www.lovethework.com/work/entries/renault-kiger-gaming-ooh-770431
Spikes Asia,2026,Brand Experience & Activation,brand-experience-activation,"CHIZZALULU CHIZZALALA, THE EDIBLE BRAINROT",KFC,BRILLIANT & MILLION,Launch/Relaunch,Submitted,https://ascentialcdn.filespin.io/api/v1/storyboard/44fabfa38809492f964ec1bf3ae48389/storyboard_000008.jpg?quality=85&format=webp,https://www.lovethework.com/work/entries/chizzalulu-chizzalala-the-edible-brainrot-769786
Spikes Asia,2026,Brand Experience & Activation,brand-experience-activation,EK TARA,TITAN EYE PLUS,OGILVY,Healthcare,Submitted,https://ascentialcdn.filespin.io/api/v1/conversion/9e2408599a22494a916b326351754a5b?quality=85&format=webp,https://www.lovethework.com/work/entries/ek-tara-771013
Spikes Asia,2026,Brand Experience & Activation,brand-experience-activation,THE PULL OUT GAME GAME,DUREX,BLKJ HAVAS,Healthcare,Submitted,https://ascentialcdn.filespin.io/api/v1/conversion/d39ba02cb7904758886b039201e5b17d?quality=85&format=webp,https://www.lovethework.com/work/entries/the-pull-out-game-game-770723
Spikes Asia,2026,Brand Experience & Activation,brand-experience-activation,LA VIE - FROM A SIP TO A HOLISTIC MENTAL WELLBEING OF VIETNAM,LA VIE,THE PURPOSE GROUP,Local Brand,Submitted,https://ascentialcdn.filespin.io/api/v1/conversion/13b9844f80964dc6987e06b12de890f8?quality=85&format=webp,https://www.lovethework.com/work/entries/la-vie-from-a-sip-to-a-holistic-mental-wellbeing-of-vietnam-771312
Spikes Asia,2026,Brand Experience & Activation,brand-experience-activation,GQ PRO MED SCRUBS,GQ APPAREL,ACCENTURE SONG,Challenger Brand,Submitted,https://ascentialcdn.filespin.io/api/v1/storyboard/8d1f5f54d4344c10b300117bbd0991e6/storyboard_000008.jpg?quality=85&format=webp,https://www.lovethework.com/work/entries/gq-pro-med-scrubs-769853
Spikes Asia,2026,Brand Experience & Activation,brand-experience-activation,AUTUMN INSIDE,CHAGEE,CHAGEE,Cultural Engagement,Submitted,https://ascentialcdn.filespin.io/api/v1/conversion/cce4dc83cadc4f3d9836da4fddbe02f1?quality=85&format=webp,https://www.lovethework.com/work/entries/autumn-inside-769903
Spikes Asia,2026,Brand Experience & Activation,brand-experience-activation,FANS FRIES MEAL,MCDONALD’S MALAYSIA,LEO,Retail Promotions & Competitions,Submitted,https://ascentialcdn.filespin.io/api/v1/conversion/55a3de75a62448068d4eba6a4c600c47?quality=85&format=webp,https://www.lovethework.com/work/entries/fans-fries-meal-770946
Spikes Asia,2026,Brand Experience & Activation,brand-experience-activation,PRAYKINSON,VAJIRA HOSPITAL,DENTSU CREATIVE THAILAND,Use of Mobile & Devices,Submitted,https://ascentialcdn.filespin.io/api/v1/storyboard/bc46456d45ad43edb216a8f655cc6182/storyboard_000008.jpg?quality=85&format=webp,https://www.lovethework.com/work/entries/praykinson-769818
Spikes Asia,2026,Brand Experience & Activation,brand-experience-activation,"ONE WORLD, ONE PLANET",EXPO 2025 OSAKA,"KANSAI, JAPAN, SIGNING",Tech-led Brand Experience,Submitted,https://ascentialcdn.filespin.io/api/v1/conversion/4caf8d390afd4e1298808c28a9bf6402?quality=85&format=webp,https://www.lovethework.com/work/entries/one-world-one-planet-771174
Spikes Asia,2026,Brand Experience & Activation,brand-experience-activation,REBOOTING IKENAI TAIYO,ORANGE RANGE,SONY MUSIC ENTERTAINMENT,Cultural Engagement,Submitted,https://ascentialcdn.filespin.io/api/v1/conversion/5224a4e77b864b87abb044499f24cce2?quality=85&format=webp,https://www.lovethework.com/work/entries/rebooting-ikenai-taiyo-769910
Spikes Asia,2026,Brand Experience & Activation,brand-experience-activation,BEAUTY INSIDE OUT,L'OREAL GROUPE,McCANN,Corporate Purpose & Social Responsibility,Submitted,https://ascentialcdn.filespin.io/api/v1/conversion/68fd840aca784738b9aaa0f041792cfa?quality=85&format=webp,https://www.lovethework.com/work/entries/beauty-inside-out-772894
Spikes Asia,2026,Brand Experience & Activation,brand-experience-activation,TIMELESS RELIABLE,HONDA MOTORCYCLE,DENTSU CREATIVE,Use of Website/Microsites,Submitted,https://ascentialcdn.filespin.io/api/v1/conversion/4bca7fe42a024d1bbc963194acc9aee8?quality=85&format=webp,https://www.lovethework.com/work/entries/timeless-reliable-771033
Spikes Asia,2026,Brand Experience & Activation,brand-experience-activation,BEST AFTER 2055,TAKAMATSU CITY,SHISEIDO CREATIVE,Not-for-profit / Charity / Government,Submitted,https://ascentialcdn.filespin.io/api/v1/conversion/fe2abe1fa4ad48898f91c095aac86250?quality=85&format=webp,https://www.lovethework.com/work/entries/best-after-2055-769801
Spikes Asia,2026,Brand Experience & Activation,brand-experience-activation,UNIQLO PUFFTECH INTEGRATED CAMPAIGN,UNIQLO,1000HEADS,360 Integrated Brand Experience,Submitted,https://ascentialcdn.filespin.io/api/v1/conversion/3e9a60bb31f34ae4a8631f8ae76c1432?quality=85&format=webp,https://www.lovethework.com/work/entries/uniqlo-pufftech-integrated-campaign-771365
Spikes Asia,2026,Brand Experience & Activation,brand-experience-activation,PRAYKINSON,VAJIRA HOSPITAL,DENTSU CREATIVE THAILAND,Cultural Engagement,Submitted,https://ascentialcdn.filespin.io/api/v1/storyboard/bc46456d45ad43edb216a8f655cc6182/storyboard_000008.jpg?quality=85&format=webp,https://www.lovethework.com/work/entries/praykinson-772895
Spikes Asia,2026,Brand Experience & Activation,brand-experience-activation,"“TOSHINDAI NO TOSHIN” INVESTING, JUST AS YOU ARE",SAISON ASSET MANAGEMENT CO.,"LTD, ARMZ",Consumer Services/Business to Business,Submitted,https://ascentialcdn.filespin.io/api/v1/conversion/b2955bc2e18d4a148e3d081f9ead6c76?quality=85&format=webp,https://www.lovethework.com/work/entries/toshindai-no-toshin-investing-just-as-you-are-772878
Spikes Asia,2026,Brand Experience & Activation,brand-experience-activation,KISAH KASIH IBU APPLECRUMBY (STORY OF A MOTHER'S LOVE),APPLECRUMBY,KINGDOM DIGITAL SOLUTION,360 Integrated Brand Experience,Submitted,https://ascentialcdn.filespin.io/api/v1/conversion/bf9fe2783e7946cca47364c82298a874?quality=85&format=webp,https://www.lovethework.com/work/entries/kisah-kasih-ibu-applecrumby-story-of-a-mothers-love-769823
Spikes Asia,2026,Brand Experience & Activation,brand-experience-activation,POCKY STREAKZONE,GLICO PHILIPPINES,DENTSU CREATIVE,Gaming-Led Brand Experience,Submitted,https://ascentialcdn.filespin.io/api/v1/conversion/139b7cae3ed6483e8ddb0081c0fcd6fd?quality=85&format=webp,https://www.lovethework.com/work/entries/pocky-streakzone-771039
Spikes Asia,2026,Brand Experience & Activation,brand-experience-activation,AUNTIE'S WORDS,TINDER JAPAN,FIELD MANAGEMENT EXPAND INC.,Social Behaviour,Submitted,https://ascentialcdn.filespin.io/api/v1/conversion/bcbb737104b349dcb1f16c8ef8eb7102?quality=85&format=webp,https://www.lovethework.com/work/entries/aunties-words-769834
Spikes Asia,2026,Brand Experience & Activation,brand-experience-activation,FIRST CHAPTER CLUB,AUDIBLE INDIA,DEADANT MEDIA,Media/Entertainment,Submitted,https://ascentialcdn.filespin.io/api/v1/conversion/cb09f388be73402a9ca608330e951930?quality=85&format=webp,https://www.lovethework.com/work/entries/first-chapter-club-771366
Spikes Asia,2026,Brand Experience & Activation,brand-experience-activation,THE AIR POLLUTION JERSEY,LAMPHUN WARRIORS F.C. AND NORTHERN THAILAND BREATHE COUNCIL,FLASH BOMBER,Live Brand Experience or Activation,Submitted,https://ascentialcdn.filespin.io/api/v1/conversion/d99cd27265a04d4d9eb54ca7b55e2217?quality=85&format=webp,https://www.lovethework.com/work/entries/the-air-pollution-jersey-769769
Spikes Asia,2026,Brand Experience & Activation,brand-experience-activation,CLEAR 100 - THE SCALP SURVIVOR,CLEAR,DUDE DIGITAL,Gaming-Led Brand Experience,Submitted,https://ascentialcdn.filespin.io/api/v1/conversion/8e0fb608566c4836bf46438213f03c30?quality=85&format=webp,https://www.lovethework.com/work/entries/clear-100-the-scalp-survivor-769776
Spikes Asia,2026,Brand Experience & Activation,brand-experience-activation,MISS EATIE,MCDONALD’S,GEEK PICTURES,"Travel, Leisure, Retail, Restaurants & Fast Food Chains",Submitted,https://ascentialcdn.filespin.io/api/v1/conversion/a97ee1a79f784a90be7f02bb6c614e51?quality=85&format=webp,https://www.lovethework.com/work/entries/miss-eatie-770668
Spikes Asia,2026,Brand Experience & Activation,brand-experience-activation,THE LOCAL LIVING I.P. THAT RECONNECTED VIETNAMESE FAMILIES,SUNDATE,FLAVA LIVE JSC,Local Brand,Submitted,https://ascentialcdn.filespin.io/api/v1/conversion/88b87928474b4a1b81a0517fdf61ec6f?quality=85&format=webp,https://www.lovethework.com/work/entries/the-local-living-ip-that-reconnected-vietnamese-families-771247
Spikes Asia,2026,Brand Experience & Activation,brand-experience-activation,QBE HEARTFELT GUERNSEY,QBE INSURANCE,THE CORE AGENCY,Sponsorship & Brand Partnerships,Submitted,https://ascentialcdn.filespin.io/api/v1/conversion/467595bd520a473f803948d8a577cc82?quality=85&format=webp,https://www.lovethework.com/work/entries/qbe-heartfelt-guernsey-769879
Spikes Asia,2026,Brand Experience & Activation,brand-experience-activation,SO-SO SPINS TOKYO,BOSS,VML OGILVY JAPAN,Single-market Campaign,Submitted,https://ascentialcdn.filespin.io/api/v1/conversion/c3553da2e89f419f8e4f8e1383951542?quality=85&format=webp,https://www.lovethework.com/work/entries/so-so-spins-tokyo-769869
Spikes Asia,2026,Brand Experience & Activation,brand-experience-activation,HEINEKEN® SILVER SURPRISINGLY SMOOTH LAUNCH: THE SMOOTHEST LIE WE EVER TOLD,HEINEKEN®,IDEAFACTORY ADVERTISING,Use of Humour,Submitted,https://ascentialcdn.filespin.io/api/v1/conversion/db7b471a3855407c8324537aeb535a3d?quality=85&format=webp,https://www.lovethework.com/work/entries/heineken-silver-surprisingly-smooth-launch-the-smoothest-lie-we-ever-told-772892
Spikes Asia,2026,Brand Experience & Activation,brand-experience-activation,SAKURA SCAN,KIRIN BEER,KIRIN BREWERY COMPANY,Use of Mobile & Devices,Submitted,https://ascentialcdn.filespin.io/api/v1/conversion/954846eebe1c4654b9dc0b2e77803bba?quality=85&format=webp,https://www.lovethework.com/work/entries/sakura-scan-770752
Spikes Asia,2026,Brand Experience & Activation,brand-experience-activation,HAT-JACKING 711’S BIRTHDAY,TAIWAN FAMILYMART CO.,"LTD., HUMANOID SOCIAL MEDIA CONSULTING",Breakthrough on a Budget,Submitted,https://ascentialcdn.filespin.io/api/v1/conversion/66d9b27ee1314d51a10fe94de25e7de6?quality=85&format=webp,https://www.lovethework.com/work/entries/hat-jacking-711s-birthday-772893
Spikes Asia,2026,Brand Experience & Activation,brand-experience-activation,IMMERSIVE ACTIVATION OF “KANDO”,YAMAHA,AMANA,Digital Installations,Submitted,https://ascentialcdn.filespin.io/api/v1/conversion/3d617a07fbf841ebb268d5cfe91a519d?quality=85&format=webp,https://www.lovethework.com/work/entries/immersive-activation-of-kando-772880
Spikes Asia,2026,Brand Experience & Activation,brand-experience-activation,THE CORNER STORE CONCERT,BIRDY®,ACCENTURE SONG,Customer Retail/In-store Experience,Submitted,https://ascentialcdn.filespin.io/api/v1/conversion/d7f9647d06694543940fdaed5ea0d316?quality=85&format=webp,https://www.lovethework.com/work/entries/the-corner-store-concert-772597
Spikes Asia,2026,Brand Experience & Activation,brand-experience-activation,THE AIR POLLUTION JERSEY,LAMPHUN WARRIORS F.C. AND NORTHERN THAILAND BREATHE COUNCIL,FLASH BOMBER,Sponsorship & Brand Partnerships,Submitted,https://ascentialcdn.filespin.io/api/v1/conversion/d2d66951673047c3896493f71d878d57?quality=85&format=webp,https://www.lovethework.com/work/entries/the-air-pollution-jersey-769871
Spikes Asia,2026,Brand Experience & Activation,brand-experience-activation,"LINE TAIWAN ""NOTES THAT WORK FOR YOU""",LINE TAIWAN,LINE TAIWAN,Live Brand Experience or Activation,Submitted,https://ascentialcdn.filespin.io/api/v1/conversion/df6ff962842248e598a8967cbf00b91b?quality=85&format=webp,https://www.lovethework.com/work/entries/line-taiwan-notes-that-work-for-you-772886
Spikes Asia,2026,Brand Experience & Activation,brand-experience-activation,A MAHA MOVEMENT AT THE MAHA KUMBH,COCA-COLA,WEBER SHANDWICK,Live Brand Experience or Activation,Submitted,https://ascentialcdn.filespin.io/api/v1/conversion/d3e4692a00d44c2cb745b90a622cfafd?quality=85&format=webp,https://www.lovethework.com/work/entries/a-maha-movement-at-the-maha-kumbh-770901
Spikes Asia,2026,Brand Experience & Activation,brand-experience-activation,VPBANK PRESENTS K-STAR SPARK MEGA CONCERT IN VIETNAM,VPBANK,VPBANK TOWER HANOI,Customer Acquisition & Retention,Submitted,https://ascentialcdn.filespin.io/api/v1/conversion/65d5e4b37f944ddb9f1a7a0cb5927e4d?quality=85&format=webp,https://www.lovethework.com/work/entries/vpbank-presents-k-star-spark-mega-concert-in-vietnam-773121
Spikes Asia,2026,Brand Experience & Activation,brand-experience-activation,SILENT CLEANING,KAO,WHATEVER CO,Gaming-Led Brand Experience,Submitted,https://ascentialcdn.filespin.io/api/v1/conversion/40532d920e594db3ba0e075b560523bc?quality=85&format=webp,https://www.lovethework.com/work/entries/silent-cleaning-769785
Spikes Asia,2026,Brand Experience & Activation,brand-experience-activation,THE UNLUCKY NUMBERS SHOP,WHOSCALL,DENTSU CREATIVE THAILAND,Guerrilla Marketing & Stunts,Submitted,https://ascentialcdn.filespin.io/api/v1/conversion/896eb9ad44f64298844d84571e7bc28e?quality=85&format=webp,https://www.lovethework.com/work/entries/the-unlucky-numbers-shop-769854
Spikes Asia,2026,Brand Experience & Activation,brand-experience-activation,"STOP THAT DOT, TOGETHER: HOMESOY MOBILISES 27,500 WOMEN",HOMESOY,AMPERSAND ADVISORY,Consumer Goods,Submitted,https://ascentialcdn.filespin.io/api/v1/conversion/fd96cdc1c72349b6aeb396e468ee7e7b?quality=85&format=webp,https://www.lovethework.com/work/entries/stop-that-dot-together-homesoy-mobilises-27500-women-771032
Spikes Asia,2026,Brand Experience & Activation,brand-experience-activation,MOTTAINAI BANANA STORY,DOLE JAPAN,KOO-KI,Corporate Purpose & Social Responsibility,Submitted,https://ascentialcdn.filespin.io/api/v1/conversion/66ef1a6f2ad84630b4a740880b85d0d9?quality=85&format=webp,https://www.lovethework.com/work/entries/mottainai-banana-story-769822
Spikes Asia,2026,Brand Experience & Activation,brand-experience-activation,POCKY PHILIPPINES “POCKY SABI”,POCKY PHILIPPINES,DENTSU CREATIVE,Cultural Engagement,Submitted,https://ascentialcdn.filespin.io/api/v1/conversion/a78efa5c94314a17b3b86e545e7c2026?quality=85&format=webp,https://www.lovethework.com/work/entries/pocky-philippines-pocky-sabi-772896
Spikes Asia,2026,Brand Experience & Activation,brand-experience-activation,LIGHTING UP CANNABIS CULTURE,HELL PIZZA,YARN,Social Behaviour,Submitted,https://ascentialcdn.filespin.io/api/v1/conversion/6e5fd514e65b486aae67fed5a02d9131?quality=85&format=webp,https://www.lovethework.com/work/entries/lighting-up-cannabis-culture-769778
Spikes Asia,2026,Brand Experience & Activation,brand-experience-activation,MCDONALD'S X SQUID GAME: DARE TO PLAY,MCDONALD'S AUSTRALIA,AKCELO,360 Integrated Brand Experience,Submitted,https://ascentialcdn.filespin.io/api/v1/conversion/31afc6d4a44946a389f443b829649d14?quality=85&format=webp,https://www.lovethework.com/work/entries/mcdonalds-x-squid-game-dare-to-play-771442
Spikes Asia,2026,Brand Experience & Activation,brand-experience-activation,SMART EDUCATION 5 BY MOBICOM,MOBICOM LLC,MOBICOM,Market Disruption,Submitted,https://ascentialcdn.filespin.io/api/v1/conversion/3a1db3f8416443ef8db3bc10bfcd0e44?quality=85&format=webp,https://www.lovethework.com/work/entries/smart-education-5-by-mobicom-769850
Spikes Asia,2026,Brand Experience & Activation,brand-experience-activation,HANGEUL TRUCK,SAMSUNG,CHEIL WORLDWIDE,Live Brand Experience or Activation,Submitted,https://ascentialcdn.filespin.io/api/v1/conversion/2021b395140a48d5aa3b51e870b09174?quality=85&format=webp,https://www.lovethework.com/work/entries/hangeul-truck-772885
Spikes Asia,2026,Brand Experience & Activation,brand-experience-activation,"7800 STEPS, 7800 FUTURES",CHUGAI PHARMACEUTICAL CO.,"LTD., DENTSU CREATIVE PICTURES",Consumer Services/Business to Business,Submitted,https://ascentialcdn.filespin.io/api/v1/conversion/1295f0fdb0a146b7a075e175a82b47c7?quality=85&format=webp,https://www.lovethework.com/work/entries/7800-steps-7800-futures-769783
Spikes Asia,2026,Brand Experience & Activation,brand-experience-activation,"IF YOU CAN TAKE IT, IT'S YOURS",SELLEYS,HOWATSON AND COMPANY,Retail Promotions & Competitions,Submitted,https://ascentialcdn.filespin.io/api/v1/conversion/3172e0d181524de5b6802f2aef3eff7a?quality=85&format=webp,https://www.lovethework.com/work/entries/if-you-can-take-it-its-yours-771320
Spikes Asia,2026,Brand Experience & Activation,brand-experience-activation,LEGO WORLD PLAY DAY,LEGO BRAND,OUR LEGO AGENCY,Consumer Goods,Submitted,https://ascentialcdn.filespin.io/api/v1/conversion/2b919f8c30e146caabc17dc703566a22?quality=85&format=webp,https://www.lovethework.com/work/entries/lego-world-play-day-769761
Spikes Asia,2026,Brand Experience & Activation,brand-experience-activation,SUGAR LIQUIDATION SALE™,LONG WHITE,"DROGA5 ANZ, PART OF ACCENTURE SONG",Launch/Relaunch,Submitted,https://ascentialcdn.filespin.io/api/v1/conversion/4bdf86811e534c7b9788106d510d4987?quality=85&format=webp,https://www.lovethework.com/work/entries/sugar-liquidation-sale-770622
Spikes Asia,2026,Brand Experience & Activation,brand-experience-activation,"ONE WORLD, ONE PLANET",EXPO 2025 OSAKA,"KANSAI, JAPAN, SIGNING",Live Brand Experience or Activation,Submitted,https://ascentialcdn.filespin.io/api/v1/conversion/dc96b1984e5040ea9b0ad7ca7e6258d1?quality=85&format=webp,https://www.lovethework.com/work/entries/one-world-one-planet-771099
Spikes Asia,2026,Brand Experience & Activation,brand-experience-activation,FLIPKART- LINE SEVAK,FLIPKART,McCANN INDIA,Live Brand Experience or Activation,Submitted,https://ascentialcdn.filespin.io/api/v1/conversion/ccff06640f764678a6b8ddc4e11d66de?quality=85&format=webp,https://www.lovethework.com/work/entries/flipkart-line-sevak-771224
Spikes Asia,2026,Brand Experience & Activation,brand-experience-activation,HIJACKED: A TOKYO BAY TAKEOVER,NIKE,PUSH JAPAN,Cultural Engagement,Submitted,https://ascentialcdn.filespin.io/api/v1/conversion/4ec6bfff00b9421fb7437d733af06d4f?quality=85&format=webp,https://www.lovethework.com/work/entries/hijacked-a-tokyo-bay-takeover-769771
Spikes Asia,2026,Brand Experience & Activation,brand-experience-activation,VI GUARDIAN BEADS,VI (VODAFONE IDEA),OGILVY,Social Behaviour,Submitted,https://ascentialcdn.filespin.io/api/v1/conversion/5699dd0c3a4244538a8439096ece97ec?quality=85&format=webp,https://www.lovethework.com/work/entries/vi-guardian-beads-770824
Spikes Asia,2026,Brand Experience & Activation,brand-experience-activation,THE SHAKE EXPRESS,BOLD84,"HAPPINESS, AN FCB ALLIANCE",Guerrilla Marketing & Stunts,Submitted,https://ascentialcdn.filespin.io/api/v1/conversion/99b208f53d944a2cb57cef9036f6da3e?quality=85&format=webp,https://www.lovethework.com/work/entries/the-shake-express-771130
Spikes Asia,2026,Brand Experience & Activation,brand-experience-activation,FIT FOR ANY ROLE: CENTURY TUNA’S PROTEIN-FIT CAMPAIGN,CENTURY TUNA,COMCO MUNDO LEAGUE OF ENTERPRISES,Consumer Goods,Submitted,https://ascentialcdn.filespin.io/api/v1/conversion/0bf72ee2529842e5ab2961c8bb256183?quality=85&format=webp,https://www.lovethework.com/work/entries/fit-for-any-role-century-tunas-protein-fit-campaign-771360
Spikes Asia,2026,Brand Experience & Activation,brand-experience-activation,WRITING & DESIGN INC. / WRITING & DESIGN PARTNERS INC. CORPORATE WEBSITE,WRITING & DESIGN INC. / WRITING & DESIGN PARTNERS INC.,MOUNT,Use of Website/Microsites,Submitted,https://ascentialcdn.filespin.io/api/v1/conversion/e748096ee91240258782c382a20a0014?quality=85&format=webp,https://www.lovethework.com/work/entries/writing-design-inc-writing-design-partners-inc-corporate-website-769872
Spikes Asia,2026,Brand Experience & Activation,brand-experience-activation,ACTROLOGY CARD,MIRROR THAILAND,TREND VG3,Social Behaviour,Submitted,https://ascentialcdn.filespin.io/api/v1/conversion/a6a575ccf3144138b99bcc5c98281475?quality=85&format=webp,https://www.lovethework.com/work/entries/actrology-card-772891
Spikes Asia,2026,Brand Experience & Activation,brand-experience-activation,"ONE WORLD, ONE PLANET",EXPO 2025 OSAKA,"KANSAI, JAPAN, SIGNING",Digital Installations,Submitted,https://ascentialcdn.filespin.io/api/v1/conversion/dc96b1984e5040ea9b0ad7ca7e6258d1?quality=85&format=webp,https://www.lovethework.com/work/entries/one-world-one-planet-771164
Spikes Asia,2026,Brand Experience & Activation,brand-experience-activation,LEGO YELLOW HOUSE,LEGO,OUR LEGO AGENCY,Customer Retail/In-store Experience,Submitted,https://ascentialcdn.filespin.io/api/v1/conversion/5ddbe38e5c1540419251381ffa304576?quality=85&format=webp,https://www.lovethework.com/work/entries/lego-yellow-house-769851
Spikes Asia,2026,Brand Experience & Activation,brand-experience-activation,VELVET SEASON: TOURISM AUTHORITY OF THAILAND (TAT) AND YANGO ADS,YANGO ADS,YANGO ADS,"Travel, Leisure, Retail, Restaurants & Fast Food Chains",Submitted,https://ascentialcdn.filespin.io/api/v1/conversion/d5f03f36c7b842a4a58cab01e68d7489?quality=85&format=webp,https://www.lovethework.com/work/entries/velvet-season-tourism-authority-of-thailand-tat-and-yango-ads-770509
Spikes Asia,2026,Brand Experience & Activation,brand-experience-activation,GQ PRO MED SCRUBS,GQ APPAREL,ACCENTURE SONG,Consumer Goods,Submitted,https://ascentialcdn.filespin.io/api/v1/storyboard/8d1f5f54d4344c10b300117bbd0991e6/storyboard_000008.jpg?quality=85&format=webp,https://www.lovethework.com/work/entries/gq-pro-med-scrubs-769757
Spikes Asia,2026,Brand Experience & Activation,brand-experience-activation,GAMERS ON DUTY,LENOVO,LEO,Launch/Relaunch,Submitted,https://ascentialcdn.filespin.io/api/v1/conversion/6756b104632a4778a34700b1371cfacf?quality=85&format=webp,https://www.lovethework.com/work/entries/gamers-on-duty-771182
Spikes Asia,2026,Brand Experience & Activation,brand-experience-activation,MOTTAINAI BANANA STORY,DOLE JAPAN,KOO-KI,Market Disruption,Submitted,https://ascentialcdn.filespin.io/api/v1/conversion/66ef1a6f2ad84630b4a740880b85d0d9?quality=85&format=webp,https://www.lovethework.com/work/entries/mottainai-banana-story-769861
Spikes Asia,2026,Brand Experience & Activation,brand-experience-activation,SLEEPING WITH GIANT,NELL,DENTSU INC.,Healthcare,Submitted,https://ascentialcdn.filespin.io/api/v1/conversion/75fa6db090b841f48e8b38b3a8e8d973?quality=85&format=webp,https://www.lovethework.com/work/entries/sleeping-with-giant-769646
Spikes Asia,2026,Brand Experience & Activation,brand-experience-activation,"MAIL DEL WATER: DELETE EMAILS, SAVE WATER",DR.CHUNG'S FOOD,HSAD,Corporate Purpose & Social Responsibility,Submitted,https://ascentialcdn.filespin.io/api/v1/conversion/3f4ee47388dc412585f4fe05a6f65a03?quality=85&format=webp,https://www.lovethework.com/work/entries/mail-del-water-delete-emails-save-water-769804
Spikes Asia,2026,Brand Experience & Activation,brand-experience-activation,MOGU MOGU TOWN,OTSUKA,DENTSU INC.,Use of Mobile & Devices,Submitted,https://ascentialcdn.filespin.io/api/v1/conversion/fad06e097ec24232820774091736cc43?quality=85&format=webp,https://www.lovethework.com/work/entries/mogu-mogu-town-769826
Spikes Asia,2026,Brand Experience & Activation,brand-experience-activation,POCKY PHILIPPINES “POCKY SABI”,POCKY PHILIPPINES,DENTSU CREATIVE,Social Behaviour,Submitted,https://ascentialcdn.filespin.io/api/v1/conversion/a78efa5c94314a17b3b86e545e7c2026?quality=85&format=webp,https://www.lovethework.com/work/entries/pocky-philippines-pocky-sabi-769800
Spikes Asia,2026,Brand Experience & Activation,brand-experience-activation,MORNING JOY AT MCDONALD'S,MCDONALD'S,MCDONALDS,Social Behaviour,Submitted,https://ascentialcdn.filespin.io/api/v1/storyboard/0d1b8ebc5b1744fd9a32992da8f36fd7/storyboard_000008.jpg?quality=85&format=webp,https://www.lovethework.com/work/entries/morning-joy-at-mcdonalds-769815
Spikes Asia,2026,Brand Experience & Activation,brand-experience-activation,ANZ SCAMMERS BLOOM,ANZ BANK NEW ZEALAND,TBWA\NEW ZEALAND,Social Behaviour,Submitted,https://ascentialcdn.filespin.io/api/v1/conversion/db84051db73942d18c507b86a7f050c3?quality=85&format=webp,https://www.lovethework.com/work/entries/anz-scammers-bloom-772797
Spikes Asia,2026,Brand Experience & Activation,brand-experience-activation,WHISKAS® LOCATOR,WHISKAS®,OGENCY,Market Disruption,Submitted,https://ascentialcdn.filespin.io/api/v1/conversion/b17ca1ce481f4b2d8923b824bb4fa5ae?quality=85&format=webp,https://www.lovethework.com/work/entries/whiskas-locator-769855
Spikes Asia,2026,Brand Experience & Activation,brand-experience-activation,TRANSFORMING THE WEBSITE INTO A STRATEGIC BRAND ACTIVATION PLATFORM,LONDON SCHOOL OF BUSINESS AND FINANCE PTE LTD,LONDON SCHOOL OF BUSINESS & FINANCE (LSBF),Use of Website/Microsites,Submitted,https://ascentialcdn.filespin.io/api/v1/conversion/86cef706021c409e9d60362e258d8d0d?quality=85&format=webp,https://www.lovethework.com/work/entries/transforming-the-website-into-a-strategic-brand-activation-platform-771132
Spikes Asia,2026,Brand Experience & Activation,brand-experience-activation,NATIONAL GARDENING LEAGUE,YATES,HOWATSON AND COMPANY,Consumer Goods,Submitted,https://ascentialcdn.filespin.io/api/v1/conversion/7e109d644f9c459ba37a15289dd60035?quality=85&format=webp,https://www.lovethework.com/work/entries/national-gardening-league-771005
Spikes Asia,2026,Brand Experience & Activation,brand-experience-activation,PERIOD AUDUOBOOK,MEGRHYTHM/LAURIER,GEEK PICTURES,Corporate Purpose & Social Responsibility,Submitted,https://ascentialcdn.filespin.io/api/v1/conversion/c57c5d4021a049dc8769f184c8ead41e?quality=85&format=webp,https://www.lovethework.com/work/entries/period-auduobook-769780
Spikes Asia,2026,Brand Experience & Activation,brand-experience-activation,BANNER AD CHANGEROOM,THE ICONIC,DENTSU CREATIVE,Live Brand Experience or Activation,Submitted,https://ascentialcdn.filespin.io/api/v1/conversion/0d30bc87031c4aeca5d86f73fb1acec5?quality=85&format=webp,https://www.lovethework.com/work/entries/banner-ad-changeroom-771485
Spikes Asia,2026,Brand Experience & Activation,brand-experience-activation,TOXIC BACKFIRE,SAMSUNG,CHEIL PENGTAI BEIJING,Use of Mobile & Devices,Submitted,https://ascentialcdn.filespin.io/api/v1/conversion/de25773a856041d1ac037682e229dc01?quality=85&format=webp,https://www.lovethework.com/work/entries/toxic-backfire-769843
Spikes Asia,2026,Brand Experience & Activation,brand-experience-activation,BULE GIRL THE MOON LOTTO,BLUE GIRL,BLUE GIRL BEER,Social Behaviour,Submitted,https://ascentialcdn.filespin.io/api/v1/conversion/3d1f9a7e58624744bd264a68eb08343d?quality=85&format=webp,https://www.lovethework.com/work/entries/bule-girl-the-moon-lotto-771006
Spikes Asia,2026,Brand Experience & Activation,brand-experience-activation,BROMANCE DAY,WOODSTOCK,"DROGA5 ANZ, PART OF ACCENTURE SONG",Social Behaviour,Submitted,https://ascentialcdn.filespin.io/api/v1/conversion/b06b853022b949e8bf49f0ae6ef02cb7?quality=85&format=webp,https://www.lovethework.com/work/entries/bromance-day-770673
Spikes Asia,2026,Brand Experience & Activation,brand-experience-activation,GQ PRO MED SCRUBS,GQ APPAREL,ACCENTURE SONG,Launch/Relaunch,Submitted,https://ascentialcdn.filespin.io/api/v1/storyboard/8d1f5f54d4344c10b300117bbd0991e6/storyboard_000008.jpg?quality=85&format=webp,https://www.lovethework.com/work/entries/gq-pro-med-scrubs-769908
Spikes Asia,2026,Brand Experience & Activation,brand-experience-activation,MK MONGKOL,MK RESTAURANT,SOUR BANGKOK,Launch/Relaunch,Submitted,https://ascentialcdn.filespin.io/api/v1/conversion/ad434e23c5284cc5b835b44cc3ee0b11?quality=85&format=webp,https://www.lovethework.com/work/entries/mk-mongkol-769895
Spikes Asia,2026,Brand Experience & Activation,brand-experience-activation,DAWAI READER,ALKEM LABORATORIES,LOWE LINTAS,Healthcare,Submitted,https://ascentialcdn.filespin.io/api/v1/conversion/762f141aa6fc442dad023f1af28469d8?quality=85&format=webp,https://www.lovethework.com/work/entries/dawai-reader-772874
Spikes Asia,2026,Brand Experience & Activation,brand-experience-activation,CHEAT CODES,MERCURY,FCB NEW ZEALAND,Gaming-Led Brand Experience,Submitted,https://ascentialcdn.filespin.io/api/v1/conversion/b308a59815be454a828e22d48df72788?quality=85&format=webp,https://www.lovethework.com/work/entries/cheat-codes-770582
Spikes Asia,2026,Brand Experience & Activation,brand-experience-activation,HAVE A POSITIVE BREAK,YURAKU CONFECTIONERY CO.,"LTD., DENTSU DIGITAL",Challenger Brand,Submitted,https://ascentialcdn.filespin.io/api/v1/conversion/0a0d69d66167460cab6a7a7eb67298e9?quality=85&format=webp,https://www.lovethework.com/work/entries/have-a-positive-break-773059
Spikes Asia,2026,Brand Experience & Activation,brand-experience-activation,VOICE WANTED,KOREAN NATIONAL POLICE AGENCY,CHEIL WORLDWIDE,Not-for-profit / Charity / Government,Submitted,https://ascentialcdn.filespin.io/api/v1/conversion/3e7a14a1c1d44d9080b78c9309143c84?quality=85&format=webp,https://www.lovethework.com/work/entries/voice-wanted-772879
Spikes Asia,2026,Brand Experience & Activation,brand-experience-activation,YOU'LL PAY FOR IT WITH BLOOD,I'M,MOSAIC AGENCY,"Travel, Leisure, Retail, Restaurants & Fast Food Chains",Submitted,https://ascentialcdn.filespin.io/api/v1/conversion/f70b8f3e477b453ba6a9a7cdabb3e380?quality=85&format=webp,https://www.lovethework.com/work/entries/youll-pay-for-it-with-blood-770738
Spikes Asia,2026,Brand Experience & Activation,brand-experience-activation,LA VIE - FROM A SIP TO A HOLISTIC MENTAL WELLBEING OF VIETNAM,LA VIE,THE PURPOSE GROUP,Customer Acquisition & Retention,Submitted,https://ascentialcdn.filespin.io/api/v1/conversion/13b9844f80964dc6987e06b12de890f8?quality=85&format=webp,https://www.lovethework.com/work/entries/la-vie-from-a-sip-to-a-holistic-mental-wellbeing-of-vietnam-773016
Spikes Asia,2026,Brand Experience & Activation,brand-experience-activation,THE GUINEA PIG SCHEME,ONE NEW ZEALAND,FCB NEW ZEALAND,Customer Acquisition & Retention,Submitted,https://ascentialcdn.filespin.io/api/v1/conversion/cf12f1b5de1841d08885514226260872?quality=85&format=webp,https://www.lovethework.com/work/entries/the-guinea-pig-scheme-770608
Spikes Asia,2026,Brand Experience & Activation,brand-experience-activation,INTANGIBLE CULTURAL SWEET,IOUTE SAND,ISHIMURA-MANSEIDO,Social Behaviour,Submitted,https://ascentialcdn.filespin.io/api/v1/conversion/c70065d4f72047bf95e8e762b7a8ca51?quality=85&format=webp,https://www.lovethework.com/work/entries/intangible-cultural-sweet-770931
Spikes Asia,2026,Brand Experience & Activation,brand-experience-activation,THE GOOD PASSENGER,LONGLAY,FLASH BOMBER,Corporate Purpose & Social Responsibility,Submitted,https://ascentialcdn.filespin.io/api/v1/conversion/1051d1c185a94b38aa5943af4f0fcf70?quality=85&format=webp,https://www.lovethework.com/work/entries/the-good-passenger-769766
Spikes Asia,2026,Brand Experience & Activation,brand-experience-activation,A MAHA MOVEMENT AT THE MAHA KUMBH,COCA-COLA,WEBER SHANDWICK,Consumer Goods,Submitted,https://ascentialcdn.filespin.io/api/v1/conversion/d3e4692a00d44c2cb745b90a622cfafd?quality=85&format=webp,https://www.lovethework.com/work/entries/a-maha-movement-at-the-maha-kumbh-770835
Spikes Asia,2026,Brand Experience & Activation,brand-experience-activation,CROCS COMFY CLASS,CROCS,LEO,Sponsorship & Brand Partnerships,Submitted,https://ascentialcdn.filespin.io/api/v1/conversion/f821999e3f0d44aa85dca3242d2337ff?quality=85&format=webp,https://www.lovethework.com/work/entries/crocs-comfy-class-771177
Spikes Asia,2026,Brand Experience & Activation,brand-experience-activation,AUTUMN INSIDE,CHAGEE,CHAGEE,Retail Promotions & Competitions,Submitted,https://ascentialcdn.filespin.io/api/v1/conversion/cce4dc83cadc4f3d9836da4fddbe02f1?quality=85&format=webp,https://www.lovethework.com/work/entries/autumn-inside-772884
Spikes Asia,2026,Brand Experience & Activation,brand-experience-activation,"HEAR BELLS, THINK TACOS",TACO BELL,SUPERMASSIVE,Retail Promotions & Competitions,Submitted,https://ascentialcdn.filespin.io/api/v1/conversion/a8ca96b408bd4a8ba740175ac3efae76?quality=85&format=webp,https://www.lovethework.com/work/entries/hear-bells-think-tacos-769874
Spikes Asia,2026,Brand Experience & Activation,brand-experience-activation,WORK FROM IKEA,IKEA,OGILVY,Customer Retail/In-store Experience,Submitted,https://ascentialcdn.filespin.io/api/v1/conversion/c4225254699f4cb997a2a34b884c78de?quality=85&format=webp,https://www.lovethework.com/work/entries/work-from-ikea-769845
Spikes Asia,2026,Brand Experience & Activation,brand-experience-activation,LUX RECLAIM HER NAME,LUX,VML,Single-market Campaign,Submitted,https://ascentialcdn.filespin.io/api/v1/conversion/4db28111cecf4965bea93e5376b230d4?quality=85&format=webp,https://www.lovethework.com/work/entries/lux-reclaim-her-name-769906
Spikes Asia,2026,Brand Experience & Activation,brand-experience-activation,#B7MAGICBARTOUR,STERLING RESERVE B7,ALLIED BLENDERS AND DISTILLERS,Live Brand Experience or Activation,Submitted,https://ascentialcdn.filespin.io/api/v1/conversion/beb31e9631544a228c88840a330524ae?quality=85&format=webp,https://www.lovethework.com/work/entries/b7magicbartour-771462
Spikes Asia,2026,Brand Experience & Activation,brand-experience-activation,HIJACKED: A TOKYO BAY TAKEOVER,NIKE,PUSH JAPAN,Live Brand Experience or Activation,Submitted,https://ascentialcdn.filespin.io/api/v1/conversion/4ec6bfff00b9421fb7437d733af06d4f?quality=85&format=webp,https://www.lovethework.com/work/entries/hijacked-a-tokyo-bay-takeover-769819
Spikes Asia,2026,Brand Experience & Activation,brand-experience-activation,CODEMATES - WHEREVER WE GO WE CAN DO MORE WITH CODE,TELSTRA,+61,Sponsorship & Brand Partnerships,Submitted,https://ascentialcdn.filespin.io/api/v1/conversion/f1e7c80d430d4979969222645f59cb1d?quality=85&format=webp,https://www.lovethework.com/work/entries/codemates-wherever-we-go-we-can-do-more-with-code-770539
Spikes Asia,2026,Brand Experience & Activation,brand-experience-activation,AUDIBLE AT BANGALORE COMIC CON,AUDIBLE,OS STUDIOS,Media/Entertainment,Submitted,https://ascentialcdn.filespin.io/api/v1/conversion/776d746683df488f8750147bea1ea79e?quality=85&format=webp,https://www.lovethework.com/work/entries/audible-at-bangalore-comic-con-769770
Spikes Asia,2026,Brand Experience & Activation,brand-experience-activation,KFC’S JAW-DROP CHALLENGE,KFC,DENTSU CREATIVE TAIWAN,"Travel, Leisure, Retail, Restaurants & Fast Food Chains",Submitted,https://ascentialcdn.filespin.io/api/v1/conversion/e1f392d84f4f4a64bc3a947d532556d2?quality=85&format=webp,https://www.lovethework.com/work/entries/kfcs-jaw-drop-challenge-772876
Spikes Asia,2026,Brand Experience & Activation,brand-experience-activation,TOXIC BACKFIRE,SAMSUNG,CHEIL PENGTAI BEIJING,Corporate Purpose & Social Responsibility,Submitted,https://ascentialcdn.filespin.io/api/v1/conversion/de25773a856041d1ac037682e229dc01?quality=85&format=webp,https://www.lovethework.com/work/entries/toxic-backfire-769891
Spikes Asia,2026,Brand Experience & Activation,brand-experience-activation,NATIONAL GARDENING LEAGUE,YATES,HOWATSON AND COMPANY,Retail Promotions & Competitions,Submitted,https://ascentialcdn.filespin.io/api/v1/conversion/7e109d644f9c459ba37a15289dd60035?quality=85&format=webp,https://www.lovethework.com/work/entries/national-gardening-league-772592
Spikes Asia,2026,Brand Experience & Activation,brand-experience-activation,HEARING 1945,BINGGRAE & THE MINISTRY OF PATRIOTS AND VETERANS AFFAIR,INNOCEAN,Not-for-profit / Charity / Government,Submitted,https://ascentialcdn.filespin.io/api/v1/conversion/183cbd8bcef44556bd724657555b1986?quality=85&format=webp,https://www.lovethework.com/work/entries/hearing-1945-773002
Spikes Asia,2026,Brand Experience & Activation,brand-experience-activation,PROTECT WHAT MATTERS WITH CERTIS SAFE DEPOSIT BOX,SAFE DEPOSIT BOX BY CERTIS,CERTIS,Launch/Relaunch,Submitted,https://ascentialcdn.filespin.io/api/v1/conversion/2db8803f81904a67b618aa8d380eb2fc?quality=85&format=webp,https://www.lovethework.com/work/entries/protect-what-matters-with-certis-safe-deposit-box-771287
Spikes Asia,2026,Brand Experience & Activation,brand-experience-activation,CURFEW HOSTELS,TIGER BEER,LEPUB,Guerrilla Marketing & Stunts,Submitted,https://ascentialcdn.filespin.io/api/v1/conversion/411966509f5c483ab9783935fb89948f?quality=85&format=webp,https://www.lovethework.com/work/entries/curfew-hostels-770875
Spikes Asia,2026,Brand Experience & Activation,brand-experience-activation,TASTO EMOTIONS-CHIPS,TASTO,CJ WORX,Social Behaviour,Submitted,https://ascentialcdn.filespin.io/api/v1/storyboard/ade20e7411e746ad8d1038278186d76c/storyboard_000008.jpg?quality=85&format=webp,https://www.lovethework.com/work/entries/tasto-emotions-chips-772889
Spikes Asia,2026,Brand Experience & Activation,brand-experience-activation,THE RESURRECTED COMES TO LIFE,NETFLIX,THIS IS TOMMY,360 Integrated Brand Experience,Submitted,https://ascentialcdn.filespin.io/api/v1/conversion/d40613eb270743de9429a8a51a780268?quality=85&format=webp,https://www.lovethework.com/work/entries/the-resurrected-comes-to-life-769806
Spikes Asia,2026,Brand Experience & Activation,brand-experience-activation,HAVE A POSITIVE BREAK,YURAKU CONFECTIONERY CO.,"LTD., DENTSU DIGITAL",Breakthrough on a Budget,Submitted,https://ascentialcdn.filespin.io/api/v1/conversion/14ec270fc88e411ca5e4bdb636c22730?quality=85&format=webp,https://www.lovethework.com/work/entries/have-a-positive-break-773060
Spikes Asia,2026,Brand Experience & Activation,brand-experience-activation,SAKURA SCAN,KIRIN BEER,KIRIN BREWERY COMPANY,Cultural Engagement,Submitted,https://ascentialcdn.filespin.io/api/v1/conversion/1de049ba98d24b558834c6067c5802b0?quality=85&format=webp,https://www.lovethework.com/work/entries/sakura-scan-770732
Spikes Asia,2026,Brand Experience & Activation,brand-experience-activation,DON'T MINE WHAT'S MINE,DEEP RISING,EMOTIVE,Use of Website/Microsites,Submitted,https://ascentialcdn.filespin.io/api/v1/conversion/f05cd5f32c0f49a499d3aa0ac6caea53?quality=85&format=webp,https://www.lovethework.com/work/entries/dont-mine-whats-mine-769889
Spikes Asia,2026,Brand Experience & Activation,brand-experience-activation,BULE GIRL THE MOON LOTTO,BLUE GIRL,BLUE GIRL BEER,Retail Promotions & Competitions,Submitted,https://ascentialcdn.filespin.io/api/v1/conversion/3d1f9a7e58624744bd264a68eb08343d?quality=85&format=webp,https://www.lovethework.com/work/entries/bule-girl-the-moon-lotto-770994
Spikes Asia,2026,Brand Experience & Activation,brand-experience-activation,"SPOT, STOP POST!",NTT DOCOMO,TOKYU AGENCY,360 Integrated Brand Experience,Submitted,https://ascentialcdn.filespin.io/api/v1/conversion/2c7e725eb6954f04906e002a778dcb06?quality=85&format=webp,https://www.lovethework.com/work/entries/spot-stop-post-769813
Spikes Asia,2026,Brand Experience & Activation,brand-experience-activation,WOYAGE DAYCATIONS,TAJ,THE INDIAN HOTELS COMPANY,"Travel, Leisure, Retail, Restaurants & Fast Food Chains",Submitted,https://ascentialcdn.filespin.io/api/v1/conversion/279ccc621b1e4f63ac9d8e5204aeff97?quality=85&format=webp,https://www.lovethework.com/work/entries/woyage-daycations-769653
Spikes Asia,2026,Brand Experience & Activation,brand-experience-activation,LIFE AFTER FIRE AND ASH,DISNEY,LEO,Live Brand Experience or Activation,Submitted,https://ascentialcdn.filespin.io/api/v1/conversion/e83ec84533dc420ebf94b35f06ff19f1?quality=85&format=webp,https://www.lovethework.com/work/entries/life-after-fire-and-ash-771122
Spikes Asia,2026,Brand Experience & Activation,brand-experience-activation,NEW FORM OF INHERITANCE,KOMBUYA MAGOBEI,KOMBUYA MAGOBEI,Local Brand,Submitted,https://ascentialcdn.filespin.io/api/v1/conversion/477f1d2937c9490a875111139a52135a?quality=85&format=webp,https://www.lovethework.com/work/entries/new-form-of-inheritance-769841
Spikes Asia,2026,Brand Experience & Activation,brand-experience-activation,CURFEW HOSTELS,TIGER BEER,LEPUB,Market Disruption,Submitted,https://ascentialcdn.filespin.io/api/v1/conversion/411966509f5c483ab9783935fb89948f?quality=85&format=webp,https://www.lovethework.com/work/entries/curfew-hostels-770883
Spikes Asia,2026,Brand Experience & Activation,brand-experience-activation,THE MISSING VERSE: COMPLETING THE BENTO SYMPHONY,ZESPRI INTERNATIONAL JAPAN,DENTSU INC.,Consumer Goods,Submitted,https://ascentialcdn.filespin.io/api/v1/conversion/1ce5e04765ac4b88adeae73c8ac26da7?quality=85&format=webp,https://www.lovethework.com/work/entries/the-missing-verse-completing-the-bento-symphony-771421
Spikes Asia,2026,Brand Experience & Activation,brand-experience-activation,BEER HOLDER,BLUE GIRL,AB INBEV,Breakthrough on a Budget,Submitted,https://ascentialcdn.filespin.io/api/v1/conversion/01472e4eb9064a4ea45f4c7e63d3cc10?quality=85&format=webp,https://www.lovethework.com/work/entries/beer-holder-771369
Spikes Asia,2026,Brand Experience & Activation,brand-experience-activation,ANZ X AUCKLAND FC RECORD SEASON,ANZ BANK NEW ZEALAND,TBWA\NEW ZEALAND,Sponsorship & Brand Partnerships,Submitted,https://ascentialcdn.filespin.io/api/v1/conversion/e056df34a66a457884e18f19532f307c?quality=85&format=webp,https://www.lovethework.com/work/entries/anz-x-auckland-fc-record-season-770617
Spikes Asia,2026,Brand Experience & Activation,brand-experience-activation,KLOOK GO WILD WITH TRAVEL,KLOOK,GREY,Single-market Campaign,Submitted,https://ascentialcdn.filespin.io/api/v1/conversion/89e4bfeaecb14b71aa36ebe8f95090e3?quality=85&format=webp,https://www.lovethework.com/work/entries/klook-go-wild-with-travel-773017
Spikes Asia,2026,Brand Experience & Activation,brand-experience-activation,BACK TO THE BEGINNING,MCDONALD'S HONG KONG,BBDO HONG KONG,Single-market Campaign,Submitted,https://ascentialcdn.filespin.io/api/v1/conversion/c3fa72c981fe4a84bcb4ea6effd5b968?quality=85&format=webp,https://www.lovethework.com/work/entries/back-to-the-beginning-770519
Spikes Asia,2026,Brand Experience & Activation,brand-experience-activation,UV LYNC,ULTRAVIOLETTE AUTOMOTIVE PRIVATE LIMITED,TGTHR,Tech-led Brand Experience,Submitted,https://ascentialcdn.filespin.io/api/v1/conversion/14a14ac3d1524791a5197666a0d6094c?quality=85&format=webp,https://www.lovethework.com/work/entries/uv-lync-770662
Spikes Asia,2026,Brand Experience & Activation,brand-experience-activation,UV LYNC,ULTRAVIOLETTE AUTOMOTIVE PRIVATE LIMITED,TGTHR,Use of Mobile & Devices,Submitted,https://ascentialcdn.filespin.io/api/v1/conversion/14a14ac3d1524791a5197666a0d6094c?quality=85&format=webp,https://www.lovethework.com/work/entries/uv-lync-770653
Spikes Asia,2026,Brand Experience & Activation,brand-experience-activation,FLIPKART- LINE SEVAK,FLIPKART,McCANN INDIA,Breakthrough on a Budget,Submitted,https://ascentialcdn.filespin.io/api/v1/conversion/ccff06640f764678a6b8ddc4e11d66de?quality=85&format=webp,https://www.lovethework.com/work/entries/flipkart-line-sevak-771265
Spikes Asia,2026,Brand Experience & Activation,brand-experience-activation,DROP CART DRAW,LOTUS'S,VML,Retail Promotions & Competitions,Submitted,https://ascentialcdn.filespin.io/api/v1/conversion/8d21805e36d448c59ba7e9cac722d056?quality=85&format=webp,https://www.lovethework.com/work/entries/drop-cart-draw-770791
Spikes Asia,2026,Brand Experience & Activation,brand-experience-activation,THE HUNGRY GAMES,SNICKERS,MIND SPARK,Live Brand Experience or Activation,Submitted,https://ascentialcdn.filespin.io/api/v1/conversion/2fd1467813c4441a83df472525db8010?quality=85&format=webp,https://www.lovethework.com/work/entries/the-hungry-games-771108
Spikes Asia,2026,Brand Experience & Activation,brand-experience-activation,SMART USAGE BY MOBICOM,MOBICOM LLC,MOBICOM,Social Behaviour,Submitted,https://ascentialcdn.filespin.io/api/v1/conversion/f088c6161578477bb3ffca9c1f71dd9b?quality=85&format=webp,https://www.lovethework.com/work/entries/smart-usage-by-mobicom-769824
Spikes Asia,2026,Brand Experience & Activation,brand-experience-activation,THE ACQUITTED RAMEN RETURNS,SAMYANG FOODS,INNORED,Launch/Relaunch,Submitted,https://ascentialcdn.filespin.io/api/v1/conversion/fa4aafa640e645388c768706e172b188?quality=85&format=webp,https://www.lovethework.com/work/entries/the-acquitted-ramen-returns-770447
Spikes Asia,2026,Brand Experience & Activation,brand-experience-activation,SNICKERS 2025 'ON THE GO' CAMPAIGN,SNICKERS,HORIZON,360 Integrated Brand Experience,Submitted,https://ascentialcdn.filespin.io/api/v1/conversion/95289b943f6e4a1d9df8ddcd538affed?quality=85&format=webp,https://www.lovethework.com/work/entries/snickers-2025-on-the-go-campaign-770969
Spikes Asia,2026,Brand Experience & Activation,brand-experience-activation,GAMEJOY: THE UNIVERSAL GAMER CASH,JOLLIBEE PHILIPPINES,OCTOPUS & WHALE,Gaming-Led Brand Experience,Submitted,https://ascentialcdn.filespin.io/api/v1/conversion/f4240105493e4e09b51a24fa9fb71fb6?quality=85&format=webp,https://www.lovethework.com/work/entries/gamejoy-the-universal-gamer-cash-771138
Spikes Asia,2026,Brand Experience & Activation,brand-experience-activation,SMART USAGE BY MOBICOM,MOBICOM LLC,MOBICOM,Corporate Purpose & Social Responsibility,Submitted,https://ascentialcdn.filespin.io/api/v1/conversion/135327e41ec64c1a8deab8c6d69a006a?quality=85&format=webp,https://www.lovethework.com/work/entries/smart-usage-by-mobicom-769816
Spikes Asia,2026,Brand Experience & Activation,brand-experience-activation,"HELLO, BRUTUS.",BRUTUS / GOOGLE GEMINI,DENTSU CREATIVE PICTURES,New Realities & Emerging Tech,Submitted,https://ascentialcdn.filespin.io/api/v1/conversion/721faae0bed4470fb2f5f86df56dc201?quality=85&format=webp,https://www.lovethework.com/work/entries/hello-brutus-770530
Spikes Asia,2026,Brand Experience & Activation,brand-experience-activation,THE JUMP ROPE EXPERIENCE,NETFLIX,GIGIL,Tech-led Brand Experience,Submitted,https://ascentialcdn.filespin.io/api/v1/conversion/ee25a446cdd74f549e6d9b93b7feb2aa?quality=85&format=webp,https://www.lovethework.com/work/entries/the-jump-rope-experience-769805
Spikes Asia,2026,Brand Experience & Activation,brand-experience-activation,RENAULT KIGER GAMING OOH,RENAULT,SAATCHI & SAATCHI INDIA,Use of Mobile & Devices,Submitted,https://ascentialcdn.filespin.io/api/v1/conversion/2866804336034b4c80c8502a7f580aa5?quality=85&format=webp,https://www.lovethework.com/work/entries/renault-kiger-gaming-ooh-770424
Spikes Asia,2026,Creative B2B,creative-b2b,SOIL STAY,TRA MONGKUT FERTILIZER,VML,Targeting & Engagement,Grand Prix,https://ascentialcdn.filespin.io/api/v1/conversion/3dd80933e78246c78ac15475b435f03c?quality=85&format=webp,https://www.lovethework.com/work/entries/soil-stay-770312
Spikes Asia,2026,Creative B2B,creative-b2b,NO BLANKET VALUE.,SOCIAL VALUE AOTEAROA.,MOTION SICKNESS,Craft in B2B,Gold,https://ascentialcdn.filespin.io/api/v1/conversion/4bcf8f9655604619b2e52c27a2545631?quality=85&format=webp,https://www.lovethework.com/work/entries/no-blanket-value-770767
Spikes Asia,2026,Creative B2B,creative-b2b,BEE TO B2B,VOLKSWAGEN,MCCANN NEW ZEALAND,Brand Experience,Silver,https://ascentialcdn.filespin.io/api/v1/conversion/407cd002ed8e4dbeba73114afaa5854f?quality=85&format=webp,https://www.lovethework.com/work/entries/bee-to-b2b-770295
Spikes Asia,2026,Creative B2B,creative-b2b,TILECHALK,DBL CERAMICS LIMITED,POP5,Market Disruption,Bronze,https://ascentialcdn.filespin.io/api/v1/conversion/c74b843d05d54cc888aa720fc66399fc?quality=85&format=webp,https://www.lovethework.com/work/entries/tilechalk-770346
Spikes Asia,2026,Creative B2B,creative-b2b,BEE TO B2B,VOLKSWAGEN,MCCANN NEW ZEALAND,Integrated Campaigns,Shortlist,https://ascentialcdn.filespin.io/api/v1/conversion/35ee3e95eeb94898ab6788678ffd80a4?quality=85&format=webp,https://www.lovethework.com/work/entries/bee-to-b2b-770372
Spikes Asia,2026,Creative B2B,creative-b2b,SOIL STAY,TRA MONGKUT FERTILIZER,VML,Corporate Purpose & Social Responsibility,Shortlist,https://ascentialcdn.filespin.io/api/v1/conversion/3dd80933e78246c78ac15475b435f03c?quality=85&format=webp,https://www.lovethework.com/work/entries/soil-stay-770330
Spikes Asia,2026,Creative B2B,creative-b2b,LAY'S REVIVING MITTI,LAY'S,LEO,Corporate Purpose & Social Responsibility,Shortlist,https://ascentialcdn.filespin.io/api/v1/conversion/a1b39647cb244850b8663c98bea24b75?quality=85&format=webp,https://www.lovethework.com/work/entries/lays-reviving-mitti-771786
Spikes Asia,2026,Creative B2B,creative-b2b,AIRMAN,AIRMAN,ADK MARKETING SOLUTIONS,Innovative use of Content,Shortlist,https://ascentialcdn.filespin.io/api/v1/conversion/812daec20f98494c99ae66ed17782b8b?quality=85&format=webp,https://www.lovethework.com/work/entries/airman-772796
Spikes Asia,2026,Creative B2B,creative-b2b,LAY'S REVIVING MITTI,LAY'S,LEO,Effectiveness & Measurement,Shortlist,https://ascentialcdn.filespin.io/api/v1/conversion/a1b39647cb244850b8663c98bea24b75?quality=85&format=webp,https://www.lovethework.com/work/entries/lays-reviving-mitti-771779
Spikes Asia,2026,Creative B2B,creative-b2b,FOOD MAP MALAYSIA,REDBUS INDIA PRIVATE LIMITED,REDBUS,Breakthrough on a Budget,Submitted,https://ascentialcdn.filespin.io/api/v1/conversion/8296239ade6647eeb60880bf01ac5724?quality=85&format=webp,https://www.lovethework.com/work/entries/food-map-malaysia-773089
Spikes Asia,2026,Creative B2B,creative-b2b,HEINEKEN STARRING BARS,HEINEKEN,LEPUB,Innovative use of Content,Submitted,https://ascentialcdn.filespin.io/api/v1/conversion/f9b474c037df4cfabc83ec05aa292f8f?quality=85&format=webp,https://www.lovethework.com/work/entries/heineken-starring-bars-773079
Spikes Asia,2026,Creative B2B,creative-b2b,"LINE TAIWAN ""NOTES THAT WORK FOR YOU""",LINE TAIWAN,LINE TAIWAN,Targeting & Engagement,Submitted,https://ascentialcdn.filespin.io/api/v1/conversion/df6ff962842248e598a8967cbf00b91b?quality=85&format=webp,https://www.lovethework.com/work/entries/line-taiwan-notes-that-work-for-you-772979
Spikes Asia,2026,Creative B2B,creative-b2b,FOOD MAP MALAYSIA,REDBUS INDIA PRIVATE LIMITED,REDBUS,B2B Influencer Marketing,Submitted,https://ascentialcdn.filespin.io/api/v1/conversion/8296239ade6647eeb60880bf01ac5724?quality=85&format=webp,https://www.lovethework.com/work/entries/food-map-malaysia-770910
Spikes Asia,2026,Creative B2B,creative-b2b,KECA(PIECE) OF ART,KECAP MANIS INDOFOOD,HAKUHODO INTERNATIONAL INDONESIA,Challenger Brand,Submitted,https://ascentialcdn.filespin.io/api/v1/conversion/7dfa2c413a294ae181a63839bf085081?quality=85&format=webp,https://www.lovethework.com/work/entries/kecapiece-of-art-771216
Spikes Asia,2026,Creative B2B,creative-b2b,WALKME CHALLENGE ONLINE,WALKME,OPUS AGENCY,Brand Experience,Submitted,https://ascentialcdn.filespin.io/api/v1/conversion/71358a9b9ddd40d8ac7fb168f6793b37?quality=85&format=webp,https://www.lovethework.com/work/entries/walkme-challenge-online-770273
Spikes Asia,2026,Creative B2B,creative-b2b,VELVET SEASON: TOURISM AUTHORITY OF THAILAND (TAT) AND YANGO ADS,YANGO ADS,YANGO ADS,Targeting & Engagement,Submitted,https://ascentialcdn.filespin.io/api/v1/conversion/d5f03f36c7b842a4a58cab01e68d7489?quality=85&format=webp,https://www.lovethework.com/work/entries/velvet-season-tourism-authority-of-thailand-tat-and-yango-ads-770426
Spikes Asia,2026,Creative B2B,creative-b2b,CELCOMDIGI,CELCOMDIGI,CELCOMDIGI,Craft in B2B,Submitted,https://ascentialcdn.filespin.io/api/v1/conversion/1f349ee5f3874e8dab7410c4a23fde8e?quality=85&format=webp,https://www.lovethework.com/work/entries/celcomdigi-771840
Spikes Asia,2026,Creative B2B,creative-b2b,"MAERSK ""THE HERO""",MAERSK AIR CARGO,MAERSK LOGISTICS ASIA,Effectiveness & Measurement,Submitted,https://ascentialcdn.filespin.io/api/v1/conversion/fd8975b1de6941bf879a7e94fbeb9e65?quality=85&format=webp,https://www.lovethework.com/work/entries/maersk-the-hero-770506
Spikes Asia,2026,Creative B2B,creative-b2b,AM/NS INDIA - RUSTIANS VS. OPTIGAL®,AM/NS INDIA,ARCELORMITTAL NIPPON STEEL INDIA,Craft in B2B,Submitted,https://ascentialcdn.filespin.io/api/v1/conversion/2b00f0b23c504f50a343b838d506d9a7?quality=85&format=webp,https://www.lovethework.com/work/entries/amns-india-rustians-vs-optigal-771228
Spikes Asia,2026,Creative B2B,creative-b2b,SYNTHITE - A MILLION MOMENTS - CORPORATE FILM,SYNTHITE,CAT PRODUCTIONS,Craft in B2B,Submitted,https://ascentialcdn.filespin.io/api/v1/conversion/d14220c9467d4822828b95052468f6f0?quality=85&format=webp,https://www.lovethework.com/work/entries/synthite-a-million-moments-corporate-film-770361
Spikes Asia,2026,Creative B2B,creative-b2b,FOOD MAP MALAYSIA,REDBUS INDIA PRIVATE LIMITED,REDBUS,Market Disruption,Submitted,https://ascentialcdn.filespin.io/api/v1/conversion/8296239ade6647eeb60880bf01ac5724?quality=85&format=webp,https://www.lovethework.com/work/entries/food-map-malaysia-770904
Spikes Asia,2026,Creative B2B,creative-b2b,"""WHO HOLDS THE POWER?""",STANDARD CHARTERED,"CORPORATE INVESTMENT BANKING, JOY COMMUNICATION",Innovative use of Content,Submitted,https://ascentialcdn.filespin.io/api/v1/conversion/a3cbe45bff6b4fecabcbc30018777cb1?quality=85&format=webp,https://www.lovethework.com/work/entries/who-holds-the-power-772340
Spikes Asia,2026,Creative B2B,creative-b2b,HOME GROWN,PROPERTYGURU,PROPERTYGURU,Cross-Channel Storytelling,Submitted,https://ascentialcdn.filespin.io/api/v1/conversion/d6326f2456cd4cd98b2da8d4885abbba?quality=85&format=webp,https://www.lovethework.com/work/entries/home-grown-771456
Spikes Asia,2026,Creative B2B,creative-b2b,MARKETING UNFILTERED WITH AUNTY M,GOOGLE,THE CARROT COLLECTIVE,Targeting & Engagement,Submitted,https://ascentialcdn.filespin.io/api/v1/conversion/12e2c0101d534bfd841cf4375702d9da?quality=85&format=webp,https://www.lovethework.com/work/entries/marketing-unfiltered-with-aunty-m-770937
Spikes Asia,2026,Creative B2B,creative-b2b,FOOD MAP MALAYSIA,REDBUS INDIA PRIVATE LIMITED,REDBUS,Innovative use of Content,Submitted,https://ascentialcdn.filespin.io/api/v1/conversion/8296239ade6647eeb60880bf01ac5724?quality=85&format=webp,https://www.lovethework.com/work/entries/food-map-malaysia-770877
Spikes Asia,2026,Creative B2B,creative-b2b,NATIONAL AUSTRALIA BANK FEDERAL BUDGET 2025 CAMPAIGN,NATIONAL AUSTRALIA BANK,NATIONAL AUSTRALIA BANK,Craft in B2B,Submitted,https://ascentialcdn.filespin.io/api/v1/conversion/e5ba9379cc2f4d319a8ccdfa0fb1e77a?quality=85&format=webp,https://www.lovethework.com/work/entries/national-australia-bank-federal-budget-2025-campaign-770355
Spikes Asia,2026,Creative B2B,creative-b2b,HEINEKEN STARRING BARS,HEINEKEN,LEPUB,Corporate Purpose & Social Responsibility,Submitted,https://ascentialcdn.filespin.io/api/v1/conversion/f9b474c037df4cfabc83ec05aa292f8f?quality=85&format=webp,https://www.lovethework.com/work/entries/heineken-starring-bars-773080
Spikes Asia,2026,Creative B2B,creative-b2b,"DON'T ASK WHY, ASK WEX",WEX,WEX,Cross-Channel Storytelling,Submitted,https://ascentialcdn.filespin.io/api/v1/conversion/a6c1b630033549f08394d2ab5eb1b95d?quality=85&format=webp,https://www.lovethework.com/work/entries/dont-ask-why-ask-wex-772238
Spikes Asia,2026,Creative B2B,creative-b2b,"""WHO HOLDS THE POWER?""",STANDARD CHARTERED,"CORPORATE INVESTMENT BANKING, JOY COMMUNICATION",Targeting & Engagement,Submitted,https://ascentialcdn.filespin.io/api/v1/conversion/a3cbe45bff6b4fecabcbc30018777cb1?quality=85&format=webp,https://www.lovethework.com/work/entries/who-holds-the-power-772341
Spikes Asia,2026,Creative B2B,creative-b2b,HOW ON EARTH,CATHAY,LEO HONG KONG,Craft in B2B,Submitted,https://ascentialcdn.filespin.io/api/v1/conversion/8ed796c25e7e49cb9e72a215b668e25a?quality=85&format=webp,https://www.lovethework.com/work/entries/how-on-earth-773113
Spikes Asia,2026,Creative B2B,creative-b2b,"DON'T ASK WHY, ASK WEX",WEX,WEX,Integrated Campaigns,Submitted,https://ascentialcdn.filespin.io/api/v1/conversion/a6c1b630033549f08394d2ab5eb1b95d?quality=85&format=webp,https://www.lovethework.com/work/entries/dont-ask-why-ask-wex-772240
Spikes Asia,2026,Creative B2B,creative-b2b,THE FUTURE OF FINANCE,AIRWALLEX,AIRWALLEX,Challenger Brand,Submitted,https://ascentialcdn.filespin.io/api/v1/conversion/c052f63d64d24832b1c867978820aadd?quality=85&format=webp,https://www.lovethework.com/work/entries/the-future-of-finance-770892
Spikes Asia,2026,Creative B2B,creative-b2b,NATIONAL AUSTRALIA BANK FEDERAL BUDGET 2025 CAMPAIGN,NATIONAL AUSTRALIA BANK,NATIONAL AUSTRALIA BANK,Innovative use of Content,Submitted,https://ascentialcdn.filespin.io/api/v1/conversion/e5ba9379cc2f4d319a8ccdfa0fb1e77a?quality=85&format=webp,https://www.lovethework.com/work/entries/national-australia-bank-federal-budget-2025-campaign-770303
Spikes Asia,2026,Creative B2B,creative-b2b,YOU CANNOT BE SERIOUS,TORAY INDUSTRIES INC.,MT. MELVIL,Corporate Purpose & Social Responsibility,Submitted,https://ascentialcdn.filespin.io/api/v1/conversion/7ff12778a86b4cd1a69230fb3e01d3e0?quality=85&format=webp,https://www.lovethework.com/work/entries/you-cannot-be-serious-770332
Spikes Asia,2026,Creative B2B,creative-b2b,CELCOMDIGI,CELCOMDIGI,CELCOMDIGI,Brand Experience,Submitted,https://ascentialcdn.filespin.io/api/v1/conversion/1f349ee5f3874e8dab7410c4a23fde8e?quality=85&format=webp,https://www.lovethework.com/work/entries/celcomdigi-771831
Spikes Asia,2026,Creative B2B,creative-b2b,ALLIANCE BANK BIZSMART CHALLENGE: REINVENTING B2B CONTENT THROUGH RECORD-SETTING FEATURE-LENGTH FILM,ALLIANCE BANK,AMPERSAND ADVISORY,Innovative use of Content,Submitted,https://ascentialcdn.filespin.io/api/v1/conversion/1160d97824c749e79e9ad496993fa83a?quality=85&format=webp,https://www.lovethework.com/work/entries/alliance-bank-bizsmart-challenge-reinventing-b2b-content-through-record-setting-feature-length-film-771295
Spikes Asia,2026,Creative B2B,creative-b2b,MARKETING UNFILTERED WITH AUNTY M,GOOGLE,THE CARROT COLLECTIVE,Craft in B2B,Submitted,https://ascentialcdn.filespin.io/api/v1/conversion/12e2c0101d534bfd841cf4375702d9da?quality=85&format=webp,https://www.lovethework.com/work/entries/marketing-unfiltered-with-aunty-m-770948
Spikes Asia,2026,Creative B2B,creative-b2b,THE FUTURE OF FINANCE,AIRWALLEX,AIRWALLEX,Craft in B2B,Submitted,https://ascentialcdn.filespin.io/api/v1/conversion/c052f63d64d24832b1c867978820aadd?quality=85&format=webp,https://www.lovethework.com/work/entries/the-future-of-finance-773118
Spikes Asia,2026,Creative B2B,creative-b2b,MARKETING UNFILTERED WITH AUNTY M,GOOGLE,THE CARROT COLLECTIVE,Innovative use of Content,Submitted,https://ascentialcdn.filespin.io/api/v1/conversion/12e2c0101d534bfd841cf4375702d9da?quality=85&format=webp,https://www.lovethework.com/work/entries/marketing-unfiltered-with-aunty-m-770929
Spikes Asia,2026,Creative B2B,creative-b2b,HEINEKEN STARRING BARS,HEINEKEN,LEPUB,Cross-Channel Storytelling,Submitted,https://ascentialcdn.filespin.io/api/v1/conversion/f9b474c037df4cfabc83ec05aa292f8f?quality=85&format=webp,https://www.lovethework.com/work/entries/heineken-starring-bars-773078
Spikes Asia,2026,Creative B2B,creative-b2b,TWILIO FIRST-CLASS,TWILIO,TWILIO,Brand Experience,Submitted,https://ascentialcdn.filespin.io/api/v1/conversion/a65896bb3afe487d96d7d2a1381d7379?quality=85&format=webp,https://www.lovethework.com/work/entries/twilio-first-class-770282
Spikes Asia,2026,Creative B2B,creative-b2b,THE MODERN DAY ARK,CATHAY,LEO HONG KONG,Craft in B2B,Submitted,https://ascentialcdn.filespin.io/api/v1/conversion/8ec2be274eb34fb69a4de5c08f4e6a56?quality=85&format=webp,https://www.lovethework.com/work/entries/the-modern-day-ark-771240
Spikes Asia,2026,Creative B2B,creative-b2b,FOOD MAP MALAYSIA,REDBUS INDIA PRIVATE LIMITED,REDBUS,Targeting & Engagement,Submitted,https://ascentialcdn.filespin.io/api/v1/conversion/8296239ade6647eeb60880bf01ac5724?quality=85&format=webp,https://www.lovethework.com/work/entries/food-map-malaysia-770884
Spikes Asia,2026,Creative B2B,creative-b2b,SAS DATALANDS SERIES,SAS,SAS INSTITUTE,Craft in B2B,Submitted,https://ascentialcdn.filespin.io/api/v1/conversion/2bb2d8b1669241858a837d6cc365df9d?quality=85&format=webp,https://www.lovethework.com/work/entries/sas-datalands-series-772980
Spikes Asia,2026,Creative B2B,creative-b2b,HOME RUN: SINGAPORE,PROPERTYGURU,PROPERTYGURU,Innovative use of Content,Submitted,https://ascentialcdn.filespin.io/api/v1/conversion/bd41fb496e184240a4cc5354c0226697?quality=85&format=webp,https://www.lovethework.com/work/entries/home-run-singapore-771463
Spikes Asia,2026,Creative B2B,creative-b2b,MARKETING UNFILTERED WITH AUNTY M,GOOGLE,THE CARROT COLLECTIVE,B2B Influencer Marketing,Submitted,https://ascentialcdn.filespin.io/api/v1/conversion/12e2c0101d534bfd841cf4375702d9da?quality=85&format=webp,https://www.lovethework.com/work/entries/marketing-unfiltered-with-aunty-m-770951
Spikes Asia,2026,Creative Commerce,creative-commerce,VASELINE VERIFIED,VASELINE,OGILVY,Social/Influencer Commerce,Grand Prix,https://ascentialcdn.filespin.io/api/v1/conversion/9d54a70f009d42e1a49944d1de6a39a0?quality=85&format=webp,https://www.lovethework.com/work/entries/vaseline-verified-771429
Spikes Asia,2026,Creative Commerce,creative-commerce,THE RECYCLING RETHINK,PEPSI,SPECIAL,Innovative use of Commerce Channel,Gold,https://ascentialcdn.filespin.io/api/v1/conversion/b274ab59bc944bc3a02b5258b0418288?quality=85&format=webp,https://www.lovethework.com/work/entries/the-recycling-rethink-770620
Spikes Asia,2026,Creative Commerce,creative-commerce,STREAMING OUT LOUD,KUAISHOU,TOPIC & LOONG,Customer Acquisition & Retention,Silver,https://ascentialcdn.filespin.io/api/v1/conversion/a8849a17e8a54ea6b7f67ab3f916654c?quality=85&format=webp,https://www.lovethework.com/work/entries/streaming-out-loud-770863
Spikes Asia,2026,Creative Commerce,creative-commerce,KARANGAHAPE RETURNS,KARANGAHAPE BUSINESS ASSOCIATION,MOTION SICKNESS,Breakthrough on a Budget,Bronze,https://ascentialcdn.filespin.io/api/v1/conversion/5b68e69454ec42ca8a76a153ce713029?quality=85&format=webp,https://www.lovethework.com/work/entries/karangahape-returns-770741
Spikes Asia,2026,Creative Commerce,creative-commerce,FLIPPIN' AMAZIN',FLIPKART,LEO,eCommerce Websites/Apps,Shortlist,https://ascentialcdn.filespin.io/api/v1/conversion/5563576735ea44fb9d6a455bdf0d302f?quality=85&format=webp,https://www.lovethework.com/work/entries/flippin-amazin-771433
Spikes Asia,2026,Creative Commerce,creative-commerce,APP O'CLOCK,TELSTRA,+61,Customer Acquisition & Retention,Shortlist,https://ascentialcdn.filespin.io/api/v1/conversion/469a9d9954a74cc480cb9797996a635f?quality=85&format=webp,https://www.lovethework.com/work/entries/app-oclock-770474
Spikes Asia,2026,Creative Commerce,creative-commerce,STREAMING OUT LOUD,KUAISHOU,TOPIC & LOONG,Inclusive Commerce,Shortlist,https://ascentialcdn.filespin.io/api/v1/conversion/a8849a17e8a54ea6b7f67ab3f916654c?quality=85&format=webp,https://www.lovethework.com/work/entries/streaming-out-loud-772650
Spikes Asia,2026,Creative Commerce,creative-commerce,THE SPONSORED TRUTH,SAMSUNG,LEO,"Targeting, Insights and Personalisation",Shortlist,https://ascentialcdn.filespin.io/api/v1/conversion/4109705e25d64c209befc8b73c6713dd?quality=85&format=webp,https://www.lovethework.com/work/entries/the-sponsored-truth-770988
Spikes Asia,2026,Creative Commerce,creative-commerce,HEINEKEN TRUST BARS,HEINEKEN,LEPUB,In-Store Experiences,Shortlist,https://ascentialcdn.filespin.io/api/v1/conversion/b88a9669ca90417ebddf25d1e8cef9d7?quality=85&format=webp,https://www.lovethework.com/work/entries/heineken-trust-bars-770843
Spikes Asia,2026,Creative Commerce,creative-commerce,HEINEKEN TRUST BARS,HEINEKEN,LEPUB,Social Behaviour,Shortlist,https://ascentialcdn.filespin.io/api/v1/conversion/b88a9669ca90417ebddf25d1e8cef9d7?quality=85&format=webp,https://www.lovethework.com/work/entries/heineken-trust-bars-772651
Spikes Asia,2026,Creative Commerce,creative-commerce,GAMERS ON DUTY,LENOVO,LEO,Entertainment Commerce,Shortlist,https://ascentialcdn.filespin.io/api/v1/conversion/6756b104632a4778a34700b1371cfacf?quality=85&format=webp,https://www.lovethework.com/work/entries/gamers-on-duty-771289
Spikes Asia,2026,Creative Commerce,creative-commerce,GAMERS ON DUTY,LENOVO,LEO,Media/Entertainment,Shortlist,https://ascentialcdn.filespin.io/api/v1/conversion/6756b104632a4778a34700b1371cfacf?quality=85&format=webp,https://www.lovethework.com/work/entries/gamers-on-duty-771314
Spikes Asia,2026,Creative Commerce,creative-commerce,FLIPPIN' AMAZIN',FLIPKART,LEO,Challenger Brand,Submitted,https://ascentialcdn.filespin.io/api/v1/conversion/5563576735ea44fb9d6a455bdf0d302f?quality=85&format=webp,https://www.lovethework.com/work/entries/flippin-amazin-771438
Spikes Asia,2026,Creative Commerce,creative-commerce,G-ROCK FESTIVAL (GMARKET ROCK FESTIVAL),GMARKET INC.,CHAI COMMUNICATION,Challenger Brand,Submitted,https://ascentialcdn.filespin.io/api/v1/conversion/d3690036cfba4e08a764a96333ef2c62?quality=85&format=webp,https://www.lovethework.com/work/entries/g-rock-festival-gmarket-rock-festival-770866
Spikes Asia,2026,Creative Commerce,creative-commerce,GAMEJOY: THE UNIVERSAL GAMER CASH,JOLLIBEE PHILIPPINES,OCTOPUS & WHALE,Entertainment Commerce,Submitted,https://ascentialcdn.filespin.io/api/v1/conversion/f4240105493e4e09b51a24fa9fb71fb6?quality=85&format=webp,https://www.lovethework.com/work/entries/gamejoy-the-universal-gamer-cash-771128
Spikes Asia,2026,Creative Commerce,creative-commerce,WEDDING CRASHERS,UNIFI,GROWTHOPS MALAYSIA,Entertainment Commerce,Submitted,https://ascentialcdn.filespin.io/api/v1/conversion/94dbdd882cc741389113d9f872d8947e?quality=85&format=webp,https://www.lovethework.com/work/entries/wedding-crashers-771370
Spikes Asia,2026,Creative Commerce,creative-commerce,THE POWER OF TOUCH,VISA,BEACON COMMUNICATIONS,Corporate Purpose & Social Responsibility,Submitted,https://ascentialcdn.filespin.io/api/v1/conversion/d81a957ecb564a059795e17b67d93c28?quality=85&format=webp,https://www.lovethework.com/work/entries/the-power-of-touch-771143
Spikes Asia,2026,Creative Commerce,creative-commerce,FANS FRIES MEAL,MCDONALD’S MALAYSIA,LEO,In-Store Experiences,Submitted,https://ascentialcdn.filespin.io/api/v1/conversion/55a3de75a62448068d4eba6a4c600c47?quality=85&format=webp,https://www.lovethework.com/work/entries/fans-fries-meal-770916
Spikes Asia,2026,Creative Commerce,creative-commerce,BANNER AD CHANGEROOM,THE ICONIC,DENTSU CREATIVE,Innovative use of Commerce Channel,Submitted,https://ascentialcdn.filespin.io/api/v1/conversion/281de0055d2d47319ac082924dcb8253?quality=85&format=webp,https://www.lovethework.com/work/entries/banner-ad-changeroom-771490
Spikes Asia,2026,Creative Commerce,creative-commerce,COMFEE×MIXUE｜OVERSEAS MARKETING IN SOUTHEAST ASIA - DOUBLE CHILL DOUBLE COOL,COMFEE,GUANGDONG MIDEA REFRIGERATION EQUIPMENT COMPANY,Brand Strategy,Submitted,https://ascentialcdn.filespin.io/api/v1/conversion/ff13a71e87c44d9182ce3732898d0e5c?quality=85&format=webp,https://www.lovethework.com/work/entries/comfeemixueoverseas-marketing-in-southeast-asia-double-chill-double-cool-771208
Spikes Asia,2026,Creative Commerce,creative-commerce,G-ROCK FESTIVAL (GMARKET ROCK FESTIVAL),GMARKET INC.,CHAI COMMUNICATION,Use of Humour,Submitted,https://ascentialcdn.filespin.io/api/v1/conversion/317b3ef544ea4b3ab6038445f92640a8?quality=85&format=webp,https://www.lovethework.com/work/entries/g-rock-festival-gmarket-rock-festival-770871
Spikes Asia,2026,Creative Commerce,creative-commerce,THE SHAKE EXPRESS,BOLD84,"HAPPINESS, AN FCB ALLIANCE",Challenger Brand,Submitted,https://ascentialcdn.filespin.io/api/v1/conversion/cf544869018d44a1b13860b517e8494b?quality=85&format=webp,https://www.lovethework.com/work/entries/the-shake-express-771136
Spikes Asia,2026,Creative Commerce,creative-commerce,MAHJONG COFFEE,BOSS,DENTSU INC.,Entertainment Commerce,Submitted,https://ascentialcdn.filespin.io/api/v1/conversion/b22b3ef4bedb409388969a938827fefb?quality=85&format=webp,https://www.lovethework.com/work/entries/mahjong-coffee-770362
Spikes Asia,2026,Creative Commerce,creative-commerce,THE OMEGANG,UFARM,YELL ADVERTISING,Challenger Brand,Submitted,https://ascentialcdn.filespin.io/api/v1/conversion/f51380a85d024799a24dd909787583e3?quality=85&format=webp,https://www.lovethework.com/work/entries/the-omegang-770265
Spikes Asia,2026,Creative Commerce,creative-commerce,MINI: NO BASIC OFFERS,MINI CHINA,TBWA\CHINA,Market Disruption,Submitted,https://ascentialcdn.filespin.io/api/v1/conversion/22d348cbc75f438e9a05a3beb29aa3d2?quality=85&format=webp,https://www.lovethework.com/work/entries/mini-no-basic-offers-772649
Spikes Asia,2026,Creative Commerce,creative-commerce,EMPTY BUT THE FULLEST LUNCHBOX,UNICEF,DAEHONG COMMUNICATIONS,Brand Strategy,Submitted,https://ascentialcdn.filespin.io/api/v1/conversion/5575384fc7e742b29dd67a25a4e55f17?quality=85&format=webp,https://www.lovethework.com/work/entries/empty-but-the-fullest-lunchbox-770256
Spikes Asia,2026,Creative Commerce,creative-commerce,SAUCE REDEMPTION,KFC THAILAND,BRILLIANT & MILLION,Customer Acquisition & Retention,Submitted,https://ascentialcdn.filespin.io/api/v1/conversion/d1133d1658bf410d8abc8dae53da731b?quality=85&format=webp,https://www.lovethework.com/work/entries/sauce-redemption-770248
Spikes Asia,2026,Creative Commerce,creative-commerce,APP O'CLOCK,TELSTRA,+61,Mobile-led Commerce,Submitted,https://ascentialcdn.filespin.io/api/v1/conversion/469a9d9954a74cc480cb9797996a635f?quality=85&format=webp,https://www.lovethework.com/work/entries/app-oclock-770461
Spikes Asia,2026,Creative Commerce,creative-commerce,DROP CART DRAW,LOTUS'S,VML,Market Disruption,Submitted,https://ascentialcdn.filespin.io/api/v1/conversion/8d21805e36d448c59ba7e9cac722d056?quality=85&format=webp,https://www.lovethework.com/work/entries/drop-cart-draw-770751
Spikes Asia,2026,Creative Commerce,creative-commerce,BANNER AD CHANGEROOM,THE ICONIC,DENTSU CREATIVE,Inclusive Commerce,Submitted,https://ascentialcdn.filespin.io/api/v1/conversion/281de0055d2d47319ac082924dcb8253?quality=85&format=webp,https://www.lovethework.com/work/entries/banner-ad-changeroom-771487
Spikes Asia,2026,Creative Commerce,creative-commerce,HEINEKEN TRUST BARS,HEINEKEN,LEPUB,Payment Solutions,Submitted,https://ascentialcdn.filespin.io/api/v1/conversion/b88a9669ca90417ebddf25d1e8cef9d7?quality=85&format=webp,https://www.lovethework.com/work/entries/heineken-trust-bars-770725
Spikes Asia,2026,Creative Commerce,creative-commerce,MAHJONG COFFEE,BOSS,DENTSU INC.,Consumer Goods,Submitted,https://ascentialcdn.filespin.io/api/v1/conversion/9b3f098549ce494882270abd7fb213cf?quality=85&format=webp,https://www.lovethework.com/work/entries/mahjong-coffee-770322
Spikes Asia,2026,Creative Commerce,creative-commerce,PROTECT WHAT MATTERS WITH CERTIS SAFE DEPOSIT BOX,SAFE DEPOSIT BOX BY CERTIS,CERTIS,Consumer Services/Business to Business,Submitted,https://ascentialcdn.filespin.io/api/v1/conversion/2db8803f81904a67b618aa8d380eb2fc?quality=85&format=webp,https://www.lovethework.com/work/entries/protect-what-matters-with-certis-safe-deposit-box-771322
Spikes Asia,2026,Creative Commerce,creative-commerce,SAVE ME,FAMILYMART,THE BREAKTHROUGH COMPANY GO,Commerce Media,Submitted,https://ascentialcdn.filespin.io/api/v1/conversion/50321f448e6141988fe36af2a216f0c3?quality=85&format=webp,https://www.lovethework.com/work/entries/save-me-770400
Spikes Asia,2026,Creative Commerce,creative-commerce,THE GUINEA PIG SCHEME,ONE NEW ZEALAND,FCB NEW ZEALAND,Mobile-led Commerce,Submitted,https://ascentialcdn.filespin.io/api/v1/conversion/cf12f1b5de1841d08885514226260872?quality=85&format=webp,https://www.lovethework.com/work/entries/the-guinea-pig-scheme-770644
Spikes Asia,2026,Creative Commerce,creative-commerce,THE CORNER STORE CONCERT,BIRDY®,ACCENTURE SONG,In-Store Experiences,Submitted,https://ascentialcdn.filespin.io/api/v1/conversion/95d94d56662946d8ae13af574c3d9d27?quality=85&format=webp,https://www.lovethework.com/work/entries/the-corner-store-concert-770405
Spikes Asia,2026,Creative Commerce,creative-commerce,BULE GIRL THE MOON LOTTO,BLUE GIRL,BLUE GIRL BEER,Social Behaviour,Submitted,https://ascentialcdn.filespin.io/api/v1/conversion/3d1f9a7e58624744bd264a68eb08343d?quality=85&format=webp,https://www.lovethework.com/work/entries/bule-girl-the-moon-lotto-771009
Spikes Asia,2026,Creative Commerce,creative-commerce,NUTRITION FLIGHT REVOLUTION: ZESPRI'S QUICK-CHARGE,ZESPRI,MINDSHARE,Innovative use of Commerce Channel,Submitted,https://ascentialcdn.filespin.io/api/v1/conversion/7884caf27a5f413ba4b4f6f6c7e7aac0?quality=85&format=webp,https://www.lovethework.com/work/entries/nutrition-flight-revolution-zespris-quick-charge-770394
Spikes Asia,2026,Creative Commerce,creative-commerce,COMMUTER CAMO,KITKAT,VML,Social/Influencer Commerce,Submitted,https://ascentialcdn.filespin.io/api/v1/conversion/ac85ce71291846cdb92574057a940792?quality=85&format=webp,https://www.lovethework.com/work/entries/commuter-camo-770353
Spikes Asia,2026,Creative Commerce,creative-commerce,COMMUTER CAMO,KITKAT,VML,Consumer Goods,Submitted,https://ascentialcdn.filespin.io/api/v1/conversion/ac85ce71291846cdb92574057a940792?quality=85&format=webp,https://www.lovethework.com/work/entries/commuter-camo-770334
Spikes Asia,2026,Creative Commerce,creative-commerce,"HEAR BELLS, THINK TACOS",TACO BELL,SUPERMASSIVE,"Travel, Leisure, Retail, Restaurants & Fast Food Chains",Submitted,https://ascentialcdn.filespin.io/api/v1/conversion/a8ca96b408bd4a8ba740175ac3efae76?quality=85&format=webp,https://www.lovethework.com/work/entries/hear-bells-think-tacos-770344
Spikes Asia,2026,Creative Commerce,creative-commerce,DROP CART DRAW,LOTUS'S,VML,Commerce Media,Submitted,https://ascentialcdn.filespin.io/api/v1/conversion/8d21805e36d448c59ba7e9cac722d056?quality=85&format=webp,https://www.lovethework.com/work/entries/drop-cart-draw-770827
Spikes Asia,2026,Creative Commerce,creative-commerce,FLIPPIN' AMAZIN',FLIPKART,LEO,Mobile-led Commerce,Submitted,https://ascentialcdn.filespin.io/api/v1/conversion/5563576735ea44fb9d6a455bdf0d302f?quality=85&format=webp,https://www.lovethework.com/work/entries/flippin-amazin-771472
Spikes Asia,2026,Creative Commerce,creative-commerce,KARANGAHAPE RETURNS,KARANGAHAPE BUSINESS ASSOCIATION,MOTION SICKNESS,In-Store Experiences,Submitted,https://ascentialcdn.filespin.io/api/v1/conversion/5b68e69454ec42ca8a76a153ce713029?quality=85&format=webp,https://www.lovethework.com/work/entries/karangahape-returns-773077
Spikes Asia,2026,Creative Commerce,creative-commerce,DROP CART DRAW,LOTUS'S,VML,"Targeting, Insights and Personalisation",Submitted,https://ascentialcdn.filespin.io/api/v1/conversion/8d21805e36d448c59ba7e9cac722d056?quality=85&format=webp,https://www.lovethework.com/work/entries/drop-cart-draw-773076
Spikes Asia,2026,Creative Commerce,creative-commerce,COMMUTER CAMO,KITKAT,VML,Entertainment Commerce,Submitted,https://ascentialcdn.filespin.io/api/v1/conversion/ac85ce71291846cdb92574057a940792?quality=85&format=webp,https://www.lovethework.com/work/entries/commuter-camo-770378
Spikes Asia,2026,Creative Commerce,creative-commerce,THE SELECTED ME-SEUM : REDEFINING K-GOURMET & BEAUTY IN E-COMMERCE,SSG.COM,HSAD,Omnichannel Commerce,Submitted,https://ascentialcdn.filespin.io/api/v1/conversion/9c1d684e1b974ad999fd7c8543ce30d0?quality=85&format=webp,https://www.lovethework.com/work/entries/the-selected-me-seum-redefining-k-gourmet-beauty-in-e-commerce-770390
Spikes Asia,2026,Creative Commerce,creative-commerce,TAP PAY FOR BUSINESS,JAZZCASH,FISHBOWL,Mobile-led Commerce,Submitted,https://ascentialcdn.filespin.io/api/v1/conversion/63dbbad1cb5c400ca6dee26e9e9756e1?quality=85&format=webp,https://www.lovethework.com/work/entries/tap-pay-for-business-770497
Spikes Asia,2026,Creative Commerce,creative-commerce,MCDONALD'S X SQUID GAME: DARE TO PLAY,MCDONALD'S AUSTRALIA,AKCELO,Entertainment Commerce,Submitted,https://ascentialcdn.filespin.io/api/v1/conversion/e105a78f0f4249d09c942766f7b6fa0d?quality=85&format=webp,https://www.lovethework.com/work/entries/mcdonalds-x-squid-game-dare-to-play-771476
Spikes Asia,2026,Creative Data,creative-data,SALTANAT LIGHT,CITIX,GFORCE,Corporate Purpose & Social Responsibility,Grand Prix,https://ascentialcdn.filespin.io/api/v1/conversion/68f2c53ebcea42bd9ab7b58852b5aa95?quality=85&format=webp,https://www.lovethework.com/work/entries/saltanat-light-770167
Spikes Asia,2026,Creative Data,creative-data,ACKO TAILOR,ACKO GENERAL INSURANCE LIMITED,LEO,Data-Driven Targeting,Gold,https://ascentialcdn.filespin.io/api/v1/conversion/e82941d6ae59462c8a4b451cb2aed8ed?quality=85&format=webp,https://www.lovethework.com/work/entries/acko-tailor-770943
Spikes Asia,2026,Creative Data,creative-data,THE WORST CHILDREN'S LIBRARY,SAMSUNG NZ,MCCANN NEW ZEALAND,Data Visualisation,Silver,https://ascentialcdn.filespin.io/api/v1/conversion/92adc488ec0240ac939ad04662f73311?quality=85&format=webp,https://www.lovethework.com/work/entries/the-worst-childrens-library-772955
Spikes Asia,2026,Creative Data,creative-data,DARESCORE,MOUNTAIN DEW,LEO,Social Behaviour,Bronze,https://ascentialcdn.filespin.io/api/v1/conversion/2d017b7a37f1456db0d330ecec745d14?quality=85&format=webp,https://www.lovethework.com/work/entries/darescore-771762
Spikes Asia,2026,Creative Data,creative-data,SALTANAT LIGHT,CITIX,GFORCE,Use of Real-Time Data,Bronze,https://ascentialcdn.filespin.io/api/v1/conversion/68f2c53ebcea42bd9ab7b58852b5aa95?quality=85&format=webp,https://www.lovethework.com/work/entries/saltanat-light-770119
Spikes Asia,2026,Creative Data,creative-data,THE WORST CHILDREN'S LIBRARY,SAMSUNG NZ,MCCANN NEW ZEALAND,Corporate Purpose & Social Responsibility,Shortlist,https://ascentialcdn.filespin.io/api/v1/conversion/92adc488ec0240ac939ad04662f73311?quality=85&format=webp,https://www.lovethework.com/work/entries/the-worst-childrens-library-770181
Spikes Asia,2026,Creative Data,creative-data,COMEBACK HOME,DAANGN,INNOCEAN,Local Brand,Shortlist,https://ascentialcdn.filespin.io/api/v1/conversion/5e50a2922eca4fffb5ef0806562327ec?quality=85&format=webp,https://www.lovethework.com/work/entries/comeback-home-770133
Spikes Asia,2026,Creative Data,creative-data,SALTANAT LIGHT,CITIX,GFORCE,Data Storytelling,Shortlist,https://ascentialcdn.filespin.io/api/v1/conversion/68f2c53ebcea42bd9ab7b58852b5aa95?quality=85&format=webp,https://www.lovethework.com/work/entries/saltanat-light-770199
Spikes Asia,2026,Creative Data,creative-data,DAWAI READER,ALKEM LABORATORIES,LOWE LINTAS,Data-Driven Consumer Product,Shortlist,https://ascentialcdn.filespin.io/api/v1/conversion/762f141aa6fc442dad023f1af28469d8?quality=85&format=webp,https://www.lovethework.com/work/entries/dawai-reader-770172
Spikes Asia,2026,Creative Data,creative-data,VOICE WANTED,KOREAN NATIONAL POLICE AGENCY,CHEIL WORLDWIDE,Market Disruption,Shortlist,https://ascentialcdn.filespin.io/api/v1/conversion/d11e9ee9193944bcae96dbdfe7fc3809?quality=85&format=webp,https://www.lovethework.com/work/entries/voice-wanted-772956
Spikes Asia,2026,Creative Data,creative-data,SAFE SKETCH,SAVE THE CHILDREN,CHEIL HONG KONG,Corporate Purpose & Social Responsibility,Submitted,https://ascentialcdn.filespin.io/api/v1/conversion/991e49a6692f4e8fb5deba0b937366de?quality=85&format=webp,https://www.lovethework.com/work/entries/safe-sketch-770173
Spikes Asia,2026,Creative Data,creative-data,DBS KTA,DBS KTA,ORCA - ALVA DIGITAL,Data-Driven Targeting,Submitted,https://ascentialcdn.filespin.io/api/v1/conversion/cf78a8adef7d4b529350c4a7ac75c4bb?quality=85&format=webp,https://www.lovethework.com/work/entries/dbs-kta-770169
Spikes Asia,2026,Creative Data,creative-data,BODY GRANOLA ~ASK YOUR GUT~,BODY GRANOLA,DENTSU INC.,Data-technology,Submitted,https://ascentialcdn.filespin.io/api/v1/conversion/af89f5e9e710488db0b1035547e095e9?quality=85&format=webp,https://www.lovethework.com/work/entries/body-granola-ask-your-gut-770109
Spikes Asia,2026,Creative Data,creative-data,BODY GRANOLA ~ASK YOUR GUT~,BODY GRANOLA,DENTSU INC.,Data Visualisation,Submitted,https://ascentialcdn.filespin.io/api/v1/conversion/af89f5e9e710488db0b1035547e095e9?quality=85&format=webp,https://www.lovethework.com/work/entries/body-granola-ask-your-gut-770224
Spikes Asia,2026,Creative Data,creative-data,VOICE WANTED,KOREAN NATIONAL POLICE AGENCY,CHEIL WORLDWIDE,Data Visualisation,Submitted,https://ascentialcdn.filespin.io/api/v1/conversion/cd1f0fad2e6f4743ace7e0a7bfc42c43?quality=85&format=webp,https://www.lovethework.com/work/entries/voice-wanted-770083
Spikes Asia,2026,Creative Data,creative-data,LAY'S REVIVING MITTI,LAY'S,LEO,Corporate Purpose & Social Responsibility,Submitted,https://ascentialcdn.filespin.io/api/v1/conversion/a1b39647cb244850b8663c98bea24b75?quality=85&format=webp,https://www.lovethework.com/work/entries/lays-reviving-mitti-771767
Spikes Asia,2026,Creative Data,creative-data,HAVEN,SUNCORP INSURANCE,LEO,Data Storytelling,Submitted,https://ascentialcdn.filespin.io/api/v1/conversion/dc2b30fe672049bc83f53585a7e8f8c1?quality=85&format=webp,https://www.lovethework.com/work/entries/haven-771217
Spikes Asia,2026,Creative Data,creative-data,MAERSK SHIPHAPPENS,MAERSK LOGISTICS,MAERSK LOGISTICS ASIA,Use of Humour,Submitted,https://ascentialcdn.filespin.io/api/v1/conversion/f3a8f9ffc6c44519993d27dabd1ca1ba?quality=85&format=webp,https://www.lovethework.com/work/entries/maersk-shiphappens-771432
Spikes Asia,2026,Creative Data,creative-data,DARESCORE,MOUNTAIN DEW,LEO,Single-Market Campaign,Submitted,https://ascentialcdn.filespin.io/api/v1/conversion/2d017b7a37f1456db0d330ecec745d14?quality=85&format=webp,https://www.lovethework.com/work/entries/darescore-771756
Spikes Asia,2026,Creative Data,creative-data,SCOOT’S INAUGURAL SOLO TRAVEL TREND REPORT,SCOOT PTE LTD,SCOOT,Data Storytelling,Submitted,https://ascentialcdn.filespin.io/api/v1/conversion/e15391118c874a0c87c7970056557df5?quality=85&format=webp,https://www.lovethework.com/work/entries/scoots-inaugural-solo-travel-trend-report-770213
Spikes Asia,2026,Creative Data,creative-data,SAKURA SCAN,KIRIN BEER,KIRIN BREWERY COMPANY,Creative Data Collection & Research,Submitted,https://ascentialcdn.filespin.io/api/v1/conversion/60f8fa31c4124717b2cd57c3eab4ad33?quality=85&format=webp,https://www.lovethework.com/work/entries/sakura-scan-770890
Spikes Asia,2026,Creative Data,creative-data,CELCOMDIGI,CELCOMDIGI,CELCOMDIGI,Use of Real-Time Data,Submitted,https://ascentialcdn.filespin.io/api/v1/conversion/69e58796562c4594b77079792069833b?quality=85&format=webp,https://www.lovethework.com/work/entries/celcomdigi-771794
Spikes Asia,2026,Creative Data,creative-data,MUMNIPULATE THE ALGORITHM,KITCHEN WAREHOUSE,SPECIAL,Data-Driven Targeting,Submitted,https://ascentialcdn.filespin.io/api/v1/conversion/7bb33a17145945c18d1bffbfb8e2988c?quality=85&format=webp,https://www.lovethework.com/work/entries/mumnipulate-the-algorithm-770872
Spikes Asia,2026,Creative Data,creative-data,THE RECYCLING RETHINK,PEPSI,SPECIAL,Use of Real-Time Data,Submitted,https://ascentialcdn.filespin.io/api/v1/conversion/b274ab59bc944bc3a02b5258b0418288?quality=85&format=webp,https://www.lovethework.com/work/entries/the-recycling-rethink-770597
Spikes Asia,2026,Creative Data,creative-data,CELCOMDIGI,CELCOMDIGI,CELCOMDIGI,Data-Driven Targeting,Submitted,https://ascentialcdn.filespin.io/api/v1/conversion/1f349ee5f3874e8dab7410c4a23fde8e?quality=85&format=webp,https://www.lovethework.com/work/entries/celcomdigi-771781
Spikes Asia,2026,Creative Data,creative-data,HAVEN,SUNCORP INSURANCE,LEO,Data-Enhanced Creativity,Submitted,https://ascentialcdn.filespin.io/api/v1/conversion/995a29970f434d56ac38e14a61b02176?quality=85&format=webp,https://www.lovethework.com/work/entries/haven-771210
Spikes Asia,2026,Creative Data,creative-data,SAFE SKETCH,SAVE THE CHILDREN,CHEIL HONG KONG,Social Behaviour,Submitted,https://ascentialcdn.filespin.io/api/v1/conversion/991e49a6692f4e8fb5deba0b937366de?quality=85&format=webp,https://www.lovethework.com/work/entries/safe-sketch-770142
Spikes Asia,2026,Creative Data,creative-data,THE SUZUKI INDEX,SUZUKI AUTOMOTIVE,ATIME&PLACE,Use of Real-Time Data,Submitted,https://ascentialcdn.filespin.io/api/v1/conversion/f440143be4b442e387ad5c72a29b4af1?quality=85&format=webp,https://www.lovethework.com/work/entries/the-suzuki-index-770124
Spikes Asia,2026,Creative Data,creative-data,SALTANAT LIGHT,CITIX,GFORCE,Data Visualisation,Submitted,https://ascentialcdn.filespin.io/api/v1/conversion/68f2c53ebcea42bd9ab7b58852b5aa95?quality=85&format=webp,https://www.lovethework.com/work/entries/saltanat-light-770220
Spikes Asia,2026,Creative Data,creative-data,DARESCORE,MOUNTAIN DEW,LEO,Use of Real-Time Data,Submitted,https://ascentialcdn.filespin.io/api/v1/conversion/2d017b7a37f1456db0d330ecec745d14?quality=85&format=webp,https://www.lovethework.com/work/entries/darescore-771800
Spikes Asia,2026,Creative Data,creative-data,SAKURA SCAN,KIRIN BEER,KIRIN BREWERY COMPANY,Cultural Engagement,Submitted,https://ascentialcdn.filespin.io/api/v1/conversion/1de049ba98d24b558834c6067c5802b0?quality=85&format=webp,https://www.lovethework.com/work/entries/sakura-scan-770766
Spikes Asia,2026,Creative Data,creative-data,LAY'S REVIVING MITTI,LAY'S,LEO,Creative Data Collection & Research,Submitted,https://ascentialcdn.filespin.io/api/v1/conversion/a1b39647cb244850b8663c98bea24b75?quality=85&format=webp,https://www.lovethework.com/work/entries/lays-reviving-mitti-771750
Spikes Asia,2026,Creative Data,creative-data,THE KILOMETER LOYALTY EXCHANGE,HONDA,TU7UH CREATIVE LAB,Corporate Purpose & Social Responsibility,Submitted,https://ascentialcdn.filespin.io/api/v1/conversion/4cd9eb497dda4b658e3b54520e095905?quality=85&format=webp,https://www.lovethework.com/work/entries/the-kilometer-loyalty-exchange-770160
Spikes Asia,2026,Creative Data,creative-data,HEARING 1945,BINGGRAE & THE MINISTRY OF PATRIOTS AND VETERANS AFFAIR,INNOCEAN,Cultural Engagement,Submitted,https://ascentialcdn.filespin.io/api/v1/conversion/183cbd8bcef44556bd724657555b1986?quality=85&format=webp,https://www.lovethework.com/work/entries/hearing-1945-770537
Spikes Asia,2026,Creative Data,creative-data,THE SUZUKI INDEX,SUZUKI AUTOMOTIVE,ATIME&PLACE,Data-Enhanced Creativity,Submitted,https://ascentialcdn.filespin.io/api/v1/conversion/f440143be4b442e387ad5c72a29b4af1?quality=85&format=webp,https://www.lovethework.com/work/entries/the-suzuki-index-770158
Spikes Asia,2026,Creative Data,creative-data,BODY GRANOLA ~ASK YOUR GUT~,BODY GRANOLA,DENTSU INC.,Data-Driven Consumer Product,Submitted,https://ascentialcdn.filespin.io/api/v1/conversion/af89f5e9e710488db0b1035547e095e9?quality=85&format=webp,https://www.lovethework.com/work/entries/body-granola-ask-your-gut-772954
Spikes Asia,2026,Creative Data,creative-data,"STOOL DONATION PLATFORM ""CHO-MUSUBI""",METAGEN THERAPEUTICS,DENTSU INC.,Data-Driven Consumer Product,Submitted,https://ascentialcdn.filespin.io/api/v1/conversion/f89d4957aa244002b57e3e4e2ea3a8fd?quality=85&format=webp,https://www.lovethework.com/work/entries/stool-donation-platform-cho-musubi-770183
Spikes Asia,2026,Creative Data,creative-data,CELCOMDIGI,CELCOMDIGI,CELCOMDIGI,Data-Enhanced Creativity,Submitted,https://ascentialcdn.filespin.io/api/v1/conversion/69e58796562c4594b77079792069833b?quality=85&format=webp,https://www.lovethework.com/work/entries/celcomdigi-771776
Spikes Asia,2026,Creative Data,creative-data,LAY'S REVIVING MITTI,LAY'S,LEO,Cultural Engagement,Submitted,https://ascentialcdn.filespin.io/api/v1/conversion/a1b39647cb244850b8663c98bea24b75?quality=85&format=webp,https://www.lovethework.com/work/entries/lays-reviving-mitti-771773
Spikes Asia,2026,Creative Data,creative-data,COMEBACK HOME,DAANGN,INNOCEAN,Data Storytelling,Submitted,https://ascentialcdn.filespin.io/api/v1/conversion/5e50a2922eca4fffb5ef0806562327ec?quality=85&format=webp,https://www.lovethework.com/work/entries/comeback-home-770208
Spikes Asia,2026,Creative Data,creative-data,HEARING 1945,BINGGRAE & THE MINISTRY OF PATRIOTS AND VETERANS AFFAIR,INNOCEAN,Data-Enhanced Creativity,Submitted,https://ascentialcdn.filespin.io/api/v1/conversion/183cbd8bcef44556bd724657555b1986?quality=85&format=webp,https://www.lovethework.com/work/entries/hearing-1945-770528
Spikes Asia,2026,Creative Data,creative-data,THE RECYCLING RETHINK,PEPSI,SPECIAL,Market Disruption,Submitted,https://ascentialcdn.filespin.io/api/v1/conversion/b274ab59bc944bc3a02b5258b0418288?quality=85&format=webp,https://www.lovethework.com/work/entries/the-recycling-rethink-773036
Spikes Asia,2026,Creative Data,creative-data,KNOCK TURN,YAMAHA,DENTSU EAST JAPAN,Use of Humour,Submitted,https://ascentialcdn.filespin.io/api/v1/storyboard/083bce5cfb77490d889ebb76e4b0c09e/storyboard_000008.jpg?quality=85&format=webp,https://www.lovethework.com/work/entries/knock-turn-770152
Spikes Asia,2026,Creative Data,creative-data,HAVEN,SUNCORP INSURANCE,LEO,Corporate Purpose & Social Responsibility,Submitted,https://ascentialcdn.filespin.io/api/v1/conversion/449a176d68cd4b5b8357fce955d2b5ae?quality=85&format=webp,https://www.lovethework.com/work/entries/haven-771229
Spikes Asia,2026,Creative Data,creative-data,WAVES OF WILL POWERED BY NTT,NTT HUMAN INFORMATICS LABORATORIES,DENTSU INC.,Data-technology,Submitted,https://ascentialcdn.filespin.io/api/v1/conversion/ed386df0bbb44b61a43d0dada2a25300?quality=85&format=webp,https://www.lovethework.com/work/entries/waves-of-will-powered-by-ntt-771294
Spikes Asia,2026,Creative Data,creative-data,PRIDE FILTER,MARRIAGE FOR ALL JAPAN,TBWA\HAKUHODO,Cultural Engagement,Submitted,https://ascentialcdn.filespin.io/api/v1/conversion/af428ae2ad7d459aba2af34e19d0232d?quality=85&format=webp,https://www.lovethework.com/work/entries/pride-filter-771083
Spikes Asia,2026,Creative Data,creative-data,PRIDE FILTER,MARRIAGE FOR ALL JAPAN,TBWA\HAKUHODO,Data Visualisation,Submitted,https://ascentialcdn.filespin.io/api/v1/conversion/af428ae2ad7d459aba2af34e19d0232d?quality=85&format=webp,https://www.lovethework.com/work/entries/pride-filter-771077
Spikes Asia,2026,Creative Data,creative-data,DUREX ALLGASM,DUREX,SOUR BANGKOK,Data Storytelling,Submitted,https://ascentialcdn.filespin.io/api/v1/conversion/d7f7639ab80c44009e31b4a8dcb7988d?quality=85&format=webp,https://www.lovethework.com/work/entries/durex-allgasm-770189
Spikes Asia,2026,Creative Data,creative-data,DATA OVER DIPLOMACY,LEE KUAN YEW SCHOOL OF PUBLIC POLICY,LEE KUAN YEW SCHOOL OF PUBLIC POLICY,Data Visualisation,Submitted,https://ascentialcdn.filespin.io/api/v1/conversion/3a19b0ae4f994371a09ac5bc610fd79f?quality=85&format=webp,https://www.lovethework.com/work/entries/data-over-diplomacy-770096
Spikes Asia,2026,Creative Effectiveness,creative-effectiveness,NO SMILES,MCDONALD'S,TBWA\HAKUHODO,Market Disruption,Grand Prix,https://ascentialcdn.filespin.io/api/v1/conversion/e52579988d4640ac9edab1f131dfda87?quality=85&format=webp,https://www.lovethework.com/work/entries/no-smiles-770047
Spikes Asia,2026,Creative Effectiveness,creative-effectiveness,MAKE NEW ZEALAND THE BEST PLACE IN THE WORLD TO HAVE HERPES,NEW ZEALAND HERPES FOUNDATION,MOTION SICKNESS,Not-for-profit / Charity / Government,Gold,https://ascentialcdn.filespin.io/api/v1/conversion/6d60259be58844b29dbe4588d1026ff7?quality=85&format=webp,https://www.lovethework.com/work/entries/make-new-zealand-the-best-place-in-the-world-to-have-herpes-770759
Spikes Asia,2026,Creative Effectiveness,creative-effectiveness,AUSTRALIAN OPEN,UBER EATS,SPECIAL,Consumer Services/Business to Business,Silver,https://ascentialcdn.filespin.io/api/v1/conversion/67e5f64a2ce74c5dbaeeab40a74fd887?quality=85&format=webp,https://www.lovethework.com/work/entries/australian-open-772993
Spikes Asia,2026,Creative Effectiveness,creative-effectiveness,VASELINE TRANSITION LOTION,VASELINE,OGILVY,Single Market,Bronze,https://ascentialcdn.filespin.io/api/v1/conversion/265994b1f7f249b2b47ec536d8d1158c?quality=85&format=webp,https://www.lovethework.com/work/entries/vaseline-transition-lotion-772110
Spikes Asia,2026,Creative Effectiveness,creative-effectiveness,UNFREEZE MY RIGHTS,WOMEN EMPOWERMENT OFFICE,"CWO X AWAKENING FOUNDATION , DENTSU CREATIVE TAIWAN",Creative Effectiveness for Good,Bronze,https://ascentialcdn.filespin.io/api/v1/conversion/396a7832e87e49e5959fb8cf09c7ea06?quality=85&format=webp,https://www.lovethework.com/work/entries/unfreeze-my-rights-770002
Spikes Asia,2026,Creative Effectiveness,creative-effectiveness,TURF FINDER,GATORADE,LEO,Single Market,Shortlist,https://ascentialcdn.filespin.io/api/v1/conversion/5946cf2826f94be7bfc8a5c4fcfd380f?quality=85&format=webp,https://www.lovethework.com/work/entries/turf-finder-771464
Spikes Asia,2026,Creative Effectiveness,creative-effectiveness,OLD SPICE AIDAKHAR,OLD SPICE,PROCTER & GAMBLE,Single Market,Shortlist,https://ascentialcdn.filespin.io/api/v1/conversion/76a71abda0844c8d98021fc0e3a6fe22?quality=85&format=webp,https://www.lovethework.com/work/entries/old-spice-aidakhar-771204
Spikes Asia,2026,Creative Effectiveness,creative-effectiveness,"LAMB, THE ULTIMATE SOCIAL DEVICE",MEAT & LIVESTOCK AUSTRALIA,"DROGA5 ANZ, PART OF ACCENTURE SONG",Acquisition,Shortlist,https://ascentialcdn.filespin.io/api/v1/conversion/d739ed98bb78458e877f786a446f098c?quality=85&format=webp,https://www.lovethework.com/work/entries/lamb-the-ultimate-social-device-770009
Spikes Asia,2026,Creative Effectiveness,creative-effectiveness,THE COMMENTS SECTION,MEAT & LIVESTOCK AUSTRALIA,"DROGA5 ANZ, PART OF ACCENTURE SONG",Consumer Goods,Shortlist,https://ascentialcdn.filespin.io/api/v1/conversion/20e3e67739d44104a14bef7677974b66?quality=85&format=webp,https://www.lovethework.com/work/entries/the-comments-section-769917
Spikes Asia,2026,Creative Effectiveness,creative-effectiveness,GO A LITTLE EXTRA,ALDI,BMF,"Travel, Leisure, Retail, Restaurants & Fast Food Chains",Submitted,https://ascentialcdn.filespin.io/api/v1/conversion/d2cad7c56acf4e08946494c9887363b6?quality=85&format=webp,https://www.lovethework.com/work/entries/go-a-little-extra-769931
Spikes Asia,2026,Creative Effectiveness,creative-effectiveness,GO A LITTLE EXTRA,ALDI,BMF,Single Market,Submitted,https://ascentialcdn.filespin.io/api/v1/conversion/d2cad7c56acf4e08946494c9887363b6?quality=85&format=webp,https://www.lovethework.com/work/entries/go-a-little-extra-769987
Spikes Asia,2026,Creative Effectiveness,creative-effectiveness,"LAMB, THE ULTIMATE SOCIAL DEVICE",MEAT & LIVESTOCK AUSTRALIA,"DROGA5 ANZ, PART OF ACCENTURE SONG",Single Market,Submitted,https://ascentialcdn.filespin.io/api/v1/conversion/d739ed98bb78458e877f786a446f098c?quality=85&format=webp,https://www.lovethework.com/work/entries/lamb-the-ultimate-social-device-769956
Spikes Asia,2026,Creative Effectiveness,creative-effectiveness,GO A LITTLE EXTRA,ALDI,BMF,Challenger Brand,Submitted,https://ascentialcdn.filespin.io/api/v1/conversion/d2cad7c56acf4e08946494c9887363b6?quality=85&format=webp,https://www.lovethework.com/work/entries/go-a-little-extra-770029
Spikes Asia,2026,Creative Effectiveness,creative-effectiveness,FEEL THE MUSIC,SPOTIFY,LEO,Collaboration,Submitted,https://ascentialcdn.filespin.io/api/v1/conversion/5468c013c7724038ac3a05756c81c565?quality=85&format=webp,https://www.lovethework.com/work/entries/feel-the-music-771288
Spikes Asia,2026,Creative Effectiveness,creative-effectiveness,AUSTRALIAN OPEN,UBER EATS,SPECIAL,Single Market,Submitted,https://ascentialcdn.filespin.io/api/v1/conversion/67e5f64a2ce74c5dbaeeab40a74fd887?quality=85&format=webp,https://www.lovethework.com/work/entries/australian-open-770556
Spikes Asia,2026,Creative Effectiveness,creative-effectiveness,BETTER ON A BETTER MOBILE NETWORK,TELSTRA,BEAR MEETS EAGLE ON FIRE,Single Market,Submitted,https://ascentialcdn.filespin.io/api/v1/conversion/85762b7ebd874bfaaa59f33b03d16ae2?quality=85&format=webp,https://www.lovethework.com/work/entries/better-on-a-better-mobile-network-772114
Spikes Asia,2026,Creative Effectiveness,creative-effectiveness,RIGHT TO CARE,QUEZON CITY GENDER AND DEVELOPMENT COUNCIL,TREYNA,Creative Effectiveness for Good,Submitted,https://ascentialcdn.filespin.io/api/v1/conversion/ecf0195650924c4db0a135b604417b37?quality=85&format=webp,https://www.lovethework.com/work/entries/right-to-care-771763
Spikes Asia,2026,Creative Effectiveness,creative-effectiveness,INK OF DEMOCRACY,TIMES OF INDIA GROUP,HAVAS,Media/Entertainment,Submitted,https://ascentialcdn.filespin.io/api/v1/conversion/1e8aea61826944b9a3dd3ed2db299576?quality=85&format=webp,https://www.lovethework.com/work/entries/ink-of-democracy-771469
Spikes Asia,2026,Creative Effectiveness,creative-effectiveness,THE KITA INITIATIVE,SPARK! PHILIPPINES,HAVAS ORTEGA,Not-for-profit / Charity / Government,Submitted,https://ascentialcdn.filespin.io/api/v1/conversion/ed4ddea50d53411992e3f637a83e015a?quality=85&format=webp,https://www.lovethework.com/work/entries/the-kita-initiative-772941
Spikes Asia,2026,Creative Effectiveness,creative-effectiveness,OLD SPICE AIDAKHAR,OLD SPICE,PROCTER & GAMBLE,Collaboration,Submitted,https://ascentialcdn.filespin.io/api/v1/conversion/76a71abda0844c8d98021fc0e3a6fe22?quality=85&format=webp,https://www.lovethework.com/work/entries/old-spice-aidakhar-771212
Spikes Asia,2026,Creative Effectiveness,creative-effectiveness,OLD SPICE AIDAKHAR,OLD SPICE,PROCTER & GAMBLE,Consumer Goods,Submitted,https://ascentialcdn.filespin.io/api/v1/conversion/76a71abda0844c8d98021fc0e3a6fe22?quality=85&format=webp,https://www.lovethework.com/work/entries/old-spice-aidakhar-771199
Spikes Asia,2026,Creative Effectiveness,creative-effectiveness,THE COMMENTS SECTION,MEAT & LIVESTOCK AUSTRALIA,"DROGA5 ANZ, PART OF ACCENTURE SONG",Single Market,Submitted,https://ascentialcdn.filespin.io/api/v1/conversion/20e3e67739d44104a14bef7677974b66?quality=85&format=webp,https://www.lovethework.com/work/entries/the-comments-section-769970
Spikes Asia,2026,Creative Effectiveness,creative-effectiveness,RIGHT TO CARE,QUEZON CITY GENDER AND DEVELOPMENT COUNCIL,TREYNA,Not-for-profit / Charity / Government,Submitted,https://ascentialcdn.filespin.io/api/v1/conversion/ecf0195650924c4db0a135b604417b37?quality=85&format=webp,https://www.lovethework.com/work/entries/right-to-care-771755
Spikes Asia,2026,Creative Effectiveness,creative-effectiveness,TURF FINDER,GATORADE,LEO,Market Disruption,Submitted,https://ascentialcdn.filespin.io/api/v1/conversion/5946cf2826f94be7bfc8a5c4fcfd380f?quality=85&format=webp,https://www.lovethework.com/work/entries/turf-finder-771481
Spikes Asia,2026,Creative Effectiveness,creative-effectiveness,TALE OF THE DRAGON'S TAIL,KINRYU RAMEN,HAKUHODO,Real-time Response,Submitted,https://ascentialcdn.filespin.io/api/v1/conversion/1accc137cf9f4907b202d9a3d3078816?quality=85&format=webp,https://www.lovethework.com/work/entries/tale-of-the-dragons-tail-770015
Spikes Asia,2026,Creative Effectiveness,creative-effectiveness,SUMMER,GRAB,GIGIL,Consumer Services/Business to Business,Submitted,https://ascentialcdn.filespin.io/api/v1/conversion/682d6c3ad44a4a08806e12f187ea6b32?quality=85&format=webp,https://www.lovethework.com/work/entries/summer-771844
Spikes Asia,2026,Creative Effectiveness,creative-effectiveness,VISIONGRAM,JAPAN BLIND JUDO FEDERATION,DENTSU INC.,Creative Effectiveness for Good,Submitted,https://ascentialcdn.filespin.io/api/v1/conversion/2d89e707667c4bc49b1be4c80664449a?quality=85&format=webp,https://www.lovethework.com/work/entries/visiongram-769997
Spikes Asia,2026,Creative Effectiveness,creative-effectiveness,"LAMB, THE ULTIMATE SOCIAL DEVICE",MEAT & LIVESTOCK AUSTRALIA,"DROGA5 ANZ, PART OF ACCENTURE SONG",Consumer Goods,Submitted,https://ascentialcdn.filespin.io/api/v1/conversion/d739ed98bb78458e877f786a446f098c?quality=85&format=webp,https://www.lovethework.com/work/entries/lamb-the-ultimate-social-device-770064
Spikes Asia,2026,Creative Effectiveness,creative-effectiveness,MAKE NEW ZEALAND THE BEST PLACE IN THE WORLD TO HAVE HERPES,NEW ZEALAND HERPES FOUNDATION,MOTION SICKNESS,Creative Effectiveness for Good,Submitted,https://ascentialcdn.filespin.io/api/v1/conversion/6d60259be58844b29dbe4588d1026ff7?quality=85&format=webp,https://www.lovethework.com/work/entries/make-new-zealand-the-best-place-in-the-world-to-have-herpes-773063
Spikes Asia,2026,Creative Effectiveness,creative-effectiveness,TURF FINDER,GATORADE,LEO,Consumer Goods,Submitted,https://ascentialcdn.filespin.io/api/v1/conversion/5946cf2826f94be7bfc8a5c4fcfd380f?quality=85&format=webp,https://www.lovethework.com/work/entries/turf-finder-771321
Spikes Asia,2026,Creative Effectiveness,creative-effectiveness,BETTER ON A BETTER MOBILE NETWORK,TELSTRA,BEAR MEETS EAGLE ON FIRE,Market Disruption,Submitted,https://ascentialcdn.filespin.io/api/v1/conversion/85762b7ebd874bfaaa59f33b03d16ae2?quality=85&format=webp,https://www.lovethework.com/work/entries/better-on-a-better-mobile-network-772113
Spikes Asia,2026,Creative Effectiveness,creative-effectiveness,INK OF DEMOCRACY,TIMES OF INDIA GROUP,HAVAS,Creative Effectiveness for Good,Submitted,https://ascentialcdn.filespin.io/api/v1/conversion/1e8aea61826944b9a3dd3ed2db299576?quality=85&format=webp,https://www.lovethework.com/work/entries/ink-of-democracy-771474
Spikes Asia,2026,Creative Effectiveness,creative-effectiveness,BETTER ON A BETTER MOBILE NETWORK,TELSTRA,BEAR MEETS EAGLE ON FIRE,Consumer Services/Business to Business,Submitted,https://ascentialcdn.filespin.io/api/v1/conversion/85762b7ebd874bfaaa59f33b03d16ae2?quality=85&format=webp,https://www.lovethework.com/work/entries/better-on-a-better-mobile-network-772115
Spikes Asia,2026,Creative Effectiveness,creative-effectiveness,HERITAGE DATABANK,WORLD HERITAGE（GUNKANJIMA）,DENTSU INC.,Market Disruption,Submitted,https://ascentialcdn.filespin.io/api/v1/conversion/6039853d8f0a48498b9599d360343e81?quality=85&format=webp,https://www.lovethework.com/work/entries/heritage-databank-770040
Spikes Asia,2026,Creative Effectiveness,creative-effectiveness,DOMESTIC VIOLENCE DATA VISUALIZATION. NOW YOU SEE.,SCHITAETSYA,FCB ARTGROUP,Not-for-profit / Charity / Government,Submitted,https://ascentialcdn.filespin.io/api/v1/conversion/b5039be686f24812a3abb7aca69c40cc?quality=85&format=webp,https://www.lovethework.com/work/entries/domestic-violence-data-visualization-now-you-see-772940
Spikes Asia,2026,Creative Effectiveness,creative-effectiveness,RIGHT TO CARE,QUEZON CITY GENDER AND DEVELOPMENT COUNCIL,TREYNA,Sustained Success,Submitted,https://ascentialcdn.filespin.io/api/v1/conversion/ecf0195650924c4db0a135b604417b37?quality=85&format=webp,https://www.lovethework.com/work/entries/right-to-care-771770
Spikes Asia,2026,Creative Effectiveness,creative-effectiveness,AUSTRALIAN OPEN,UBER EATS,SPECIAL,Market Disruption,Submitted,https://ascentialcdn.filespin.io/api/v1/conversion/67e5f64a2ce74c5dbaeeab40a74fd887?quality=85&format=webp,https://www.lovethework.com/work/entries/australian-open-770560
Spikes Asia,2026,Creative Effectiveness,creative-effectiveness,FEEL THE MUSIC,SPOTIFY,LEO,Media/Entertainment,Submitted,https://ascentialcdn.filespin.io/api/v1/conversion/5468c013c7724038ac3a05756c81c565?quality=85&format=webp,https://www.lovethework.com/work/entries/feel-the-music-771324
Spikes Asia,2026,Creative Effectiveness,creative-effectiveness,WHEREVER WE GO - DUET,TELSTRA,BEAR MEETS EAGLE ON FIRE,Single Market,Submitted,https://ascentialcdn.filespin.io/api/v1/conversion/5116031f4df044a7a254bdbb45029a09?quality=85&format=webp,https://www.lovethework.com/work/entries/wherever-we-go-duet-772112
Spikes Asia,2026,Creative Effectiveness,creative-effectiveness,WHEREVER WE GO - DUET,TELSTRA,BEAR MEETS EAGLE ON FIRE,Consumer Services/Business to Business,Submitted,https://ascentialcdn.filespin.io/api/v1/conversion/15b5e94ae7134e4d9c70ceb08e42cf75?quality=85&format=webp,https://www.lovethework.com/work/entries/wherever-we-go-duet-772111
Spikes Asia,2026,Creative Effectiveness,creative-effectiveness,UNFREEZE MY RIGHTS,WOMEN EMPOWERMENT OFFICE,"CWO X AWAKENING FOUNDATION , DENTSU CREATIVE TAIWAN",Not-for-profit / Charity / Government,Submitted,https://ascentialcdn.filespin.io/api/v1/conversion/396a7832e87e49e5959fb8cf09c7ea06?quality=85&format=webp,https://www.lovethework.com/work/entries/unfreeze-my-rights-769943
Spikes Asia,2026,Creative Effectiveness,creative-effectiveness,WHEREVER WE GO - DUET,TELSTRA,BEAR MEETS EAGLE ON FIRE,Market Disruption,Submitted,https://ascentialcdn.filespin.io/api/v1/conversion/15b5e94ae7134e4d9c70ceb08e42cf75?quality=85&format=webp,https://www.lovethework.com/work/entries/wherever-we-go-duet-773023
Spikes Asia,2026,Creative Strategy,creative-strategy,THE MISSING VERSE: COMPLETING THE BENTO SYMPHONY,ZESPRI INTERNATIONAL JAPAN,DENTSU INC.,Cultural Engagement,Grand Prix,https://ascentialcdn.filespin.io/api/v1/storyboard/519b1a6591ad49b786c1d1639e03c8fc/storyboard_000008.jpg?quality=85&format=webp,https://www.lovethework.com/work/entries/the-missing-verse-completing-the-bento-symphony-770821
Spikes Asia,2026,Creative Strategy,creative-strategy,THREE LETTER HEIST,MCDONALD'S,LEO,Brave Brands,Gold,https://ascentialcdn.filespin.io/api/v1/storyboard/5bc86c1ab3cd4eb3ba0491c671cf8735/storyboard_000062.jpg?quality=85&format=webp,https://www.lovethework.com/work/entries/three-letter-heist-771771
Spikes Asia,2026,Creative Strategy,creative-strategy,SAKURA SCAN,KIRIN BEER,KIRIN BREWERY COMPANY,Cultural Engagement,Gold,https://ascentialcdn.filespin.io/api/v1/storyboard/8a2c9a18ef9645278bb76a986d5b1d53/storyboard_000008.jpg?quality=85&format=webp,https://www.lovethework.com/work/entries/sakura-scan-770973
Spikes Asia,2026,Creative Strategy,creative-strategy,HONDA REST AREA,HONDA,TU7UH CREATIVE LAB,Corporate Purpose & Social Responsibility,Silver,https://ascentialcdn.filespin.io/api/v1/conversion/4ab3c4fe5baf435ea35ab8dac43093d1?quality=85&format=webp,https://www.lovethework.com/work/entries/honda-rest-area-770254
Spikes Asia,2026,Creative Strategy,creative-strategy,THE HIDDEN EYE TEST,1001 OPTOMETRY,VML,"Travel, Leisure, Retail, Restaurants & Fast Food Chains",Silver,https://ascentialcdn.filespin.io/api/v1/storyboard/60813b0fa9aa478d93afa1ee2477bbe0/storyboard_000008.jpg?quality=85&format=webp,https://www.lovethework.com/work/entries/the-hidden-eye-test-770089
Spikes Asia,2026,Creative Strategy,creative-strategy,PROJECT EARLY PERIODS,WHISPER,LEO,Audience Insight,Silver,https://ascentialcdn.filespin.io/api/v1/storyboard/aa71e5d8a240449880bedf3f071ba270/storyboard_000008.jpg?quality=85&format=webp,https://www.lovethework.com/work/entries/project-early-periods-771758
Spikes Asia,2026,Creative Strategy,creative-strategy,THE BLOODY TRUTH SQUAD,BLOOD,PS LOVE,Brand Strategy,Bronze,https://ascentialcdn.filespin.io/api/v1/storyboard/1c392715dc594408800d0a7292c30404/storyboard_000008.jpg?quality=85&format=webp,https://www.lovethework.com/work/entries/the-bloody-truth-squad-770304
Spikes Asia,2026,Creative Strategy,creative-strategy,GO A LITTLE EXTRA,ALDI,BMF,Challenger Brand Strategy,Bronze,https://ascentialcdn.filespin.io/api/v1/storyboard/3ad870d4d2fb4319a88ef14249eb481c/storyboard_000024.jpg?quality=85&format=webp,https://www.lovethework.com/work/entries/go-a-little-extra-770092
Spikes Asia,2026,Creative Strategy,creative-strategy,THREE LETTER HEIST,MCDONALD'S,LEO,"Travel, Leisure, Retail, Restaurants & Fast Food Chains",Bronze,https://ascentialcdn.filespin.io/api/v1/storyboard/5bc86c1ab3cd4eb3ba0491c671cf8735/storyboard_000062.jpg?quality=85&format=webp,https://www.lovethework.com/work/entries/three-letter-heist-771751
Spikes Asia,2026,Creative Strategy,creative-strategy,NEW ZEALAND'S ONE BIG AD,TOYOTA,SAATCHI & SAATCHI NEW ZEALAND,Consumer Goods,Bronze,https://ascentialcdn.filespin.io/api/v1/storyboard/d87e7999fd5c4eda84c80cfa86d28014/storyboard_000008.jpg?quality=85&format=webp,https://www.lovethework.com/work/entries/new-zealands-one-big-ad-771835
Spikes Asia,2026,Creative Strategy,creative-strategy,THE UNOFFICIAL OFFICIAL SOUND OF F1,STING,LEO,Multi-market Strategy,Shortlist,https://ascentialcdn.filespin.io/api/v1/storyboard/fb191b630cbc4b01ba63464b4830057b/storyboard_000008.jpg?quality=85&format=webp,https://www.lovethework.com/work/entries/the-unofficial-official-sound-of-f1-771764
Spikes Asia,2026,Creative Strategy,creative-strategy,SAVE ME,FAMILYMART,THE BREAKTHROUGH COMPANY GO,Audience Insight,Shortlist,https://ascentialcdn.filespin.io/api/v1/storyboard/033ff6bc427b4c008e9ce4ac5dfb78ca/storyboard_000008.jpg?quality=85&format=webp,https://www.lovethework.com/work/entries/save-me-770226
Spikes Asia,2026,Creative Strategy,creative-strategy,GO A LITTLE EXTRA,ALDI,BMF,"Travel, Leisure, Retail, Restaurants & Fast Food Chains",Shortlist,https://ascentialcdn.filespin.io/api/v1/storyboard/3ad870d4d2fb4319a88ef14249eb481c/storyboard_000024.jpg?quality=85&format=webp,https://www.lovethework.com/work/entries/go-a-little-extra-772970
Spikes Asia,2026,Creative Strategy,creative-strategy,THE UNOFFICIAL OFFICIAL SOUND OF F1,STING,LEO,Consumer Goods,Shortlist,https://ascentialcdn.filespin.io/api/v1/storyboard/fb191b630cbc4b01ba63464b4830057b/storyboard_000008.jpg?quality=85&format=webp,https://www.lovethework.com/work/entries/the-unofficial-official-sound-of-f1-771785
Spikes Asia,2026,Creative Strategy,creative-strategy,HAVEN,SUNCORP INSURANCE,LEO,Corporate Purpose & Social Responsibility,Shortlist,https://ascentialcdn.filespin.io/api/v1/storyboard/d3909059691143929c0e9be140da17b4/storyboard_000008.jpg?quality=85&format=webp,https://www.lovethework.com/work/entries/haven-771264
Spikes Asia,2026,Creative Strategy,creative-strategy,HONG KONG: THE MOST FUN PER SQUARE KILOMETRE,CATHAY GROUP,LEO,"Travel, Leisure, Retail, Restaurants & Fast Food Chains",Shortlist,https://ascentialcdn.filespin.io/api/v1/storyboard/522839cad8e5471faf83c6cf014c9cf6/storyboard_000008.jpg?quality=85&format=webp,https://www.lovethework.com/work/entries/hong-kong-the-most-fun-per-square-kilometre-773031
Spikes Asia,2026,Creative Strategy,creative-strategy,STOP THE STIGMA,CANNABIS CLINIC,ABEL,Healthcare,Shortlist,https://ascentialcdn.filespin.io/api/v1/storyboard/bd52c886a9ec4473845ab38999dbc5c9/storyboard_000008.jpg?quality=85&format=webp,https://www.lovethework.com/work/entries/stop-the-stigma-771118
Spikes Asia,2026,Creative Strategy,creative-strategy,PROJECT EARLY PERIODS,WHISPER,LEO,Healthcare,Shortlist,https://ascentialcdn.filespin.io/api/v1/storyboard/aa71e5d8a240449880bedf3f071ba270/storyboard_000008.jpg?quality=85&format=webp,https://www.lovethework.com/work/entries/project-early-periods-771790
Spikes Asia,2026,Creative Strategy,creative-strategy,GO A LITTLE EXTRA,ALDI,BMF,Brand Strategy,Shortlist,https://ascentialcdn.filespin.io/api/v1/storyboard/3ad870d4d2fb4319a88ef14249eb481c/storyboard_000024.jpg?quality=85&format=webp,https://www.lovethework.com/work/entries/go-a-little-extra-770313
Spikes Asia,2026,Creative Strategy,creative-strategy,THE HIDDEN EYE TEST,1001 OPTOMETRY,VML,Challenger Brand Strategy,Shortlist,https://ascentialcdn.filespin.io/api/v1/storyboard/60813b0fa9aa478d93afa1ee2477bbe0/storyboard_000008.jpg?quality=85&format=webp,https://www.lovethework.com/work/entries/the-hidden-eye-test-772971
Spikes Asia,2026,Creative Strategy,creative-strategy,MINI: NO BASIC OFFERS,MINI CHINA,TBWA\CHINA,Market Disruption,Shortlist,https://ascentialcdn.filespin.io/api/v1/conversion/22d348cbc75f438e9a05a3beb29aa3d2?quality=85&format=webp,https://www.lovethework.com/work/entries/mini-no-basic-offers-771072
Spikes Asia,2026,Creative Strategy,creative-strategy,PETPIT,PANTENE,GREY,Consumer Goods,Shortlist,https://ascentialcdn.filespin.io/api/v1/storyboard/c3cb3640ea4e4593b326669dde0aaf53/storyboard_000008.jpg?quality=85&format=webp,https://www.lovethework.com/work/entries/petpit-770479
Spikes Asia,2026,Creative Strategy,creative-strategy,A QUEST FOR MORE 2.0,SHELL,GROWTHOPS MALAYSIA,Long-term Strategy,Submitted,https://ascentialcdn.filespin.io/api/v1/storyboard/d34850965ee24d2d9be2d77abbc26fc7/storyboard_000008.jpg?quality=85&format=webp,https://www.lovethework.com/work/entries/a-quest-for-more-20-772329
Spikes Asia,2026,Creative Strategy,creative-strategy,TSUGIKI：COFFEE REBORN,TULLY'S,PR CONSULTING DENTSU,Corporate Purpose & Social Responsibility,Submitted,https://ascentialcdn.filespin.io/api/v1/storyboard/8a44e2aff0d64dc49b5bc8e7989f0cd4/storyboard_000008.jpg?quality=85&format=webp,https://www.lovethework.com/work/entries/tsugikicoffee-reborn-770452
Spikes Asia,2026,Creative Strategy,creative-strategy,DON'T LET A CAR CHANGE WHO YOU ARE,FEDERAL GOVERNMENT,BMF,Not-for-profit / Charity / Government,Submitted,https://ascentialcdn.filespin.io/api/v1/conversion/31f6ceffcae6400792896caf1aba4f8e?quality=85&format=webp,https://www.lovethework.com/work/entries/dont-let-a-car-change-who-you-are-770156
Spikes Asia,2026,Creative Strategy,creative-strategy,VOICE WANTED,KOREAN NATIONAL POLICE AGENCY,CHEIL WORLDWIDE,Not-for-profit / Charity / Government,Submitted,https://ascentialcdn.filespin.io/api/v1/storyboard/9c506093601842fc986aea81570ded13/storyboard_000008.jpg?quality=85&format=webp,https://www.lovethework.com/work/entries/voice-wanted-770136
Spikes Asia,2026,Creative Strategy,creative-strategy,ONE TALK AT A TIME,ATTORNEY-GENERAL'S DEPARTMENT OF AUSTRALIA,BMF,Not-for-profit / Charity / Government,Submitted,https://ascentialcdn.filespin.io/api/v1/conversion/ee0a6a0310284d888d98392aad90c793?quality=85&format=webp,https://www.lovethework.com/work/entries/one-talk-at-a-time-770148
Spikes Asia,2026,Creative Strategy,creative-strategy,HAVEN,SUNCORP INSURANCE,LEO,Market Disruption,Submitted,https://ascentialcdn.filespin.io/api/v1/storyboard/d3909059691143929c0e9be140da17b4/storyboard_000008.jpg?quality=85&format=webp,https://www.lovethework.com/work/entries/haven-771273
Spikes Asia,2026,Creative Strategy,creative-strategy,SC WELLNESSNOW,STANDARD CHARTERED,DENTSU CREATIVE,Multi-market Strategy,Submitted,https://ascentialcdn.filespin.io/api/v1/storyboard/04e96c90baf84171b32f60cceb00e5bc/storyboard_000008.jpg?quality=85&format=webp,https://www.lovethework.com/work/entries/sc-wellnessnow-771848
Spikes Asia,2026,Creative Strategy,creative-strategy,MAKE LOVE LAST,VIATRIS,OGILVY,Healthcare,Submitted,https://ascentialcdn.filespin.io/api/v1/storyboard/c7eb8afbae8f4a51bc32a614fb8ed133/storyboard_000008.jpg?quality=85&format=webp,https://www.lovethework.com/work/entries/make-love-last-770237
Spikes Asia,2026,Creative Strategy,creative-strategy,GRAB'S A CREAITOR FOR EVERY CRAVING,GRAB,VAYNERMEDIA ASIA PACIFIC,Audience Insight,Submitted,https://ascentialcdn.filespin.io/api/v1/storyboard/54d8fd9fa0d241ed8c08a6b25c7d7b76/storyboard_000008.jpg?quality=85&format=webp,https://www.lovethework.com/work/entries/grabs-a-creaitor-for-every-craving-770180
Spikes Asia,2026,Creative Strategy,creative-strategy,ADANI - SEVA HI SAADHNA HAI,ADANI GROUP,DENTSU CREATIVE INDIA,Corporate Purpose & Social Responsibility,Submitted,https://ascentialcdn.filespin.io/api/v1/storyboard/a45c7801a06149c39f069a6f27044231/storyboard_000008.jpg?quality=85&format=webp,https://www.lovethework.com/work/entries/adani-seva-hi-saadhna-hai-771841
Spikes Asia,2026,Creative Strategy,creative-strategy,GQ PRO MED SCRUBS,GQ APPAREL,ACCENTURE SONG,Consumer Goods,Submitted,https://ascentialcdn.filespin.io/api/v1/storyboard/8d1f5f54d4344c10b300117bbd0991e6/storyboard_000008.jpg?quality=85&format=webp,https://www.lovethework.com/work/entries/gq-pro-med-scrubs-770187
Spikes Asia,2026,Creative Strategy,creative-strategy,PETRONAS MMD 2025 - WITH ALL OUR HEARTS,PETRONAS,ACCENTURE SONG MALAYSIA,Cultural Engagement,Submitted,https://ascentialcdn.filespin.io/api/v1/storyboard/deaf1961847544f2a00bc61ad9ef25e1/storyboard_000008.jpg?quality=85&format=webp,https://www.lovethework.com/work/entries/petronas-mmd-2025-with-all-our-hearts-771279
Spikes Asia,2026,Creative Strategy,creative-strategy,FUEL HATERS,PTT STATION,YELL ADVERTISING,Audience Insight,Submitted,https://ascentialcdn.filespin.io/api/v1/storyboard/3acbef98bc7c4715ae852124146512a9/storyboard_000008.jpg?quality=85&format=webp,https://www.lovethework.com/work/entries/fuel-haters-770165
Spikes Asia,2026,Creative Strategy,creative-strategy,SEE THE UNSEEN,HEALINGPAPER,CHEIL WORLDWIDE,Healthcare,Submitted,https://ascentialcdn.filespin.io/api/v1/storyboard/4e0186d254244d47b2dde8943fe5cda2/storyboard_000008.jpg?quality=85&format=webp,https://www.lovethework.com/work/entries/see-the-unseen-770222
Spikes Asia,2026,Creative Strategy,creative-strategy,THE KILOMETER LOYALTY EXCHANGE,HONDA,TU7UH CREATIVE LAB,Experience and Relationship Models,Submitted,https://ascentialcdn.filespin.io/api/v1/conversion/4cd9eb497dda4b658e3b54520e095905?quality=85&format=webp,https://www.lovethework.com/work/entries/the-kilometer-loyalty-exchange-770288
Spikes Asia,2026,Creative Strategy,creative-strategy,LOCAL PRIDE CHRISTMAS TREES,CENTRAL PATTANA PLC.,CENTRAL PATTANA,Cultural Engagement,Submitted,https://ascentialcdn.filespin.io/api/v1/conversion/6b632071c27f4885a240d7412e71871c?quality=85&format=webp,https://www.lovethework.com/work/entries/local-pride-christmas-trees-772385
Spikes Asia,2026,Creative Strategy,creative-strategy,THE AD THAT CAN ONLY BE SEEN ON SBS,SPECIAL BROADCASTING SERVIVE,"DROGA5 ANZ, PART OF ACCENTURE SONG",Media/Entertainment,Submitted,https://ascentialcdn.filespin.io/api/v1/storyboard/a7158f83a369403499456be01a442881/storyboard_000008.jpg?quality=85&format=webp,https://www.lovethework.com/work/entries/the-ad-that-can-only-be-seen-on-sbs-771059
Spikes Asia,2026,Creative Strategy,creative-strategy,KHABAR RAKHIYE (KEEP A CHECK),JAZZCASH,FISHBOWL,Corporate Purpose & Social Responsibility,Submitted,https://ascentialcdn.filespin.io/api/v1/storyboard/145cc636d5694f56b5b485e18e9246c5/storyboard_000008.jpg?quality=85&format=webp,https://www.lovethework.com/work/entries/khabar-rakhiye-keep-a-check-770263
Spikes Asia,2026,Creative Strategy,creative-strategy,BASSI VS GARNIER MEN FACEWASH,GARNIER MEN,BBH INDIA,Brave Brands,Submitted,https://ascentialcdn.filespin.io/api/v1/storyboard/ce5d09073a3e4ec39491ee14e78f765f/storyboard_000008.jpg?quality=85&format=webp,https://www.lovethework.com/work/entries/bassi-vs-garnier-men-facewash-771839
Spikes Asia,2026,Creative Strategy,creative-strategy,MASTERCARD GAMER EXCHANGE,MASTERCARD,MASTERCARD,Market Disruption,Submitted,https://ascentialcdn.filespin.io/api/v1/storyboard/c4198151ef1d403896f03894e5c78245/storyboard_000008.jpg?quality=85&format=webp,https://www.lovethework.com/work/entries/mastercard-gamer-exchange-771819
Spikes Asia,2026,Creative Strategy,creative-strategy,A MATCH MADE IN SEEK,SEEK,"DROGA5 ANZ, PART OF ACCENTURE SONG",Consumer Services/Business to Business,Submitted,https://ascentialcdn.filespin.io/api/v1/storyboard/8df8b234ab084d72a6a9f5a2fd93a531/storyboard_000008.jpg?quality=85&format=webp,https://www.lovethework.com/work/entries/a-match-made-in-seek-771255
Spikes Asia,2026,Creative Strategy,creative-strategy,THE GOOD PASSENGER,LONGLAY,FLASH BOMBER,Corporate Purpose & Social Responsibility,Submitted,https://ascentialcdn.filespin.io/api/v1/storyboard/158d4aa70e01480c8c7467b4a05eef1c/storyboard_000008.jpg?quality=85&format=webp,https://www.lovethework.com/work/entries/the-good-passenger-770137
Spikes Asia,2026,Creative Strategy,creative-strategy,A MATCH MADE IN SEEK,SEEK,"DROGA5 ANZ, PART OF ACCENTURE SONG",Brand Strategy,Submitted,https://ascentialcdn.filespin.io/api/v1/storyboard/4274bb8bbf1b46bdb88f28faa039554c/storyboard_000008.jpg?quality=85&format=webp,https://www.lovethework.com/work/entries/a-match-made-in-seek-771193
Spikes Asia,2026,Creative Strategy,creative-strategy,"HAJIME, KEN AND SETSU",HAJIME KENSETSU(CONSTRUCTION),HAJIME KENSETSU,Long-term Strategy,Submitted,https://ascentialcdn.filespin.io/api/v1/storyboard/1376c6bd4063413c8ccb0a03a99265b6/storyboard_000008.jpg?quality=85&format=webp,https://www.lovethework.com/work/entries/hajime-ken-and-setsu-770131
Spikes Asia,2026,Creative Strategy,creative-strategy,RUNWAY TO HOME,NATIONAL CENTER FOR THE RIGHTS OF THE CHILD,DAEHONG COMMUNICATIONS,Not-for-profit / Charity / Government,Submitted,https://ascentialcdn.filespin.io/api/v1/storyboard/d6dfd734f04448c48134c0e9b398479f/storyboard_000008.jpg?quality=85&format=webp,https://www.lovethework.com/work/entries/runway-to-home-770140
Spikes Asia,2026,Creative Strategy,creative-strategy,SECOND LIFE KURA,THE BATH & BED TEAM,DENTSU INC.,Long-term Strategy,Submitted,https://ascentialcdn.filespin.io/api/v1/storyboard/acccce811ef5477da6503eca4793803e/storyboard_000008.jpg?quality=85&format=webp,https://www.lovethework.com/work/entries/second-life-kura-770106
Spikes Asia,2026,Creative Strategy,creative-strategy,FANS FRIES MEAL,MCDONALD’S MALAYSIA,LEO,"Travel, Leisure, Retail, Restaurants & Fast Food Chains",Submitted,https://ascentialcdn.filespin.io/api/v1/conversion/55a3de75a62448068d4eba6a4c600c47?quality=85&format=webp,https://www.lovethework.com/work/entries/fans-fries-meal-770957
Spikes Asia,2026,Creative Strategy,creative-strategy,KHAO MUN GAI ASSOCIATION,KFC THAILAND,WOLF BKK,Collaboration,Submitted,https://ascentialcdn.filespin.io/api/v1/storyboard/ce1aef8b7bb844268eb653a4b5930d61/storyboard_000008.jpg?quality=85&format=webp,https://www.lovethework.com/work/entries/khao-mun-gai-association-770278
Spikes Asia,2026,Creative Strategy,creative-strategy,TSUGIKI：COFFEE REBORN,TULLY'S,PR CONSULTING DENTSU,Long-term Strategy,Submitted,https://ascentialcdn.filespin.io/api/v1/storyboard/8a44e2aff0d64dc49b5bc8e7989f0cd4/storyboard_000008.jpg?quality=85&format=webp,https://www.lovethework.com/work/entries/tsugikicoffee-reborn-770439
Spikes Asia,2026,Creative Strategy,creative-strategy,RIDE THE BULDAK HIGH,BULDAK,SAMYANGFOODS,Consumer Goods,Submitted,https://ascentialcdn.filespin.io/api/v1/storyboard/44e74ff76c29409cb1dc098824287782/storyboard_000008.jpg?quality=85&format=webp,https://www.lovethework.com/work/entries/ride-the-buldak-high-773006
Spikes Asia,2026,Creative Strategy,creative-strategy,MCDONALD'S RIDE-THRU CAMPAIGN,MCDONALDS PHILIPPINES,TBWA\SMP,Long-term Strategy,Submitted,https://ascentialcdn.filespin.io/api/v1/storyboard/57923eaf4bf448148d5a32d107cadb1b/storyboard_000008.jpg?quality=85&format=webp,https://www.lovethework.com/work/entries/mcdonalds-ride-thru-campaign-771828
Spikes Asia,2026,Creative Strategy,creative-strategy,GQ PRO MED SCRUBS,GQ APPAREL,ACCENTURE SONG,Challenger Brand Strategy,Submitted,https://ascentialcdn.filespin.io/api/v1/storyboard/8d1f5f54d4344c10b300117bbd0991e6/storyboard_000008.jpg?quality=85&format=webp,https://www.lovethework.com/work/entries/gq-pro-med-scrubs-770085
Spikes Asia,2026,Creative Strategy,creative-strategy,THE BLOODY TRUTH SQUAD,BLOOD,PS LOVE,Challenger Brand Strategy,Submitted,https://ascentialcdn.filespin.io/api/v1/storyboard/1c392715dc594408800d0a7292c30404/storyboard_000008.jpg?quality=85&format=webp,https://www.lovethework.com/work/entries/the-bloody-truth-squad-772972
Spikes Asia,2026,Creative Strategy,creative-strategy,50 BENCHES,MCDONALD'S HONG KONG,BBDO HONG KONG,Experience and Relationship Models,Submitted,https://ascentialcdn.filespin.io/api/v1/storyboard/444ce147143749e4b25e1f9b3e6ca474/storyboard_000008.jpg?quality=85&format=webp,https://www.lovethework.com/work/entries/50-benches-772997
Spikes Asia,2026,Creative Strategy,creative-strategy,PUASA PLAY,MATTEL,MEDIABRANDS CONTENT STUDIO,Consumer Goods,Submitted,https://ascentialcdn.filespin.io/api/v1/storyboard/01eeeaa4f18e4471890b45e74aabdf83/storyboard_000008.jpg?quality=85&format=webp,https://www.lovethework.com/work/entries/puasa-play-770197
Spikes Asia,2026,Creative Strategy,creative-strategy,GQ PRO MED SCRUBS,GQ APPAREL,ACCENTURE SONG,Long-term Strategy,Submitted,https://ascentialcdn.filespin.io/api/v1/storyboard/8d1f5f54d4344c10b300117bbd0991e6/storyboard_000008.jpg?quality=85&format=webp,https://www.lovethework.com/work/entries/gq-pro-med-scrubs-772975
Spikes Asia,2026,Creative Strategy,creative-strategy,SHAME INTO FAME,LABORATOIRE INNOTECH INTERNATIONAL,LABORATOIRE INNOTECH INTERNATIONAL,Healthcare,Submitted,https://ascentialcdn.filespin.io/api/v1/storyboard/1f60cb3ac6f6415ea0d62e88477b572a/storyboard_000008.jpg?quality=85&format=webp,https://www.lovethework.com/work/entries/shame-into-fame-770214
Spikes Asia,2026,Creative Strategy,creative-strategy,THE FUTURE AHEAD － RECLAIMING THE RIGHT TO A FUTURE FOR OLDER ADULTS,STANDARD FOODS GROUP (QUAKER,"NURTURESSENCE, FRESH DELIGHT, GREAT DAY), STANDARD FOODS GROUP",Cultural Engagement,Submitted,https://ascentialcdn.filespin.io/api/v1/storyboard/5b1bd6859aac40cc87dcdd6818c11960/storyboard_000008.jpg?quality=85&format=webp,https://www.lovethework.com/work/entries/the-future-ahead-reclaiming-the-right-to-a-future-for-older-adults-771189
Spikes Asia,2026,Creative Strategy,creative-strategy,THE GOOD PASSENGER,LONGLAY,FLASH BOMBER,Long-term Strategy,Submitted,https://ascentialcdn.filespin.io/api/v1/storyboard/158d4aa70e01480c8c7467b4a05eef1c/storyboard_000008.jpg?quality=85&format=webp,https://www.lovethework.com/work/entries/the-good-passenger-772974
Spikes Asia,2026,Creative Strategy,creative-strategy,"LIFE IS JUST 240,000 CUPS OF WATER—TOSHIBA CARES FOR EVERY DROP IN VIETNAM",TOSHIBA,NATO STUDIO,Audience Insight,Submitted,https://ascentialcdn.filespin.io/api/v1/storyboard/d5692614cdcd4f89a9f1d5c3065b5f02/storyboard_000008.jpg?quality=85&format=webp,https://www.lovethework.com/work/entries/life-is-just-240000-cups-of-watertoshiba-cares-for-every-drop-in-vietnam-770203
Spikes Asia,2026,Creative Strategy,creative-strategy,YOU WITH RACQ?,RACQ,VML,Audience Insight,Submitted,https://ascentialcdn.filespin.io/api/v1/storyboard/a68c0bba9ca04d9c9aaaa8e8904237ad/storyboard_000008.jpg?quality=85&format=webp,https://www.lovethework.com/work/entries/you-with-racq-770241
Spikes Asia,2026,Creative Strategy,creative-strategy,YOU WITH RACQ?,RACQ,VML,Consumer Services/Business to Business,Submitted,https://ascentialcdn.filespin.io/api/v1/storyboard/a68c0bba9ca04d9c9aaaa8e8904237ad/storyboard_000008.jpg?quality=85&format=webp,https://www.lovethework.com/work/entries/you-with-racq-770117
Spikes Asia,2026,Creative Strategy,creative-strategy,MAKE LOVE LAST,VIATRIS,OGILVY,Brave Brands,Submitted,https://ascentialcdn.filespin.io/api/v1/storyboard/c7eb8afbae8f4a51bc32a614fb8ed133/storyboard_000008.jpg?quality=85&format=webp,https://www.lovethework.com/work/entries/make-love-last-772978
Spikes Asia,2026,Creative Strategy,creative-strategy,MERINO LAMINATES - THE STRATEGY THAT BROKE SAMENESS,MERINO,LOWE LINTAS,Challenger Brand Strategy,Submitted,https://ascentialcdn.filespin.io/api/v1/storyboard/11fd3754abac463485101d1230a5ba0d/storyboard_000008.jpg?quality=85&format=webp,https://www.lovethework.com/work/entries/merino-laminates-the-strategy-that-broke-sameness-771310
Spikes Asia,2026,Creative Strategy,creative-strategy,THE ACQUITTED RAMEN RETURNS,SAMYANG FOODS,INNORED,Consumer Goods,Submitted,https://ascentialcdn.filespin.io/api/v1/storyboard/21909e9bdf9740008b6eceb4c2336efe/storyboard_000008.jpg?quality=85&format=webp,https://www.lovethework.com/work/entries/the-acquitted-ramen-returns-770207
Spikes Asia,2026,Creative Strategy,creative-strategy,PETPIT,PANTENE,GREY,Audience Insight,Submitted,https://ascentialcdn.filespin.io/api/v1/storyboard/c3cb3640ea4e4593b326669dde0aaf53/storyboard_000008.jpg?quality=85&format=webp,https://www.lovethework.com/work/entries/petpit-770231
Spikes Asia,2026,Creative Strategy,creative-strategy,MORNING JOY AT MCDONALD'S,MCDONALD'S,MCDONALDS,"Travel, Leisure, Retail, Restaurants & Fast Food Chains",Submitted,https://ascentialcdn.filespin.io/api/v1/storyboard/0d1b8ebc5b1744fd9a32992da8f36fd7/storyboard_000008.jpg?quality=85&format=webp,https://www.lovethework.com/work/entries/morning-joy-at-mcdonalds-770093
Spikes Asia,2026,Creative Strategy,creative-strategy,"HPV CANCER PREVENTION VACCINE, GARDASIL 9",GARDASIL 9,TBWA\KOREA,Healthcare,Submitted,https://ascentialcdn.filespin.io/api/v1/storyboard/c9e1fef2710a4230829c16fae771f559/storyboard_000008.jpg?quality=85&format=webp,https://www.lovethework.com/work/entries/hpv-cancer-prevention-vaccine-gardasil-9-770228
Spikes Asia,2026,Creative Strategy,creative-strategy,LA VIE - FROM A SIP TO A HOLISTIC MENTAL WELLBEING OF VIETNAM,LA VIE,THE PURPOSE GROUP,Corporate Purpose & Social Responsibility,Submitted,https://ascentialcdn.filespin.io/api/v1/storyboard/03ade081c8c54992bd3a14b849ebdb06/storyboard_000008.jpg?quality=85&format=webp,https://www.lovethework.com/work/entries/la-vie-from-a-sip-to-a-holistic-mental-wellbeing-of-vietnam-771459
Spikes Asia,2026,Creative Strategy,creative-strategy,HILTON HUSTLE WITHOUT HASSLE,HILTON HOTELS,TBWA\SINGAPORE,Challenger Brand Strategy,Submitted,https://ascentialcdn.filespin.io/api/v1/storyboard/ec832cd89c7b423880c1575b0df4c744/storyboard_000008.jpg?quality=85&format=webp,https://www.lovethework.com/work/entries/hilton-hustle-without-hassle-770624
Spikes Asia,2026,Creative Strategy,creative-strategy,KACCHA NIMBU #ERASETHELEARNINGGAP,P&G SHIKSHA,BBDO INDIA,Audience Insight,Submitted,https://ascentialcdn.filespin.io/api/v1/storyboard/0c60be27f24440a9beb6d463fdf8ef6b/storyboard_000008.jpg?quality=85&format=webp,https://www.lovethework.com/work/entries/kaccha-nimbu-erasethelearninggap-771842
Spikes Asia,2026,Creative Strategy,creative-strategy,"JAPANDI STYLE - MAKE SPACE FOR ""I"" , ITS A HOME JUST RIGHT",TOSHIBA,NATO STUDIO,Brand Strategy,Submitted,https://ascentialcdn.filespin.io/api/v1/storyboard/3ff34fbcb9864d14b653876ec9cc61d0/storyboard_000008.jpg?quality=85&format=webp,https://www.lovethework.com/work/entries/japandi-style-make-space-for-i-its-a-home-just-right-770296
Spikes Asia,2026,Creative Strategy,creative-strategy,I'M LOVIN' 50,MCDONALD'S HONG KONG,BBDO HONG KONG,Brand Strategy,Submitted,https://ascentialcdn.filespin.io/api/v1/storyboard/5bcfb7ee7289430bbd4018d8a57bf985/storyboard_000008.jpg?quality=85&format=webp,https://www.lovethework.com/work/entries/im-lovin-50-772998
Spikes Asia,2026,Creative Strategy,creative-strategy,CENTRAL KRABI - MADE BY KRABI,CENTRAL PATTANA,CENTRAL PATTANA,"Travel, Leisure, Retail, Restaurants & Fast Food Chains",Submitted,https://ascentialcdn.filespin.io/api/v1/storyboard/8f03d0ffb9024fe5a865cc2acb838f97/storyboard_000008.jpg?quality=85&format=webp,https://www.lovethework.com/work/entries/central-krabi-made-by-krabi-770814
Spikes Asia,2026,Creative Strategy,creative-strategy,MASTERCARD GAMER EXCHANGE,MASTERCARD,MASTERCARD,Consumer Services/Business to Business,Submitted,https://ascentialcdn.filespin.io/api/v1/storyboard/c4198151ef1d403896f03894e5c78245/storyboard_000008.jpg?quality=85&format=webp,https://www.lovethework.com/work/entries/mastercard-gamer-exchange-771824
Spikes Asia,2026,Creative Strategy,creative-strategy,HILTON HUSTLE WITHOUT HASSLE,HILTON HOTELS,TBWA\SINGAPORE,Market Disruption,Submitted,https://ascentialcdn.filespin.io/api/v1/storyboard/ec832cd89c7b423880c1575b0df4c744/storyboard_000008.jpg?quality=85&format=webp,https://www.lovethework.com/work/entries/hilton-hustle-without-hassle-770633
Spikes Asia,2026,Creative Strategy,creative-strategy,OLAY LOOK AT YOU NOW,OLAY,PUBLICIS SINGAPORE,Cultural Engagement,Submitted,https://ascentialcdn.filespin.io/api/v1/storyboard/edfb1de0938041d6b563b6c14998d271/storyboard_000008.jpg?quality=85&format=webp,https://www.lovethework.com/work/entries/olay-look-at-you-now-770967
Spikes Asia,2026,Creative Strategy,creative-strategy,MALE AND FEMALE 1+1 FOR JOINT HPV DEFENSE,MSD TAIWAN,INITIATIVE TAIWAN,Market Disruption,Submitted,https://ascentialcdn.filespin.io/api/v1/storyboard/7f941b14109c48228600c3ff039f959a/storyboard_000008.jpg?quality=85&format=webp,https://www.lovethework.com/work/entries/male-and-female-11-for-joint-hpv-defense-772976
Spikes Asia,2026,Creative Strategy,creative-strategy,GOOD DIFFERENT,ALDI,BMF,Long-term Strategy,Submitted,https://ascentialcdn.filespin.io/api/v1/storyboard/fdb81eb5f4fb42fca2eec0f8ddc09ec8/storyboard_000008.jpg?quality=85&format=webp,https://www.lovethework.com/work/entries/good-different-770127
Spikes Asia,2026,Creative Strategy,creative-strategy,MALE AND FEMALE 1+1 FOR JOINT HPV DEFENSE,MSD TAIWAN,INITIATIVE TAIWAN,Audience Insight,Submitted,https://ascentialcdn.filespin.io/api/v1/storyboard/7f941b14109c48228600c3ff039f959a/storyboard_000008.jpg?quality=85&format=webp,https://www.lovethework.com/work/entries/male-and-female-11-for-joint-hpv-defense-770218
Spikes Asia,2026,Creative Strategy,creative-strategy,THE ACQUITTED RAMEN RETURNS,SAMYANG FOODS,INNORED,Brave Brands,Submitted,https://ascentialcdn.filespin.io/api/v1/storyboard/21909e9bdf9740008b6eceb4c2336efe/storyboard_000008.jpg?quality=85&format=webp,https://www.lovethework.com/work/entries/the-acquitted-ramen-returns-772994
Spikes Asia,2026,Creative Strategy,creative-strategy,PUASA PLAY,MATTEL,MEDIABRANDS CONTENT STUDIO,Cultural Engagement,Submitted,https://ascentialcdn.filespin.io/api/v1/storyboard/01eeeaa4f18e4471890b45e74aabdf83/storyboard_000008.jpg?quality=85&format=webp,https://www.lovethework.com/work/entries/puasa-play-772977
Spikes Asia,2026,Creative Strategy,creative-strategy,BACKING AMBITION: KOTAK’S EMPATHETIC SHIFT WITH ‘HAUSLA HAI TOH HO JAYEGA’,KOTAK MAHINDRA BANK LTD.,KOTAK MAHINDRA BANK LIMITED,Brand Strategy,Submitted,https://ascentialcdn.filespin.io/api/v1/storyboard/4042903f0b3d4695808f4cdd1944b082/storyboard_000008.jpg?quality=85&format=webp,https://www.lovethework.com/work/entries/backing-ambition-kotaks-empathetic-shift-with-hausla-hai-toh-ho-jayega-771201
Spikes Asia,2026,Creative Strategy,creative-strategy,THE MARKED CUP,MAXIM,INNORED,Audience Insight,Submitted,https://ascentialcdn.filespin.io/api/v1/storyboard/a1e3eeb10dea46b9b92e0da3c0c9fa41/storyboard_000008.jpg?quality=85&format=webp,https://www.lovethework.com/work/entries/the-marked-cup-770215
Spikes Asia,2026,Creative Strategy,creative-strategy,HEALTHIER WAYS,ZESPRI,DENTSU CREATIVE,Experience and Relationship Models,Submitted,https://ascentialcdn.filespin.io/api/v1/conversion/5b0ea49114d64706920430a1d013241e?quality=85&format=webp,https://www.lovethework.com/work/entries/healthier-ways-773125
Spikes Asia,2026,Creative Strategy,creative-strategy,TSUGIKI：COFFEE REBORN,TULLY'S,PR CONSULTING DENTSU,Brand Strategy,Submitted,https://ascentialcdn.filespin.io/api/v1/storyboard/8a44e2aff0d64dc49b5bc8e7989f0cd4/storyboard_000008.jpg?quality=85&format=webp,https://www.lovethework.com/work/entries/tsugikicoffee-reborn-773007
Spikes Asia,2026,Creative Strategy,creative-strategy,MOST GIFTS DON’T SURVIVE TIME,SINOPAC SECURITIES,SPECTRUM,Audience Insight,Submitted,https://ascentialcdn.filespin.io/api/v1/storyboard/c20990d39b8d4c1ea1a6720cd184b166/storyboard_000008.jpg?quality=85&format=webp,https://www.lovethework.com/work/entries/most-gifts-dont-survive-time-770186
Spikes Asia,2026,Creative Strategy,creative-strategy,WORK AS IKIGAI,WELLNESS,OZMA PR,Corporate Purpose & Social Responsibility,Submitted,https://ascentialcdn.filespin.io/api/v1/conversion/5f7e3a70c9f2462d8e0954683d983676?quality=85&format=webp,https://www.lovethework.com/work/entries/work-as-ikigai-772655
Spikes Asia,2026,Creative Strategy,creative-strategy,LOCAL PRIDE CHRISTMAS TREES,CENTRAL PATTANA PLC.,CENTRAL PATTANA,Corporate Purpose & Social Responsibility,Submitted,https://ascentialcdn.filespin.io/api/v1/conversion/6b632071c27f4885a240d7412e71871c?quality=85&format=webp,https://www.lovethework.com/work/entries/local-pride-christmas-trees-772386
Spikes Asia,2026,Creative Strategy,creative-strategy,AUSSIE BEEF THE GREATEST,AUSTRALIAN BEEF,"DROGA5 ANZ, PART OF ACCENTURE SONG",Consumer Goods,Submitted,https://ascentialcdn.filespin.io/api/v1/conversion/92eda0da7a224afc809287caa740bf03?quality=85&format=webp,https://www.lovethework.com/work/entries/aussie-beef-the-greatest-770184
Spikes Asia,2026,Creative Strategy,creative-strategy,KACCHA NIMBU #ERASETHELEARNINGGAP,P&G SHIKSHA,BBDO INDIA,Cultural Engagement,Submitted,https://ascentialcdn.filespin.io/api/v1/storyboard/0c60be27f24440a9beb6d463fdf8ef6b/storyboard_000008.jpg?quality=85&format=webp,https://www.lovethework.com/work/entries/kaccha-nimbu-erasethelearninggap-771830
Spikes Asia,2026,Creative Strategy,creative-strategy,OLAY LOOK AT YOU NOW,OLAY,PUBLICIS SINGAPORE,Brand Strategy,Submitted,https://ascentialcdn.filespin.io/api/v1/storyboard/edfb1de0938041d6b563b6c14998d271/storyboard_000008.jpg?quality=85&format=webp,https://www.lovethework.com/work/entries/olay-look-at-you-now-770979
Spikes Asia,2026,Creative Strategy,creative-strategy,HEALTHIER WAYS,ZESPRI,DENTSU CREATIVE,Corporate Purpose & Social Responsibility,Submitted,https://ascentialcdn.filespin.io/api/v1/conversion/5b0ea49114d64706920430a1d013241e?quality=85&format=webp,https://www.lovethework.com/work/entries/healthier-ways-773124
Spikes Asia,2026,Creative Strategy,creative-strategy,DUREX PU: REDEFINING THE PREMIUM EXPERIENCE,DUREX,OMD TAIWAN,Market Disruption,Submitted,https://ascentialcdn.filespin.io/api/v1/storyboard/ebe9a086c1804874a5d7a20fcdb7976f/storyboard_000008.jpg?quality=85&format=webp,https://www.lovethework.com/work/entries/durex-pu-redefining-the-premium-experience-771849
Spikes Asia,2026,Creative Strategy,creative-strategy,SOCIAL & CREATOR: C.01. ORGANIC REACH & INFLUENCE,AIRASIA,THAI AIRASIA,Challenger Brand Strategy,Submitted,https://ascentialcdn.filespin.io/api/v1/storyboard/c7286e65dbdb4ca58ece3f30163da3b5/storyboard_000008.jpg?quality=85&format=webp,https://www.lovethework.com/work/entries/social-creator-c01-organic-reach-influence-772973
Spikes Asia,2026,Creative Strategy,creative-strategy,"DON'T ASK WHY, ASK WEX",WEX,WEX,Consumer Services/Business to Business,Submitted,https://ascentialcdn.filespin.io/api/v1/storyboard/9dbd282b4a5f454bbce62b41ae49d1d4/storyboard_000008.jpg?quality=85&format=webp,https://www.lovethework.com/work/entries/dont-ask-why-ask-wex-772257
Spikes Asia,2026,Creative Strategy,creative-strategy,LOCAL PRIDE CHRISTMAS TREES,CENTRAL PATTANA PLC.,CENTRAL PATTANA,Consumer Services/Business to Business,Submitted,https://ascentialcdn.filespin.io/api/v1/conversion/6b632071c27f4885a240d7412e71871c?quality=85&format=webp,https://www.lovethework.com/work/entries/local-pride-christmas-trees-772384
Spikes Asia,2026,Creative Strategy,creative-strategy,MOBILIFE,MOBILIFE,MOBICOM,Consumer Services/Business to Business,Submitted,https://ascentialcdn.filespin.io/api/v1/conversion/63d3a195c3ba47d4a2a4805bece15cc6?quality=85&format=webp,https://www.lovethework.com/work/entries/mobilife-770112
Spikes Asia,2026,Creative Strategy,creative-strategy,TASTO EMOTIONS-CHIPS,TASTO,CJ WORX,Audience Insight,Submitted,https://ascentialcdn.filespin.io/api/v1/storyboard/ade20e7411e746ad8d1038278186d76c/storyboard_000008.jpg?quality=85&format=webp,https://www.lovethework.com/work/entries/tasto-emotions-chips-770171
Spikes Asia,2026,Creative Strategy,creative-strategy,BASSI VS GARNIER MEN FACEWASH,GARNIER MEN,BBH INDIA,Collaboration,Submitted,https://ascentialcdn.filespin.io/api/v1/storyboard/ce5d09073a3e4ec39491ee14e78f765f/storyboard_000008.jpg?quality=85&format=webp,https://www.lovethework.com/work/entries/bassi-vs-garnier-men-facewash-771851
Spikes Asia,2026,Creative Strategy,creative-strategy,MALE AND FEMALE 1+1 FOR JOINT HPV DEFENSE,MSD TAIWAN,INITIATIVE TAIWAN,Healthcare,Submitted,https://ascentialcdn.filespin.io/api/v1/storyboard/7f941b14109c48228600c3ff039f959a/storyboard_000008.jpg?quality=85&format=webp,https://www.lovethework.com/work/entries/male-and-female-11-for-joint-hpv-defense-770233
Spikes Asia,2026,Creative Strategy,creative-strategy,HEALTHIER WAYS,ZESPRI,DENTSU CREATIVE,Market Disruption,Submitted,https://ascentialcdn.filespin.io/api/v1/conversion/5b0ea49114d64706920430a1d013241e?quality=85&format=webp,https://www.lovethework.com/work/entries/healthier-ways-773123
Spikes Asia,2026,Design,design,BEST AFTER 2055,TAKAMATSU CITY,SHISEIDO CREATIVE,Design for Behavioural Change,Grand Prix,https://ascentialcdn.filespin.io/api/v1/conversion/fe2abe1fa4ad48898f91c095aac86250?quality=85&format=webp,https://www.lovethework.com/work/entries/best-after-2055-769794
Spikes Asia,2026,Design,design,SAVE ME,FAMILYMART,THE BREAKTHROUGH COMPANY GO,Design for Behavioural Change,Gold,https://ascentialcdn.filespin.io/api/v1/conversion/50321f448e6141988fe36af2a216f0c3?quality=85&format=webp,https://www.lovethework.com/work/entries/save-me-769827
Spikes Asia,2026,Design,design,CHEER SIGNS,CHEER SIGNS,TBWA\HAKUHODO,Inclusive Design,Gold,https://ascentialcdn.filespin.io/api/v1/conversion/c8feabbe3b7949879999ac690bd274ea?quality=85&format=webp,https://www.lovethework.com/work/entries/cheer-signs-771211
Spikes Asia,2026,Design,design,INGLISH DICTIONARY,AIR INDIA EXPRESS,JUICE,Special Editions & Bespoke Items,Silver,https://ascentialcdn.filespin.io/api/v1/conversion/8359bebf4076466a8f841014ca77a1dd?quality=85&format=webp,https://www.lovethework.com/work/entries/inglish-dictionary-769831
Spikes Asia,2026,Design,design,IN TUNE WITH NATURE,FOREST CARBON,DESIGN BRIDGE AND PARTNERS,Rebrand/Refresh of an Existing Brand,Silver,https://ascentialcdn.filespin.io/api/v1/conversion/03c8f298c5504a68b61ce445d0920f10?quality=85&format=webp,https://www.lovethework.com/work/entries/in-tune-with-nature-769802
Spikes Asia,2026,Design,design,GODAWAN 173 COLLECTOR'S EDITION,DIAGEO,22FEET TRIBAL WORLDWIDE,Special Editions & Bespoke Items,Silver,https://ascentialcdn.filespin.io/api/v1/conversion/8f01c2547dbc44e093d22b8c48f07a2a?quality=85&format=webp,https://www.lovethework.com/work/entries/godawan-173-collectors-edition-771924
Spikes Asia,2026,Design,design,THE HIDDEN EYE TEST,1001 OPTOMETRY,VML,Posters,Bronze,https://ascentialcdn.filespin.io/api/v1/conversion/2b6d1c9037ef442eb4c9d942bd473e42?quality=85&format=webp,https://www.lovethework.com/work/entries/the-hidden-eye-test-769878
Spikes Asia,2026,Design,design,THE 1/2 PARFAIT,DENNY’S JAPAN CO.,"LTD., I&S BBDO",Sustainability-Focused Design,Bronze,https://ascentialcdn.filespin.io/api/v1/conversion/af60233634a4442d8409ad5fc22ad3e6?quality=85&format=webp,https://www.lovethework.com/work/entries/the-12-parfait-769873
Spikes Asia,2026,Design,design,SMART EYE CAMERA,OUI INC.,TBWA\HAKUHODO,Inclusive Design,Bronze,https://ascentialcdn.filespin.io/api/v1/conversion/b55e3f82689e4dcdbd14bc4ea496d7be?quality=85&format=webp,https://www.lovethework.com/work/entries/smart-eye-camera-769825
Spikes Asia,2026,Design,design,THE WEARABLE EXTINGUISHER,KOREA FIRE PROTECTION ASSOCIATION,"NATIONAL FIRE AGENCY, DMINUSONE",Inclusive Design,Bronze,https://ascentialcdn.filespin.io/api/v1/conversion/c1fb65be293b4b19ba7752e69ebc6863?quality=85&format=webp,https://www.lovethework.com/work/entries/the-wearable-extinguisher-769839
Spikes Asia,2026,Design,design,VOICE OF FOOD,AJINOMOTO CO.,DENTSU INC.,Inclusive Design,Shortlist,https://ascentialcdn.filespin.io/api/v1/storyboard/4f04f56e9e2d4754b5a7a2b980a2db34/storyboard_000008.jpg?quality=85&format=webp,https://www.lovethework.com/work/entries/voice-of-food-770968
Spikes Asia,2026,Design,design,HOKUSAI:ANOTHER STORY,GEEK PICTURES,GEEK PICTURES,Brand Environment & Experience Design,Shortlist,https://ascentialcdn.filespin.io/api/v1/conversion/58f4f592ccf74aa1b81dcca314609b53?quality=85&format=webp,https://www.lovethework.com/work/entries/hokusaianother-story-769914
Spikes Asia,2026,Design,design,YOU'RE THE ONLY WINNER,CARE,VML,Posters,Shortlist,https://ascentialcdn.filespin.io/api/v1/conversion/aff099a1c7c64825ae21e04c2a64bbfb?quality=85&format=webp,https://www.lovethework.com/work/entries/youre-the-only-winner-770666
Spikes Asia,2026,Design,design,BEST AFTER 2055,TAKAMATSU CITY,SHISEIDO CREATIVE,Product Design,Shortlist,https://ascentialcdn.filespin.io/api/v1/conversion/fe2abe1fa4ad48898f91c095aac86250?quality=85&format=webp,https://www.lovethework.com/work/entries/best-after-2055-772899
Spikes Asia,2026,Design,design,BACK TO THE BEGINNING,MCDONALD'S HONG KONG,BBDO HONG KONG,Brand Environment & Experience Design,Shortlist,https://ascentialcdn.filespin.io/api/v1/conversion/c3fa72c981fe4a84bcb4ea6effd5b968?quality=85&format=webp,https://www.lovethework.com/work/entries/back-to-the-beginning-770525
Spikes Asia,2026,Design,design,BOX TO BEDS,AMAZON,OGILVY,Packaging Design,Shortlist,https://ascentialcdn.filespin.io/api/v1/conversion/844f30e20f794839a1c9a1d331dfa5e1?quality=85&format=webp,https://www.lovethework.com/work/entries/box-to-beds-771104
Spikes Asia,2026,Design,design,INTO ART,TELSTRA,+61,Brand Environment & Experience Design,Shortlist,https://ascentialcdn.filespin.io/api/v1/conversion/23bdbb0a20d440bfb57e1e9dd6d322e1?quality=85&format=webp,https://www.lovethework.com/work/entries/into-art-770422
Spikes Asia,2026,Design,design,THE GREAT IN-GAME WEDDING,BATTLEGROUND MOBILE INDIA,22FEET TRIBAL WORLDWIDE,Special Editions & Bespoke Items,Shortlist,https://ascentialcdn.filespin.io/api/v1/conversion/66627bfaf8fb4262b3183c414604c7a0?quality=85&format=webp,https://www.lovethework.com/work/entries/the-great-in-game-wedding-771123
Spikes Asia,2026,Design,design,THE HIDDEN EYE TEST,1001 OPTOMETRY,VML,Design-Driven Effectiveness,Shortlist,https://ascentialcdn.filespin.io/api/v1/conversion/1a7d7a20c3a242608c62786afb334d23?quality=85&format=webp,https://www.lovethework.com/work/entries/the-hidden-eye-test-769784
Spikes Asia,2026,Design,design,SMART EYE CAMERA,OUI INC.,TBWA\HAKUHODO,Product Design,Shortlist,https://ascentialcdn.filespin.io/api/v1/conversion/b55e3f82689e4dcdbd14bc4ea496d7be?quality=85&format=webp,https://www.lovethework.com/work/entries/smart-eye-camera-771419
Spikes Asia,2026,Design,design,GODAWAN 173 COLLECTOR'S EDITION,DIAGEO,22FEET TRIBAL WORLDWIDE,Packaging Design,Shortlist,https://ascentialcdn.filespin.io/api/v1/conversion/029e54d840bd4c61a20ecfd32eca9ed7?quality=85&format=webp,https://www.lovethework.com/work/entries/godawan-173-collectors-edition-771915
Spikes Asia,2026,Design,design,VARNA COLOSTRUM – THE IMMUNITY GLITCH BOARDS,VARNA COLOSTRUM,THE PURPOSE GROUP,Design for Behavioural Change,Submitted,https://ascentialcdn.filespin.io/api/v1/conversion/dc21fb85e6cc4c07aaa5796df781fb66?quality=85&format=webp,https://www.lovethework.com/work/entries/varna-colostrum-the-immunity-glitch-boards-771480
Spikes Asia,2026,Design,design,PLAYFUL STAMINA,NIKKEI INC.,DENTSU INC.,Brand Collateral,Submitted,https://ascentialcdn.filespin.io/api/v1/conversion/dd71a7a4beb04f66941fdfd616840acb?quality=85&format=webp,https://www.lovethework.com/work/entries/playful-stamina-769799
Spikes Asia,2026,Design,design,PLEASE IGNORE IT,TOURETTE'S ASSOCIATION OF NEW ZEALAND,SAATCHI & SAATCHI NEW ZEALAND,Posters,Submitted,https://ascentialcdn.filespin.io/api/v1/conversion/14580d48d61743a19a3b55ffa9b77f42?quality=85&format=webp,https://www.lovethework.com/work/entries/please-ignore-it-771070
Spikes Asia,2026,Design,design,NO LABELS,NIKKA WHISKY,DENTSU INC.,Rebrand/Refresh of an Existing Brand,Submitted,https://ascentialcdn.filespin.io/api/v1/conversion/783d1b39ecc643e4b4a5c4307f42f836?quality=85&format=webp,https://www.lovethework.com/work/entries/no-labels-772897
Spikes Asia,2026,Design,design,YEAR OF THE SNAKE,COCA-COLA,OGILVY HONG KONG,Posters,Submitted,https://ascentialcdn.filespin.io/api/v1/conversion/6d7f0d87bf1941599dc2b266a5b4a922?quality=85&format=webp,https://www.lovethework.com/work/entries/year-of-the-snake-769795
Spikes Asia,2026,Design,design,MAXIM GAOK: WHERE COFFEE SLOWS DOWN,DONG SUH FOODS CORP.,CHEIL WORLDWIDE,Design for Behavioural Change,Submitted,https://ascentialcdn.filespin.io/api/v1/conversion/80873e073d644fce800b7671801c924f?quality=85&format=webp,https://www.lovethework.com/work/entries/maxim-gaok-where-coffee-slows-down-769812
Spikes Asia,2026,Design,design,CHAMPION TABLE CLOTHES,CHAMPION DETERGENTS,TBWA\SMP,Brand Environment & Experience Design,Submitted,https://ascentialcdn.filespin.io/api/v1/conversion/0974aa4acd864ed7bca0562b0e366cdc?quality=85&format=webp,https://www.lovethework.com/work/entries/champion-table-clothes-770755
Spikes Asia,2026,Design,design,UV LYNC,ULTRAVIOLETTE AUTOMOTIVE PRIVATE LIMITED,TGTHR,Sustainability-Focused Design,Submitted,https://ascentialcdn.filespin.io/api/v1/conversion/14a14ac3d1524791a5197666a0d6094c?quality=85&format=webp,https://www.lovethework.com/work/entries/uv-lync-770674
Spikes Asia,2026,Design,design,IOWN×PERFUME,IOWN,GEEK PICTURES,Use of Emerging Technology,Submitted,https://ascentialcdn.filespin.io/api/v1/conversion/45a82377a7a14d85a0746d8b555c3d61?quality=85&format=webp,https://www.lovethework.com/work/entries/iownperfume-769768
Spikes Asia,2026,Design,design,VESTFORREST,LOTTE E&C,LOTTE E & C,Design for Behavioural Change,Submitted,https://ascentialcdn.filespin.io/api/v1/conversion/cf9e1f9ef20d42588d0c4901fa7db90d?quality=85&format=webp,https://www.lovethework.com/work/entries/vestforrest-769820
Spikes Asia,2026,Design,design,THE ART OF UNDOING,CZIP LEE,MUMA MALAYSIA,Innovation in Design,Submitted,https://ascentialcdn.filespin.io/api/v1/conversion/2ee1693675f04a55939dc513ca9837bd?quality=85&format=webp,https://www.lovethework.com/work/entries/the-art-of-undoing-769894
Spikes Asia,2026,Design,design,ONE HUNDRED COLORS. ONE HUNDRED PEOPLE.,ADM MAGAZINE,ADM,Publications & Editorial Design,Submitted,https://ascentialcdn.filespin.io/api/v1/conversion/7177b135757d4e2091ff938f85fc9f4c?quality=85&format=webp,https://www.lovethework.com/work/entries/one-hundred-colors-one-hundred-people-769877
Spikes Asia,2026,Design,design,"ISOLATE PESTS, ISOLATE HARM",ZIP PEST SOLUTIONS,VML,Posters,Submitted,https://ascentialcdn.filespin.io/api/v1/conversion/83d6278fad764938bfe7a866c73a8bb3?quality=85&format=webp,https://www.lovethework.com/work/entries/isolate-pests-isolate-harm-773061
Spikes Asia,2026,Design,design,THE MARKED CUP,MAXIM,INNORED,Brand Collateral,Submitted,https://ascentialcdn.filespin.io/api/v1/conversion/eea76297e2a04258953949865b7cf9f3?quality=85&format=webp,https://www.lovethework.com/work/entries/the-marked-cup-769811
Spikes Asia,2026,Design,design,CHAMPION TABLE CLOTHES,CHAMPION DETERGENTS,TBWA\SMP,Special Editions & Bespoke Items,Submitted,https://ascentialcdn.filespin.io/api/v1/conversion/200a9a7f336f4bdd8762b46f5c49c7cb?quality=85&format=webp,https://www.lovethework.com/work/entries/champion-table-clothes-770765
Spikes Asia,2026,Design,design,PLAYBOARDS,PEPSI,BBDO PAKISTAN,Inclusive Design,Submitted,https://ascentialcdn.filespin.io/api/v1/conversion/87a67097a190400f96451d222b15b497?quality=85&format=webp,https://www.lovethework.com/work/entries/playboards-770899
Spikes Asia,2026,Design,design,SLEEPLESS CONTROLLER,DREWELL,DENTSU INC.,Design for Behavioural Change,Submitted,https://ascentialcdn.filespin.io/api/v1/conversion/fd3701c4fc06476f91bca05cb3a3bcee?quality=85&format=webp,https://www.lovethework.com/work/entries/sleepless-controller-771423
Spikes Asia,2026,Design,design,A MAHA MOVEMENT AT THE MAHA KUMBH,COCA-COLA,WEBER SHANDWICK,Sustainability-Focused Design,Submitted,https://ascentialcdn.filespin.io/api/v1/conversion/d3e4692a00d44c2cb745b90a622cfafd?quality=85&format=webp,https://www.lovethework.com/work/entries/a-maha-movement-at-the-maha-kumbh-770782
Spikes Asia,2026,Design,design,TWO FRONTIERS OF HUMAN CRAFT: SAKE,DASSAI,ASAHI SHUZO,Posters,Submitted,https://ascentialcdn.filespin.io/api/v1/conversion/c632b25c0b544793b2845a2b8a59eb57?quality=85&format=webp,https://www.lovethework.com/work/entries/two-frontiers-of-human-craft-sake-769808
Spikes Asia,2026,Design,design,WAVES OF WILL POWERED BY NTT,NTT HUMAN INFORMATICS LABORATORIES,DENTSU INC.,Inclusive Design,Submitted,https://ascentialcdn.filespin.io/api/v1/conversion/64531e9edc5e4848980f09fbac1c226c?quality=85&format=webp,https://www.lovethework.com/work/entries/waves-of-will-powered-by-ntt-771219
Spikes Asia,2026,Design,design,ESSENTIAL MOMENT,JIMBEAM,DENTSU INC.,Sustainability-Focused Design,Submitted,https://ascentialcdn.filespin.io/api/v1/conversion/a73606729ab84e9fbd1261348ce856e2?quality=85&format=webp,https://www.lovethework.com/work/entries/essential-moment-769857
Spikes Asia,2026,Design,design,NEW FORM OF INHERITANCE,KOMBUYA MAGOBEI,KOMBUYA MAGOBEI,Packaging Design,Submitted,https://ascentialcdn.filespin.io/api/v1/conversion/672791cbbe4847f7a07e8b82920c43b4?quality=85&format=webp,https://www.lovethework.com/work/entries/new-form-of-inheritance-769833
Spikes Asia,2026,Design,design,THE GREAT IN-GAME WEDDING,BATTLEGROUND MOBILE INDIA,22FEET TRIBAL WORLDWIDE,Promotional Items/Promotional Printed Media,Submitted,https://ascentialcdn.filespin.io/api/v1/conversion/66627bfaf8fb4262b3183c414604c7a0?quality=85&format=webp,https://www.lovethework.com/work/entries/the-great-in-game-wedding-773112
Spikes Asia,2026,Design,design,VOICE WANTED,KOREAN NATIONAL POLICE AGENCY,CHEIL WORLDWIDE,Design for Behavioural Change,Submitted,https://ascentialcdn.filespin.io/api/v1/conversion/a6c689d88e61486abea7cc0ede0aa03e?quality=85&format=webp,https://www.lovethework.com/work/entries/voice-wanted-769803
Spikes Asia,2026,Design,design,PLAYHAIR,PRODUCT (HAIR CARE LINE),I&S BBDO,Social Media Design,Submitted,https://ascentialcdn.filespin.io/api/v1/conversion/efd78a5438cf43ed8a852b2076abbc7e?quality=85&format=webp,https://www.lovethework.com/work/entries/playhair-772644
Spikes Asia,2026,Design,design,BECAUSE YOU MOVE FORWARD.,KANAZAWA HIGH SCHOOL SUMO TOURNAMENT,DENTSU INC.,Posters,Submitted,https://ascentialcdn.filespin.io/api/v1/conversion/f98bcc80c4a7410690d1b35c56729042?quality=85&format=webp,https://www.lovethework.com/work/entries/because-you-move-forward-769846
Spikes Asia,2026,Design,design,KUB DEE DAI DEE -TRANSFORMING SAFE DRIVING FROM RULE TO BELIEF-,TOYOTA MOBILITY FOUNDATION / HONDA MOTOR CO.,"LTD., HAKUHODO FIRST",Design for Behavioural Change,Submitted,https://ascentialcdn.filespin.io/api/v1/conversion/9d0e11cf2aa542e4a80f51132468979c?quality=85&format=webp,https://www.lovethework.com/work/entries/kub-dee-dai-dee-transforming-safe-driving-from-rule-to-belief-770790
Spikes Asia,2026,Design,design,FREEZE DRY MILK,FUKKO DESIGN,TBWA\HAKUHODO,Sustainability-Focused Design,Submitted,https://ascentialcdn.filespin.io/api/v1/conversion/a14dc0fa8e3343a0912f0640a521a48e?quality=85&format=webp,https://www.lovethework.com/work/entries/freeze-dry-milk-769876
Spikes Asia,2026,Design,design,BEER HOLDER,BLUE GIRL,AB INBEV,Special Editions & Bespoke Items,Submitted,https://ascentialcdn.filespin.io/api/v1/conversion/01472e4eb9064a4ea45f4c7e63d3cc10?quality=85&format=webp,https://www.lovethework.com/work/entries/beer-holder-771351
Spikes Asia,2026,Design,design,VOICE WANTED,KOREAN NATIONAL POLICE AGENCY,CHEIL WORLDWIDE,Posters,Submitted,https://ascentialcdn.filespin.io/api/v1/conversion/e4f586c12e0d46eea56db2184075837e?quality=85&format=webp,https://www.lovethework.com/work/entries/voice-wanted-772908
Spikes Asia,2026,Design,design,GQ PRO MED SCRUBS,GQ APPAREL,ACCENTURE SONG,Product Design,Submitted,https://ascentialcdn.filespin.io/api/v1/conversion/d185b352a8a54de8851ec36cc74a20cc?quality=85&format=webp,https://www.lovethework.com/work/entries/gq-pro-med-scrubs-769858
Spikes Asia,2026,Design,design,WHATSAPP – MAKING TEXTING TRULY INCLUSIVE FOR INDIA,WHATSAPP,FUNDAMENTAL,Inclusive Design,Submitted,https://ascentialcdn.filespin.io/api/v1/storyboard/142d004625cf4a089dbc60bccae0fc59/storyboard_000008.jpg?quality=85&format=webp,https://www.lovethework.com/work/entries/whatsapp-making-texting-truly-inclusive-for-india-769832
Spikes Asia,2026,Design,design,THE HIDDEN EYE TEST,1001 OPTOMETRY,VML,Innovation in Design,Submitted,https://ascentialcdn.filespin.io/api/v1/conversion/9d88c696537f4b61afd235526b71a20e?quality=85&format=webp,https://www.lovethework.com/work/entries/the-hidden-eye-test-772909
Spikes Asia,2026,Design,design,LA VIE - FROM A SIP TO A HOLISTIC MENTAL WELLBEING OF VIETNAM,LA VIE,THE PURPOSE GROUP,Brand Environment & Experience Design,Submitted,https://ascentialcdn.filespin.io/api/v1/conversion/753bfce8938f411683004a72be58f40c?quality=85&format=webp,https://www.lovethework.com/work/entries/la-vie-from-a-sip-to-a-holistic-mental-wellbeing-of-vietnam-771113
Spikes Asia,2026,Design,design,SWEET EXPRESS,HÄAGEN-DAZS KOREA,HSAD,Brand Environment & Experience Design,Submitted,https://ascentialcdn.filespin.io/api/v1/conversion/5fbf4b71999e41dba3c9c6928a49331b?quality=85&format=webp,https://www.lovethework.com/work/entries/sweet-express-769765
Spikes Asia,2026,Design,design,THE BREATHING WALL,TBC BANK UZBEKISTAN,FCB ARTGROUP,Sustainability-Focused Design,Submitted,https://ascentialcdn.filespin.io/api/v1/conversion/a611be99781e44cfaa76018fb67e90b2?quality=85&format=webp,https://www.lovethework.com/work/entries/the-breathing-wall-769852
Spikes Asia,2026,Design,design,THE MARKED CUP,MAXIM,INNORED,Special Editions & Bespoke Items,Submitted,https://ascentialcdn.filespin.io/api/v1/conversion/eea76297e2a04258953949865b7cf9f3?quality=85&format=webp,https://www.lovethework.com/work/entries/the-marked-cup-772903
Spikes Asia,2026,Design,design,THE HIDDEN EYE TEST,1001 OPTOMETRY,VML,Design for Behavioural Change,Submitted,https://ascentialcdn.filespin.io/api/v1/conversion/c724443c5c644fbcb1acb9458c26b183?quality=85&format=webp,https://www.lovethework.com/work/entries/the-hidden-eye-test-769781
Spikes Asia,2026,Design,design,THE MARKED CUP,MAXIM,INNORED,Product Design,Submitted,https://ascentialcdn.filespin.io/api/v1/conversion/eea76297e2a04258953949865b7cf9f3?quality=85&format=webp,https://www.lovethework.com/work/entries/the-marked-cup-769868
Spikes Asia,2026,Design,design,HEAR IN HIJAB,WARDAH,DENTSU CREATIVE,Inclusive Design,Submitted,https://ascentialcdn.filespin.io/api/v1/conversion/9112f7ac4a7441e4bdc51da034bd1f93?quality=85&format=webp,https://www.lovethework.com/work/entries/hear-in-hijab-770998
Spikes Asia,2026,Design,design,HEAR IN HIJAB,WARDAH,DENTSU CREATIVE,Special Editions & Bespoke Items,Submitted,https://ascentialcdn.filespin.io/api/v1/conversion/9112f7ac4a7441e4bdc51da034bd1f93?quality=85&format=webp,https://www.lovethework.com/work/entries/hear-in-hijab-771035
Spikes Asia,2026,Design,design,THE HIDDEN EYE TEST,1001 OPTOMETRY,VML,Use of Emerging Technology,Submitted,https://ascentialcdn.filespin.io/api/v1/conversion/641379a615634264917a71a46d86b51f?quality=85&format=webp,https://www.lovethework.com/work/entries/the-hidden-eye-test-769900
Spikes Asia,2026,Design,design,BALLOON YOUR HOPE.,THE AD MUSEUM TOKYO,DENTSU INC.,Posters,Submitted,https://ascentialcdn.filespin.io/api/v1/conversion/3a3e80020d814609a375732496cb59a3?quality=85&format=webp,https://www.lovethework.com/work/entries/balloon-your-hope-772905
Spikes Asia,2026,Design,design,LUX RECLAIM HER NAME,LUX,VML,Digital Design,Submitted,https://ascentialcdn.filespin.io/api/v1/conversion/1e80ea2284754b30986506a793a33815?quality=85&format=webp,https://www.lovethework.com/work/entries/lux-reclaim-her-name-769904
Spikes Asia,2026,Design,design,SLEEPLESS CONTROLLER,DREWELL,DENTSU INC.,Brand Environment & Experience Design,Submitted,https://ascentialcdn.filespin.io/api/v1/conversion/fd3701c4fc06476f91bca05cb3a3bcee?quality=85&format=webp,https://www.lovethework.com/work/entries/sleepless-controller-769777
Spikes Asia,2026,Design,design,ONE NOODLE,HARAKU RAMEN,BLKJ HAVAS,Product Design,Submitted,https://ascentialcdn.filespin.io/api/v1/conversion/f43a17e513764061a27d43ded5b71d1d?quality=85&format=webp,https://www.lovethework.com/work/entries/one-noodle-769836
Spikes Asia,2026,Design,design,HERO PRAYERS FOR SAFETY,HERO MOTOCORP,SAATCHI & SAATCHI INDIA,Design for Behavioural Change,Submitted,https://ascentialcdn.filespin.io/api/v1/conversion/17c8d3be9ef54bf58b0c4827fd5c58ba?quality=85&format=webp,https://www.lovethework.com/work/entries/hero-prayers-for-safety-770476
Spikes Asia,2026,Design,design,TASTO EMOTIONS-CHIPS,TASTO,CJ WORX,Special Editions & Bespoke Items,Submitted,https://ascentialcdn.filespin.io/api/v1/storyboard/ade20e7411e746ad8d1038278186d76c/storyboard_000008.jpg?quality=85&format=webp,https://www.lovethework.com/work/entries/tasto-emotions-chips-769821
Spikes Asia,2026,Design,design,PLAYFUL STAMINA,NIKKEI INC.,DENTSU INC.,Posters,Submitted,https://ascentialcdn.filespin.io/api/v1/conversion/8d881ad51274442891b9a02b6200a75d?quality=85&format=webp,https://www.lovethework.com/work/entries/playful-stamina-769767
Spikes Asia,2026,Design,design,KITA NO HASHI BAKERY,KITA NO HASHI BAKERY,KD,Brand/Corporate Identity,Submitted,https://ascentialcdn.filespin.io/api/v1/conversion/ef2663313d1548b5af9cdc25ac06e3fb?quality=85&format=webp,https://www.lovethework.com/work/entries/kita-no-hashi-bakery-769791
Spikes Asia,2026,Design,design,BIKKIE BELT,THE ARNOTT'S GROUP,SAATCHI & SAATCHI,Special Editions & Bespoke Items,Submitted,https://ascentialcdn.filespin.io/api/v1/conversion/b7bc2350772e48dbb6f15245345592bf?quality=85&format=webp,https://www.lovethework.com/work/entries/bikkie-belt-770895
Spikes Asia,2026,Design,design,ESSENTIAL MOMENT,JIMBEAM,DENTSU INC.,Posters,Submitted,https://ascentialcdn.filespin.io/api/v1/conversion/a73606729ab84e9fbd1261348ce856e2?quality=85&format=webp,https://www.lovethework.com/work/entries/essential-moment-772906
Spikes Asia,2026,Design,design,COMMUTER CAMO,KITKAT,VML,Special Editions & Bespoke Items,Submitted,https://ascentialcdn.filespin.io/api/v1/conversion/52ffe23cd67143678b6011bafd096652?quality=85&format=webp,https://www.lovethework.com/work/entries/commuter-camo-772902
Spikes Asia,2026,Design,design,HANGEUL TRUCK,SAMSUNG,CHEIL WORLDWIDE,Brand Environment & Experience Design,Submitted,https://ascentialcdn.filespin.io/api/v1/conversion/dd40dcec58544240b493d681b8e09117?quality=85&format=webp,https://www.lovethework.com/work/entries/hangeul-truck-769915
Spikes Asia,2026,Design,design,ESSENTIAL MOMENT,JIMBEAM,DENTSU INC.,Promotional Items/Promotional Printed Media,Submitted,https://ascentialcdn.filespin.io/api/v1/conversion/a73606729ab84e9fbd1261348ce856e2?quality=85&format=webp,https://www.lovethework.com/work/entries/essential-moment-769817
Spikes Asia,2026,Design,design,TRASH BENTO,PUBLICIS GROUPE JAPAN,BEACON COMMUNICATIONS,Sustainability-Focused Design,Submitted,https://ascentialcdn.filespin.io/api/v1/conversion/157398a25557487d99e57663aafa6b09?quality=85&format=webp,https://www.lovethework.com/work/entries/trash-bento-771140
Spikes Asia,2026,Design,design,"7800 STEPS, 7800 FUTURES",CHUGAI PHARMACEUTICAL CO.,"LTD., DENTSU CREATIVE PICTURES",Brand/Corporate Identity,Submitted,https://ascentialcdn.filespin.io/api/v1/conversion/d4a2cf3c15ce47a48a88aacd421f6c2a?quality=85&format=webp,https://www.lovethework.com/work/entries/7800-steps-7800-futures-769782
Spikes Asia,2026,Design,design,IOWN×PERFUME,IOWN,GEEK PICTURES,Brand Environment & Experience Design,Submitted,https://ascentialcdn.filespin.io/api/v1/conversion/45a82377a7a14d85a0746d8b555c3d61?quality=85&format=webp,https://www.lovethework.com/work/entries/iownperfume-769912
Spikes Asia,2026,Design,design,CHAMPION TABLE CLOTHES,CHAMPION DETERGENTS,TBWA\SMP,Promotional Items/Promotional Printed Media,Submitted,https://ascentialcdn.filespin.io/api/v1/conversion/8e35e82e1de6461987338c080e635587?quality=85&format=webp,https://www.lovethework.com/work/entries/champion-table-clothes-770770
Spikes Asia,2026,Design,design,A MAHA MOVEMENT AT THE MAHA KUMBH,COCA-COLA,WEBER SHANDWICK,Design for Behavioural Change,Submitted,https://ascentialcdn.filespin.io/api/v1/conversion/d3e4692a00d44c2cb745b90a622cfafd?quality=85&format=webp,https://www.lovethework.com/work/entries/a-maha-movement-at-the-maha-kumbh-770795
Spikes Asia,2026,Design,design,PEACEFUL WEAPON,THE AD MUSEUM TOKYO,DENTSU INC.,Posters,Submitted,https://ascentialcdn.filespin.io/api/v1/conversion/164a8baf89fc41feb754832774f79b97?quality=85&format=webp,https://www.lovethework.com/work/entries/peaceful-weapon-769862
Spikes Asia,2026,Design,design,CRADLE BAG,PRODUCTS OF PEACE,TBWA\SMP,Special Editions & Bespoke Items,Submitted,https://ascentialcdn.filespin.io/api/v1/conversion/b4b257c2addb4befb196276af3836308?quality=85&format=webp,https://www.lovethework.com/work/entries/cradle-bag-771203
Spikes Asia,2026,Design,design,SANGSOM PIXEL BAR,SANGSOM,SOUR BANGKOK,Sustainability-Focused Design,Submitted,https://ascentialcdn.filespin.io/api/v1/conversion/cb067af643ad44e3a6ba8cd7b002492b?quality=85&format=webp,https://www.lovethework.com/work/entries/sangsom-pixel-bar-769844
Spikes Asia,2026,Design,design,FEEDBACK THAT FEEDS YOU,BURGER KING,PROPEL MANILA,Posters,Submitted,https://ascentialcdn.filespin.io/api/v1/conversion/1cb7d420c5364db78a1ecd67bdbb7149?quality=85&format=webp,https://www.lovethework.com/work/entries/feedback-that-feeds-you-769798
Spikes Asia,2026,Design,design,CRADLE BAG,PRODUCTS OF PEACE,TBWA\SMP,Product Design,Submitted,https://ascentialcdn.filespin.io/api/v1/conversion/8bc2a364ef344e108b5010865fb81be9?quality=85&format=webp,https://www.lovethework.com/work/entries/cradle-bag-771194
Spikes Asia,2026,Design,design,GQ PRO MED SCRUBS,GQ APPAREL,ACCENTURE SONG,Brand Transformation,Submitted,https://ascentialcdn.filespin.io/api/v1/conversion/d185b352a8a54de8851ec36cc74a20cc?quality=85&format=webp,https://www.lovethework.com/work/entries/gq-pro-med-scrubs-769835
Spikes Asia,2026,Design,design,FRESH VISIONS,DENTSU ADVERTISING AWARDS,DENTSU INC.,Posters,Submitted,https://ascentialcdn.filespin.io/api/v1/conversion/56dc07d9ddde49538b38bdd6ac9e4f2a?quality=85&format=webp,https://www.lovethework.com/work/entries/fresh-visions-769870
Spikes Asia,2026,Design,design,MY OWN,YOKOHAMA CITY SPECIAL SUPPORT SCHOOL FOR THE VISUALLY IMPAIRED,FRONTAGE INC.,Posters,Submitted,https://ascentialcdn.filespin.io/api/v1/conversion/c0f630ecf49c478d994f9cdf0f931d81?quality=85&format=webp,https://www.lovethework.com/work/entries/my-own-770465
Spikes Asia,2026,Design,design,LEGOBUILDS,LEGO,OUR LEGO AGENCY,Brand/Corporate Identity,Submitted,https://ascentialcdn.filespin.io/api/v1/conversion/b8ed3bd70c4e4d12a94dc6bf3a14b01e?quality=85&format=webp,https://www.lovethework.com/work/entries/legobuilds-769797
Spikes Asia,2026,Design,design,LUX RECLAIM HER NAME,LUX,VML,Social Media Design,Submitted,https://ascentialcdn.filespin.io/api/v1/conversion/1e80ea2284754b30986506a793a33815?quality=85&format=webp,https://www.lovethework.com/work/entries/lux-reclaim-her-name-772904
Spikes Asia,2026,Design,design,IMMERSIVE ACTIVATION OF “KANDO”,YAMAHA,AMANA,Rebrand/Refresh of an Existing Brand,Submitted,https://ascentialcdn.filespin.io/api/v1/conversion/3d617a07fbf841ebb268d5cfe91a519d?quality=85&format=webp,https://www.lovethework.com/work/entries/immersive-activation-of-kando-772898
Spikes Asia,2026,Design,design,HSBC 160TH ANNIVERSARY RUBE GOLDBERG SHOWCASE,HSBC,OMNICOM MEDIA HONG KONG,Innovation in Design,Submitted,https://ascentialcdn.filespin.io/api/v1/conversion/ec97fcc6b8d54695aab3a5e8034275cc?quality=85&format=webp,https://www.lovethework.com/work/entries/hsbc-160th-anniversary-rube-goldberg-showcase-769886
Spikes Asia,2026,Design,design,FOREVER GOLDEN,FOOTBALL AUSTRALIA,M+C SAATCHI,Rebrand/Refresh of an Existing Brand,Submitted,https://ascentialcdn.filespin.io/api/v1/conversion/f0c43e3243fe4730811e521897cfaf45?quality=85&format=webp,https://www.lovethework.com/work/entries/forever-golden-770889
Spikes Asia,2026,Design,design,HPB DEADLY COLLECTIBLES,HEALTH PROMOTION BOARD (SINGAPORE),TBWA\SINGAPORE,Posters,Submitted,https://ascentialcdn.filespin.io/api/v1/conversion/9f82cfd6309644d0b0f978a7a6f8cefa?quality=85&format=webp,https://www.lovethework.com/work/entries/hpb-deadly-collectibles-770569
Spikes Asia,2026,Design,design,SMOKE OF VICTORY,RALLY JAPAN 2025,DENTSU INC.,Posters,Submitted,https://ascentialcdn.filespin.io/api/v1/conversion/74ae227cb73143b7ae3e819299029411?quality=85&format=webp,https://www.lovethework.com/work/entries/smoke-of-victory-769775
Spikes Asia,2026,Design,design,NO LABELS,NIKKA WHISKY,DENTSU INC.,Brand Collateral,Submitted,https://ascentialcdn.filespin.io/api/v1/conversion/abf71c069df9488c94dd0e3c017aa2f3?quality=85&format=webp,https://www.lovethework.com/work/entries/no-labels-772901
Spikes Asia,2026,Design,design,COCA-COLA FROZEN,COCA-COLA,OGILVY,Brand Collateral,Submitted,https://ascentialcdn.filespin.io/api/v1/conversion/67c9b919bbf54d3a8d4f13e855d160be?quality=85&format=webp,https://www.lovethework.com/work/entries/coca-cola-frozen-770655
Spikes Asia,2026,Design,design,THE BREATHING WALL,TBC BANK UZBEKISTAN,FCB ARTGROUP,Innovation in Design,Submitted,https://ascentialcdn.filespin.io/api/v1/conversion/a611be99781e44cfaa76018fb67e90b2?quality=85&format=webp,https://www.lovethework.com/work/entries/the-breathing-wall-769880
Spikes Asia,2026,Design,design,COMFORT,HAVAIANAS,GIGIL,Social Media Design,Submitted,https://ascentialcdn.filespin.io/api/v1/conversion/de0525bae28f4458ae440e229da41ce3?quality=85&format=webp,https://www.lovethework.com/work/entries/comfort-771797
Spikes Asia,2026,Design,design,CONCRETE BOOK,TOKOSEN (TOKAI POLYTECHNIC COLLEGE KANAYAMA),DENTSU INC.,Books,Submitted,https://ascentialcdn.filespin.io/api/v1/conversion/bba603908eff440aa3426b6f2cd38426?quality=85&format=webp,https://www.lovethework.com/work/entries/concrete-book-769883
Spikes Asia,2026,Design,design,TILECHALK,DBL CERAMICS LIMITED,POP5,Sustainability-Focused Design,Submitted,https://ascentialcdn.filespin.io/api/v1/conversion/c74b843d05d54cc888aa720fc66399fc?quality=85&format=webp,https://www.lovethework.com/work/entries/tilechalk-769864
Spikes Asia,2026,Design,design,IOWN×PERFUME,IOWN,GEEK PICTURES,Digital Design,Submitted,https://ascentialcdn.filespin.io/api/v1/conversion/45a82377a7a14d85a0746d8b555c3d61?quality=85&format=webp,https://www.lovethework.com/work/entries/iownperfume-769896
Spikes Asia,2026,Design,design,TRACES OF TRANCE,SHISEIDO CO.,SHISEIDO CREATIVE,Brand Environment & Experience Design,Submitted,https://ascentialcdn.filespin.io/api/v1/conversion/58538a6642244d1985cb555f35f14f73?quality=85&format=webp,https://www.lovethework.com/work/entries/traces-of-trance-769907
Spikes Asia,2026,Design,design,MAKEUP CALLIGRAPHY,SHISEIDO CO.,SHISEIDO CREATIVE,Promotional Items/Promotional Printed Media,Submitted,https://ascentialcdn.filespin.io/api/v1/conversion/1264b53465474c849152a2138879d503?quality=85&format=webp,https://www.lovethework.com/work/entries/makeup-calligraphy-769809
Spikes Asia,2026,Design,design,CHAI BANSURI - THE TEA FLUTE,BROOKE BOND TAJ MAHAL TEA,OGILVY,Innovation in Design,Submitted,https://ascentialcdn.filespin.io/api/v1/storyboard/16fc1db8d6924a0b931f8764cc0a2ca7/storyboard_000008.jpg?quality=85&format=webp,https://www.lovethework.com/work/entries/chai-bansuri-the-tea-flute-770425
Spikes Asia,2026,Design,design,A MAHA MOVEMENT AT THE MAHA KUMBH,COCA-COLA,WEBER SHANDWICK,Brand Environment & Experience Design,Submitted,https://ascentialcdn.filespin.io/api/v1/conversion/1bd3d3e8808d40369f35815dc07bb537?quality=85&format=webp,https://www.lovethework.com/work/entries/a-maha-movement-at-the-maha-kumbh-770763
Spikes Asia,2026,Design,design,VOICE WANTED,KOREAN NATIONAL POLICE AGENCY,CHEIL WORLDWIDE,Design-Driven Effectiveness,Submitted,https://ascentialcdn.filespin.io/api/v1/conversion/6f61bab5bf59438fa9b456fcbf8520cd?quality=85&format=webp,https://www.lovethework.com/work/entries/voice-wanted-772900
Spikes Asia,2026,Design,design,WHATSAPP – MAKING TEXTING TRULY INCLUSIVE FOR INDIA,WHATSAPP,FUNDAMENTAL,Posters,Submitted,https://ascentialcdn.filespin.io/api/v1/storyboard/142d004625cf4a089dbc60bccae0fc59/storyboard_000008.jpg?quality=85&format=webp,https://www.lovethework.com/work/entries/whatsapp-making-texting-truly-inclusive-for-india-772907
Spikes Asia,2026,Digital Craft,digital-craft,HAVEN,SUNCORP INSURANCE,LEO,Curation of Data,Grand Prix,https://ascentialcdn.filespin.io/api/v1/conversion/1f1e931fd0ee4c509eab948c72ab2389?quality=85&format=webp,https://www.lovethework.com/work/entries/haven-772255
Spikes Asia,2026,Digital Craft,digital-craft,HYAKUYOZU - UNFOLDING PATTERNS OF A HUNDRED WONDERS｜DAIMARU MATSUZAKAYA DEPARTMENT STORES,DAIMARU MATSUZAKAYA DEPARTMENT STORES,DAIMARU MATSUZAKAYA DEPARTMENT STORES,Overall Aesthetic Design (incl. UI),Silver,https://ascentialcdn.filespin.io/api/v1/conversion/d8d990f9a673497e9a76295c5288fbe9?quality=85&format=webp,https://www.lovethework.com/work/entries/hyakuyozu-unfolding-patterns-of-a-hundred-wondersdaimaru-matsuzakaya-department-stores-770080
Spikes Asia,2026,Digital Craft,digital-craft,SKINNY FOR LIFE,SKINNY,COLENSO BBDO,AI Storytelling,Silver,https://ascentialcdn.filespin.io/api/v1/conversion/c09ad0c19770401cb05879c3ea02aecd?quality=85&format=webp,https://www.lovethework.com/work/entries/skinny-for-life-771378
Spikes Asia,2026,Digital Craft,digital-craft,WAVES OF WILL POWERED BY NTT,NTT HUMAN INFORMATICS LABORATORIES,DENTSU INC.,Innovative Use of Technology,Bronze,https://ascentialcdn.filespin.io/api/v1/conversion/6fb4d41c9ff849a689b421b9ff53a83f?quality=85&format=webp,https://www.lovethework.com/work/entries/waves-of-will-powered-by-ntt-771778
Spikes Asia,2026,Digital Craft,digital-craft,KOKUYO - CURIOSITY IS LIFE,KOKUYO CO.,"LTD., KOKUYO",Overall Aesthetic Design (incl. UI),Shortlist,https://ascentialcdn.filespin.io/api/v1/conversion/08164032cac644ccbaf0a166c6a3e479?quality=85&format=webp,https://www.lovethework.com/work/entries/kokuyo-curiosity-is-life-770239
Spikes Asia,2026,Digital Craft,digital-craft,GARUDA RAKSHAK,DSP MUTUAL FUNDS,DENTSU CREATIVE,Innovative Use of Technology,Shortlist,https://ascentialcdn.filespin.io/api/v1/conversion/89bc4fc4a633468194b5cba46a8d4ffc?quality=85&format=webp,https://www.lovethework.com/work/entries/garuda-rakshak-770155
Spikes Asia,2026,Digital Craft,digital-craft,THE CEO DEEPFAKE,AUCKLAND SAVINGS BANK,"DROGA5 ANZ, PART OF ACCENTURE SONG",Personalised Storytelling & Experience,Shortlist,https://ascentialcdn.filespin.io/api/v1/conversion/be72ff0a94894015930abeac17deef4e?quality=85&format=webp,https://www.lovethework.com/work/entries/the-ceo-deepfake-773029
Spikes Asia,2026,Digital Craft,digital-craft,SAMSUNG GALAXY A SERIES - AN AD THAT ERASES ADS,SAMSUNG,STARCOM,Innovative Use of Technology,Shortlist,https://ascentialcdn.filespin.io/api/v1/conversion/118c926bd0c94ca2964b0ae1b8bcef02?quality=85&format=webp,https://www.lovethework.com/work/entries/samsung-galaxy-a-series-an-ad-that-erases-ads-771326
Spikes Asia,2026,Digital Craft,digital-craft,HEARING 1945,BINGGRAE & THE MINISTRY OF PATRIOTS AND VETERANS AFFAIR,INNOCEAN,AI Storytelling,Shortlist,https://ascentialcdn.filespin.io/api/v1/conversion/183cbd8bcef44556bd724657555b1986?quality=85&format=webp,https://www.lovethework.com/work/entries/hearing-1945-773005
Spikes Asia,2026,Digital Craft,digital-craft,HEARING 1945,BINGGRAE & THE MINISTRY OF PATRIOTS AND VETERANS AFFAIR,INNOCEAN,Innovative Use of Technology,Submitted,https://ascentialcdn.filespin.io/api/v1/conversion/183cbd8bcef44556bd724657555b1986?quality=85&format=webp,https://www.lovethework.com/work/entries/hearing-1945-770562
Spikes Asia,2026,Digital Craft,digital-craft,GO! GR SUPRA SAFETY CAR!,GAZOO RACING,SIX INC,Video/Moving Image,Submitted,https://ascentialcdn.filespin.io/api/v1/conversion/e7cc9159236440d5b4fb7468bf0c7560?quality=85&format=webp,https://www.lovethework.com/work/entries/go-gr-supra-safety-car-770580
Spikes Asia,2026,Digital Craft,digital-craft,HSBC 18 DISTRICTS MURAL STORIES - PIONEERING ACCESSIBLE PUBLIC ART IN HONG KONG,HSBC,HSBC,Excellence in Image Description,Submitted,https://ascentialcdn.filespin.io/api/v1/conversion/5ab04543d6644f6e820200555e6a52d0?quality=85&format=webp,https://www.lovethework.com/work/entries/hsbc-18-districts-mural-stories-pioneering-accessible-public-art-in-hong-kong-770544
Spikes Asia,2026,Digital Craft,digital-craft,THE NATION IN UNITY,NTT INC.,DENTSU INC.,Experience Design: Multi-platform,Submitted,https://ascentialcdn.filespin.io/api/v1/conversion/2452238302d041f0aae67c2d439f1997?quality=85&format=webp,https://www.lovethework.com/work/entries/the-nation-in-unity-772798
Spikes Asia,2026,Digital Craft,digital-craft,"SPEAK - SPEAK THROUGH MISTAKES, AND YOU’LL GET IT RIGHT",SPEAK,TBWA\KOREA,AI Storytelling,Submitted,https://ascentialcdn.filespin.io/api/v1/conversion/922e029ee9424d4793d8c401ba4b2ae9?quality=85&format=webp,https://www.lovethework.com/work/entries/speak-speak-through-mistakes-and-youll-get-it-right-772960
Spikes Asia,2026,Digital Craft,digital-craft,THE NEW NARITA - JOURNEY OF THE DOTS -,NARITA INTERNATIONAL AIRPORT,STU,Technological Achievement in Digital Craft,Submitted,https://ascentialcdn.filespin.io/api/v1/conversion/c635ee5cd472468499d2fcc4df26820c?quality=85&format=webp,https://www.lovethework.com/work/entries/the-new-narita-journey-of-the-dots-770462
Spikes Asia,2026,Digital Craft,digital-craft,GO! GR SUPRA SAFETY CAR!,GAZOO RACING,SIX INC,Music/Sound Design,Submitted,https://ascentialcdn.filespin.io/api/v1/conversion/e7cc9159236440d5b4fb7468bf0c7560?quality=85&format=webp,https://www.lovethework.com/work/entries/go-gr-supra-safety-car-773028
Spikes Asia,2026,Digital Craft,digital-craft,SALTANAT LIGHT,CITIX,GFORCE,Data Visualisation,Submitted,https://ascentialcdn.filespin.io/api/v1/conversion/68f2c53ebcea42bd9ab7b58852b5aa95?quality=85&format=webp,https://www.lovethework.com/work/entries/saltanat-light-770128
Spikes Asia,2026,Digital Craft,digital-craft,SLEEPLESS CONTROLLER,DREWELL,DENTSU INC.,Native & Built-in Feature Integration,Submitted,https://ascentialcdn.filespin.io/api/v1/conversion/fd3701c4fc06476f91bca05cb3a3bcee?quality=85&format=webp,https://www.lovethework.com/work/entries/sleepless-controller-770161
Spikes Asia,2026,Digital Craft,digital-craft,AUTUMN INSIDE,CHAGEE,CHAGEE,Cross-Channel Storytelling,Submitted,https://ascentialcdn.filespin.io/api/v1/conversion/cce4dc83cadc4f3d9836da4fddbe02f1?quality=85&format=webp,https://www.lovethework.com/work/entries/autumn-inside-772958
Spikes Asia,2026,Digital Craft,digital-craft,KLOOK GO WILD WITH TRAVEL,KLOOK,GREY,AI Storytelling,Submitted,https://ascentialcdn.filespin.io/api/v1/conversion/89e4bfeaecb14b71aa36ebe8f95090e3?quality=85&format=webp,https://www.lovethework.com/work/entries/klook-go-wild-with-travel-773030
Spikes Asia,2026,Digital Craft,digital-craft,GARUDA RAKSHAK,DSP MUTUAL FUNDS,DENTSU CREATIVE,New Realities & Emerging Tech,Submitted,https://ascentialcdn.filespin.io/api/v1/conversion/fd608adb8feb426fab936573ef6661c0?quality=85&format=webp,https://www.lovethework.com/work/entries/garuda-rakshak-770176
Spikes Asia,2026,Digital Craft,digital-craft,DOVE REBORN STRONGER,DOVE,HOGARTH WORLDWIDE,Music/Sound Design,Submitted,https://ascentialcdn.filespin.io/api/v1/conversion/1e5bbfea034c400fbc8194155faaa375?quality=85&format=webp,https://www.lovethework.com/work/entries/dove-reborn-stronger-771308
Spikes Asia,2026,Digital Craft,digital-craft,"HELLO, BRUTUS.",BRUTUS / GOOGLE GEMINI,DENTSU CREATIVE PICTURES,AI Storytelling,Submitted,https://ascentialcdn.filespin.io/api/v1/conversion/721faae0bed4470fb2f5f86df56dc201?quality=85&format=webp,https://www.lovethework.com/work/entries/hello-brutus-770558
Spikes Asia,2026,Digital Craft,digital-craft,MISS EATIE,MCDONALD’S,GEEK PICTURES,Motion Graphics Design & Animation,Submitted,https://ascentialcdn.filespin.io/api/v1/conversion/a97ee1a79f784a90be7f02bb6c614e51?quality=85&format=webp,https://www.lovethework.com/work/entries/miss-eatie-770787
Spikes Asia,2026,Digital Craft,digital-craft,WRITING & DESIGN INC. / WRITING & DESIGN PARTNERS INC. CORPORATE WEBSITE,WRITING & DESIGN INC. / WRITING & DESIGN PARTNERS INC.,MOUNT,Technological Achievement in Digital Craft,Submitted,https://ascentialcdn.filespin.io/api/v1/conversion/e748096ee91240258782c382a20a0014?quality=85&format=webp,https://www.lovethework.com/work/entries/writing-design-inc-writing-design-partners-inc-corporate-website-770168
Spikes Asia,2026,Digital Craft,digital-craft,WILD ROAD,GAZOO RACING,SIX INC,Video/Moving Image,Submitted,https://ascentialcdn.filespin.io/api/v1/conversion/e2969b013f334a67b4da549f2bcf4b50?quality=85&format=webp,https://www.lovethework.com/work/entries/wild-road-773027
Spikes Asia,2026,Digital Craft,digital-craft,CELCOMDIGI,CELCOMDIGI,CELCOMDIGI,AI Storytelling,Submitted,https://ascentialcdn.filespin.io/api/v1/conversion/819a91ea7a3443cd88b16e4c7981cd9c?quality=85&format=webp,https://www.lovethework.com/work/entries/celcomdigi-771852
Spikes Asia,2026,Digital Craft,digital-craft,SLEEPLESS CONTROLLER,DREWELL,DENTSU INC.,Personalised Storytelling & Experience,Submitted,https://ascentialcdn.filespin.io/api/v1/conversion/fd3701c4fc06476f91bca05cb3a3bcee?quality=85&format=webp,https://www.lovethework.com/work/entries/sleepless-controller-770110
Spikes Asia,2026,Digital Craft,digital-craft,THE PATH OF LIGHT - TURNING LONG DISTANCES INTO ART -,TEAMLAB BIOVORTEX KYOTO,BBMEDIA,UX & Journey Design,Submitted,https://ascentialcdn.filespin.io/api/v1/conversion/a75f718d6ec943548d2451a4be36ed15?quality=85&format=webp,https://www.lovethework.com/work/entries/the-path-of-light-turning-long-distances-into-art-772957
Spikes Asia,2026,Digital Craft,digital-craft,"LG ELECTRONICS HERITAGE FILM ""THE FIRST : ORIGINS""",LG,HSAD,Digital Illustration & Image Design,Submitted,https://ascentialcdn.filespin.io/api/v1/conversion/61d4c9ad7593480e8e3e0d70f1f95fae?quality=85&format=webp,https://www.lovethework.com/work/entries/lg-electronics-heritage-film-the-first-origins-770234
Spikes Asia,2026,Digital Craft,digital-craft,SALTANAT LIGHT,CITIX,GFORCE,Real-Time Contextual Content,Submitted,https://ascentialcdn.filespin.io/api/v1/conversion/68f2c53ebcea42bd9ab7b58852b5aa95?quality=85&format=webp,https://www.lovethework.com/work/entries/saltanat-light-770097
Spikes Asia,2026,Digital Craft,digital-craft,THE NEW NARITA - JOURNEY OF THE DOTS -,NARITA INTERNATIONAL AIRPORT,STU,Data Storytelling,Submitted,https://ascentialcdn.filespin.io/api/v1/conversion/c635ee5cd472468499d2fcc4df26820c?quality=85&format=webp,https://www.lovethework.com/work/entries/the-new-narita-journey-of-the-dots-770123
Spikes Asia,2026,Digital Craft,digital-craft,DOVE REBORN STRONGER,DOVE,HOGARTH WORLDWIDE,Cross-Channel Storytelling,Submitted,https://ascentialcdn.filespin.io/api/v1/conversion/a5e3a27128534e1dbe67ae878c682230?quality=85&format=webp,https://www.lovethework.com/work/entries/dove-reborn-stronger-771316
Spikes Asia,2026,Digital Craft,digital-craft,HEARING 1945,BINGGRAE & THE MINISTRY OF PATRIOTS AND VETERANS AFFAIR,INNOCEAN,Music/Sound Design,Submitted,https://ascentialcdn.filespin.io/api/v1/conversion/183cbd8bcef44556bd724657555b1986?quality=85&format=webp,https://www.lovethework.com/work/entries/hearing-1945-770550
Spikes Asia,2026,Digital Craft,digital-craft,WILD ROAD,GAZOO RACING,SIX INC,Music/Sound Design,Submitted,https://ascentialcdn.filespin.io/api/v1/conversion/e2969b013f334a67b4da549f2bcf4b50?quality=85&format=webp,https://www.lovethework.com/work/entries/wild-road-770589
Spikes Asia,2026,Digital Craft,digital-craft,IOWN×PERFUME,IOWN,GEEK PICTURES,Innovative Use of Technology,Submitted,https://ascentialcdn.filespin.io/api/v1/conversion/45a82377a7a14d85a0746d8b555c3d61?quality=85&format=webp,https://www.lovethework.com/work/entries/iownperfume-770150
Spikes Asia,2026,Digital Craft,digital-craft,DOVE REBORN STRONGER,DOVE,HOGARTH WORLDWIDE,Video/Moving Image,Submitted,https://ascentialcdn.filespin.io/api/v1/storyboard/f1ed6a548c934acc8f74e37e5a13a18a/storyboard_000008.jpg?quality=85&format=webp,https://www.lovethework.com/work/entries/dove-reborn-stronger-771303
Spikes Asia,2026,Digital Craft,digital-craft,PRAGUN SUPPORT TOOK WAI,FWD LIFE INSURANCE PUBLIC COMPANY LIMITED,"THE SIAM COMMERCIAL BANK PUBLIC COMPANY, MASKET",Personalised Storytelling & Experience,Submitted,https://ascentialcdn.filespin.io/api/v1/conversion/fd145720d76047188416839c090a57ca?quality=85&format=webp,https://www.lovethework.com/work/entries/pragun-support-took-wai-772959
Spikes Asia,2026,Direct,direct,ACKO TAILOR,ACKO GENERAL INSURANCE LIMITED,LEO,Data-Driven Targeting,Grand Prix,https://ascentialcdn.filespin.io/api/v1/conversion/e82941d6ae59462c8a4b451cb2aed8ed?quality=85&format=webp,https://www.lovethework.com/work/entries/acko-tailor-770935
Spikes Asia,2026,Direct,direct,HEINEKEN STARRING BARS,HEINEKEN,LEPUB,Corporate Purpose & Social Responsibility,Gold,https://ascentialcdn.filespin.io/api/v1/conversion/f9b474c037df4cfabc83ec05aa292f8f?quality=85&format=webp,https://www.lovethework.com/work/entries/heineken-starring-bars-770733
Spikes Asia,2026,Direct,direct,THE HIDDEN EYE TEST,1001 OPTOMETRY,VML,Use of Print/Outdoor,Gold,https://ascentialcdn.filespin.io/api/v1/conversion/e9b64f127e1a4a558a0dc6c33a0c4be6?quality=85&format=webp,https://www.lovethework.com/work/entries/the-hidden-eye-test-769645
Spikes Asia,2026,Direct,direct,VASELINE VERIFIED,VASELINE,OGILVY,Use of Social Platforms,Silver,https://ascentialcdn.filespin.io/api/v1/conversion/9d54a70f009d42e1a49944d1de6a39a0?quality=85&format=webp,https://www.lovethework.com/work/entries/vaseline-verified-770623
Spikes Asia,2026,Direct,direct,"IF YOU CAN TAKE IT, IT'S YOURS",SELLEYS,HOWATSON AND COMPANY,Use of Print/Outdoor,Silver,https://ascentialcdn.filespin.io/api/v1/conversion/3172e0d181524de5b6802f2aef3eff7a?quality=85&format=webp,https://www.lovethework.com/work/entries/if-you-can-take-it-its-yours-770914
Spikes Asia,2026,Direct,direct,ONE NOODLE,HARAKU RAMEN,BLKJ HAVAS,Challenger Brand,Silver,https://ascentialcdn.filespin.io/api/v1/conversion/f43a17e513764061a27d43ded5b71d1d?quality=85&format=webp,https://www.lovethework.com/work/entries/one-noodle-769753
Spikes Asia,2026,Direct,direct,SAFE SKETCH,SAVE THE CHILDREN,CHEIL HONG KONG,Use of Mobile,Bronze,https://ascentialcdn.filespin.io/api/v1/conversion/991e49a6692f4e8fb5deba0b937366de?quality=85&format=webp,https://www.lovethework.com/work/entries/safe-sketch-769704
Spikes Asia,2026,Direct,direct,SHOPNODHORA PLOT FARMING,SHOPNODHORA,POP5,Social Behaviour,Bronze,https://ascentialcdn.filespin.io/api/v1/conversion/1b004cb342d344468cec0eab1b7f089b?quality=85&format=webp,https://www.lovethework.com/work/entries/shopnodhora-plot-farming-772621
Spikes Asia,2026,Direct,direct,PATROL. IT'S OUT THERE.,NISSAN,TBWA\MELBOURNE,Large-Scale Media,Bronze,https://ascentialcdn.filespin.io/api/v1/conversion/7970afb4b6654a119c1905d18fd0626d?quality=85&format=webp,https://www.lovethework.com/work/entries/patrol-its-out-there-770885
Spikes Asia,2026,Direct,direct,VOGEL'S TOASTCARDS,VOGEL'S,MCCANN NEW ZEALAND,Mailing/Programmatic Mail,Bronze,https://ascentialcdn.filespin.io/api/v1/conversion/41e3cbd7f0844bdda82bf92c23c2ea90?quality=85&format=webp,https://www.lovethework.com/work/entries/vogels-toastcards-770459
Spikes Asia,2026,Direct,direct,HAVEN,SUNCORP INSURANCE,LEO,Market Disruption,Bronze,https://ascentialcdn.filespin.io/api/v1/conversion/84aed7977c9a47bda34303438f32a4e4?quality=85&format=webp,https://www.lovethework.com/work/entries/haven-771205
Spikes Asia,2026,Direct,direct,GAMIFRIES,MCDONALD'S,BBH SINGAPORE,Small-Scale Media,Shortlist,https://ascentialcdn.filespin.io/api/v1/conversion/bdf7dd23ad57403198f47f192fa9c0db?quality=85&format=webp,https://www.lovethework.com/work/entries/gamifries-771038
Spikes Asia,2026,Direct,direct,TOXIC BACKFIRE,SAMSUNG,CHEIL PENGTAI BEIJING,Use of Mobile,Shortlist,https://ascentialcdn.filespin.io/api/v1/conversion/de25773a856041d1ac037682e229dc01?quality=85&format=webp,https://www.lovethework.com/work/entries/toxic-backfire-769696
Spikes Asia,2026,Direct,direct,TOXIC BACKFIRE,SAMSUNG,CHEIL PENGTAI BEIJING,Corporate Purpose & Social Responsibility,Shortlist,https://ascentialcdn.filespin.io/api/v1/conversion/de25773a856041d1ac037682e229dc01?quality=85&format=webp,https://www.lovethework.com/work/entries/toxic-backfire-772625
Spikes Asia,2026,Direct,direct,HEINEKEN STARRING BARS,HEINEKEN,LEPUB,Consumer Goods,Shortlist,https://ascentialcdn.filespin.io/api/v1/conversion/f9b474c037df4cfabc83ec05aa292f8f?quality=85&format=webp,https://www.lovethework.com/work/entries/heineken-starring-bars-772627
Spikes Asia,2026,Direct,direct,"IF YOU CAN TAKE IT, IT'S YOURS",SELLEYS,HOWATSON AND COMPANY,Consumer Goods,Shortlist,https://ascentialcdn.filespin.io/api/v1/conversion/3172e0d181524de5b6802f2aef3eff7a?quality=85&format=webp,https://www.lovethework.com/work/entries/if-you-can-take-it-its-yours-770985
Spikes Asia,2026,Direct,direct,ONE NOODLE,HARAKU RAMEN,BLKJ HAVAS,"Travel, Leisure, Retail, Restaurants & Fast Food Chains",Shortlist,https://ascentialcdn.filespin.io/api/v1/conversion/f43a17e513764061a27d43ded5b71d1d?quality=85&format=webp,https://www.lovethework.com/work/entries/one-noodle-769673
Spikes Asia,2026,Direct,direct,"STOOL DONATION PLATFORM ""CHO-MUSUBI""",METAGEN THERAPEUTICS,DENTSU INC.,Healthcare,Shortlist,https://ascentialcdn.filespin.io/api/v1/conversion/f89d4957aa244002b57e3e4e2ea3a8fd?quality=85&format=webp,https://www.lovethework.com/work/entries/stool-donation-platform-cho-musubi-771424
Spikes Asia,2026,Direct,direct,HEAR IN HIJAB,WARDAH,DENTSU CREATIVE,Cultural Engagement,Shortlist,https://ascentialcdn.filespin.io/api/v1/conversion/9112f7ac4a7441e4bdc51da034bd1f93?quality=85&format=webp,https://www.lovethework.com/work/entries/hear-in-hijab-770999
Spikes Asia,2026,Direct,direct,THE HIDDEN EYE TEST,1001 OPTOMETRY,VML,"Travel, Leisure, Retail, Restaurants & Fast Food Chains",Shortlist,https://ascentialcdn.filespin.io/api/v1/conversion/5a867886473947dda55b0730a2da54aa?quality=85&format=webp,https://www.lovethework.com/work/entries/the-hidden-eye-test-769680
Spikes Asia,2026,Direct,direct,SAVE ME,FAMILYMART,THE BREAKTHROUGH COMPANY GO,Social Behaviour,Shortlist,https://ascentialcdn.filespin.io/api/v1/conversion/50321f448e6141988fe36af2a216f0c3?quality=85&format=webp,https://www.lovethework.com/work/entries/save-me-769640
Spikes Asia,2026,Direct,direct,TILECHALK,DBL CERAMICS LIMITED,POP5,Consumer Services/Business to Business,Shortlist,https://ascentialcdn.filespin.io/api/v1/conversion/c74b843d05d54cc888aa720fc66399fc?quality=85&format=webp,https://www.lovethework.com/work/entries/tilechalk-772618
Spikes Asia,2026,Direct,direct,HAVEN,SUNCORP INSURANCE,LEO,Corporate Purpose & Social Responsibility,Shortlist,https://ascentialcdn.filespin.io/api/v1/conversion/b6a0b45d9ca54521954bafa242bbd63f?quality=85&format=webp,https://www.lovethework.com/work/entries/haven-771198
Spikes Asia,2026,Direct,direct,VOICE WANTED,KOREAN NATIONAL POLICE AGENCY,CHEIL WORLDWIDE,Not-for-profit / Charity / Government,Shortlist,https://ascentialcdn.filespin.io/api/v1/conversion/9199098a45e3453fbbaebdd3a4294b15?quality=85&format=webp,https://www.lovethework.com/work/entries/voice-wanted-769731
Spikes Asia,2026,Direct,direct,PEDIGREE®️ LIE DETECTOR,PEDIGREE®️,COLENSO BBDO,Consumer Goods,Shortlist,https://ascentialcdn.filespin.io/api/v1/conversion/e5811c04db794eed9361f582b515af84?quality=85&format=webp,https://www.lovethework.com/work/entries/pedigree-lie-detector-771146
Spikes Asia,2026,Direct,direct,NATIONAL GARDENING LEAGUE,YATES,HOWATSON AND COMPANY,Launch/Relaunch,Shortlist,https://ascentialcdn.filespin.io/api/v1/conversion/7e109d644f9c459ba37a15289dd60035?quality=85&format=webp,https://www.lovethework.com/work/entries/national-gardening-league-770997
Spikes Asia,2026,Direct,direct,SHOPNODHORA PLOT FARMING,SHOPNODHORA,POP5,Launch/Relaunch,Shortlist,https://ascentialcdn.filespin.io/api/v1/conversion/1b004cb342d344468cec0eab1b7f089b?quality=85&format=webp,https://www.lovethework.com/work/entries/shopnodhora-plot-farming-769746
Spikes Asia,2026,Direct,direct,ONE NOODLE,HARAKU RAMEN,BLKJ HAVAS,Launch/Relaunch,Shortlist,https://ascentialcdn.filespin.io/api/v1/conversion/f43a17e513764061a27d43ded5b71d1d?quality=85&format=webp,https://www.lovethework.com/work/entries/one-noodle-769730
Spikes Asia,2026,Direct,direct,GAMIFRIES,MCDONALD'S,BBH SINGAPORE,Breakthrough on a Budget,Shortlist,https://ascentialcdn.filespin.io/api/v1/conversion/611b257441894808a5f211d854334b81?quality=85&format=webp,https://www.lovethework.com/work/entries/gamifries-772631
Spikes Asia,2026,Direct,direct,SAFE SKETCH,SAVE THE CHILDREN,CHEIL HONG KONG,Not-for-profit / Charity / Government,Shortlist,https://ascentialcdn.filespin.io/api/v1/conversion/991e49a6692f4e8fb5deba0b937366de?quality=85&format=webp,https://www.lovethework.com/work/entries/safe-sketch-769706
Spikes Asia,2026,Direct,direct,GAMERS ON DUTY,LENOVO,LEO,Use of Social Platforms,Shortlist,https://ascentialcdn.filespin.io/api/v1/conversion/6756b104632a4778a34700b1371cfacf?quality=85&format=webp,https://www.lovethework.com/work/entries/gamers-on-duty-771165
Spikes Asia,2026,Direct,direct,SAFE SKETCH,SAVE THE CHILDREN,CHEIL HONG KONG,Social Behaviour,Submitted,https://ascentialcdn.filespin.io/api/v1/conversion/991e49a6692f4e8fb5deba0b937366de?quality=85&format=webp,https://www.lovethework.com/work/entries/safe-sketch-772863
Spikes Asia,2026,Direct,direct,LIGHTING UP CANNABIS CULTURE,HELL PIZZA,YARN,Social Behaviour,Submitted,https://ascentialcdn.filespin.io/api/v1/conversion/6e5fd514e65b486aae67fed5a02d9131?quality=85&format=webp,https://www.lovethework.com/work/entries/lighting-up-cannabis-culture-769614
Spikes Asia,2026,Direct,direct,THE BUD FAN,AB INBEV THAILAND,FLASH BOMBER,Large-Scale Media,Submitted,https://ascentialcdn.filespin.io/api/v1/conversion/72ab7b231bb34833976ed06c5efd8e53?quality=85&format=webp,https://www.lovethework.com/work/entries/the-bud-fan-769628
Spikes Asia,2026,Direct,direct,"IF YOU CAN TAKE IT, IT'S YOURS",SELLEYS,HOWATSON AND COMPANY,Large-Scale Media,Submitted,https://ascentialcdn.filespin.io/api/v1/conversion/3172e0d181524de5b6802f2aef3eff7a?quality=85&format=webp,https://www.lovethework.com/work/entries/if-you-can-take-it-its-yours-770990
Spikes Asia,2026,Direct,direct,THE CEO DEEPFAKE,AUCKLAND SAVINGS BANK,"DROGA5 ANZ, PART OF ACCENTURE SONG",New Realities & Emerging Tech,Submitted,https://ascentialcdn.filespin.io/api/v1/conversion/be72ff0a94894015930abeac17deef4e?quality=85&format=webp,https://www.lovethework.com/work/entries/the-ceo-deepfake-770606
Spikes Asia,2026,Direct,direct,GARUDA RAKSHAK,DSP MUTUAL FUNDS,DENTSU CREATIVE,New Realities & Emerging Tech,Submitted,https://ascentialcdn.filespin.io/api/v1/conversion/fd608adb8feb426fab936573ef6661c0?quality=85&format=webp,https://www.lovethework.com/work/entries/garuda-rakshak-769677
Spikes Asia,2026,Direct,direct,THE AIR POLLUTION JERSEY,LAMPHUN WARRIORS F.C. AND NORTHERN THAILAND BREATHE COUNCIL,FLASH BOMBER,Use of Broadcast,Submitted,https://ascentialcdn.filespin.io/api/v1/conversion/5fa1a8b6b7784132a670224542c6e46c?quality=85&format=webp,https://www.lovethework.com/work/entries/the-air-pollution-jersey-769633
Spikes Asia,2026,Direct,direct,RADIO OPTIMISM: THE 24/7 DEDICATION STATION,LG,HSAD,Co-Creation & User-Generated Content,Submitted,https://ascentialcdn.filespin.io/api/v1/conversion/e20102ae715e4e4c9e0606bd35ae3b47?quality=85&format=webp,https://www.lovethework.com/work/entries/radio-optimism-the-247-dedication-station-772862
Spikes Asia,2026,Direct,direct,CURFEW HOSTELS,TIGER BEER,LEPUB,Social Behaviour,Submitted,https://ascentialcdn.filespin.io/api/v1/conversion/411966509f5c483ab9783935fb89948f?quality=85&format=webp,https://www.lovethework.com/work/entries/curfew-hostels-770634
Spikes Asia,2026,Direct,direct,UV LYNC,ULTRAVIOLETTE AUTOMOTIVE PRIVATE LIMITED,TGTHR,Challenger Brand,Submitted,https://ascentialcdn.filespin.io/api/v1/conversion/14a14ac3d1524791a5197666a0d6094c?quality=85&format=webp,https://www.lovethework.com/work/entries/uv-lync-770625
Spikes Asia,2026,Direct,direct,TILECHALK,DBL CERAMICS LIMITED,POP5,Corporate Purpose & Social Responsibility,Submitted,https://ascentialcdn.filespin.io/api/v1/conversion/c74b843d05d54cc888aa720fc66399fc?quality=85&format=webp,https://www.lovethework.com/work/entries/tilechalk-769681
Spikes Asia,2026,Direct,direct,PRAYKINSON,VAJIRA HOSPITAL,DENTSU CREATIVE THAILAND,Cultural Engagement,Submitted,https://ascentialcdn.filespin.io/api/v1/storyboard/bc46456d45ad43edb216a8f655cc6182/storyboard_000008.jpg?quality=85&format=webp,https://www.lovethework.com/work/entries/praykinson-769695
Spikes Asia,2026,Direct,direct,THE HARD RATED HOMECOMING,HARD RATED,"DROGA5 ANZ, PART OF ACCENTURE SONG",Social Behaviour,Submitted,https://ascentialcdn.filespin.io/api/v1/conversion/e64850f2202243e2bcff6b860b89ee3a?quality=85&format=webp,https://www.lovethework.com/work/entries/the-hard-rated-homecoming-770645
Spikes Asia,2026,Direct,direct,THE MĀORI ROLL CALL,WHĀNAU ORA,MOTION SICKNESS,Not-for-profit / Charity / Government,Submitted,https://ascentialcdn.filespin.io/api/v1/conversion/9a9784eb394a41a380f2fa24dbf7dc49?quality=85&format=webp,https://www.lovethework.com/work/entries/the-mori-roll-call-770451
Spikes Asia,2026,Direct,direct,LIGHTING UP CANNABIS CULTURE,HELL PIZZA,YARN,Launch/Relaunch,Submitted,https://ascentialcdn.filespin.io/api/v1/conversion/6e5fd514e65b486aae67fed5a02d9131?quality=85&format=webp,https://www.lovethework.com/work/entries/lighting-up-cannabis-culture-769738
Spikes Asia,2026,Direct,direct,FLIPKART- LINE SEVAK,FLIPKART,McCANN INDIA,Breakthrough on a Budget,Submitted,https://ascentialcdn.filespin.io/api/v1/conversion/ccff06640f764678a6b8ddc4e11d66de?quality=85&format=webp,https://www.lovethework.com/work/entries/flipkart-line-sevak-771282
Spikes Asia,2026,Direct,direct,HERO PRAYERS FOR SAFETY,HERO MOTOCORP,SAATCHI & SAATCHI INDIA,Small-Scale Media,Submitted,https://ascentialcdn.filespin.io/api/v1/conversion/e4c9be01ae3a4ae187669add8ef01e03?quality=85&format=webp,https://www.lovethework.com/work/entries/hero-prayers-for-safety-770533
Spikes Asia,2026,Direct,direct,DROP CART DRAW,LOTUS'S,VML,Social Behaviour,Submitted,https://ascentialcdn.filespin.io/api/v1/conversion/8d21805e36d448c59ba7e9cac722d056?quality=85&format=webp,https://www.lovethework.com/work/entries/drop-cart-draw-770721
Spikes Asia,2026,Direct,direct,THE PULL OUT GAME GAME,DUREX,BLKJ HAVAS,Use of Mobile,Submitted,https://ascentialcdn.filespin.io/api/v1/conversion/bafb6a17c98b43f693da8321b226c59c?quality=85&format=webp,https://www.lovethework.com/work/entries/the-pull-out-game-game-770847
Spikes Asia,2026,Direct,direct,FOR HANA,SOFY,VML OGILVY JAPAN,Launch/Relaunch,Submitted,https://ascentialcdn.filespin.io/api/v1/conversion/a495a85993984c9e99e4e2b8918e5045?quality=85&format=webp,https://www.lovethework.com/work/entries/for-hana-771428
Spikes Asia,2026,Direct,direct,THE GRIND,GIGIL,GIGIL,Consumer Services/Business to Business,Submitted,https://ascentialcdn.filespin.io/api/v1/conversion/dca1ce4c0a864a56acc748dde2fe14af?quality=85&format=webp,https://www.lovethework.com/work/entries/the-grind-771361
Spikes Asia,2026,Direct,direct,TOXIC BACKFIRE,SAMSUNG,CHEIL PENGTAI BEIJING,Social Behaviour,Submitted,https://ascentialcdn.filespin.io/api/v1/conversion/de25773a856041d1ac037682e229dc01?quality=85&format=webp,https://www.lovethework.com/work/entries/toxic-backfire-769623
Spikes Asia,2026,Direct,direct,THE LIFE-SAVING RECEIPT,CHOROGUSAN FOR CHILDREN,DMINUSONE,Not-for-profit / Charity / Government,Submitted,https://ascentialcdn.filespin.io/api/v1/conversion/9bd3c4872af341d6a7f3946210e0ed84?quality=85&format=webp,https://www.lovethework.com/work/entries/the-life-saving-receipt-769756
Spikes Asia,2026,Direct,direct,THE HARD RATED HOMECOMING,HARD RATED,"DROGA5 ANZ, PART OF ACCENTURE SONG",Large-Scale Media,Submitted,https://ascentialcdn.filespin.io/api/v1/conversion/e64850f2202243e2bcff6b860b89ee3a?quality=85&format=webp,https://www.lovethework.com/work/entries/the-hard-rated-homecoming-770599
Spikes Asia,2026,Direct,direct,MLC SUPERFIT PROGRAM,MLC,SIX BLACK PENS,Consumer Services/Business to Business,Submitted,https://ascentialcdn.filespin.io/api/v1/conversion/6d3c2c879660449c8c22ff3fae9a7de7?quality=85&format=webp,https://www.lovethework.com/work/entries/mlc-superfit-program-769697
Spikes Asia,2026,Direct,direct,BASSI VS GARNIER MEN FACEWASH,GARNIER MEN,BBH INDIA,Use of Humour,Submitted,https://ascentialcdn.filespin.io/api/v1/storyboard/ce5d09073a3e4ec39491ee14e78f765f/storyboard_000008.jpg?quality=85&format=webp,https://www.lovethework.com/work/entries/bassi-vs-garnier-men-facewash-771468
Spikes Asia,2026,Direct,direct,EK TARA,TITAN EYE PLUS,OGILVY,Healthcare,Submitted,https://ascentialcdn.filespin.io/api/v1/conversion/9e2408599a22494a916b326351754a5b?quality=85&format=webp,https://www.lovethework.com/work/entries/ek-tara-771027
Spikes Asia,2026,Direct,direct,SAY IT PROND,SPEAK,DENTSU CREATIVE TAIWAN,Use of Social Platforms,Submitted,https://ascentialcdn.filespin.io/api/v1/conversion/fcbab533059d421a9ab08c30ccfc1ec3?quality=85&format=webp,https://www.lovethework.com/work/entries/say-it-prond-771068
Spikes Asia,2026,Direct,direct,SLEEPLESS CONTROLLER,DREWELL,DENTSU INC.,Healthcare,Submitted,https://ascentialcdn.filespin.io/api/v1/conversion/fd3701c4fc06476f91bca05cb3a3bcee?quality=85&format=webp,https://www.lovethework.com/work/entries/sleepless-controller-769663
Spikes Asia,2026,Direct,direct,HAENYEO SAFE BUDDY,JEJU INSTITUTE OF KOREAN MEDICINE,CHEIL WORLDWIDE,Cultural Engagement,Submitted,https://ascentialcdn.filespin.io/api/v1/conversion/b0c8626e9e054d8da475dff68915910f?quality=85&format=webp,https://www.lovethework.com/work/entries/haenyeo-safe-buddy-769734
Spikes Asia,2026,Direct,direct,FANS FRIES MEAL,MCDONALD’S MALAYSIA,LEO,Launch/Relaunch,Submitted,https://ascentialcdn.filespin.io/api/v1/conversion/55a3de75a62448068d4eba6a4c600c47?quality=85&format=webp,https://www.lovethework.com/work/entries/fans-fries-meal-770952
Spikes Asia,2026,Direct,direct,TRACES OF TRANCE,SHISEIDO CO.,SHISEIDO CREATIVE,Cultural Engagement,Submitted,https://ascentialcdn.filespin.io/api/v1/conversion/58538a6642244d1985cb555f35f14f73?quality=85&format=webp,https://www.lovethework.com/work/entries/traces-of-trance-769718
Spikes Asia,2026,Direct,direct,THE PULL OUT GAME GAME,DUREX,BLKJ HAVAS,Healthcare,Submitted,https://ascentialcdn.filespin.io/api/v1/conversion/82246f38ca9944b79a3b106c3f0753f8?quality=85&format=webp,https://www.lovethework.com/work/entries/the-pull-out-game-game-772628
Spikes Asia,2026,Direct,direct,JUDGE-FREE FOUNDATION BADGE,CUTE PRESS,WOLF BKK,Small-Scale Media,Submitted,https://ascentialcdn.filespin.io/api/v1/conversion/c670a3c9ae2f46318d3bfbe2d656ce42?quality=85&format=webp,https://www.lovethework.com/work/entries/judge-free-foundation-badge-771061
Spikes Asia,2026,Direct,direct,SUGAR LIQUIDATION SALE™,LONG WHITE,"DROGA5 ANZ, PART OF ACCENTURE SONG",Launch/Relaunch,Submitted,https://ascentialcdn.filespin.io/api/v1/conversion/8ab1650bdeb14331965ad35e079aa33a?quality=85&format=webp,https://www.lovethework.com/work/entries/sugar-liquidation-sale-770632
Spikes Asia,2026,Direct,direct,THE RECYCLING RETHINK,PEPSI,SPECIAL,Data-Driven Targeting,Submitted,https://ascentialcdn.filespin.io/api/v1/conversion/b274ab59bc944bc3a02b5258b0418288?quality=85&format=webp,https://www.lovethework.com/work/entries/the-recycling-rethink-770614
Spikes Asia,2026,Direct,direct,HAENYEO SAFE BUDDY,JEJU INSTITUTE OF KOREAN MEDICINE,CHEIL WORLDWIDE,Not-for-profit / Charity / Government,Submitted,https://ascentialcdn.filespin.io/api/v1/conversion/b0c8626e9e054d8da475dff68915910f?quality=85&format=webp,https://www.lovethework.com/work/entries/haenyeo-safe-buddy-769743
Spikes Asia,2026,Direct,direct,THE GREAT GRANIPH CHARACTER HUNT,GRANIPH,DENTSU INC.,Consumer Goods,Submitted,https://ascentialcdn.filespin.io/api/v1/conversion/de4aa042b6a74d5a8050650c49e39e44?quality=85&format=webp,https://www.lovethework.com/work/entries/the-great-graniph-character-hunt-770978
Spikes Asia,2026,Direct,direct,FLIPKART- LINE SEVAK,FLIPKART,McCANN INDIA,Cultural Engagement,Submitted,https://ascentialcdn.filespin.io/api/v1/conversion/ccff06640f764678a6b8ddc4e11d66de?quality=85&format=webp,https://www.lovethework.com/work/entries/flipkart-line-sevak-771215
Spikes Asia,2026,Direct,direct,A.I. IRRESPONSIBLY,BREWLANDER,BLKJ HAVAS,Use of Print/Outdoor,Submitted,https://ascentialcdn.filespin.io/api/v1/conversion/74c0ab4b898e40b5b74bf9f34540f4aa?quality=85&format=webp,https://www.lovethework.com/work/entries/ai-irresponsibly-770840
Spikes Asia,2026,Direct,direct,THE NAGA SAINT EYE TEST,EYEBETES FOUNDATION,GODREJ CREATIVE LAB,Cultural Engagement,Submitted,https://ascentialcdn.filespin.io/api/v1/conversion/8ccb115332db4b298d72aa9ae698ed64?quality=85&format=webp,https://www.lovethework.com/work/entries/the-naga-saint-eye-test-769744
Spikes Asia,2026,Direct,direct,ACTROLOGY CARD,MIRROR THAILAND,TREND VG3,Small-Scale Media,Submitted,https://ascentialcdn.filespin.io/api/v1/conversion/a6a575ccf3144138b99bcc5c98281475?quality=85&format=webp,https://www.lovethework.com/work/entries/actrology-card-769608
Spikes Asia,2026,Direct,direct,PRAGUN SUPPORT TOOK WAI,FWD LIFE INSURANCE PUBLIC COMPANY LIMITED,"THE SIAM COMMERCIAL BANK PUBLIC COMPA, MASKET",Data-Driven Targeting,Submitted,https://ascentialcdn.filespin.io/api/v1/conversion/86de703051984e4f97a49b96cff474bf?quality=85&format=webp,https://www.lovethework.com/work/entries/pragun-support-took-wai-769670
Spikes Asia,2026,Direct,direct,BLACKOUT VOWS BY GABRIELA,GABRIELA,"THE NATIONAL ALLIANCE OF WOMEN, DENTSU CREATIVE",Not-for-profit / Charity / Government,Submitted,https://ascentialcdn.filespin.io/api/v1/conversion/bdcc8fbd698d4f00880aeee831f724ac?quality=85&format=webp,https://www.lovethework.com/work/entries/blackout-vows-by-gabriela-772861
Spikes Asia,2026,Direct,direct,THE UNLUCKY NUMBERS SHOP,WHOSCALL,DENTSU CREATIVE THAILAND,Large-Scale Media,Submitted,https://ascentialcdn.filespin.io/api/v1/conversion/1eacff9b681345d9927356e3aa159099?quality=85&format=webp,https://www.lovethework.com/work/entries/the-unlucky-numbers-shop-769624
Spikes Asia,2026,Direct,direct,BEST AFTER 2055,TAKAMATSU CITY,SHISEIDO CREATIVE,Not-for-profit / Charity / Government,Submitted,https://ascentialcdn.filespin.io/api/v1/conversion/fe2abe1fa4ad48898f91c095aac86250?quality=85&format=webp,https://www.lovethework.com/work/entries/best-after-2055-769715
Spikes Asia,2026,Direct,direct,THE LIFESAVING LOBBY,MOVEMBER,RUMBLE STRATEGIC CREATIVE,Not-for-profit / Charity / Government,Submitted,https://ascentialcdn.filespin.io/api/v1/conversion/c957f967accb46ffa122410119c88b05?quality=85&format=webp,https://www.lovethework.com/work/entries/the-lifesaving-lobby-771054
Spikes Asia,2026,Direct,direct,A.I. IRRESPONSIBLY,BREWLANDER,BLKJ HAVAS,Breakthrough on a Budget,Submitted,https://ascentialcdn.filespin.io/api/v1/conversion/74c0ab4b898e40b5b74bf9f34540f4aa?quality=85&format=webp,https://www.lovethework.com/work/entries/ai-irresponsibly-770728
Spikes Asia,2026,Direct,direct,MOGU MOGU TOWN,OTSUKA,DENTSU INC.,Use of Mobile,Submitted,https://ascentialcdn.filespin.io/api/v1/conversion/fad06e097ec24232820774091736cc43?quality=85&format=webp,https://www.lovethework.com/work/entries/mogu-mogu-town-769689
Spikes Asia,2026,Direct,direct,INGLISH DICTIONARY,AIR INDIA EXPRESS,JUICE,Use of Humour,Submitted,https://ascentialcdn.filespin.io/api/v1/conversion/5f2f1631fbbe41fd911975de9cbcb617?quality=85&format=webp,https://www.lovethework.com/work/entries/inglish-dictionary-769648
Spikes Asia,2026,Direct,direct,MAKEUP CALLIGRAPHY,SHISEIDO CO.,SHISEIDO CREATIVE,Cultural Engagement,Submitted,https://ascentialcdn.filespin.io/api/v1/conversion/1264b53465474c849152a2138879d503?quality=85&format=webp,https://www.lovethework.com/work/entries/makeup-calligraphy-772865
Spikes Asia,2026,Direct,direct,LUX RECLAIM HER NAME,LUX,VML,Cultural Engagement,Submitted,https://ascentialcdn.filespin.io/api/v1/conversion/4db28111cecf4965bea93e5376b230d4?quality=85&format=webp,https://www.lovethework.com/work/entries/lux-reclaim-her-name-769749
Spikes Asia,2026,Direct,direct,EMPTY BUT THE FULLEST LUNCHBOX,UNICEF,DAEHONG COMMUNICATIONS,Breakthrough on a Budget,Submitted,https://ascentialcdn.filespin.io/api/v1/conversion/5575384fc7e742b29dd67a25a4e55f17?quality=85&format=webp,https://www.lovethework.com/work/entries/empty-but-the-fullest-lunchbox-772864
Spikes Asia,2026,Direct,direct,FOOD MAP MALAYSIA,REDBUS INDIA PRIVATE LIMITED,REDBUS,Single-market Campaign,Submitted,https://ascentialcdn.filespin.io/api/v1/conversion/8296239ade6647eeb60880bf01ac5724?quality=85&format=webp,https://www.lovethework.com/work/entries/food-map-malaysia-770867
Spikes Asia,2026,Direct,direct,PLAYBOARDS,PEPSI,BBDO PAKISTAN,Use of Print/Outdoor,Submitted,https://ascentialcdn.filespin.io/api/v1/conversion/87a67097a190400f96451d222b15b497?quality=85&format=webp,https://www.lovethework.com/work/entries/playboards-770893
Spikes Asia,2026,Direct,direct,PRAYKINSON,VAJIRA HOSPITAL,DENTSU CREATIVE THAILAND,Use of Mobile,Submitted,https://ascentialcdn.filespin.io/api/v1/storyboard/bc46456d45ad43edb216a8f655cc6182/storyboard_000008.jpg?quality=85&format=webp,https://www.lovethework.com/work/entries/praykinson-769682
Spikes Asia,2026,Direct,direct,HANDFACE OF CHEETOS,CHEETOS,LEO INDONESIA,Co-Creation & User-Generated Content,Submitted,https://ascentialcdn.filespin.io/api/v1/conversion/54b298c482dc4b33bd2c5d9e17c225a8?quality=85&format=webp,https://www.lovethework.com/work/entries/handface-of-cheetos-773109
Spikes Asia,2026,Direct,direct,THE UNOFFICIAL OFFICIAL SOUND OF F1,STING,LEO,Co-Creation & User-Generated Content,Submitted,https://ascentialcdn.filespin.io/api/v1/conversion/6c4f14e9c5e949e3b8460302dc1d5a96?quality=85&format=webp,https://www.lovethework.com/work/entries/the-unofficial-official-sound-of-f1-771290
Spikes Asia,2026,Direct,direct,ACKO TAILOR,ACKO GENERAL INSURANCE LIMITED,LEO,Data-Driven Direct Strategy,Submitted,https://ascentialcdn.filespin.io/api/v1/conversion/e82941d6ae59462c8a4b451cb2aed8ed?quality=85&format=webp,https://www.lovethework.com/work/entries/acko-tailor-773093
Spikes Asia,2026,Direct,direct,EK TARA,TITAN EYE PLUS,OGILVY,Small-Scale Media,Submitted,https://ascentialcdn.filespin.io/api/v1/conversion/9e2408599a22494a916b326351754a5b?quality=85&format=webp,https://www.lovethework.com/work/entries/ek-tara-773100
Spikes Asia,2026,Direct,direct,SLEEPLESS CONTROLLER,DREWELL,DENTSU INC.,Corporate Purpose & Social Responsibility,Submitted,https://ascentialcdn.filespin.io/api/v1/conversion/fd3701c4fc06476f91bca05cb3a3bcee?quality=85&format=webp,https://www.lovethework.com/work/entries/sleepless-controller-769694
Spikes Asia,2026,Direct,direct,THE RECYCLING RETHINK,PEPSI,SPECIAL,Consumer Goods,Submitted,https://ascentialcdn.filespin.io/api/v1/conversion/b274ab59bc944bc3a02b5258b0418288?quality=85&format=webp,https://www.lovethework.com/work/entries/the-recycling-rethink-770586
Spikes Asia,2026,Direct,direct,PATROL. IT'S OUT THERE.,NISSAN,TBWA\MELBOURNE,Use of Social Platforms,Submitted,https://ascentialcdn.filespin.io/api/v1/conversion/7970afb4b6654a119c1905d18fd0626d?quality=85&format=webp,https://www.lovethework.com/work/entries/patrol-its-out-there-773085
Spikes Asia,2026,Direct,direct,VOICE WANTED,KOREAN NATIONAL POLICE AGENCY,CHEIL WORLDWIDE,Use of Print/Outdoor,Submitted,https://ascentialcdn.filespin.io/api/v1/conversion/bd059023116b4a5f9df7543361684fc8?quality=85&format=webp,https://www.lovethework.com/work/entries/voice-wanted-769658
Spikes Asia,2026,Direct,direct,RIDE THE BULDAK HIGH,BULDAK,SAMYANGFOODS,Use of Humour,Submitted,https://ascentialcdn.filespin.io/api/v1/storyboard/44e74ff76c29409cb1dc098824287782/storyboard_000008.jpg?quality=85&format=webp,https://www.lovethework.com/work/entries/ride-the-buldak-high-770463
Spikes Asia,2026,Direct,direct,KFC’S JAW-DROP CHALLENGE,KFC,DENTSU CREATIVE TAIWAN,Use of Mobile,Submitted,https://ascentialcdn.filespin.io/api/v1/conversion/e1f392d84f4f4a64bc3a947d532556d2?quality=85&format=webp,https://www.lovethework.com/work/entries/kfcs-jaw-drop-challenge-769711
Spikes Asia,2026,Direct,direct,THE NAGA SAINT EYE TEST,EYEBETES FOUNDATION,GODREJ CREATIVE LAB,Not-for-profit / Charity / Government,Submitted,https://ascentialcdn.filespin.io/api/v1/conversion/8ccb115332db4b298d72aa9ae698ed64?quality=85&format=webp,https://www.lovethework.com/work/entries/the-naga-saint-eye-test-769748
Spikes Asia,2026,Direct,direct,THE MĀORI ROLL CALL,WHĀNAU ORA,MOTION SICKNESS,Cultural Engagement,Submitted,https://ascentialcdn.filespin.io/api/v1/conversion/9a9784eb394a41a380f2fa24dbf7dc49?quality=85&format=webp,https://www.lovethework.com/work/entries/the-mori-roll-call-770494
Spikes Asia,2026,Direct,direct,THE GREAT GRANIPH CHARACTER HUNT,GRANIPH,DENTSU INC.,Single-market Campaign,Submitted,https://ascentialcdn.filespin.io/api/v1/conversion/de4aa042b6a74d5a8050650c49e39e44?quality=85&format=webp,https://www.lovethework.com/work/entries/the-great-graniph-character-hunt-770958
Spikes Asia,2026,Direct,direct,THE CEO DEEPFAKE,AUCKLAND SAVINGS BANK,"DROGA5 ANZ, PART OF ACCENTURE SONG",Consumer Services/Business to Business,Submitted,https://ascentialcdn.filespin.io/api/v1/conversion/be72ff0a94894015930abeac17deef4e?quality=85&format=webp,https://www.lovethework.com/work/entries/the-ceo-deepfake-770592
Spikes Asia,2026,Direct,direct,VI GUARDIAN BEADS,VI (VODAFONE IDEA),OGILVY,Small-Scale Media,Submitted,https://ascentialcdn.filespin.io/api/v1/conversion/59e2f9ee32a24c6a80c873cfe49413be?quality=85&format=webp,https://www.lovethework.com/work/entries/vi-guardian-beads-773054
Spikes Asia,2026,Direct,direct,CELCOMDIGI,CELCOMDIGI,CELCOMDIGI,Data-Driven Targeting,Submitted,https://ascentialcdn.filespin.io/api/v1/conversion/9d3276024c1044f498a11af23c21cb30?quality=85&format=webp,https://www.lovethework.com/work/entries/celcomdigi-771458
Spikes Asia,2026,Direct,direct,MEET ME AT THE COKE SIGN,COCA-COLA,OGILVY,Use of Print/Outdoor,Submitted,https://ascentialcdn.filespin.io/api/v1/conversion/e4e51d450eb8458dab81e55d80f5d56b?quality=85&format=webp,https://www.lovethework.com/work/entries/meet-me-at-the-coke-sign-769664
Spikes Asia,2026,Direct,direct,GAMERS ON DUTY,LENOVO,LEO,Launch/Relaunch,Submitted,https://ascentialcdn.filespin.io/api/v1/conversion/6756b104632a4778a34700b1371cfacf?quality=85&format=webp,https://www.lovethework.com/work/entries/gamers-on-duty-771095
Spikes Asia,2026,Direct,direct,THE GUINEA PIG SCHEME,ONE NEW ZEALAND,FCB NEW ZEALAND,Launch/Relaunch,Submitted,https://ascentialcdn.filespin.io/api/v1/conversion/cf12f1b5de1841d08885514226260872?quality=85&format=webp,https://www.lovethework.com/work/entries/the-guinea-pig-scheme-770639
Spikes Asia,2026,Direct,direct,APP O'CLOCK,TELSTRA,+61,Use of Humour,Submitted,https://ascentialcdn.filespin.io/api/v1/conversion/469a9d9954a74cc480cb9797996a635f?quality=85&format=webp,https://www.lovethework.com/work/entries/app-oclock-770473
Spikes Asia,2026,Direct,direct,THE HARD RATED HOMECOMING,HARD RATED,"DROGA5 ANZ, PART OF ACCENTURE SONG",Launch/Relaunch,Submitted,https://ascentialcdn.filespin.io/api/v1/conversion/e64850f2202243e2bcff6b860b89ee3a?quality=85&format=webp,https://www.lovethework.com/work/entries/the-hard-rated-homecoming-770636
Spikes Asia,2026,Direct,direct,CURFEW HOSTELS,TIGER BEER,LEPUB,Market Disruption,Submitted,https://ascentialcdn.filespin.io/api/v1/conversion/411966509f5c483ab9783935fb89948f?quality=85&format=webp,https://www.lovethework.com/work/entries/curfew-hostels-773034
Spikes Asia,2026,Direct,direct,THE KILOMETER LOYALTY EXCHANGE,HONDA,TU7UH CREATIVE LAB,Corporate Purpose & Social Responsibility,Submitted,https://ascentialcdn.filespin.io/api/v1/conversion/4cd9eb497dda4b658e3b54520e095905?quality=85&format=webp,https://www.lovethework.com/work/entries/the-kilometer-loyalty-exchange-769666
Spikes Asia,2026,Direct,direct,HILTON HUSTLE WITHOUT HASSLE,HILTON HOTELS,TBWA\SINGAPORE,Use of Social Platforms,Submitted,https://ascentialcdn.filespin.io/api/v1/conversion/8baed512ea2a411d99ea50cc22872785?quality=85&format=webp,https://www.lovethework.com/work/entries/hilton-hustle-without-hassle-773015
Spikes Asia,2026,Direct,direct,BEST AFTER 2055,TAKAMATSU CITY,SHISEIDO CREATIVE,Cultural Engagement,Submitted,https://ascentialcdn.filespin.io/api/v1/conversion/fe2abe1fa4ad48898f91c095aac86250?quality=85&format=webp,https://www.lovethework.com/work/entries/best-after-2055-769725
Spikes Asia,2026,Direct,direct,SKINNY FOR LIFE,SKINNY,COLENSO BBDO,New Realities & Emerging Tech,Submitted,https://ascentialcdn.filespin.io/api/v1/conversion/c09ad0c19770401cb05879c3ea02aecd?quality=85&format=webp,https://www.lovethework.com/work/entries/skinny-for-life-771413
Spikes Asia,2026,Direct,direct,THE NAGA SAINT EYE TEST,EYEBETES FOUNDATION,GODREJ CREATIVE LAB,Single-market Campaign,Submitted,https://ascentialcdn.filespin.io/api/v1/conversion/8ccb115332db4b298d72aa9ae698ed64?quality=85&format=webp,https://www.lovethework.com/work/entries/the-naga-saint-eye-test-769760
Spikes Asia,2026,Direct,direct,"STOP DRINK, STACK THE DREAM",THAI HEALTH PROMOTION FOUNDATION,DENTSU CREATIVE THAILAND,Co-Creation & User-Generated Content,Submitted,https://ascentialcdn.filespin.io/api/v1/conversion/7fe045ee95b0473f8e650a8a5e9c1a2f?quality=85&format=webp,https://www.lovethework.com/work/entries/stop-drink-stack-the-dream-772609
Spikes Asia,2026,Direct,direct,FUTURES,MUSICIANS MAKING A DIFFERENCE,SUPERMASSIVE,Social Behaviour,Submitted,https://ascentialcdn.filespin.io/api/v1/storyboard/2e8d2262dc2243928e61f870c654ce07/storyboard_000008.jpg?quality=85&format=webp,https://www.lovethework.com/work/entries/futures-769630
Spikes Asia,2026,Direct,direct,BOX TO BEDS,AMAZON,OGILVY,Corporate Purpose & Social Responsibility,Submitted,https://ascentialcdn.filespin.io/api/v1/conversion/844f30e20f794839a1c9a1d331dfa5e1?quality=85&format=webp,https://www.lovethework.com/work/entries/box-to-beds-770480
Spikes Asia,2026,Direct,direct,FOR HANA,SOFY,VML OGILVY JAPAN,Use of Social Platforms,Submitted,https://ascentialcdn.filespin.io/api/v1/conversion/a495a85993984c9e99e4e2b8918e5045?quality=85&format=webp,https://www.lovethework.com/work/entries/for-hana-771155
Spikes Asia,2026,Direct,direct,THE SPONSORED TRUTH,SAMSUNG,LEO,Co-Creation & User-Generated Content,Submitted,https://ascentialcdn.filespin.io/api/v1/conversion/4109705e25d64c209befc8b73c6713dd?quality=85&format=webp,https://www.lovethework.com/work/entries/the-sponsored-truth-773094
Spikes Asia,2026,Direct,direct,SAKURA SCAN,KIRIN BEER,KIRIN BREWERY COMPANY,Use of Mobile,Submitted,https://ascentialcdn.filespin.io/api/v1/conversion/1de049ba98d24b558834c6067c5802b0?quality=85&format=webp,https://www.lovethework.com/work/entries/sakura-scan-770912
Spikes Asia,2026,Direct,direct,SAKURA SCAN,KIRIN BEER,KIRIN BREWERY COMPANY,Data-Driven Direct Strategy,Submitted,https://ascentialcdn.filespin.io/api/v1/conversion/1de049ba98d24b558834c6067c5802b0?quality=85&format=webp,https://www.lovethework.com/work/entries/sakura-scan-770900
Spikes Asia,2026,Direct,direct,RIDE THE BULDAK HIGH,BULDAK,SAMYANGFOODS,Consumer Goods,Submitted,https://ascentialcdn.filespin.io/api/v1/storyboard/44e74ff76c29409cb1dc098824287782/storyboard_000008.jpg?quality=85&format=webp,https://www.lovethework.com/work/entries/ride-the-buldak-high-770442
Spikes Asia,2026,Direct,direct,SAKURA SCAN,KIRIN BEER,KIRIN BREWERY COMPANY,Cultural Engagement,Submitted,https://ascentialcdn.filespin.io/api/v1/conversion/1de049ba98d24b558834c6067c5802b0?quality=85&format=webp,https://www.lovethework.com/work/entries/sakura-scan-770874
Spikes Asia,2026,Direct,direct,SAUCE REDEMPTION,KFC THAILAND,BRILLIANT & MILLION,"Travel, Leisure, Retail, Restaurants & Fast Food Chains",Submitted,https://ascentialcdn.filespin.io/api/v1/conversion/8700b32febc94b06ba4826646b005ca8?quality=85&format=webp,https://www.lovethework.com/work/entries/sauce-redemption-772614
Spikes Asia,2026,Entertainment,entertainment,THE AD THAT CAN ONLY BE SEEN ON SBS,SPECIAL BROADCASTING SERVIVE,"DROGA5 ANZ, PART OF ACCENTURE SONG",Promotional Content for Publishers and Networks,Grand Prix,https://ascentialcdn.filespin.io/api/v1/conversion/4cceadc9992a4187b458f8224189422b?quality=85&format=webp,https://www.lovethework.com/work/entries/the-ad-that-can-only-be-seen-on-sbs-771055
Spikes Asia,2026,Entertainment,entertainment,DEATH OF A SALESMAN,FIVE STAR CHICKEN,BBDO BANGKOK,Fiction & Non-Fiction Films up to 5 minutes,Silver,https://ascentialcdn.filespin.io/api/v1/storyboard/8bd69d4a9cee4b618ef3dec809787b34/storyboard_000008.jpg?quality=85&format=webp,https://www.lovethework.com/work/entries/death-of-a-salesman-772942
Spikes Asia,2026,Entertainment,entertainment,UNFADING LOVE,THAI LIFE INSURANCE CO.,OGILVY,Fiction & Non-Fiction Films up to 5 minutes,Silver,https://ascentialcdn.filespin.io/api/v1/storyboard/5cb3a0e56f8743c0af463476fa17ec12/storyboard_000008.jpg?quality=85&format=webp,https://www.lovethework.com/work/entries/unfading-love-769921
Spikes Asia,2026,Entertainment,entertainment,CHEER SIGNS,CHEER SIGNS,TBWA\HAKUHODO,Diversity & Inclusion in Sport,Bronze,https://ascentialcdn.filespin.io/api/v1/conversion/c8feabbe3b7949879999ac690bd274ea?quality=85&format=webp,https://www.lovethework.com/work/entries/cheer-signs-771251
Spikes Asia,2026,Entertainment,entertainment,DALAH’S SPOILER BILLBOARD,NETFLIX THAILAND,VML,Audience Engagement/Distribution Strategy,Bronze,https://ascentialcdn.filespin.io/api/v1/conversion/d2548b5c58d14cdaa86c2df430ffec9c?quality=85&format=webp,https://www.lovethework.com/work/entries/dalahs-spoiler-billboard-769982
Spikes Asia,2026,Entertainment,entertainment,DIRTY OLD SECRETS,SEASOL INTERNATIONAL,HOWATSON AND COMPANY,Fiction & Non-Fiction Films up to 5 minutes,Bronze,https://ascentialcdn.filespin.io/api/v1/conversion/7694d81c46954e77bf1260bfca8a2ee5?quality=85&format=webp,https://www.lovethework.com/work/entries/dirty-old-secrets-771784
Spikes Asia,2026,Entertainment,entertainment,HEINEKEN STARRING BARS,HEINEKEN,LEPUB,"Brand Partnerships, Sponsorships & Collaborations",Bronze,https://ascentialcdn.filespin.io/api/v1/conversion/f9b474c037df4cfabc83ec05aa292f8f?quality=85&format=webp,https://www.lovethework.com/work/entries/heineken-starring-bars-773066
Spikes Asia,2026,Entertainment,entertainment,"GET ALMOST ALMOST ANYTHING, MAYBE EVEN A WIN",UBER EATS,SPECIAL,Partnerships with Talent,Shortlist,https://ascentialcdn.filespin.io/api/v1/conversion/f619f5de3d9441cc821af9411117aa0d?quality=85&format=webp,https://www.lovethework.com/work/entries/get-almost-almost-anything-maybe-even-a-win-770037
Spikes Asia,2026,Entertainment,entertainment,SO-SO SPINS TOKYO,BOSS,VML OGILVY JAPAN,Audio Content,Shortlist,https://ascentialcdn.filespin.io/api/v1/conversion/c9ac94c83c9241d8bc51e623f58dce34?quality=85&format=webp,https://www.lovethework.com/work/entries/so-so-spins-tokyo-771309
Spikes Asia,2026,Entertainment,entertainment,THE YANGZHOU QIAO BEI MUSICAL SUITE,YANGZHOU MUNICIPAL BUREAU OF CULTURE,"RADIO, TV AND TOURISM, CHINA, TBWA\CHINA",Audio Content,Shortlist,https://ascentialcdn.filespin.io/api/v1/storyboard/1f135cdf159e4774ada476064b2c0ce9/storyboard_000008.jpg?quality=85&format=webp,https://www.lovethework.com/work/entries/the-yangzhou-qiao-bei-musical-suite-769965
Spikes Asia,2026,Entertainment,entertainment,SHOT ON IPHONE - LAST SCENE,APPLE,TBWA\MEDIA ARTS LAB,Fiction & Non-Fiction Films: 5-30 minutes,Shortlist,https://ascentialcdn.filespin.io/api/v1/conversion/7fa846bf88174020a545119113546882?quality=85&format=webp,https://www.lovethework.com/work/entries/shot-on-iphone-last-scene-769950
Spikes Asia,2026,Entertainment,entertainment,WHATSAPP – BAATAN HI BAATAN MEIN (LOVE IN A FEW WORDS),WHATSAPP,FUNDAMENTAL,Fiction & Non-Fiction Films: 5-30 minutes,Shortlist,https://ascentialcdn.filespin.io/api/v1/storyboard/b6bc2b9806324bf7a0b717b8f7cbb605/storyboard_000008.jpg?quality=85&format=webp,https://www.lovethework.com/work/entries/whatsapp-baatan-hi-baatan-mein-love-in-a-few-words-769941
Spikes Asia,2026,Entertainment,entertainment,VASELINE HUH?,VASELINE,BRILLIANT & MILLION,"Brand Partnerships, Sponsorships & Collaborations",Shortlist,https://ascentialcdn.filespin.io/api/v1/conversion/2c5e13bbfd7c4ac0944a69d0ca10f586?quality=85&format=webp,https://www.lovethework.com/work/entries/vaseline-huh-770013
Spikes Asia,2026,Entertainment,entertainment,THE UNOFFICIAL OFFICIAL SOUND OF F1,STING,LEO,Partnerships with Talent,Shortlist,https://ascentialcdn.filespin.io/api/v1/conversion/25f7a229a39d4944b286f7fdc7bb1d9a?quality=85&format=webp,https://www.lovethework.com/work/entries/the-unofficial-official-sound-of-f1-771749
Spikes Asia,2026,Entertainment,entertainment,SAFETYNOVELA,PHILIPPINE AIRLINES,BBDO GUERRERO,Fiction & Non-Fiction Films: 5-30 minutes,Shortlist,https://ascentialcdn.filespin.io/api/v1/storyboard/5fc11d2a57f24dfcaa3fb8a9082dc456/storyboard_000008.jpg?quality=85&format=webp,https://www.lovethework.com/work/entries/safetynovela-770772
Spikes Asia,2026,Entertainment,entertainment,UNPROTECTED BROADCAST,E1 FOOTBALL CHAMPIONSHIP,DENTSU INC.,Fan Engagement/Distribution Strategy,Shortlist,https://ascentialcdn.filespin.io/api/v1/conversion/b562ecd85f6744098041f4f62f40450a?quality=85&format=webp,https://www.lovethework.com/work/entries/unprotected-broadcast-770068
Spikes Asia,2026,Entertainment,entertainment,HEINEKEN STARRING BARS,HEINEKEN,LEPUB,Innovation in Branded Content,Shortlist,https://ascentialcdn.filespin.io/api/v1/conversion/f9b474c037df4cfabc83ec05aa292f8f?quality=85&format=webp,https://www.lovethework.com/work/entries/heineken-starring-bars-773067
Spikes Asia,2026,Entertainment,entertainment,ALLIANCE BANK BIZSMART CHALLENGE: REAL STORIES. HIGH STAKES. A FIRST-OF-ITS-KIND FEATURE FILM,ALLIANCE BANK,AMPERSAND ADVISORY,Fiction & Non-Fiction Films Over 30 minutes,Submitted,https://ascentialcdn.filespin.io/api/v1/conversion/1160d97824c749e79e9ad496993fa83a?quality=85&format=webp,https://www.lovethework.com/work/entries/alliance-bank-bizsmart-challenge-real-stories-high-stakes-a-first-of-its-kind-feature-film-771302
Spikes Asia,2026,Entertainment,entertainment,PUBSIDE DOWN CRAWL,NETFLIX,GIGIL,Audience Engagement/Distribution Strategy,Submitted,https://ascentialcdn.filespin.io/api/v1/conversion/e6e1aec3369c4f72ac4c9185af397297?quality=85&format=webp,https://www.lovethework.com/work/entries/pubside-down-crawl-771346
Spikes Asia,2026,Entertainment,entertainment,THE HAND-CHECKED BUCKET,KFC THAILAND,BRILLIANT & MILLION,"Brand Partnerships, Sponsorships & Collaborations",Submitted,https://ascentialcdn.filespin.io/api/v1/conversion/71e76db84ca94a1bb169efe2bdbccb43?quality=85&format=webp,https://www.lovethework.com/work/entries/the-hand-checked-bucket-770025
Spikes Asia,2026,Entertainment,entertainment,KUNG FRIES,MCDONALD'S PROSPECT HOSPITALITY,LEO TAIWAN,Fiction & Non-Fiction Films up to 5 minutes,Submitted,https://ascentialcdn.filespin.io/api/v1/conversion/985d939b42cd4c94a6b72063f59fa6c1?quality=85&format=webp,https://www.lovethework.com/work/entries/kung-fries-771015
Spikes Asia,2026,Entertainment,entertainment,CATHAY PRESENTS: THE MICHELIN MULTIVERSE,CATHAY GROUP,VAYNERMEDIA ASIA PACIFIC,Partnerships with Talent,Submitted,https://ascentialcdn.filespin.io/api/v1/conversion/538c3f890e334054a90585e3f7437918?quality=85&format=webp,https://www.lovethework.com/work/entries/cathay-presents-the-michelin-multiverse-770027
Spikes Asia,2026,Entertainment,entertainment,KUNG FRIES,MCDONALD'S PROSPECT HOSPITALITY,LEO TAIWAN,Audience Engagement/Distribution Strategy,Submitted,https://ascentialcdn.filespin.io/api/v1/conversion/985d939b42cd4c94a6b72063f59fa6c1?quality=85&format=webp,https://www.lovethework.com/work/entries/kung-fries-771026
Spikes Asia,2026,Entertainment,entertainment,THE GREAT GRANIPH CHARACTER HUNT,GRANIPH,DENTSU INC.,Brand Integration,Submitted,https://ascentialcdn.filespin.io/api/v1/conversion/de4aa042b6a74d5a8050650c49e39e44?quality=85&format=webp,https://www.lovethework.com/work/entries/the-great-graniph-character-hunt-771426
Spikes Asia,2026,Entertainment,entertainment,THE UNOFFICIAL OFFICIAL SOUND OF F1,STING,LEO,Fan Engagement/Distribution Strategy,Submitted,https://ascentialcdn.filespin.io/api/v1/conversion/d15dabd692a645a98166f60e07466569?quality=85&format=webp,https://www.lovethework.com/work/entries/the-unofficial-official-sound-of-f1-771757
Spikes Asia,2026,Entertainment,entertainment,LIFE AFTER FIRE AND ASH,DISNEY,LEO,Live Entertainment,Submitted,https://ascentialcdn.filespin.io/api/v1/conversion/e83ec84533dc420ebf94b35f06ff19f1?quality=85&format=webp,https://www.lovethework.com/work/entries/life-after-fire-and-ash-771178
Spikes Asia,2026,Entertainment,entertainment,MISSING FILM,DOTERAI-YATSU,HAKUHODO,Audience Engagement/Distribution Strategy,Submitted,https://ascentialcdn.filespin.io/api/v1/conversion/68c98ccb3ab24d2ea8355ea01f363da1?quality=85&format=webp,https://www.lovethework.com/work/entries/missing-film-769990
Spikes Asia,2026,Entertainment,entertainment,DOVE REBORN STRONGER,DOVE,HOGARTH WORLDWIDE,Audio Content,Submitted,https://ascentialcdn.filespin.io/api/v1/conversion/1e5bbfea034c400fbc8194155faaa375?quality=85&format=webp,https://www.lovethework.com/work/entries/dove-reborn-stronger-771319
Spikes Asia,2026,Entertainment,entertainment,ANZ X AUCKLAND FC RECORD SEASON,ANZ BANK NEW ZEALAND,TBWA\NEW ZEALAND,Fan Engagement/Distribution Strategy,Submitted,https://ascentialcdn.filespin.io/api/v1/conversion/a7223c32040c4904b65623742e5504eb?quality=85&format=webp,https://www.lovethework.com/work/entries/anz-x-auckland-fc-record-season-770826
Spikes Asia,2026,Entertainment,entertainment,HEARING 1945,BINGGRAE & THE MINISTRY OF PATRIOTS AND VETERANS AFFAIR,INNOCEAN,Fiction & Non-Fiction Films: 5-30 minutes,Submitted,https://ascentialcdn.filespin.io/api/v1/conversion/183cbd8bcef44556bd724657555b1986?quality=85&format=webp,https://www.lovethework.com/work/entries/hearing-1945-770483
Spikes Asia,2026,Entertainment,entertainment,DORITOS CILANTRO SWAP,DORITOS,SAATCHI & SAATCHI,"Brand Partnerships, Sponsorships & Collaborations",Submitted,https://ascentialcdn.filespin.io/api/v1/conversion/c746cdc13831487889951227b74ecef5?quality=85&format=webp,https://www.lovethework.com/work/entries/doritos-cilantro-swap-771801
Spikes Asia,2026,Entertainment,entertainment,THE MAGIC OF TOMORROWLAND,TOMORROWLAND,HERO ESPORTS,Live Entertainment,Submitted,https://ascentialcdn.filespin.io/api/v1/conversion/d971748df8194929a317525b9bf7feda?quality=85&format=webp,https://www.lovethework.com/work/entries/the-magic-of-tomorrowland-770886
Spikes Asia,2026,Entertainment,entertainment,K INTELLIGENCE AI CINEMA (RUN TO THE WEST),KT - KOREA TELECOM,CHEIL WORLDWIDE,Fiction & Non-Fiction Films Over 30 minutes,Submitted,https://ascentialcdn.filespin.io/api/v1/conversion/119e33c03eea41818b6a4a84a7da9b48?quality=85&format=webp,https://www.lovethework.com/work/entries/k-intelligence-ai-cinema-run-to-the-west-772944
Spikes Asia,2026,Entertainment,entertainment,[RIOT CHINA] ARCANE FANNIVERSARY,RIOT GAMES,RIOT GAMES,Live Entertainment,Submitted,https://ascentialcdn.filespin.io/api/v1/conversion/26a927a288af4167b5ed0cdd9dbe74b4?quality=85&format=webp,https://www.lovethework.com/work/entries/riot-china-arcane-fanniversary-771225
Spikes Asia,2026,Entertainment,entertainment,MISS EATIE,MCDONALD’S,GEEK PICTURES,Fiction & Non-Fiction Films up to 5 minutes,Submitted,https://ascentialcdn.filespin.io/api/v1/conversion/a97ee1a79f784a90be7f02bb6c614e51?quality=85&format=webp,https://www.lovethework.com/work/entries/miss-eatie-773065
Spikes Asia,2026,Entertainment,entertainment,FEET OF GLORY - TATA ULTRA MARATHON,TATA SONS,BBDO INDIA,Fan Engagement/Distribution Strategy,Submitted,https://ascentialcdn.filespin.io/api/v1/conversion/60c3565f0d7f495ab36c71c7f6308ccf?quality=85&format=webp,https://www.lovethework.com/work/entries/feet-of-glory-tata-ultra-marathon-773122
Spikes Asia,2026,Entertainment,entertainment,OO LA LA FOR THE NEW GENERATION,KINGFISHER,UNITED BREWERIES,Partnerships with Talent,Submitted,https://ascentialcdn.filespin.io/api/v1/conversion/1656016814474ecba29f1d63a3cb3d35?quality=85&format=webp,https://www.lovethework.com/work/entries/oo-la-la-for-the-new-generation-771094
Spikes Asia,2026,Entertainment,entertainment,SAY IT PROND,SPEAK,DENTSU CREATIVE TAIWAN,Partnerships with Talent,Submitted,https://ascentialcdn.filespin.io/api/v1/conversion/fcbab533059d421a9ab08c30ccfc1ec3?quality=85&format=webp,https://www.lovethework.com/work/entries/say-it-prond-771063
Spikes Asia,2026,Entertainment,entertainment,HEINEKEN TRUST BARS,HEINEKEN,LEPUB,Sports Live Experience,Submitted,https://ascentialcdn.filespin.io/api/v1/conversion/b88a9669ca90417ebddf25d1e8cef9d7?quality=85&format=webp,https://www.lovethework.com/work/entries/heineken-trust-bars-770818
Spikes Asia,2026,Entertainment,entertainment,YAMAL +10,ADIDAS,TBWA\CHINA,Sports Live Experience,Submitted,https://ascentialcdn.filespin.io/api/v1/conversion/c5ba48a6ef754a37a74021869591943c?quality=85&format=webp,https://www.lovethework.com/work/entries/yamal-10-770053
Spikes Asia,2026,Entertainment,entertainment,KATE MEETS USJ,KANEBO,KANEBO,Innovation in Branded Content,Submitted,https://ascentialcdn.filespin.io/api/v1/conversion/0bfda5758768485a8bddc0560d7955bf?quality=85&format=webp,https://www.lovethework.com/work/entries/kate-meets-usj-770499
Spikes Asia,2026,Entertainment,entertainment,HEARTBEAT OF A DESTINATION,LUXURY GROUP BY MARRIOTT INTERNATIONAL,SOUTH CHINA MORNING POST,Fiction & Non-Fiction Films up to 5 minutes,Submitted,https://ascentialcdn.filespin.io/api/v1/conversion/40d87b6f0f624a2eb34180865d2e8bbe?quality=85&format=webp,https://www.lovethework.com/work/entries/heartbeat-of-a-destination-770067
Spikes Asia,2026,Entertainment,entertainment,WILD ROAD,GAZOO RACING,SIX INC,New Realities & Emerging Tech,Submitted,https://ascentialcdn.filespin.io/api/v1/conversion/e2969b013f334a67b4da549f2bcf4b50?quality=85&format=webp,https://www.lovethework.com/work/entries/wild-road-770613
Spikes Asia,2026,Entertainment,entertainment,I MADE A MIXTAPE FOR YOU,APPLE,TBWA\MEDIA ARTS LAB,Fiction & Non-Fiction Films: 5-30 minutes,Submitted,https://ascentialcdn.filespin.io/api/v1/conversion/2677e05e47e44c3d8d75698fc5277979?quality=85&format=webp,https://www.lovethework.com/work/entries/i-made-a-mixtape-for-you-769929
Spikes Asia,2026,Entertainment,entertainment,GO! GR SUPRA SAFETY CAR!,GAZOO RACING,SIX INC,"Brand Partnerships, Sponsorships & Collaborations",Submitted,https://ascentialcdn.filespin.io/api/v1/conversion/e7cc9159236440d5b4fb7468bf0c7560?quality=85&format=webp,https://www.lovethework.com/work/entries/go-gr-supra-safety-car-770603
Spikes Asia,2026,Entertainment,entertainment,#SAVETOVOTEWITHMAYA,MAYA PHILIPPINES,"INC., DENTSU CREATIVE","Brand Partnerships, Sponsorships & Collaborations",Submitted,https://ascentialcdn.filespin.io/api/v1/conversion/e469ff933a2b487ab1f765bc46e2f767?quality=85&format=webp,https://www.lovethework.com/work/entries/savetovotewithmaya-771235
Spikes Asia,2026,Entertainment,entertainment,CURFEW HOSTELS,TIGER BEER,LEPUB,Sports Live Experience,Submitted,https://ascentialcdn.filespin.io/api/v1/conversion/411966509f5c483ab9783935fb89948f?quality=85&format=webp,https://www.lovethework.com/work/entries/curfew-hostels-773087
Spikes Asia,2026,Entertainment,entertainment,SOUND OF COURAGE EPISODE 2,POCKET FM,POCKET FM,Fiction & Non-Fiction Films: 5-30 minutes,Submitted,https://ascentialcdn.filespin.io/api/v1/storyboard/f2a17c4654da41bd805febeba8c791a4/storyboard_000008.jpg?quality=85&format=webp,https://www.lovethework.com/work/entries/sound-of-courage-episode-2-771296
Spikes Asia,2026,Entertainment,entertainment,BLACK RECORDS,BMSG (JAPANESE MUSIC LABEL),SIX INC,Live Entertainment,Submitted,https://ascentialcdn.filespin.io/api/v1/conversion/c51d9e2d47da4921b32f6bc507270d2b?quality=85&format=webp,https://www.lovethework.com/work/entries/black-records-771173
Spikes Asia,2026,Entertainment,entertainment,GOOGLE GEMINI X MCLAREN,GOOGLE GEMINI,MONKS,New Realities & Emerging Tech,Submitted,https://ascentialcdn.filespin.io/api/v1/conversion/ab8cdcc10b214cbb8c37fb879d7b6dac?quality=85&format=webp,https://www.lovethework.com/work/entries/google-gemini-x-mclaren-771837
Spikes Asia,2026,Entertainment,entertainment,QBE HEARTFELT GUERNSEY,QBE INSURANCE,THE CORE AGENCY,"Brand Partnerships, Sponsorships & Collaborations",Submitted,https://ascentialcdn.filespin.io/api/v1/conversion/467595bd520a473f803948d8a577cc82?quality=85&format=webp,https://www.lovethework.com/work/entries/qbe-heartfelt-guernsey-770008
Spikes Asia,2026,Entertainment,entertainment,THE SCENT THAT GIVES YOU THE SCENE,MITH BANGKOK,WOLF BKK,Partnerships with Talent,Submitted,https://ascentialcdn.filespin.io/api/v1/conversion/09bab6bc04a64d17ab5a1dc893fb5eae?quality=85&format=webp,https://www.lovethework.com/work/entries/the-scent-that-gives-you-the-scene-770977
Spikes Asia,2026,Entertainment,entertainment,CURFEW HOSTELS,TIGER BEER,LEPUB,"Brand Partnerships, Sponsorships & Collaborations",Submitted,https://ascentialcdn.filespin.io/api/v1/conversion/411966509f5c483ab9783935fb89948f?quality=85&format=webp,https://www.lovethework.com/work/entries/curfew-hostels-770869
Spikes Asia,2026,Entertainment,entertainment,QBE HEARTFELT GUERNSEY,QBE INSURANCE,THE CORE AGENCY,Sports Live Experience,Submitted,https://ascentialcdn.filespin.io/api/v1/conversion/467595bd520a473f803948d8a577cc82?quality=85&format=webp,https://www.lovethework.com/work/entries/qbe-heartfelt-guernsey-770060
Spikes Asia,2026,Entertainment,entertainment,LOST CONVERSATIONS CAMPAIGN,MUSEUM FOUNDATION OF THE PHILIPPINES,TBWA\SMP,Audio Content,Submitted,https://ascentialcdn.filespin.io/api/v1/conversion/c2a17bba53c24f208b5958d90e3661b1?quality=85&format=webp,https://www.lovethework.com/work/entries/lost-conversations-campaign-770784
Spikes Asia,2026,Entertainment,entertainment,THE GREAT IN-GAME WEDDING,BATTLEGROUND MOBILE INDIA,22FEET TRIBAL WORLDWIDE,Fiction & Non-Fiction Films up to 5 minutes,Submitted,https://ascentialcdn.filespin.io/api/v1/storyboard/57843d07dc5647309007bb7d4aa2260f/storyboard_000008.jpg?quality=85&format=webp,https://www.lovethework.com/work/entries/the-great-in-game-wedding-771791
Spikes Asia,2026,Entertainment,entertainment,KWEEN YASMIN,CANVA,GIGIL,Partnerships with Talent,Submitted,https://ascentialcdn.filespin.io/api/v1/conversion/869756effcd94a2faa471832aebf4fd6?quality=85&format=webp,https://www.lovethework.com/work/entries/kween-yasmin-771354
Spikes Asia,2026,Entertainment,entertainment,MARKETING UNFILTERED WITH AUNTY M,GOOGLE,THE CARROT COLLECTIVE,Innovation in Branded Content,Submitted,https://ascentialcdn.filespin.io/api/v1/conversion/12e2c0101d534bfd841cf4375702d9da?quality=85&format=webp,https://www.lovethework.com/work/entries/marketing-unfiltered-with-aunty-m-770986
Spikes Asia,2026,Entertainment,entertainment,GOOGLE GEMINI X MCLAREN,GOOGLE GEMINI,MONKS,"Brand Partnerships, Sponsorships & Collaborations",Submitted,https://ascentialcdn.filespin.io/api/v1/conversion/4bf7882ef38d4ef7bbf57e3cc0d3453e?quality=85&format=webp,https://www.lovethework.com/work/entries/google-gemini-x-mclaren-771855
Spikes Asia,2026,Entertainment,entertainment,KATE MEETS USJ,KANEBO,KANEBO,"Brand Partnerships, Sponsorships & Collaborations",Submitted,https://ascentialcdn.filespin.io/api/v1/conversion/0bfda5758768485a8bddc0560d7955bf?quality=85&format=webp,https://www.lovethework.com/work/entries/kate-meets-usj-770490
Spikes Asia,2026,Entertainment,entertainment,SESSIONS WITHOUT BORDERS,POCOCHA,ENJIN TOKYO,"Brand Partnerships, Sponsorships & Collaborations",Submitted,https://ascentialcdn.filespin.io/api/v1/storyboard/2f7dc89f9ca94304967ac9e8fa896556/storyboard_000008.jpg?quality=85&format=webp,https://www.lovethework.com/work/entries/sessions-without-borders-770001
Spikes Asia,2026,Entertainment,entertainment,OO LA LA FOR THE NEW GENERATION,KINGFISHER,UNITED BREWERIES,"Brand Partnerships, Sponsorships & Collaborations",Submitted,https://ascentialcdn.filespin.io/api/v1/conversion/1656016814474ecba29f1d63a3cb3d35?quality=85&format=webp,https://www.lovethework.com/work/entries/oo-la-la-for-the-new-generation-771245
Spikes Asia,2026,Entertainment,entertainment,WANNA ADD SOMETHING TO THE TABLE?,KAIFUN TOGETHER,ROCK YU CREATIVE,Fiction & Non-Fiction Films up to 5 minutes,Submitted,https://ascentialcdn.filespin.io/api/v1/conversion/423641c9382245e2adffb1578ab32ee3?quality=85&format=webp,https://www.lovethework.com/work/entries/wanna-add-something-to-the-table-770058
Spikes Asia,2026,Entertainment,entertainment,WEDDING CRASHERS,UNIFI,GROWTHOPS MALAYSIA,Partnerships with Talent,Submitted,https://ascentialcdn.filespin.io/api/v1/conversion/94dbdd882cc741389113d9f872d8947e?quality=85&format=webp,https://www.lovethework.com/work/entries/wedding-crashers-771802
Spikes Asia,2026,Entertainment,entertainment,HIP HOP ANNUAL REPORT,CIMB,VML,Partnerships with Talent,Submitted,https://ascentialcdn.filespin.io/api/v1/conversion/b3937c99ea054182a27c086123fcf82b?quality=85&format=webp,https://www.lovethework.com/work/entries/hip-hop-annual-report-770809
Spikes Asia,2026,Entertainment,entertainment,DORITOS CILANTRO SWAP,DORITOS,SAATCHI & SAATCHI,Brand Integration,Submitted,https://ascentialcdn.filespin.io/api/v1/conversion/c746cdc13831487889951227b74ecef5?quality=85&format=webp,https://www.lovethework.com/work/entries/doritos-cilantro-swap-771796
Spikes Asia,2026,Entertainment,entertainment,EVERYTHING HAS A POINT,KRUNGSRI CONSUMER,WOLF BKK,Fiction & Non-Fiction Films up to 5 minutes,Submitted,https://ascentialcdn.filespin.io/api/v1/storyboard/a205f0bf6b84484fb3ec5a12948f2da7/storyboard_000008.jpg?quality=85&format=webp,https://www.lovethework.com/work/entries/everything-has-a-point-770075
Spikes Asia,2026,Entertainment,entertainment,BIG PLAYS CALL FOR BIG FLAVORS,FOODPANDA,TAIWAN HAKUHODO,Sports Live Experience,Submitted,https://ascentialcdn.filespin.io/api/v1/conversion/401fa29bbb374320b6590540b81a6099?quality=85&format=webp,https://www.lovethework.com/work/entries/big-plays-call-for-big-flavors-770046
Spikes Asia,2026,Entertainment,entertainment,HEARING 1945,BINGGRAE & THE MINISTRY OF PATRIOTS AND VETERANS AFFAIR,INNOCEAN,Innovation in Branded Content,Submitted,https://ascentialcdn.filespin.io/api/v1/conversion/183cbd8bcef44556bd724657555b1986?quality=85&format=webp,https://www.lovethework.com/work/entries/hearing-1945-770511
Spikes Asia,2026,Entertainment,entertainment,ALA GANG,ASTRON APPLIANCES,LERON LERON SINTA,Fiction & Non-Fiction Films up to 5 minutes,Submitted,https://ascentialcdn.filespin.io/api/v1/conversion/2055c05abee442c094f747504341e3b5?quality=85&format=webp,https://www.lovethework.com/work/entries/ala-gang-771046
Spikes Asia,2026,Entertainment,entertainment,THE UNOFFICIAL OFFICIAL SOUND OF F1,STING,LEO,"Brand Partnerships, Sponsorships & Collaborations",Submitted,https://ascentialcdn.filespin.io/api/v1/conversion/d15dabd692a645a98166f60e07466569?quality=85&format=webp,https://www.lovethework.com/work/entries/the-unofficial-official-sound-of-f1-771765
Spikes Asia,2026,Entertainment,entertainment,COOL,OROCAN PLASTICS,GIGIL,Fiction & Non-Fiction Films up to 5 minutes,Submitted,https://ascentialcdn.filespin.io/api/v1/conversion/a2b8d0c712b0438db1322471f9292155?quality=85&format=webp,https://www.lovethework.com/work/entries/cool-771363
Spikes Asia,2026,Entertainment,entertainment,HAVE YOU SEEN OAT?,SNACK JACK,HANAMI FOOD,Fiction & Non-Fiction Films: 5-30 minutes,Submitted,https://ascentialcdn.filespin.io/api/v1/storyboard/a9d53e31ed61411d8652c2387505c034/storyboard_000008.jpg?quality=85&format=webp,https://www.lovethework.com/work/entries/have-you-seen-oat-772943
Spikes Asia,2026,Entertainment,entertainment,UNPROTECTED BROADCAST,E1 FOOTBALL CHAMPIONSHIP,DENTSU INC.,"Brand Partnerships, Sponsorships & Collaborations",Submitted,https://ascentialcdn.filespin.io/api/v1/conversion/b562ecd85f6744098041f4f62f40450a?quality=85&format=webp,https://www.lovethework.com/work/entries/unprotected-broadcast-769998
Spikes Asia,2026,Entertainment,entertainment,SOCIAL & CREATOR: C.01. ORGANIC REACH & INFLUENCE,AIRASIA,THAI AIRASIA,Live Entertainment,Submitted,https://ascentialcdn.filespin.io/api/v1/conversion/ae5d32b10b064f9a83182163067e5091?quality=85&format=webp,https://www.lovethework.com/work/entries/social-creator-c01-organic-reach-influence-769975
Spikes Asia,2026,Entertainment,entertainment,HEINEKEN TRUST BARS,HEINEKEN,LEPUB,"Brand Partnerships, Sponsorships & Collaborations",Submitted,https://ascentialcdn.filespin.io/api/v1/conversion/b88a9669ca90417ebddf25d1e8cef9d7?quality=85&format=webp,https://www.lovethework.com/work/entries/heineken-trust-bars-770829
Spikes Asia,2026,Entertainment,entertainment,COME AND SAY G'DAY,TOURISM AUSTRALIA,"DROGA5 ANZ, PART OF ACCENTURE SONG",Fiction & Non-Fiction Films up to 5 minutes,Submitted,https://ascentialcdn.filespin.io/api/v1/storyboard/841a0d2ac48a473bbeeb069d9460f144/storyboard_000008.jpg?quality=85&format=webp,https://www.lovethework.com/work/entries/come-and-say-gday-773064
Spikes Asia,2026,Entertainment,entertainment,WILD ROAD,GAZOO RACING,SIX INC,Fiction & Non-Fiction Films up to 5 minutes,Submitted,https://ascentialcdn.filespin.io/api/v1/storyboard/f60d291ba8a14cdab4ef5360d1c49eb2/storyboard_000008.jpg?quality=85&format=webp,https://www.lovethework.com/work/entries/wild-road-770593
Spikes Asia,2026,Entertainment,entertainment,SLIDING MOM,CP-MEIJI,WOLF BKK,Fiction & Non-Fiction Films up to 5 minutes,Submitted,https://ascentialcdn.filespin.io/api/v1/conversion/b094e39cb4134b8cb95beea85a37081f?quality=85&format=webp,https://www.lovethework.com/work/entries/sliding-mom-770073
Spikes Asia,2026,Entertainment,entertainment,A PARTNERSHIP BUILT FOR THE ARENA - HOW CELCOMDIGI ELEVATED ESPORTS SPONSORSHIP INTO A BRAND MOVEMENT,CELCOMDIGI,CELCOMDIGI,"Brand Partnerships, Sponsorships & Collaborations",Submitted,https://ascentialcdn.filespin.io/api/v1/conversion/2edde601595e4bd4a1742b5479c29d50?quality=85&format=webp,https://www.lovethework.com/work/entries/a-partnership-built-for-the-arena-how-celcomdigi-elevated-esports-sponsorship-into-a-brand-movement-771101
Spikes Asia,2026,Entertainment,entertainment,CURFEW HOSTELS,TIGER BEER,LEPUB,Fan Engagement/Distribution Strategy,Submitted,https://ascentialcdn.filespin.io/api/v1/conversion/411966509f5c483ab9783935fb89948f?quality=85&format=webp,https://www.lovethework.com/work/entries/curfew-hostels-773088
Spikes Asia,2026,Film,film,DARE TO STEP,GAMBOL,YDM THAILAND,Local Brand,Grand Prix,https://ascentialcdn.filespin.io/api/v1/storyboard/5b0eedfff8a64fa28c225052d937891f/storyboard_000008.jpg?quality=85&format=webp,https://www.lovethework.com/work/entries/dare-to-step-771089
Spikes Asia,2026,Film,film,THE AD THAT CAN ONLY BE SEEN ON SBS,SPECIAL BROADCASTING SERVIVE,"DROGA5 ANZ, PART OF ACCENTURE SONG",Challenger Brand,Gold,https://ascentialcdn.filespin.io/api/v1/storyboard/a7158f83a369403499456be01a442881/storyboard_000008.jpg?quality=85&format=webp,https://www.lovethework.com/work/entries/the-ad-that-can-only-be-seen-on-sbs-772406
Spikes Asia,2026,Film,film,THE KAPRAO CRIMINALS,KFC THAILAND,WOLF BKK,Social Behaviour,Gold,https://ascentialcdn.filespin.io/api/v1/storyboard/8f9d814a501246c79848be3d425d132e/storyboard_000008.jpg?quality=85&format=webp,https://www.lovethework.com/work/entries/the-kaprao-criminals-771037
Spikes Asia,2026,Film,film,WHATSAPP – BAATAN HI BAATAN MEIN (LOVE IN A FEW WORDS),WHATSAPP,FUNDAMENTAL,Cultural Engagement,Gold,https://ascentialcdn.filespin.io/api/v1/storyboard/b6bc2b9806324bf7a0b717b8f7cbb605/storyboard_000008.jpg?quality=85&format=webp,https://www.lovethework.com/work/entries/whatsapp-baatan-hi-baatan-mein-love-in-a-few-words-769523
Spikes Asia,2026,Film,film,SCAMAGEDDON,TELSTRA,BEAR MEETS EAGLE ON FIRE,Consumer Services/Business to Business,Silver,https://ascentialcdn.filespin.io/api/v1/storyboard/6c658f1807e5494593d18c9cefa156c5/storyboard_000008.jpg?quality=85&format=webp,https://www.lovethework.com/work/entries/scamageddon-770590
Spikes Asia,2026,Film,film,DEATH OF A SALESMAN,FIVE STAR CHICKEN,BBDO BANGKOK,Use of Humour,Silver,https://ascentialcdn.filespin.io/api/v1/storyboard/8bd69d4a9cee4b618ef3dec809787b34/storyboard_000008.jpg?quality=85&format=webp,https://www.lovethework.com/work/entries/death-of-a-salesman-769573
Spikes Asia,2026,Film,film,WHATSAPP – BAATAN HI BAATAN MEIN (LOVE IN A FEW WORDS),WHATSAPP,FUNDAMENTAL,Screens & Events,Silver,https://ascentialcdn.filespin.io/api/v1/storyboard/b6bc2b9806324bf7a0b717b8f7cbb605/storyboard_000008.jpg?quality=85&format=webp,https://www.lovethework.com/work/entries/whatsapp-baatan-hi-baatan-mein-love-in-a-few-words-772418
Spikes Asia,2026,Film,film,AFTER CLASS REFRESH,COCA-COLA,VML OGILVY JAPAN,Single-market Campaign,Silver,https://ascentialcdn.filespin.io/api/v1/storyboard/c128ce4748ce4c26803679bb829b6b5d/storyboard_000008.jpg?quality=85&format=webp,https://www.lovethework.com/work/entries/after-class-refresh-769506
Spikes Asia,2026,Film,film,THE KAPRAO CRIMINALS,KFC THAILAND,WOLF BKK,"Travel, Leisure, Retail, Restaurants & Fast Food Chains",Silver,https://ascentialcdn.filespin.io/api/v1/storyboard/8f9d814a501246c79848be3d425d132e/storyboard_000008.jpg?quality=85&format=webp,https://www.lovethework.com/work/entries/the-kaprao-criminals-771017
Spikes Asia,2026,Film,film,IT'S DETTOL TIME,DETTOL,SOUR BANGKOK,Consumer Goods,Bronze,https://ascentialcdn.filespin.io/api/v1/storyboard/526635f0805240a5967b0de0ae9ace56/storyboard_000008.jpg?quality=85&format=webp,https://www.lovethework.com/work/entries/its-dettol-time-772404
Spikes Asia,2026,Film,film,DEATH OF A SALESMAN,FIVE STAR CHICKEN,BBDO BANGKOK,"Travel, Leisure, Retail, Restaurants & Fast Food Chains",Bronze,https://ascentialcdn.filespin.io/api/v1/storyboard/8bd69d4a9cee4b618ef3dec809787b34/storyboard_000008.jpg?quality=85&format=webp,https://www.lovethework.com/work/entries/death-of-a-salesman-769514
Spikes Asia,2026,Film,film,"HAR KOI PEERA, LAHORI ZEERA 2.0",LAHORI ZEERA,ENORMOUS BRANDS,Consumer Goods,Bronze,https://ascentialcdn.filespin.io/api/v1/storyboard/1c152f0466a24ee4a5f49a0fb975a6ad/storyboard_000008.jpg?quality=85&format=webp,https://www.lovethework.com/work/entries/har-koi-peera-lahori-zeera-20-770993
Spikes Asia,2026,Film,film,DESI OON,CENTRE FOR PASTORALISM,STUDIO EEKSAURUS,Breakthrough on a Budget,Bronze,https://ascentialcdn.filespin.io/api/v1/storyboard/32d9a089fc55464886a1ffcf716f476f/storyboard_000008.jpg?quality=85&format=webp,https://www.lovethework.com/work/entries/desi-oon-769475
Spikes Asia,2026,Film,film,THE AD THAT CAN ONLY BE SEEN ON SBS,SPECIAL BROADCASTING SERVIVE,"DROGA5 ANZ, PART OF ACCENTURE SONG",Media/Entertainment,Bronze,https://ascentialcdn.filespin.io/api/v1/storyboard/a7158f83a369403499456be01a442881/storyboard_000008.jpg?quality=85&format=webp,https://www.lovethework.com/work/entries/the-ad-that-can-only-be-seen-on-sbs-771074
Spikes Asia,2026,Film,film,PATIENT,KRUNG SRI FIRST CHOICE,LEO BANGKOK,Consumer Services/Business to Business,Bronze,https://ascentialcdn.filespin.io/api/v1/storyboard/db79033497884838b9710a807ade6278/storyboard_000008.jpg?quality=85&format=webp,https://www.lovethework.com/work/entries/patient-769593
Spikes Asia,2026,Film,film,TARZAN,SEEK,"DROGA5 ANZ, PART OF ACCENTURE SONG",Consumer Services/Business to Business,Shortlist,https://ascentialcdn.filespin.io/api/v1/storyboard/4274bb8bbf1b46bdb88f28faa039554c/storyboard_000008.jpg?quality=85&format=webp,https://www.lovethework.com/work/entries/tarzan-770637
Spikes Asia,2026,Film,film,IT MUST BE STING,STING,LEO BANGKOK,Microfilm,Shortlist,https://ascentialcdn.filespin.io/api/v1/storyboard/b71c1cc62ce04f05b4404c98f17c71d5/storyboard_000008.jpg?quality=85&format=webp,https://www.lovethework.com/work/entries/it-must-be-sting-769478
Spikes Asia,2026,Film,film,SAFETYNOVELA,PHILIPPINE AIRLINES,BBDO GUERRERO,Viral Film,Shortlist,https://ascentialcdn.filespin.io/api/v1/storyboard/5fc11d2a57f24dfcaa3fb8a9082dc456/storyboard_000008.jpg?quality=85&format=webp,https://www.lovethework.com/work/entries/safetynovela-770736
Spikes Asia,2026,Film,film,REBORN,CUTE PRESS,WOLF BKK,Social Behaviour,Shortlist,https://ascentialcdn.filespin.io/api/v1/storyboard/5defed658cbd4d35944c5f4cef37c0e7/storyboard_000008.jpg?quality=85&format=webp,https://www.lovethework.com/work/entries/reborn-770949
Spikes Asia,2026,Film,film,EVERYTHING HAS A POINT,KRUNGSRI CONSUMER,WOLF BKK,Consumer Services/Business to Business,Shortlist,https://ascentialcdn.filespin.io/api/v1/storyboard/a205f0bf6b84484fb3ec5a12948f2da7/storyboard_000008.jpg?quality=85&format=webp,https://www.lovethework.com/work/entries/everything-has-a-point-772402
Spikes Asia,2026,Film,film,AFTER CLASS REFRESH,COCA-COLA,VML OGILVY JAPAN,Use of Humour,Shortlist,https://ascentialcdn.filespin.io/api/v1/storyboard/c128ce4748ce4c26803679bb829b6b5d/storyboard_000008.jpg?quality=85&format=webp,https://www.lovethework.com/work/entries/after-class-refresh-772823
Spikes Asia,2026,Film,film,HAVE YOU SEEN OAT?,SNACK JACK,HANAMI FOOD,Consumer Goods,Shortlist,https://ascentialcdn.filespin.io/api/v1/storyboard/a9d53e31ed61411d8652c2387505c034/storyboard_000008.jpg?quality=85&format=webp,https://www.lovethework.com/work/entries/have-you-seen-oat-769477
Spikes Asia,2026,Film,film,STEADFAST - DIRTY MONEY,STEADFAST STATIONARY,DUCKTAPE STUDIOS,Consumer Services/Business to Business,Shortlist,https://ascentialcdn.filespin.io/api/v1/storyboard/8f87e5b247004f23bdd215b640436c90/storyboard_000008.jpg?quality=85&format=webp,https://www.lovethework.com/work/entries/steadfast-dirty-money-771420
Spikes Asia,2026,Film,film,UNFADING LOVE,THAI LIFE INSURANCE CO.,OGILVY,Consumer Services/Business to Business,Shortlist,https://ascentialcdn.filespin.io/api/v1/storyboard/5cb3a0e56f8743c0af463476fa17ec12/storyboard_000008.jpg?quality=85&format=webp,https://www.lovethework.com/work/entries/unfading-love-769530
Spikes Asia,2026,Film,film,THE M SSING PIECE,KFC THAILAND,PUBLICIS THAILAND,"Travel, Leisure, Retail, Restaurants & Fast Food Chains",Shortlist,https://ascentialcdn.filespin.io/api/v1/storyboard/3dfaff76bed543ed84e644a8a3cb4345/storyboard_000008.jpg?quality=85&format=webp,https://www.lovethework.com/work/entries/the-m-ssing-piece-769509
Spikes Asia,2026,Film,film,LIAR,CLUB21,BBDO BANGKOK,"Travel, Leisure, Retail, Restaurants & Fast Food Chains",Shortlist,https://ascentialcdn.filespin.io/api/v1/storyboard/92e8766d89f24b63b4290dfff04bbdfa/storyboard_000008.jpg?quality=85&format=webp,https://www.lovethework.com/work/entries/liar-769532
Spikes Asia,2026,Film,film,MR. DRONE,COCA-COLA,VML OGILVY JAPAN,Microfilm,Shortlist,https://ascentialcdn.filespin.io/api/v1/storyboard/b148cdb97fda48d5b225d07081f47ff6/storyboard_000004.jpg?quality=85&format=webp,https://www.lovethework.com/work/entries/mr-drone-771001
Spikes Asia,2026,Film,film,BOOZE MATHS,NEW ZEALAND TRANSPORT AGENCY - WAKA KOTAHI,FCB NEW ZEALAND,Social Behaviour,Shortlist,https://ascentialcdn.filespin.io/api/v1/conversion/d0836d7847074a21acd0544de2b303c2?quality=85&format=webp,https://www.lovethework.com/work/entries/booze-maths-771144
Spikes Asia,2026,Film,film,CHICKY,GRAB,GIGIL,Use of Humour,Shortlist,https://ascentialcdn.filespin.io/api/v1/storyboard/ba890cbe31df4f31a6f1a95df877e266/storyboard_000008.jpg?quality=85&format=webp,https://www.lovethework.com/work/entries/chicky-771022
Spikes Asia,2026,Film,film,THE KAPRAO CRIMINALS,KFC THAILAND,WOLF BKK,Use of Humour,Shortlist,https://ascentialcdn.filespin.io/api/v1/storyboard/8f9d814a501246c79848be3d425d132e/storyboard_000008.jpg?quality=85&format=webp,https://www.lovethework.com/work/entries/the-kaprao-criminals-771014
Spikes Asia,2026,Film,film,SLEEPING,UBER,SPECIAL,"Travel, Leisure, Retail, Restaurants & Fast Food Chains",Shortlist,https://ascentialcdn.filespin.io/api/v1/conversion/e3f5024d25cd4e1d85e4ade9f2090450?quality=85&format=webp,https://www.lovethework.com/work/entries/sleeping-770574
Spikes Asia,2026,Film,film,THE AD THAT CAN ONLY BE SEEN ON SBS,SPECIAL BROADCASTING SERVIVE,"DROGA5 ANZ, PART OF ACCENTURE SONG",Market Disruption,Shortlist,https://ascentialcdn.filespin.io/api/v1/storyboard/a7158f83a369403499456be01a442881/storyboard_000008.jpg?quality=85&format=webp,https://www.lovethework.com/work/entries/the-ad-that-can-only-be-seen-on-sbs-772411
Spikes Asia,2026,Film,film,DESI OON,CENTRE FOR PASTORALISM,STUDIO EEKSAURUS,Not-for-profit / Charity / Government,Shortlist,https://ascentialcdn.filespin.io/api/v1/storyboard/32d9a089fc55464886a1ffcf716f476f/storyboard_000008.jpg?quality=85&format=webp,https://www.lovethework.com/work/entries/desi-oon-769556
Spikes Asia,2026,Film,film,MADE FOR DOWN UNDER,BONDS,SPECIAL,Viral Film,Shortlist,https://ascentialcdn.filespin.io/api/v1/storyboard/8cef248679ff431792859c376686efcf/storyboard_000008.jpg?quality=85&format=webp,https://www.lovethework.com/work/entries/made-for-down-under-770648
Spikes Asia,2026,Film,film,THE SCENT THAT GIVES YOU THE SCENE,MITH BANGKOK,WOLF BKK,Consumer Goods,Shortlist,https://ascentialcdn.filespin.io/api/v1/storyboard/4a59454e848f4e9d995ff06fb2972198/storyboard_000008.jpg?quality=85&format=webp,https://www.lovethework.com/work/entries/the-scent-that-gives-you-the-scene-770922
Spikes Asia,2026,Film,film,SAFETYNOVELA,PHILIPPINE AIRLINES,BBDO GUERRERO,Cultural Engagement,Shortlist,https://ascentialcdn.filespin.io/api/v1/storyboard/5fc11d2a57f24dfcaa3fb8a9082dc456/storyboard_000008.jpg?quality=85&format=webp,https://www.lovethework.com/work/entries/safetynovela-770769
Spikes Asia,2026,Film,film,NO MANNER,CLUB21,BBDO BANGKOK,"Travel, Leisure, Retail, Restaurants & Fast Food Chains",Shortlist,https://ascentialcdn.filespin.io/api/v1/storyboard/3b875e70a50e48c0adadae2eebf57c56/storyboard_000008.jpg?quality=85&format=webp,https://www.lovethework.com/work/entries/no-manner-769525
Spikes Asia,2026,Film,film,MAKE UP,SAVE THE CHILDREN,SEVEN AD,Not-for-profit / Charity / Government,Shortlist,https://ascentialcdn.filespin.io/api/v1/storyboard/b74c0cb5d71c42f8a4fddab734ac257a/storyboard_000008.jpg?quality=85&format=webp,https://www.lovethework.com/work/entries/make-up-772419
Spikes Asia,2026,Film,film,POSSESSED,LIFEBUOY INDONESIA,MULLENLOWE SINGAPORE,Consumer Goods,Shortlist,https://ascentialcdn.filespin.io/api/v1/storyboard/56d93a5b94ad40a0b9bfd52f59bcc0a8/storyboard_000008.jpg?quality=85&format=webp,https://www.lovethework.com/work/entries/possessed-769561
Spikes Asia,2026,Film,film,IT'S DETTOL TIME,DETTOL,SOUR BANGKOK,Single-market Campaign,Shortlist,https://ascentialcdn.filespin.io/api/v1/storyboard/526635f0805240a5967b0de0ae9ace56/storyboard_000008.jpg?quality=85&format=webp,https://www.lovethework.com/work/entries/its-dettol-time-769502
Spikes Asia,2026,Film,film,WEIGHT OF PAIN,NATIONAL AGENCY FOR SOCIAL PROTECTION,NATIONAL AGENCY FOR SOCIAL PROTECTION UNDER THE PRESIDENT OF THE REPUBLIC OF UZBEKISTAN,Not-for-profit / Charity / Government,Shortlist,https://ascentialcdn.filespin.io/api/v1/storyboard/0a1ca6c002c4413eb6414b5752f545bc/storyboard_000008.jpg?quality=85&format=webp,https://www.lovethework.com/work/entries/weight-of-pain-772412
Spikes Asia,2026,Film,film,WHATSAPP – BAATAN HI BAATAN MEIN (LOVE IN A FEW WORDS),WHATSAPP,FUNDAMENTAL,Consumer Services/Business to Business,Shortlist,https://ascentialcdn.filespin.io/api/v1/storyboard/b6bc2b9806324bf7a0b717b8f7cbb605/storyboard_000008.jpg?quality=85&format=webp,https://www.lovethework.com/work/entries/whatsapp-baatan-hi-baatan-mein-love-in-a-few-words-769490
Spikes Asia,2026,Film,film,PATIENT,KRUNG SRI FIRST CHOICE,LEO BANGKOK,Use of Humour,Shortlist,https://ascentialcdn.filespin.io/api/v1/storyboard/db79033497884838b9710a807ade6278/storyboard_000008.jpg?quality=85&format=webp,https://www.lovethework.com/work/entries/patient-769544
Spikes Asia,2026,Film,film,STEADFAST - DIRTY MONEY,STEADFAST STATIONARY,DUCKTAPE STUDIOS,Cultural Engagement,Shortlist,https://ascentialcdn.filespin.io/api/v1/storyboard/8f87e5b247004f23bdd215b640436c90/storyboard_000008.jpg?quality=85&format=webp,https://www.lovethework.com/work/entries/steadfast-dirty-money-769534
Spikes Asia,2026,Film,film,MAKE UP AND LIVE SELLING,SAVE THE CHILDREN,SEVEN AD,Corporate Purpose & Social Responsibility,Shortlist,https://ascentialcdn.filespin.io/api/v1/storyboard/56503385c7304633b968ea4a9376cfff/storyboard_000008.jpg?quality=85&format=webp,https://www.lovethework.com/work/entries/make-up-and-live-selling-772423
Spikes Asia,2026,Film,film,GET ALMOST ALMOST ANYTHING WITH JIM COURIER COURIER,UBER EATS,SPECIAL,Local Brand,Shortlist,https://ascentialcdn.filespin.io/api/v1/storyboard/4f5535d1b4704a8fa6ba0edc51c0a133/storyboard_000008.jpg?quality=85&format=webp,https://www.lovethework.com/work/entries/get-almost-almost-anything-with-jim-courier-courier-772415
Spikes Asia,2026,Film,film,TOOTH FAIRY,SEEK,"DROGA5 ANZ, PART OF ACCENTURE SONG",Consumer Services/Business to Business,Submitted,https://ascentialcdn.filespin.io/api/v1/storyboard/77468f86a457499f87abcbfaaef3e922/storyboard_000008.jpg?quality=85&format=webp,https://www.lovethework.com/work/entries/tooth-fairy-770621
Spikes Asia,2026,Film,film,KISSING,UBER,SPECIAL,"Travel, Leisure, Retail, Restaurants & Fast Food Chains",Submitted,https://ascentialcdn.filespin.io/api/v1/conversion/6145563599034242b2a22737eec24ddf?quality=85&format=webp,https://www.lovethework.com/work/entries/kissing-773008
Spikes Asia,2026,Film,film,WORLD'S STRONGEST HOTEL BRAND AND INDIA'S STRONGEST BRAND,INDIAN HOTELS COMPANY LIMITED,THE INDIAN HOTELS COMPANY,"Travel, Leisure, Retail, Restaurants & Fast Food Chains",Submitted,https://ascentialcdn.filespin.io/api/v1/storyboard/0a8b92e7867647dfbc24ff3437280cfb/storyboard_000008.jpg?quality=85&format=webp,https://www.lovethework.com/work/entries/worlds-strongest-hotel-brand-and-indias-strongest-brand-769577
Spikes Asia,2026,Film,film,DECEIVER LEVER,TELSTRA,BEAR MEETS EAGLE ON FIRE,Consumer Services/Business to Business,Submitted,https://ascentialcdn.filespin.io/api/v1/storyboard/cf0471f307634bd49f652afc7a7947e9/storyboard_000008.jpg?quality=85&format=webp,https://www.lovethework.com/work/entries/deceiver-lever-770611
Spikes Asia,2026,Film,film,KHIIMORI- SPIRIT OF THE NAADAM,RIO TINTO MONGOLIA,RIO TINTO,Cultural Engagement,Submitted,https://ascentialcdn.filespin.io/api/v1/storyboard/d951f02f524b4c56b759bd86abd19cad/storyboard_000008.jpg?quality=85&format=webp,https://www.lovethework.com/work/entries/khiimori-spirit-of-the-naadam-773041
Spikes Asia,2026,Film,film,LIGHTS ON SHADOW.,KATE,KANEBO,Consumer Goods,Submitted,https://ascentialcdn.filespin.io/api/v1/storyboard/e108d8746ec44c1d9a0ea1978a5c6ddd/storyboard_000008.jpg?quality=85&format=webp,https://www.lovethework.com/work/entries/lights-on-shadow-769479
Spikes Asia,2026,Film,film,POSSESSED,LIFEBUOY INDONESIA,MULLENLOWE SINGAPORE,Use of Humour,Submitted,https://ascentialcdn.filespin.io/api/v1/storyboard/56d93a5b94ad40a0b9bfd52f59bcc0a8/storyboard_000008.jpg?quality=85&format=webp,https://www.lovethework.com/work/entries/possessed-771422
Spikes Asia,2026,Film,film,OWN IT FIRST,CENTRAL DEPARTMENT STORE,WOLF BKK,Use of Humour,Submitted,https://ascentialcdn.filespin.io/api/v1/storyboard/f5c919de52374d2680cabbc5eeca201a/storyboard_000008.jpg?quality=85&format=webp,https://www.lovethework.com/work/entries/own-it-first-770965
Spikes Asia,2026,Film,film,THE INVISIBLE ONE,SAMSUNG,THAI SAMSUNG ELECTRONICS,Social Behaviour,Submitted,https://ascentialcdn.filespin.io/api/v1/storyboard/e8f461e028084765937a0d84f826a53b/storyboard_000008.jpg?quality=85&format=webp,https://www.lovethework.com/work/entries/the-invisible-one-769527
Spikes Asia,2026,Film,film,HAVE YOU SEEN OAT?,SNACK JACK,HANAMI FOOD,Use of Humour,Submitted,https://ascentialcdn.filespin.io/api/v1/storyboard/a9d53e31ed61411d8652c2387505c034/storyboard_000008.jpg?quality=85&format=webp,https://www.lovethework.com/work/entries/have-you-seen-oat-769590
Spikes Asia,2026,Film,film,GENESIS GV60 - TAKE YOUR WONDER FURTHER,GENESIS,INNOCEAN,Consumer Goods,Submitted,https://ascentialcdn.filespin.io/api/v1/storyboard/bb77da8f1bd347da82f2218504994ab9/storyboard_000008.jpg?quality=85&format=webp,https://www.lovethework.com/work/entries/genesis-gv60-take-your-wonder-further-769605
Spikes Asia,2026,Film,film,WE’VE MADE IT BETTER,HSBC BANKING MOBILE APP,DENTSU CREATIVE,Consumer Services/Business to Business,Submitted,https://ascentialcdn.filespin.io/api/v1/storyboard/fbea37eb59dd4feb913eccf6e2347512/storyboard_000008.jpg?quality=85&format=webp,https://www.lovethework.com/work/entries/weve-made-it-better-771126
Spikes Asia,2026,Film,film,LANDCRUISER,TOYOTA,SAATCHI & SAATCHI,Consumer Goods,Submitted,https://ascentialcdn.filespin.io/api/v1/storyboard/a575e39c0d394793b241beebb7665927/storyboard_000004.jpg?quality=85&format=webp,https://www.lovethework.com/work/entries/landcruiser-770913
Spikes Asia,2026,Film,film,COROLLA,TOYOTA,SAATCHI & SAATCHI,Consumer Goods,Submitted,https://ascentialcdn.filespin.io/api/v1/storyboard/146acb12c23d449497ffbefc72fee68c/storyboard_000008.jpg?quality=85&format=webp,https://www.lovethework.com/work/entries/corolla-770897
Spikes Asia,2026,Film,film,THE BIG PROPOSAL,MCDONALD’S,GEEK PICTURES,"Travel, Leisure, Retail, Restaurants & Fast Food Chains",Submitted,https://ascentialcdn.filespin.io/api/v1/storyboard/d244552a862f4af5a5f64c22f77f5095/storyboard_000008.jpg?quality=85&format=webp,https://www.lovethework.com/work/entries/the-big-proposal-770453
Spikes Asia,2026,Film,film,LIVESELL,SAVE THE CHILDREN,SEVEN AD,Not-for-profit / Charity / Government,Submitted,https://ascentialcdn.filespin.io/api/v1/storyboard/81579d48178d45a9b6c1263531e60e20/storyboard_000008.jpg?quality=85&format=webp,https://www.lovethework.com/work/entries/livesell-770729
Spikes Asia,2026,Film,film,STEADFAST - DIRTY MONEY,STEADFAST STATIONARY,DUCKTAPE STUDIOS,Consumer Services/Business to Business,Submitted,https://ascentialcdn.filespin.io/api/v1/storyboard/8f87e5b247004f23bdd215b640436c90/storyboard_000008.jpg?quality=85&format=webp,https://www.lovethework.com/work/entries/steadfast-dirty-money-769507
Spikes Asia,2026,Film,film,WILD ROAD,GAZOO RACING,SIX INC,Consumer Goods,Submitted,https://ascentialcdn.filespin.io/api/v1/storyboard/f60d291ba8a14cdab4ef5360d1c49eb2/storyboard_000008.jpg?quality=85&format=webp,https://www.lovethework.com/work/entries/wild-road-770640
Spikes Asia,2026,Film,film,IT'S BETTER WITH SPARK,SPARK NEW ZEALAND,COLENSO BBDO,Consumer Goods,Submitted,https://ascentialcdn.filespin.io/api/v1/conversion/199c0332d922422d8bc002dbec59e6aa?quality=85&format=webp,https://www.lovethework.com/work/entries/its-better-with-spark-771092
Spikes Asia,2026,Film,film,ESSENCE OF TAIWAN,TAITRA TOKYO OFFICE,TOHOKUSHINSHA FILM CORPORATION,Consumer Goods,Submitted,https://ascentialcdn.filespin.io/api/v1/storyboard/368624833a534375952546ece0240c88/storyboard_000008.jpg?quality=85&format=webp,https://www.lovethework.com/work/entries/essence-of-taiwan-771106
Spikes Asia,2026,Film,film,DARI MATA KITA,CELCOMDIGI,GREY,Single-market Campaign,Submitted,https://ascentialcdn.filespin.io/api/v1/storyboard/331a797d014145dca7d56a63c59f5c41/storyboard_000008.jpg?quality=85&format=webp,https://www.lovethework.com/work/entries/dari-mata-kita-771073
Spikes Asia,2026,Film,film,SCAMALANCHE,TELSTRA,BEAR MEETS EAGLE ON FIRE,Consumer Services/Business to Business,Submitted,https://ascentialcdn.filespin.io/api/v1/conversion/fc1dda26b8514d72b0eb6a868c50ec94?quality=85&format=webp,https://www.lovethework.com/work/entries/scamalanche-773009
Spikes Asia,2026,Film,film,KUNG FRIES,MCDONALD'S PROSPECT HOSPITALITY,LEO TAIWAN,Online & Viral Film,Submitted,https://ascentialcdn.filespin.io/api/v1/conversion/985d939b42cd4c94a6b72063f59fa6c1?quality=85&format=webp,https://www.lovethework.com/work/entries/kung-fries-771024
Spikes Asia,2026,Film,film,RESPECT FOR EVERY JOB,JOBKOREA,CHEIL WORLDWIDE,Consumer Services/Business to Business,Submitted,https://ascentialcdn.filespin.io/api/v1/storyboard/cc1362bb733742eab0f80c6efa5ac3df/storyboard_000008.jpg?quality=85&format=webp,https://www.lovethework.com/work/entries/respect-for-every-job-772817
Spikes Asia,2026,Film,film,VOICE WANTED,KOREAN NATIONAL POLICE AGENCY,CHEIL WORLDWIDE,Not-for-profit / Charity / Government,Submitted,https://ascentialcdn.filespin.io/api/v1/storyboard/d87b0b81679c41329c8f3ae57eedaaac/storyboard_000008.jpg?quality=85&format=webp,https://www.lovethework.com/work/entries/voice-wanted-773039
Spikes Asia,2026,Film,film,"ALWAYS HERE, ALWAYS READY.",CHEMIST WAREHOUSE,STRAT!,Healthcare,Submitted,https://ascentialcdn.filespin.io/api/v1/conversion/c9959b598512429f95962d1a2c730089?quality=85&format=webp,https://www.lovethework.com/work/entries/always-here-always-ready-773098
Spikes Asia,2026,Film,film,ASSEMBLE,STRESSTABS,GIGIL,Healthcare,Submitted,https://ascentialcdn.filespin.io/api/v1/storyboard/df271a313585415eb1518169fb504b56/storyboard_000008.jpg?quality=85&format=webp,https://www.lovethework.com/work/entries/assemble-771008
Spikes Asia,2026,Film,film,RESPECT FOR EVERY JOB,JOBKOREA,CHEIL WORLDWIDE,Consumer Services/Business to Business,Submitted,https://ascentialcdn.filespin.io/api/v1/storyboard/cc1362bb733742eab0f80c6efa5ac3df/storyboard_000008.jpg?quality=85&format=webp,https://www.lovethework.com/work/entries/respect-for-every-job-772810
Spikes Asia,2026,Film,film,YOU WITH RACQ? - COCKATOOS,RACQ,VML,Consumer Services/Business to Business,Submitted,https://ascentialcdn.filespin.io/api/v1/storyboard/8004b6e3043c436bb90c16b4f0ea4329/storyboard_000008.jpg?quality=85&format=webp,https://www.lovethework.com/work/entries/you-with-racq-cockatoos-769521
Spikes Asia,2026,Film,film,THE ADVENTURES OF AMPY,AMPOL,SAATCHI & SAATCHI,Consumer Goods,Submitted,https://ascentialcdn.filespin.io/api/v1/storyboard/ba0bb60cd1ec461093484d740e96a9be/storyboard_000008.jpg?quality=85&format=webp,https://www.lovethework.com/work/entries/the-adventures-of-ampy-770905
Spikes Asia,2026,Film,film,I MADE A MIXTAPE FOR YOU,APPLE,TBWA\MEDIA ARTS LAB,Media/Entertainment,Submitted,https://ascentialcdn.filespin.io/api/v1/storyboard/d427c0c723814f7ea4bb9adc13a623dd/storyboard_000008.jpg?quality=85&format=webp,https://www.lovethework.com/work/entries/i-made-a-mixtape-for-you-769585
Spikes Asia,2026,Film,film,KUNG FRIES,MCDONALD'S PROSPECT HOSPITALITY,LEO TAIWAN,Social Behaviour,Submitted,https://ascentialcdn.filespin.io/api/v1/conversion/985d939b42cd4c94a6b72063f59fa6c1?quality=85&format=webp,https://www.lovethework.com/work/entries/kung-fries-771002
Spikes Asia,2026,Film,film,THE FUTURE OF FINANCE,AIRWALLEX,AIRWALLEX,Consumer Services/Business to Business,Submitted,https://ascentialcdn.filespin.io/api/v1/storyboard/e209a83b1157494bb5132cf4acbd63e9/storyboard_000008.jpg?quality=85&format=webp,https://www.lovethework.com/work/entries/the-future-of-finance-771207
Spikes Asia,2026,Film,film,POSB GOOD MONEY HABITS,POSB,THE SECRET LITTLE AGENCY,Consumer Services/Business to Business,Submitted,https://ascentialcdn.filespin.io/api/v1/storyboard/5e0a39ca5b064e3fa6d0ebfc4ccbe958/storyboard_000008.jpg?quality=85&format=webp,https://www.lovethework.com/work/entries/posb-good-money-habits-771029
Spikes Asia,2026,Film,film,PETRONAS CNY 2025 - STAY,PETRONAS,ACCENTURE SONG MALAYSIA,Single-market Campaign,Submitted,https://ascentialcdn.filespin.io/api/v1/storyboard/059e7576088b425eb3e655483ae67f1b/storyboard_000008.jpg?quality=85&format=webp,https://www.lovethework.com/work/entries/petronas-cny-2025-stay-771242
Spikes Asia,2026,Film,film,PETRONAS MMD 2025 - WITH ALL OUR HEARTS,PETRONAS,ACCENTURE SONG MALAYSIA,Cultural Engagement,Submitted,https://ascentialcdn.filespin.io/api/v1/storyboard/deaf1961847544f2a00bc61ad9ef25e1/storyboard_000008.jpg?quality=85&format=webp,https://www.lovethework.com/work/entries/petronas-mmd-2025-with-all-our-hearts-771269
Spikes Asia,2026,Film,film,SINGAPORE OCEANARIUM BRAND VIDEO,RESORTS WORLD SENTOSA,SENTOSA DEVELOPMENT CORPORATION,"Travel, Leisure, Retail, Restaurants & Fast Food Chains",Submitted,https://ascentialcdn.filespin.io/api/v1/storyboard/3cc45605b94749c098d5a71039883e44/storyboard_000008.jpg?quality=85&format=webp,https://www.lovethework.com/work/entries/singapore-oceanarium-brand-video-771066
Spikes Asia,2026,Film,film,GO MONGOLIA BRAND FILM,GO MONGOLIA,EDELMAN,Cultural Engagement,Submitted,https://ascentialcdn.filespin.io/api/v1/storyboard/b61f53e6c9a94f1584f20b2ab5973fac/storyboard_000008.jpg?quality=85&format=webp,https://www.lovethework.com/work/entries/go-mongolia-brand-film-769517
Spikes Asia,2026,Film,film,BEERS DO COME TRUE,BALTER BREWING COMPANY,ATIME&PLACE,Consumer Goods,Submitted,https://ascentialcdn.filespin.io/api/v1/storyboard/416346a00f2943b696e485a51d696327/storyboard_000008.jpg?quality=85&format=webp,https://www.lovethework.com/work/entries/beers-do-come-true-769463
Spikes Asia,2026,Film,film,MOTTAINAI BANANA STORY,DOLE JAPAN,KOO-KI,Corporate Purpose & Social Responsibility,Submitted,https://ascentialcdn.filespin.io/api/v1/storyboard/ae688c54ebe54d6880b85a1e0f163058/storyboard_000008.jpg?quality=85&format=webp,https://www.lovethework.com/work/entries/mottainai-banana-story-769484
Spikes Asia,2026,Film,film,CATHAY PRESENTS: THE MICHELIN MULTIVERSE,CATHAY GROUP,VAYNERMEDIA ASIA PACIFIC,"Travel, Leisure, Retail, Restaurants & Fast Food Chains",Submitted,https://ascentialcdn.filespin.io/api/v1/storyboard/3b0352d5e95b44f08f72b2033f674f22/storyboard_000008.jpg?quality=85&format=webp,https://www.lovethework.com/work/entries/cathay-presents-the-michelin-multiverse-772814
Spikes Asia,2026,Film,film,WILD TREE,KOLON SPORT,KARMA,Social Behaviour,Submitted,https://ascentialcdn.filespin.io/api/v1/storyboard/6f8f1ee300324f94933366ec3e9a4348/storyboard_000008.jpg?quality=85&format=webp,https://www.lovethework.com/work/entries/wild-tree-769519
Spikes Asia,2026,Film,film,DRIVE THE MOMENT. POWERED TO WIN.,HYUNDAI STEEL,HYUNDAI STEEL,Consumer Services/Business to Business,Submitted,https://ascentialcdn.filespin.io/api/v1/storyboard/216761f954e0485dacc548caccbefc41/storyboard_000008.jpg?quality=85&format=webp,https://www.lovethework.com/work/entries/drive-the-moment-powered-to-win-772818
Spikes Asia,2026,Film,film,CP : THE BEST BLESSING,CP FOODS,TBWA THAILAND \ JUICE,Cultural Engagement,Submitted,https://ascentialcdn.filespin.io/api/v1/storyboard/f82c6b71c8bb4fe9aa8cdbb7601a18dd/storyboard_000008.jpg?quality=85&format=webp,https://www.lovethework.com/work/entries/cp-the-best-blessing-772827
Spikes Asia,2026,Film,film,THE GIRL & GHOST,TELSTRA,BEAR MEETS EAGLE ON FIRE,Consumer Services/Business to Business,Submitted,https://ascentialcdn.filespin.io/api/v1/storyboard/25dd669246d44e8fb9fd7aa38f5e3380/storyboard_000008.jpg?quality=85&format=webp,https://www.lovethework.com/work/entries/the-girl-ghost-770600
Spikes Asia,2026,Film,film,ZOO MUCH ENERGY,STING,LEO BANGKOK,Use of Humour,Submitted,https://ascentialcdn.filespin.io/api/v1/storyboard/03cf19da91b8431187023ed2fa443ddc/storyboard_000004.jpg?quality=85&format=webp,https://www.lovethework.com/work/entries/zoo-much-energy-769594
Spikes Asia,2026,Film,film,LIAR LIAR,CANADIAN CLUB,"DROGA5 ANZ, PART OF ACCENTURE SONG",Social Behaviour,Submitted,https://ascentialcdn.filespin.io/api/v1/storyboard/f92b6ce8daa04b218f1139fa775ff573/storyboard_000008.jpg?quality=85&format=webp,https://www.lovethework.com/work/entries/liar-liar-773033
Spikes Asia,2026,Film,film,UNLIMITED THANKS,SAMGYUPSALAMAT RESTAURANT CHAIN,GIGIL,Social Behaviour,Submitted,https://ascentialcdn.filespin.io/api/v1/storyboard/86f62729d3664543a2334faa5d484faa/storyboard_000008.jpg?quality=85&format=webp,https://www.lovethework.com/work/entries/unlimited-thanks-771491
Spikes Asia,2026,Film,film,GROOMING HIDES BEHIND HARMLESS,BRAVEHEARTS,ENGINE GROUP,Not-for-profit / Charity / Government,Submitted,https://ascentialcdn.filespin.io/api/v1/storyboard/bc6783c80769471e9367df362db6efd5/storyboard_000008.jpg?quality=85&format=webp,https://www.lovethework.com/work/entries/grooming-hides-behind-harmless-769549
Spikes Asia,2026,Film,film,PETRONAS CNY 2025 - STAY,PETRONAS,ACCENTURE SONG MALAYSIA,Cultural Engagement,Submitted,https://ascentialcdn.filespin.io/api/v1/storyboard/059e7576088b425eb3e655483ae67f1b/storyboard_000008.jpg?quality=85&format=webp,https://www.lovethework.com/work/entries/petronas-cny-2025-stay-771261
Spikes Asia,2026,Film,film,TO EVERY WOMAN WHO KEEPS LOOKING AHEAD-EXAM STUDENT VERSION.,YASUDA WOMEN'S UNIVERSITY,BUZZCROW,Not-for-profit / Charity / Government,Submitted,https://ascentialcdn.filespin.io/api/v1/storyboard/cb237fb3d039429da59f82a9198b2f09/storyboard_000008.jpg?quality=85&format=webp,https://www.lovethework.com/work/entries/to-every-woman-who-keeps-looking-ahead-exam-student-version-772820
Spikes Asia,2026,Film,film,THE KAPRAO CRIMINALS,KFC THAILAND,WOLF BKK,Viral Film,Submitted,https://ascentialcdn.filespin.io/api/v1/storyboard/8f9d814a501246c79848be3d425d132e/storyboard_000008.jpg?quality=85&format=webp,https://www.lovethework.com/work/entries/the-kaprao-criminals-770996
Spikes Asia,2026,Film,film,MAKE UP AND LIVE SELLING,SAVE THE CHILDREN,SEVEN AD,Breakthrough on a Budget,Submitted,https://ascentialcdn.filespin.io/api/v1/storyboard/56503385c7304633b968ea4a9376cfff/storyboard_000008.jpg?quality=85&format=webp,https://www.lovethework.com/work/entries/make-up-and-live-selling-773040
Spikes Asia,2026,Film,film,THE SEASON OF GIFTING,CENTRAL DEPARTMENT STORE,WOLF BKK,"Travel, Leisure, Retail, Restaurants & Fast Food Chains",Submitted,https://ascentialcdn.filespin.io/api/v1/storyboard/ec4fb071e6de41d38126bb5e535fc3fd/storyboard_000008.jpg?quality=85&format=webp,https://www.lovethework.com/work/entries/the-season-of-gifting-773090
Spikes Asia,2026,Film,film,LESSONS,APPLE,TBWA\INDIA,Single-market Campaign,Submitted,https://ascentialcdn.filespin.io/api/v1/conversion/9782530cb45e4f3996c0a8efd4170018?quality=85&format=webp,https://www.lovethework.com/work/entries/lessons-769512
Spikes Asia,2026,Film,film,A VIBRANT AND SUSTAINABLE SOCIETY,MITSUBISHI,DENTSU INC.,Consumer Services/Business to Business,Submitted,https://ascentialcdn.filespin.io/api/v1/storyboard/be0d8b1c796246b0b0992bf795a1affc/storyboard_000008.jpg?quality=85&format=webp,https://www.lovethework.com/work/entries/a-vibrant-and-sustainable-society-769482
Spikes Asia,2026,Film,film,WE'VE MADE IT BETTER - STAN RINGS THE BELL,HSBC BANKING MOBILE APP,DENTSU CREATIVE,Consumer Services/Business to Business,Submitted,https://ascentialcdn.filespin.io/api/v1/storyboard/9c5c6e591e5949bcba49154c39243820/storyboard_000008.jpg?quality=85&format=webp,https://www.lovethework.com/work/entries/weve-made-it-better-stan-rings-the-bell-773104
Spikes Asia,2026,Film,film,THE APPOINTMENT,TOYOTA,HAKUHODO FIRST,Corporate Purpose & Social Responsibility,Submitted,https://ascentialcdn.filespin.io/api/v1/conversion/2fd71e5b50f94a7f91cc9d06f5622f79?quality=85&format=webp,https://www.lovethework.com/work/entries/the-appointment-769495
Spikes Asia,2026,Film,film,YOU WITH RACQ? - KOOKABURRAS,RACQ,VML,Consumer Services/Business to Business,Submitted,https://ascentialcdn.filespin.io/api/v1/storyboard/63fd532d5d6d4cff8a70c995058a011f/storyboard_000008.jpg?quality=85&format=webp,https://www.lovethework.com/work/entries/you-with-racq-kookaburras-772811
Spikes Asia,2026,Film,film,SOMEONE’S DISH OR DISHY SOMEONE,KAIFUN TOGETHER,ROCK YU CREATIVE,"Travel, Leisure, Retail, Restaurants & Fast Food Chains",Submitted,https://ascentialcdn.filespin.io/api/v1/storyboard/4b60cc867bc34d639e6e735c1784c3d5/storyboard_000008.jpg?quality=85&format=webp,https://www.lovethework.com/work/entries/someones-dish-or-dishy-someone-769563
Spikes Asia,2026,Film,film,THE LAST PIECE,KAIFUN TOGETHER,ROCK YU CREATIVE,"Travel, Leisure, Retail, Restaurants & Fast Food Chains",Submitted,https://ascentialcdn.filespin.io/api/v1/storyboard/a19a0e552ddc452b9e99800cd2682635/storyboard_000008.jpg?quality=85&format=webp,https://www.lovethework.com/work/entries/the-last-piece-769553
Spikes Asia,2026,Film,film,"GET ALMOST ALMOST ANYTHING, MAYBE EVEN A WIN",UBER EATS,SPECIAL,Use of Humour,Submitted,https://ascentialcdn.filespin.io/api/v1/storyboard/d12e876662624a9298a5227a329549f5/storyboard_000008.jpg?quality=85&format=webp,https://www.lovethework.com/work/entries/get-almost-almost-anything-maybe-even-a-win-769469
Spikes Asia,2026,Film,film,STEADFAST - DIRTY MONEY,STEADFAST STATIONARY,DUCKTAPE STUDIOS,Use of Humour,Submitted,https://ascentialcdn.filespin.io/api/v1/storyboard/8f87e5b247004f23bdd215b640436c90/storyboard_000008.jpg?quality=85&format=webp,https://www.lovethework.com/work/entries/steadfast-dirty-money-769600
Spikes Asia,2026,Film,film,HOPE WILL RISE,SIRIRAJ HOSPITAL,MADMUSE,Healthcare,Submitted,https://ascentialcdn.filespin.io/api/v1/storyboard/3761a21a198241b899552cb7e48e344f/storyboard_000008.jpg?quality=85&format=webp,https://www.lovethework.com/work/entries/hope-will-rise-769503
Spikes Asia,2026,Film,film,RUNAWAY JOURNEY,HUAWEI NOVA,TIANYUKONG,Consumer Goods,Submitted,https://ascentialcdn.filespin.io/api/v1/storyboard/988a9aff1d3a4d4fb9218589af4ab028/storyboard_000008.jpg?quality=85&format=webp,https://www.lovethework.com/work/entries/runaway-journey-769558
Spikes Asia,2026,Film,film,PETRONAS CNY 2025 - STAY,PETRONAS,ACCENTURE SONG MALAYSIA,Local Brand,Submitted,https://ascentialcdn.filespin.io/api/v1/storyboard/059e7576088b425eb3e655483ae67f1b/storyboard_000008.jpg?quality=85&format=webp,https://www.lovethework.com/work/entries/petronas-cny-2025-stay-771218
Spikes Asia,2026,Film,film,BECOMING THAI,BLACKSHEEP,POJAI PRODUCTION,Media/Entertainment,Submitted,https://ascentialcdn.filespin.io/api/v1/storyboard/6d036c94ac9c4667a719b8ebeb26146a/storyboard_000008.jpg?quality=85&format=webp,https://www.lovethework.com/work/entries/becoming-thai-772816
Spikes Asia,2026,Film,film,CHANGE DIRECTION,THE WESTERMAN JILYA INSTITUTE FOR INDIGENOUS MENTAL HEALTH,PHOTOPLAY PHOTOGRAPHY,Not-for-profit / Charity / Government,Submitted,https://ascentialcdn.filespin.io/api/v1/storyboard/890bd2486a6e4a14bc4a4313020c27e4/storyboard_000008.jpg?quality=85&format=webp,https://www.lovethework.com/work/entries/change-direction-771084
Spikes Asia,2026,Film,film,SPICY HAPPINESS IN NOODLES,NONGSHIM,CHEIL WORLDWIDE,Consumer Goods,Submitted,https://ascentialcdn.filespin.io/api/v1/storyboard/1fb495578c7a4a35a1c326ac80d99fc7/storyboard_000008.jpg?quality=85&format=webp,https://www.lovethework.com/work/entries/spicy-happiness-in-noodles-772983
Spikes Asia,2026,Film,film,MS. HOT SPRING,COCA-COLA,VML OGILVY JAPAN,Microfilm,Submitted,https://ascentialcdn.filespin.io/api/v1/storyboard/5878f99f9cb546fbaa6ea5edb0f770a3/storyboard_000004.jpg?quality=85&format=webp,https://www.lovethework.com/work/entries/ms-hot-spring-771012
Spikes Asia,2026,Film,film,COOL,OROCAN PLASTICS,GIGIL,Breakthrough on a Budget,Submitted,https://ascentialcdn.filespin.io/api/v1/conversion/2f485995a74840539688c569a9698bdd?quality=85&format=webp,https://www.lovethework.com/work/entries/cool-771034
Spikes Asia,2026,Film,film,「THE HALLUCINATION」,GENERATIVE AI PASSPORT,FIX,Consumer Services/Business to Business,Submitted,https://ascentialcdn.filespin.io/api/v1/storyboard/3da32694f45d41acbe2b88aa28ff20fa/storyboard_000008.jpg?quality=85&format=webp,https://www.lovethework.com/work/entries/the-hallucination-772819
Spikes Asia,2026,Film,film,VILLAINS,TELSTRA,BEAR MEETS EAGLE ON FIRE,Use of Humour,Submitted,https://ascentialcdn.filespin.io/api/v1/storyboard/6c658f1807e5494593d18c9cefa156c5/storyboard_000008.jpg?quality=85&format=webp,https://www.lovethework.com/work/entries/villains-771434
Spikes Asia,2026,Film,film,"KARADA SUKOYAKACHA DOUBLE+ ""DOUBLE DEVILS""",KARADA SUKOYAKA CHA Ｗ+,VML OGILVY JAPAN,Use of Humour,Submitted,https://ascentialcdn.filespin.io/api/v1/storyboard/321b97f7ae3e4e1ab82c72edbaba8c8e/storyboard_000008.jpg?quality=85&format=webp,https://www.lovethework.com/work/entries/karada-sukoyakacha-double-double-devils-771028
Spikes Asia,2026,Film,film,PETRONAS MMD 2025 - WITH ALL OUR HEARTS,PETRONAS,ACCENTURE SONG MALAYSIA,Local Brand,Submitted,https://ascentialcdn.filespin.io/api/v1/storyboard/deaf1961847544f2a00bc61ad9ef25e1/storyboard_000008.jpg?quality=85&format=webp,https://www.lovethework.com/work/entries/petronas-mmd-2025-with-all-our-hearts-771231
Spikes Asia,2026,Film,film,PIED PIPER,TOYOTA,SAATCHI & SAATCHI,Consumer Goods,Submitted,https://ascentialcdn.filespin.io/api/v1/storyboard/4430fb825a02490cabb15f1db34d03ef/storyboard_000008.jpg?quality=85&format=webp,https://www.lovethework.com/work/entries/pied-piper-770882
Spikes Asia,2026,Film,film,"OUTSIDE, YOUR COMFORT ZONE.",KATHMANDU,MOTION SICKNESS,Challenger Brand,Submitted,https://ascentialcdn.filespin.io/api/v1/storyboard/83e0028a660045879e7e1bc4a836ec5a/storyboard_000008.jpg?quality=85&format=webp,https://www.lovethework.com/work/entries/outside-your-comfort-zone-772999
Spikes Asia,2026,Film,film,THE MORE YOU COLLIDE WITH THE WORLD_CITY,LEADVUALT,TBWA\KOREA,Consumer Goods,Submitted,https://ascentialcdn.filespin.io/api/v1/storyboard/6b2b4e30e40c4f38b7aa506e2c1a0bf4/storyboard_000008.jpg?quality=85&format=webp,https://www.lovethework.com/work/entries/the-more-you-collide-with-the-worldcity-769584
Spikes Asia,2026,Film,film,SCARY TAXI STORY,SUNTORY HOLDINGS LIMITED,HAKUHODO PRODUCTS,Corporate Purpose & Social Responsibility,Submitted,https://ascentialcdn.filespin.io/api/v1/storyboard/c6534ae121b34b47837c600e49867e15/storyboard_000008.jpg?quality=85&format=webp,https://www.lovethework.com/work/entries/scary-taxi-story-772824
Spikes Asia,2026,Film,film,MARUBENI 「LIVE」,MARUBENI,MARUBENI CORPORATION,Consumer Services/Business to Business,Submitted,https://ascentialcdn.filespin.io/api/v1/storyboard/0cf438318e6c49479745b5db95e33748/storyboard_000008.jpg?quality=85&format=webp,https://www.lovethework.com/work/entries/marubeni-live-772809
Spikes Asia,2026,Film,film,FEAR NOT,MODIBODI,DIVISION,Healthcare,Submitted,https://ascentialcdn.filespin.io/api/v1/storyboard/daedc9f511874d819c410dde4c03625a/storyboard_000008.jpg?quality=85&format=webp,https://www.lovethework.com/work/entries/fear-not-769496
Spikes Asia,2026,Film,film,MAKE UP,SAVE THE CHILDREN,SEVEN AD,Not-for-profit / Charity / Government,Submitted,https://ascentialcdn.filespin.io/api/v1/storyboard/56361dbdfb61485b9618b09ca9a6db68/storyboard_000008.jpg?quality=85&format=webp,https://www.lovethework.com/work/entries/make-up-770724
Spikes Asia,2026,Film,film,BACK TO THE BEGINNING,MCDONALD'S HONG KONG,BBDO HONG KONG,"Travel, Leisure, Retail, Restaurants & Fast Food Chains",Submitted,https://ascentialcdn.filespin.io/api/v1/storyboard/f4d28f80cf75433199dbe15141ffe6b6/storyboard_000008.jpg?quality=85&format=webp,https://www.lovethework.com/work/entries/back-to-the-beginning-772995
Spikes Asia,2026,Film,film,MAD LOVER,CLUB21,BBDO BANGKOK,"Travel, Leisure, Retail, Restaurants & Fast Food Chains",Submitted,https://ascentialcdn.filespin.io/api/v1/storyboard/fea0932f49f54a4791dfe044c24297d5/storyboard_000008.jpg?quality=85&format=webp,https://www.lovethework.com/work/entries/mad-lover-769536
Spikes Asia,2026,Film,film,SANTA,SEEK,"DROGA5 ANZ, PART OF ACCENTURE SONG",Consumer Services/Business to Business,Submitted,https://ascentialcdn.filespin.io/api/v1/storyboard/4aad0106d3e44f0cbc76f323812ed560/storyboard_000008.jpg?quality=85&format=webp,https://www.lovethework.com/work/entries/santa-770630
Spikes Asia,2026,Film,film,MARUBENI 「LIVE」,MARUBENI,MARUBENI CORPORATION,Consumer Services/Business to Business,Submitted,https://ascentialcdn.filespin.io/api/v1/storyboard/0cf438318e6c49479745b5db95e33748/storyboard_000008.jpg?quality=85&format=webp,https://www.lovethework.com/work/entries/marubeni-live-769601
Spikes Asia,2026,Film,film,NISSAN ENERGY BRAND VIDEO,NISSAN,OMNICOM PRODUCTION JAPAN,Screens & Events,Submitted,https://ascentialcdn.filespin.io/api/v1/storyboard/17a428fb2a704ec69037e102baa16b09/storyboard_000008.jpg?quality=85&format=webp,https://www.lovethework.com/work/entries/nissan-energy-brand-video-771457
Spikes Asia,2026,Film,film,"HAJIME, KEN AND SETSU THE THEATRICAL FEATURE",HAJIME KENSETSU(CONSTRUCTION),HAJIME KENSETSU,TV/Cinema Film,Submitted,https://ascentialcdn.filespin.io/api/v1/storyboard/a3f41be4478045c199472739c3d5b5c5/storyboard_000008.jpg?quality=85&format=webp,https://www.lovethework.com/work/entries/hajime-ken-and-setsu-the-theatrical-feature-769485
Spikes Asia,2026,Film,film,BLACKOUT VOWS BY GABRIELA,GABRIELA,"THE NATIONAL ALLIANCE OF WOMEN, DENTSU CREATIVE",Not-for-profit / Charity / Government,Submitted,https://ascentialcdn.filespin.io/api/v1/storyboard/75be75e47ec64428b150ceea8266f3ee/storyboard_000008.jpg?quality=85&format=webp,https://www.lovethework.com/work/entries/blackout-vows-by-gabriela-769550
Spikes Asia,2026,Film,film,THE M SSING PIECE,KFC THAILAND,PUBLICIS THAILAND,Use of Humour,Submitted,https://ascentialcdn.filespin.io/api/v1/storyboard/3dfaff76bed543ed84e644a8a3cb4345/storyboard_000008.jpg?quality=85&format=webp,https://www.lovethework.com/work/entries/the-m-ssing-piece-769567
Spikes Asia,2026,Film,film,SHOT ON IPHONE - LAST SCENE,APPLE,TBWA\MEDIA ARTS LAB,Consumer Goods,Submitted,https://ascentialcdn.filespin.io/api/v1/storyboard/cc45c78b800242dfaee99cf5fc958f28/storyboard_000004.jpg?quality=85&format=webp,https://www.lovethework.com/work/entries/shot-on-iphone-last-scene-771444
Spikes Asia,2026,Film,film,OLAY LOOK AT YOU NOW,OLAY,PUBLICIS SINGAPORE,Single-market Campaign,Submitted,https://ascentialcdn.filespin.io/api/v1/storyboard/edfb1de0938041d6b563b6c14998d271/storyboard_000008.jpg?quality=85&format=webp,https://www.lovethework.com/work/entries/olay-look-at-you-now-773010
Spikes Asia,2026,Film,film,PETRONAS MMD 2025 - WITH ALL OUR HEARTS,PETRONAS,ACCENTURE SONG MALAYSIA,Single-market Campaign,Submitted,https://ascentialcdn.filespin.io/api/v1/storyboard/deaf1961847544f2a00bc61ad9ef25e1/storyboard_000008.jpg?quality=85&format=webp,https://www.lovethework.com/work/entries/petronas-mmd-2025-with-all-our-hearts-771252
Spikes Asia,2026,Film,film,COKE ZERO AUDITIONS,COCA-COLA,OGILVY,Breakthrough on a Budget,Submitted,https://ascentialcdn.filespin.io/api/v1/storyboard/dad3e260bc7a4916980041606b6c82d9/storyboard_000008.jpg?quality=85&format=webp,https://www.lovethework.com/work/entries/coke-zero-auditions-770758
Spikes Asia,2026,Film,film,MAXSTREAM HEADLESS HALLOWEEN,MAXSTREAM,HAKUHODO INTERNATIONAL INDONESIA,Media/Entertainment,Submitted,https://ascentialcdn.filespin.io/api/v1/storyboard/f7dac6ec9ad847f499d38cee8f0b48de/storyboard_000008.jpg?quality=85&format=webp,https://www.lovethework.com/work/entries/maxstream-headless-halloween-769491
Spikes Asia,2026,Film,film,GALAXY Z FOLD7 | ONETHING,SAMSUNG,CHEIL WORLDWIDE,Microfilm,Submitted,https://ascentialcdn.filespin.io/api/v1/storyboard/2697f209b5df478894b9f5b5898f1df0/storyboard_000008.jpg?quality=85&format=webp,https://www.lovethework.com/work/entries/galaxy-z-fold7-onething-769468
Spikes Asia,2026,Film,film,WILD TREE,KOLON SPORT,KARMA,Local Brand,Submitted,https://ascentialcdn.filespin.io/api/v1/storyboard/6f8f1ee300324f94933366ec3e9a4348/storyboard_000008.jpg?quality=85&format=webp,https://www.lovethework.com/work/entries/wild-tree-772822
Spikes Asia,2026,Film,film,PUMA. GO WILD. INDIA.,PUMA,100 FEET FILMS,Consumer Goods,Submitted,https://ascentialcdn.filespin.io/api/v1/storyboard/e0c73599aea44570bc305392626e3a3a/storyboard_000008.jpg?quality=85&format=webp,https://www.lovethework.com/work/entries/puma-go-wild-india-771053
Spikes Asia,2026,Film,film,KHIIMORI- SPIRIT OF THE NAADAM,RIO TINTO MONGOLIA,RIO TINTO,Social Behaviour,Submitted,https://ascentialcdn.filespin.io/api/v1/storyboard/d951f02f524b4c56b759bd86abd19cad/storyboard_000008.jpg?quality=85&format=webp,https://www.lovethework.com/work/entries/khiimori-spirit-of-the-naadam-770750
Spikes Asia,2026,Film,film,BAD SIGN,SHIELD INSURANCE,VML,Consumer Services/Business to Business,Submitted,https://ascentialcdn.filespin.io/api/v1/storyboard/e66e45d9306a43f299921c060169d11f/storyboard_000008.jpg?quality=85&format=webp,https://www.lovethework.com/work/entries/bad-sign-769464
Spikes Asia,2026,Film,film,NEW ZEALAND'S ONE BIG AD,TOYOTA,SAATCHI & SAATCHI NEW ZEALAND,Single-market Campaign,Submitted,https://ascentialcdn.filespin.io/api/v1/storyboard/ed98cc9390b24b5b8f590423953b8a2a/storyboard_000008.jpg?quality=85&format=webp,https://www.lovethework.com/work/entries/new-zealands-one-big-ad-771064
Spikes Asia,2026,Film,film,EVERY DISH HAS A STORY,KAIFUN TOGETHER,ROCK YU CREATIVE,"Travel, Leisure, Retail, Restaurants & Fast Food Chains",Submitted,https://ascentialcdn.filespin.io/api/v1/storyboard/db56367a951a4930b761b2a8b8978d70/storyboard_000008.jpg?quality=85&format=webp,https://www.lovethework.com/work/entries/every-dish-has-a-story-772815
Spikes Asia,2026,Film,film,OISHI PATATA FACEPACK,OISHI CRISPY PATATA,TBWA\SMP,Consumer Goods,Submitted,https://ascentialcdn.filespin.io/api/v1/storyboard/cf87f6ea75de4720a5bf8012c2f651c8/storyboard_000008.jpg?quality=85&format=webp,https://www.lovethework.com/work/entries/oishi-patata-facepack-770909
Spikes Asia,2026,Film,film,GO MONGOLIA BRAND FILM,GO MONGOLIA,EDELMAN,Not-for-profit / Charity / Government,Submitted,https://ascentialcdn.filespin.io/api/v1/storyboard/b61f53e6c9a94f1584f20b2ab5973fac/storyboard_000008.jpg?quality=85&format=webp,https://www.lovethework.com/work/entries/go-mongolia-brand-film-769574
Spikes Asia,2026,Film,film,"GET ALMOST ALMOST ANYTHING, MAYBE EVEN A WIN",UBER EATS,SPECIAL,Single-market Campaign,Submitted,https://ascentialcdn.filespin.io/api/v1/storyboard/d12e876662624a9298a5227a329549f5/storyboard_000008.jpg?quality=85&format=webp,https://www.lovethework.com/work/entries/get-almost-almost-anything-maybe-even-a-win-771135
Spikes Asia,2026,Film,film,TO EVERY WOMAN WHO KEEPS LOOKING AHEAD– MOTHER VERSION.,YASUDA WOMEN'S UNIVERSITY,BUZZCROW,Not-for-profit / Charity / Government,Submitted,https://ascentialcdn.filespin.io/api/v1/storyboard/fe1e68ae72d44c19a8a069ed15f03ebc/storyboard_000008.jpg?quality=85&format=webp,https://www.lovethework.com/work/entries/to-every-woman-who-keeps-looking-ahead-mother-version-769562
Spikes Asia,2026,Film,film,PROTECTION CAN'T BE PLASTIC,PERKESO (SOCIAL SECURITY ORGANISATION MALAYSIA),TBWA\KUALA LUMPUR,Not-for-profit / Charity / Government,Submitted,https://ascentialcdn.filespin.io/api/v1/storyboard/201fa497959e4e239009743fcde06ad3/storyboard_000008.jpg?quality=85&format=webp,https://www.lovethework.com/work/entries/protection-cant-be-plastic-772821
Spikes Asia,2026,Film,film,THE QUEST,MIDKEY,GAME CREATIVE,Consumer Services/Business to Business,Submitted,https://ascentialcdn.filespin.io/api/v1/storyboard/5089bc64692a4dbb8e6f8a33123bafda/storyboard_000008.jpg?quality=85&format=webp,https://www.lovethework.com/work/entries/the-quest-769501
Spikes Asia,2026,Film,film,YOU WITH RACQ? - WATER DRAGONS,RACQ,VML,Consumer Services/Business to Business,Submitted,https://ascentialcdn.filespin.io/api/v1/storyboard/680acef9171e49179a490b7ab0386990/storyboard_000008.jpg?quality=85&format=webp,https://www.lovethework.com/work/entries/you-with-racq-water-dragons-769535
Spikes Asia,2026,Film,film,RAT OR FROG?,UBER,SPECIAL,"Travel, Leisure, Retail, Restaurants & Fast Food Chains",Submitted,https://ascentialcdn.filespin.io/api/v1/conversion/d68d0f07a21c4eb2837a3a51347db853?quality=85&format=webp,https://www.lovethework.com/work/entries/rat-or-frog-770570
Spikes Asia,2026,Film,film,THE SCENT THAT GIVES YOU THE SCENE,MITH BANGKOK,WOLF BKK,Viral Film,Submitted,https://ascentialcdn.filespin.io/api/v1/conversion/09bab6bc04a64d17ab5a1dc893fb5eae?quality=85&format=webp,https://www.lovethework.com/work/entries/the-scent-that-gives-you-the-scene-770942
Spikes Asia,2026,Film,film,OLAY LOOK AT YOU NOW,OLAY,PUBLICIS SINGAPORE,Cultural Engagement,Submitted,https://ascentialcdn.filespin.io/api/v1/storyboard/edfb1de0938041d6b563b6c14998d271/storyboard_000008.jpg?quality=85&format=webp,https://www.lovethework.com/work/entries/olay-look-at-you-now-773011
Spikes Asia,2026,Film,film,"CHINESE, PAR APNE STYLE SE",WOKTOK,ENORMOUS BRANDS,Consumer Goods,Submitted,https://ascentialcdn.filespin.io/api/v1/storyboard/ee265a5cbc314acaa65aaccab650d9c3/storyboard_000008.jpg?quality=85&format=webp,https://www.lovethework.com/work/entries/chinese-par-apne-style-se-773097
Spikes Asia,2026,Film,film,KHABAR RAKHIYE (KEEP A CHECK),JAZZCASH,FISHBOWL,Corporate Purpose & Social Responsibility,Submitted,https://ascentialcdn.filespin.io/api/v1/storyboard/145cc636d5694f56b5b485e18e9246c5/storyboard_000008.jpg?quality=85&format=webp,https://www.lovethework.com/work/entries/khabar-rakhiye-keep-a-check-772825
Spikes Asia,2026,Film,film,SAFETYNOVELA,PHILIPPINE AIRLINES,BBDO GUERRERO,"Travel, Leisure, Retail, Restaurants & Fast Food Chains",Submitted,https://ascentialcdn.filespin.io/api/v1/storyboard/5fc11d2a57f24dfcaa3fb8a9082dc456/storyboard_000008.jpg?quality=85&format=webp,https://www.lovethework.com/work/entries/safetynovela-773038
Spikes Asia,2026,Film,film,SAME OLD,KAIFUN TOGETHER,ROCK YU CREATIVE,"Travel, Leisure, Retail, Restaurants & Fast Food Chains",Submitted,https://ascentialcdn.filespin.io/api/v1/storyboard/965facaed7ff4a238514e43f10576cab/storyboard_000008.jpg?quality=85&format=webp,https://www.lovethework.com/work/entries/same-old-769569
Spikes Asia,2026,Film,film,ENTERPRISE - TOGETHER BUILDS BETTER,TELSTRA,+61,Consumer Services/Business to Business,Submitted,https://ascentialcdn.filespin.io/api/v1/storyboard/22f15e50355c4607be86e6ac10b7cd0d/storyboard_000008.jpg?quality=85&format=webp,https://www.lovethework.com/work/entries/enterprise-together-builds-better-770467
Spikes Asia,2026,Film,film,CP : THE BEST BLESSING,CP FOODS,TBWA THAILAND \ JUICE,Consumer Goods,Submitted,https://ascentialcdn.filespin.io/api/v1/storyboard/f82c6b71c8bb4fe9aa8cdbb7601a18dd/storyboard_000008.jpg?quality=85&format=webp,https://www.lovethework.com/work/entries/cp-the-best-blessing-769462
Spikes Asia,2026,Film,film,MAD WORLD,UNITED NATIONS,AICANDY,Not-for-profit / Charity / Government,Submitted,https://ascentialcdn.filespin.io/api/v1/storyboard/9c1c7e0198d64ea59b06464f35177d8c/storyboard_000008.jpg?quality=85&format=webp,https://www.lovethework.com/work/entries/mad-world-769540
Spikes Asia,2026,Film,film,THE MOST EXPECTATIONAL MAN: TURNING EXCEPTIONAL CULTURE INSIGHT INTO EXCEPTIONAL GROWTH,ABC EXTRA STOUT,HEINEKEN MYANMAR,Consumer Goods,Submitted,https://ascentialcdn.filespin.io/api/v1/storyboard/b66280b2390f4c7d878ff1262da5ea85/storyboard_000008.jpg?quality=85&format=webp,https://www.lovethework.com/work/entries/the-most-expectational-man-turning-exceptional-culture-insight-into-exceptional-growth-771192
Spikes Asia,2026,Film,film,GO! GR SUPRA SAFETY CAR!,GAZOO RACING,SIX INC,Consumer Goods,Submitted,https://ascentialcdn.filespin.io/api/v1/storyboard/46acb0db749644ad8d1003938a0c88e0/storyboard_000008.jpg?quality=85&format=webp,https://www.lovethework.com/work/entries/go-gr-supra-safety-car-770481
Spikes Asia,2026,Film,film,ALA GANG,ASTRON APPLIANCES,LERON LERON SINTA,Cultural Engagement,Submitted,https://ascentialcdn.filespin.io/api/v1/conversion/2055c05abee442c094f747504341e3b5?quality=85&format=webp,https://www.lovethework.com/work/entries/ala-gang-771086
Spikes Asia,2026,Film,film,KUNG FRIES,MCDONALD'S PROSPECT HOSPITALITY,LEO TAIWAN,Single-market Campaign,Submitted,https://ascentialcdn.filespin.io/api/v1/conversion/985d939b42cd4c94a6b72063f59fa6c1?quality=85&format=webp,https://www.lovethework.com/work/entries/kung-fries-772579
Spikes Asia,2026,Film,film,BIG SISTER,GRAB,GIGIL,Corporate Purpose & Social Responsibility,Submitted,https://ascentialcdn.filespin.io/api/v1/storyboard/61d82482cf984764a50c19f7b32a158f/storyboard_000008.jpg?quality=85&format=webp,https://www.lovethework.com/work/entries/big-sister-771041
Spikes Asia,2026,Film,film,GENRES FILM,POCKET FM,POCKET FM,Media/Entertainment,Submitted,https://ascentialcdn.filespin.io/api/v1/storyboard/04925961ddf84dc0a23ca1251a83b637/storyboard_000008.jpg?quality=85&format=webp,https://www.lovethework.com/work/entries/genres-film-771449
Spikes Asia,2026,Film,film,THE MORE YOU COLLIDE WITH THE WORLD_ADVENTURE,LEADVUALT,TBWA\KOREA,Consumer Goods,Submitted,https://ascentialcdn.filespin.io/api/v1/storyboard/dd9973bc85034c70a30ea17c135b00ee/storyboard_000008.jpg?quality=85&format=webp,https://www.lovethework.com/work/entries/the-more-you-collide-with-the-worldadventure-769592
Spikes Asia,2026,Film,film,WILD TREE,KOLON SPORT,KARMA,Consumer Goods,Submitted,https://ascentialcdn.filespin.io/api/v1/storyboard/6f8f1ee300324f94933366ec3e9a4348/storyboard_000008.jpg?quality=85&format=webp,https://www.lovethework.com/work/entries/wild-tree-769579
Spikes Asia,2026,Film,film,TOTAL DEVOTION TO WORK,TREND MICRO,C3 FILM,Consumer Services/Business to Business,Submitted,https://ascentialcdn.filespin.io/api/v1/storyboard/8e3cdb7625ec4834aea62cb502613202/storyboard_000008.jpg?quality=85&format=webp,https://www.lovethework.com/work/entries/total-devotion-to-work-769500
Spikes Asia,2026,Film,film,"CAN'T DO THAT IF YOU'RE DRIVING (60"")",UBER,SPECIAL,"Travel, Leisure, Retail, Restaurants & Fast Food Chains",Submitted,https://ascentialcdn.filespin.io/api/v1/conversion/9d3d87cab5a84207afea9b818b3b1853?quality=85&format=webp,https://www.lovethework.com/work/entries/cant-do-that-if-youre-driving-60-772401
Spikes Asia,2026,Film,film,YOU WITH RACQ? - GECKOS,RACQ,VML,Consumer Services/Business to Business,Submitted,https://ascentialcdn.filespin.io/api/v1/storyboard/ba2164b80bd54a2bb3569c922b6a24bf/storyboard_000008.jpg?quality=85&format=webp,https://www.lovethework.com/work/entries/you-with-racq-geckos-772812
Spikes Asia,2026,Film,film,FRAGILE OCEANS,THE AUSTRALIAN MARINE CONSERVATION SOCIETY (AMCS),COLLIDER,Not-for-profit / Charity / Government,Submitted,https://ascentialcdn.filespin.io/api/v1/storyboard/62faa1234cc94ffeb6ca3189c01b2176/storyboard_000008.jpg?quality=85&format=webp,https://www.lovethework.com/work/entries/fragile-oceans-771047
Spikes Asia,2026,Film,film,LIFE IS LONG,OPPO,OPPO,Consumer Goods,Submitted,https://ascentialcdn.filespin.io/api/v1/storyboard/5c64e948ecf24c5faad2e82099e3bacf/storyboard_000008.jpg?quality=85&format=webp,https://www.lovethework.com/work/entries/life-is-long-769598
Spikes Asia,2026,Film,film,WHY DO THEY CALL IT -196?,SUNTORY GLOBAL SPIRITS AUSTRALIA,"DROGA5 ANZ, PART OF ACCENTURE SONG",Consumer Goods,Submitted,https://ascentialcdn.filespin.io/api/v1/storyboard/b7692b0f75ac4761b84c66a1f4e47b5b/storyboard_000008.jpg?quality=85&format=webp,https://www.lovethework.com/work/entries/why-do-they-call-it-196-773032
Spikes Asia,2026,Film,film,CAP&BEAR,OKAYAMA TOYOPET,DAIICHI AGENCY,TV/Cinema Film,Submitted,https://ascentialcdn.filespin.io/api/v1/storyboard/cb0b85efda3c48178fddfdc7e576f9e7/storyboard_000008.jpg?quality=85&format=webp,https://www.lovethework.com/work/entries/capbear-769492
Spikes Asia,2026,Film,film,CHANGES FOR THE BETTER,MITSUBISHI,DENTSU INC.,Consumer Services/Business to Business,Submitted,https://ascentialcdn.filespin.io/api/v1/storyboard/fac273add073482686dd2c0b1f0a0c31/storyboard_000008.jpg?quality=85&format=webp,https://www.lovethework.com/work/entries/changes-for-the-better-769472
Spikes Asia,2026,Film,film,IT'S DETTOL TIME,DETTOL,SOUR BANGKOK,Use of Humour,Submitted,https://ascentialcdn.filespin.io/api/v1/storyboard/526635f0805240a5967b0de0ae9ace56/storyboard_000008.jpg?quality=85&format=webp,https://www.lovethework.com/work/entries/its-dettol-time-769557
Spikes Asia,2026,Film,film,SLIDING MOM,CP-MEIJI,WOLF BKK,Consumer Goods,Submitted,https://ascentialcdn.filespin.io/api/v1/conversion/b094e39cb4134b8cb95beea85a37081f?quality=85&format=webp,https://www.lovethework.com/work/entries/sliding-mom-772813
Spikes Asia,2026,Film,film,DRIVE THE MOMENT. POWERED TO WIN.,HYUNDAI STEEL,HYUNDAI STEEL,Market Disruption,Submitted,https://ascentialcdn.filespin.io/api/v1/storyboard/216761f954e0485dacc548caccbefc41/storyboard_000008.jpg?quality=85&format=webp,https://www.lovethework.com/work/entries/drive-the-moment-powered-to-win-772826
Spikes Asia,2026,Film,film,BACK TO THE BEGINNING,MCDONALD'S HONG KONG,BBDO HONG KONG,Single-market Campaign,Submitted,https://ascentialcdn.filespin.io/api/v1/storyboard/f4d28f80cf75433199dbe15141ffe6b6/storyboard_000008.jpg?quality=85&format=webp,https://www.lovethework.com/work/entries/back-to-the-beginning-770446
Spikes Asia,2026,Film,film,「THE COPYRIGHT CRIME」,GENERATIVE AI PASSPORT,FIX,Consumer Services/Business to Business,Submitted,https://ascentialcdn.filespin.io/api/v1/storyboard/70e7bfe38534498496f4b0a0be134135/storyboard_000008.jpg?quality=85&format=webp,https://www.lovethework.com/work/entries/the-copyright-crime-769516
Spikes Asia,2026,Film,film,SLAP FACIAL,SLEEPYCAT,MOTHERSHIP PRODUCTIONS,Consumer Goods,Submitted,https://ascentialcdn.filespin.io/api/v1/storyboard/ef6e8a84b4984b35bb9e5cfc301afe7a/storyboard_000008.jpg?quality=85&format=webp,https://www.lovethework.com/work/entries/slap-facial-769488
Spikes Asia,2026,Film Craft,film-craft,IT'S BETTER WITH SPARK,SPARK NEW ZEALAND,THE SWEETSHOP,Direction,Grand Prix,https://ascentialcdn.filespin.io/api/v1/storyboard/fc2300361d0842389b52dc28f49b2721/storyboard_000008.jpg?quality=85&format=webp,https://www.lovethework.com/work/entries/its-better-with-spark-770970
Spikes Asia,2026,Film Craft,film-craft,DESI OON,CENTRE FOR PASTORALISM,STUDIO EEKSAURUS,Production Design/Art Direction,Gold,https://ascentialcdn.filespin.io/api/v1/storyboard/32d9a089fc55464886a1ffcf716f476f/storyboard_000008.jpg?quality=85&format=webp,https://www.lovethework.com/work/entries/desi-oon-769980
Spikes Asia,2026,Film Craft,film-craft,WEIGHT OF PAIN,NATIONAL AGENCY FOR SOCIAL PROTECTION,NATIONAL AGENCY FOR SOCIAL PROTECTION UNDER THE PRESIDENT OF THE REPUBLIC OF UZBEKISTAN,Direction,Gold,https://ascentialcdn.filespin.io/api/v1/storyboard/0a1ca6c002c4413eb6414b5752f545bc/storyboard_000008.jpg?quality=85&format=webp,https://www.lovethework.com/work/entries/weight-of-pain-772923
Spikes Asia,2026,Film Craft,film-craft,DESI OON,CENTRE FOR PASTORALISM,STUDIO EEKSAURUS,Animation,Silver,https://ascentialcdn.filespin.io/api/v1/storyboard/32d9a089fc55464886a1ffcf716f476f/storyboard_000008.jpg?quality=85&format=webp,https://www.lovethework.com/work/entries/desi-oon-770003
Spikes Asia,2026,Film Craft,film-craft,TREE TO TREAT,NATURALS ICE CREAM,STUDIO ZUNO,Editing,Silver,https://ascentialcdn.filespin.io/api/v1/storyboard/953f97ed6f6a454e8cfb7a1536a03d90/storyboard_000008.jpg?quality=85&format=webp,https://www.lovethework.com/work/entries/tree-to-treat-770070
Spikes Asia,2026,Film Craft,film-craft,TREE TO TREAT,NATURALS ICE CREAM,STUDIO ZUNO,Cinematography,Silver,https://ascentialcdn.filespin.io/api/v1/storyboard/953f97ed6f6a454e8cfb7a1536a03d90/storyboard_000008.jpg?quality=85&format=webp,https://www.lovethework.com/work/entries/tree-to-treat-769916
Spikes Asia,2026,Film Craft,film-craft,WEIGHT OF PAIN,NATIONAL AGENCY FOR SOCIAL PROTECTION,NATIONAL AGENCY FOR SOCIAL PROTECTION UNDER THE PRESIDENT OF THE REPUBLIC OF UZBEKISTAN,Casting,Silver,https://ascentialcdn.filespin.io/api/v1/storyboard/0a1ca6c002c4413eb6414b5752f545bc/storyboard_000008.jpg?quality=85&format=webp,https://www.lovethework.com/work/entries/weight-of-pain-770035
Spikes Asia,2026,Film Craft,film-craft,POSB GOOD MONEY HABITS,POSB,THE SECRET LITTLE AGENCY,Direction,Silver,https://ascentialcdn.filespin.io/api/v1/storyboard/5e0a39ca5b064e3fa6d0ebfc4ccbe958/storyboard_000008.jpg?quality=85&format=webp,https://www.lovethework.com/work/entries/posb-good-money-habits-773102
Spikes Asia,2026,Film Craft,film-craft,TREE TO TREAT,NATURAL ICE CREAM,SUBHAJIT MUKHERJEE,Use of Original Music,Bronze,https://ascentialcdn.filespin.io/api/v1/storyboard/953f97ed6f6a454e8cfb7a1536a03d90/storyboard_000008.jpg?quality=85&format=webp,https://www.lovethework.com/work/entries/tree-to-treat-770032
Spikes Asia,2026,Film Craft,film-craft,SLAP FACIAL,SLEEPYCAT,MOTHERSHIP PRODUCTIONS,Direction,Bronze,https://ascentialcdn.filespin.io/api/v1/storyboard/ef6e8a84b4984b35bb9e5cfc301afe7a/storyboard_000008.jpg?quality=85&format=webp,https://www.lovethework.com/work/entries/slap-facial-769942
Spikes Asia,2026,Film Craft,film-craft,TREE TO TREAT,NATURALS ICE CREAM,STUDIO ZUNO,Direction,Bronze,https://ascentialcdn.filespin.io/api/v1/storyboard/953f97ed6f6a454e8cfb7a1536a03d90/storyboard_000008.jpg?quality=85&format=webp,https://www.lovethework.com/work/entries/tree-to-treat-772922
Spikes Asia,2026,Film Craft,film-craft,ONE SHOT AT LIFE,FANTL SPORT,LIQUID STUDIOS,Sound Design,Bronze,https://ascentialcdn.filespin.io/api/v1/storyboard/ef41362338144d73941d070381c30cd8/storyboard_000008.jpg?quality=85&format=webp,https://www.lovethework.com/work/entries/one-shot-at-life-772652
Spikes Asia,2026,Film Craft,film-craft,I MADE A MIXTAPE FOR YOU,APPLE,TBWA\MEDIA ARTS LAB,Production Design/Art Direction,Bronze,https://ascentialcdn.filespin.io/api/v1/storyboard/7a4a1845286a41fb82a4d5c15aea9da9/storyboard_000008.jpg?quality=85&format=webp,https://www.lovethework.com/work/entries/i-made-a-mixtape-for-you-772927
Spikes Asia,2026,Film Craft,film-craft,SAVE THE MUSIC,APPLE,TBWA,Cinematography,Bronze,https://ascentialcdn.filespin.io/api/v1/conversion/ca18d375349d42d09e3ab91d59584eb9?quality=85&format=webp,https://www.lovethework.com/work/entries/save-the-music-772931
Spikes Asia,2026,Film Craft,film-craft,BOOZE MATHS,NEW ZEALAND TRANSPORT AGENCY WAKA KOTAHI,THE SWEETSHOP,Direction,Bronze,https://ascentialcdn.filespin.io/api/v1/storyboard/0716e70cfb0b4db4bc84f3e1e17af2d2/storyboard_000008.jpg?quality=85&format=webp,https://www.lovethework.com/work/entries/booze-maths-770963
Spikes Asia,2026,Film Craft,film-craft,SOUNDS HUMAN,JAPAN PHILHARMONIC ORCHESTRA,TBWA\HAKUHODO,Achievement in Production,Shortlist,https://ascentialcdn.filespin.io/api/v1/conversion/ab35bd0a4567496295c0b05ae3ffb5de?quality=85&format=webp,https://www.lovethework.com/work/entries/sounds-human-770547
Spikes Asia,2026,Film Craft,film-craft,RENU VS THE CITY,ST. JUDE INDIA CHILDCARE CENTRES,HUNGRY FILMS,Script,Shortlist,https://ascentialcdn.filespin.io/api/v1/storyboard/035df056e1eb4eca9d8f62deb6baddf8/storyboard_000008.jpg?quality=85&format=webp,https://www.lovethework.com/work/entries/renu-vs-the-city-771244
Spikes Asia,2026,Film Craft,film-craft,WEIGHT OF PAIN,NATIONAL AGENCY FOR SOCIAL PROTECTION,NATIONAL AGENCY FOR SOCIAL PROTECTION UNDER THE PRESIDENT OF THE REPUBLIC OF UZBEKISTAN,Colour Correction/Grading,Shortlist,https://ascentialcdn.filespin.io/api/v1/storyboard/8264e83357944ef3b23d3060b397a6f3/storyboard_000008.jpg?quality=85&format=webp,https://www.lovethework.com/work/entries/weight-of-pain-769935
Spikes Asia,2026,Film Craft,film-craft,WHATSAPP – BAATAN HI BAATAN MEIN (LOVE IN A FEW WORDS),WHATSAPP,FUNDAMENTAL,Casting,Shortlist,https://ascentialcdn.filespin.io/api/v1/storyboard/b6bc2b9806324bf7a0b717b8f7cbb605/storyboard_000008.jpg?quality=85&format=webp,https://www.lovethework.com/work/entries/whatsapp-baatan-hi-baatan-mein-love-in-a-few-words-770026
Spikes Asia,2026,Film Craft,film-craft,CRAFTMAN.SHIPS,SHIPS,HAKUHODO GRAVITY,Animation,Shortlist,https://ascentialcdn.filespin.io/api/v1/conversion/be11541ff3954795b7678e60eea5eba8?quality=85&format=webp,https://www.lovethework.com/work/entries/craftmanships-772938
Spikes Asia,2026,Film Craft,film-craft,HUAWEI CARE+《DON‘T WORRY，BE HAPPY》,HUAWEI,20K MILES,Sound Design,Shortlist,https://ascentialcdn.filespin.io/api/v1/storyboard/a09a764f4d47430a94319145c70d2ed2/storyboard_000008.jpg?quality=85&format=webp,https://www.lovethework.com/work/entries/huawei-caredont-worrybe-happy-769944
Spikes Asia,2026,Film Craft,film-craft,GET YOUR PICKLE ON,PICKLEBET,THE SWEETSHOP,Direction,Shortlist,https://ascentialcdn.filespin.io/api/v1/storyboard/3c9168b26d10446ba03f7401c738918b/storyboard_000008.jpg?quality=85&format=webp,https://www.lovethework.com/work/entries/get-your-pickle-on-770941
Spikes Asia,2026,Film Craft,film-craft,GO! GR SUPRA SAFETY CAR!,GAZOO RACING,SIX INC,Visual Effects,Shortlist,https://ascentialcdn.filespin.io/api/v1/storyboard/46acb0db749644ad8d1003938a0c88e0/storyboard_000008.jpg?quality=85&format=webp,https://www.lovethework.com/work/entries/go-gr-supra-safety-car-770578
Spikes Asia,2026,Film Craft,film-craft,I MADE A MIXTAPE FOR YOU,APPLE,TBWA\MEDIA ARTS LAB,Cinematography,Shortlist,https://ascentialcdn.filespin.io/api/v1/storyboard/7a4a1845286a41fb82a4d5c15aea9da9/storyboard_000008.jpg?quality=85&format=webp,https://www.lovethework.com/work/entries/i-made-a-mixtape-for-you-772930
Spikes Asia,2026,Film Craft,film-craft,FLIPKART 'SA SA LE LE',FLIPKART,BANG BANG MEDIACORP,Use of Original Music,Shortlist,https://ascentialcdn.filespin.io/api/v1/storyboard/31f6e5dbae3f47de8783acd5dafd9e61/storyboard_000008.jpg?quality=85&format=webp,https://www.lovethework.com/work/entries/flipkart-sa-sa-le-le-769989
Spikes Asia,2026,Film Craft,film-craft,BACK TO THE BEGINNING,MCDONALD'S HONG KONG,BBDO HONG KONG,Production Design/Art Direction,Shortlist,https://ascentialcdn.filespin.io/api/v1/storyboard/f4d28f80cf75433199dbe15141ffe6b6/storyboard_000008.jpg?quality=85&format=webp,https://www.lovethework.com/work/entries/back-to-the-beginning-772996
Spikes Asia,2026,Film Craft,film-craft,WEIGHT OF PAIN,NATIONAL AGENCY FOR SOCIAL PROTECTION,NATIONAL AGENCY FOR SOCIAL PROTECTION UNDER THE PRESIDENT OF THE REPUBLIC OF UZBEKISTAN,Sound Design,Shortlist,https://ascentialcdn.filespin.io/api/v1/storyboard/0a1ca6c002c4413eb6414b5752f545bc/storyboard_000008.jpg?quality=85&format=webp,https://www.lovethework.com/work/entries/weight-of-pain-769971
Spikes Asia,2026,Film Craft,film-craft,SLAP FACIAL,SLEEPYCAT,MOTHERSHIP PRODUCTIONS,Script,Shortlist,https://ascentialcdn.filespin.io/api/v1/storyboard/ef6e8a84b4984b35bb9e5cfc301afe7a/storyboard_000008.jpg?quality=85&format=webp,https://www.lovethework.com/work/entries/slap-facial-772926
Spikes Asia,2026,Film Craft,film-craft,THE GIRL AND THE GHOST,TELSTRA,REVOLVER,Direction,Shortlist,https://ascentialcdn.filespin.io/api/v1/storyboard/a6d61e97be9f41519cd57f51b8b9a669/storyboard_000008.jpg?quality=85&format=webp,https://www.lovethework.com/work/entries/the-girl-and-the-ghost-770982
Spikes Asia,2026,Film Craft,film-craft,SAVE THE MUSIC,APPLE,TBWA,Production Design/Art Direction,Shortlist,https://ascentialcdn.filespin.io/api/v1/conversion/ca18d375349d42d09e3ab91d59584eb9?quality=85&format=webp,https://www.lovethework.com/work/entries/save-the-music-769919
Spikes Asia,2026,Film Craft,film-craft,WHATSAPP – BAATAN HI BAATAN MEIN (LOVE IN A FEW WORDS),WHATSAPP,FUNDAMENTAL,Direction,Shortlist,https://ascentialcdn.filespin.io/api/v1/storyboard/b6bc2b9806324bf7a0b717b8f7cbb605/storyboard_000008.jpg?quality=85&format=webp,https://www.lovethework.com/work/entries/whatsapp-baatan-hi-baatan-mein-love-in-a-few-words-770065
Spikes Asia,2026,Film Craft,film-craft,GET YOUR PICKLE ON,PICKLEBET,THE SWEETSHOP,Use of Original Music,Shortlist,https://ascentialcdn.filespin.io/api/v1/storyboard/3c9168b26d10446ba03f7401c738918b/storyboard_000008.jpg?quality=85&format=webp,https://www.lovethework.com/work/entries/get-your-pickle-on-770926
Spikes Asia,2026,Film Craft,film-craft,WE GO THERE,SBS AUSTRALIA,THE SWEETSHOP,Direction,Shortlist,https://ascentialcdn.filespin.io/api/v1/storyboard/62d030b1f0034082aa07dfcc59433abb/storyboard_000008.jpg?quality=85&format=webp,https://www.lovethework.com/work/entries/we-go-there-770950
Spikes Asia,2026,Film Craft,film-craft,THE GIRL AND THE GHOST,TELSTRA,REVOLVER,Animation,Shortlist,https://ascentialcdn.filespin.io/api/v1/storyboard/a6d61e97be9f41519cd57f51b8b9a669/storyboard_000008.jpg?quality=85&format=webp,https://www.lovethework.com/work/entries/the-girl-and-the-ghost-773095
Spikes Asia,2026,Film Craft,film-craft,BACK TO THE BEGINNING,MCDONALD'S HONG KONG,BBDO HONG KONG,Achievement in Production,Shortlist,https://ascentialcdn.filespin.io/api/v1/storyboard/f4d28f80cf75433199dbe15141ffe6b6/storyboard_000008.jpg?quality=85&format=webp,https://www.lovethework.com/work/entries/back-to-the-beginning-770538
Spikes Asia,2026,Film Craft,film-craft,I MADE A MIXTAPE FOR YOU,APPLE,TBWA\MEDIA ARTS LAB,Use of Licensed/Adapted Music,Shortlist,https://ascentialcdn.filespin.io/api/v1/storyboard/7a4a1845286a41fb82a4d5c15aea9da9/storyboard_000008.jpg?quality=85&format=webp,https://www.lovethework.com/work/entries/i-made-a-mixtape-for-you-770045
Spikes Asia,2026,Film Craft,film-craft,DANA #AMANDARIBADMAN,DANA INDONESIA,DANA,Direction,Submitted,https://ascentialcdn.filespin.io/api/v1/storyboard/90a431feb144436d87b2cbeada1772e6/storyboard_000008.jpg?quality=85&format=webp,https://www.lovethework.com/work/entries/dana-amandaribadman-769922
Spikes Asia,2026,Film Craft,film-craft,PUMA. GO WILD. INDIA.,PUMA,100 FEET FILMS,Cinematography,Submitted,https://ascentialcdn.filespin.io/api/v1/storyboard/e0c73599aea44570bc305392626e3a3a/storyboard_000008.jpg?quality=85&format=webp,https://www.lovethework.com/work/entries/puma-go-wild-india-771325
Spikes Asia,2026,Film Craft,film-craft,HAR KOI PEERA LAHORI ZEERA 2.0,LAHORI ZEERA (ARCHIAN FOODS PVT LTD),EARLY MAN FILM,Use of Original Music,Submitted,https://ascentialcdn.filespin.io/api/v1/storyboard/2a607778baae4952994e336ddcc930f5/storyboard_000008.jpg?quality=85&format=webp,https://www.lovethework.com/work/entries/har-koi-peera-lahori-zeera-20-769978
Spikes Asia,2026,Film Craft,film-craft,PUMA. GO WILD. INDIA.,PUMA,100 FEET FILMS,Casting,Submitted,https://ascentialcdn.filespin.io/api/v1/storyboard/e0c73599aea44570bc305392626e3a3a/storyboard_000008.jpg?quality=85&format=webp,https://www.lovethework.com/work/entries/puma-go-wild-india-771313
Spikes Asia,2026,Film Craft,film-craft,STEADFAST - DIRTY MONEY,STEADFAST STATIONARY,DUCKTAPE STUDIOS,Casting,Submitted,https://ascentialcdn.filespin.io/api/v1/storyboard/8f87e5b247004f23bdd215b640436c90/storyboard_000008.jpg?quality=85&format=webp,https://www.lovethework.com/work/entries/steadfast-dirty-money-770050
Spikes Asia,2026,Film Craft,film-craft,GENESIS GV60 - TAKE YOUR WONDER FURTHER,GENESIS,INNOCEAN,Cinematography,Submitted,https://ascentialcdn.filespin.io/api/v1/storyboard/bb77da8f1bd347da82f2218504994ab9/storyboard_000008.jpg?quality=85&format=webp,https://www.lovethework.com/work/entries/genesis-gv60-take-your-wonder-further-772933
Spikes Asia,2026,Film Craft,film-craft,MIRROR MIRROR,TELSTRA,FINCH,Direction,Submitted,https://ascentialcdn.filespin.io/api/v1/storyboard/6754c79836e04d89b431b0731d55c08f/storyboard_000008.jpg?quality=85&format=webp,https://www.lovethework.com/work/entries/mirror-mirror-770019
Spikes Asia,2026,Film Craft,film-craft,HERE YOU COMPOSE LIFE,HYUNDAI E&C,HYUNDAI ENGINEERING & CONSTRUCTION,Direction,Submitted,https://ascentialcdn.filespin.io/api/v1/storyboard/8157d31aa3fe46ddb516393c346eeaa6/storyboard_000008.jpg?quality=85&format=webp,https://www.lovethework.com/work/entries/here-you-compose-life-769966
Spikes Asia,2026,Film Craft,film-craft,ECHOES OF KOREA - GYEONGSANG,IMAGINE YOUR KOREA,HSAD,Use of Original Music,Submitted,https://ascentialcdn.filespin.io/api/v1/storyboard/2e05109a33e34d329310f355f6acfa91/storyboard_000008.jpg?quality=85&format=webp,https://www.lovethework.com/work/entries/echoes-of-korea-gyeongsang-769938
Spikes Asia,2026,Film Craft,film-craft,"GOODOIL CAN DO IT : TOGETHER, LET’S HEAD TO A BETTER TOMORROW",S-OIL,S-OIL,Animation,Submitted,https://ascentialcdn.filespin.io/api/v1/storyboard/ea966d0fc21e4302adb31efb3e53a886/storyboard_000008.jpg?quality=85&format=webp,https://www.lovethework.com/work/entries/goodoil-can-do-it-together-lets-head-to-a-better-tomorrow-769993
Spikes Asia,2026,Film Craft,film-craft,CHANGES FOR THE BETTER,MITSUBISHI,DENTSU INC.,Cinematography,Submitted,https://ascentialcdn.filespin.io/api/v1/storyboard/fac273add073482686dd2c0b1f0a0c31/storyboard_000008.jpg?quality=85&format=webp,https://www.lovethework.com/work/entries/changes-for-the-better-772932
Spikes Asia,2026,Film Craft,film-craft,GENRES FILM,POCKET FM,POCKET FM,Script,Submitted,https://ascentialcdn.filespin.io/api/v1/storyboard/04925961ddf84dc0a23ca1251a83b637/storyboard_000008.jpg?quality=85&format=webp,https://www.lovethework.com/work/entries/genres-film-771129
Spikes Asia,2026,Film Craft,film-craft,"POKÉMON WAKE-UP ""SPRIGATITO""",POKEMON,THE POKEMON COMPANY,Sound Design,Submitted,https://ascentialcdn.filespin.io/api/v1/storyboard/91c8c6af77f24f8388cfe50241f14889/storyboard_000008.jpg?quality=85&format=webp,https://www.lovethework.com/work/entries/pokmon-wake-up-sprigatito-771453
Spikes Asia,2026,Film Craft,film-craft,STEADFAST - DIRTY MONEY,STEADFAST STATIONARY,DUCKTAPE STUDIOS,Direction,Submitted,https://ascentialcdn.filespin.io/api/v1/storyboard/8f87e5b247004f23bdd215b640436c90/storyboard_000008.jpg?quality=85&format=webp,https://www.lovethework.com/work/entries/steadfast-dirty-money-769985
Spikes Asia,2026,Film Craft,film-craft,WHATSAPP – BAATAN HI BAATAN MEIN (LOVE IN A FEW WORDS),WHATSAPP,FUNDAMENTAL,Use of Original Music,Submitted,https://ascentialcdn.filespin.io/api/v1/storyboard/b6bc2b9806324bf7a0b717b8f7cbb605/storyboard_000008.jpg?quality=85&format=webp,https://www.lovethework.com/work/entries/whatsapp-baatan-hi-baatan-mein-love-in-a-few-words-772935
Spikes Asia,2026,Film Craft,film-craft,GO MONGOLIA,GO MONGOLIA,MR+POSITIVE,Achievement in Production,Submitted,https://ascentialcdn.filespin.io/api/v1/storyboard/91fe91705f0a47c6bb6ceed7095b9bc7/storyboard_000008.jpg?quality=85&format=webp,https://www.lovethework.com/work/entries/go-mongolia-772992
Spikes Asia,2026,Film Craft,film-craft,WEIGHT OF PAIN,NATIONAL AGENCY FOR SOCIAL PROTECTION,NATIONAL AGENCY FOR SOCIAL PROTECTION UNDER THE PRESIDENT OF THE REPUBLIC OF UZBEKISTAN,Editing,Submitted,https://ascentialcdn.filespin.io/api/v1/storyboard/0a1ca6c002c4413eb6414b5752f545bc/storyboard_000008.jpg?quality=85&format=webp,https://www.lovethework.com/work/entries/weight-of-pain-769923
Spikes Asia,2026,Film Craft,film-craft,HEIST,FLIPKART,ZIGZAG FILMS,Direction,Submitted,https://ascentialcdn.filespin.io/api/v1/conversion/f2655864e4634ff5955b5c506f6b3c9a?quality=85&format=webp,https://www.lovethework.com/work/entries/heist-771124
Spikes Asia,2026,Film Craft,film-craft,MAGNETIC BOY,TELSTRA,FINCH,Direction,Submitted,https://ascentialcdn.filespin.io/api/v1/storyboard/cc818316c7924fac9741c2afe0d9aaa4/storyboard_000008.jpg?quality=85&format=webp,https://www.lovethework.com/work/entries/magnetic-boy-770004
Spikes Asia,2026,Film Craft,film-craft,"POKÉMON WAKE-UP ""EEVEE""",POKEMON,THE POKEMON COMPANY,Sound Design,Submitted,https://ascentialcdn.filespin.io/api/v1/storyboard/608c347aa87a4590ab6955a1ac36b937/storyboard_000004.jpg?quality=85&format=webp,https://www.lovethework.com/work/entries/pokmon-wake-up-eevee-771461
Spikes Asia,2026,Film Craft,film-craft,ECHOES OF KOREA - JEOLLA,IMAGINE YOUR KOREA,HSAD,Production Design/Art Direction,Submitted,https://ascentialcdn.filespin.io/api/v1/storyboard/632eb67d0efa40c49ec0751773096315/storyboard_000008.jpg?quality=85&format=webp,https://www.lovethework.com/work/entries/echoes-of-korea-jeolla-769927
Spikes Asia,2026,Film Craft,film-craft,THE PIED PIPER,TOYOTA,FINCH,Direction,Submitted,https://ascentialcdn.filespin.io/api/v1/storyboard/a76a4d5875974b00a806c0dfb9743a36/storyboard_000008.jpg?quality=85&format=webp,https://www.lovethework.com/work/entries/the-pied-piper-769968
Spikes Asia,2026,Film Craft,film-craft,UMI NORI COLLECTION VII,UMI NORI,RUMBLE STUDIOS,Sound Design,Submitted,https://ascentialcdn.filespin.io/api/v1/storyboard/361845c4ae8c4377a4626f78b3b58aa6/storyboard_000008.jpg?quality=85&format=webp,https://www.lovethework.com/work/entries/umi-nori-collection-vii-769967
Spikes Asia,2026,Film Craft,film-craft,LIFE IS LONG,OPPO,OPPO,Animation,Submitted,https://ascentialcdn.filespin.io/api/v1/storyboard/5c64e948ecf24c5faad2e82099e3bacf/storyboard_000008.jpg?quality=85&format=webp,https://www.lovethework.com/work/entries/life-is-long-772937
Spikes Asia,2026,Film Craft,film-craft,WILD ROAD,GAZOO RACING,SIX INC,Cinematography,Submitted,https://ascentialcdn.filespin.io/api/v1/storyboard/269953d2f6b74a2ab4e414760988ba0f/storyboard_000008.jpg?quality=85&format=webp,https://www.lovethework.com/work/entries/wild-road-770649
Spikes Asia,2026,Film Craft,film-craft,FRIES BEAT 2025,MCDONALD'S,DENTSU INC.,Sound Design,Submitted,https://ascentialcdn.filespin.io/api/v1/conversion/5076e03e1fe54810b17f85640fd0feba?quality=85&format=webp,https://www.lovethework.com/work/entries/fries-beat-2025-769952
Spikes Asia,2026,Film Craft,film-craft,POKÉMON WAKE-UP SERIES,POKEMON,THE POKEMON COMPANY,Animation,Submitted,https://ascentialcdn.filespin.io/api/v1/storyboard/91c8c6af77f24f8388cfe50241f14889/storyboard_000008.jpg?quality=85&format=webp,https://www.lovethework.com/work/entries/pokmon-wake-up-series-771798
Spikes Asia,2026,Film Craft,film-craft,RUGBY WORLD CUP 2027,RUGBY WORLD CUP,RUMBLE STUDIOS,Use of Original Music,Submitted,https://ascentialcdn.filespin.io/api/v1/storyboard/8775160a0db24337936fcbcaa45abf30/storyboard_000008.jpg?quality=85&format=webp,https://www.lovethework.com/work/entries/rugby-world-cup-2027-769963
Spikes Asia,2026,Film Craft,film-craft,FOUR LEGGED FRIEND,TELSTRA,FINCH,Direction,Submitted,https://ascentialcdn.filespin.io/api/v1/storyboard/26bc7288bf55441a9d33c824740476cd/storyboard_000008.jpg?quality=85&format=webp,https://www.lovethework.com/work/entries/four-legged-friend-769996
Spikes Asia,2026,Film Craft,film-craft,POKÉMON WAKE-UP SERIES,POKEMON,THE POKEMON COMPANY,Direction,Submitted,https://ascentialcdn.filespin.io/api/v1/storyboard/91c8c6af77f24f8388cfe50241f14889/storyboard_000008.jpg?quality=85&format=webp,https://www.lovethework.com/work/entries/pokmon-wake-up-series-771793
Spikes Asia,2026,Film Craft,film-craft,ECHOES OF KOREA - JEOLLA,IMAGINE YOUR KOREA,HSAD,Use of Original Music,Submitted,https://ascentialcdn.filespin.io/api/v1/storyboard/632eb67d0efa40c49ec0751773096315/storyboard_000008.jpg?quality=85&format=webp,https://www.lovethework.com/work/entries/echoes-of-korea-jeolla-769948
Spikes Asia,2026,Film Craft,film-craft,THE GIRL AND THE GHOST,TELSTRA,REVOLVER,Production Design/Art Direction,Submitted,https://ascentialcdn.filespin.io/api/v1/storyboard/a6d61e97be9f41519cd57f51b8b9a669/storyboard_000008.jpg?quality=85&format=webp,https://www.lovethework.com/work/entries/the-girl-and-the-ghost-770992
Spikes Asia,2026,Film Craft,film-craft,SOUNDS HUMAN,JAPAN PHILHARMONIC ORCHESTRA,TBWA\HAKUHODO,Production Design/Art Direction,Submitted,https://ascentialcdn.filespin.io/api/v1/conversion/ab35bd0a4567496295c0b05ae3ffb5de?quality=85&format=webp,https://www.lovethework.com/work/entries/sounds-human-770014
Spikes Asia,2026,Film Craft,film-craft,CARE YOU CAN COUNT ON,ALLIANZ,FINCH,Direction,Submitted,https://ascentialcdn.filespin.io/api/v1/storyboard/5b77e15747714c7ab9192c6e64c2eff1/storyboard_000008.jpg?quality=85&format=webp,https://www.lovethework.com/work/entries/care-you-can-count-on-770011
Spikes Asia,2026,Film Craft,film-craft,HAR KOI PEERA LAHORI ZEERA 2.0,LAHORI ZEERA (ARCHIAN FOODS PVT LTD),EARLY MAN FILM,Direction,Submitted,https://ascentialcdn.filespin.io/api/v1/storyboard/2a607778baae4952994e336ddcc930f5/storyboard_000008.jpg?quality=85&format=webp,https://www.lovethework.com/work/entries/har-koi-peera-lahori-zeera-20-769937
Spikes Asia,2026,Film Craft,film-craft,KEWPIE IT.,KEWPIE,McCANN,Visual Effects,Submitted,https://ascentialcdn.filespin.io/api/v1/storyboard/6ec9132ac0f347ee96ff8a88769952bf/storyboard_000008.jpg?quality=85&format=webp,https://www.lovethework.com/work/entries/kewpie-it-773004
Spikes Asia,2026,Film Craft,film-craft,LIAR,CLUB21,BBDO BANGKOK,Production Design/Art Direction,Submitted,https://ascentialcdn.filespin.io/api/v1/storyboard/92e8766d89f24b63b4290dfff04bbdfa/storyboard_000008.jpg?quality=85&format=webp,https://www.lovethework.com/work/entries/liar-772929
Spikes Asia,2026,Film Craft,film-craft,FLOWER POWER,STAR CEMENT,HOGARTH WORLDWIDE,Editing,Submitted,https://ascentialcdn.filespin.io/api/v1/storyboard/d14c5df7e4cc4fd2b300ee63f272767f/storyboard_000008.jpg?quality=85&format=webp,https://www.lovethework.com/work/entries/flower-power-771311
Spikes Asia,2026,Film Craft,film-craft,LESSONS,APPLE,TBWA\INDIA,Editing,Submitted,https://ascentialcdn.filespin.io/api/v1/conversion/9782530cb45e4f3996c0a8efd4170018?quality=85&format=webp,https://www.lovethework.com/work/entries/lessons-770055
Spikes Asia,2026,Film Craft,film-craft,MAD WORLD,UNITED NATIONS,AICANDY,Use of Licensed/Adapted Music,Submitted,https://ascentialcdn.filespin.io/api/v1/storyboard/9c1c7e0198d64ea59b06464f35177d8c/storyboard_000008.jpg?quality=85&format=webp,https://www.lovethework.com/work/entries/mad-world-770038
Spikes Asia,2026,Film Craft,film-craft,GO! GR SUPRA SAFETY CAR!,GAZOO RACING,SIX INC,Direction,Submitted,https://ascentialcdn.filespin.io/api/v1/storyboard/46acb0db749644ad8d1003938a0c88e0/storyboard_000008.jpg?quality=85&format=webp,https://www.lovethework.com/work/entries/go-gr-supra-safety-car-770615
Spikes Asia,2026,Film Craft,film-craft,LET GO,SAMSUNG,FINCH,Cinematography,Submitted,https://ascentialcdn.filespin.io/api/v1/storyboard/e1d60eb666c64e50ad355e841366c925/storyboard_000008.jpg?quality=85&format=webp,https://www.lovethework.com/work/entries/let-go-770030
Spikes Asia,2026,Film Craft,film-craft,WILD ROAD,GAZOO RACING,SIX INC,Achievement in Production,Submitted,https://ascentialcdn.filespin.io/api/v1/storyboard/269953d2f6b74a2ab4e414760988ba0f/storyboard_000008.jpg?quality=85&format=webp,https://www.lovethework.com/work/entries/wild-road-770661
Spikes Asia,2026,Film Craft,film-craft,EXTREME JAPANESE SPIRIT: PLATFORM,SUNTORY MINUS 196,FINCH,Direction,Submitted,https://ascentialcdn.filespin.io/api/v1/conversion/722f4617adf6471c8ce2633046244868?quality=85&format=webp,https://www.lovethework.com/work/entries/extreme-japanese-spirit-platform-769988
Spikes Asia,2026,Film Craft,film-craft,OLAY LOOK AT YOU NOW,OLAY,PUBLICIS SINGAPORE,Script,Submitted,https://ascentialcdn.filespin.io/api/v1/storyboard/edfb1de0938041d6b563b6c14998d271/storyboard_000008.jpg?quality=85&format=webp,https://www.lovethework.com/work/entries/olay-look-at-you-now-770635
Spikes Asia,2026,Film Craft,film-craft,TWO,ARTIFICIAL LABS,BLUEBOT DIGITAL,Script,Submitted,https://ascentialcdn.filespin.io/api/v1/storyboard/c6675dafd3214263875e51a3570838e9/storyboard_000008.jpg?quality=85&format=webp,https://www.lovethework.com/work/entries/two-770006
Spikes Asia,2026,Film Craft,film-craft,ENTERPRISE - TOGETHER BUILDS BETTER,TELSTRA,+61,Production Design/Art Direction,Submitted,https://ascentialcdn.filespin.io/api/v1/storyboard/22f15e50355c4607be86e6ac10b7cd0d/storyboard_000008.jpg?quality=85&format=webp,https://www.lovethework.com/work/entries/enterprise-together-builds-better-770470
Spikes Asia,2026,Film Craft,film-craft,MOTTAINAI BANANA STORY,DOLE JAPAN,KOO-KI,Direction,Submitted,https://ascentialcdn.filespin.io/api/v1/storyboard/ae688c54ebe54d6880b85a1e0f163058/storyboard_000008.jpg?quality=85&format=webp,https://www.lovethework.com/work/entries/mottainai-banana-story-772920
Spikes Asia,2026,Film Craft,film-craft,REBORN,CUTE PRESS,WOLF BKK,Cinematography,Submitted,https://ascentialcdn.filespin.io/api/v1/storyboard/5defed658cbd4d35944c5f4cef37c0e7/storyboard_000008.jpg?quality=85&format=webp,https://www.lovethework.com/work/entries/reborn-772934
Spikes Asia,2026,Film Craft,film-craft,HERE'S TO REASON,SYDNEY MORNING HERALD / THE AGE,FINCH,Cinematography,Submitted,https://ascentialcdn.filespin.io/api/v1/storyboard/b30e17ba328a4e2e94a84f8ccbabcc17/storyboard_000008.jpg?quality=85&format=webp,https://www.lovethework.com/work/entries/heres-to-reason-770041
Spikes Asia,2026,Film Craft,film-craft,CARATLANE - MAYER AASHIRBAD - SEVEN SONGS OF LOVE,CARATLANE,BBH INDIA,Use of Licensed/Adapted Music,Submitted,https://ascentialcdn.filespin.io/api/v1/storyboard/6ae11a5d9d26428e998c116a164cbf51/storyboard_000008.jpg?quality=85&format=webp,https://www.lovethework.com/work/entries/caratlane-mayer-aashirbad-seven-songs-of-love-771827
Spikes Asia,2026,Film Craft,film-craft,KEWPIE IT.,KEWPIE,McCANN,Achievement in Production,Submitted,https://ascentialcdn.filespin.io/api/v1/storyboard/6ec9132ac0f347ee96ff8a88769952bf/storyboard_000008.jpg?quality=85&format=webp,https://www.lovethework.com/work/entries/kewpie-it-770536
Spikes Asia,2026,Film Craft,film-craft,PUMA. GO WILD. INDIA.,PUMA,100 FEET FILMS,Use of Licensed/Adapted Music,Submitted,https://ascentialcdn.filespin.io/api/v1/storyboard/e0c73599aea44570bc305392626e3a3a/storyboard_000008.jpg?quality=85&format=webp,https://www.lovethework.com/work/entries/puma-go-wild-india-771301
Spikes Asia,2026,Film Craft,film-craft,"MAERSK ""THE HERO""",MAERSK AIR CARGO,MAERSK LOGISTICS ASIA,Use of Licensed/Adapted Music,Submitted,https://ascentialcdn.filespin.io/api/v1/conversion/29d928a9051f4cb3acb4d73dd46987ea?quality=85&format=webp,https://www.lovethework.com/work/entries/maersk-the-hero-770522
Spikes Asia,2026,Film Craft,film-craft,GO! GR SUPRA SAFETY CAR!,GAZOO RACING,SIX INC,Production Design/Art Direction,Submitted,https://ascentialcdn.filespin.io/api/v1/storyboard/46acb0db749644ad8d1003938a0c88e0/storyboard_000008.jpg?quality=85&format=webp,https://www.lovethework.com/work/entries/go-gr-supra-safety-car-770643
Spikes Asia,2026,Film Craft,film-craft,BECOMING THAI,BLACKSHEEP,POJAI PRODUCTION,Script,Submitted,https://ascentialcdn.filespin.io/api/v1/storyboard/6d036c94ac9c4667a719b8ebeb26146a/storyboard_000008.jpg?quality=85&format=webp,https://www.lovethework.com/work/entries/becoming-thai-770016
Spikes Asia,2026,Film Craft,film-craft,WILD ROAD,GAZOO RACING,SIX INC,Direction,Submitted,https://ascentialcdn.filespin.io/api/v1/storyboard/269953d2f6b74a2ab4e414760988ba0f/storyboard_000008.jpg?quality=85&format=webp,https://www.lovethework.com/work/entries/wild-road-770626
Spikes Asia,2026,Film Craft,film-craft,BANGGA NYALAKAN BANGSA,GUDANG GARAM,GUDANG GARAM,Direction,Submitted,https://ascentialcdn.filespin.io/api/v1/storyboard/06ac3ad231464777b096d4b806577ff0/storyboard_000008.jpg?quality=85&format=webp,https://www.lovethework.com/work/entries/bangga-nyalakan-bangsa-770071
Spikes Asia,2026,Film Craft,film-craft,PETRONAS MMD 2025 - WITH ALL OUR HEARTS,PETRONAS,ACCENTURE SONG MALAYSIA,Direction,Submitted,https://ascentialcdn.filespin.io/api/v1/storyboard/deaf1961847544f2a00bc61ad9ef25e1/storyboard_000008.jpg?quality=85&format=webp,https://www.lovethework.com/work/entries/petronas-mmd-2025-with-all-our-hearts-771197
Spikes Asia,2026,Film Craft,film-craft,THE MORE YOU COLLIDE WITH THE WORLD_CITY,LEADVUALT,TBWA\KOREA,Direction,Submitted,https://ascentialcdn.filespin.io/api/v1/storyboard/6b2b4e30e40c4f38b7aa506e2c1a0bf4/storyboard_000008.jpg?quality=85&format=webp,https://www.lovethework.com/work/entries/the-more-you-collide-with-the-worldcity-770039
Spikes Asia,2026,Film Craft,film-craft,THE FUTURE OF FINANCE,AIRWALLEX,AIRWALLEX,Production Design/Art Direction,Submitted,https://ascentialcdn.filespin.io/api/v1/storyboard/e209a83b1157494bb5132cf4acbd63e9/storyboard_000008.jpg?quality=85&format=webp,https://www.lovethework.com/work/entries/the-future-of-finance-771253
Spikes Asia,2026,Film Craft,film-craft,THE GIRL AND THE GHOST,TELSTRA,REVOLVER,Use of Licensed/Adapted Music,Submitted,https://ascentialcdn.filespin.io/api/v1/storyboard/a6d61e97be9f41519cd57f51b8b9a669/storyboard_000008.jpg?quality=85&format=webp,https://www.lovethework.com/work/entries/the-girl-and-the-ghost-770932
Spikes Asia,2026,Film Craft,film-craft,LIGHTS ON SHADOW.,KATE,KANEBO,Animation,Submitted,https://ascentialcdn.filespin.io/api/v1/storyboard/a9c5fd44faf24105996a2ac37251c2f0/storyboard_000008.jpg?quality=85&format=webp,https://www.lovethework.com/work/entries/lights-on-shadow-770031
Spikes Asia,2026,Film Craft,film-craft,SLAP FACIAL,SLEEPYCAT,MOTHERSHIP PRODUCTIONS,Editing,Submitted,https://ascentialcdn.filespin.io/api/v1/storyboard/ef6e8a84b4984b35bb9e5cfc301afe7a/storyboard_000008.jpg?quality=85&format=webp,https://www.lovethework.com/work/entries/slap-facial-769926
Spikes Asia,2026,Film Craft,film-craft,K INTELLIGENCE AI CINEMA (RUN TO THE WEST),KT - KOREA TELECOM,CHEIL WORLDWIDE,Achievement in Production,Submitted,https://ascentialcdn.filespin.io/api/v1/storyboard/083c92c218254bb489db29c12a2f652e/storyboard_000008.jpg?quality=85&format=webp,https://www.lovethework.com/work/entries/k-intelligence-ai-cinema-run-to-the-west-770049
Spikes Asia,2026,Film Craft,film-craft,NISSAN ENERGY BRAND VIDEO,NISSAN,OMNICOM PRODUCTION JAPAN,Achievement in Production,Submitted,https://ascentialcdn.filespin.io/api/v1/storyboard/17a428fb2a704ec69037e102baa16b09/storyboard_000008.jpg?quality=85&format=webp,https://www.lovethework.com/work/entries/nissan-energy-brand-video-771445
Spikes Asia,2026,Film Craft,film-craft,CHANGES FOR THE BETTER,MITSUBISHI,DENTSU INC.,Colour Correction/Grading,Submitted,https://ascentialcdn.filespin.io/api/v1/storyboard/fac273add073482686dd2c0b1f0a0c31/storyboard_000008.jpg?quality=85&format=webp,https://www.lovethework.com/work/entries/changes-for-the-better-769930
Spikes Asia,2026,Film Craft,film-craft,SHIELD OF STRENGTH,HUAWEI,STINK FILMS,Achievement in Production,Submitted,https://ascentialcdn.filespin.io/api/v1/storyboard/14866689d62247aabe2286fb85636028/storyboard_000008.jpg?quality=85&format=webp,https://www.lovethework.com/work/entries/shield-of-strength-773116
Spikes Asia,2026,Film Craft,film-craft,GO ALL OUT,WORLD RUGBY,PHOTOPLAY PHOTOGRAPHY,Visual Effects,Submitted,https://ascentialcdn.filespin.io/api/v1/storyboard/4262be5dfef24e28837805fdb2761b35/storyboard_000008.jpg?quality=85&format=webp,https://www.lovethework.com/work/entries/go-all-out-771190
Spikes Asia,2026,Film Craft,film-craft,ELY CHRISTMAS,CHILDHOPE PHILIPPINES FOUNDATION,BBDO GUERRERO,Animation,Submitted,https://ascentialcdn.filespin.io/api/v1/storyboard/ecd26d2011464bc48db9d9538ffe8a87/storyboard_000008.jpg?quality=85&format=webp,https://www.lovethework.com/work/entries/ely-christmas-772317
Spikes Asia,2026,Film Craft,film-craft,THE MĀORI ROLL CALL,WHĀNAU ORA,SUPERNORMAL,Direction,Submitted,https://ascentialcdn.filespin.io/api/v1/conversion/26cc28cc6d17459f8b9daedcb825866a?quality=85&format=webp,https://www.lovethework.com/work/entries/the-mori-roll-call-769992
Spikes Asia,2026,Film Craft,film-craft,GET YOUR PICKLE ON,PICKLEBET,THE SWEETSHOP,Casting,Submitted,https://ascentialcdn.filespin.io/api/v1/storyboard/3c9168b26d10446ba03f7401c738918b/storyboard_000008.jpg?quality=85&format=webp,https://www.lovethework.com/work/entries/get-your-pickle-on-770989
Spikes Asia,2026,Film Craft,film-craft,NO MANNER,CLUB21,BBDO BANGKOK,Direction,Submitted,https://ascentialcdn.filespin.io/api/v1/storyboard/3b875e70a50e48c0adadae2eebf57c56/storyboard_000008.jpg?quality=85&format=webp,https://www.lovethework.com/work/entries/no-manner-770059
Spikes Asia,2026,Film Craft,film-craft,AM/NS INDIA - RUSTIANS VS. OPTIGAL®,AM/NS INDIA,ARCELORMITTAL NIPPON STEEL INDIA,Animation,Submitted,https://ascentialcdn.filespin.io/api/v1/storyboard/5a053991b0854cf584b13d8954d8763d/storyboard_000008.jpg?quality=85&format=webp,https://www.lovethework.com/work/entries/amns-india-rustians-vs-optigal-771274
Spikes Asia,2026,Film Craft,film-craft,THIS BODY SAYS,JUST EAT,FINCH,Production Design/Art Direction,Submitted,https://ascentialcdn.filespin.io/api/v1/storyboard/21957cf8dcba4212804513acaf72f29a/storyboard_000008.jpg?quality=85&format=webp,https://www.lovethework.com/work/entries/this-body-says-769947
Spikes Asia,2026,Film Craft,film-craft,PROJECT: MEMORY CARD,PLAYSTATION,SIX INC,Visual Effects,Submitted,https://ascentialcdn.filespin.io/api/v1/storyboard/7f0313210dc446418d5af5cdcaffe232/storyboard_000008.jpg?quality=85&format=webp,https://www.lovethework.com/work/entries/project-memory-card-770057
Spikes Asia,2026,Film Craft,film-craft,KURKUREGARH VS SCHEZWANPUR,FRITO LAY,ZIGZAG FILMS,Production Design/Art Direction,Submitted,https://ascentialcdn.filespin.io/api/v1/conversion/7439c883c72f4097b93b94f8a9dec5bc?quality=85&format=webp,https://www.lovethework.com/work/entries/kurkuregarh-vs-schezwanpur-771150
Spikes Asia,2026,Film Craft,film-craft,PUMA. GO WILD. INDIA.,PUMA,100 FEET FILMS,Direction,Submitted,https://ascentialcdn.filespin.io/api/v1/storyboard/e0c73599aea44570bc305392626e3a3a/storyboard_000008.jpg?quality=85&format=webp,https://www.lovethework.com/work/entries/puma-go-wild-india-773119
Spikes Asia,2026,Film Craft,film-craft,THE QUEST,MIDKEY,GAME CREATIVE,Script,Submitted,https://ascentialcdn.filespin.io/api/v1/storyboard/5089bc64692a4dbb8e6f8a33123bafda/storyboard_000008.jpg?quality=85&format=webp,https://www.lovethework.com/work/entries/the-quest-772924
Spikes Asia,2026,Film Craft,film-craft,HAR GHAR MEIN STAR - LOVELINA BORGOHAIN,STAR CEMENT,SUBHAJIT MUKHERJEE,Use of Original Music,Submitted,https://ascentialcdn.filespin.io/api/v1/storyboard/5cfb9823481a4418b23a253f516e51ab/storyboard_000008.jpg?quality=85&format=webp,https://www.lovethework.com/work/entries/har-ghar-mein-star-lovelina-borgohain-770017
Spikes Asia,2026,Film Craft,film-craft,MAD LOVER,CLUB21,BBDO BANGKOK,Direction,Submitted,https://ascentialcdn.filespin.io/api/v1/storyboard/fea0932f49f54a4791dfe044c24297d5/storyboard_000008.jpg?quality=85&format=webp,https://www.lovethework.com/work/entries/mad-lover-770052
Spikes Asia,2026,Film Craft,film-craft,PETRONAS CNY 2025 - STAY,PETRONAS,ACCENTURE SONG MALAYSIA,Cinematography,Submitted,https://ascentialcdn.filespin.io/api/v1/storyboard/059e7576088b425eb3e655483ae67f1b/storyboard_000008.jpg?quality=85&format=webp,https://www.lovethework.com/work/entries/petronas-cny-2025-stay-771263
Spikes Asia,2026,Film Craft,film-craft,GO MONGOLIA,GO MONGOLIA,MR+POSITIVE,Direction,Submitted,https://ascentialcdn.filespin.io/api/v1/storyboard/91fe91705f0a47c6bb6ceed7095b9bc7/storyboard_000008.jpg?quality=85&format=webp,https://www.lovethework.com/work/entries/go-mongolia-769973
Spikes Asia,2026,Film Craft,film-craft,CHUPA CHUPS - CARROM,CHUPA CHUPS,JAMIC FILMS,Direction,Submitted,https://ascentialcdn.filespin.io/api/v1/storyboard/3e9f0403b17045e097a3c7c26215cd62/storyboard_000008.jpg?quality=85&format=webp,https://www.lovethework.com/work/entries/chupa-chups-carrom-769962
Spikes Asia,2026,Film Craft,film-craft,SHIELD OF STRENGTH,HUAWEI,STINK FILMS,Direction,Submitted,https://ascentialcdn.filespin.io/api/v1/storyboard/14866689d62247aabe2286fb85636028/storyboard_000008.jpg?quality=85&format=webp,https://www.lovethework.com/work/entries/shield-of-strength-771213
Spikes Asia,2026,Film Craft,film-craft,MOTTAINAI BANANA STORY,DOLE JAPAN,KOO-KI,Animation,Submitted,https://ascentialcdn.filespin.io/api/v1/storyboard/ae688c54ebe54d6880b85a1e0f163058/storyboard_000008.jpg?quality=85&format=webp,https://www.lovethework.com/work/entries/mottainai-banana-story-769979
Spikes Asia,2026,Film Craft,film-craft,THE APPOINTMENT,TOYOTA,HAKUHODO FIRST,Script,Submitted,https://ascentialcdn.filespin.io/api/v1/conversion/2fd71e5b50f94a7f91cc9d06f5622f79?quality=85&format=webp,https://www.lovethework.com/work/entries/the-appointment-772925
Spikes Asia,2026,Film Craft,film-craft,PŌKAREKARE ANA: A LOVE LETTER TO NEW ZEALAND,AIR NEW ZEALAND,THE SWEETSHOP,Cinematography,Submitted,https://ascentialcdn.filespin.io/api/v1/conversion/94b517cf9a56423993441eabba25b763?quality=85&format=webp,https://www.lovethework.com/work/entries/pkarekare-ana-a-love-letter-to-new-zealand-770918
Spikes Asia,2026,Film Craft,film-craft,PETRONAS MMD 2025 - WITH ALL OUR HEARTS,PETRONAS,ACCENTURE SONG MALAYSIA,Script,Submitted,https://ascentialcdn.filespin.io/api/v1/storyboard/deaf1961847544f2a00bc61ad9ef25e1/storyboard_000008.jpg?quality=85&format=webp,https://www.lovethework.com/work/entries/petronas-mmd-2025-with-all-our-hearts-771233
Spikes Asia,2026,Film Craft,film-craft,GO! GR SUPRA SAFETY CAR!,GAZOO RACING,SIX INC,Animation,Submitted,https://ascentialcdn.filespin.io/api/v1/storyboard/46acb0db749644ad8d1003938a0c88e0/storyboard_000008.jpg?quality=85&format=webp,https://www.lovethework.com/work/entries/go-gr-supra-safety-car-770566
Spikes Asia,2026,Film Craft,film-craft,PETRONAS CNY 2025 - STAY,PETRONAS,ACCENTURE SONG MALAYSIA,Direction,Submitted,https://ascentialcdn.filespin.io/api/v1/storyboard/059e7576088b425eb3e655483ae67f1b/storyboard_000008.jpg?quality=85&format=webp,https://www.lovethework.com/work/entries/petronas-cny-2025-stay-771185
Spikes Asia,2026,Film Craft,film-craft,FLIPKART 'SA SA LE LE',FLIPKART,BANG BANG MEDIACORP,Casting,Submitted,https://ascentialcdn.filespin.io/api/v1/storyboard/31f6e5dbae3f47de8783acd5dafd9e61/storyboard_000008.jpg?quality=85&format=webp,https://www.lovethework.com/work/entries/flipkart-sa-sa-le-le-770044
Spikes Asia,2026,Film Craft,film-craft,HERE YOU COMPOSE LIFE,HYUNDAI E&C,HYUNDAI ENGINEERING & CONSTRUCTION,Use of Licensed/Adapted Music,Submitted,https://ascentialcdn.filespin.io/api/v1/storyboard/8157d31aa3fe46ddb516393c346eeaa6/storyboard_000008.jpg?quality=85&format=webp,https://www.lovethework.com/work/entries/here-you-compose-life-770516
Spikes Asia,2026,Film Craft,film-craft,LIAR,CLUB21,BBDO BANGKOK,Direction,Submitted,https://ascentialcdn.filespin.io/api/v1/storyboard/92e8766d89f24b63b4290dfff04bbdfa/storyboard_000008.jpg?quality=85&format=webp,https://www.lovethework.com/work/entries/liar-772921
Spikes Asia,2026,Film Craft,film-craft,COKE ZERO AUDITIONS,COCA-COLA,OGILVY,Casting,Submitted,https://ascentialcdn.filespin.io/api/v1/storyboard/dad3e260bc7a4916980041606b6c82d9/storyboard_000008.jpg?quality=85&format=webp,https://www.lovethework.com/work/entries/coke-zero-auditions-770747
Spikes Asia,2026,Film Craft,film-craft,LAND OF REALIZED DREAMS,NATIONAL DEVELOPMENT FUND (NDF),CAMEO FX,Visual Effects,Submitted,https://ascentialcdn.filespin.io/api/v1/storyboard/4c1aa20d8b1142d280f2196da60d7cfe/storyboard_000008.jpg?quality=85&format=webp,https://www.lovethework.com/work/entries/land-of-realized-dreams-770048
Spikes Asia,2026,Film Craft,film-craft,A VIBRANT AND SUSTAINABLE SOCIETY,MITSUBISHI,DENTSU INC.,Visual Effects,Submitted,https://ascentialcdn.filespin.io/api/v1/storyboard/be0d8b1c796246b0b0992bf795a1affc/storyboard_000008.jpg?quality=85&format=webp,https://www.lovethework.com/work/entries/a-vibrant-and-sustainable-society-770036
Spikes Asia,2026,Film Craft,film-craft,CHOLTE CHOLTE CHOLLISH – A ROYALE TRIBUTE TO KOLKATA,ASIAN PAINTS,SUBHAJIT MUKHERJEE,Use of Original Music,Submitted,https://ascentialcdn.filespin.io/api/v1/storyboard/7064c464df144f66bad7b1172273d42b/storyboard_000008.jpg?quality=85&format=webp,https://www.lovethework.com/work/entries/cholte-cholte-chollish-a-royale-tribute-to-kolkata-770024
Spikes Asia,2026,Film Craft,film-craft,CHANGES FOR THE BETTER,MITSUBISHI,DENTSU INC.,Production Design/Art Direction,Submitted,https://ascentialcdn.filespin.io/api/v1/storyboard/fac273add073482686dd2c0b1f0a0c31/storyboard_000008.jpg?quality=85&format=webp,https://www.lovethework.com/work/entries/changes-for-the-better-769974
Spikes Asia,2026,Film Craft,film-craft,EXTREME JAPANESE SPIRIT: PLATFORM,SUNTORY MINUS 196,FINCH,Production Design/Art Direction,Submitted,https://ascentialcdn.filespin.io/api/v1/conversion/722f4617adf6471c8ce2633046244868?quality=85&format=webp,https://www.lovethework.com/work/entries/extreme-japanese-spirit-platform-772928
Spikes Asia,2026,Film Craft,film-craft,GO ALL OUT,RUGBY AUSTRALIA,AKCELO,Production Design/Art Direction,Submitted,https://ascentialcdn.filespin.io/api/v1/storyboard/824fe42c739e4c7585344cd1fecdccb2/storyboard_000008.jpg?quality=85&format=webp,https://www.lovethework.com/work/entries/go-all-out-770753
Spikes Asia,2026,Film Craft,film-craft,GO MONGOLIA BRAND FILM,GO MONGOLIA,EDELMAN,Cinematography,Submitted,https://ascentialcdn.filespin.io/api/v1/storyboard/b61f53e6c9a94f1584f20b2ab5973fac/storyboard_000008.jpg?quality=85&format=webp,https://www.lovethework.com/work/entries/go-mongolia-brand-film-770022
Spikes Asia,2026,Film Craft,film-craft,PROJECT: MEMORY CARD,PLAYSTATION,SIX INC,Animation,Submitted,https://ascentialcdn.filespin.io/api/v1/storyboard/7f0313210dc446418d5af5cdcaffe232/storyboard_000008.jpg?quality=85&format=webp,https://www.lovethework.com/work/entries/project-memory-card-772939
Spikes Asia,2026,Film Craft,film-craft,TOYOTA SAFETY,TOYOTA,RUMBLE STUDIOS,Sound Design,Submitted,https://ascentialcdn.filespin.io/api/v1/storyboard/e7e34bbf819244a8a4ad06da2028989c/storyboard_000008.jpg?quality=85&format=webp,https://www.lovethework.com/work/entries/toyota-safety-769961
Spikes Asia,2026,Film Craft,film-craft,GO! GR SUPRA SAFETY CAR!,GAZOO RACING,SIX INC,Use of Original Music,Submitted,https://ascentialcdn.filespin.io/api/v1/storyboard/46acb0db749644ad8d1003938a0c88e0/storyboard_000008.jpg?quality=85&format=webp,https://www.lovethework.com/work/entries/go-gr-supra-safety-car-773022
Spikes Asia,2026,Film Craft,film-craft,"MIRROR, MIRROR - A PUT YOUR PHONE ON SILENT FILM",TELSTRA,RUMBLE STUDIOS,Use of Original Music,Submitted,https://ascentialcdn.filespin.io/api/v1/storyboard/b9293af801d64053907dab5bf794fc90/storyboard_000008.jpg?quality=85&format=webp,https://www.lovethework.com/work/entries/mirror-mirror-a-put-your-phone-on-silent-film-770007
Spikes Asia,2026,Film Craft,film-craft,GO MONGOLIA,MONGOLIA,MADE BY IKIGAI,Use of Original Music,Submitted,https://ascentialcdn.filespin.io/api/v1/storyboard/279b9bf29be44036b6917be8c4c0d8fe/storyboard_000008.jpg?quality=85&format=webp,https://www.lovethework.com/work/entries/go-mongolia-771382
Spikes Asia,2026,Film Craft,film-craft,THE MORE YOU COLLIDE WITH THE WORLD_ADVENTURE,LEADVUALT,TBWA\KOREA,Direction,Submitted,https://ascentialcdn.filespin.io/api/v1/storyboard/dd9973bc85034c70a30ea17c135b00ee/storyboard_000008.jpg?quality=85&format=webp,https://www.lovethework.com/work/entries/the-more-you-collide-with-the-worldadventure-770028
Spikes Asia,2026,Film Craft,film-craft,DESI OON,CENTRE FOR PASTORALISM,STUDIO EEKSAURUS,Use of Original Music,Submitted,https://ascentialcdn.filespin.io/api/v1/storyboard/32d9a089fc55464886a1ffcf716f476f/storyboard_000008.jpg?quality=85&format=webp,https://www.lovethework.com/work/entries/desi-oon-769949
Spikes Asia,2026,Film Craft,film-craft,GET YOUR PICKLE ON,PICKLEBET,THE SWEETSHOP,Achievement in Production,Submitted,https://ascentialcdn.filespin.io/api/v1/storyboard/3c9168b26d10446ba03f7401c738918b/storyboard_000008.jpg?quality=85&format=webp,https://www.lovethework.com/work/entries/get-your-pickle-on-770944
Spikes Asia,2026,Film Craft,film-craft,PETRONAS CNY 2025 - STAY,PETRONAS,ACCENTURE SONG MALAYSIA,Script,Submitted,https://ascentialcdn.filespin.io/api/v1/storyboard/059e7576088b425eb3e655483ae67f1b/storyboard_000008.jpg?quality=85&format=webp,https://www.lovethework.com/work/entries/petronas-cny-2025-stay-771221
Spikes Asia,2026,Film Craft,film-craft,UNZIP YOUR CREATIVITY,YKK EUROPE,DENTSU INC.,Production Design/Art Direction,Submitted,https://ascentialcdn.filespin.io/api/v1/storyboard/b9c65b76735b4def9607f43218166825/storyboard_000008.jpg?quality=85&format=webp,https://www.lovethework.com/work/entries/unzip-your-creativity-770000
Spikes Asia,2026,Film Craft,film-craft,SAMSUNG TRY GALAXY,SAMSUNG,BUCK,Animation,Submitted,https://ascentialcdn.filespin.io/api/v1/storyboard/33aebc3b03fd4ee9a60859aab1a0b902/storyboard_000008.jpg?quality=85&format=webp,https://www.lovethework.com/work/entries/samsung-try-galaxy-771160
Spikes Asia,2026,Film Craft,film-craft,SPRITE X SPICY,SPRITE,ZIGZAG FILMS,Casting,Submitted,https://ascentialcdn.filespin.io/api/v1/conversion/2523717700cc4b11a7610901e317a8ea?quality=85&format=webp,https://www.lovethework.com/work/entries/sprite-x-spicy-771141
Spikes Asia,2026,Film Craft,film-craft,"WINTER IS SCHOSAENG, SCHOSAENG IS NOW",A TWOSOME PLACE,TBWA\KOREA,Production Design/Art Direction,Submitted,https://ascentialcdn.filespin.io/api/v1/storyboard/287292978b22439884afc7891661a4c6/storyboard_000008.jpg?quality=85&format=webp,https://www.lovethework.com/work/entries/winter-is-schosaeng-schosaeng-is-now-769991
Spikes Asia,2026,Film Craft,film-craft,MAD LOVER,CLUB21,BBDO BANGKOK,Production Design/Art Direction,Submitted,https://ascentialcdn.filespin.io/api/v1/storyboard/fea0932f49f54a4791dfe044c24297d5/storyboard_000008.jpg?quality=85&format=webp,https://www.lovethework.com/work/entries/mad-lover-769959
Spikes Asia,2026,Film Craft,film-craft,FLOWER POWER,STAR CEMENT,HOGARTH WORLDWIDE,Cinematography,Submitted,https://ascentialcdn.filespin.io/api/v1/storyboard/d14c5df7e4cc4fd2b300ee63f272767f/storyboard_000008.jpg?quality=85&format=webp,https://www.lovethework.com/work/entries/flower-power-771292
Spikes Asia,2026,Film Craft,film-craft,BANGGA NYALAKAN BANGSA,GUDANG GARAM,GUDANG GARAM,Cinematography,Submitted,https://ascentialcdn.filespin.io/api/v1/storyboard/06ac3ad231464777b096d4b806577ff0/storyboard_000008.jpg?quality=85&format=webp,https://www.lovethework.com/work/entries/bangga-nyalakan-bangsa-770056
Spikes Asia,2026,Film Craft,film-craft,LET GO,SAMSUNG,FINCH,Direction,Submitted,https://ascentialcdn.filespin.io/api/v1/storyboard/e1d60eb666c64e50ad355e841366c925/storyboard_000008.jpg?quality=85&format=webp,https://www.lovethework.com/work/entries/let-go-769981
Spikes Asia,2026,Film Craft,film-craft,ECHOES OF KOREA - GYEONGSANG,IMAGINE YOUR KOREA,HSAD,Production Design/Art Direction,Submitted,https://ascentialcdn.filespin.io/api/v1/storyboard/2e05109a33e34d329310f355f6acfa91/storyboard_000008.jpg?quality=85&format=webp,https://www.lovethework.com/work/entries/echoes-of-korea-gyeongsang-769939
Spikes Asia,2026,Film Craft,film-craft,WILD ROAD,GAZOO RACING,SIX INC,Production Design/Art Direction,Submitted,https://ascentialcdn.filespin.io/api/v1/storyboard/269953d2f6b74a2ab4e414760988ba0f/storyboard_000008.jpg?quality=85&format=webp,https://www.lovethework.com/work/entries/wild-road-773021
Spikes Asia,2026,Film Craft,film-craft,NO MANNER,CLUB21,BBDO BANGKOK,Production Design/Art Direction,Submitted,https://ascentialcdn.filespin.io/api/v1/storyboard/3b875e70a50e48c0adadae2eebf57c56/storyboard_000008.jpg?quality=85&format=webp,https://www.lovethework.com/work/entries/no-manner-769969
Spikes Asia,2026,Film Craft,film-craft,DANA #AMANDARIBADMAN,DANA INDONESIA,DANA,Editing,Submitted,https://ascentialcdn.filespin.io/api/v1/storyboard/90a431feb144436d87b2cbeada1772e6/storyboard_000008.jpg?quality=85&format=webp,https://www.lovethework.com/work/entries/dana-amandaribadman-770062
Spikes Asia,2026,Film Craft,film-craft,FOUR LEGGED FRIEND - A PUT YOUR PHONE ON SILENT FILM,TELSTRA,RUMBLE STUDIOS,Use of Original Music,Submitted,https://ascentialcdn.filespin.io/api/v1/storyboard/e70dbef15aeb448889fb072b6a90474c/storyboard_000008.jpg?quality=85&format=webp,https://www.lovethework.com/work/entries/four-legged-friend-a-put-your-phone-on-silent-film-772936
Spikes Asia,2026,Film Craft,film-craft,LEAKAGE ASUR,INDIGO PAINTS,ZIGZAG FILMS,Visual Effects,Submitted,https://ascentialcdn.filespin.io/api/v1/conversion/d6b66ea67eca49c1882b7dd3b8eee214?quality=85&format=webp,https://www.lovethework.com/work/entries/leakage-asur-772252
Spikes Asia,2026,Film Craft,film-craft,SAMSONITE CRAFTMANSHIP,SAMSONITE,METHOD & MADNESS,Animation,Submitted,https://ascentialcdn.filespin.io/api/v1/storyboard/d444860f05f24bf189f496c4c8d53a4a/storyboard_000008.jpg?quality=85&format=webp,https://www.lovethework.com/work/entries/samsonite-craftmanship-770018
Spikes Asia,2026,Glass: The Award For Change,glass-the-award-for-change,PROJECT EARLY PERIODS,WHISPER,LEO,Product/Service,Grand Prix,https://ascentialcdn.filespin.io/api/v1/conversion/a4f4bd6089224561b801d46584d677cf?quality=85&format=webp,https://www.lovethework.com/work/entries/project-early-periods-772332
Spikes Asia,2026,Glass: The Award For Change,glass-the-award-for-change,UNFREEZE MY RIGHTS,WOMEN EMPOWERMENT OFFICE,"CWO X AWAKENING FOUNDATION , DENTSU CREATIVE TAIWAN",Initiatives,Gold,https://ascentialcdn.filespin.io/api/v1/conversion/a333bb30d91d4e70a91ff94f670b2005?quality=85&format=webp,https://www.lovethework.com/work/entries/unfreeze-my-rights-772318
Spikes Asia,2026,Glass: The Award For Change,glass-the-award-for-change,THE MĀORI ROLL CALL,WHĀNAU ORA,MOTION SICKNESS,Initiatives,Gold,https://ascentialcdn.filespin.io/api/v1/conversion/9a9784eb394a41a380f2fa24dbf7dc49?quality=85&format=webp,https://www.lovethework.com/work/entries/the-mori-roll-call-770543
Spikes Asia,2026,Glass: The Award For Change,glass-the-award-for-change,PROJECT EARLY PERIODS,WHISPER,LEO,Initiatives,Shortlist,https://ascentialcdn.filespin.io/api/v1/conversion/a4f4bd6089224561b801d46584d677cf?quality=85&format=webp,https://www.lovethework.com/work/entries/project-early-periods-772326
Spikes Asia,2026,Glass: The Award For Change,glass-the-award-for-change,FUTURES,MUSICIANS MAKING A DIFFERENCE,SUPERMASSIVE,Initiatives,Shortlist,https://ascentialcdn.filespin.io/api/v1/storyboard/bd1eeada3a0c4be4903c83517ec1eb7a/storyboard_000008.jpg?quality=85&format=webp,https://www.lovethework.com/work/entries/futures-770216
Spikes Asia,2026,Glass: The Award For Change,glass-the-award-for-change,INKVISIBLE,UN WOMEN,BBDO PAKISTAN,Initiatives,Shortlist,https://ascentialcdn.filespin.io/api/v1/conversion/33704b68b490467599219ad2500d05ec?quality=85&format=webp,https://www.lovethework.com/work/entries/inkvisible-773096
Spikes Asia,2026,Glass: The Award For Change,glass-the-award-for-change,HEY CREATIVES! OLD ENOUGH YET?,PTKOREA,PTKOREA,Internal Practices and Values,Submitted,https://ascentialcdn.filespin.io/api/v1/conversion/8299e1433f1d433b8af581518909b6bf?quality=85&format=webp,https://www.lovethework.com/work/entries/hey-creatives-old-enough-yet-772320
Spikes Asia,2026,Glass: The Award For Change,glass-the-award-for-change,NUTRITION EDUCATION WITHOUT AN END,STANDARD FOODS GROUP (QUAKER,"NURTUR ESSENCE, FRESH DELIGHT, GREAT DAY), STANDARD FOODS GROUP",Initiatives,Submitted,https://ascentialcdn.filespin.io/api/v1/conversion/601efd0d734d4189ad4a94e4263a2d37?quality=85&format=webp,https://www.lovethework.com/work/entries/nutrition-education-without-an-end-773117
Spikes Asia,2026,Glass: The Award For Change,glass-the-award-for-change,SAMARTH BY HYUNDAI - SEASON 2,HYUNDAI MOTOR INDIA LTD.,HAVAS PLAY,Initiatives,Submitted,https://ascentialcdn.filespin.io/api/v1/conversion/c5973af14c5c4b9c80753bba6f362f12?quality=85&format=webp,https://www.lovethework.com/work/entries/samarth-by-hyundai-season-2-770227
Spikes Asia,2026,Glass: The Award For Change,glass-the-award-for-change,HAENYEO SAFE BUDDY,JEJU INSTITUTE OF KOREAN MEDICINE,CHEIL WORLDWIDE,Technology,Submitted,https://ascentialcdn.filespin.io/api/v1/conversion/b0c8626e9e054d8da475dff68915910f?quality=85&format=webp,https://www.lovethework.com/work/entries/haenyeo-safe-buddy-770192
Spikes Asia,2026,Glass: The Award For Change,glass-the-award-for-change,ENTOUCHABLE MUSEUM,HACHIOJI VISUALLY IMPAIRED WELFARE ASSOCIATION,HACHIOJI VISUALLY IMPAIRED WELFARE ASSOCIATION,Product/Service,Submitted,https://ascentialcdn.filespin.io/api/v1/conversion/59b909fc167d436aa9c0afd1d21125b3?quality=85&format=webp,https://www.lovethework.com/work/entries/entouchable-museum-770200
Spikes Asia,2026,Glass: The Award For Change,glass-the-award-for-change,MAKE UP AND LIVE SELLING,SAVE THE CHILDREN,SEVEN AD,Initiatives,Submitted,https://ascentialcdn.filespin.io/api/v1/storyboard/797d9fe40f5740cca6c3c8c9a15a60ce/storyboard_000008.jpg?quality=85&format=webp,https://www.lovethework.com/work/entries/make-up-and-live-selling-770777
Spikes Asia,2026,Glass: The Award For Change,glass-the-award-for-change,BLACKOUT VOWS BY GABRIELA,GABRIELA,"THE NATIONAL ALLIANCE OF WOMEN, DENTSU CREATIVE",Initiatives,Submitted,https://ascentialcdn.filespin.io/api/v1/conversion/bdcc8fbd698d4f00880aeee831f724ac?quality=85&format=webp,https://www.lovethework.com/work/entries/blackout-vows-by-gabriela-770223
Spikes Asia,2026,Glass: The Award For Change,glass-the-award-for-change,THE UNWEARABLE JEWELS,CENTRE FOR HUMAN RIGHTS,AND THE NERVE,Initiatives,Submitted,https://ascentialcdn.filespin.io/api/v1/conversion/ecad97c9bd0e42e7beaee1b3b7082320?quality=85&format=webp,https://www.lovethework.com/work/entries/the-unwearable-jewels-771250
Spikes Asia,2026,Glass: The Award For Change,glass-the-award-for-change,PRODUCTS OF PEACE CAMPAIGN,PRODUCTS OF PEACE,TBWA\SMP,Initiatives,Submitted,https://ascentialcdn.filespin.io/api/v1/conversion/6a4dcd9e78c74a6ab28056d24ece84e3?quality=85&format=webp,https://www.lovethework.com/work/entries/products-of-peace-campaign-771843
Spikes Asia,2026,Glass: The Award For Change,glass-the-award-for-change,PLAYBOARDS,PEPSI,BBDO PAKISTAN,Initiatives,Submitted,https://ascentialcdn.filespin.io/api/v1/conversion/87a67097a190400f96451d222b15b497?quality=85&format=webp,https://www.lovethework.com/work/entries/playboards-770880
Spikes Asia,2026,Glass: The Award For Change,glass-the-award-for-change,「HEALING TOUCH INITIATIVE」SOCIAL CO-CREATION CAMPAIGN-PROMOTE CHANGE FOR 400 MILLION CHINESE MOTHERS,BABYTREE｜PETAL ADS,HOTOP,Initiatives,Submitted,https://ascentialcdn.filespin.io/api/v1/conversion/58c4b3b9a90f46318149d9eab3fb8b98?quality=85&format=webp,https://www.lovethework.com/work/entries/healing-touch-initiativesocial-co-creation-campaign-promote-change-for-400-million-chinese-mothers-771241
Spikes Asia,2026,Glass: The Award For Change,glass-the-award-for-change,PRODUCTS OF PEACE CAMPAIGN,PRODUCTS OF PEACE,TBWA\SMP,Product/Service,Submitted,https://ascentialcdn.filespin.io/api/v1/conversion/cecd8fdaaa97477dbcd28fc7c96e12b9?quality=85&format=webp,https://www.lovethework.com/work/entries/products-of-peace-campaign-771829
Spikes Asia,2026,Healthcare,healthcare,VASELINE VERIFIED,VASELINE,OGILVY,Social & Creator - OTC Applications,Grand Prix,https://ascentialcdn.filespin.io/api/v1/conversion/9d54a70f009d42e1a49944d1de6a39a0?quality=85&format=webp,https://www.lovethework.com/work/entries/vaseline-verified-770616
Spikes Asia,2026,Healthcare,healthcare,THE LIFE-SAVING RECEIPT,CHOROGUSAN FOR CHILDREN,DMINUSONE,Direct - Non-profit/Foundation-led Education & Awareness,Gold,https://ascentialcdn.filespin.io/api/v1/conversion/9bd3c4872af341d6a7f3946210e0ed84?quality=85&format=webp,https://www.lovethework.com/work/entries/the-life-saving-receipt-770147
Spikes Asia,2026,Healthcare,healthcare,DAWAI READER,ALKEM LABORATORIES,LOWE LINTAS,Healthcare Product Innovation - Healthcare Professional Engagement,Gold,https://ascentialcdn.filespin.io/api/v1/conversion/762f141aa6fc442dad023f1af28469d8?quality=85&format=webp,https://www.lovethework.com/work/entries/dawai-reader-770122
Spikes Asia,2026,Healthcare,healthcare,RENU VS THE CITY,ST. JUDE INDIA CHILDCARE CENTRES,HUNGRY FILMS,Film Craft: Script - Fundraising & Advocacy,Silver,https://ascentialcdn.filespin.io/api/v1/storyboard/035df056e1eb4eca9d8f62deb6baddf8/storyboard_000008.jpg?quality=85&format=webp,https://www.lovethework.com/work/entries/renu-vs-the-city-771285
Spikes Asia,2026,Healthcare,healthcare,EYE TEST,1001 OPTOMETRY,VML,Outdoor: Standard - Brand-led Education & Awareness,Silver,https://ascentialcdn.filespin.io/api/v1/conversion/0d13f5395e274e98a8fc54d97af4e6d6?quality=85&format=webp,https://www.lovethework.com/work/entries/eye-test-770238
Spikes Asia,2026,Healthcare,healthcare,THE MISSING VERSE: COMPLETING THE BENTO SYMPHONY,ZESPRI INTERNATIONAL JAPAN,DENTSU INC.,PR - Brand-led Education & Awareness,Bronze,https://ascentialcdn.filespin.io/api/v1/conversion/1ce5e04765ac4b88adeae73c8ac26da7?quality=85&format=webp,https://www.lovethework.com/work/entries/the-missing-verse-completing-the-bento-symphony-770749
Spikes Asia,2026,Healthcare,healthcare,EYE TEST,1001 OPTOMETRY,VML,Industry Craft: Art Direction - Brand-led Education & Awareness,Bronze,https://ascentialcdn.filespin.io/api/v1/conversion/0d13f5395e274e98a8fc54d97af4e6d6?quality=85&format=webp,https://www.lovethework.com/work/entries/eye-test-772947
Spikes Asia,2026,Healthcare,healthcare,NEW ZEALAND'S LITTLE HELPER,GREYHOUNDS AS PETS,SPECIAL,Direct - Animal Health,Bronze,https://ascentialcdn.filespin.io/api/v1/conversion/90032e3ca44249e3b2713e264fc159aa?quality=85&format=webp,https://www.lovethework.com/work/entries/new-zealands-little-helper-770454
Spikes Asia,2026,Healthcare,healthcare,THE PULL OUT GAME GAME,DUREX,BLKJ HAVAS,Mobile - Brand-led Education & Awareness,Bronze,https://ascentialcdn.filespin.io/api/v1/conversion/f0ae6c252b91469a8b8a25a2b05bbcce?quality=85&format=webp,https://www.lovethework.com/work/entries/the-pull-out-game-game-770857
Spikes Asia,2026,Healthcare,healthcare,EK TARA,TITAN EYE PLUS,OGILVY,Brand Experience & Activation - Brand-led Education & Awareness,Bronze,https://ascentialcdn.filespin.io/api/v1/conversion/9e2408599a22494a916b326351754a5b?quality=85&format=webp,https://www.lovethework.com/work/entries/ek-tara-771040
Spikes Asia,2026,Healthcare,healthcare,EYE SCAN,1001 OPTOMETRY,VML,Industry Craft: Art Direction - Brand-led Education & Awareness,Bronze,https://ascentialcdn.filespin.io/api/v1/conversion/7617a30f9c244982817a6f96c3ee8d37?quality=85&format=webp,https://www.lovethework.com/work/entries/eye-scan-770190
Spikes Asia,2026,Healthcare,healthcare,EYECARE,1001 OPTOMETRY,VML,Industry Craft: Art Direction - Brand-led Education & Awareness,Bronze,https://ascentialcdn.filespin.io/api/v1/conversion/d533a5d60255478bb1186f3948f9d590?quality=85&format=webp,https://www.lovethework.com/work/entries/eyecare-770201
Spikes Asia,2026,Healthcare,healthcare,DAWAI READER,ALKEM LABORATORIES,LOWE LINTAS,Brand Experience & Activation - Healthcare Professional Engagement,Shortlist,https://ascentialcdn.filespin.io/api/v1/conversion/762f141aa6fc442dad023f1af28469d8?quality=85&format=webp,https://www.lovethework.com/work/entries/dawai-reader-770104
Spikes Asia,2026,Healthcare,healthcare,BLACK EYE,UN WOMEN,BBDO PAKISTAN,Outdoor: Standard - Non-profit/Foundation-led Education & Awareness,Shortlist,https://ascentialcdn.filespin.io/api/v1/storyboard/5b9f6bc4e76844c0bbf7d7af366b375d/storyboard_000008.jpg?quality=85&format=webp,https://www.lovethework.com/work/entries/black-eye-770930
Spikes Asia,2026,Healthcare,healthcare,PRAYKINSON,VAJIRA HOSPITAL,DENTSU CREATIVE THAILAND,Mobile - Corporate Image & Communication,Shortlist,https://ascentialcdn.filespin.io/api/v1/storyboard/bc46456d45ad43edb216a8f655cc6182/storyboard_000008.jpg?quality=85&format=webp,https://www.lovethework.com/work/entries/praykinson-770177
Spikes Asia,2026,Healthcare,healthcare,DAWAI READER,ALKEM LABORATORIES,LOWE LINTAS,Use of Technology - Healthcare Professional Engagement,Shortlist,https://ascentialcdn.filespin.io/api/v1/conversion/762f141aa6fc442dad023f1af28469d8?quality=85&format=webp,https://www.lovethework.com/work/entries/dawai-reader-770099
Spikes Asia,2026,Healthcare,healthcare,FOR HANA,SOFY,VML OGILVY JAPAN,Direct - OTC Products,Shortlist,https://ascentialcdn.filespin.io/api/v1/conversion/a495a85993984c9e99e4e2b8918e5045?quality=85&format=webp,https://www.lovethework.com/work/entries/for-hana-771847
Spikes Asia,2026,Healthcare,healthcare,SMART EYE CAMERA,OUI INC.,TBWA\HAKUHODO,Healthcare Product Innovation - Healthcare Professional Engagement,Shortlist,https://ascentialcdn.filespin.io/api/v1/conversion/b55e3f82689e4dcdbd14bc4ea496d7be?quality=85&format=webp,https://www.lovethework.com/work/entries/smart-eye-camera-770126
Spikes Asia,2026,Healthcare,healthcare,THE UNCOMFORTABLE CUP,TETLEY TEA,SHOWPONY ADVERTISING,Social & Creator - Brand-led Education & Awareness,Shortlist,https://ascentialcdn.filespin.io/api/v1/conversion/ce03fbe499284ea8bf533a8a7d6a5857?quality=85&format=webp,https://www.lovethework.com/work/entries/the-uncomfortable-cup-771196
Spikes Asia,2026,Healthcare,healthcare,PROJECT EARLY PERIODS,WHISPER,LEO,Integrated - OTC Products,Shortlist,https://ascentialcdn.filespin.io/api/v1/conversion/a4f4bd6089224561b801d46584d677cf?quality=85&format=webp,https://www.lovethework.com/work/entries/project-early-periods-772333
Spikes Asia,2026,Healthcare,healthcare,EYE SCAN,1001 OPTOMETRY,VML,Outdoor: Standard - Brand-led Education & Awareness,Shortlist,https://ascentialcdn.filespin.io/api/v1/conversion/7617a30f9c244982817a6f96c3ee8d37?quality=85&format=webp,https://www.lovethework.com/work/entries/eye-scan-770084
Spikes Asia,2026,Healthcare,healthcare,CHECK YOUR KIWIS,ZESPRI,DESIGN BRIDGE AND PARTNERS,Integrated - Brand-led Education & Awareness,Shortlist,https://ascentialcdn.filespin.io/api/v1/conversion/edb21bd3f30e4e89aa517af41251f6bc?quality=85&format=webp,https://www.lovethework.com/work/entries/check-your-kiwis-770178
Spikes Asia,2026,Healthcare,healthcare,THE PULL OUT GAME GAME,DUREX,BLKJ HAVAS,Brand Experience & Activation - Brand-led Education & Awareness,Shortlist,https://ascentialcdn.filespin.io/api/v1/conversion/41a0f84f2e6e4247b85ac338b1a11915?quality=85&format=webp,https://www.lovethework.com/work/entries/the-pull-out-game-game-773068
Spikes Asia,2026,Healthcare,healthcare,HPB DEADLY COLLECTIBLES,HEALTH PROMOTION BOARD (SINGAPORE),TBWA\SINGAPORE,Integrated - Non-profit/Foundation-led Education & Awareness,Shortlist,https://ascentialcdn.filespin.io/api/v1/conversion/66ee123426e746e1ab499f1310de4ee4?quality=85&format=webp,https://www.lovethework.com/work/entries/hpb-deadly-collectibles-770642
Spikes Asia,2026,Healthcare,healthcare,WAVES OF WILL POWERED BY NTT,NTT HUMAN INFORMATICS LABORATORIES,DENTSU INC.,Use of Technology - Health & Wellness Tech,Shortlist,https://ascentialcdn.filespin.io/api/v1/conversion/a71f5b0534a64e6aac6444731cf05258?quality=85&format=webp,https://www.lovethework.com/work/entries/waves-of-will-powered-by-ntt-771769
Spikes Asia,2026,Healthcare,healthcare,THE HIDDEN EYE TEST,1001 OPTOMETRY,VML,Use of Technology - Brand-led Education & Awareness,Shortlist,https://ascentialcdn.filespin.io/api/v1/conversion/7896c7ee2617465fa2e00d7ab23f6a35?quality=85&format=webp,https://www.lovethework.com/work/entries/the-hidden-eye-test-770159
Spikes Asia,2026,Healthcare,healthcare,EYE TEST,1001 OPTOMETRY,VML,Industry Craft: Typography - Brand-led Education & Awareness,Shortlist,https://ascentialcdn.filespin.io/api/v1/conversion/0d13f5395e274e98a8fc54d97af4e6d6?quality=85&format=webp,https://www.lovethework.com/work/entries/eye-test-770212
Spikes Asia,2026,Healthcare,healthcare,EYECARE,1001 OPTOMETRY,VML,Outdoor: Standard - Brand-led Education & Awareness,Shortlist,https://ascentialcdn.filespin.io/api/v1/conversion/d533a5d60255478bb1186f3948f9d590?quality=85&format=webp,https://www.lovethework.com/work/entries/eyecare-772948
Spikes Asia,2026,Healthcare,healthcare,SAFE SKETCH,SAVE THE CHILDREN,CHEIL HONG KONG,Mobile - Health & Wellness Tech,Shortlist,https://ascentialcdn.filespin.io/api/v1/conversion/991e49a6692f4e8fb5deba0b937366de?quality=85&format=webp,https://www.lovethework.com/work/entries/safe-sketch-770111
Spikes Asia,2026,Healthcare,healthcare,ACKO TAILOR,ACKO GENERAL INSURANCE LIMITED,LEO,Creative Data - Brand-led Education & Awareness,Shortlist,https://ascentialcdn.filespin.io/api/v1/conversion/e82941d6ae59462c8a4b451cb2aed8ed?quality=85&format=webp,https://www.lovethework.com/work/entries/acko-tailor-770921
Spikes Asia,2026,Healthcare,healthcare,THE NAGA SAINT EYE TEST,EYEBETES FOUNDATION,GODREJ CREATIVE LAB,Direct - Patient Engagement,Submitted,https://ascentialcdn.filespin.io/api/v1/conversion/8ccb115332db4b298d72aa9ae698ed64?quality=85&format=webp,https://www.lovethework.com/work/entries/the-naga-saint-eye-test-770088
Spikes Asia,2026,Healthcare,healthcare,HARRY HEART DISEASE,HEALTH PROMOTION BOARD (SINGAPORE),TBWA\SINGAPORE,Industry Craft: Art Direction - Non-profit/Foundation-led Education & Awareness,Submitted,https://ascentialcdn.filespin.io/api/v1/conversion/0ce6ccef241f48bb8f66ccd6ff12ad29?quality=85&format=webp,https://www.lovethework.com/work/entries/harry-heart-disease-770656
Spikes Asia,2026,Healthcare,healthcare,RETRATO,ENSURE GOLD,SEVEN AD,Brand Experience & Activation - Nutraceuticals,Submitted,https://ascentialcdn.filespin.io/api/v1/conversion/90fbc97a90a940a0b79b1800eaf0ad4d?quality=85&format=webp,https://www.lovethework.com/work/entries/retrato-770727
Spikes Asia,2026,Healthcare,healthcare,THE PULL OUT GAME GAME,DUREX,BLKJ HAVAS,Mobile - OTC Products,Submitted,https://ascentialcdn.filespin.io/api/v1/conversion/c520b49b25e040a881625e5f705368d8?quality=85&format=webp,https://www.lovethework.com/work/entries/the-pull-out-game-game-770891
Spikes Asia,2026,Healthcare,healthcare,DAWAI READER,ALKEM LABORATORIES,LOWE LINTAS,Use of Technology - Direct to Healthcare Professional,Submitted,https://ascentialcdn.filespin.io/api/v1/conversion/762f141aa6fc442dad023f1af28469d8?quality=85&format=webp,https://www.lovethework.com/work/entries/dawai-reader-770219
Spikes Asia,2026,Healthcare,healthcare,BEAUTY INSIDE OUT,L'OREAL GROUPE,McCANN,Direct - Brand-led Education & Awareness,Submitted,https://ascentialcdn.filespin.io/api/v1/conversion/68fd840aca784738b9aaa0f041792cfa?quality=85&format=webp,https://www.lovethework.com/work/entries/beauty-inside-out-770120
Spikes Asia,2026,Healthcare,healthcare,ASSEMBLE,STRESSTABS,GIGIL,"Film: Cinema, TV and Digital Film Content - Nutraceuticals",Submitted,https://ascentialcdn.filespin.io/api/v1/storyboard/df271a313585415eb1518169fb504b56/storyboard_000008.jpg?quality=85&format=webp,https://www.lovethework.com/work/entries/assemble-771350
Spikes Asia,2026,Healthcare,healthcare,PLUS INFLUENCER(BLOOD RECIPIENT),KOREAN RED CROSS BLOOD SERVICES,KOREAN RED CROSS BLOOD SERVICES,"Film: Cinema, TV and Digital Film Content - Fundraising & Advocacy",Submitted,https://ascentialcdn.filespin.io/api/v1/storyboard/ee7f3ba5cd984720a990aef987d850e1/storyboard_000008.jpg?quality=85&format=webp,https://www.lovethework.com/work/entries/plus-influencerblood-recipient-772950
Spikes Asia,2026,Healthcare,healthcare,SUZUKI-SAN'S HEART STORY ON LINE,APPLE,TBWA\MEDIA ARTS LAB,Mobile - Health & Wellness Tech,Submitted,https://ascentialcdn.filespin.io/api/v1/conversion/4ec0ffdb162f4b8b927acb107eabcdf9?quality=85&format=webp,https://www.lovethework.com/work/entries/suzuki-sans-heart-story-on-line-772946
Spikes Asia,2026,Healthcare,healthcare,BEBECLUB AI POOP TRACKER,BEBECLUB,VOLARE ADVERTISING NETWORK - EYDEN,Healthcare Product Innovation - Health & Wellness Tech,Submitted,https://ascentialcdn.filespin.io/api/v1/conversion/a985d968f0864a749cca1437cf1954a7?quality=85&format=webp,https://www.lovethework.com/work/entries/bebeclub-ai-poop-tracker-770432
Spikes Asia,2026,Healthcare,healthcare,DAWAI READER,ALKEM LABORATORIES,LOWE LINTAS,Creative Data - Direct to Healthcare Professional,Submitted,https://ascentialcdn.filespin.io/api/v1/conversion/762f141aa6fc442dad023f1af28469d8?quality=85&format=webp,https://www.lovethework.com/work/entries/dawai-reader-772952
Spikes Asia,2026,Healthcare,healthcare,GO! BLACK DOG!,DISEASE EDUCATION FOR DEPRESSION (UNBRANDED),JOHNSON & JOHNSON,Integrated - Brand-led Education & Awareness,Submitted,https://ascentialcdn.filespin.io/api/v1/conversion/e8f17d0a637f4f7994dba59da7bd37ba?quality=85&format=webp,https://www.lovethework.com/work/entries/go-black-dog-771259
Spikes Asia,2026,Healthcare,healthcare,DAWAI READER,ALKEM LABORATORIES,LOWE LINTAS,Mobile - Direct to Healthcare Professional,Submitted,https://ascentialcdn.filespin.io/api/v1/conversion/762f141aa6fc442dad023f1af28469d8?quality=85&format=webp,https://www.lovethework.com/work/entries/dawai-reader-770211
Spikes Asia,2026,Healthcare,healthcare,HAIRBNB,DAEDAMO,DAEDAMO,Brand Experience & Activation - Brand-led Education & Awareness,Submitted,https://ascentialcdn.filespin.io/api/v1/conversion/e1aea097d10843349259536e4d661f06?quality=85&format=webp,https://www.lovethework.com/work/entries/hairbnb-770102
Spikes Asia,2026,Healthcare,healthcare,SEE THE UNSEEN,HEALINGPAPER,CHEIL WORLDWIDE,"Film: Cinema, TV and Digital Film Content - Health & Wellness Tech",Submitted,https://ascentialcdn.filespin.io/api/v1/storyboard/4e0186d254244d47b2dde8943fe5cda2/storyboard_000008.jpg?quality=85&format=webp,https://www.lovethework.com/work/entries/see-the-unseen-770132
Spikes Asia,2026,Healthcare,healthcare,THE NAGA SAINT EYE TEST,EYEBETES FOUNDATION,GODREJ CREATIVE LAB,Direct - Disease Awareness & Understanding: Direct to Patient or Healthcare Professional,Submitted,https://ascentialcdn.filespin.io/api/v1/conversion/8ccb115332db4b298d72aa9ae698ed64?quality=85&format=webp,https://www.lovethework.com/work/entries/the-naga-saint-eye-test-770145
Spikes Asia,2026,Healthcare,healthcare,PROJECT EARLY PERIODS,WHISPER,LEO,Healthcare Product Innovation - Brand-led Education & Awareness,Submitted,https://ascentialcdn.filespin.io/api/v1/conversion/a4f4bd6089224561b801d46584d677cf?quality=85&format=webp,https://www.lovethework.com/work/entries/project-early-periods-772334
Spikes Asia,2026,Healthcare,healthcare,GO! BLACK DOG!,DISEASE EDUCATION FOR DEPRESSION (UNBRANDED),JOHNSON & JOHNSON,PR - Brand-led Education & Awareness,Submitted,https://ascentialcdn.filespin.io/api/v1/conversion/e8f17d0a637f4f7994dba59da7bd37ba?quality=85&format=webp,https://www.lovethework.com/work/entries/go-black-dog-771283
Spikes Asia,2026,Healthcare,healthcare,FAMILY ROAST,MEDIBANK MENTAL HEALTH,COLENSO BBDO,Direct - Brand-led Education & Awareness,Submitted,https://ascentialcdn.filespin.io/api/v1/conversion/b7f57673c58e4154ba690d13449d903e?quality=85&format=webp,https://www.lovethework.com/work/entries/family-roast-773025
Spikes Asia,2026,Healthcare,healthcare,TOXIC BACKFIRE,SAMSUNG,CHEIL PENGTAI BEIJING,Mobile - Brand-led Education & Awareness,Submitted,https://ascentialcdn.filespin.io/api/v1/conversion/de25773a856041d1ac037682e229dc01?quality=85&format=webp,https://www.lovethework.com/work/entries/toxic-backfire-770149
Spikes Asia,2026,Healthcare,healthcare,SHAME INTO FAME,LABORATOIRE INNOTECH INTERNATIONAL,LABORATOIRE INNOTECH INTERNATIONAL,PR - OTC Oral Medicines,Submitted,https://ascentialcdn.filespin.io/api/v1/storyboard/1f60cb3ac6f6415ea0d62e88477b572a/storyboard_000008.jpg?quality=85&format=webp,https://www.lovethework.com/work/entries/shame-into-fame-770103
Spikes Asia,2026,Healthcare,healthcare,THE HIDDEN EYE TEST,1001 OPTOMETRY,VML,Direct - Brand-led Education & Awareness,Submitted,https://ascentialcdn.filespin.io/api/v1/conversion/9eeed563ec7c4dce92e64e604c8eef74?quality=85&format=webp,https://www.lovethework.com/work/entries/the-hidden-eye-test-770113
Spikes Asia,2026,Healthcare,healthcare,TRUTH FROM THE FRONTLINE (DENGUE DISEASE AWARENESS - HCP SERIES),TAKEDA VIETNAM,RED COMMUNICATIONS,Social & Creator - Brand-led Education & Awareness,Submitted,https://ascentialcdn.filespin.io/api/v1/conversion/8b827241fdbc4a8695a1e990c002ca55?quality=85&format=webp,https://www.lovethework.com/work/entries/truth-from-the-frontline-dengue-disease-awareness-hcp-series-770105
Spikes Asia,2026,Healthcare,healthcare,HOPE WILL RISE,SIRIRAJ HOSPITAL,MADMUSE,Film Craft: Animation/Visual Effects - Corporate Image & Communication,Submitted,https://ascentialcdn.filespin.io/api/v1/storyboard/3761a21a198241b899552cb7e48e344f/storyboard_000008.jpg?quality=85&format=webp,https://www.lovethework.com/work/entries/hope-will-rise-770185
Spikes Asia,2026,Healthcare,healthcare,WHEN THE EVERYDAY TURNS URGENT,ST JOHN WA,ST JOHN WA,Audio & Radio - Health Services & Facilities,Submitted,https://ascentialcdn.filespin.io/api/v1/conversion/23cc73683d1640e88501b78558f02f3a?quality=85&format=webp,https://www.lovethework.com/work/entries/when-the-everyday-turns-urgent-770879
Spikes Asia,2026,Healthcare,healthcare,DAWAI READER,ALKEM LABORATORIES,LOWE LINTAS,Mobile - Healthcare Professional Engagement,Submitted,https://ascentialcdn.filespin.io/api/v1/conversion/762f141aa6fc442dad023f1af28469d8?quality=85&format=webp,https://www.lovethework.com/work/entries/dawai-reader-772953
Spikes Asia,2026,Healthcare,healthcare,EYECARE,1001 OPTOMETRY,VML,Industry Craft: Typography - Brand-led Education & Awareness,Submitted,https://ascentialcdn.filespin.io/api/v1/conversion/d533a5d60255478bb1186f3948f9d590?quality=85&format=webp,https://www.lovethework.com/work/entries/eyecare-770229
Spikes Asia,2026,Healthcare,healthcare,FAMILY ROAST,MEDIBANK MENTAL HEALTH,COLENSO BBDO,Healthcare Product Innovation - Insurance,Submitted,https://ascentialcdn.filespin.io/api/v1/conversion/b7f57673c58e4154ba690d13449d903e?quality=85&format=webp,https://www.lovethework.com/work/entries/family-roast-773026
Spikes Asia,2026,Healthcare,healthcare,FAMILY ROAST,MEDIBANK MENTAL HEALTH,COLENSO BBDO,Brand Experience & Activation - Brand-led Education & Awareness,Submitted,https://ascentialcdn.filespin.io/api/v1/conversion/b7f57673c58e4154ba690d13449d903e?quality=85&format=webp,https://www.lovethework.com/work/entries/family-roast-773024
Spikes Asia,2026,Healthcare,healthcare,SAFE SOUND CHECK,PROJECT INCLUSION NETWORK,JAYME HEADQUARTERS,Mobile - Non-profit/Foundation-led Education & Awareness,Submitted,https://ascentialcdn.filespin.io/api/v1/storyboard/992c020f5a7e40eca1f3fea4688e6ec1/storyboard_000008.jpg?quality=85&format=webp,https://www.lovethework.com/work/entries/safe-sound-check-770135
Spikes Asia,2026,Healthcare,healthcare,PROJECT EARLY PERIODS,WHISPER,LEO,Creative Data - OTC Products,Submitted,https://ascentialcdn.filespin.io/api/v1/conversion/a4f4bd6089224561b801d46584d677cf?quality=85&format=webp,https://www.lovethework.com/work/entries/project-early-periods-772325
Spikes Asia,2026,Healthcare,healthcare,YOU'RE THE ONLY WINNER,CARE,VML,Outdoor: Standard - OTC Products,Submitted,https://ascentialcdn.filespin.io/api/v1/conversion/569d6fec61bc479d93349edc3e9f6db7?quality=85&format=webp,https://www.lovethework.com/work/entries/youre-the-only-winner-771364
Spikes Asia,2026,Healthcare,healthcare,BRYAN ADDICTED BRAIN,HEALTH PROMOTION BOARD (SINGAPORE),TBWA\SINGAPORE,Industry Craft: Art Direction - Non-profit/Foundation-led Education & Awareness,Submitted,https://ascentialcdn.filespin.io/api/v1/conversion/fd258609b5824b0c9251086474190839?quality=85&format=webp,https://www.lovethework.com/work/entries/bryan-addicted-brain-770664
Spikes Asia,2026,Healthcare,healthcare,DUAL CONTROL: ADVANCING IBD TREATMENT GOAL WITH AN APAC MOVEMENT,JOHNSON & JOHNSON,JOHNSON & JOHNSON,Integrated - Disease Awareness & Understanding: Direct to Patient or Healthcare Professional,Submitted,https://ascentialcdn.filespin.io/api/v1/conversion/cf7f2ee47bcd46ddb3980c8b55dc7666?quality=85&format=webp,https://www.lovethework.com/work/entries/dual-control-advancing-ibd-treatment-goal-with-an-apac-movement-770134
Spikes Asia,2026,Healthcare,healthcare,SHAME INTO FAME,LABORATOIRE INNOTECH INTERNATIONAL,LABORATOIRE INNOTECH INTERNATIONAL,Integrated - OTC Oral Medicines,Submitted,https://ascentialcdn.filespin.io/api/v1/storyboard/1f60cb3ac6f6415ea0d62e88477b572a/storyboard_000008.jpg?quality=85&format=webp,https://www.lovethework.com/work/entries/shame-into-fame-772945
Spikes Asia,2026,Healthcare,healthcare,BEBECLUB AI POOP TRACKER,BEBECLUB,VOLARE ADVERTISING NETWORK - EYDEN,Use of Technology - Brand-led Education & Awareness,Submitted,https://ascentialcdn.filespin.io/api/v1/conversion/a985d968f0864a749cca1437cf1954a7?quality=85&format=webp,https://www.lovethework.com/work/entries/bebeclub-ai-poop-tracker-770440
Spikes Asia,2026,Healthcare,healthcare,STRANGULATION,UN WOMEN,BBDO PAKISTAN,Outdoor: Standard - Non-profit/Foundation-led Education & Awareness,Submitted,https://ascentialcdn.filespin.io/api/v1/conversion/6b1fc1f8129443d4b4db827d8be1e76c?quality=85&format=webp,https://www.lovethework.com/work/entries/strangulation-770938
Spikes Asia,2026,Healthcare,healthcare,FAMILY ROAST,MEDIBANK MENTAL HEALTH,COLENSO BBDO,Direct - Insurance,Submitted,https://ascentialcdn.filespin.io/api/v1/conversion/b7f57673c58e4154ba690d13449d903e?quality=85&format=webp,https://www.lovethework.com/work/entries/family-roast-770573
Spikes Asia,2026,Healthcare,healthcare,FORGOTCAST,NIANGJIA BIOTECH,BREMEN DIGITAL CREATIVE,Audio & Radio - Brand-led Education & Awareness,Submitted,https://ascentialcdn.filespin.io/api/v1/storyboard/d7e38d8c772f460e8e74a0a019d16e8e/storyboard_000008.jpg?quality=85&format=webp,https://www.lovethework.com/work/entries/forgotcast-770236
Spikes Asia,2026,Healthcare,healthcare,SAFETYNOVELA,PHILIPPINE AIRLINES,BBDO GUERRERO,"Film: Cinema, TV and Digital Film Content - Brand-led Education & Awareness",Submitted,https://ascentialcdn.filespin.io/api/v1/storyboard/5fc11d2a57f24dfcaa3fb8a9082dc456/storyboard_000008.jpg?quality=85&format=webp,https://www.lovethework.com/work/entries/safetynovela-770742
Spikes Asia,2026,Healthcare,healthcare,BEBECLUB AI POOP TRACKER,BEBECLUB,VOLARE ADVERTISING NETWORK - EYDEN,Digital Craft: Interface & Navigation (UI)/User Experience (UX) - Health & Wellness Tech,Submitted,https://ascentialcdn.filespin.io/api/v1/conversion/a985d968f0864a749cca1437cf1954a7?quality=85&format=webp,https://www.lovethework.com/work/entries/bebeclub-ai-poop-tracker-770423
Spikes Asia,2026,Healthcare,healthcare,PETER POPCORN LUNGS,HEALTH PROMOTION BOARD (SINGAPORE),TBWA\SINGAPORE,Industry Craft: Art Direction - Non-profit/Foundation-led Education & Awareness,Submitted,https://ascentialcdn.filespin.io/api/v1/conversion/d0c55e7125d544cda20b373952be473b?quality=85&format=webp,https://www.lovethework.com/work/entries/peter-popcorn-lungs-770651
Spikes Asia,2026,Healthcare,healthcare,RISING HOPE,SIRIRAJ HOSPITAL,MADMUSE,"Film: Cinema, TV and Digital Film Content - Corporate Image & Communication",Submitted,https://ascentialcdn.filespin.io/api/v1/storyboard/9f66f3f7a7144f7480e90a0cb98e345e/storyboard_000008.jpg?quality=85&format=webp,https://www.lovethework.com/work/entries/rising-hope-772951
Spikes Asia,2026,Healthcare,healthcare,DAWAI READER,ALKEM LABORATORIES,LOWE LINTAS,Healthcare Product Innovation - Direct to Healthcare Professional,Submitted,https://ascentialcdn.filespin.io/api/v1/conversion/762f141aa6fc442dad023f1af28469d8?quality=85&format=webp,https://www.lovethework.com/work/entries/dawai-reader-770081
Spikes Asia,2026,Healthcare,healthcare,THE BOOK THAT ENDED CANCER,CANCER SOCIETY NEW ZEALAND,VML,Print & Publishing: Collateral - Fundraising & Advocacy,Submitted,https://ascentialcdn.filespin.io/api/v1/conversion/4b12ff98c779414a8d518b652f2e7b56?quality=85&format=webp,https://www.lovethework.com/work/entries/the-book-that-ended-cancer-770157
Spikes Asia,2026,Healthcare,healthcare,MOGU MOGU TOWN,OTSUKA,DENTSU INC.,Brand Experience & Activation - Brand-led Education & Awareness,Submitted,https://ascentialcdn.filespin.io/api/v1/conversion/fad06e097ec24232820774091736cc43?quality=85&format=webp,https://www.lovethework.com/work/entries/mogu-mogu-town-770095
Spikes Asia,2026,Healthcare,healthcare,THE NAGA SAINT EYE TEST,EYEBETES FOUNDATION,GODREJ CREATIVE LAB,Direct - Direct to Patient,Submitted,https://ascentialcdn.filespin.io/api/v1/conversion/8ccb115332db4b298d72aa9ae698ed64?quality=85&format=webp,https://www.lovethework.com/work/entries/the-naga-saint-eye-test-770204
Spikes Asia,2026,Healthcare,healthcare,SCANVAS - LIGHT FROM DARKNESS,FRISIUM,BRANDCARE,Print & Publishing: Collateral - Direct to Healthcare Professional,Submitted,https://ascentialcdn.filespin.io/api/v1/conversion/97fb7f72b9f245f7bf2e0de269797c1c?quality=85&format=webp,https://www.lovethework.com/work/entries/scanvas-light-from-darkness-771184
Spikes Asia,2026,Healthcare,healthcare,PRAYKINSON,VAJIRA HOSPITAL,DENTSU CREATIVE THAILAND,Audio & Radio - Corporate Image & Communication,Submitted,https://ascentialcdn.filespin.io/api/v1/storyboard/bc46456d45ad43edb216a8f655cc6182/storyboard_000008.jpg?quality=85&format=webp,https://www.lovethework.com/work/entries/praykinson-770188
Spikes Asia,2026,Healthcare,healthcare,FAMILY ROAST,MEDIBANK MENTAL HEALTH,COLENSO BBDO,Brand Experience & Activation - Insurance,Submitted,https://ascentialcdn.filespin.io/api/v1/conversion/b7f57673c58e4154ba690d13449d903e?quality=85&format=webp,https://www.lovethework.com/work/entries/family-roast-770672
Spikes Asia,2026,Healthcare,healthcare,DAWAI READER,ALKEM LABORATORIES,LOWE LINTAS,Creative Data - Healthcare Professional Engagement,Submitted,https://ascentialcdn.filespin.io/api/v1/conversion/762f141aa6fc442dad023f1af28469d8?quality=85&format=webp,https://www.lovethework.com/work/entries/dawai-reader-770114
Spikes Asia,2026,Healthcare,healthcare,"STOOL DONATION PLATFORM ""CHO-MUSUBI""",METAGEN THERAPEUTICS,DENTSU INC.,Healthcare Product Innovation - Health Services & Facilities,Submitted,https://ascentialcdn.filespin.io/api/v1/conversion/f89d4957aa244002b57e3e4e2ea3a8fd?quality=85&format=webp,https://www.lovethework.com/work/entries/stool-donation-platform-cho-musubi-770196
Spikes Asia,2026,Healthcare,healthcare,HARLEY REID DON’T ARGUE,OPTIMUM NUTRITION,ELEVEN,Integrated - Nutraceuticals,Submitted,https://ascentialcdn.filespin.io/api/v1/conversion/2eb8b9cf9d0940a99eb0ca792acfaa40?quality=85&format=webp,https://www.lovethework.com/work/entries/harley-reid-dont-argue-770898
Spikes Asia,2026,Healthcare,healthcare,PROJECT EARLY PERIODS,WHISPER,LEO,Direct - Brand-led Education & Awareness,Submitted,https://ascentialcdn.filespin.io/api/v1/conversion/a4f4bd6089224561b801d46584d677cf?quality=85&format=webp,https://www.lovethework.com/work/entries/project-early-periods-772327
Spikes Asia,2026,Healthcare,healthcare,GO! BLACK DOG!,DISEASE EDUCATION FOR DEPRESSION (UNBRANDED),JOHNSON & JOHNSON,Brand Experience & Activation - Brand-led Education & Awareness,Submitted,https://ascentialcdn.filespin.io/api/v1/conversion/7e5d1f6a67114883ba04e2e3a5806daf?quality=85&format=webp,https://www.lovethework.com/work/entries/go-black-dog-771186
Spikes Asia,2026,Healthcare,healthcare,MALE AND FEMALE 1+1 FOR JOINT HPV DEFENSE,MSD TAIWAN,INITIATIVE TAIWAN,Integrated - Brand-led Education & Awareness,Submitted,https://ascentialcdn.filespin.io/api/v1/storyboard/7f941b14109c48228600c3ff039f959a/storyboard_000008.jpg?quality=85&format=webp,https://www.lovethework.com/work/entries/male-and-female-11-for-joint-hpv-defense-770166
Spikes Asia,2026,Healthcare,healthcare,IHH DEBUTS BOLD NEW IDENTITY,IHH HEALTHCARE,IHH HEALTHCARE,PR - Corporate Image & Communication,Submitted,https://ascentialcdn.filespin.io/api/v1/conversion/911065ec32dd449d91fe4fa9bb3a307a?quality=85&format=webp,https://www.lovethework.com/work/entries/ihh-debuts-bold-new-identity-771183
Spikes Asia,2026,Healthcare,healthcare,THE LIFESAVING LOBBY,MOVEMBER,RUMBLE STRATEGIC CREATIVE,Direct - Non-profit/Foundation-led Education & Awareness,Submitted,https://ascentialcdn.filespin.io/api/v1/conversion/c957f967accb46ffa122410119c88b05?quality=85&format=webp,https://www.lovethework.com/work/entries/the-lifesaving-lobby-771071
Spikes Asia,2026,Healthcare,healthcare,THE UNCOMFORTABLE CUP,TETLEY TEA,SHOWPONY ADVERTISING,Brand Experience & Activation - Brand-led Education & Awareness,Submitted,https://ascentialcdn.filespin.io/api/v1/conversion/ce03fbe499284ea8bf533a8a7d6a5857?quality=85&format=webp,https://www.lovethework.com/work/entries/the-uncomfortable-cup-771267
Spikes Asia,2026,Healthcare,healthcare,HAIRISM,DAEDAMO,DAEDAMO,Brand Experience & Activation - Brand-led Education & Awareness,Submitted,https://ascentialcdn.filespin.io/api/v1/conversion/e9e4edc4f48946ed923119cde0a56371?quality=85&format=webp,https://www.lovethework.com/work/entries/hairism-770445
Spikes Asia,2026,Healthcare,healthcare,HAENYEO SAFE BUDDY,JEJU INSTITUTE OF KOREAN MEDICINE,CHEIL WORLDWIDE,Direct - Health & Wellness Tech,Submitted,https://ascentialcdn.filespin.io/api/v1/conversion/b0c8626e9e054d8da475dff68915910f?quality=85&format=webp,https://www.lovethework.com/work/entries/haenyeo-safe-buddy-770144
Spikes Asia,2026,Healthcare,healthcare,PLUS INFLUENCER(BLOOD DONOR),KOREAN RED CROSS BLOOD SERVICES,KOREAN RED CROSS BLOOD SERVICES,"Film: Cinema, TV and Digital Film Content - Fundraising & Advocacy",Submitted,https://ascentialcdn.filespin.io/api/v1/storyboard/da5266b1140244ffb14ebb812a00de91/storyboard_000008.jpg?quality=85&format=webp,https://www.lovethework.com/work/entries/plus-influencerblood-donor-772949
Spikes Asia,2026,Healthcare,healthcare,NO SPACE FOR FAILURE,DENTAFUSE,BRANDCARE,Print & Publishing: Collateral - Healthcare Professional Engagement,Submitted,https://ascentialcdn.filespin.io/api/v1/conversion/1d952076afdb450286737c3a692f8a75?quality=85&format=webp,https://www.lovethework.com/work/entries/no-space-for-failure-771120
Spikes Asia,2026,Healthcare,healthcare,EYE SCAN,1001 OPTOMETRY,VML,Industry Craft: Typography - Brand-led Education & Awareness,Submitted,https://ascentialcdn.filespin.io/api/v1/conversion/7617a30f9c244982817a6f96c3ee8d37?quality=85&format=webp,https://www.lovethework.com/work/entries/eye-scan-770221
Spikes Asia,2026,Industry Craft,industry-craft,CRAFTMAN.SHIPS,SHIPS,HAKUHODO GRAVITY,Art Direction: Brand & Communications Design,Grand Prix,https://ascentialcdn.filespin.io/api/v1/conversion/be11541ff3954795b7678e60eea5eba8?quality=85&format=webp,https://www.lovethework.com/work/entries/craftmanships-770198
Spikes Asia,2026,Industry Craft,industry-craft,GODAWAN 173 COLLECTOR'S EDITION,DIAGEO,22FEET TRIBAL WORLDWIDE,Illustration: Packaging Design,Gold,https://ascentialcdn.filespin.io/api/v1/conversion/a58de3daa1c144cb875d5e94b1566645?quality=85&format=webp,https://www.lovethework.com/work/entries/godawan-173-collectors-edition-771933
Spikes Asia,2026,Industry Craft,industry-craft,INGLISH DICTIONARY,AIR INDIA EXPRESS,JUICE,Illustration: Print & Publishing,Silver,https://ascentialcdn.filespin.io/api/v1/conversion/8359bebf4076466a8f841014ca77a1dd?quality=85&format=webp,https://www.lovethework.com/work/entries/inglish-dictionary-770139
Spikes Asia,2026,Industry Craft,industry-craft,THE LAWS OF CRICKET,VICTORIA BITTER,"DROGA5 ANZ, PART OF ACCENTURE SONG",Copywriting: Packaging Design,Silver,https://ascentialcdn.filespin.io/api/v1/conversion/6cd13b43b5ad43a98bfddcec4b8c3b05?quality=85&format=webp,https://www.lovethework.com/work/entries/the-laws-of-cricket-773037
Spikes Asia,2026,Industry Craft,industry-craft,NO LABELS,NIKKA WHISKY,DENTSU INC.,Photography: Brand & Communications Design,Bronze,https://ascentialcdn.filespin.io/api/v1/conversion/298920c22d6d4405bd030b3c48358045?quality=85&format=webp,https://www.lovethework.com/work/entries/no-labels-770151
Spikes Asia,2026,Industry Craft,industry-craft,MLB PLAYER MANHOLES,MAJOR LEAGUE BASEBALL,WIEDEN+KENNEDY,Art Direction: Outdoor,Bronze,https://ascentialcdn.filespin.io/api/v1/conversion/99b92a0d503f4b64b76e86ad6d2ecca0?quality=85&format=webp,https://www.lovethework.com/work/entries/mlb-player-manholes-770837
Spikes Asia,2026,Industry Craft,industry-craft,NO LABELS,NIKKA WHISKY,DENTSU INC.,Art Direction: Brand & Communications Design,Shortlist,https://ascentialcdn.filespin.io/api/v1/conversion/abf71c069df9488c94dd0e3c017aa2f3?quality=85&format=webp,https://www.lovethework.com/work/entries/no-labels-770154
Spikes Asia,2026,Industry Craft,industry-craft,ROOFTOP REVIVAL - GUUI-DONG,HEINEKEN,LEPUB,Photography: Outdoor,Shortlist,https://ascentialcdn.filespin.io/api/v1/conversion/eb6b0ea30fd542549f506ae3112ae8d3?quality=85&format=webp,https://www.lovethework.com/work/entries/rooftop-revival-guui-dong-770808
Spikes Asia,2026,Industry Craft,industry-craft,PEACEFUL WEAPON,THE AD MUSEUM TOKYO,DENTSU INC.,Art Direction: Brand & Communications Design,Shortlist,https://ascentialcdn.filespin.io/api/v1/conversion/426014ae2473412ca44f6a709614a5f0?quality=85&format=webp,https://www.lovethework.com/work/entries/peaceful-weapon-770170
Spikes Asia,2026,Industry Craft,industry-craft,ROOFTOP REVIVAL - GUUI-DONG,HEINEKEN,LEPUB,Art Direction: Outdoor,Shortlist,https://ascentialcdn.filespin.io/api/v1/conversion/eb6b0ea30fd542549f506ae3112ae8d3?quality=85&format=webp,https://www.lovethework.com/work/entries/rooftop-revival-guui-dong-770848
Spikes Asia,2026,Industry Craft,industry-craft,AN ARCHIVE OF MEMORIES,CZIP LEE,MUMA MALAYSIA,Illustration: Outdoor,Shortlist,https://ascentialcdn.filespin.io/api/v1/conversion/d217b53fb34d4b47af5a00601c0f5592?quality=85&format=webp,https://www.lovethework.com/work/entries/an-archive-of-memories-770107
Spikes Asia,2026,Industry Craft,industry-craft,IN TUNE WITH NATURE,FOREST CARBON,DESIGN BRIDGE AND PARTNERS,Art Direction: Brand & Communications Design,Shortlist,https://ascentialcdn.filespin.io/api/v1/conversion/03c8f298c5504a68b61ce445d0920f10?quality=85&format=webp,https://www.lovethework.com/work/entries/in-tune-with-nature-770141
Spikes Asia,2026,Industry Craft,industry-craft,THE CELESTIAL ABYSS,CZIP LEE,MUMA MALAYSIA,Illustration: Outdoor,Shortlist,https://ascentialcdn.filespin.io/api/v1/conversion/788d0660000d4256b2e1b66a4addcec0?quality=85&format=webp,https://www.lovethework.com/work/entries/the-celestial-abyss-770116
Spikes Asia,2026,Industry Craft,industry-craft,CRAFTMAN.SHIPS,SHIPS,HAKUHODO GRAVITY,Illustration: Brand & Communications Design,Shortlist,https://ascentialcdn.filespin.io/api/v1/conversion/be11541ff3954795b7678e60eea5eba8?quality=85&format=webp,https://www.lovethework.com/work/entries/craftmanships-770098
Spikes Asia,2026,Industry Craft,industry-craft,ROOFTOP REVIVAL - JUNGGOK-DONG,HEINEKEN,LEPUB,Photography: Outdoor,Submitted,https://ascentialcdn.filespin.io/api/v1/conversion/f7ee7935ad534664a640888b70e9bb4d?quality=85&format=webp,https://www.lovethework.com/work/entries/rooftop-revival-junggok-dong-770794
Spikes Asia,2026,Industry Craft,industry-craft,ROOFTOP REVIVAL - EUNGAM-DONG,HEINEKEN,LEPUB,Photography: Outdoor,Submitted,https://ascentialcdn.filespin.io/api/v1/conversion/ef5bb5e843074a1caf091580f74c4bb4?quality=85&format=webp,https://www.lovethework.com/work/entries/rooftop-revival-eungam-dong-773075
Spikes Asia,2026,Industry Craft,industry-craft,BANK LOAN OFFICER,KOREAN NATIONAL POLICE AGENCY,CHEIL WORLDWIDE,Art Direction: Print & Publishing,Submitted,https://ascentialcdn.filespin.io/api/v1/conversion/92b5a88f71c441868f593d73aeb4b16b?quality=85&format=webp,https://www.lovethework.com/work/entries/bank-loan-officer-770746
Spikes Asia,2026,Industry Craft,industry-craft,ANZ X AUCKLAND FC SEASON 2 - BOTANY,ANZ BANK NEW ZEALAND,TBWA\NEW ZEALAND,Photography: Outdoor,Submitted,https://ascentialcdn.filespin.io/api/v1/conversion/18840f5577454271a35793caf5082c1e?quality=85&format=webp,https://www.lovethework.com/work/entries/anz-x-auckland-fc-season-2-botany-773072
Spikes Asia,2026,Industry Craft,industry-craft,THAIRICANO : THE CUP OF LIFE,PUNTHAI COFFEE,WOLF BKK,Illustration: Brand & Communications Design,Submitted,https://ascentialcdn.filespin.io/api/v1/conversion/1dbdf2f4c70e4a2db447d9bc80ecaaf2?quality=85&format=webp,https://www.lovethework.com/work/entries/thairicano-the-cup-of-life-770086
Spikes Asia,2026,Industry Craft,industry-craft,INGLISH DICTIONARY,AIR INDIA EXPRESS,JUICE,Copywriting: Print & Publishing,Submitted,https://ascentialcdn.filespin.io/api/v1/conversion/5f2f1631fbbe41fd911975de9cbcb617?quality=85&format=webp,https://www.lovethework.com/work/entries/inglish-dictionary-770175
Spikes Asia,2026,Industry Craft,industry-craft,ROOFTOP REVIVAL - EUNGAM-DONG,HEINEKEN,LEPUB,Art Direction: Outdoor,Submitted,https://ascentialcdn.filespin.io/api/v1/conversion/ef5bb5e843074a1caf091580f74c4bb4?quality=85&format=webp,https://www.lovethework.com/work/entries/rooftop-revival-eungam-dong-770846
Spikes Asia,2026,Industry Craft,industry-craft,EYE SCAN,1001 OPTOMETRY,VML,Typography: Outdoor,Submitted,https://ascentialcdn.filespin.io/api/v1/conversion/7617a30f9c244982817a6f96c3ee8d37?quality=85&format=webp,https://www.lovethework.com/work/entries/eye-scan-770115
Spikes Asia,2026,Industry Craft,industry-craft,EYE TEST,1001 OPTOMETRY,VML,Typography: Outdoor,Submitted,https://ascentialcdn.filespin.io/api/v1/conversion/0d13f5395e274e98a8fc54d97af4e6d6?quality=85&format=webp,https://www.lovethework.com/work/entries/eye-test-772965
Spikes Asia,2026,Industry Craft,industry-craft,BROTHER PIMP,KOREAN NATIONAL POLICE AGENCY,CHEIL WORLDWIDE,Art Direction: Print & Publishing,Submitted,https://ascentialcdn.filespin.io/api/v1/conversion/32c2782b598748538fa784c8f05fdf7c?quality=85&format=webp,https://www.lovethework.com/work/entries/brother-pimp-770726
Spikes Asia,2026,Industry Craft,industry-craft,"ISOLATE PESTS, ISOLATE HARM",ZIP PEST SOLUTIONS,VML,Typography: Brand & Communications Design,Submitted,https://ascentialcdn.filespin.io/api/v1/conversion/83d6278fad764938bfe7a866c73a8bb3?quality=85&format=webp,https://www.lovethework.com/work/entries/isolate-pests-isolate-harm-772370
Spikes Asia,2026,Industry Craft,industry-craft,GET YOUR PICKLE ON,PICKLEBET,PHOTOPLAY PHOTOGRAPHY,Photography: Outdoor,Submitted,https://ascentialcdn.filespin.io/api/v1/conversion/ceaf6f415b164a499e180fefceb531fe?quality=85&format=webp,https://www.lovethework.com/work/entries/get-your-pickle-on-771237
Spikes Asia,2026,Industry Craft,industry-craft,SMOKE OF VICTORY,RALLY JAPAN 2025,DENTSU INC.,Art Direction: Brand & Communications Design,Submitted,https://ascentialcdn.filespin.io/api/v1/conversion/74ae227cb73143b7ae3e819299029411?quality=85&format=webp,https://www.lovethework.com/work/entries/smoke-of-victory-770191
Spikes Asia,2026,Industry Craft,industry-craft,ROOFTOP REVIVAL,HEINEKEN,LEPUB,Photography: Brand & Communications Design,Submitted,https://ascentialcdn.filespin.io/api/v1/storyboard/77e5092bc3b341aeac3650f10bfbe379/storyboard_000008.jpg?quality=85&format=webp,https://www.lovethework.com/work/entries/rooftop-revival-770862
Spikes Asia,2026,Industry Craft,industry-craft,HALLOWEEN HIJACK,PEPSICO,AKCELO,Art Direction: Outdoor,Submitted,https://ascentialcdn.filespin.io/api/v1/conversion/1e815f190feb4a988dccc1b82b08af2c?quality=85&format=webp,https://www.lovethework.com/work/entries/halloween-hijack-770834
Spikes Asia,2026,Industry Craft,industry-craft,HOWEVER IT DIES,MOBILEMUSTER,ENIGMA,Art Direction: Outdoor,Submitted,https://ascentialcdn.filespin.io/api/v1/storyboard/d70574defca646b78a31eb76e9fc21fb/storyboard_000008.jpg?quality=85&format=webp,https://www.lovethework.com/work/entries/however-it-dies-771049
Spikes Asia,2026,Industry Craft,industry-craft,ANZ X AUCKLAND FC SEASON 2 - NORTH SHORE,ANZ BANK NEW ZEALAND,TBWA\NEW ZEALAND,Photography: Outdoor,Submitted,https://ascentialcdn.filespin.io/api/v1/conversion/4cfb88b132c84f8bb6a4273a845b9112?quality=85&format=webp,https://www.lovethework.com/work/entries/anz-x-auckland-fc-season-2-north-shore-773074
Spikes Asia,2026,Industry Craft,industry-craft,"OUTSIDE, YOUR COMFORT ZONE.",KATHMANDU,MOTION SICKNESS,Copywriting: Outdoor,Submitted,https://ascentialcdn.filespin.io/api/v1/conversion/c032d5ec071b49c2a52c2272d78147fb?quality=85&format=webp,https://www.lovethework.com/work/entries/outside-your-comfort-zone-770418
Spikes Asia,2026,Industry Craft,industry-craft,TRACES OF TRANCE,SHISEIDO CO.,SHISEIDO CREATIVE,Art Direction: Outdoor,Submitted,https://ascentialcdn.filespin.io/api/v1/storyboard/c36ab628e3254e5baf3297eb09ea3973/storyboard_000008.jpg?quality=85&format=webp,https://www.lovethework.com/work/entries/traces-of-trance-771415
Spikes Asia,2026,Industry Craft,industry-craft,BANK LOAN OFFICER,KOREAN NATIONAL POLICE AGENCY,CHEIL WORLDWIDE,Illustration: Print & Publishing,Submitted,https://ascentialcdn.filespin.io/api/v1/conversion/bca3fc2b09ef4abb80460c70eaf532df?quality=85&format=webp,https://www.lovethework.com/work/entries/bank-loan-officer-773071
Spikes Asia,2026,Industry Craft,industry-craft,INVESTIGATOR,KOREAN NATIONAL POLICE AGENCY,CHEIL WORLDWIDE,Illustration: Print & Publishing,Submitted,https://ascentialcdn.filespin.io/api/v1/conversion/5f9bbc4cf3db43bdb5a9848db4ea3d36?quality=85&format=webp,https://www.lovethework.com/work/entries/investigator-773070
Spikes Asia,2026,Industry Craft,industry-craft,ROOFTOP REVIVAL - JUNGGOK-DONG,HEINEKEN,LEPUB,Art Direction: Outdoor,Submitted,https://ascentialcdn.filespin.io/api/v1/conversion/f7ee7935ad534664a640888b70e9bb4d?quality=85&format=webp,https://www.lovethework.com/work/entries/rooftop-revival-junggok-dong-770842
Spikes Asia,2026,Industry Craft,industry-craft,SMOKE OF VICTORY,RALLY JAPAN 2025,DENTSU INC.,Illustration: Brand & Communications Design,Submitted,https://ascentialcdn.filespin.io/api/v1/conversion/74ae227cb73143b7ae3e819299029411?quality=85&format=webp,https://www.lovethework.com/work/entries/smoke-of-victory-772969
Spikes Asia,2026,Industry Craft,industry-craft,PLAYFUL STAMINA,NIKKEI INC.,DENTSU INC.,Art Direction: Brand & Communications Design,Submitted,https://ascentialcdn.filespin.io/api/v1/conversion/8d881ad51274442891b9a02b6200a75d?quality=85&format=webp,https://www.lovethework.com/work/entries/playful-stamina-772967
Spikes Asia,2026,Industry Craft,industry-craft,ESSENTIAL MOMENT,JIMBEAM,DENTSU INC.,Art Direction: Brand & Communications Design,Submitted,https://ascentialcdn.filespin.io/api/v1/conversion/a73606729ab84e9fbd1261348ce856e2?quality=85&format=webp,https://www.lovethework.com/work/entries/essential-moment-770179
Spikes Asia,2026,Industry Craft,industry-craft,BROTHEL PIMP,KOREAN NATIONAL POLICE AGENCY,CHEIL WORLDWIDE,Illustration: Print & Publishing,Submitted,https://ascentialcdn.filespin.io/api/v1/conversion/f07fee145e44427ba6426220abf32f0d?quality=85&format=webp,https://www.lovethework.com/work/entries/brothel-pimp-770754
Spikes Asia,2026,Industry Craft,industry-craft,COCA-COLA FROZEN,COCA-COLA,OGILVY,Art Direction: Brand & Communications Design,Submitted,https://ascentialcdn.filespin.io/api/v1/conversion/67c9b919bbf54d3a8d4f13e855d160be?quality=85&format=webp,https://www.lovethework.com/work/entries/coca-cola-frozen-770607
Spikes Asia,2026,Industry Craft,industry-craft,EYE TEST,1001 OPTOMETRY,VML,Art Direction: Outdoor,Submitted,https://ascentialcdn.filespin.io/api/v1/conversion/0d13f5395e274e98a8fc54d97af4e6d6?quality=85&format=webp,https://www.lovethework.com/work/entries/eye-test-770206
Spikes Asia,2026,Industry Craft,industry-craft,YOU DESERVE A LITTLE TREAT,MCDONALD'S AUSTRALIA,PHOTOPLAY PHOTOGRAPHY,Photography: Outdoor,Submitted,https://ascentialcdn.filespin.io/api/v1/conversion/d105a3582ae940758fadc3f14fca5d0a?quality=85&format=webp,https://www.lovethework.com/work/entries/you-deserve-a-little-treat-771227
Spikes Asia,2026,Industry Craft,industry-craft,ONE HUNDRED COLORS. ONE HUNDRED PEOPLE.,ADM MAGAZINE,ADM,Art Direction: Brand & Communications Design,Submitted,https://ascentialcdn.filespin.io/api/v1/conversion/7177b135757d4e2091ff938f85fc9f4c?quality=85&format=webp,https://www.lovethework.com/work/entries/one-hundred-colors-one-hundred-people-771492
Spikes Asia,2026,Industry Craft,industry-craft,BLACKOUT VOWS BY GABRIELA,GABRIELA,"THE NATIONAL ALLIANCE OF WOMEN, DENTSU CREATIVE",Copywriting: Print & Publishing,Submitted,https://ascentialcdn.filespin.io/api/v1/conversion/bdcc8fbd698d4f00880aeee831f724ac?quality=85&format=webp,https://www.lovethework.com/work/entries/blackout-vows-by-gabriela-770162
Spikes Asia,2026,Industry Craft,industry-craft,PUMPUI NOLINGUAL FONT,PUMPUI,YELL ADVERTISING,Typography: Brand & Communications Design,Submitted,https://ascentialcdn.filespin.io/api/v1/conversion/aad4f32837d14b4e9a281faab014c3a0?quality=85&format=webp,https://www.lovethework.com/work/entries/pumpui-nolingual-font-770100
Spikes Asia,2026,Industry Craft,industry-craft,FOREVER GOLDEN,FOOTBALL AUSTRALIA,M+C SAATCHI,Typography: Brand & Communications Design,Submitted,https://ascentialcdn.filespin.io/api/v1/conversion/f0c43e3243fe4730811e521897cfaf45?quality=85&format=webp,https://www.lovethework.com/work/entries/forever-golden-770896
Spikes Asia,2026,Industry Craft,industry-craft,CHAMPION TABLE CLOTHES,CHAMPION DETERGENTS,TBWA\SMP,Art Direction: Brand & Communications Design,Submitted,https://ascentialcdn.filespin.io/api/v1/conversion/0974aa4acd864ed7bca0562b0e366cdc?quality=85&format=webp,https://www.lovethework.com/work/entries/champion-table-clothes-773069
Spikes Asia,2026,Industry Craft,industry-craft,YEAR OF THE SNAKE,COCA-COLA,OGILVY HONG KONG,Illustration: Outdoor,Submitted,https://ascentialcdn.filespin.io/api/v1/conversion/806111d2d5414aaea8bfde722b36ed4c?quality=85&format=webp,https://www.lovethework.com/work/entries/year-of-the-snake-770129
Spikes Asia,2026,Industry Craft,industry-craft,DNSW BRAND CAMPAIGN 2025,DESTINATION NSW,PHOTOPLAY PHOTOGRAPHY,Photography: Outdoor,Submitted,https://ascentialcdn.filespin.io/api/v1/conversion/08aba38f5c92463fa0fe04473df79240?quality=85&format=webp,https://www.lovethework.com/work/entries/dnsw-brand-campaign-2025-771249
Spikes Asia,2026,Industry Craft,industry-craft,ANZ X AUCKLAND FC SEASON 2 - AVONDALE,ANZ BANK NEW ZEALAND,TBWA\NEW ZEALAND,Photography: Outdoor,Submitted,https://ascentialcdn.filespin.io/api/v1/conversion/7661c8f8ab45486c8994f4058b6059df?quality=85&format=webp,https://www.lovethework.com/work/entries/anz-x-auckland-fc-season-2-avondale-770786
Spikes Asia,2026,Industry Craft,industry-craft,EYECARE,1001 OPTOMETRY,VML,Art Direction: Outdoor,Submitted,https://ascentialcdn.filespin.io/api/v1/conversion/d533a5d60255478bb1186f3948f9d590?quality=85&format=webp,https://www.lovethework.com/work/entries/eyecare-772968
Spikes Asia,2026,Industry Craft,industry-craft,WHATSAPP – MAKING TEXTING TRULY INCLUSIVE FOR INDIA,WHATSAPP,FUNDAMENTAL,Illustration: Outdoor,Submitted,https://ascentialcdn.filespin.io/api/v1/conversion/2658882b3603494a87560f7ffdb49e61?quality=85&format=webp,https://www.lovethework.com/work/entries/whatsapp-making-texting-truly-inclusive-for-india-770121
Spikes Asia,2026,Industry Craft,industry-craft,ENDANGERED SPECIES AR BIRD WATCHING NEWSPAPER,CHUNICHI SHIMBUN,DENTSU INC.,Typography: Print & Publishing,Submitted,https://ascentialcdn.filespin.io/api/v1/conversion/c8872ea6fb034239aa568e85b926f47e?quality=85&format=webp,https://www.lovethework.com/work/entries/endangered-species-ar-bird-watching-newspaper-772966
Spikes Asia,2026,Industry Craft,industry-craft,EYECARE,1001 OPTOMETRY,VML,Typography: Outdoor,Submitted,https://ascentialcdn.filespin.io/api/v1/conversion/d533a5d60255478bb1186f3948f9d590?quality=85&format=webp,https://www.lovethework.com/work/entries/eyecare-770130
Spikes Asia,2026,Industry Craft,industry-craft,FOREVER ORIGINAL '1 OF 1',COOPERS / PREMIUM BEVERAGES,SPECIAL,Art Direction: Brand & Communications Design,Submitted,https://ascentialcdn.filespin.io/api/v1/conversion/6c42e3b17c254db794ae4f2b1e9316a4?quality=85&format=webp,https://www.lovethework.com/work/entries/forever-original-1-of-1-770903
Spikes Asia,2026,Industry Craft,industry-craft,BALLOON YOUR HOPE.,THE AD MUSEUM TOKYO,DENTSU INC.,Art Direction: Brand & Communications Design,Submitted,https://ascentialcdn.filespin.io/api/v1/conversion/3a3e80020d814609a375732496cb59a3?quality=85&format=webp,https://www.lovethework.com/work/entries/balloon-your-hope-770164
Spikes Asia,2026,Industry Craft,industry-craft,FRESH VISIONS,DENTSU ADVERTISING AWARDS,DENTSU INC.,Art Direction: Brand & Communications Design,Submitted,https://ascentialcdn.filespin.io/api/v1/conversion/56dc07d9ddde49538b38bdd6ac9e4f2a?quality=85&format=webp,https://www.lovethework.com/work/entries/fresh-visions-770146
Spikes Asia,2026,Industry Craft,industry-craft,EYE SCAN,1001 OPTOMETRY,VML,Art Direction: Outdoor,Submitted,https://ascentialcdn.filespin.io/api/v1/conversion/7617a30f9c244982817a6f96c3ee8d37?quality=85&format=webp,https://www.lovethework.com/work/entries/eye-scan-770210
Spikes Asia,2026,Industry Craft,industry-craft,FOREVER GOLDEN,FOOTBALL AUSTRALIA,M+C SAATCHI,Art Direction: Outdoor,Submitted,https://ascentialcdn.filespin.io/api/v1/conversion/8183552e570241b29ef80b8717a7514c?quality=85&format=webp,https://www.lovethework.com/work/entries/forever-golden-770907
Spikes Asia,2026,Industry Craft,industry-craft,ANZ X AUCKLAND FC SEASON 2 - GREY LYNN,ANZ BANK NEW ZEALAND,TBWA\NEW ZEALAND,Photography: Outdoor,Submitted,https://ascentialcdn.filespin.io/api/v1/conversion/19407b58d94749a78fd33a031951a171?quality=85&format=webp,https://www.lovethework.com/work/entries/anz-x-auckland-fc-season-2-grey-lynn-770778
Spikes Asia,2026,Industry Craft,industry-craft,INVESTIGATOR,KOREAN NATIONAL POLICE AGENCY,CHEIL WORLDWIDE,Art Direction: Print & Publishing,Submitted,https://ascentialcdn.filespin.io/api/v1/conversion/5cd2ea5ddc2e4e65a9e4844abed49992?quality=85&format=webp,https://www.lovethework.com/work/entries/investigator-770735
Spikes Asia,2026,Industry Craft,industry-craft,ANZ X AUCKLAND FC SEASON 2 - MT ROSKILL,ANZ BANK NEW ZEALAND,TBWA\NEW ZEALAND,Photography: Outdoor,Submitted,https://ascentialcdn.filespin.io/api/v1/conversion/8078917a67e64924b11fe96a6f822aee?quality=85&format=webp,https://www.lovethework.com/work/entries/anz-x-auckland-fc-season-2-mt-roskill-773073
Spikes Asia,2026,Innovation,innovation,SMART EYE CAMERA,OUI INC.,TBWA\HAKUHODO,Product Innovation,Grand Prix,https://ascentialcdn.filespin.io/api/v1/conversion/b55e3f82689e4dcdbd14bc4ea496d7be?quality=85&format=webp,https://www.lovethework.com/work/entries/smart-eye-camera-769951
Spikes Asia,2026,Innovation,innovation,CHEER SIGNS,CHEER SIGNS,TBWA\HAKUHODO,Societal Innovation,Gold,https://ascentialcdn.filespin.io/api/v1/conversion/c8feabbe3b7949879999ac690bd274ea?quality=85&format=webp,https://www.lovethework.com/work/entries/cheer-signs-770585
Spikes Asia,2026,Innovation,innovation,DARESCORE,MOUNTAIN DEW,LEO,Societal Innovation,Silver,https://ascentialcdn.filespin.io/api/v1/conversion/2d017b7a37f1456db0d330ecec745d14?quality=85&format=webp,https://www.lovethework.com/work/entries/darescore-771036
Spikes Asia,2026,Innovation,innovation,VISION PULSE : SIGHT BEYOND SEEING,HYUNDAI MOTOR COMPANY,HYUNDAI MOTOR COMPANY,Early-Stage Technology,Bronze,https://ascentialcdn.filespin.io/api/v1/conversion/7f95dfe53da842fbb3a115a7c4faeba0?quality=85&format=webp,https://www.lovethework.com/work/entries/vision-pulse-sight-beyond-seeing-770579
Spikes Asia,2026,Innovation,innovation,HAVEN,SUNCORP INSURANCE,LEO,Brand-Led Innovation,Shortlist,https://ascentialcdn.filespin.io/api/v1/conversion/1c2dd1f33da546d5a9a7c8556366bc64?quality=85&format=webp,https://www.lovethework.com/work/entries/haven-770718
Spikes Asia,2026,Innovation,innovation,WAVES OF WILL POWERED BY NTT,NTT HUMAN INFORMATICS LABORATORIES,DENTSU INC.,Societal Innovation,Shortlist,https://ascentialcdn.filespin.io/api/v1/conversion/a8f08726b34b4e5b8a6e464104b8ffa4?quality=85&format=webp,https://www.lovethework.com/work/entries/waves-of-will-powered-by-ntt-770717
Spikes Asia,2026,Innovation,innovation,TSUGIKI：COFFEE REBORN,TULLY'S,PR CONSULTING DENTSU,Environmental Innovation,Shortlist,https://ascentialcdn.filespin.io/api/v1/conversion/d629372d7ab34bf2b9e26920e8eb51c8?quality=85&format=webp,https://www.lovethework.com/work/entries/tsugikicoffee-reborn-770520
Spikes Asia,2026,Innovation,innovation,GARUDA RAKSHAK,DSP MUTUAL FUNDS,DENTSU CREATIVE,Societal Innovation,Shortlist,https://ascentialcdn.filespin.io/api/v1/conversion/89bc4fc4a633468194b5cba46a8d4ffc?quality=85&format=webp,https://www.lovethework.com/work/entries/garuda-rakshak-771329
Spikes Asia,2026,Innovation,innovation,SAKURA SCAN,KIRIN BEER,KIRIN BREWERY COMPANY,Environmental Innovation,Submitted,https://ascentialcdn.filespin.io/api/v1/conversion/1de049ba98d24b558834c6067c5802b0?quality=85&format=webp,https://www.lovethework.com/work/entries/sakura-scan-770716
Spikes Asia,2026,Innovation,innovation,THE BREATHING WALL,TBC BANK UZBEKISTAN,FCB ARTGROUP,Environmental Innovation,Submitted,https://ascentialcdn.filespin.io/api/v1/conversion/a611be99781e44cfaa76018fb67e90b2?quality=85&format=webp,https://www.lovethework.com/work/entries/the-breathing-wall-769955
Spikes Asia,2026,Innovation,innovation,DFREE HAPPEE BUDDY,DFREE,DFREE,Societal Innovation,Submitted,https://ascentialcdn.filespin.io/api/v1/conversion/5b1caf5634d7491f89e88d068992791e?quality=85&format=webp,https://www.lovethework.com/work/entries/dfree-happee-buddy-769976
Spikes Asia,2026,Innovation,innovation,SECOND LIFE KURA,THE BATH & BED TEAM,DENTSU INC.,Societal Innovation,Submitted,https://ascentialcdn.filespin.io/api/v1/conversion/3c8fecb11088412e9880c54b1380b919?quality=85&format=webp,https://www.lovethework.com/work/entries/second-life-kura-771372
Spikes Asia,2026,Innovation,innovation,MOBILIFE,MOBILIFE,MOBICOM,Fintech,Submitted,https://ascentialcdn.filespin.io/api/v1/conversion/d5f4c0362ac74775a42f1ec0023415fd?quality=85&format=webp,https://www.lovethework.com/work/entries/mobilife-770091
Spikes Asia,2026,Innovation,innovation,TK MATES — AI FASHION COMPANION TRANSFORMING RETAIL EXPERIENCE,SWIRE PROPERTIES,SWIRE PROPERTIES,Brand-Led Innovation,Submitted,https://ascentialcdn.filespin.io/api/v1/conversion/9a907b571cf44d7b89e173616fa3e42e?quality=85&format=webp,https://www.lovethework.com/work/entries/tk-mates-ai-fashion-companion-transforming-retail-experience-770410
Spikes Asia,2026,Innovation,innovation,LAY'S REVIVING MITTI,LAY'S,LEO,Environmental Innovation,Submitted,https://ascentialcdn.filespin.io/api/v1/conversion/e4890d931f84403980e9402752d2a76a?quality=85&format=webp,https://www.lovethework.com/work/entries/lays-reviving-mitti-770991
Spikes Asia,2026,Innovation,innovation,SC WELLNESSNOW,STANDARD CHARTERED,DENTSU CREATIVE,Technology,Submitted,https://ascentialcdn.filespin.io/api/v1/conversion/038b667e10a44d4990a54272601109d0?quality=85&format=webp,https://www.lovethework.com/work/entries/sc-wellnessnow-770715
Spikes Asia,2026,Innovation,innovation,HAPTALE,ITOCHU CORPORATION,ITOCHU CORPORATION,Early-Stage Technology,Submitted,https://ascentialcdn.filespin.io/api/v1/conversion/ed61c38774c843739e84106970bfba7e?quality=85&format=webp,https://www.lovethework.com/work/entries/haptale-769934
Spikes Asia,2026,Innovation,innovation,ORAL HEALTH MOVEMENT,COLGATE,NETWORK18 MEDIA & INVESTMENTS,Societal Innovation,Submitted,https://ascentialcdn.filespin.io/api/v1/conversion/cf53595d44cb4b739a93fa5632e5b48c?quality=85&format=webp,https://www.lovethework.com/work/entries/oral-health-movement-770714
Spikes Asia,2026,Innovation,innovation,GEOPRO - POPULATION MOVEMENT ANALYSIS,MOBICOM LLC,MOBICOM,Technology,Submitted,https://ascentialcdn.filespin.io/api/v1/conversion/35ef6b0772ed48b4a27aafcdcf8fb42e?quality=85&format=webp,https://www.lovethework.com/work/entries/geopro-population-movement-analysis-770087
Spikes Asia,2026,Innovation,innovation,ENTOUCHABLE MUSEUM,HACHIOJI VISUALLY IMPAIRED WELFARE ASSOCIATION,HACHIOJI VISUALLY IMPAIRED WELFARE ASSOCIATION,Societal Innovation,Submitted,https://ascentialcdn.filespin.io/api/v1/conversion/59b909fc167d436aa9c0afd1d21125b3?quality=85&format=webp,https://www.lovethework.com/work/entries/entouchable-museum-771375
Spikes Asia,2026,Innovation,innovation,CAMPANION,KURO SNACKS,McCANN,Early-Stage Technology,Submitted,https://ascentialcdn.filespin.io/api/v1/conversion/89b1ad86568342619074aa3eb72aa48e?quality=85&format=webp,https://www.lovethework.com/work/entries/campanion-769924
Spikes Asia,2026,Innovation,innovation,MOBILIFE,MOBILIFE,MOBICOM,Societal Innovation,Submitted,https://ascentialcdn.filespin.io/api/v1/conversion/809b2b027cd1499884561061e646b57c?quality=85&format=webp,https://www.lovethework.com/work/entries/mobilife-769984
Spikes Asia,2026,Innovation,innovation,ARK.WORKS,ARK.WORKS,REBE WORLD FZCO,Technology,Submitted,https://ascentialcdn.filespin.io/api/v1/conversion/8373c190412d44b886f357123e33f932?quality=85&format=webp,https://www.lovethework.com/work/entries/arkworks-771376
Spikes Asia,2026,Innovation,innovation,TAP PAY FOR BUSINESS,JAZZCASH,FISHBOWL,Fintech,Submitted,https://ascentialcdn.filespin.io/api/v1/conversion/5ec99b5bb3da48188e135213d2d674f4?quality=85&format=webp,https://www.lovethework.com/work/entries/tap-pay-for-business-770713
Spikes Asia,2026,Innovation,innovation,"STOOL DONATION PLATFORM ""CHO-MUSUBI""",METAGEN THERAPEUTICS,DENTSU INC.,Early-Stage Technology,Submitted,https://ascentialcdn.filespin.io/api/v1/conversion/f89d4957aa244002b57e3e4e2ea3a8fd?quality=85&format=webp,https://www.lovethework.com/work/entries/stool-donation-platform-cho-musubi-771330
Spikes Asia,2026,Innovation,innovation,BEBECLUB AI POOP TRACKER,BEBECLUB,VOLARE ADVERTISING NETWORK - EYDEN,Technology,Submitted,https://ascentialcdn.filespin.io/api/v1/conversion/a985d968f0864a749cca1437cf1954a7?quality=85&format=webp,https://www.lovethework.com/work/entries/bebeclub-ai-poop-tracker-771374
Spikes Asia,2026,Innovation,innovation,GARUDA RAKSHAK,DSP MUTUAL FUNDS,DENTSU CREATIVE,Technology,Submitted,https://ascentialcdn.filespin.io/api/v1/conversion/89bc4fc4a633468194b5cba46a8d4ffc?quality=85&format=webp,https://www.lovethework.com/work/entries/garuda-rakshak-770078
Spikes Asia,2026,Innovation,innovation,ONE NOODLE,HARAKU RAMEN,BLKJ HAVAS,Product Innovation,Submitted,https://ascentialcdn.filespin.io/api/v1/conversion/f43a17e513764061a27d43ded5b71d1d?quality=85&format=webp,https://www.lovethework.com/work/entries/one-noodle-771373
Spikes Asia,2026,Innovation,innovation,HAVEN,SUNCORP INSURANCE,LEO,Societal Innovation,Submitted,https://ascentialcdn.filespin.io/api/v1/conversion/b36914ae36d84bc9943f5784d28dd299?quality=85&format=webp,https://www.lovethework.com/work/entries/haven-770719
Spikes Asia,2026,Integrated,integrated,KUNG FRIES,MCDONALD'S PROSPECT HOSPITALITY,LEO TAIWAN,Integrated,Grand Prix,https://ascentialcdn.filespin.io/api/v1/conversion/985d939b42cd4c94a6b72063f59fa6c1?quality=85&format=webp,https://www.lovethework.com/work/entries/kung-fries-771000
Spikes Asia,2026,Integrated,integrated,NEW ZEALAND'S ONE BIG AD,TOYOTA,SAATCHI & SAATCHI NEW ZEALAND,Integrated,Silver,https://ascentialcdn.filespin.io/api/v1/conversion/08026db9b78f41c594939d651792741e?quality=85&format=webp,https://www.lovethework.com/work/entries/new-zealands-one-big-ad-771846
Spikes Asia,2026,Integrated,integrated,UNFREEZE MY RIGHTS,WOMEN EMPOWERMENT OFFICE,"CWO X AWAKENING FOUNDATION , DENTSU CREATIVE TAIWAN",Integrated,Silver,https://ascentialcdn.filespin.io/api/v1/conversion/a333bb30d91d4e70a91ff94f670b2005?quality=85&format=webp,https://www.lovethework.com/work/entries/unfreeze-my-rights-772315
Spikes Asia,2026,Integrated,integrated,"SPOT, STOP POST!",NTT DOCOMO,TOKYU AGENCY,Integrated,Shortlist,https://ascentialcdn.filespin.io/api/v1/conversion/2c7e725eb6954f04906e002a778dcb06?quality=85&format=webp,https://www.lovethework.com/work/entries/spot-stop-post-772964
Spikes Asia,2026,Integrated,integrated,PROJECT EARLY PERIODS,WHISPER,LEO,Integrated,Shortlist,https://ascentialcdn.filespin.io/api/v1/conversion/a4f4bd6089224561b801d46584d677cf?quality=85&format=webp,https://www.lovethework.com/work/entries/project-early-periods-772331
Spikes Asia,2026,Integrated,integrated,WHISKAS® LOCATOR,WHISKAS®,OGENCY,Integrated,Shortlist,https://ascentialcdn.filespin.io/api/v1/conversion/b17ca1ce481f4b2d8923b824bb4fa5ae?quality=85&format=webp,https://www.lovethework.com/work/entries/whiskas-locator-772793
Spikes Asia,2026,Integrated,integrated,HOW YA TRAVELLIN'?,HEALTHY HEADS IN TRUCKS AND SHEDS,KEEP LEFT,Integrated,Shortlist,https://ascentialcdn.filespin.io/api/v1/conversion/645d07b9757043769fd78032ecd7a015?quality=85&format=webp,https://www.lovethework.com/work/entries/how-ya-travellin-771284
Spikes Asia,2026,Integrated,integrated,GRAND SYMPHONY OF HAUSLA,KOTAK MAHINDRA,KOTAK MAHINDRA BANK LIMITED,Integrated,Submitted,https://ascentialcdn.filespin.io/api/v1/conversion/fd51e7b7505d4af5aa955992af900375?quality=85&format=webp,https://www.lovethework.com/work/entries/grand-symphony-of-hausla-771440
Spikes Asia,2026,Integrated,integrated,HOUSE OF DANCING WATER PREMIERE,CITY OF DREAMS,CITY OF DREAMS,Integrated,Submitted,https://ascentialcdn.filespin.io/api/v1/conversion/a1af7bc3284648a9a335d7cf2cbca9f3?quality=85&format=webp,https://www.lovethework.com/work/entries/house-of-dancing-water-premiere-770242
Spikes Asia,2026,Integrated,integrated,MORNING JOY AT MCDONALD'S,MCDONALD'S,MCDONALDS,Integrated,Submitted,https://ascentialcdn.filespin.io/api/v1/storyboard/0d1b8ebc5b1744fd9a32992da8f36fd7/storyboard_000008.jpg?quality=85&format=webp,https://www.lovethework.com/work/entries/morning-joy-at-mcdonalds-770232
Spikes Asia,2026,Integrated,integrated,FIT FOR ANY ROLE: CENTURY TUNA’S PROTEIN-FIT CAMPAIGN,CENTURY TUNA,COMCO MUNDO LEAGUE OF ENTERPRISES,Integrated,Submitted,https://ascentialcdn.filespin.io/api/v1/conversion/0bf72ee2529842e5ab2961c8bb256183?quality=85&format=webp,https://www.lovethework.com/work/entries/fit-for-any-role-century-tunas-protein-fit-campaign-772319
Spikes Asia,2026,Integrated,integrated,CHECK YOUR KIWIS,ZESPRI,DESIGN BRIDGE AND PARTNERS,Integrated,Submitted,https://ascentialcdn.filespin.io/api/v1/conversion/edb21bd3f30e4e89aa517af41251f6bc?quality=85&format=webp,https://www.lovethework.com/work/entries/check-your-kiwis-771410
Spikes Asia,2026,Integrated,integrated,LEGO WORLD PLAY DAY,LEGO BRAND,OUR LEGO AGENCY,Integrated,Submitted,https://ascentialcdn.filespin.io/api/v1/conversion/2b919f8c30e146caabc17dc703566a22?quality=85&format=webp,https://www.lovethework.com/work/entries/lego-world-play-day-770225
Spikes Asia,2026,Integrated,integrated,GO A LITTLE EXTRA,ALDI,BMF,Integrated,Submitted,https://ascentialcdn.filespin.io/api/v1/storyboard/3ad870d4d2fb4319a88ef14249eb481c/storyboard_000024.jpg?quality=85&format=webp,https://www.lovethework.com/work/entries/go-a-little-extra-770090
Spikes Asia,2026,Integrated,integrated,KONA,HYUNDAI,INNOCEAN WORLDWIDE,Integrated,Submitted,https://ascentialcdn.filespin.io/api/v1/conversion/5e71d6131dac431796e4b695ec7d4415?quality=85&format=webp,https://www.lovethework.com/work/entries/kona-771157
Spikes Asia,2026,Integrated,integrated,#FIXTHEPHILIPPINES,MOVE AS ONE COALITION,TBWA\SMP,Integrated,Submitted,https://ascentialcdn.filespin.io/api/v1/conversion/4df785a6e36e44f8b715e8884d5695f3?quality=85&format=webp,https://www.lovethework.com/work/entries/fixthephilippines-771109
Spikes Asia,2026,Integrated,integrated,THE MISSING VERSE: COMPLETING THE BENTO SYMPHONY,ZESPRI INTERNATIONAL JAPAN,DENTSU INC.,Integrated,Submitted,https://ascentialcdn.filespin.io/api/v1/conversion/1ce5e04765ac4b88adeae73c8ac26da7?quality=85&format=webp,https://www.lovethework.com/work/entries/the-missing-verse-completing-the-bento-symphony-770820
Spikes Asia,2026,Integrated,integrated,WHATSAPP - MESSAGE PRIVATELY,WHATSAPP,BBDO INDIA,Integrated,Submitted,https://ascentialcdn.filespin.io/api/v1/conversion/11bd0a88004e4066a22d2d176d4eece2?quality=85&format=webp,https://www.lovethework.com/work/entries/whatsapp-message-privately-771853
Spikes Asia,2026,Integrated,integrated,SANJEEVANI: UNITED AGAINST CANCER,FEDERAL BANK HORMIS MEMORIAL FOUNDATION,NETWORK18 MEDIA & INVESTMENTS,Integrated,Submitted,https://ascentialcdn.filespin.io/api/v1/conversion/2bbb84050d9a470eb45c366aa1735edc?quality=85&format=webp,https://www.lovethework.com/work/entries/sanjeevani-united-against-cancer-771100
Spikes Asia,2026,Integrated,integrated,THE MOST EXPECTATIONAL MAN: TURNING EXCEPTIONAL CULTURE INSIGHT INTO EXCEPTIONAL GROWTH,ABC EXTRA STOUT,HEINEKEN MYANMAR,Integrated,Submitted,https://ascentialcdn.filespin.io/api/v1/conversion/b9bedf1548ca4f1c9a9cad8bbb4e7368?quality=85&format=webp,https://www.lovethework.com/work/entries/the-most-expectational-man-turning-exceptional-culture-insight-into-exceptional-growth-770412
Spikes Asia,2026,Integrated,integrated,SHOT ON IPHONE - LAST SCENE,APPLE,TBWA\MEDIA ARTS LAB,Integrated,Submitted,https://ascentialcdn.filespin.io/api/v1/conversion/7fa846bf88174020a545119113546882?quality=85&format=webp,https://www.lovethework.com/work/entries/shot-on-iphone-last-scene-770082
Spikes Asia,2026,Integrated,integrated,MCDONALD'S X SQUID GAME: DARE TO PLAY,MCDONALD'S AUSTRALIA,AKCELO,Integrated,Submitted,https://ascentialcdn.filespin.io/api/v1/conversion/31afc6d4a44946a389f443b829649d14?quality=85&format=webp,https://www.lovethework.com/work/entries/mcdonalds-x-squid-game-dare-to-play-771833
Spikes Asia,2026,Integrated,integrated,SC GLOBAL WEALTH CAMPAIGN,STANDARD CHARTERED,DENTSU CREATIVE,Integrated,Submitted,https://ascentialcdn.filespin.io/api/v1/conversion/2a08d7ba58a048b8bc1b23aae7e6a570?quality=85&format=webp,https://www.lovethework.com/work/entries/sc-global-wealth-campaign-771167
Spikes Asia,2026,Integrated,integrated,JUST THE START,IKEA,HAVAS HOST,Integrated,Submitted,https://ascentialcdn.filespin.io/api/v1/conversion/cb86eca7692c4fe8942107726b5dd39d?quality=85&format=webp,https://www.lovethework.com/work/entries/just-the-start-771209
Spikes Asia,2026,Integrated,integrated,HEARTBEAT OF A DESTINATION,LUXURY GROUP BY MARRIOTT INTERNATIONAL,SOUTH CHINA MORNING POST,Integrated,Submitted,https://ascentialcdn.filespin.io/api/v1/conversion/73af0dc3c84c4f1d9a37137a843647a6?quality=85&format=webp,https://www.lovethework.com/work/entries/heartbeat-of-a-destination-770240
Spikes Asia,2026,Media,media,THE SPONSORED TRUTH,SAMSUNG,LEO,Use of Digital Platforms,Grand Prix,https://ascentialcdn.filespin.io/api/v1/conversion/4109705e25d64c209befc8b73c6713dd?quality=85&format=webp,https://www.lovethework.com/work/entries/the-sponsored-truth-770927
Spikes Asia,2026,Media,media,WHISKAS® LOCATOR,WHISKAS®,OGENCY,Market Disruption,Gold,https://ascentialcdn.filespin.io/api/v1/conversion/b17ca1ce481f4b2d8923b824bb4fa5ae?quality=85&format=webp,https://www.lovethework.com/work/entries/whiskas-locator-769714
Spikes Asia,2026,Media,media,VASELINE VERIFIED,VASELINE,OGILVY,Innovative Use of Influencers,Gold,https://ascentialcdn.filespin.io/api/v1/conversion/9d54a70f009d42e1a49944d1de6a39a0?quality=85&format=webp,https://www.lovethework.com/work/entries/vaseline-verified-770654
Spikes Asia,2026,Media,media,LAPTOP BENTO,FMV NOTE U,HAKUHODO,Small-Scale Media,Silver,https://ascentialcdn.filespin.io/api/v1/conversion/9d85b9e8dd654baa971478a2a6110853?quality=85&format=webp,https://www.lovethework.com/work/entries/laptop-bento-773055
Spikes Asia,2026,Media,media,LAPTOP BENTO,FMV NOTE U,HAKUHODO,Retail Media,Silver,https://ascentialcdn.filespin.io/api/v1/conversion/9d85b9e8dd654baa971478a2a6110853?quality=85&format=webp,https://www.lovethework.com/work/entries/laptop-bento-770764
Spikes Asia,2026,Media,media,TOXIC BACKFIRE,SAMSUNG,CHEIL PENGTAI BEIJING,Social Behaviour,Silver,https://ascentialcdn.filespin.io/api/v1/conversion/de25773a856041d1ac037682e229dc01?quality=85&format=webp,https://www.lovethework.com/work/entries/toxic-backfire-769676
Spikes Asia,2026,Media,media,THE UNFLUENCER,KFC THAILAND,PUBLICIS THAILAND,"Travel, Leisure, Retail, Restaurants & Fast Food Chains",Silver,https://ascentialcdn.filespin.io/api/v1/conversion/d7491522ace24822ab78e2799772b4ac?quality=85&format=webp,https://www.lovethework.com/work/entries/the-unfluencer-769620
Spikes Asia,2026,Media,media,WHISKAS® LOCATOR,WHISKAS®,OGENCY,Use of Outdoor,Bronze,https://ascentialcdn.filespin.io/api/v1/conversion/b17ca1ce481f4b2d8923b824bb4fa5ae?quality=85&format=webp,https://www.lovethework.com/work/entries/whiskas-locator-769726
Spikes Asia,2026,Media,media,COMEBACK HOME,DAANGN,INNOCEAN,Corporate Purpose & Social Responsibility,Bronze,https://ascentialcdn.filespin.io/api/v1/conversion/5e50a2922eca4fffb5ef0806562327ec?quality=85&format=webp,https://www.lovethework.com/work/entries/comeback-home-769709
Spikes Asia,2026,Media,media,A.I. IRRESPONSIBLY,BREWLANDER,BLKJ HAVAS,Challenger Brand,Bronze,https://ascentialcdn.filespin.io/api/v1/conversion/74c0ab4b898e40b5b74bf9f34540f4aa?quality=85&format=webp,https://www.lovethework.com/work/entries/ai-irresponsibly-770781
Spikes Asia,2026,Media,media,THE LIFE-SAVING RECEIPT,CHOROGUSAN FOR CHILDREN,DMINUSONE,Small-Scale Media,Bronze,https://ascentialcdn.filespin.io/api/v1/conversion/9bd3c4872af341d6a7f3946210e0ed84?quality=85&format=webp,https://www.lovethework.com/work/entries/the-life-saving-receipt-769612
Spikes Asia,2026,Media,media,GAMIFRIES,MCDONALD'S,BBH SINGAPORE,Breakthrough on a Budget,Bronze,https://ascentialcdn.filespin.io/api/v1/conversion/bdf7dd23ad57403198f47f192fa9c0db?quality=85&format=webp,https://www.lovethework.com/work/entries/gamifries-773101
Spikes Asia,2026,Media,media,HEINEKEN F1 RIVER RUN,HEINEKEN,LEO,Use of Events & Stunts,Bronze,https://ascentialcdn.filespin.io/api/v1/conversion/1c4f8dfa0b5447c0a6f9834c2542c5c7?quality=85&format=webp,https://www.lovethework.com/work/entries/heineken-f1-river-run-771137
Spikes Asia,2026,Media,media,MAHJONG COFFEE,BOSS,DENTSU INC.,Consumer Goods,Bronze,https://ascentialcdn.filespin.io/api/v1/conversion/fd537ec423484e2abacd069bb06c2ff3?quality=85&format=webp,https://www.lovethework.com/work/entries/mahjong-coffee-769755
Spikes Asia,2026,Media,media,THE AIR POLLUTION JERSEY,LAMPHUN WARRIORS F.C. AND NORTHERN THAILAND BREATHE COUNCIL,FLASH BOMBER,Use of Events & Stunts,Shortlist,https://ascentialcdn.filespin.io/api/v1/conversion/b1692dd27f1e4551b22fd892a024ca32?quality=85&format=webp,https://www.lovethework.com/work/entries/the-air-pollution-jersey-769650
Spikes Asia,2026,Media,media,THE HIDDEN EYE TEST,1001 OPTOMETRY,VML,Audience Insights,Shortlist,https://ascentialcdn.filespin.io/api/v1/conversion/1878433a256d4dfb81fba6dfe992001c?quality=85&format=webp,https://www.lovethework.com/work/entries/the-hidden-eye-test-769621
Spikes Asia,2026,Media,media,THE HIDDEN EYE TEST,1001 OPTOMETRY,VML,"Travel, Leisure, Retail, Restaurants & Fast Food Chains",Shortlist,https://ascentialcdn.filespin.io/api/v1/conversion/069f0690a367433f8699ddbc97749195?quality=85&format=webp,https://www.lovethework.com/work/entries/the-hidden-eye-test-772866
Spikes Asia,2026,Media,media,THREE LETTER HEIST,MCDONALD'S,LEO,"Travel, Leisure, Retail, Restaurants & Fast Food Chains",Shortlist,https://ascentialcdn.filespin.io/api/v1/conversion/72d9d8518b1348f9a75bffae80cfe133?quality=85&format=webp,https://www.lovethework.com/work/entries/three-letter-heist-771799
Spikes Asia,2026,Media,media,VOICE OF FOOD,AJINOMOTO CO.,DENTSU INC.,Use of Digital Platforms,Shortlist,https://ascentialcdn.filespin.io/api/v1/storyboard/4f04f56e9e2d4754b5a7a2b980a2db34/storyboard_000008.jpg?quality=85&format=webp,https://www.lovethework.com/work/entries/voice-of-food-770920
Spikes Asia,2026,Media,media,A.I. IRRESPONSIBLY,BREWLANDER,BLKJ HAVAS,Breakthrough on a Budget,Shortlist,https://ascentialcdn.filespin.io/api/v1/conversion/74c0ab4b898e40b5b74bf9f34540f4aa?quality=85&format=webp,https://www.lovethework.com/work/entries/ai-irresponsibly-770807
Spikes Asia,2026,Media,media,THE AD THAT CAN ONLY BE SEEN ON SBS,SPECIAL BROADCASTING SERVIVE,"DROGA5 ANZ, PART OF ACCENTURE SONG",Media/Entertainment,Shortlist,https://ascentialcdn.filespin.io/api/v1/conversion/d6403d7ba3da404998689d997fe2daaa?quality=85&format=webp,https://www.lovethework.com/work/entries/the-ad-that-can-only-be-seen-on-sbs-771078
Spikes Asia,2026,Media,media,DORITOS CILANTRO SWAP,DORITOS,STARCOM,Use of Brand or Product Integration into a Programme or Platform,Shortlist,https://ascentialcdn.filespin.io/api/v1/conversion/e7f56dfdf66548299bafca8cbf6e8ab3?quality=85&format=webp,https://www.lovethework.com/work/entries/doritos-cilantro-swap-771820
Spikes Asia,2026,Media,media,BACK TO KAI TAK,CATHAY,LEO HONG KONG,Single-Market Campaign,Shortlist,https://ascentialcdn.filespin.io/api/v1/conversion/49df638fcc8343c2bef42b85c1e6dbd5?quality=85&format=webp,https://www.lovethework.com/work/entries/back-to-kai-tak-770933
Spikes Asia,2026,Media,media,GARUDA RAKSHAK,DSP MUTUAL FUNDS,DENTSU CREATIVE,Cultural Engagement,Shortlist,https://ascentialcdn.filespin.io/api/v1/conversion/89bc4fc4a633468194b5cba46a8d4ffc?quality=85&format=webp,https://www.lovethework.com/work/entries/garuda-rakshak-769739
Spikes Asia,2026,Media,media,THE UNOFFICIAL OFFICIAL SOUND OF F1,STING,LEO,Innovative Use of Influencers,Shortlist,https://ascentialcdn.filespin.io/api/v1/conversion/af228d73b62c41a9bb2e0f9bf2087d53?quality=85&format=webp,https://www.lovethework.com/work/entries/the-unofficial-official-sound-of-f1-771780
Spikes Asia,2026,Media,media,TOXIC BACKFIRE,SAMSUNG,CHEIL PENGTAI BEIJING,Use of Mobile,Shortlist,https://ascentialcdn.filespin.io/api/v1/conversion/de25773a856041d1ac037682e229dc01?quality=85&format=webp,https://www.lovethework.com/work/entries/toxic-backfire-769717
Spikes Asia,2026,Media,media,THE SYNC AD,TOKUCHA,HAKUHODO,Use of Outdoor,Shortlist,https://ascentialcdn.filespin.io/api/v1/conversion/22401656c803457ba4d5a602ad6da307?quality=85&format=webp,https://www.lovethework.com/work/entries/the-sync-ad-769728
Spikes Asia,2026,Media,media,HERO PRAYERS FOR SAFETY,HERO MOTOCORP,SAATCHI & SAATCHI INDIA,Social Behaviour,Shortlist,https://ascentialcdn.filespin.io/api/v1/conversion/7a2e0e08204e492580c87c3f627c6d36?quality=85&format=webp,https://www.lovethework.com/work/entries/hero-prayers-for-safety-772988
Spikes Asia,2026,Media,media,THE HIDDEN EYE TEST,1001 OPTOMETRY,VML,Use of Outdoor,Shortlist,https://ascentialcdn.filespin.io/api/v1/conversion/eb5fc479a21e40e68cc96592e4fed4fc?quality=85&format=webp,https://www.lovethework.com/work/entries/the-hidden-eye-test-772869
Spikes Asia,2026,Media,media,VOICE WANTED,KOREAN NATIONAL POLICE AGENCY,CHEIL WORLDWIDE,Not-for-profit / Charity / Government,Shortlist,https://ascentialcdn.filespin.io/api/v1/conversion/5b2bbe97721548d58efa56aa8197019e?quality=85&format=webp,https://www.lovethework.com/work/entries/voice-wanted-769660
Spikes Asia,2026,Media,media,TOXIC BACKFIRE,SAMSUNG,CHEIL PENGTAI BEIJING,Corporate Purpose & Social Responsibility,Shortlist,https://ascentialcdn.filespin.io/api/v1/conversion/de25773a856041d1ac037682e229dc01?quality=85&format=webp,https://www.lovethework.com/work/entries/toxic-backfire-769698
Spikes Asia,2026,Media,media,"IF YOU CAN TAKE IT, IT'S YOURS",SELLEYS,HOWATSON AND COMPANY,Large-Scale Media,Shortlist,https://ascentialcdn.filespin.io/api/v1/conversion/3172e0d181524de5b6802f2aef3eff7a?quality=85&format=webp,https://www.lovethework.com/work/entries/if-you-can-take-it-its-yours-770980
Spikes Asia,2026,Media,media,BEBECLUB AI POOP TRACKER,BEBECLUB,VOLARE ADVERTISING NETWORK - EYDEN,Healthcare,Shortlist,https://ascentialcdn.filespin.io/api/v1/conversion/a985d968f0864a749cca1437cf1954a7?quality=85&format=webp,https://www.lovethework.com/work/entries/bebeclub-ai-poop-tracker-772986
Spikes Asia,2026,Media,media,VOICE WANTED,KOREAN NATIONAL POLICE AGENCY,CHEIL WORLDWIDE,Use of Print,Shortlist,https://ascentialcdn.filespin.io/api/v1/conversion/2d175a8d6ab348a69f061bab36480676?quality=85&format=webp,https://www.lovethework.com/work/entries/voice-wanted-769691
Spikes Asia,2026,Media,media,VESTFORREST,LOTTE E&C,LOTTE E & C,Small-Scale Media,Shortlist,https://ascentialcdn.filespin.io/api/v1/conversion/cf9e1f9ef20d42588d0c4901fa7db90d?quality=85&format=webp,https://www.lovethework.com/work/entries/vestforrest-769758
Spikes Asia,2026,Media,media,THE CEO DEEPFAKE,AUCKLAND SAVINGS BANK,"DROGA5 ANZ, PART OF ACCENTURE SONG",Social Behaviour,Submitted,https://ascentialcdn.filespin.io/api/v1/conversion/be72ff0a94894015930abeac17deef4e?quality=85&format=webp,https://www.lovethework.com/work/entries/the-ceo-deepfake-770663
Spikes Asia,2026,Media,media,SKINNY FOR LIFE,SKINNY MOBILE,PHD MEDIA,New Realities & Emerging Tech,Submitted,https://ascentialcdn.filespin.io/api/v1/conversion/6b6da7a0a87f48c59739f9e508f266ae?quality=85&format=webp,https://www.lovethework.com/work/entries/skinny-for-life-771254
Spikes Asia,2026,Media,media,MAXSTREAM HEADLESS HALLOWEEN,MAXSTREAM,HAKUHODO INTERNATIONAL INDONESIA,Social Behaviour,Submitted,https://ascentialcdn.filespin.io/api/v1/conversion/a002f2d17bf04a208e0f5800db512ce2?quality=85&format=webp,https://www.lovethework.com/work/entries/maxstream-headless-halloween-771281
Spikes Asia,2026,Media,media,KIA RADIOCITY TAKEOVER,KIA MOTORS INDIA,HAVAS MEDIA,Use of Audio Platforms,Submitted,https://ascentialcdn.filespin.io/api/v1/conversion/6a425bf48fca4cb0bb10f0a620af6b55?quality=85&format=webp,https://www.lovethework.com/work/entries/kia-radiocity-takeover-769667
Spikes Asia,2026,Media,media,THE MISSING VERSE: COMPLETING THE BENTO SYMPHONY,ZESPRI INTERNATIONAL JAPAN,DENTSU INC.,Cultural Engagement,Submitted,https://ascentialcdn.filespin.io/api/v1/conversion/1ce5e04765ac4b88adeae73c8ac26da7?quality=85&format=webp,https://www.lovethework.com/work/entries/the-missing-verse-completing-the-bento-symphony-771417
Spikes Asia,2026,Media,media,THE BIGGEST LIFEGUARD,GRAND JOSUN MEDIA,INNOCEAN,Large-Scale Media,Submitted,https://ascentialcdn.filespin.io/api/v1/conversion/f87db3e54bcd46578b7f323b7506adc1?quality=85&format=webp,https://www.lovethework.com/work/entries/the-biggest-lifeguard-770647
Spikes Asia,2026,Media,media,ENO NIGHT OWLS,ENO,SPARK FOUNDRY,Media Insights & Strategy,Submitted,https://ascentialcdn.filespin.io/api/v1/conversion/10cff4c1c8e7496eb72d37e3716c9c4d?quality=85&format=webp,https://www.lovethework.com/work/entries/eno-night-owls-771187
Spikes Asia,2026,Media,media,HOUSE OF CREDIT CARD FEARS,WESTPAC,SAATCHI & SAATCHI NEW ZEALAND,Use of Events & Stunts,Submitted,https://ascentialcdn.filespin.io/api/v1/conversion/eb3cf8bc87194e2e88613667090c1242?quality=85&format=webp,https://www.lovethework.com/work/entries/house-of-credit-card-fears-770902
Spikes Asia,2026,Media,media,GAMERS ON DUTY,LENOVO,LEO,Use of Branded Content Created for Digital or Social,Submitted,https://ascentialcdn.filespin.io/api/v1/conversion/6756b104632a4778a34700b1371cfacf?quality=85&format=webp,https://www.lovethework.com/work/entries/gamers-on-duty-771795
Spikes Asia,2026,Media,media,STILL ROLLING – SOLO BY MYOB X AUSTRALIAN IDOL,MYOB,IPROSPECT,Use of Brand or Product Integration into a Programme or Platform,Submitted,https://ascentialcdn.filespin.io/api/v1/conversion/8da12ddb7a494e4291cf9a13374e4e27?quality=85&format=webp,https://www.lovethework.com/work/entries/still-rolling-solo-by-myob-x-australian-idol-769649
Spikes Asia,2026,Media,media,FOOD MAP MALAYSIA,REDBUS INDIA PRIVATE LIMITED,REDBUS,Market Disruption,Submitted,https://ascentialcdn.filespin.io/api/v1/conversion/8296239ade6647eeb60880bf01ac5724?quality=85&format=webp,https://www.lovethework.com/work/entries/food-map-malaysia-773086
Spikes Asia,2026,Media,media,MUMNIPULATE THE ALGORITHM,KITCHEN WAREHOUSE,SPECIAL,Data-Driven Targeting,Submitted,https://ascentialcdn.filespin.io/api/v1/conversion/7bb33a17145945c18d1bffbfb8e2988c?quality=85&format=webp,https://www.lovethework.com/work/entries/mumnipulate-the-algorithm-770908
Spikes Asia,2026,Media,media,WRUNG BILLBOARD,SKYRO LOANS,GIGIL,Use of Outdoor,Submitted,https://ascentialcdn.filespin.io/api/v1/conversion/b5e82524ca9e4242b7ea8fca938766f5?quality=85&format=webp,https://www.lovethework.com/work/entries/wrung-billboard-771367
Spikes Asia,2026,Media,media,BELTED JERSEYS,NEW ZEALAND TRANSPORT AGENCY - WAKA KOTAHI,FCB NEW ZEALAND,Single-Market Campaign,Submitted,https://ascentialcdn.filespin.io/api/v1/conversion/ceb7d97c477e4f9dae6d32687e8a433a?quality=85&format=webp,https://www.lovethework.com/work/entries/belted-jerseys-770657
Spikes Asia,2026,Media,media,THE GREAT IN-GAME WEDDING,BATTLEGROUND MOBILE INDIA,22FEET TRIBAL WORLDWIDE,Cultural Engagement,Submitted,https://ascentialcdn.filespin.io/api/v1/conversion/66627bfaf8fb4262b3183c414604c7a0?quality=85&format=webp,https://www.lovethework.com/work/entries/the-great-in-game-wedding-771103
Spikes Asia,2026,Media,media,VI GUARDIAN BEADS,VI (VODAFONE IDEA),OGILVY,Small-Scale Media,Submitted,https://ascentialcdn.filespin.io/api/v1/conversion/59e2f9ee32a24c6a80c873cfe49413be?quality=85&format=webp,https://www.lovethework.com/work/entries/vi-guardian-beads-770748
Spikes Asia,2026,Media,media,MERCEDES-BENZ DREAM DAYS,MERCEDES BENZ,BBDO INDIA,Consumer Goods,Submitted,https://ascentialcdn.filespin.io/api/v1/conversion/b0ab98cabe5b421c9691f89c3108b011?quality=85&format=webp,https://www.lovethework.com/work/entries/mercedes-benz-dream-days-771822
Spikes Asia,2026,Media,media,PLAYBOARDS,PEPSI,BBDO PAKISTAN,Use of Outdoor,Submitted,https://ascentialcdn.filespin.io/api/v1/conversion/87a67097a190400f96451d222b15b497?quality=85&format=webp,https://www.lovethework.com/work/entries/playboards-770974
Spikes Asia,2026,Media,media,HERO PRAYERS FOR SAFETY,HERO MOTOCORP,SAATCHI & SAATCHI INDIA,Small-Scale Media,Submitted,https://ascentialcdn.filespin.io/api/v1/conversion/7a2e0e08204e492580c87c3f627c6d36?quality=85&format=webp,https://www.lovethework.com/work/entries/hero-prayers-for-safety-770555
Spikes Asia,2026,Media,media,BRAINCHARGE - THE ANTI BRAINROT CAMPAIGN,SIMPATI,I-DAC INDONESIA / HAKUHODO INTERNATIONAL INDONESIA,Innovative Use of Influencers,Submitted,https://ascentialcdn.filespin.io/api/v1/conversion/d3a2f0e9a3734698817549d0e149d4e4?quality=85&format=webp,https://www.lovethework.com/work/entries/braincharge-the-anti-brainrot-campaign-770760
Spikes Asia,2026,Media,media,BEBECLUB AI POOP TRACKER,BEBECLUB,VOLARE ADVERTISING NETWORK - EYDEN,New Realities & Emerging Tech,Submitted,https://ascentialcdn.filespin.io/api/v1/conversion/a985d968f0864a749cca1437cf1954a7?quality=85&format=webp,https://www.lovethework.com/work/entries/bebeclub-ai-poop-tracker-770415
Spikes Asia,2026,Media,media,SC WELLNESSNOW,STANDARD CHARTERED,DENTSU CREATIVE,Use of Digital Platforms,Submitted,https://ascentialcdn.filespin.io/api/v1/conversion/84fa324f8b834d5eb731f0065b248ccf?quality=85&format=webp,https://www.lovethework.com/work/entries/sc-wellnessnow-771754
Spikes Asia,2026,Media,media,BACK TO KAI TAK,CATHAY,LEO HONG KONG,Use of Events & Stunts,Submitted,https://ascentialcdn.filespin.io/api/v1/conversion/49df638fcc8343c2bef42b85c1e6dbd5?quality=85&format=webp,https://www.lovethework.com/work/entries/back-to-kai-tak-770987
Spikes Asia,2026,Media,media,HEINEKEN F1 RIVER RUN,HEINEKEN,LEO,Use of Outdoor,Submitted,https://ascentialcdn.filespin.io/api/v1/conversion/1c4f8dfa0b5447c0a6f9834c2542c5c7?quality=85&format=webp,https://www.lovethework.com/work/entries/heineken-f1-river-run-771121
Spikes Asia,2026,Media,media,CRASHES TO CLAIM,WE+,I-DAC INDONESIA / HAKUHODO INTERNATIONAL INDONESIA,Audience Insights,Submitted,https://ascentialcdn.filespin.io/api/v1/conversion/3bd55d68f3574101bd562b6dee326f41?quality=85&format=webp,https://www.lovethework.com/work/entries/crashes-to-claim-773056
Spikes Asia,2026,Media,media,"HEAR BELLS, THINK TACOS",TACO BELL,SUPERMASSIVE,Use of Audio Platforms,Submitted,https://ascentialcdn.filespin.io/api/v1/conversion/a8ca96b408bd4a8ba740175ac3efae76?quality=85&format=webp,https://www.lovethework.com/work/entries/hear-bells-think-tacos-769675
Spikes Asia,2026,Media,media,MERCEDES-BENZ DREAM DAYS,MERCEDES BENZ,BBDO INDIA,Use of Print,Submitted,https://ascentialcdn.filespin.io/api/v1/conversion/b0ab98cabe5b421c9691f89c3108b011?quality=85&format=webp,https://www.lovethework.com/work/entries/mercedes-benz-dream-days-771821
Spikes Asia,2026,Media,media,TRACES OF TRANCE,SHISEIDO CO.,SHISEIDO CREATIVE,Cultural Engagement,Submitted,https://ascentialcdn.filespin.io/api/v1/conversion/58538a6642244d1985cb555f35f14f73?quality=85&format=webp,https://www.lovethework.com/work/entries/traces-of-trance-769722
Spikes Asia,2026,Media,media,GAMIFRIES,MCDONALD'S,BBH SINGAPORE,Small-Scale Media,Submitted,https://ascentialcdn.filespin.io/api/v1/conversion/bdf7dd23ad57403198f47f192fa9c0db?quality=85&format=webp,https://www.lovethework.com/work/entries/gamifries-771007
Spikes Asia,2026,Media,media,SHAME INTO FAME,LABORATOIRE INNOTECH INTERNATIONAL,LABORATOIRE INNOTECH INTERNATIONAL,Healthcare,Submitted,https://ascentialcdn.filespin.io/api/v1/storyboard/1f60cb3ac6f6415ea0d62e88477b572a/storyboard_000008.jpg?quality=85&format=webp,https://www.lovethework.com/work/entries/shame-into-fame-769611
Spikes Asia,2026,Media,media,PRIDE FILTER,MARRIAGE FOR ALL JAPAN,TBWA\HAKUHODO,Not-for-profit / Charity / Government,Submitted,https://ascentialcdn.filespin.io/api/v1/conversion/af428ae2ad7d459aba2af34e19d0232d?quality=85&format=webp,https://www.lovethework.com/work/entries/pride-filter-771085
Spikes Asia,2026,Media,media,NUTRITION FLIGHT REVOLUTION: ZESPRI'S QUICK-CHARGE,ZESPRI,MINDSHARE,Media Execution,Submitted,https://ascentialcdn.filespin.io/api/v1/conversion/7884caf27a5f413ba4b4f6f6c7e7aac0?quality=85&format=webp,https://www.lovethework.com/work/entries/nutrition-flight-revolution-zespris-quick-charge-769750
Spikes Asia,2026,Media,media,READ ME IF YOU CAN,PUMPUI,YELL ADVERTISING,Small-Scale Media,Submitted,https://ascentialcdn.filespin.io/api/v1/conversion/c44aec00cc7841a98319dca404cb8f7d?quality=85&format=webp,https://www.lovethework.com/work/entries/read-me-if-you-can-769751
Spikes Asia,2026,Media,media,THE GREAT IN-GAME WEDDING,BATTLEGROUND MOBILE INDIA,22FEET TRIBAL WORLDWIDE,Use of Events & Stunts,Submitted,https://ascentialcdn.filespin.io/api/v1/conversion/66627bfaf8fb4262b3183c414604c7a0?quality=85&format=webp,https://www.lovethework.com/work/entries/the-great-in-game-wedding-771147
Spikes Asia,2026,Media,media,THE LONGEST CONDITIONS BILLBOARD,ALLIANZ AYUDHYA ASSURANCE PUBLIC COMPANY LIMITED,CHOOJAI AND FRIENDS,Use of Outdoor,Submitted,https://ascentialcdn.filespin.io/api/v1/conversion/7062a3d93ccb48c99cdf58b419fc6dcb?quality=85&format=webp,https://www.lovethework.com/work/entries/the-longest-conditions-billboard-769712
Spikes Asia,2026,Media,media,FLIPKART- LINE SEVAK,FLIPKART,McCANN INDIA,Single-Market Campaign,Submitted,https://ascentialcdn.filespin.io/api/v1/conversion/ccff06640f764678a6b8ddc4e11d66de?quality=85&format=webp,https://www.lovethework.com/work/entries/flipkart-line-sevak-771278
Spikes Asia,2026,Media,media,THE UNFLUENCER,KFC THAILAND,PUBLICIS THAILAND,Innovative Use of Influencers,Submitted,https://ascentialcdn.filespin.io/api/v1/conversion/d7491522ace24822ab78e2799772b4ac?quality=85&format=webp,https://www.lovethework.com/work/entries/the-unfluencer-769747
Spikes Asia,2026,Media,media,GARUDA RAKSHAK,DSP MUTUAL FUNDS,DENTSU CREATIVE,New Realities & Emerging Tech,Submitted,https://ascentialcdn.filespin.io/api/v1/conversion/fd608adb8feb426fab936573ef6661c0?quality=85&format=webp,https://www.lovethework.com/work/entries/garuda-rakshak-769754
Spikes Asia,2026,Media,media,ANEH TAPI NYATA,BY.U,ORCA - ALVA DIGITAL,Media Insights & Strategy,Submitted,https://ascentialcdn.filespin.io/api/v1/conversion/ac35866f8e094ff499c59c2b3aceb2f7?quality=85&format=webp,https://www.lovethework.com/work/entries/aneh-tapi-nyata-772873
Spikes Asia,2026,Media,media,LAPTOP BENTO,FMV NOTE U,HAKUHODO,Breakthrough on a Budget,Submitted,https://ascentialcdn.filespin.io/api/v1/conversion/9d85b9e8dd654baa971478a2a6110853?quality=85&format=webp,https://www.lovethework.com/work/entries/laptop-bento-773057
Spikes Asia,2026,Media,media,SAVE ME,FAMILYMART,THE BREAKTHROUGH COMPANY GO,Retail Media,Submitted,https://ascentialcdn.filespin.io/api/v1/conversion/50321f448e6141988fe36af2a216f0c3?quality=85&format=webp,https://www.lovethework.com/work/entries/save-me-769606
Spikes Asia,2026,Media,media,UNFOLD KOREA : THE WORLD'S LONGEST FOLDABLE BYUNG-PUNG,SAMSUNG,CHEIL WORLDWIDE,Large-Scale Media,Submitted,https://ascentialcdn.filespin.io/api/v1/conversion/d3798669dabe4a1d94d3843d1b2db0cc?quality=85&format=webp,https://www.lovethework.com/work/entries/unfold-korea-the-worlds-longest-foldable-byung-pung-769637
Spikes Asia,2026,Media,media,BANNER AD CHANGEROOM,THE ICONIC,DENTSU CREATIVE,"Travel, Leisure, Retail, Restaurants & Fast Food Chains",Submitted,https://ascentialcdn.filespin.io/api/v1/conversion/0001233848b84606b777b9d5f3edc5a4?quality=85&format=webp,https://www.lovethework.com/work/entries/banner-ad-changeroom-771488
Spikes Asia,2026,Media,media,EMPTY BUT THE FULLEST LUNCHBOX,UNICEF,DAEHONG COMMUNICATIONS,Retail Media,Submitted,https://ascentialcdn.filespin.io/api/v1/conversion/5575384fc7e742b29dd67a25a4e55f17?quality=85&format=webp,https://www.lovethework.com/work/entries/empty-but-the-fullest-lunchbox-769762
Spikes Asia,2026,Media,media,SAFE SKETCH,SAVE THE CHILDREN,CHEIL HONG KONG,Social Behaviour,Submitted,https://ascentialcdn.filespin.io/api/v1/conversion/991e49a6692f4e8fb5deba0b937366de?quality=85&format=webp,https://www.lovethework.com/work/entries/safe-sketch-769683
Spikes Asia,2026,Media,media,CINEMEDIA,HAJIME KENSETSU(CONSTRUCTION),HAJIME KENSETSU,Audience Insights,Submitted,https://ascentialcdn.filespin.io/api/v1/conversion/6244581d89a94751b74476a44e42d4fb?quality=85&format=webp,https://www.lovethework.com/work/entries/cinemedia-769641
Spikes Asia,2026,Media,media,BANNER AD CHANGEROOM,THE ICONIC,DENTSU CREATIVE,Use of Digital Platforms,Submitted,https://ascentialcdn.filespin.io/api/v1/conversion/0001233848b84606b777b9d5f3edc5a4?quality=85&format=webp,https://www.lovethework.com/work/entries/banner-ad-changeroom-771486
Spikes Asia,2026,Media,media,FLIPKART- LINE SEVAK,FLIPKART,McCANN INDIA,Use of Events & Stunts,Submitted,https://ascentialcdn.filespin.io/api/v1/conversion/ccff06640f764678a6b8ddc4e11d66de?quality=85&format=webp,https://www.lovethework.com/work/entries/flipkart-line-sevak-771243
Spikes Asia,2026,Media,media,CELCOMDIGI,CELCOMDIGI,CELCOMDIGI,New Realities & Emerging Tech,Submitted,https://ascentialcdn.filespin.io/api/v1/conversion/fc2fb9c26b2d46e1906ffc1187326f86?quality=85&format=webp,https://www.lovethework.com/work/entries/celcomdigi-771789
Spikes Asia,2026,Media,media,FOREVER ORIGINAL '1 OF 1',COOPERS / PREMIUM BEVERAGES,SPECIAL,Use of Outdoor,Submitted,https://ascentialcdn.filespin.io/api/v1/conversion/6c42e3b17c254db794ae4f2b1e9316a4?quality=85&format=webp,https://www.lovethework.com/work/entries/forever-original-1-of-1-770881
Spikes Asia,2026,Media,media,CELCOMDIGI,CELCOMDIGI,CELCOMDIGI,Use of Channel Integration,Submitted,https://ascentialcdn.filespin.io/api/v1/conversion/71821c8eadde46979060d0e4971f0e7b?quality=85&format=webp,https://www.lovethework.com/work/entries/celcomdigi-771832
Spikes Asia,2026,Media,media,BEST AFTER 2055,TAKAMATSU CITY,SHISEIDO CREATIVE,Cultural Engagement,Submitted,https://ascentialcdn.filespin.io/api/v1/conversion/fe2abe1fa4ad48898f91c095aac86250?quality=85&format=webp,https://www.lovethework.com/work/entries/best-after-2055-772872
Spikes Asia,2026,Media,media,SAFE SKETCH,SAVE THE CHILDREN,CHEIL HONG KONG,Use of Mobile,Submitted,https://ascentialcdn.filespin.io/api/v1/conversion/991e49a6692f4e8fb5deba0b937366de?quality=85&format=webp,https://www.lovethework.com/work/entries/safe-sketch-769724
Spikes Asia,2026,Media,media,"WHEN ENVIRONMENT BLOCKS, OTRIVIN UNBLOCKS",OTRIVIN,SPARK FOUNDRY,Healthcare,Submitted,https://ascentialcdn.filespin.io/api/v1/conversion/28d0b7fea04441798b275ce81cfd21cb?quality=85&format=webp,https://www.lovethework.com/work/entries/when-environment-blocks-otrivin-unblocks-771226
Spikes Asia,2026,Media,media,CRASHES TO CLAIM,WE+,I-DAC INDONESIA / HAKUHODO INTERNATIONAL INDONESIA,Social Behaviour,Submitted,https://ascentialcdn.filespin.io/api/v1/conversion/3bd55d68f3574101bd562b6dee326f41?quality=85&format=webp,https://www.lovethework.com/work/entries/crashes-to-claim-770796
Spikes Asia,2026,Media,media,TRASH BENTO,PUBLICIS GROUPE JAPAN,BEACON COMMUNICATIONS,Use of Events & Stunts,Submitted,https://ascentialcdn.filespin.io/api/v1/conversion/7d1436d63aa74cefa46ab6abab6505b5?quality=85&format=webp,https://www.lovethework.com/work/entries/trash-bento-773111
Spikes Asia,2026,Media,media,HANGEUL TRUCK,SAMSUNG,CHEIL WORLDWIDE,Use of Events & Stunts,Submitted,https://ascentialcdn.filespin.io/api/v1/conversion/2021b395140a48d5aa3b51e870b09174?quality=85&format=webp,https://www.lovethework.com/work/entries/hangeul-truck-769669
Spikes Asia,2026,Media,media,THE AUDIBLE EXPRESS,AUDIBLE,WAVEMAKER,Large-Scale Media,Submitted,https://ascentialcdn.filespin.io/api/v1/conversion/307da5c1e7b7464aa0cd2e147c85187d?quality=85&format=webp,https://www.lovethework.com/work/entries/the-audible-express-770894
Spikes Asia,2026,Media,media,HOWEVER IT DIES,MOBILEMUSTER,ENIGMA,Use of Outdoor,Submitted,https://ascentialcdn.filespin.io/api/v1/conversion/72f65d99b3ef410b828cb8cf6d33ec99?quality=85&format=webp,https://www.lovethework.com/work/entries/however-it-dies-773110
Spikes Asia,2026,Media,media,MICHELLE LYN STAR,JIANG NAN HOT POT RESTAURANT CHAIN,GIGIL,Innovative Use of Influencers,Submitted,https://ascentialcdn.filespin.io/api/v1/conversion/0499bbef6bbe44ce92bfd5d2a352e3d4?quality=85&format=webp,https://www.lovethework.com/work/entries/michelle-lyn-star-771775
Spikes Asia,2026,Media,media,SAFE SKETCH,SAVE THE CHILDREN,CHEIL HONG KONG,Not-for-profit / Charity / Government,Submitted,https://ascentialcdn.filespin.io/api/v1/conversion/991e49a6692f4e8fb5deba0b937366de?quality=85&format=webp,https://www.lovethework.com/work/entries/safe-sketch-772867
Spikes Asia,2026,Media,media,THE SCENT OF RAYA: A CAT’S TALE,SCENTIFY X ENCHANTEUR,PHD MEDIA MALAYSIA,Local Brand,Submitted,https://ascentialcdn.filespin.io/api/v1/conversion/0c0c779d92854fba88100fd61e710cb4?quality=85&format=webp,https://www.lovethework.com/work/entries/the-scent-of-raya-a-cats-tale-769655
Spikes Asia,2026,Media,media,PAK'NRAVE,PAK'NSAVE,PHD,Media Execution,Submitted,https://ascentialcdn.filespin.io/api/v1/conversion/b42b4d385d824fd5a930fcc14e1f64f8?quality=85&format=webp,https://www.lovethework.com/work/entries/paknrave-772250
Spikes Asia,2026,Media,media,CELCOMDIGI,CELCOMDIGI,CELCOMDIGI,Use of Mobile,Submitted,https://ascentialcdn.filespin.io/api/v1/conversion/fc2fb9c26b2d46e1906ffc1187326f86?quality=85&format=webp,https://www.lovethework.com/work/entries/celcomdigi-771768
Spikes Asia,2026,Media,media,BETTERVERSE,MITSUBISHI,SPA-HAKUHODO,Use of Events & Stunts,Submitted,https://ascentialcdn.filespin.io/api/v1/conversion/1e1de3fd42bb4c6ca2dac19eb6f9e28a?quality=85&format=webp,https://www.lovethework.com/work/entries/betterverse-771018
Spikes Asia,2026,Media,media,SAKURA SCAN,KIRIN BEER,KIRIN BREWERY COMPANY,Small-Scale Media,Submitted,https://ascentialcdn.filespin.io/api/v1/conversion/1de049ba98d24b558834c6067c5802b0?quality=85&format=webp,https://www.lovethework.com/work/entries/sakura-scan-770887
Spikes Asia,2026,Media,media,SKINNY FOR LIFE,SKINNY MOBILE,PHD MEDIA,Local Brand,Submitted,https://ascentialcdn.filespin.io/api/v1/conversion/6b6da7a0a87f48c59739f9e508f266ae?quality=85&format=webp,https://www.lovethework.com/work/entries/skinny-for-life-771271
Spikes Asia,2026,Media,media,HAT-JACKING 711’S BIRTHDAY,TAIWAN FAMILYMART CO.,"LTD., HUMANOID SOCIAL MEDIA CONSULTING",Breakthrough on a Budget,Submitted,https://ascentialcdn.filespin.io/api/v1/conversion/66d9b27ee1314d51a10fe94de25e7de6?quality=85&format=webp,https://www.lovethework.com/work/entries/hat-jacking-711s-birthday-769693
Spikes Asia,2026,Media,media,LOVE CREEP,LOVE BETTER,OMD,Use of Brand or Product Integration into a Programme or Platform,Submitted,https://ascentialcdn.filespin.io/api/v1/conversion/15b15917ec6f45bca86cb51eadd6ac28?quality=85&format=webp,https://www.lovethework.com/work/entries/love-creep-771166
Spikes Asia,2026,Media,media,A.I. IRRESPONSIBLY,BREWLANDER,BLKJ HAVAS,Use of Outdoor,Submitted,https://ascentialcdn.filespin.io/api/v1/conversion/74c0ab4b898e40b5b74bf9f34540f4aa?quality=85&format=webp,https://www.lovethework.com/work/entries/ai-irresponsibly-770739
Spikes Asia,2026,Media,media,SUMO STOPS,PLAYSTATION 5,ATALI,Use of Outdoor,Submitted,https://ascentialcdn.filespin.io/api/v1/conversion/c96ceb7e81844fbebf5cd9effcf52a3b?quality=85&format=webp,https://www.lovethework.com/work/entries/sumo-stops-769737
Spikes Asia,2026,Media,media,PROJECT EARLY PERIODS,WHISPER,LEO,Audience Insights,Submitted,https://ascentialcdn.filespin.io/api/v1/conversion/a4f4bd6089224561b801d46584d677cf?quality=85&format=webp,https://www.lovethework.com/work/entries/project-early-periods-772330
Spikes Asia,2026,Media,media,FEET OF GLORY - TATA ULTRA MARATHON,TATA SONS,BBDO INDIA,Small-Scale Media,Submitted,https://ascentialcdn.filespin.io/api/v1/conversion/60c3565f0d7f495ab36c71c7f6308ccf?quality=85&format=webp,https://www.lovethework.com/work/entries/feet-of-glory-tata-ultra-marathon-771854
Spikes Asia,2026,Media,media,UNPROTECTED BROADCAST,E1 FOOTBALL CHAMPIONSHIP,DENTSU INC.,Use of Events & Stunts,Submitted,https://ascentialcdn.filespin.io/api/v1/conversion/b562ecd85f6744098041f4f62f40450a?quality=85&format=webp,https://www.lovethework.com/work/entries/unprotected-broadcast-772870
Spikes Asia,2026,Media,media,TRACES OF TRANCE,SHISEIDO CO.,SHISEIDO CREATIVE,Large-Scale Media,Submitted,https://ascentialcdn.filespin.io/api/v1/conversion/58538a6642244d1985cb555f35f14f73?quality=85&format=webp,https://www.lovethework.com/work/entries/traces-of-trance-771427
Spikes Asia,2026,Media,media,THE WORLD’S BIGGEST “UNDOKAI”,TBS,DENTSU INC.,Use of Outdoor,Submitted,https://ascentialcdn.filespin.io/api/v1/conversion/fcbd7104ac944348bd3cf6c4ac7923e2?quality=85&format=webp,https://www.lovethework.com/work/entries/the-worlds-biggest-undokai-769703
Spikes Asia,2026,Media,media,KATE MEETS USJ,KANEBO,KANEBO,Use of Events & Stunts,Submitted,https://ascentialcdn.filespin.io/api/v1/conversion/0bfda5758768485a8bddc0560d7955bf?quality=85&format=webp,https://www.lovethework.com/work/entries/kate-meets-usj-770503
Spikes Asia,2026,Media,media,LEGO YELLOW HOUSE,LEGO,OUR LEGO AGENCY,Use of Events & Stunts,Submitted,https://ascentialcdn.filespin.io/api/v1/conversion/5ddbe38e5c1540419251381ffa304576?quality=85&format=webp,https://www.lovethework.com/work/entries/lego-yellow-house-769686
Spikes Asia,2026,Media,media,CELCOMDIGI,CELCOMDIGI,CELCOMDIGI,Use of Digital Platforms,Submitted,https://ascentialcdn.filespin.io/api/v1/conversion/61ed42d7682e43909fdc22c6b1329309?quality=85&format=webp,https://www.lovethework.com/work/entries/celcomdigi-771759
Spikes Asia,2026,Media,media,PAK'NRAVE,PAK'NSAVE,PHD,Use of Events & Stunts,Submitted,https://ascentialcdn.filespin.io/api/v1/conversion/b42b4d385d824fd5a930fcc14e1f64f8?quality=85&format=webp,https://www.lovethework.com/work/entries/paknrave-772246
Spikes Asia,2026,Media,media,THE BUD FAN,AB INBEV THAILAND,FLASH BOMBER,Use of Events & Stunts,Submitted,https://ascentialcdn.filespin.io/api/v1/conversion/72ab7b231bb34833976ed06c5efd8e53?quality=85&format=webp,https://www.lovethework.com/work/entries/the-bud-fan-769656
Spikes Asia,2026,Media,media,BEST AFTER 2055,TAKAMATSU CITY,SHISEIDO CREATIVE,Not-for-profit / Charity / Government,Submitted,https://ascentialcdn.filespin.io/api/v1/conversion/fe2abe1fa4ad48898f91c095aac86250?quality=85&format=webp,https://www.lovethework.com/work/entries/best-after-2055-769643
Spikes Asia,2026,Media,media,PUBSIDE DOWN CRAWL,NETFLIX,GIGIL,Large-Scale Media,Submitted,https://ascentialcdn.filespin.io/api/v1/conversion/e6e1aec3369c4f72ac4c9185af397297?quality=85&format=webp,https://www.lovethework.com/work/entries/pubside-down-crawl-771353
Spikes Asia,2026,Media,media,MAXSTREAM HEADLESS HALLOWEEN,MAXSTREAM,HAKUHODO INTERNATIONAL INDONESIA,Media/Entertainment,Submitted,https://ascentialcdn.filespin.io/api/v1/conversion/a002f2d17bf04a208e0f5800db512ce2?quality=85&format=webp,https://www.lovethework.com/work/entries/maxstream-headless-halloween-771234
Spikes Asia,2026,Media,media,FOOD MAP MALAYSIA,REDBUS INDIA PRIVATE LIMITED,REDBUS,Social Behaviour,Submitted,https://ascentialcdn.filespin.io/api/v1/conversion/8296239ade6647eeb60880bf01ac5724?quality=85&format=webp,https://www.lovethework.com/work/entries/food-map-malaysia-770859
Spikes Asia,2026,Media,media,PROJECT EARLY PERIODS,WHISPER,LEO,Social Behaviour,Submitted,https://ascentialcdn.filespin.io/api/v1/conversion/a4f4bd6089224561b801d46584d677cf?quality=85&format=webp,https://www.lovethework.com/work/entries/project-early-periods-772324
Spikes Asia,2026,Media,media,GENESIS,WARNER BROTHERS F.E.,SEVEN AD,Single-Market Campaign,Submitted,https://ascentialcdn.filespin.io/api/v1/conversion/5398d9190b7f4bad8a55900e2124c150?quality=85&format=webp,https://www.lovethework.com/work/entries/genesis-771171
Spikes Asia,2026,Media,media,KATE MEETS USJ,KANEBO,KANEBO,Co-Creation of Branded IP,Submitted,https://ascentialcdn.filespin.io/api/v1/conversion/0bfda5758768485a8bddc0560d7955bf?quality=85&format=webp,https://www.lovethework.com/work/entries/kate-meets-usj-770508
Spikes Asia,2026,Media,media,"FOOTY, FRIES & FAMILY TIES: MACCA’S WINNING PLAY IN THE AFL",MCDONALDS AUSTRALIA,OMD,Single-Market Campaign,Submitted,https://ascentialcdn.filespin.io/api/v1/conversion/bb3c3d1821324911bad99342cd348369?quality=85&format=webp,https://www.lovethework.com/work/entries/footy-fries-family-ties-maccas-winning-play-in-the-afl-771910
Spikes Asia,2026,Media,media,KHIIMORI- SPIRIT OF THE NAADAM,RIO TINTO MONGOLIA,RIO TINTO,Single-Market Campaign,Submitted,https://ascentialcdn.filespin.io/api/v1/conversion/0e16d99fba0d4eb5be1cdbd9bdcdec80?quality=85&format=webp,https://www.lovethework.com/work/entries/khiimori-spirit-of-the-naadam-770788
Spikes Asia,2026,Media,media,COMEBACK HOME,DAANGN,INNOCEAN,Use of Mobile,Submitted,https://ascentialcdn.filespin.io/api/v1/conversion/5e50a2922eca4fffb5ef0806562327ec?quality=85&format=webp,https://www.lovethework.com/work/entries/comeback-home-769729
Spikes Asia,2026,Media,media,COMEBACK HOME,DAANGN,INNOCEAN,Use of Digital Platforms,Submitted,https://ascentialcdn.filespin.io/api/v1/conversion/5e50a2922eca4fffb5ef0806562327ec?quality=85&format=webp,https://www.lovethework.com/work/entries/comeback-home-772871
Spikes Asia,2026,Media,media,BRAINCHARGE - THE ANTI BRAINROT CAMPAIGN,SIMPATI,I-DAC INDONESIA / HAKUHODO INTERNATIONAL INDONESIA,Corporate Purpose & Social Responsibility,Submitted,https://ascentialcdn.filespin.io/api/v1/conversion/45db98164ec548d7aa512d0eabac8fa4?quality=85&format=webp,https://www.lovethework.com/work/entries/braincharge-the-anti-brainrot-campaign-770813
Spikes Asia,2026,Media,media,MEET ME AT THE COKE SIGN,COCA-COLA,OGILVY,Use of Outdoor,Submitted,https://ascentialcdn.filespin.io/api/v1/conversion/e4e51d450eb8458dab81e55d80f5d56b?quality=85&format=webp,https://www.lovethework.com/work/entries/meet-me-at-the-coke-sign-769719
Spikes Asia,2026,Media,media,KHIIMORI- SPIRIT OF THE NAADAM,RIO TINTO MONGOLIA,RIO TINTO,Market Disruption,Submitted,https://ascentialcdn.filespin.io/api/v1/conversion/5d594317687643ef9affe2f502bea7fd?quality=85&format=webp,https://www.lovethework.com/work/entries/khiimori-spirit-of-the-naadam-770823
Spikes Asia,2026,Media,media,STILL ROLLING – SOLO BY MYOB X AUSTRALIAN IDOL,MYOB,IPROSPECT,Use of Screens & Audio Visual Platforms,Submitted,https://ascentialcdn.filespin.io/api/v1/conversion/8da12ddb7a494e4291cf9a13374e4e27?quality=85&format=webp,https://www.lovethework.com/work/entries/still-rolling-solo-by-myob-x-australian-idol-772868
Spikes Asia,2026,Media,media,KONA,HYUNDAI,INNOCEAN WORLDWIDE,Use of Screens & Audio Visual Platforms,Submitted,https://ascentialcdn.filespin.io/api/v1/conversion/5e71d6131dac431796e4b695ec7d4415?quality=85&format=webp,https://www.lovethework.com/work/entries/kona-771110
Spikes Asia,2026,Media,media,ENDANGERED SPECIES AR BIRD WATCHING NEWSPAPER,CHUNICHI SHIMBUN,DENTSU INC.,Use of Print,Submitted,https://ascentialcdn.filespin.io/api/v1/conversion/c8872ea6fb034239aa568e85b926f47e?quality=85&format=webp,https://www.lovethework.com/work/entries/endangered-species-ar-bird-watching-newspaper-769685
Spikes Asia,2026,Media,media,SC WEALTHNOW,STANDARD CHARTERED,DENTSU CREATIVE,Use of Digital Platforms,Submitted,https://ascentialcdn.filespin.io/api/v1/conversion/1882b76ad57a4bd985b0fd620118b3f2?quality=85&format=webp,https://www.lovethework.com/work/entries/sc-wealthnow-771158
Spikes Asia,2026,Media,media,"WHATSAPP: WHEN ENCRYPTION BECAME FELT, NOT EXPLAINED",WHATSAPP,SPARK FOUNDRY,Media Planning,Submitted,https://ascentialcdn.filespin.io/api/v1/conversion/12e89f395aca4470bc299973f49d79db?quality=85&format=webp,https://www.lovethework.com/work/entries/whatsapp-when-encryption-became-felt-not-explained-772682
Spikes Asia,2026,Media,media,FOOD MAP MALAYSIA,REDBUS INDIA PRIVATE LIMITED,REDBUS,Single-Market Campaign,Submitted,https://ascentialcdn.filespin.io/api/v1/conversion/8296239ade6647eeb60880bf01ac5724?quality=85&format=webp,https://www.lovethework.com/work/entries/food-map-malaysia-770911
Spikes Asia,2026,Media,media,RENAULT KIGER GAMING OOH,RENAULT,SAATCHI & SAATCHI INDIA,Consumer Goods,Submitted,https://ascentialcdn.filespin.io/api/v1/conversion/2866804336034b4c80c8502a7f580aa5?quality=85&format=webp,https://www.lovethework.com/work/entries/renault-kiger-gaming-ooh-770545
Spikes Asia,2026,Media,media,CANAL OF TEARS,NETFLIX,GIGIL,Large-Scale Media,Submitted,https://ascentialcdn.filespin.io/api/v1/conversion/7489b4516d134d27930baf73b79d91b0?quality=85&format=webp,https://www.lovethework.com/work/entries/canal-of-tears-769618
Spikes Asia,2026,Media,media,KECA(PIECE) OF ART,KECAP MANIS INDOFOOD,I-DAC INDONESIA / HAKUHODO INTERNATIONAL INDONESIA,Challenger Brand,Submitted,https://ascentialcdn.filespin.io/api/v1/conversion/f5fc0f24c6504ea2acddb9571f0939e7?quality=85&format=webp,https://www.lovethework.com/work/entries/kecapiece-of-art-770771
Spikes Asia,2026,Media,media,THE AD THAT CAN ONLY BE SEEN ON SBS,SPECIAL BROADCASTING SERVIVE,"DROGA5 ANZ, PART OF ACCENTURE SONG",Challenger Brand,Submitted,https://ascentialcdn.filespin.io/api/v1/conversion/d6403d7ba3da404998689d997fe2daaa?quality=85&format=webp,https://www.lovethework.com/work/entries/the-ad-that-can-only-be-seen-on-sbs-771048
Spikes Asia,2026,Media,media,DORITOS CILANTRO SWAP,DORITOS,STARCOM,Media Insights & Strategy,Submitted,https://ascentialcdn.filespin.io/api/v1/conversion/e7f56dfdf66548299bafca8cbf6e8ab3?quality=85&format=webp,https://www.lovethework.com/work/entries/doritos-cilantro-swap-771826
Spikes Asia,2026,Media,media,META AI: AI STICKS WHEN IT FITS,META,SPARK FOUNDRY,Retail Media,Submitted,https://ascentialcdn.filespin.io/api/v1/conversion/78706e549ba1401a94ae58717ea656c6?quality=85&format=webp,https://www.lovethework.com/work/entries/meta-ai-ai-sticks-when-it-fits-771266
Spikes Asia,2026,Media,media,LOVE CREEP,LOVE BETTER,OMD,Social Behaviour,Submitted,https://ascentialcdn.filespin.io/api/v1/conversion/15b15917ec6f45bca86cb51eadd6ac28?quality=85&format=webp,https://www.lovethework.com/work/entries/love-creep-771098
Spikes Asia,2026,Media,media,BOX TO BEDS,AMAZON,OGILVY,Corporate Purpose & Social Responsibility,Submitted,https://ascentialcdn.filespin.io/api/v1/conversion/844f30e20f794839a1c9a1d331dfa5e1?quality=85&format=webp,https://www.lovethework.com/work/entries/box-to-beds-770514
Spikes Asia,2026,Media,media,ANEH TAPI NYATA,BY.U,ORCA - ALVA DIGITAL,Use of Digital Platforms,Submitted,https://ascentialcdn.filespin.io/api/v1/conversion/de1060da394145db934879b37d62264a?quality=85&format=webp,https://www.lovethework.com/work/entries/aneh-tapi-nyata-769708
Spikes Asia,2026,Media,media,RENAULT KIGER GAMING OOH,RENAULT,SAATCHI & SAATCHI INDIA,Use of Outdoor,Submitted,https://ascentialcdn.filespin.io/api/v1/conversion/2866804336034b4c80c8502a7f580aa5?quality=85&format=webp,https://www.lovethework.com/work/entries/renault-kiger-gaming-ooh-772987
Spikes Asia,2026,Media,media,THE SCENT OF RAYA: A CAT’S TALE,SCENTIFY X ENCHANTEUR,PHD MEDIA MALAYSIA,Audience Insights,Submitted,https://ascentialcdn.filespin.io/api/v1/conversion/0c0c779d92854fba88100fd61e710cb4?quality=85&format=webp,https://www.lovethework.com/work/entries/the-scent-of-raya-a-cats-tale-769632
Spikes Asia,2026,Media,media,GOPAY MURAAAH,GOPAY,FLOCK,Use of Social Platforms,Submitted,https://ascentialcdn.filespin.io/api/v1/conversion/7ed60bc420214b14b0df17d2bf35919a?quality=85&format=webp,https://www.lovethework.com/work/entries/gopay-muraaah-769741
Spikes Asia,2026,Media,media,UNPROTECTED BROADCAST,E1 FOOTBALL CHAMPIONSHIP,DENTSU INC.,Use of Social Platforms,Submitted,https://ascentialcdn.filespin.io/api/v1/conversion/b562ecd85f6744098041f4f62f40450a?quality=85&format=webp,https://www.lovethework.com/work/entries/unprotected-broadcast-769735
Spikes Asia,2026,Media,media,SUZUKI-SAN'S HEART STORY ON LINE,APPLE,TBWA\MEDIA ARTS LAB,Use of Digital Platforms,Submitted,https://ascentialcdn.filespin.io/api/v1/conversion/4ec0ffdb162f4b8b927acb107eabcdf9?quality=85&format=webp,https://www.lovethework.com/work/entries/suzuki-sans-heart-story-on-line-769700
Spikes Asia,2026,Media,media,FEET OF GLORY - TATA ULTRA MARATHON,TATA SONS,BBDO INDIA,Use of Print,Submitted,https://ascentialcdn.filespin.io/api/v1/conversion/60c3565f0d7f495ab36c71c7f6308ccf?quality=85&format=webp,https://www.lovethework.com/work/entries/feet-of-glory-tata-ultra-marathon-771845
Spikes Asia,2026,Media,media,"IF YOU CAN TAKE IT, IT'S YOURS",SELLEYS,HOWATSON AND COMPANY,Consumer Goods,Submitted,https://ascentialcdn.filespin.io/api/v1/conversion/3172e0d181524de5b6802f2aef3eff7a?quality=85&format=webp,https://www.lovethework.com/work/entries/if-you-can-take-it-its-yours-770966
Spikes Asia,2026,Media,media,THE WORLD’S BIGGEST “UNDOKAI”,TBS,DENTSU INC.,Single-Market Campaign,Submitted,https://ascentialcdn.filespin.io/api/v1/conversion/fcbd7104ac944348bd3cf6c4ac7923e2?quality=85&format=webp,https://www.lovethework.com/work/entries/the-worlds-biggest-undokai-769661
Spikes Asia,2026,Media,media,THE LONGEST CONDITIONS BILLBOARD,ALLIANZ AYUDHYA ASSURANCE PUBLIC COMPANY LIMITED,CHOOJAI AND FRIENDS,Consumer Services/Business to Business,Submitted,https://ascentialcdn.filespin.io/api/v1/conversion/7062a3d93ccb48c99cdf58b419fc6dcb?quality=85&format=webp,https://www.lovethework.com/work/entries/the-longest-conditions-billboard-769634
Spikes Asia,2026,Media,media,DORITOS CILANTRO SWAP,DORITOS,SAATCHI & SAATCHI,Consumer Goods,Submitted,https://ascentialcdn.filespin.io/api/v1/conversion/c746cdc13831487889951227b74ecef5?quality=85&format=webp,https://www.lovethework.com/work/entries/doritos-cilantro-swap-771792
Spikes Asia,2026,Media,media,SAMSUNG GALAXY A SERIES - AN AD THAT ERASES ADS,SAMSUNG,STARCOM,Use of Digital Platforms,Submitted,https://ascentialcdn.filespin.io/api/v1/conversion/1b143c2e23994ae5b2f4c09814abcead?quality=85&format=webp,https://www.lovethework.com/work/entries/samsung-galaxy-a-series-an-ad-that-erases-ads-771299
Spikes Asia,2026,Media,media,NUTRITION FLIGHT REVOLUTION: ZESPRI'S QUICK-CHARGE,ZESPRI,MINDSHARE,Use of Events & Stunts,Submitted,https://ascentialcdn.filespin.io/api/v1/conversion/7884caf27a5f413ba4b4f6f6c7e7aac0?quality=85&format=webp,https://www.lovethework.com/work/entries/nutrition-flight-revolution-zespris-quick-charge-769678
Spikes Asia,2026,Outdoor,outdoor,COMMUTER CAMO,KITKAT,VML,Transit,Grand Prix,https://ascentialcdn.filespin.io/api/v1/conversion/b8bd7af8e7704952a7d68e1bfacc2b1d?quality=85&format=webp,https://www.lovethework.com/work/entries/commuter-camo-769602
Spikes Asia,2026,Outdoor,outdoor,NEW ZEALAND'S LITTLE HELPER,GREYHOUNDS AS PETS,SPECIAL,Single-market Campaign,Gold,https://ascentialcdn.filespin.io/api/v1/conversion/90032e3ca44249e3b2713e264fc159aa?quality=85&format=webp,https://www.lovethework.com/work/entries/new-zealands-little-helper-770500
Spikes Asia,2026,Outdoor,outdoor,DALAH’S SPOILER BILLBOARD,NETFLIX THAILAND,VML,Special Build,Gold,https://ascentialcdn.filespin.io/api/v1/conversion/d2548b5c58d14cdaa86c2df430ffec9c?quality=85&format=webp,https://www.lovethework.com/work/entries/dalahs-spoiler-billboard-772613
Spikes Asia,2026,Outdoor,outdoor,EYECARE,1001 OPTOMETRY,VML,"Travel, Leisure, Retail, Restaurants & Fast Food Chains",Silver,https://ascentialcdn.filespin.io/api/v1/conversion/d533a5d60255478bb1186f3948f9d590?quality=85&format=webp,https://www.lovethework.com/work/entries/eyecare-769547
Spikes Asia,2026,Outdoor,outdoor,EYE TEST,1001 OPTOMETRY,VML,"Travel, Leisure, Retail, Restaurants & Fast Food Chains",Silver,https://ascentialcdn.filespin.io/api/v1/conversion/0d13f5395e274e98a8fc54d97af4e6d6?quality=85&format=webp,https://www.lovethework.com/work/entries/eye-test-769533
Spikes Asia,2026,Outdoor,outdoor,"IF YOU CAN TAKE IT, IT'S YOURS",SELLEYS,HOWATSON AND COMPANY,Interactive Experiences,Silver,https://ascentialcdn.filespin.io/api/v1/conversion/3172e0d181524de5b6802f2aef3eff7a?quality=85&format=webp,https://www.lovethework.com/work/entries/if-you-can-take-it-its-yours-770934
Spikes Asia,2026,Outdoor,outdoor,BACK TO KAI TAK,CATHAY,LEO HONG KONG,Live Advertising & Events,Silver,https://ascentialcdn.filespin.io/api/v1/conversion/49df638fcc8343c2bef42b85c1e6dbd5?quality=85&format=webp,https://www.lovethework.com/work/entries/back-to-kai-tak-770917
Spikes Asia,2026,Outdoor,outdoor,EYE SCAN,1001 OPTOMETRY,VML,"Travel, Leisure, Retail, Restaurants & Fast Food Chains",Silver,https://ascentialcdn.filespin.io/api/v1/conversion/7617a30f9c244982817a6f96c3ee8d37?quality=85&format=webp,https://www.lovethework.com/work/entries/eye-scan-769541
Spikes Asia,2026,Outdoor,outdoor,SLEEPING WITH GIANT,NELL,DENTSU INC.,Interactive Experiences,Silver,https://ascentialcdn.filespin.io/api/v1/conversion/75fa6db090b841f48e8b38b3a8e8d973?quality=85&format=webp,https://www.lovethework.com/work/entries/sleeping-with-giant-769564
Spikes Asia,2026,Outdoor,outdoor,THE WORST CHILDREN'S LIBRARY,SAMSUNG NZ,MCCANN NEW ZEALAND,Immersive Experiences,Bronze,https://ascentialcdn.filespin.io/api/v1/conversion/92adc488ec0240ac939ad04662f73311?quality=85&format=webp,https://www.lovethework.com/work/entries/the-worst-childrens-library-769494
Spikes Asia,2026,Outdoor,outdoor,CHAI BANSURI - THE TEA FLUTE,BROOKE BOND TAJ MAHAL TEA,OGILVY,Special Build,Bronze,https://ascentialcdn.filespin.io/api/v1/conversion/b79b43804eae486ea54374794321d26f?quality=85&format=webp,https://www.lovethework.com/work/entries/chai-bansuri-the-tea-flute-770518
Spikes Asia,2026,Outdoor,outdoor,"IF YOU CAN TAKE IT, IT'S YOURS",SELLEYS,HOWATSON AND COMPANY,Special Build,Bronze,https://ascentialcdn.filespin.io/api/v1/conversion/3172e0d181524de5b6802f2aef3eff7a?quality=85&format=webp,https://www.lovethework.com/work/entries/if-you-can-take-it-its-yours-770981
Spikes Asia,2026,Outdoor,outdoor,THE WORLD’S BIGGEST “UNDOKAI”,TBS,DENTSU INC.,Ambient Outdoor,Bronze,https://ascentialcdn.filespin.io/api/v1/conversion/916aa2970d9f450687655f42ddb5e6a2?quality=85&format=webp,https://www.lovethework.com/work/entries/the-worlds-biggest-undokai-772615
Spikes Asia,2026,Outdoor,outdoor,AWKBOARDS,LIFE PHARMACY,FCB NEW ZEALAND,Use of Humour,Bronze,https://ascentialcdn.filespin.io/api/v1/conversion/acd8d741c65343949410395ac1ef1341?quality=85&format=webp,https://www.lovethework.com/work/entries/awkboards-770610
Spikes Asia,2026,Outdoor,outdoor,OREO MILKY WAY DUNK,OREO,LEO INDONESIA,Ambient Outdoor,Bronze,https://ascentialcdn.filespin.io/api/v1/conversion/d33c5d7be31741ed8374d2828c6a6c1a?quality=85&format=webp,https://www.lovethework.com/work/entries/oreo-milky-way-dunk-771087
Spikes Asia,2026,Outdoor,outdoor,SALTANAT LIGHT,CITIX,GFORCE,Corporate Purpose & Social Responsibility,Bronze,https://ascentialcdn.filespin.io/api/v1/conversion/68f2c53ebcea42bd9ab7b58852b5aa95?quality=85&format=webp,https://www.lovethework.com/work/entries/saltanat-light-769554
Spikes Asia,2026,Outdoor,outdoor,SALTANAT LIGHT,CITIX,GFORCE,Special Build,Shortlist,https://ascentialcdn.filespin.io/api/v1/conversion/68f2c53ebcea42bd9ab7b58852b5aa95?quality=85&format=webp,https://www.lovethework.com/work/entries/saltanat-light-772610
Spikes Asia,2026,Outdoor,outdoor,VOICE WANTED,KOREAN NATIONAL POLICE AGENCY,CHEIL WORLDWIDE,Social Behaviour,Shortlist,https://ascentialcdn.filespin.io/api/v1/conversion/82ecf87f4a4b45919f2be309361723f6?quality=85&format=webp,https://www.lovethework.com/work/entries/voice-wanted-769513
Spikes Asia,2026,Outdoor,outdoor,"IF YOU CAN TAKE IT, IT'S YOURS",SELLEYS,HOWATSON AND COMPANY,Standard Sites,Shortlist,https://ascentialcdn.filespin.io/api/v1/conversion/3172e0d181524de5b6802f2aef3eff7a?quality=85&format=webp,https://www.lovethework.com/work/entries/if-you-can-take-it-its-yours-771031
Spikes Asia,2026,Outdoor,outdoor,THE BIGGEST LIFEGUARD,GRAND JOSUN MEDIA,INNOCEAN,Displays,Shortlist,https://ascentialcdn.filespin.io/api/v1/conversion/33586518e8454a6a93f316eb8fec1de7?quality=85&format=webp,https://www.lovethework.com/work/entries/the-biggest-lifeguard-771455
Spikes Asia,2026,Outdoor,outdoor,WHISKAS® LOCATOR,WHISKAS®,OGENCY,Standard Sites,Shortlist,https://ascentialcdn.filespin.io/api/v1/conversion/b17ca1ce481f4b2d8923b824bb4fa5ae?quality=85&format=webp,https://www.lovethework.com/work/entries/whiskas-locator-772611
Spikes Asia,2026,Outdoor,outdoor,AWKBOARDS,LIFE PHARMACY,FCB NEW ZEALAND,Social Behaviour,Shortlist,https://ascentialcdn.filespin.io/api/v1/conversion/acd8d741c65343949410395ac1ef1341?quality=85&format=webp,https://www.lovethework.com/work/entries/awkboards-772632
Spikes Asia,2026,Outdoor,outdoor,BACK TO KAI TAK,CATHAY,LEO HONG KONG,Single-market Campaign,Shortlist,https://ascentialcdn.filespin.io/api/v1/conversion/49df638fcc8343c2bef42b85c1e6dbd5?quality=85&format=webp,https://www.lovethework.com/work/entries/back-to-kai-tak-770955
Spikes Asia,2026,Outdoor,outdoor,HERO PRAYERS FOR SAFETY,HERO MOTOCORP,SAATCHI & SAATCHI INDIA,Corporate Purpose & Social Responsibility,Shortlist,https://ascentialcdn.filespin.io/api/v1/conversion/7a2e0e08204e492580c87c3f627c6d36?quality=85&format=webp,https://www.lovethework.com/work/entries/hero-prayers-for-safety-770513
Spikes Asia,2026,Outdoor,outdoor,DUREX ALLGASM,DUREX,SOUR BANGKOK,Cultural Engagement,Shortlist,https://ascentialcdn.filespin.io/api/v1/conversion/f37b4683423c4cc0a29baaa211d2aa6f?quality=85&format=webp,https://www.lovethework.com/work/entries/durex-allgasm-769568
Spikes Asia,2026,Outdoor,outdoor,THE HIDDEN EYE TEST,1001 OPTOMETRY,VML,Technology,Shortlist,https://ascentialcdn.filespin.io/api/v1/conversion/10fd4a961df547a3a0bc7de9697ce924?quality=85&format=webp,https://www.lovethework.com/work/entries/the-hidden-eye-test-769582
Spikes Asia,2026,Outdoor,outdoor,"IF YOU CAN TAKE IT, IT'S YOURS",SELLEYS,HOWATSON AND COMPANY,Consumer Goods,Shortlist,https://ascentialcdn.filespin.io/api/v1/conversion/d25ecc53cf2d444ea40612c1a1ad3d76?quality=85&format=webp,https://www.lovethework.com/work/entries/if-you-can-take-it-its-yours-770972
Spikes Asia,2026,Outdoor,outdoor,OREO MILKY WAY DUNK,OREO,LEO INDONESIA,Use of Humour,Shortlist,https://ascentialcdn.filespin.io/api/v1/conversion/d33c5d7be31741ed8374d2828c6a6c1a?quality=85&format=webp,https://www.lovethework.com/work/entries/oreo-milky-way-dunk-771062
Spikes Asia,2026,Outdoor,outdoor,WHISKAS® LOCATOR,WHISKAS®,OGENCY,Market Disruption,Shortlist,https://ascentialcdn.filespin.io/api/v1/conversion/b17ca1ce481f4b2d8923b824bb4fa5ae?quality=85&format=webp,https://www.lovethework.com/work/entries/whiskas-locator-772630
Spikes Asia,2026,Outdoor,outdoor,MEET ME AT THE COKE SIGN,COCA-COLA,OGILVY,Single-market Campaign,Shortlist,https://ascentialcdn.filespin.io/api/v1/conversion/e4e51d450eb8458dab81e55d80f5d56b?quality=85&format=webp,https://www.lovethework.com/work/entries/meet-me-at-the-coke-sign-772623
Spikes Asia,2026,Outdoor,outdoor,THE SYNC AD,TOKUCHA,HAKUHODO,Transit,Shortlist,https://ascentialcdn.filespin.io/api/v1/conversion/22401656c803457ba4d5a602ad6da307?quality=85&format=webp,https://www.lovethework.com/work/entries/the-sync-ad-769471
Spikes Asia,2026,Outdoor,outdoor,LIFE AFTER FIRE AND ASH,DISNEY,LEO,Live Advertising & Events,Shortlist,https://ascentialcdn.filespin.io/api/v1/conversion/e83ec84533dc420ebf94b35f06ff19f1?quality=85&format=webp,https://www.lovethework.com/work/entries/life-after-fire-and-ash-771175
Spikes Asia,2026,Outdoor,outdoor,A.I. IRRESPONSIBLY,BREWLANDER,BLKJ HAVAS,Interactive Experiences,Shortlist,https://ascentialcdn.filespin.io/api/v1/conversion/74c0ab4b898e40b5b74bf9f34540f4aa?quality=85&format=webp,https://www.lovethework.com/work/entries/ai-irresponsibly-770762
Spikes Asia,2026,Outdoor,outdoor,TRACES OF TRANCE,SHISEIDO CO.,SHISEIDO CREATIVE,Cultural Engagement,Shortlist,https://ascentialcdn.filespin.io/api/v1/conversion/58538a6642244d1985cb555f35f14f73?quality=85&format=webp,https://www.lovethework.com/work/entries/traces-of-trance-769586
Spikes Asia,2026,Outdoor,outdoor,WORK FROM IKEA,IKEA,OGILVY,Interactive Experiences,Shortlist,https://ascentialcdn.filespin.io/api/v1/conversion/c4225254699f4cb997a2a34b884c78de?quality=85&format=webp,https://www.lovethework.com/work/entries/work-from-ikea-772619
Spikes Asia,2026,Outdoor,outdoor,STOP THE STIGMA,CANNABIS CLINIC,ABEL,Social Behaviour,Shortlist,https://ascentialcdn.filespin.io/api/v1/conversion/1f500b279a7f41f69fb5a07e059be75e?quality=85&format=webp,https://www.lovethework.com/work/entries/stop-the-stigma-770496
Spikes Asia,2026,Outdoor,outdoor,THE BREATHING WALL,TBC BANK UZBEKISTAN,FCB ARTGROUP,Standard Sites,Shortlist,https://ascentialcdn.filespin.io/api/v1/conversion/a611be99781e44cfaa76018fb67e90b2?quality=85&format=webp,https://www.lovethework.com/work/entries/the-breathing-wall-769504
Spikes Asia,2026,Outdoor,outdoor,GARUDA RAKSHAK,DSP MUTUAL FUNDS,DENTSU CREATIVE,Technology,Shortlist,https://ascentialcdn.filespin.io/api/v1/conversion/89bc4fc4a633468194b5cba46a8d4ffc?quality=85&format=webp,https://www.lovethework.com/work/entries/garuda-rakshak-769589
Spikes Asia,2026,Outdoor,outdoor,A.I. IRRESPONSIBLY,BREWLANDER,BLKJ HAVAS,Challenger Brand,Submitted,https://ascentialcdn.filespin.io/api/v1/conversion/74c0ab4b898e40b5b74bf9f34540f4aa?quality=85&format=webp,https://www.lovethework.com/work/entries/ai-irresponsibly-773046
Spikes Asia,2026,Outdoor,outdoor,"OUTSIDE, YOUR COMFORT ZONE.",KATHMANDU,MOTION SICKNESS,Challenger Brand,Submitted,https://ascentialcdn.filespin.io/api/v1/conversion/c032d5ec071b49c2a52c2272d78147fb?quality=85&format=webp,https://www.lovethework.com/work/entries/outside-your-comfort-zone-770583
Spikes Asia,2026,Outdoor,outdoor,INTO ART,TELSTRA,+61,Special Build,Submitted,https://ascentialcdn.filespin.io/api/v1/conversion/23bdbb0a20d440bfb57e1e9dd6d322e1?quality=85&format=webp,https://www.lovethework.com/work/entries/into-art-773000
Spikes Asia,2026,Outdoor,outdoor,THE BIGGEST LIFEGUARD,GRAND JOSUN MEDIA,INNOCEAN,Corporate Purpose & Social Responsibility,Submitted,https://ascentialcdn.filespin.io/api/v1/conversion/491454820a294df2952d39a821bb8007?quality=85&format=webp,https://www.lovethework.com/work/entries/the-biggest-lifeguard-771291
Spikes Asia,2026,Outdoor,outdoor,THE AUDIBLE EXPRESS,AUDIBLE,WAVEMAKER,Transit,Submitted,https://ascentialcdn.filespin.io/api/v1/conversion/307da5c1e7b7464aa0cd2e147c85187d?quality=85&format=webp,https://www.lovethework.com/work/entries/the-audible-express-773083
Spikes Asia,2026,Outdoor,outdoor,TUITION FEE,THAI HEALTH PROMOTION FOUNDATION,DENTSU CREATIVE THAILAND,Not-for-profit / Charity / Government,Submitted,https://ascentialcdn.filespin.io/api/v1/conversion/0598db23d8dc419ca850160cff875871?quality=85&format=webp,https://www.lovethework.com/work/entries/tuition-fee-772835
Spikes Asia,2026,Outdoor,outdoor,RENAULT KIGER GAMING OOH,RENAULT,SAATCHI & SAATCHI INDIA,Technology,Submitted,https://ascentialcdn.filespin.io/api/v1/conversion/2866804336034b4c80c8502a7f580aa5?quality=85&format=webp,https://www.lovethework.com/work/entries/renault-kiger-gaming-ooh-770492
Spikes Asia,2026,Outdoor,outdoor,RUNWAY TO HOME,NATIONAL CENTER FOR THE RIGHTS OF THE CHILD,DAEHONG COMMUNICATIONS,Standard Sites,Submitted,https://ascentialcdn.filespin.io/api/v1/conversion/25627e69147c47cfb3f50e1c31aac766?quality=85&format=webp,https://www.lovethework.com/work/entries/runway-to-home-772837
Spikes Asia,2026,Outdoor,outdoor,BROTHEL PIMP,KOREAN NATIONAL POLICE AGENCY,CHEIL WORLDWIDE,Not-for-profit / Charity / Government,Submitted,https://ascentialcdn.filespin.io/api/v1/conversion/e3df5939a1a14cacbe096139efd76c67?quality=85&format=webp,https://www.lovethework.com/work/entries/brothel-pimp-772636
Spikes Asia,2026,Outdoor,outdoor,OREO MILKY WAY DUNK,OREO,LEO INDONESIA,Special Build,Submitted,https://ascentialcdn.filespin.io/api/v1/conversion/d33c5d7be31741ed8374d2828c6a6c1a?quality=85&format=webp,https://www.lovethework.com/work/entries/oreo-milky-way-dunk-771075
Spikes Asia,2026,Outdoor,outdoor,"LOOK UP, LONDON",SAMSUNG,CHEIL WORLDWIDE,Special Build,Submitted,https://ascentialcdn.filespin.io/api/v1/conversion/f76fba9b5fee4edd9b0e4fd846e31e23?quality=85&format=webp,https://www.lovethework.com/work/entries/look-up-london-769518
Spikes Asia,2026,Outdoor,outdoor,SANGSOM PIXEL BAR,SANGSOM,SOUR BANGKOK,Special Build,Submitted,https://ascentialcdn.filespin.io/api/v1/conversion/cb067af643ad44e3a6ba8cd7b002492b?quality=85&format=webp,https://www.lovethework.com/work/entries/sangsom-pixel-bar-769481
Spikes Asia,2026,Outdoor,outdoor,FLIPKART- LINE SEVAK,FLIPKART,McCANN INDIA,Breakthrough on a Budget,Submitted,https://ascentialcdn.filespin.io/api/v1/conversion/ccff06640f764678a6b8ddc4e11d66de?quality=85&format=webp,https://www.lovethework.com/work/entries/flipkart-line-sevak-771191
Spikes Asia,2026,Outdoor,outdoor,THE SYNC AD,TOKUCHA,HAKUHODO,Standard Sites,Submitted,https://ascentialcdn.filespin.io/api/v1/conversion/22401656c803457ba4d5a602ad6da307?quality=85&format=webp,https://www.lovethework.com/work/entries/the-sync-ad-769539
Spikes Asia,2026,Outdoor,outdoor,AQUA FOR A BLESSED RAMADAN,AQUA,MOVING WALLS,Transit,Submitted,https://ascentialcdn.filespin.io/api/v1/conversion/3b72290a2f604aa78472b3a91a6399a0?quality=85&format=webp,https://www.lovethework.com/work/entries/aqua-for-a-blessed-ramadan-769591
Spikes Asia,2026,Outdoor,outdoor,MASTERPEACE PAIN-TING,FRASERS PROPERTY THAILAND,FRASERS PROPERTY,Interactive Experiences,Submitted,https://ascentialcdn.filespin.io/api/v1/conversion/c07da179b0c44231be71628d878a077c?quality=85&format=webp,https://www.lovethework.com/work/entries/masterpeace-pain-ting-770571
Spikes Asia,2026,Outdoor,outdoor,RENAULT KIGER GAMING OOH,RENAULT,SAATCHI & SAATCHI INDIA,Standard Sites,Submitted,https://ascentialcdn.filespin.io/api/v1/conversion/2866804336034b4c80c8502a7f580aa5?quality=85&format=webp,https://www.lovethework.com/work/entries/renault-kiger-gaming-ooh-770486
Spikes Asia,2026,Outdoor,outdoor,HAIER FLOOR PLAN DISHWASHER,HAIER,TBWA\NEW ZEALAND,Consumer Goods,Submitted,https://ascentialcdn.filespin.io/api/v1/conversion/04c22f40c20949b3bb60a5e769d44fdb?quality=85&format=webp,https://www.lovethework.com/work/entries/haier-floor-plan-dishwasher-770482
Spikes Asia,2026,Outdoor,outdoor,STOP THE STIGMA,CANNABIS CLINIC,ABEL,Healthcare,Submitted,https://ascentialcdn.filespin.io/api/v1/conversion/c7435e88db304739a2e4476c59b86d84?quality=85&format=webp,https://www.lovethework.com/work/entries/stop-the-stigma-773105
Spikes Asia,2026,Outdoor,outdoor,THE UNLUCKY NUMBERS SHOP,WHOSCALL,DENTSU CREATIVE THAILAND,Single-market Campaign,Submitted,https://ascentialcdn.filespin.io/api/v1/conversion/33c480d90eba47b6a0eb10d4569417a4?quality=85&format=webp,https://www.lovethework.com/work/entries/the-unlucky-numbers-shop-769493
Spikes Asia,2026,Outdoor,outdoor,AUNTIE'S WORDS,TINDER JAPAN,FIELD MANAGEMENT EXPAND INC.,Use of Humour,Submitted,https://ascentialcdn.filespin.io/api/v1/conversion/bcbb737104b349dcb1f16c8ef8eb7102?quality=85&format=webp,https://www.lovethework.com/work/entries/aunties-words-769538
Spikes Asia,2026,Outdoor,outdoor,WHEN THE EVERYDAY TURNS URGENT,ST JOHN WA,ST JOHN WA,Market Disruption,Submitted,https://ascentialcdn.filespin.io/api/v1/conversion/115183e1766947978fe1aa62aae8f13b?quality=85&format=webp,https://www.lovethework.com/work/entries/when-the-everyday-turns-urgent-770816
Spikes Asia,2026,Outdoor,outdoor,50 BENCHES,MCDONALD'S HONG KONG,BBDO HONG KONG,Interactive Experiences,Submitted,https://ascentialcdn.filespin.io/api/v1/conversion/84fba874ad024a5183367ecf640f4dae?quality=85&format=webp,https://www.lovethework.com/work/entries/50-benches-770477
Spikes Asia,2026,Outdoor,outdoor,HEINEKEN F1 RIVER RUN,HEINEKEN,LEO,Live Advertising & Events,Submitted,https://ascentialcdn.filespin.io/api/v1/conversion/1c4f8dfa0b5447c0a6f9834c2542c5c7?quality=85&format=webp,https://www.lovethework.com/work/entries/heineken-f1-river-run-770756
Spikes Asia,2026,Outdoor,outdoor,PONKU ON PRO,APPLE,TBWA\MEDIA ARTS LAB,Standard Sites,Submitted,https://ascentialcdn.filespin.io/api/v1/conversion/1150cbd270f74346ae981f15bcd98b24?quality=85&format=webp,https://www.lovethework.com/work/entries/ponku-on-pro-769524
Spikes Asia,2026,Outdoor,outdoor,ROSE PETAL - SUMMER CAMPAIGN,ROSE PETAL,PACKAGES CONVERTORS LIMITED,Ambient Outdoor,Submitted,https://ascentialcdn.filespin.io/api/v1/conversion/d666d4e232bb4b1e90a02c723025100a?quality=85&format=webp,https://www.lovethework.com/work/entries/rose-petal-summer-campaign-772839
Spikes Asia,2026,Outdoor,outdoor,A MAHA MOVEMENT AT THE MAHA KUMBH,COCA-COLA,WEBER SHANDWICK,Corporate Purpose & Social Responsibility,Submitted,https://ascentialcdn.filespin.io/api/v1/conversion/d3e4692a00d44c2cb745b90a622cfafd?quality=85&format=webp,https://www.lovethework.com/work/entries/a-maha-movement-at-the-maha-kumbh-770810
Spikes Asia,2026,Outdoor,outdoor,ABSOLUT MOVE LIKE HARING,ABSOLUT VODKA,DENTSU CREATIVE,Interactive Experiences,Submitted,https://ascentialcdn.filespin.io/api/v1/conversion/6855ee6f118a49038df06d50610fbc6b?quality=85&format=webp,https://www.lovethework.com/work/entries/absolut-move-like-haring-770456
Spikes Asia,2026,Outdoor,outdoor,HANGEUL TRUCK,SAMSUNG,CHEIL WORLDWIDE,Special Build,Submitted,https://ascentialcdn.filespin.io/api/v1/conversion/dd40dcec58544240b493d681b8e09117?quality=85&format=webp,https://www.lovethework.com/work/entries/hangeul-truck-769528
Spikes Asia,2026,Outdoor,outdoor,SUNDAE,MCDONALD'S,MCCANN NEW ZEALAND,"Travel, Leisure, Retail, Restaurants & Fast Food Chains",Submitted,https://ascentialcdn.filespin.io/api/v1/conversion/0acf1219a4b24c85aec5033a55926c55?quality=85&format=webp,https://www.lovethework.com/work/entries/sundae-769560
Spikes Asia,2026,Outdoor,outdoor,MASTERCARD NZ - TAP & GROW CAMPAIGN,MASTERCARD SERVICES,MASTERCARD SERVICES,Transit,Submitted,https://ascentialcdn.filespin.io/api/v1/conversion/f0ae91e652604ca6b60c101418c32474?quality=85&format=webp,https://www.lovethework.com/work/entries/mastercard-nz-tap-grow-campaign-770945
Spikes Asia,2026,Outdoor,outdoor,AUNTIE'S WORDS,TINDER JAPAN,FIELD MANAGEMENT EXPAND INC.,Local Brand,Submitted,https://ascentialcdn.filespin.io/api/v1/conversion/bcbb737104b349dcb1f16c8ef8eb7102?quality=85&format=webp,https://www.lovethework.com/work/entries/aunties-words-769597
Spikes Asia,2026,Outdoor,outdoor,GARNIER SUPER UV WITH TIKTOK OUT OF PHONE,GARNIER L'OREAL,DIVE BILLBOARDS,Interactive/Dynamic Digital Screens,Submitted,https://ascentialcdn.filespin.io/api/v1/conversion/d875b4297ac44a1b90b44fb8f952f612?quality=85&format=webp,https://www.lovethework.com/work/entries/garnier-super-uv-with-tiktok-out-of-phone-771470
Spikes Asia,2026,Outdoor,outdoor,BANK LOAN OFFICER,KOREAN NATIONAL POLICE AGENCY,CHEIL WORLDWIDE,Not-for-profit / Charity / Government,Submitted,https://ascentialcdn.filespin.io/api/v1/conversion/3fd587a1042546c6b02013a03f8175bc?quality=85&format=webp,https://www.lovethework.com/work/entries/bank-loan-officer-773042
Spikes Asia,2026,Outdoor,outdoor,ACTROLOGY CARD,MIRROR THAILAND,TREND VG3,Social Behaviour,Submitted,https://ascentialcdn.filespin.io/api/v1/conversion/a6a575ccf3144138b99bcc5c98281475?quality=85&format=webp,https://www.lovethework.com/work/entries/actrology-card-772842
Spikes Asia,2026,Outdoor,outdoor,A.I. IRRESPONSIBLY,BREWLANDER,BLKJ HAVAS,Breakthrough on a Budget,Submitted,https://ascentialcdn.filespin.io/api/v1/conversion/74c0ab4b898e40b5b74bf9f34540f4aa?quality=85&format=webp,https://www.lovethework.com/work/entries/ai-irresponsibly-770802
Spikes Asia,2026,Outdoor,outdoor,LA VIE - FROM A SIP TO A HOLISTIC MENTAL WELLBEING OF VIETNAM,LA VIE,THE PURPOSE GROUP,Social Behaviour,Submitted,https://ascentialcdn.filespin.io/api/v1/conversion/753bfce8938f411683004a72be58f40c?quality=85&format=webp,https://www.lovethework.com/work/entries/la-vie-from-a-sip-to-a-holistic-mental-wellbeing-of-vietnam-770604
Spikes Asia,2026,Outdoor,outdoor,14 FINGERS,KFC,HAVAS MALAYSIA,"Travel, Leisure, Retail, Restaurants & Fast Food Chains",Submitted,https://ascentialcdn.filespin.io/api/v1/conversion/c67664aa9f1d4408ab6731dd1b7313bc?quality=85&format=webp,https://www.lovethework.com/work/entries/14-fingers-772834
Spikes Asia,2026,Outdoor,outdoor,HOWEVER IT DIES,MOBILEMUSTER,ENIGMA,Special Build,Submitted,https://ascentialcdn.filespin.io/api/v1/conversion/390e191212e44f94a56210303de48ef0?quality=85&format=webp,https://www.lovethework.com/work/entries/however-it-dies-771065
Spikes Asia,2026,Outdoor,outdoor,50 BENCHES,MCDONALD'S HONG KONG,BBDO HONG KONG,Ambient Outdoor,Submitted,https://ascentialcdn.filespin.io/api/v1/conversion/84fba874ad024a5183367ecf640f4dae?quality=85&format=webp,https://www.lovethework.com/work/entries/50-benches-770485
Spikes Asia,2026,Outdoor,outdoor,ICONIC,SELECTA BEST SELLERS,SEVEN AD,Market Disruption,Submitted,https://ascentialcdn.filespin.io/api/v1/conversion/b6e165eea22f4722909b43ecf4ce1cf4?quality=85&format=webp,https://www.lovethework.com/work/entries/iconic-770825
Spikes Asia,2026,Outdoor,outdoor,RENAULT KIGER GAMING OOH,RENAULT,SAATCHI & SAATCHI INDIA,Interactive Experiences,Submitted,https://ascentialcdn.filespin.io/api/v1/conversion/2866804336034b4c80c8502a7f580aa5?quality=85&format=webp,https://www.lovethework.com/work/entries/renault-kiger-gaming-ooh-770466
Spikes Asia,2026,Outdoor,outdoor,13 FINGERS,KFC,HAVAS MALAYSIA,"Travel, Leisure, Retail, Restaurants & Fast Food Chains",Submitted,https://ascentialcdn.filespin.io/api/v1/conversion/cd3dab9217f94f64a83b39dd5324aad5?quality=85&format=webp,https://www.lovethework.com/work/entries/13-fingers-769587
Spikes Asia,2026,Outdoor,outdoor,YAMAL +10,ADIDAS,TBWA\CHINA,Single-market Campaign,Submitted,https://ascentialcdn.filespin.io/api/v1/conversion/c5ba48a6ef754a37a74021869591943c?quality=85&format=webp,https://www.lovethework.com/work/entries/yamal-10-769483
Spikes Asia,2026,Outdoor,outdoor,#BAZIRRAMADAN (WASTEFUL RAMADAN),MYSAVEFOOD,LEO,Cultural Engagement,Submitted,https://ascentialcdn.filespin.io/api/v1/conversion/f4413bc3e4054f04ba53fa21874f903c?quality=85&format=webp,https://www.lovethework.com/work/entries/bazirramadan-wasteful-ramadan-770960
Spikes Asia,2026,Outdoor,outdoor,GAMIFRIES,MCDONALD'S,BBH SINGAPORE,Breakthrough on a Budget,Submitted,https://ascentialcdn.filespin.io/api/v1/conversion/bdf7dd23ad57403198f47f192fa9c0db?quality=85&format=webp,https://www.lovethework.com/work/entries/gamifries-771004
Spikes Asia,2026,Outdoor,outdoor,SUMO STOPS,PLAYSTATION 5,ATALI,Standard Sites,Submitted,https://ascentialcdn.filespin.io/api/v1/conversion/c96ceb7e81844fbebf5cd9effcf52a3b?quality=85&format=webp,https://www.lovethework.com/work/entries/sumo-stops-772838
Spikes Asia,2026,Outdoor,outdoor,HAIER FLOOR PLAN FRIDGE,HAIER,TBWA\NEW ZEALAND,Consumer Goods,Submitted,https://ascentialcdn.filespin.io/api/v1/conversion/81f315aba89541418ed915e3a7d796d6?quality=85&format=webp,https://www.lovethework.com/work/entries/haier-floor-plan-fridge-770489
Spikes Asia,2026,Outdoor,outdoor,YOU'RE THE ONLY WINNER,CARE,VML,Healthcare,Submitted,https://ascentialcdn.filespin.io/api/v1/conversion/569d6fec61bc479d93349edc3e9f6db7?quality=85&format=webp,https://www.lovethework.com/work/entries/youre-the-only-winner-773043
Spikes Asia,2026,Outdoor,outdoor,11 FINGERS,KFC,HAVAS MALAYSIA,"Travel, Leisure, Retail, Restaurants & Fast Food Chains",Submitted,https://ascentialcdn.filespin.io/api/v1/conversion/1a7b42237dac4331a61f211b79fcd5bf?quality=85&format=webp,https://www.lovethework.com/work/entries/11-fingers-769526
Spikes Asia,2026,Outdoor,outdoor,THE BREATHING WALL,TBC BANK UZBEKISTAN,FCB ARTGROUP,Technology,Submitted,https://ascentialcdn.filespin.io/api/v1/conversion/a611be99781e44cfaa76018fb67e90b2?quality=85&format=webp,https://www.lovethework.com/work/entries/the-breathing-wall-769572
Spikes Asia,2026,Outdoor,outdoor,BELTED JERSEYS,NEW ZEALAND TRANSPORT AGENCY - WAKA KOTAHI,FCB NEW ZEALAND,Social Behaviour,Submitted,https://ascentialcdn.filespin.io/api/v1/conversion/1f0293afccf847699b283cba845d0df0?quality=85&format=webp,https://www.lovethework.com/work/entries/belted-jerseys-770594
Spikes Asia,2026,Outdoor,outdoor,TWO FRONTIERS OF HUMAN CRAFT: SAKE,DASSAI,ASAHI SHUZO,Consumer Goods,Submitted,https://ascentialcdn.filespin.io/api/v1/conversion/2451433e04b84705b635bb33933e9cdc?quality=85&format=webp,https://www.lovethework.com/work/entries/two-frontiers-of-human-craft-sake-772833
Spikes Asia,2026,Outdoor,outdoor,INTO ART,TELSTRA,+61,Ambient Outdoor,Submitted,https://ascentialcdn.filespin.io/api/v1/conversion/23bdbb0a20d440bfb57e1e9dd6d322e1?quality=85&format=webp,https://www.lovethework.com/work/entries/into-art-770534
Spikes Asia,2026,Outdoor,outdoor,LIFE AFTER FIRE AND ASH,DISNEY,LEO,Corporate Purpose & Social Responsibility,Submitted,https://ascentialcdn.filespin.io/api/v1/conversion/e83ec84533dc420ebf94b35f06ff19f1?quality=85&format=webp,https://www.lovethework.com/work/entries/life-after-fire-and-ash-771111
Spikes Asia,2026,Outdoor,outdoor,ANZ SCAMMERS BLOOM,ANZ BANK NEW ZEALAND,TBWA\NEW ZEALAND,Live Advertising & Events,Submitted,https://ascentialcdn.filespin.io/api/v1/conversion/db84051db73942d18c507b86a7f050c3?quality=85&format=webp,https://www.lovethework.com/work/entries/anz-scammers-bloom-770587
Spikes Asia,2026,Outdoor,outdoor,BETTERVERSE,MITSUBISHI,SPA-HAKUHODO,Interactive Experiences,Submitted,https://ascentialcdn.filespin.io/api/v1/conversion/1e1de3fd42bb4c6ca2dac19eb6f9e28a?quality=85&format=webp,https://www.lovethework.com/work/entries/betterverse-771020
Spikes Asia,2026,Outdoor,outdoor,HAIER FLOOR PLAN OVEN,HAIER,TBWA\NEW ZEALAND,Consumer Goods,Submitted,https://ascentialcdn.filespin.io/api/v1/conversion/b9fc51b94eee47408a04b84b93726979?quality=85&format=webp,https://www.lovethework.com/work/entries/haier-floor-plan-oven-770498
Spikes Asia,2026,Outdoor,outdoor,12 FINGERS,KFC,HAVAS MALAYSIA,"Travel, Leisure, Retail, Restaurants & Fast Food Chains",Submitted,https://ascentialcdn.filespin.io/api/v1/conversion/5e2f1262144b4b2cbf31cbd4363e348f?quality=85&format=webp,https://www.lovethework.com/work/entries/12-fingers-769515
Spikes Asia,2026,Outdoor,outdoor,THE HUNGRY GAMES,SNICKERS,MIND SPARK,Interactive Experiences,Submitted,https://ascentialcdn.filespin.io/api/v1/conversion/2fd1467813c4441a83df472525db8010?quality=85&format=webp,https://www.lovethework.com/work/entries/the-hungry-games-771180
Spikes Asia,2026,Outdoor,outdoor,PLAYBOARDS,PEPSI,BBDO PAKISTAN,Interactive Experiences,Submitted,https://ascentialcdn.filespin.io/api/v1/conversion/87a67097a190400f96451d222b15b497?quality=85&format=webp,https://www.lovethework.com/work/entries/playboards-770925
Spikes Asia,2026,Outdoor,outdoor,"EVERYPLATE, PAINT BY NUMBERS",EVERYPLATE,GAME CREATIVE,Consumer Goods,Submitted,https://ascentialcdn.filespin.io/api/v1/conversion/139aaf952b974c8d874aa024118bc845?quality=85&format=webp,https://www.lovethework.com/work/entries/everyplate-paint-by-numbers-772831
Spikes Asia,2026,Outdoor,outdoor,BOY WALKING,KIDSCAN,"DROGA5 ANZ, PART OF ACCENTURE SONG",Ambient Outdoor,Submitted,https://ascentialcdn.filespin.io/api/v1/conversion/14b72e0dba9146f1b973671d0d2787f2?quality=85&format=webp,https://www.lovethework.com/work/entries/boy-walking-773045
Spikes Asia,2026,Outdoor,outdoor,ADANI - SEVA HI SAADHNA HAI,ADANI GROUP,DENTSU CREATIVE INDIA,Corporate Purpose & Social Responsibility,Submitted,https://ascentialcdn.filespin.io/api/v1/conversion/91c0b3bd90ca4027acdb6c48b2bfd8d5?quality=85&format=webp,https://www.lovethework.com/work/entries/adani-seva-hi-saadhna-hai-771431
Spikes Asia,2026,Outdoor,outdoor,FLIGHT PATTERNS,CEBU PACIFIC,OGILVY MANILA,Corporate Purpose & Social Responsibility,Submitted,https://ascentialcdn.filespin.io/api/v1/storyboard/ebc2e999bbbb4f609939cfa0f5ce6bd2/storyboard_000008.jpg?quality=85&format=webp,https://www.lovethework.com/work/entries/flight-patterns-771362
Spikes Asia,2026,Outdoor,outdoor,14 FINGERS,KFC,HAVAS MALAYSIA,"Travel, Leisure, Retail, Restaurants & Fast Food Chains",Submitted,https://ascentialcdn.filespin.io/api/v1/conversion/c67664aa9f1d4408ab6731dd1b7313bc?quality=85&format=webp,https://www.lovethework.com/work/entries/14-fingers-769580
Spikes Asia,2026,Outdoor,outdoor,FLIPKART- LINE SEVAK,FLIPKART,McCANN INDIA,Live Advertising & Events,Submitted,https://ascentialcdn.filespin.io/api/v1/conversion/ccff06640f764678a6b8ddc4e11d66de?quality=85&format=webp,https://www.lovethework.com/work/entries/flipkart-line-sevak-771280
Spikes Asia,2026,Outdoor,outdoor,THE BIGGEST LIFEGUARD,GRAND JOSUN MEDIA,INNOCEAN,Standard Sites,Submitted,https://ascentialcdn.filespin.io/api/v1/conversion/c8dfea0d1c6f42b3814453675f0a1b71?quality=85&format=webp,https://www.lovethework.com/work/entries/the-biggest-lifeguard-770596
Spikes Asia,2026,Outdoor,outdoor,ICONIC,SELECTA BEST SELLERS,SEVEN AD,Local Brand,Submitted,https://ascentialcdn.filespin.io/api/v1/conversion/4d1ad87988ba492abf905b22917a004c?quality=85&format=webp,https://www.lovethework.com/work/entries/iconic-771102
Spikes Asia,2026,Outdoor,outdoor,AUNTIE'S WORDS,TINDER JAPAN,FIELD MANAGEMENT EXPAND INC.,Social Behaviour,Submitted,https://ascentialcdn.filespin.io/api/v1/conversion/bcbb737104b349dcb1f16c8ef8eb7102?quality=85&format=webp,https://www.lovethework.com/work/entries/aunties-words-769520
Spikes Asia,2026,Outdoor,outdoor,FLIPKART- LINE SEVAK,FLIPKART,McCANN INDIA,Cultural Engagement,Submitted,https://ascentialcdn.filespin.io/api/v1/conversion/ccff06640f764678a6b8ddc4e11d66de?quality=85&format=webp,https://www.lovethework.com/work/entries/flipkart-line-sevak-773115
Spikes Asia,2026,Outdoor,outdoor,WHATSAPP – MAKING TEXTING TRULY INCLUSIVE FOR INDIA,WHATSAPP,FUNDAMENTAL,Ambient Outdoor,Submitted,https://ascentialcdn.filespin.io/api/v1/storyboard/142d004625cf4a089dbc60bccae0fc59/storyboard_000008.jpg?quality=85&format=webp,https://www.lovethework.com/work/entries/whatsapp-making-texting-truly-inclusive-for-india-772840
Spikes Asia,2026,Outdoor,outdoor,CARRY-ON LEARNING,SAMSONITE INDONESIA,DENTSU CREATIVE,Corporate Purpose & Social Responsibility,Submitted,https://ascentialcdn.filespin.io/api/v1/conversion/3843e699061b48899d137e6f4c2657d7?quality=85&format=webp,https://www.lovethework.com/work/entries/carry-on-learning-771011
Spikes Asia,2026,Outdoor,outdoor,BETTERVERSE,MITSUBISHI,SPA-HAKUHODO,Immersive Experiences,Submitted,https://ascentialcdn.filespin.io/api/v1/conversion/1e1de3fd42bb4c6ca2dac19eb6f9e28a?quality=85&format=webp,https://www.lovethework.com/work/entries/betterverse-771030
Spikes Asia,2026,Outdoor,outdoor,COME AND SAY G'DAY,TOURISM AUSTRALIA,"DROGA5 ANZ, PART OF ACCENTURE SONG",Immersive Experiences,Submitted,https://ascentialcdn.filespin.io/api/v1/conversion/984a041359c44ce38f1cb683f105fdd9?quality=85&format=webp,https://www.lovethework.com/work/entries/come-and-say-gday-773044
Spikes Asia,2026,Outdoor,outdoor,HOUSE,THAI HEALTH PROMOTION FOUNDATION,DENTSU CREATIVE THAILAND,Not-for-profit / Charity / Government,Submitted,https://ascentialcdn.filespin.io/api/v1/conversion/8a31d6161d72433ca36c6ad9a4d549f0?quality=85&format=webp,https://www.lovethework.com/work/entries/house-769466
Spikes Asia,2026,Outdoor,outdoor,"HELLO, BRUTUS.",BRUTUS / GOOGLE GEMINI,DENTSU CREATIVE PICTURES,Interactive Experiences,Submitted,https://ascentialcdn.filespin.io/api/v1/conversion/721faae0bed4470fb2f5f86df56dc201?quality=85&format=webp,https://www.lovethework.com/work/entries/hello-brutus-770529
Spikes Asia,2026,Outdoor,outdoor,"LOOK UP, LONDON",SAMSUNG,CHEIL WORLDWIDE,Ambient Outdoor,Submitted,https://ascentialcdn.filespin.io/api/v1/conversion/f76fba9b5fee4edd9b0e4fd846e31e23?quality=85&format=webp,https://www.lovethework.com/work/entries/look-up-london-769565
Spikes Asia,2026,Outdoor,outdoor,THE AIR POLLUTION JERSEY,LAMPHUN WARRIORS F.C. AND NORTHERN THAILAND BREATHE COUNCIL,FLASH BOMBER,Live Advertising & Events,Submitted,https://ascentialcdn.filespin.io/api/v1/conversion/30e293ed948347c8b17298480ffb7e62?quality=85&format=webp,https://www.lovethework.com/work/entries/the-air-pollution-jersey-769555
Spikes Asia,2026,Outdoor,outdoor,A MAHA MOVEMENT AT THE MAHA KUMBH,COCA-COLA,WEBER SHANDWICK,Social Behaviour,Submitted,https://ascentialcdn.filespin.io/api/v1/conversion/d3e4692a00d44c2cb745b90a622cfafd?quality=85&format=webp,https://www.lovethework.com/work/entries/a-maha-movement-at-the-maha-kumbh-770785
Spikes Asia,2026,Outdoor,outdoor,HALLOWEEN HIJACK,PEPSICO,AKCELO,Consumer Goods,Submitted,https://ascentialcdn.filespin.io/api/v1/conversion/1e815f190feb4a988dccc1b82b08af2c?quality=85&format=webp,https://www.lovethework.com/work/entries/halloween-hijack-770806
Spikes Asia,2026,Outdoor,outdoor,HEINEKEN F1 RIVER RUN,HEINEKEN,LEO,Ambient Outdoor,Submitted,https://ascentialcdn.filespin.io/api/v1/conversion/1c4f8dfa0b5447c0a6f9834c2542c5c7?quality=85&format=webp,https://www.lovethework.com/work/entries/heineken-f1-river-run-772620
Spikes Asia,2026,Outdoor,outdoor,A MAHA MOVEMENT AT THE MAHA KUMBH,COCA-COLA,WEBER SHANDWICK,Interactive Experiences,Submitted,https://ascentialcdn.filespin.io/api/v1/conversion/d3e4692a00d44c2cb745b90a622cfafd?quality=85&format=webp,https://www.lovethework.com/work/entries/a-maha-movement-at-the-maha-kumbh-770861
Spikes Asia,2026,Outdoor,outdoor,FRIES,MCDONALD'S,MCCANN NEW ZEALAND,"Travel, Leisure, Retail, Restaurants & Fast Food Chains",Submitted,https://ascentialcdn.filespin.io/api/v1/conversion/34133ee3f32b408cae513c37f9c1e6b9?quality=85&format=webp,https://www.lovethework.com/work/entries/fries-769566
Spikes Asia,2026,Outdoor,outdoor,CANAL OF TEARS,NETFLIX,GIGIL,Special Build,Submitted,https://ascentialcdn.filespin.io/api/v1/conversion/7489b4516d134d27930baf73b79d91b0?quality=85&format=webp,https://www.lovethework.com/work/entries/canal-of-tears-769511
Spikes Asia,2026,Outdoor,outdoor,FACE MASK BILLBOARD,GRAB,GIGIL,Social Behaviour,Submitted,https://ascentialcdn.filespin.io/api/v1/conversion/67a597a947194daabaeffceb7d85c4af?quality=85&format=webp,https://www.lovethework.com/work/entries/face-mask-billboard-771052
Spikes Asia,2026,Outdoor,outdoor,THE WORLD’S BIGGEST “UNDOKAI”,TBS,DENTSU INC.,Cultural Engagement,Submitted,https://ascentialcdn.filespin.io/api/v1/conversion/916aa2970d9f450687655f42ddb5e6a2?quality=85&format=webp,https://www.lovethework.com/work/entries/the-worlds-biggest-undokai-772844
Spikes Asia,2026,Outdoor,outdoor,FREE RIDE ON THE TOUR,YAMASHITA SHINTENGAI SHOPPING STREET,DENTSU CREATIVE PICTURES,Use of Humour,Submitted,https://ascentialcdn.filespin.io/api/v1/conversion/26a100270ac4485caf1776763eaa643d?quality=85&format=webp,https://www.lovethework.com/work/entries/free-ride-on-the-tour-769546
Spikes Asia,2026,Outdoor,outdoor,INVESTIGATOR,KOREAN NATIONAL POLICE AGENCY,CHEIL WORLDWIDE,Not-for-profit / Charity / Government,Submitted,https://ascentialcdn.filespin.io/api/v1/conversion/3e2b16f7ed3f49bba52ca7832fb8e1c2?quality=85&format=webp,https://www.lovethework.com/work/entries/investigator-770817
Spikes Asia,2026,Outdoor,outdoor,SUMO STOPS,PLAYSTATION 5,ATALI,Transit,Submitted,https://ascentialcdn.filespin.io/api/v1/conversion/c96ceb7e81844fbebf5cd9effcf52a3b?quality=85&format=webp,https://www.lovethework.com/work/entries/sumo-stops-769486
Spikes Asia,2026,Outdoor,outdoor,THE HIDDEN EYE TEST,1001 OPTOMETRY,VML,Standard Sites,Submitted,https://ascentialcdn.filespin.io/api/v1/conversion/889dc9e1a9ec4ba1ac9014705f654a8e?quality=85&format=webp,https://www.lovethework.com/work/entries/the-hidden-eye-test-769510
Spikes Asia,2026,Outdoor,outdoor,THE AUDIBLE EXPRESS,AUDIBLE,WAVEMAKER,Interactive Experiences,Submitted,https://ascentialcdn.filespin.io/api/v1/conversion/307da5c1e7b7464aa0cd2e147c85187d?quality=85&format=webp,https://www.lovethework.com/work/entries/the-audible-express-773082
Spikes Asia,2026,Outdoor,outdoor,WHATSAPP – MAKING TEXTING TRULY INCLUSIVE FOR INDIA,WHATSAPP,FUNDAMENTAL,Cultural Engagement,Submitted,https://ascentialcdn.filespin.io/api/v1/storyboard/142d004625cf4a089dbc60bccae0fc59/storyboard_000008.jpg?quality=85&format=webp,https://www.lovethework.com/work/entries/whatsapp-making-texting-truly-inclusive-for-india-772845
Spikes Asia,2026,Outdoor,outdoor,BANK LOAN OFFICER,KOREAN NATIONAL POLICE AGENCY,CHEIL WORLDWIDE,Not-for-profit / Charity / Government,Submitted,https://ascentialcdn.filespin.io/api/v1/conversion/4411ac2701a44bbcb9dae7023138438c?quality=85&format=webp,https://www.lovethework.com/work/entries/bank-loan-officer-770745
Spikes Asia,2026,Outdoor,outdoor,50 BENCHES,MCDONALD'S HONG KONG,BBDO HONG KONG,Special Build,Submitted,https://ascentialcdn.filespin.io/api/v1/conversion/84fba874ad024a5183367ecf640f4dae?quality=85&format=webp,https://www.lovethework.com/work/entries/50-benches-770469
Spikes Asia,2026,Outdoor,outdoor,LA VIE - FROM A SIP TO A HOLISTIC MENTAL WELLBEING OF VIETNAM,LA VIE,THE PURPOSE GROUP,Special Build,Submitted,https://ascentialcdn.filespin.io/api/v1/conversion/753bfce8938f411683004a72be58f40c?quality=85&format=webp,https://www.lovethework.com/work/entries/la-vie-from-a-sip-to-a-holistic-mental-wellbeing-of-vietnam-770568
Spikes Asia,2026,Outdoor,outdoor,LEGO YELLOW HOUSE,LEGO,OUR LEGO AGENCY,Special Build,Submitted,https://ascentialcdn.filespin.io/api/v1/conversion/5ddbe38e5c1540419251381ffa304576?quality=85&format=webp,https://www.lovethework.com/work/entries/lego-yellow-house-769548
Spikes Asia,2026,Outdoor,outdoor,MASTERPEACE PAIN-TING,FRASERS PROPERTY THAILAND,FRASERS PROPERTY,Transit,Submitted,https://ascentialcdn.filespin.io/api/v1/conversion/c07da179b0c44231be71628d878a077c?quality=85&format=webp,https://www.lovethework.com/work/entries/masterpeace-pain-ting-772984
Spikes Asia,2026,Outdoor,outdoor,MASTERPEACE PAIN-TING,FRASERS PROPERTY THAILAND,FRASERS PROPERTY,Corporate Purpose & Social Responsibility,Submitted,https://ascentialcdn.filespin.io/api/v1/conversion/c07da179b0c44231be71628d878a077c?quality=85&format=webp,https://www.lovethework.com/work/entries/masterpeace-pain-ting-772843
Spikes Asia,2026,Outdoor,outdoor,HOWEVER IT DIES,MOBILEMUSTER,ENIGMA,Single-market Campaign,Submitted,https://ascentialcdn.filespin.io/api/v1/conversion/8ad0d519d09a4dce911d28d422c1e9f3?quality=85&format=webp,https://www.lovethework.com/work/entries/however-it-dies-771043
Spikes Asia,2026,Outdoor,outdoor,MAXIM GAOK: WHERE COFFEE SLOWS DOWN,DONG SUH FOODS CORP.,CHEIL WORLDWIDE,Single-market Campaign,Submitted,https://ascentialcdn.filespin.io/api/v1/conversion/85543890f91c4e2f8b8f5c62f6a7a134?quality=85&format=webp,https://www.lovethework.com/work/entries/maxim-gaok-where-coffee-slows-down-772841
Spikes Asia,2026,Outdoor,outdoor,VARNA COLOSTRUM – THE IMMUNITY GLITCH BOARDS,VARNA COLOSTRUM,THE PURPOSE GROUP,Local Brand,Submitted,https://ascentialcdn.filespin.io/api/v1/conversion/dc21fb85e6cc4c07aaa5796df781fb66?quality=85&format=webp,https://www.lovethework.com/work/entries/varna-colostrum-the-immunity-glitch-boards-771477
Spikes Asia,2026,Outdoor,outdoor,PLAYBOARDS,PEPSI,BBDO PAKISTAN,Special Build,Submitted,https://ascentialcdn.filespin.io/api/v1/conversion/87a67097a190400f96451d222b15b497?quality=85&format=webp,https://www.lovethework.com/work/entries/playboards-770860
Spikes Asia,2026,Outdoor,outdoor,MOBIHOME,Mobihome,MOBINET,Challenger Brand,Submitted,https://ascentialcdn.filespin.io/api/v1/conversion/d0ceba309e104352a825a252c4c29e17?quality=85&format=webp,https://www.lovethework.com/work/entries/mobihome-769467
Spikes Asia,2026,Outdoor,outdoor,VARNA COLOSTRUM – THE IMMUNITY GLITCH BOARDS,VARNA COLOSTRUM,THE PURPOSE GROUP,Standard Sites,Submitted,https://ascentialcdn.filespin.io/api/v1/conversion/dc21fb85e6cc4c07aaa5796df781fb66?quality=85&format=webp,https://www.lovethework.com/work/entries/varna-colostrum-the-immunity-glitch-boards-771352
Spikes Asia,2026,Outdoor,outdoor,MLB PLAYER MANHOLES,MAJOR LEAGUE BASEBALL,WIEDEN+KENNEDY,Single-market Campaign,Submitted,https://ascentialcdn.filespin.io/api/v1/conversion/99b92a0d503f4b64b76e86ad6d2ecca0?quality=85&format=webp,https://www.lovethework.com/work/entries/mlb-player-manholes-770776
Spikes Asia,2026,Outdoor,outdoor,MK MONGKOL,MK RESTAURANT,SOUR BANGKOK,Cultural Engagement,Submitted,https://ascentialcdn.filespin.io/api/v1/conversion/ad434e23c5284cc5b835b44cc3ee0b11?quality=85&format=webp,https://www.lovethework.com/work/entries/mk-mongkol-769575
Spikes Asia,2026,Outdoor,outdoor,HAIER FLOOR PLAN WASHER,HAIER,TBWA\NEW ZEALAND,Consumer Goods,Submitted,https://ascentialcdn.filespin.io/api/v1/conversion/d41bafc41d764c44b97bf1b8e9ffe322?quality=85&format=webp,https://www.lovethework.com/work/entries/haier-floor-plan-washer-770507
Spikes Asia,2026,Outdoor,outdoor,BARELY NOTICEABLE PROMOTIONS,BUDWEISER,BUDWEISER CHINA,Consumer Goods,Submitted,https://ascentialcdn.filespin.io/api/v1/conversion/3dbd69fdd46e48fd9c1fa80b3eba3b1b?quality=85&format=webp,https://www.lovethework.com/work/entries/barely-noticeable-promotions-770443
Spikes Asia,2026,Outdoor,outdoor,HERO PRAYERS FOR SAFETY,HERO MOTOCORP,SAATCHI & SAATCHI INDIA,Social Behaviour,Submitted,https://ascentialcdn.filespin.io/api/v1/conversion/7a2e0e08204e492580c87c3f627c6d36?quality=85&format=webp,https://www.lovethework.com/work/entries/hero-prayers-for-safety-772985
Spikes Asia,2026,Outdoor,outdoor,INVESTIGATOR,KOREAN NATIONAL POLICE AGENCY,CHEIL WORLDWIDE,Not-for-profit / Charity / Government,Submitted,https://ascentialcdn.filespin.io/api/v1/conversion/4b91b689a10744d7a5dd99b21373b4c7?quality=85&format=webp,https://www.lovethework.com/work/entries/investigator-770730
Spikes Asia,2026,Outdoor,outdoor,ANZ X AUCKLAND FC SEASON 2,ANZ BANK NEW ZEALAND,TBWA\NEW ZEALAND,Local Brand,Submitted,https://ascentialcdn.filespin.io/api/v1/conversion/79500ff1a0f94e92905b0511bae0477a?quality=85&format=webp,https://www.lovethework.com/work/entries/anz-x-auckland-fc-season-2-770605
Spikes Asia,2026,Outdoor,outdoor,"ALWAYS HERE, ALWAYS READY.",CHEMIST WAREHOUSE,STRAT!,Healthcare,Submitted,https://ascentialcdn.filespin.io/api/v1/conversion/dab1773e7daf42e081f82b0fcaa63486?quality=85&format=webp,https://www.lovethework.com/work/entries/always-here-always-ready-771277
Spikes Asia,2026,Outdoor,outdoor,BETTERVERSE,MITSUBISHI,SPA-HAKUHODO,Interactive/Dynamic Digital Screens,Submitted,https://ascentialcdn.filespin.io/api/v1/conversion/1e1de3fd42bb4c6ca2dac19eb6f9e28a?quality=85&format=webp,https://www.lovethework.com/work/entries/betterverse-773099
Spikes Asia,2026,Outdoor,outdoor,PRIDE FILTER,MARRIAGE FOR ALL JAPAN,TBWA\HAKUHODO,Cultural Engagement,Submitted,https://ascentialcdn.filespin.io/api/v1/conversion/af428ae2ad7d459aba2af34e19d0232d?quality=85&format=webp,https://www.lovethework.com/work/entries/pride-filter-771069
Spikes Asia,2026,Outdoor,outdoor,CHAMPIONS RETURN FOR PAYBACK,PARIMATCH SPORTS,INSAILER,Cultural Engagement,Submitted,https://ascentialcdn.filespin.io/api/v1/conversion/50f11d446b544faba8d53d3535c59276?quality=85&format=webp,https://www.lovethework.com/work/entries/champions-return-for-payback-769465
Spikes Asia,2026,Outdoor,outdoor,LIGHTING UP CANNABIS CULTURE,HELL PIZZA,YARN,Special Build,Submitted,https://ascentialcdn.filespin.io/api/v1/conversion/7c79cf9b8c824c7a92543a1eadd39fe6?quality=85&format=webp,https://www.lovethework.com/work/entries/lighting-up-cannabis-culture-772836
Spikes Asia,2026,Outdoor,outdoor,WHERE IS FYANG?,VITAKERATIN,GIGIL,Social Behaviour,Submitted,https://ascentialcdn.filespin.io/api/v1/conversion/56d4f52553b040b9a13b0f03011943d2?quality=85&format=webp,https://www.lovethework.com/work/entries/where-is-fyang-771056
Spikes Asia,2026,Outdoor,outdoor,SLEEPING WITH GIANT,NELL,DENTSU INC.,Social Behaviour,Submitted,https://ascentialcdn.filespin.io/api/v1/conversion/75fa6db090b841f48e8b38b3a8e8d973?quality=85&format=webp,https://www.lovethework.com/work/entries/sleeping-with-giant-772808
Spikes Asia,2026,Outdoor,outdoor,AUNTIE'S WORDS,TINDER JAPAN,FIELD MANAGEMENT EXPAND INC.,Transit,Submitted,https://ascentialcdn.filespin.io/api/v1/conversion/bcbb737104b349dcb1f16c8ef8eb7102?quality=85&format=webp,https://www.lovethework.com/work/entries/aunties-words-769578
Spikes Asia,2026,Outdoor,outdoor,EXTRA FINGER LICKIN' GOOD,KFC,HAVAS MALAYSIA,Use of Humour,Submitted,https://ascentialcdn.filespin.io/api/v1/conversion/ddad66249fee4c8985ddf64b9b6f4435?quality=85&format=webp,https://www.lovethework.com/work/entries/extra-finger-lickin-good-769531
Spikes Asia,2026,Outdoor,outdoor,FEELINGS YOU’VE NEVER FELT BEFORE,DESTINATION NEW SOUTH WALES (DNSW),LEO,Market Disruption,Submitted,https://ascentialcdn.filespin.io/api/v1/conversion/57b26d69eb88430183ae78c9a4e413f4?quality=85&format=webp,https://www.lovethework.com/work/entries/feelings-youve-never-felt-before-771117
Spikes Asia,2026,Outdoor,outdoor,POP-UP PIZZA HUT,PIZZA HUT,EDELMAN,Single-market Campaign,Submitted,https://ascentialcdn.filespin.io/api/v1/conversion/0f61387e6dcf41b88b6c8eba7aa5abc2?quality=85&format=webp,https://www.lovethework.com/work/entries/pop-up-pizza-hut-769476
Spikes Asia,2026,Outdoor,outdoor,SUPERMARKET CROWDOMETER,BARGAIN BOX,YARN,Standard Sites,Submitted,https://ascentialcdn.filespin.io/api/v1/conversion/2d28d6a6b1e6456388ab475d5ab6c1e5?quality=85&format=webp,https://www.lovethework.com/work/entries/supermarket-crowdometer-772629
Spikes Asia,2026,Outdoor,outdoor,12 FINGERS,KFC,HAVAS MALAYSIA,"Travel, Leisure, Retail, Restaurants & Fast Food Chains",Submitted,https://ascentialcdn.filespin.io/api/v1/conversion/5e2f1262144b4b2cbf31cbd4363e348f?quality=85&format=webp,https://www.lovethework.com/work/entries/12-fingers-769588
Spikes Asia,2026,Outdoor,outdoor,KUB DEE DAI DEE -TRANSFORMING SAFE DRIVING FROM RULE TO BELIEF-,TOYOTA MOBILITY FOUNDATION / HONDA MOTOR CO.,"LTD., HAKUHODO FIRST",Cultural Engagement,Submitted,https://ascentialcdn.filespin.io/api/v1/conversion/d9e9387f50534004a0608456fef5589a?quality=85&format=webp,https://www.lovethework.com/work/entries/kub-dee-dai-dee-transforming-safe-driving-from-rule-to-belief-773047
Spikes Asia,2026,Outdoor,outdoor,THE LONGEST CONDITIONS BILLBOARD,ALLIANZ AYUDHYA ASSURANCE PUBLIC COMPANY LIMITED,CHOOJAI AND FRIENDS,Consumer Services/Business to Business,Submitted,https://ascentialcdn.filespin.io/api/v1/conversion/f4d6aa8975b24a0d8fc96dc2ac658a49?quality=85&format=webp,https://www.lovethework.com/work/entries/the-longest-conditions-billboard-769571
Spikes Asia,2026,Outdoor,outdoor,THE BUD FAN,AB INBEV THAILAND,FLASH BOMBER,Ambient Outdoor,Submitted,https://ascentialcdn.filespin.io/api/v1/conversion/72ab7b231bb34833976ed06c5efd8e53?quality=85&format=webp,https://www.lovethework.com/work/entries/the-bud-fan-769559
Spikes Asia,2026,Outdoor,outdoor,DO THE COPY RIGHT THING,CARRIER,YELL ADVERTISING,Consumer Goods,Submitted,https://ascentialcdn.filespin.io/api/v1/conversion/07c30ba29fc440499c6a213c16cb43b0?quality=85&format=webp,https://www.lovethework.com/work/entries/do-the-copy-right-thing-772832
Spikes Asia,2026,Outdoor,outdoor,WHATSAPP – MAKING TEXTING TRULY INCLUSIVE FOR INDIA,WHATSAPP,FUNDAMENTAL,Transit,Submitted,https://ascentialcdn.filespin.io/api/v1/storyboard/142d004625cf4a089dbc60bccae0fc59/storyboard_000008.jpg?quality=85&format=webp,https://www.lovethework.com/work/entries/whatsapp-making-texting-truly-inclusive-for-india-769595
Spikes Asia,2026,Outdoor,outdoor,HUMANITILL - IT'S A SECOND CHANCE TO LIFE,MALIBAN BISCUITS PRIVATE LIMITED,TBWA\SRI LANKA,Ambient Outdoor,Submitted,https://ascentialcdn.filespin.io/api/v1/conversion/11cf2092984d49dcbd9bdbc8e688b0a7?quality=85&format=webp,https://www.lovethework.com/work/entries/humanitill-its-a-second-chance-to-life-771093
Spikes Asia,2026,Outdoor,outdoor,MAXIM GAOK: WHERE COFFEE SLOWS DOWN,DONG SUH FOODS CORP.,CHEIL WORLDWIDE,Special Build,Submitted,https://ascentialcdn.filespin.io/api/v1/conversion/9c13e2bd4e984f75a64acc405806b779?quality=85&format=webp,https://www.lovethework.com/work/entries/maxim-gaok-where-coffee-slows-down-769542
Spikes Asia,2026,Outdoor,outdoor,CARRY-ON LEARNING,SAMSONITE INDONESIA,DENTSU CREATIVE,Special Build,Submitted,https://ascentialcdn.filespin.io/api/v1/conversion/3843e699061b48899d137e6f4c2657d7?quality=85&format=webp,https://www.lovethework.com/work/entries/carry-on-learning-771010
Spikes Asia,2026,Outdoor,outdoor,THE JUMP ROPE EXPERIENCE,NETFLIX,GIGIL,Interactive Experiences,Submitted,https://ascentialcdn.filespin.io/api/v1/conversion/ee25a446cdd74f549e6d9b93b7feb2aa?quality=85&format=webp,https://www.lovethework.com/work/entries/the-jump-rope-experience-772794
Spikes Asia,2026,Outdoor,outdoor,POP-UP PIZZA HUT,PIZZA HUT,EDELMAN,Special Build,Submitted,https://ascentialcdn.filespin.io/api/v1/conversion/0f61387e6dcf41b88b6c8eba7aa5abc2?quality=85&format=webp,https://www.lovethework.com/work/entries/pop-up-pizza-hut-769497
Spikes Asia,2026,Outdoor,outdoor,HEADLIGHT BILLBOARD,GRAB,GIGIL,Consumer Services/Business to Business,Submitted,https://ascentialcdn.filespin.io/api/v1/conversion/9ebbc679f7df4a8f8faa2d708415cf42?quality=85&format=webp,https://www.lovethework.com/work/entries/headlight-billboard-771448
Spikes Asia,2026,Outdoor,outdoor,"CRYPTO, MADE CLEAR",LUNO,MOVING WALLS,Interactive/Dynamic Digital Screens,Submitted,https://ascentialcdn.filespin.io/api/v1/conversion/edcbe707eb0940f59df3ad3a35a54c99?quality=85&format=webp,https://www.lovethework.com/work/entries/crypto-made-clear-769474
Spikes Asia,2026,Outdoor,outdoor,BROTHEL PIMP,KOREAN NATIONAL POLICE AGENCY,CHEIL WORLDWIDE,Not-for-profit / Charity / Government,Submitted,https://ascentialcdn.filespin.io/api/v1/conversion/7dc8da4fc7bb430d888cc99485cbb8fc?quality=85&format=webp,https://www.lovethework.com/work/entries/brothel-pimp-770812
Spikes Asia,2026,Outdoor,outdoor,LA VIE - FROM A SIP TO A HOLISTIC MENTAL WELLBEING OF VIETNAM,LA VIE,THE PURPOSE GROUP,Displays,Submitted,https://ascentialcdn.filespin.io/api/v1/conversion/753bfce8938f411683004a72be58f40c?quality=85&format=webp,https://www.lovethework.com/work/entries/la-vie-from-a-sip-to-a-holistic-mental-wellbeing-of-vietnam-770659
Spikes Asia,2026,Outdoor,outdoor,HOWEVER IT DIES,MOBILEMUSTER,ENIGMA,Standard Sites,Submitted,https://ascentialcdn.filespin.io/api/v1/conversion/867acd120fc74b3ab01ee368b46dcd98?quality=85&format=webp,https://www.lovethework.com/work/entries/however-it-dies-771080
Spikes Asia,2026,Outdoor,outdoor,LAPTOP BENTO,FMV NOTE U,HAKUHODO,Breakthrough on a Budget,Submitted,https://ascentialcdn.filespin.io/api/v1/conversion/9d85b9e8dd654baa971478a2a6110853?quality=85&format=webp,https://www.lovethework.com/work/entries/laptop-bento-770793
Spikes Asia,2026,Outdoor,outdoor,CHAMPIONS RETURN FOR PAYBACK,PARIMATCH SPORTS,INSAILER,Local Brand,Submitted,https://ascentialcdn.filespin.io/api/v1/conversion/50f11d446b544faba8d53d3535c59276?quality=85&format=webp,https://www.lovethework.com/work/entries/champions-return-for-payback-769603
Spikes Asia,2026,Outdoor,outdoor,CHEESEBURGER,MCDONALD'S,MCCANN NEW ZEALAND,"Travel, Leisure, Retail, Restaurants & Fast Food Chains",Submitted,https://ascentialcdn.filespin.io/api/v1/conversion/bb585fc544cb4658bbaa4e1641df6759?quality=85&format=webp,https://www.lovethework.com/work/entries/cheeseburger-772638
Spikes Asia,2026,PR,pr,VASELINE VERIFIED,VASELINE,OGILVY,Innovative Use of Influencers/Creators,Grand Prix,https://ascentialcdn.filespin.io/api/v1/conversion/9d54a70f009d42e1a49944d1de6a39a0?quality=85&format=webp,https://www.lovethework.com/work/entries/vaseline-verified-770581
Spikes Asia,2026,PR,pr,THE LIFETIME OF GREATNESS PROJECT,TOURISM TROPICAL NORTH QUEENSLAND,SUPERMASSIVE,Brand Voice & Strategic Storytelling,Gold,https://ascentialcdn.filespin.io/api/v1/conversion/fd3ca580874e4943858fef1a95fdc23d?quality=85&format=webp,https://www.lovethework.com/work/entries/the-lifetime-of-greatness-project-771248
Spikes Asia,2026,PR,pr,THE LIFETIME OF GREATNESS PROJECT,TOURISM TROPICAL NORTH QUEENSLAND,SUPERMASSIVE,Market Disruption,Silver,https://ascentialcdn.filespin.io/api/v1/conversion/fd3ca580874e4943858fef1a95fdc23d?quality=85&format=webp,https://www.lovethework.com/work/entries/the-lifetime-of-greatness-project-771262
Spikes Asia,2026,PR,pr,MADE FOR DOWN UNDER,BONDS,SPECIAL,Consumer Goods,Silver,https://ascentialcdn.filespin.io/api/v1/conversion/5fbf0693a3214e9f8d3b9881d1fe9e62?quality=85&format=webp,https://www.lovethework.com/work/entries/made-for-down-under-770803
Spikes Asia,2026,PR,pr,CHEER SIGNS,CHEER SIGNS,TBWA\HAKUHODO,Cultural Engagement,Silver,https://ascentialcdn.filespin.io/api/v1/conversion/bac284368eb443acaf4992d634b18371?quality=85&format=webp,https://www.lovethework.com/work/entries/cheer-signs-771270
Spikes Asia,2026,PR,pr,COMMUTER CAMO,KITKAT,VML,Social Behaviour,Bronze,https://ascentialcdn.filespin.io/api/v1/conversion/ed5b54d54a6b4baeb4753ba7f9a2c7d7?quality=85&format=webp,https://www.lovethework.com/work/entries/commuter-camo-770042
Spikes Asia,2026,PR,pr,HEINEKEN STARRING BARS,HEINEKEN,LEPUB,Corporate Purpose & Social Responsibility,Bronze,https://ascentialcdn.filespin.io/api/v1/conversion/f9b474c037df4cfabc83ec05aa292f8f?quality=85&format=webp,https://www.lovethework.com/work/entries/heineken-starring-bars-770737
Spikes Asia,2026,PR,pr,THE UNOFFICIAL OFFICIAL SOUND OF F1,STING,LEO,Social Engagement,Bronze,https://ascentialcdn.filespin.io/api/v1/conversion/fba81765ef6a43fba6ebbabb817da8ef?quality=85&format=webp,https://www.lovethework.com/work/entries/the-unofficial-official-sound-of-f1-771766
Spikes Asia,2026,PR,pr,ONE NOODLE,HARAKU RAMEN,BLKJ HAVAS,Challenger Brand,Bronze,https://ascentialcdn.filespin.io/api/v1/conversion/f43a17e513764061a27d43ded5b71d1d?quality=85&format=webp,https://www.lovethework.com/work/entries/one-noodle-769986
Spikes Asia,2026,PR,pr,THE CEO DEEPFAKE,AUCKLAND SAVINGS BANK,"DROGA5 ANZ, PART OF ACCENTURE SONG",Employee Engagement,Shortlist,https://ascentialcdn.filespin.io/api/v1/conversion/be72ff0a94894015930abeac17deef4e?quality=85&format=webp,https://www.lovethework.com/work/entries/the-ceo-deepfake-773019
Spikes Asia,2026,PR,pr,THE UNOFFICIAL OFFICIAL SOUND OF F1,STING,LEO,Innovative Use of Influencers/Creators,Shortlist,https://ascentialcdn.filespin.io/api/v1/conversion/af228d73b62c41a9bb2e0f9bf2087d53?quality=85&format=webp,https://www.lovethework.com/work/entries/the-unofficial-official-sound-of-f1-771774
Spikes Asia,2026,PR,pr,THE HIDDEN EYE TEST,1001 OPTOMETRY,VML,"Travel, Leisure, Retail, Restaurants & Fast Food Chains",Shortlist,https://ascentialcdn.filespin.io/api/v1/conversion/56627889422a40c6ad29113b6597e7e7?quality=85&format=webp,https://www.lovethework.com/work/entries/the-hidden-eye-test-769928
Spikes Asia,2026,PR,pr,VASELINE HUH?,VASELINE,BRILLIANT & MILLION,Real-time Response,Shortlist,https://ascentialcdn.filespin.io/api/v1/conversion/2c5e13bbfd7c4ac0944a69d0ca10f586?quality=85&format=webp,https://www.lovethework.com/work/entries/vaseline-huh-770023
Spikes Asia,2026,PR,pr,KHAO MUN GAI ASSOCIATION,KFC THAILAND,WOLF BKK,Launch/Relaunch,Shortlist,https://ascentialcdn.filespin.io/api/v1/conversion/3b8f610bec9e4b84a67ef084c8f7a7b3?quality=85&format=webp,https://www.lovethework.com/work/entries/khao-mun-gai-association-770074
Spikes Asia,2026,PR,pr,THE LIFETIME OF GREATNESS PROJECT,TOURISM TROPICAL NORTH QUEENSLAND,SUPERMASSIVE,Social Engagement,Shortlist,https://ascentialcdn.filespin.io/api/v1/conversion/fd3ca580874e4943858fef1a95fdc23d?quality=85&format=webp,https://www.lovethework.com/work/entries/the-lifetime-of-greatness-project-771232
Spikes Asia,2026,PR,pr,BACK TO KAI TAK,CATHAY,LEO HONG KONG,Local Brand,Shortlist,https://ascentialcdn.filespin.io/api/v1/conversion/49df638fcc8343c2bef42b85c1e6dbd5?quality=85&format=webp,https://www.lovethework.com/work/entries/back-to-kai-tak-770984
Spikes Asia,2026,PR,pr,ONE NOODLE,HARAKU RAMEN,BLKJ HAVAS,Launch/Relaunch,Shortlist,https://ascentialcdn.filespin.io/api/v1/conversion/f43a17e513764061a27d43ded5b71d1d?quality=85&format=webp,https://www.lovethework.com/work/entries/one-noodle-770072
Spikes Asia,2026,PR,pr,MLB PLAYER MANHOLES,MAJOR LEAGUE BASEBALL,WIEDEN+KENNEDY,Single-market Campaign,Shortlist,https://ascentialcdn.filespin.io/api/v1/conversion/99b92a0d503f4b64b76e86ad6d2ecca0?quality=85&format=webp,https://www.lovethework.com/work/entries/mlb-player-manholes-770853
Spikes Asia,2026,PR,pr,SNOOP DOGG DOPPLEGÄNGER,TREASURY WINE ESTATES,SPLASH,Innovative Use of Influencers/Creators,Shortlist,https://ascentialcdn.filespin.io/api/v1/conversion/c6446a06d80f4d0cac309e22767040d0?quality=85&format=webp,https://www.lovethework.com/work/entries/snoop-dogg-dopplegnger-771328
Spikes Asia,2026,PR,pr,SAKURA SCAN,KIRIN BEER,KIRIN BREWERY COMPANY,Cultural Engagement,Shortlist,https://ascentialcdn.filespin.io/api/v1/conversion/1de049ba98d24b558834c6067c5802b0?quality=85&format=webp,https://www.lovethework.com/work/entries/sakura-scan-770858
Spikes Asia,2026,PR,pr,KWEEN YASMIN,CANVA,GIGIL,Innovative Use of Influencers/Creators,Shortlist,https://ascentialcdn.filespin.io/api/v1/conversion/869756effcd94a2faa471832aebf4fd6?quality=85&format=webp,https://www.lovethework.com/work/entries/kween-yasmin-771355
Spikes Asia,2026,PR,pr,MEET ME AT THE COKE SIGN,COCA-COLA,OGILVY,Single-market Campaign,Shortlist,https://ascentialcdn.filespin.io/api/v1/conversion/e4e51d450eb8458dab81e55d80f5d56b?quality=85&format=webp,https://www.lovethework.com/work/entries/meet-me-at-the-coke-sign-770012
Spikes Asia,2026,PR,pr,HEINEKEN STARRING BARS,HEINEKEN,LEPUB,Brand Voice & Strategic Storytelling,Shortlist,https://ascentialcdn.filespin.io/api/v1/conversion/f9b474c037df4cfabc83ec05aa292f8f?quality=85&format=webp,https://www.lovethework.com/work/entries/heineken-starring-bars-770849
Spikes Asia,2026,PR,pr,THREE LETTER HEIST,MCDONALD'S,LEO,Market Disruption,Shortlist,https://ascentialcdn.filespin.io/api/v1/conversion/1e5afa0097d64fcbb84fb75f73303140?quality=85&format=webp,https://www.lovethework.com/work/entries/three-letter-heist-771788
Spikes Asia,2026,PR,pr,ESCAPE SIGNAL FIREWORKS,YAHOO,LY CORPORATION,Use of Events & Stunts,Shortlist,https://ascentialcdn.filespin.io/api/v1/conversion/edd5fe0e6ca049d7b5030e0f776e3d1f?quality=85&format=webp,https://www.lovethework.com/work/entries/escape-signal-fireworks-770069
Spikes Asia,2026,PR,pr,SNOOP DOGG DOPPLEGÄNGER,TREASURY WINE ESTATES,SPLASH,Social Engagement,Shortlist,https://ascentialcdn.filespin.io/api/v1/conversion/c6446a06d80f4d0cac309e22767040d0?quality=85&format=webp,https://www.lovethework.com/work/entries/snoop-dogg-dopplegnger-772913
Spikes Asia,2026,PR,pr,BOY WALKING,KIDSCAN,"DROGA5 ANZ, PART OF ACCENTURE SONG",Single-market Campaign,Submitted,https://ascentialcdn.filespin.io/api/v1/conversion/eecaf51f66704641a0259f2d3ef52c7f?quality=85&format=webp,https://www.lovethework.com/work/entries/boy-walking-770852
Spikes Asia,2026,PR,pr,"GET ALMOST ALMOST ANYTHING, MAYBE EVEN A WIN",UBER EATS,SPECIAL,Single-market Campaign,Submitted,https://ascentialcdn.filespin.io/api/v1/conversion/389216270ab74a7eb4745dfc9426bcc7?quality=85&format=webp,https://www.lovethework.com/work/entries/get-almost-almost-anything-maybe-even-a-win-770020
Spikes Asia,2026,PR,pr,ALLEN'S SNAKES ALIVE IN ORANGE,ALLEN'S,ELEVEN,Innovative Use of Influencers/Creators,Submitted,https://ascentialcdn.filespin.io/api/v1/conversion/2df3076688bc437599324197592ecb14?quality=85&format=webp,https://www.lovethework.com/work/entries/allens-snakes-alive-in-orange-770830
Spikes Asia,2026,PR,pr,THE WEEK-LONG LAYOVER,CHANGI AIRPORT,CONNECTING PLOTS,Innovative Use of Influencers/Creators,Submitted,https://ascentialcdn.filespin.io/api/v1/conversion/6d2ac186db044fc1a636ed0264338a7f?quality=85&format=webp,https://www.lovethework.com/work/entries/the-week-long-layover-770054
Spikes Asia,2026,PR,pr,DUREX ALLGASM,DUREX,SOUR BANGKOK,Cultural Engagement,Submitted,https://ascentialcdn.filespin.io/api/v1/conversion/b565546049f74c56b3d081527e06479a?quality=85&format=webp,https://www.lovethework.com/work/entries/durex-allgasm-772919
Spikes Asia,2026,PR,pr,THE GREAT IN-GAME WEDDING,BATTLEGROUND MOBILE INDIA,22FEET TRIBAL WORLDWIDE,Brand Voice & Strategic Storytelling,Submitted,https://ascentialcdn.filespin.io/api/v1/conversion/66627bfaf8fb4262b3183c414604c7a0?quality=85&format=webp,https://www.lovethework.com/work/entries/the-great-in-game-wedding-771176
Spikes Asia,2026,PR,pr,TSUGIKI：COFFEE REBORN,TULLY'S,PR CONSULTING DENTSU,Corporate Purpose & Social Responsibility,Submitted,https://ascentialcdn.filespin.io/api/v1/conversion/d629372d7ab34bf2b9e26920e8eb51c8?quality=85&format=webp,https://www.lovethework.com/work/entries/tsugikicoffee-reborn-772991
Spikes Asia,2026,PR,pr,THE MISPRONOUNCED HEINZ,HEINZ,SHOOTING STELLAR COMPANY,Social Engagement,Submitted,https://ascentialcdn.filespin.io/api/v1/conversion/84619e7b7d5a4ea3a861bb43e371454b?quality=85&format=webp,https://www.lovethework.com/work/entries/the-mispronounced-heinz-769957
Spikes Asia,2026,PR,pr,GIVING AN INDUSTRY ITS VOICE BACK: HOW MASTER ELECTRICIANS USED STRATEGIC COMMUNICATIONS TO GAIN INFLUENCE AND RESHAPE NEW ZEALAND’S ELECTRIFICATION FUTURE,MASTER ELECTRICIANS NEW ZEALAND,MASTER ELECTRICIANS,Consumer Services/Business to Business,Submitted,https://ascentialcdn.filespin.io/api/v1/conversion/827104bbfa3c4d15a952ccb53ab7e4f6?quality=85&format=webp,https://www.lovethework.com/work/entries/giving-an-industry-its-voice-back-how-master-electricians-used-strategic-communications-to-gain-influence-and-reshape-new-zealands-electrification-future-771760
Spikes Asia,2026,PR,pr,MAKEUP. THE ULTIMATE JUJUTSU.,KANEBO,KANEBO,Cultural Engagement,Submitted,https://ascentialcdn.filespin.io/api/v1/conversion/2bd667b90d5745b9be95178b2edcb0df?quality=85&format=webp,https://www.lovethework.com/work/entries/makeup-the-ultimate-jujutsu-770455
Spikes Asia,2026,PR,pr,CLARITY IN CRISIS,THE PEOPLE OF THE REPUBLIC OF KOREA,2CARROT,Cultural Engagement,Submitted,https://ascentialcdn.filespin.io/api/v1/conversion/b18cfc9f38944ae7b572b4e8ad7ff45f?quality=85&format=webp,https://www.lovethework.com/work/entries/clarity-in-crisis-769945
Spikes Asia,2026,PR,pr,THE UNFLUENCER,KFC THAILAND,PUBLICIS THAILAND,"Travel, Leisure, Retail, Restaurants & Fast Food Chains",Submitted,https://ascentialcdn.filespin.io/api/v1/conversion/1d22796c8d4b4a31a38bc67cb901f3e7?quality=85&format=webp,https://www.lovethework.com/work/entries/the-unfluencer-769925
Spikes Asia,2026,PR,pr,HEINZLOWEEN,HEINZ THAILAND,KRAFT HEINZ,Social Behaviour,Submitted,https://ascentialcdn.filespin.io/api/v1/conversion/140ec4b1b54b483b90601335dcb5fdde?quality=85&format=webp,https://www.lovethework.com/work/entries/heinzloween-770034
Spikes Asia,2026,PR,pr,THE AIR POLLUTION JERSEY,LAMPHUN WARRIORS F.C. AND NORTHERN THAILAND BREATHE COUNCIL,FLASH BOMBER,Use of Events & Stunts,Submitted,https://ascentialcdn.filespin.io/api/v1/conversion/f1035415c6fa406282257bcc8038e892?quality=85&format=webp,https://www.lovethework.com/work/entries/the-air-pollution-jersey-770061
Spikes Asia,2026,PR,pr,NISSAN AT THE JAPAN MOBILITY SHOW 2025,NISSAN,NISSAN MOTOR COMPANY,Content Creation & Production,Submitted,https://ascentialcdn.filespin.io/api/v1/conversion/c5372b620d2f41de9f5ee3430a519a40?quality=85&format=webp,https://www.lovethework.com/work/entries/nissan-at-the-japan-mobility-show-2025-771239
Spikes Asia,2026,PR,pr,VESTFORREST,LOTTE E&C,LOTTE E & C,Employee Engagement,Submitted,https://ascentialcdn.filespin.io/api/v1/conversion/cf9e1f9ef20d42588d0c4901fa7db90d?quality=85&format=webp,https://www.lovethework.com/work/entries/vestforrest-769953
Spikes Asia,2026,PR,pr,SECOND CHANCE,WOMEN AND MEN PROGRESSIVE FOUNDATION,BBDO BANGKOK,Not-for-profit / Charity / Government,Submitted,https://ascentialcdn.filespin.io/api/v1/conversion/9b54eabf05e94216a7daad9064821f4c?quality=85&format=webp,https://www.lovethework.com/work/entries/second-chance-769933
Spikes Asia,2026,PR,pr,PORSCHE CHINA AP STUDIO VIDEO SERIES,PORSCHE,RUDER FINN,Social Engagement,Submitted,https://ascentialcdn.filespin.io/api/v1/conversion/b145ed419178454b95b501a25c1def3e?quality=85&format=webp,https://www.lovethework.com/work/entries/porsche-china-ap-studio-video-series-769994
Spikes Asia,2026,PR,pr,VOICE WANTED,KOREAN NATIONAL POLICE AGENCY,CHEIL WORLDWIDE,Not-for-profit / Charity / Government,Submitted,https://ascentialcdn.filespin.io/api/v1/conversion/8ac76a41aca94c0a81d2a789dc1c8907?quality=85&format=webp,https://www.lovethework.com/work/entries/voice-wanted-772912
Spikes Asia,2026,PR,pr,SOIL STAY,TRA MONGKUT FERTILIZER,VML,Local Brand,Submitted,https://ascentialcdn.filespin.io/api/v1/conversion/3dd80933e78246c78ac15475b435f03c?quality=85&format=webp,https://www.lovethework.com/work/entries/soil-stay-769964
Spikes Asia,2026,PR,pr,THE HARD RATED HOMECOMING,HARD RATED,"DROGA5 ANZ, PART OF ACCENTURE SONG",Launch/Relaunch,Submitted,https://ascentialcdn.filespin.io/api/v1/conversion/865933a87a254276bfcf00c405ed0ff4?quality=85&format=webp,https://www.lovethework.com/work/entries/the-hard-rated-homecoming-770588
Spikes Asia,2026,PR,pr,SANJEEVANI: UNITED AGAINST CANCER,FEDERAL BANK HORMIS MEMORIAL FOUNDATION,NETWORK18 MEDIA & INVESTMENTS,Corporate Purpose & Social Responsibility,Submitted,https://ascentialcdn.filespin.io/api/v1/conversion/2bbb84050d9a470eb45c366aa1735edc?quality=85&format=webp,https://www.lovethework.com/work/entries/sanjeevani-united-against-cancer-771107
Spikes Asia,2026,PR,pr,THING IN SEOUL,NETFLIX SERVICES KOREA,CHEIL WORLDWIDE,Single-market Campaign,Submitted,https://ascentialcdn.filespin.io/api/v1/conversion/1646351185e74476a876fa5602a6f18b?quality=85&format=webp,https://www.lovethework.com/work/entries/thing-in-seoul-769995
Spikes Asia,2026,PR,pr,"INSPIRE GREATNESS, IGNITE YOUR VIBE: TCL AT IFA 2025",TCL,RUDER FINN,Brand Voice & Strategic Storytelling,Submitted,https://ascentialcdn.filespin.io/api/v1/conversion/69dba10af26e4f0ba76901c8c15d40cb?quality=85&format=webp,https://www.lovethework.com/work/entries/inspire-greatness-ignite-your-vibe-tcl-at-ifa-2025-772915
Spikes Asia,2026,PR,pr,THE CEO DEEPFAKE,AUCKLAND SAVINGS BANK,"DROGA5 ANZ, PART OF ACCENTURE SONG",Use of Technology,Submitted,https://ascentialcdn.filespin.io/api/v1/conversion/be72ff0a94894015930abeac17deef4e?quality=85&format=webp,https://www.lovethework.com/work/entries/the-ceo-deepfake-770601
Spikes Asia,2026,PR,pr,CHASING THE SUN: HOW AUSTRALIA OUT-SHON THE WORLD AT EXPO 2025 OSAKA,DEPARTMENT OF FOREIGN AFFAIRS AND TRADE (DFAT),ICON AGENCY,Not-for-profit / Charity / Government,Submitted,https://ascentialcdn.filespin.io/api/v1/conversion/c83e3a54b405434b9f38cac34153299b?quality=85&format=webp,https://www.lovethework.com/work/entries/chasing-the-sun-how-australia-out-shon-the-world-at-expo-2025-osaka-771436
Spikes Asia,2026,PR,pr,THREE LETTER HEIST,MCDONALD'S,LEO,"Travel, Leisure, Retail, Restaurants & Fast Food Chains",Submitted,https://ascentialcdn.filespin.io/api/v1/conversion/41f30925b7d34e00bd5d681703a87ac6?quality=85&format=webp,https://www.lovethework.com/work/entries/three-letter-heist-771752
Spikes Asia,2026,PR,pr,DANONE MIZONE+ ELECTROLYTE,MIZONE+ ELECTROLYTE,EDELMAN,Consumer Goods,Submitted,https://ascentialcdn.filespin.io/api/v1/conversion/98ecfc359e2d4cb09dfecc6e0965933e?quality=85&format=webp,https://www.lovethework.com/work/entries/danone-mizone-electrolyte-772910
Spikes Asia,2026,PR,pr,LUCKY ME! TICNAP NOTNAC,LUCKY ME!,TREYNA,Social Engagement,Submitted,https://ascentialcdn.filespin.io/api/v1/conversion/24e1a5a4dac14e808a8718593b0bd61e?quality=85&format=webp,https://www.lovethework.com/work/entries/lucky-me-ticnap-notnac-769999
Spikes Asia,2026,PR,pr,BACK TO KAI TAK,CATHAY,LEO HONG KONG,Use of Events & Stunts,Submitted,https://ascentialcdn.filespin.io/api/v1/conversion/49df638fcc8343c2bef42b85c1e6dbd5?quality=85&format=webp,https://www.lovethework.com/work/entries/back-to-kai-tak-770976
Spikes Asia,2026,PR,pr,MASTERPEACE PAIN-TING,FRASERS PROPERTY THAILAND,FRASERS PROPERTY,Corporate Purpose & Social Responsibility,Submitted,https://ascentialcdn.filespin.io/api/v1/conversion/c07da179b0c44231be71628d878a077c?quality=85&format=webp,https://www.lovethework.com/work/entries/masterpeace-pain-ting-769940
Spikes Asia,2026,PR,pr,SANJEEVANI: UNITED AGAINST CANCER,FEDERAL BANK HORMIS MEMORIAL FOUNDATION,NETWORK18 MEDIA & INVESTMENTS,Cultural Engagement,Submitted,https://ascentialcdn.filespin.io/api/v1/conversion/2bbb84050d9a470eb45c366aa1735edc?quality=85&format=webp,https://www.lovethework.com/work/entries/sanjeevani-united-against-cancer-771115
Spikes Asia,2026,PR,pr,THE HARD RATED HOMECOMING,HARD RATED,"DROGA5 ANZ, PART OF ACCENTURE SONG",Single-market Campaign,Submitted,https://ascentialcdn.filespin.io/api/v1/conversion/865933a87a254276bfcf00c405ed0ff4?quality=85&format=webp,https://www.lovethework.com/work/entries/the-hard-rated-homecoming-773020
Spikes Asia,2026,PR,pr,SHAME INTO FAME,LABORATOIRE INNOTECH INTERNATIONAL,LABORATOIRE INNOTECH INTERNATIONAL,Healthcare,Submitted,https://ascentialcdn.filespin.io/api/v1/storyboard/1f60cb3ac6f6415ea0d62e88477b572a/storyboard_000008.jpg?quality=85&format=webp,https://www.lovethework.com/work/entries/shame-into-fame-772911
Spikes Asia,2026,PR,pr,TSUGIKI：COFFEE REBORN,TULLY'S,PR CONSULTING DENTSU,Brand Voice & Strategic Storytelling,Submitted,https://ascentialcdn.filespin.io/api/v1/conversion/d629372d7ab34bf2b9e26920e8eb51c8?quality=85&format=webp,https://www.lovethework.com/work/entries/tsugikicoffee-reborn-770504
Spikes Asia,2026,PR,pr,YAMAL +10,ADIDAS,TBWA\CHINA,Innovative Use of Influencers/Creators,Submitted,https://ascentialcdn.filespin.io/api/v1/conversion/c5ba48a6ef754a37a74021869591943c?quality=85&format=webp,https://www.lovethework.com/work/entries/yamal-10-770043
Spikes Asia,2026,PR,pr,HEY CREATIVES! OLD ENOUGH YET?,PTKOREA,PTKOREA,Corporate Purpose & Social Responsibility,Submitted,https://ascentialcdn.filespin.io/api/v1/conversion/8299e1433f1d433b8af581518909b6bf?quality=85&format=webp,https://www.lovethework.com/work/entries/hey-creatives-old-enough-yet-772316
Spikes Asia,2026,PR,pr,HEINEKEN® SMOOTHERISER,HEINEKEN,DEVRIES GLOBAL,Brand Voice & Strategic Storytelling,Submitted,https://ascentialcdn.filespin.io/api/v1/conversion/181e574cd123475596b892e4330879d8?quality=85&format=webp,https://www.lovethework.com/work/entries/heineken-smootheriser-772916
Spikes Asia,2026,PR,pr,OLAY LOOK AT YOU NOW,OLAY,PUBLICIS SINGAPORE,Brand Voice & Strategic Storytelling,Submitted,https://ascentialcdn.filespin.io/api/v1/conversion/fe5eb39cb3c74dd9a879edb88058e35c?quality=85&format=webp,https://www.lovethework.com/work/entries/olay-look-at-you-now-773018
Spikes Asia,2026,PR,pr,ALLEN'S SNAKES ALIVE IN ORANGE,ALLEN'S,ELEVEN,Launch/Relaunch,Submitted,https://ascentialcdn.filespin.io/api/v1/conversion/2df3076688bc437599324197592ecb14?quality=85&format=webp,https://www.lovethework.com/work/entries/allens-snakes-alive-in-orange-770844
Spikes Asia,2026,PR,pr,THE LAWS OF CRICKET,VICTORIA BITTER,"DROGA5 ANZ, PART OF ACCENTURE SONG",Consumer Goods,Submitted,https://ascentialcdn.filespin.io/api/v1/conversion/4b360dd2d97d4af19e11efbe1aa8b783?quality=85&format=webp,https://www.lovethework.com/work/entries/the-laws-of-cricket-773035
Spikes Asia,2026,PR,pr,THE UNFLUENCER,KFC THAILAND,PUBLICIS THAILAND,Innovative Use of Influencers/Creators,Submitted,https://ascentialcdn.filespin.io/api/v1/conversion/1d22796c8d4b4a31a38bc67cb901f3e7?quality=85&format=webp,https://www.lovethework.com/work/entries/the-unfluencer-770033
Spikes Asia,2026,PR,pr,THING IN SEOUL,NETFLIX SERVICES KOREA,CHEIL WORLDWIDE,Launch/Relaunch,Submitted,https://ascentialcdn.filespin.io/api/v1/conversion/1646351185e74476a876fa5602a6f18b?quality=85&format=webp,https://www.lovethework.com/work/entries/thing-in-seoul-770076
Spikes Asia,2026,PR,pr,THREE LETTER HEIST,MCDONALD'S,LEO,Single-market Campaign,Submitted,https://ascentialcdn.filespin.io/api/v1/conversion/4906557ba18b44baba945351c2a8c617?quality=85&format=webp,https://www.lovethework.com/work/entries/three-letter-heist-771783
Spikes Asia,2026,PR,pr,CUTE PRESS MY MATCH FOUNDATION,CUTE PRESS,WOLF BKK,Social Behaviour,Submitted,https://ascentialcdn.filespin.io/api/v1/conversion/144706995f1a42928ee7d1ebdca161d7?quality=85&format=webp,https://www.lovethework.com/work/entries/cute-press-my-match-foundation-771081
Spikes Asia,2026,PR,pr,#BAZIRRAMADAN (WASTEFUL RAMADAN),MYSAVEFOOD,LEO,Cultural Engagement,Submitted,https://ascentialcdn.filespin.io/api/v1/conversion/f4413bc3e4054f04ba53fa21874f903c?quality=85&format=webp,https://www.lovethework.com/work/entries/bazirramadan-wasteful-ramadan-770936
Spikes Asia,2026,PR,pr,GAMIFRIES,MCDONALD'S,BBH SINGAPORE,Use of Events & Stunts,Submitted,https://ascentialcdn.filespin.io/api/v1/conversion/611b257441894808a5f211d854334b81?quality=85&format=webp,https://www.lovethework.com/work/entries/gamifries-771168
Spikes Asia,2026,PR,pr,"SPOT, STOP POST!",NTT DOCOMO,TOKYU AGENCY,Corporate Purpose & Social Responsibility,Submitted,https://ascentialcdn.filespin.io/api/v1/conversion/dbd1c894610d44f79193e34ac23726ea?quality=85&format=webp,https://www.lovethework.com/work/entries/spot-stop-post-769918
Spikes Asia,2026,PR,pr,DON'T MINE WHAT'S MINE,DEEP RISING,EMOTIVE,Not-for-profit / Charity / Government,Submitted,https://ascentialcdn.filespin.io/api/v1/conversion/f05cd5f32c0f49a499d3aa0ac6caea53?quality=85&format=webp,https://www.lovethework.com/work/entries/dont-mine-whats-mine-770488
Spikes Asia,2026,PR,pr,BOY WALKING,KIDSCAN,"DROGA5 ANZ, PART OF ACCENTURE SONG",Use of Events & Stunts,Submitted,https://ascentialcdn.filespin.io/api/v1/conversion/91bab762b17a4a26bc0fac9ee7e28548?quality=85&format=webp,https://www.lovethework.com/work/entries/boy-walking-770841
Spikes Asia,2026,PR,pr,TSUGIKI：COFFEE REBORN,TULLY'S,PR CONSULTING DENTSU,Media Relations,Submitted,https://ascentialcdn.filespin.io/api/v1/conversion/d629372d7ab34bf2b9e26920e8eb51c8?quality=85&format=webp,https://www.lovethework.com/work/entries/tsugikicoffee-reborn-770493
Spikes Asia,2026,PR,pr,AIRMAN,AIRMAN,ADK MARKETING SOLUTIONS,Local Brand,Submitted,https://ascentialcdn.filespin.io/api/v1/conversion/812daec20f98494c99ae66ed17782b8b?quality=85&format=webp,https://www.lovethework.com/work/entries/airman-769972
Spikes Asia,2026,PR,pr,PROUD TO DEVELOP,CENTRAL PATTANA,TBWA THAILAND \ JUICE,Brand Voice & Strategic Storytelling,Submitted,https://ascentialcdn.filespin.io/api/v1/conversion/92ce05389ad24a04886941f5733419c2?quality=85&format=webp,https://www.lovethework.com/work/entries/proud-to-develop-772917
Spikes Asia,2026,PR,pr,FREE RIDE ON THE TOUR,YAMASHITA SHINTENGAI SHOPPING STREET,DENTSU CREATIVE PICTURES,Use of Humour,Submitted,https://ascentialcdn.filespin.io/api/v1/conversion/26a100270ac4485caf1776763eaa643d?quality=85&format=webp,https://www.lovethework.com/work/entries/free-ride-on-the-tour-770051
Spikes Asia,2026,PR,pr,RUNWAY TO HOME,NATIONAL CENTER FOR THE RIGHTS OF THE CHILD,DAEHONG COMMUNICATIONS,Not-for-profit / Charity / Government,Submitted,https://ascentialcdn.filespin.io/api/v1/conversion/25627e69147c47cfb3f50e1c31aac766?quality=85&format=webp,https://www.lovethework.com/work/entries/runway-to-home-769946
Spikes Asia,2026,PR,pr,COUNTDOWN TO THE TASTE OF TOMORROW,AIS,WINTER EGENCY,Local Brand,Submitted,https://ascentialcdn.filespin.io/api/v1/conversion/6acf3eb53b0e485b88fec7eaf7a7bf13?quality=85&format=webp,https://www.lovethework.com/work/entries/countdown-to-the-taste-of-tomorrow-769977
Spikes Asia,2026,PR,pr,"MODEC KLEC: A STRATEGIC LAUNCH TOLD THROUGH PEOPLE, PURPOSE, AND PROGRESS",MODEC,CENTRIQ,Content Creation & Production,Submitted,https://ascentialcdn.filespin.io/api/v1/conversion/8522e5b891864e35bea792c22c0f40ed?quality=85&format=webp,https://www.lovethework.com/work/entries/modec-klec-a-strategic-launch-told-through-people-purpose-and-progress-772914
Spikes Asia,2026,PR,pr,COMMUTER CAMO,KITKAT,VML,Social Engagement,Submitted,https://ascentialcdn.filespin.io/api/v1/conversion/ed5b54d54a6b4baeb4753ba7f9a2c7d7?quality=85&format=webp,https://www.lovethework.com/work/entries/commuter-camo-769983
Spikes Asia,2026,PR,pr,KUB DEE DAI DEE -TRANSFORMING SAFE DRIVING FROM RULE TO BELIEF-,TOYOTA MOBILITY FOUNDATION / HONDA MOTOR CO.,"LTD., HAKUHODO FIRST",Corporate Purpose & Social Responsibility,Submitted,https://ascentialcdn.filespin.io/api/v1/conversion/f2f0d719e65343bcab7cca4824a06dd0?quality=85&format=webp,https://www.lovethework.com/work/entries/kub-dee-dai-dee-transforming-safe-driving-from-rule-to-belief-773062
Spikes Asia,2026,PR,pr,PORSCHE CHINA AP STUDIO VIDEO SERIES,PORSCHE,RUDER FINN,Brand Voice & Strategic Storytelling,Submitted,https://ascentialcdn.filespin.io/api/v1/conversion/b145ed419178454b95b501a25c1def3e?quality=85&format=webp,https://www.lovethework.com/work/entries/porsche-china-ap-studio-video-series-769936
Spikes Asia,2026,PR,pr,BRINGING KOALA EARS BACK TO AUSSIE BEACHES,BILLIE,ELEVEN,Single-market Campaign,Submitted,https://ascentialcdn.filespin.io/api/v1/conversion/7e196f4a56d94e8883cef5dcc3e7d525?quality=85&format=webp,https://www.lovethework.com/work/entries/bringing-koala-ears-back-to-aussie-beaches-770915
Spikes Asia,2026,PR,pr,THE MISSING VERSE: COMPLETING THE BENTO SYMPHONY,ZESPRI INTERNATIONAL JAPAN,DENTSU INC.,Social Behaviour,Submitted,https://ascentialcdn.filespin.io/api/v1/conversion/1ce5e04765ac4b88adeae73c8ac26da7?quality=85&format=webp,https://www.lovethework.com/work/entries/the-missing-verse-completing-the-bento-symphony-770720
Spikes Asia,2026,PR,pr,KATE MEETS USJ,KANEBO,KANEBO,Consumer Goods,Submitted,https://ascentialcdn.filespin.io/api/v1/conversion/0bfda5758768485a8bddc0560d7955bf?quality=85&format=webp,https://www.lovethework.com/work/entries/kate-meets-usj-770438
Spikes Asia,2026,PR,pr,TASTO EMOTIONS-CHIPS,TASTO,CJ WORX,Social Behaviour,Submitted,https://ascentialcdn.filespin.io/api/v1/storyboard/ade20e7411e746ad8d1038278186d76c/storyboard_000008.jpg?quality=85&format=webp,https://www.lovethework.com/work/entries/tasto-emotions-chips-772918
Spikes Asia,2026,PR,pr,GAMIFRIES,MCDONALD'S,BBH SINGAPORE,Breakthrough on a Budget,Submitted,https://ascentialcdn.filespin.io/api/v1/conversion/611b257441894808a5f211d854334b81?quality=85&format=webp,https://www.lovethework.com/work/entries/gamifries-771097
Spikes Asia,2026,PR,pr,BACK TO KAI TAK,CATHAY,LEO HONG KONG,Single-market Campaign,Submitted,https://ascentialcdn.filespin.io/api/v1/conversion/49df638fcc8343c2bef42b85c1e6dbd5?quality=85&format=webp,https://www.lovethework.com/work/entries/back-to-kai-tak-770928
Spikes Asia,2026,PR,pr,PEDIGREE®️ LIE DETECTOR,PEDIGREE®️,COLENSO BBDO,Consumer Goods,Submitted,https://ascentialcdn.filespin.io/api/v1/conversion/e5811c04db794eed9361f582b515af84?quality=85&format=webp,https://www.lovethework.com/work/entries/pedigree-lie-detector-771148
Spikes Asia,2026,PR,pr,MAKEUP. THE ULTIMATE JUJUTSU.,KANEBO,KANEBO,Community Management,Submitted,https://ascentialcdn.filespin.io/api/v1/conversion/2bd667b90d5745b9be95178b2edcb0df?quality=85&format=webp,https://www.lovethework.com/work/entries/makeup-the-ultimate-jujutsu-770450
Spikes Asia,2026,PR,pr,COUNTDOWN TO THE TASTE OF TOMORROW,AIS,WINTER EGENCY,Corporate Purpose & Social Responsibility,Submitted,https://ascentialcdn.filespin.io/api/v1/conversion/6acf3eb53b0e485b88fec7eaf7a7bf13?quality=85&format=webp,https://www.lovethework.com/work/entries/countdown-to-the-taste-of-tomorrow-769932
Spikes Asia,2026,PR,pr,THE GREAT IN-GAME WEDDING,BATTLEGROUND MOBILE INDIA,22FEET TRIBAL WORLDWIDE,Social Engagement,Submitted,https://ascentialcdn.filespin.io/api/v1/conversion/66627bfaf8fb4262b3183c414604c7a0?quality=85&format=webp,https://www.lovethework.com/work/entries/the-great-in-game-wedding-771154
Spikes Asia,2026,PR,pr,ORAL HEALTH MOVEMENT,COLGATE,NETWORK18 MEDIA & INVESTMENTS,Consumer Goods,Submitted,https://ascentialcdn.filespin.io/api/v1/conversion/cf53595d44cb4b739a93fa5632e5b48c?quality=85&format=webp,https://www.lovethework.com/work/entries/oral-health-movement-772795
Spikes Asia,2026,PR,pr,THE ACQUITTED RAMEN RETURNS,SAMYANG FOODS,INNORED,Brand Voice & Strategic Storytelling,Submitted,https://ascentialcdn.filespin.io/api/v1/conversion/fa4aafa640e645388c768706e172b188?quality=85&format=webp,https://www.lovethework.com/work/entries/the-acquitted-ramen-returns-770906
Spikes Asia,2026,PR,pr,OREO MILKY WAY DUNK,OREO,LEO INDONESIA,Use of Events & Stunts,Submitted,https://ascentialcdn.filespin.io/api/v1/conversion/d33c5d7be31741ed8374d2828c6a6c1a?quality=85&format=webp,https://www.lovethework.com/work/entries/oreo-milky-way-dunk-771079
Spikes Asia,2026,PR,pr,「HEALING TOUCH INITIATIVE」SOCIAL CO-CREATION CAMPAIGN-PROMOTE CHANGE FOR 400 MILLION CHINESE MOTHERS,BABYTREE｜PETAL ADS,HOTOP,Corporate Purpose & Social Responsibility,Submitted,https://ascentialcdn.filespin.io/api/v1/conversion/a0c3cf41d6234b6e998fb7a5106a189f?quality=85&format=webp,https://www.lovethework.com/work/entries/healing-touch-initiativesocial-co-creation-campaign-promote-change-for-400-million-chinese-mothers-771257
Spikes Asia,2026,PR,pr,DANONE MIZONE+ ELECTROLYTE,MIZONE+ ELECTROLYTE,EDELMAN,Sponsorship & Brand Partnerships,Submitted,https://ascentialcdn.filespin.io/api/v1/conversion/98ecfc359e2d4cb09dfecc6e0965933e?quality=85&format=webp,https://www.lovethework.com/work/entries/danone-mizone-electrolyte-769960
Spikes Asia,2026,PR,pr,AUTUMN INSIDE,CHAGEE,CHAGEE,Cultural Engagement,Submitted,https://ascentialcdn.filespin.io/api/v1/conversion/cce4dc83cadc4f3d9836da4fddbe02f1?quality=85&format=webp,https://www.lovethework.com/work/entries/autumn-inside-769958
Spikes Asia,2026,PR,pr,CLARITY IN CRISIS,THE PEOPLE OF THE REPUBLIC OF KOREA,2CARROT,Use of Technology,Submitted,https://ascentialcdn.filespin.io/api/v1/conversion/b18cfc9f38944ae7b572b4e8ad7ff45f?quality=85&format=webp,https://www.lovethework.com/work/entries/clarity-in-crisis-771293
Spikes Asia,2026,PR,pr,THE BIGGEST LIFEGUARD,GRAND JOSUN MEDIA,INNOCEAN,Single-market Campaign,Submitted,https://ascentialcdn.filespin.io/api/v1/conversion/72ce399962bc45e2a0c45eaea2f87e7d?quality=85&format=webp,https://www.lovethework.com/work/entries/the-biggest-lifeguard-771304
Spikes Asia,2026,PR,pr,THE ACQUITTED RAMEN RETURNS,SAMYANG FOODS,INNORED,Launch/Relaunch,Submitted,https://ascentialcdn.filespin.io/api/v1/conversion/fa4aafa640e645388c768706e172b188?quality=85&format=webp,https://www.lovethework.com/work/entries/the-acquitted-ramen-returns-769920
Spikes Asia,2026,PR,pr,SAUCE REDEMPTION,KFC THAILAND,BRILLIANT & MILLION,Community Management,Submitted,https://ascentialcdn.filespin.io/api/v1/conversion/8700b32febc94b06ba4826646b005ca8?quality=85&format=webp,https://www.lovethework.com/work/entries/sauce-redemption-770010
Spikes Asia,2026,PR,pr,HEINEKEN® SMOOTHERISER,HEINEKEN,DEVRIES GLOBAL,Use of Humour,Submitted,https://ascentialcdn.filespin.io/api/v1/conversion/181e574cd123475596b892e4330879d8?quality=85&format=webp,https://www.lovethework.com/work/entries/heineken-smootheriser-770063
Spikes Asia,2026,PR,pr,OLAY LOOK AT YOU NOW,OLAY,PUBLICIS SINGAPORE,Single-market Campaign,Submitted,https://ascentialcdn.filespin.io/api/v1/storyboard/edfb1de0938041d6b563b6c14998d271/storyboard_000008.jpg?quality=85&format=webp,https://www.lovethework.com/work/entries/olay-look-at-you-now-770612
Spikes Asia,2026,PR,pr,COMMUTER CAMO,KITKAT,VML,Single-market Campaign,Submitted,https://ascentialcdn.filespin.io/api/v1/conversion/ed5b54d54a6b4baeb4753ba7f9a2c7d7?quality=85&format=webp,https://www.lovethework.com/work/entries/commuter-camo-770005
Spikes Asia,2026,PR,pr,ANZ SCAMMERS BLOOM,ANZ BANK NEW ZEALAND,TBWA\NEW ZEALAND,Social Behaviour,Submitted,https://ascentialcdn.filespin.io/api/v1/conversion/db84051db73942d18c507b86a7f050c3?quality=85&format=webp,https://www.lovethework.com/work/entries/anz-scammers-bloom-770854
Spikes Asia,2026,PR,pr,MADE FOR DOWN UNDER,BONDS,SPECIAL,Innovative Use of Influencers/Creators,Submitted,https://ascentialcdn.filespin.io/api/v1/conversion/5fbf0693a3214e9f8d3b9881d1fe9e62?quality=85&format=webp,https://www.lovethework.com/work/entries/made-for-down-under-770819
Spikes Asia,2026,PR,pr,ALLEN'S SNAKES ALIVE IN ORANGE,ALLEN'S,ELEVEN,PR Effectiveness,Submitted,https://ascentialcdn.filespin.io/api/v1/conversion/2df3076688bc437599324197592ecb14?quality=85&format=webp,https://www.lovethework.com/work/entries/allens-snakes-alive-in-orange-770836
Spikes Asia,2026,Print & Publishing,print-publishing,INGLISH DICTIONARY,AIR INDIA EXPRESS,JUICE,Cultural Engagement,Grand Prix,https://ascentialcdn.filespin.io/api/v1/conversion/5f2f1631fbbe41fd911975de9cbcb617?quality=85&format=webp,https://www.lovethework.com/work/entries/inglish-dictionary-772414
Spikes Asia,2026,Print & Publishing,print-publishing,INKVISIBLE,UN WOMEN,BBDO PAKISTAN,Cultural Engagement,Silver,https://ascentialcdn.filespin.io/api/v1/conversion/40cd6f183f8f48d4a82f3fb6cdd0fee6?quality=85&format=webp,https://www.lovethework.com/work/entries/inkvisible-773091
Spikes Asia,2026,Print & Publishing,print-publishing,MAKEUP CALLIGRAPHY,SHISEIDO CO.,SHISEIDO CREATIVE,Cultural Engagement,Bronze,https://ascentialcdn.filespin.io/api/v1/conversion/f93a452a101f4571b42f2f0e9f0024ab?quality=85&format=webp,https://www.lovethework.com/work/entries/makeup-calligraphy-769498
Spikes Asia,2026,Print & Publishing,print-publishing,INGLISH DICTIONARY,AIR INDIA EXPRESS,JUICE,Social Behaviour,Shortlist,https://ascentialcdn.filespin.io/api/v1/conversion/5f2f1631fbbe41fd911975de9cbcb617?quality=85&format=webp,https://www.lovethework.com/work/entries/inglish-dictionary-769599
Spikes Asia,2026,Print & Publishing,print-publishing,GAMIFRIES,MCDONALD'S,BBH SINGAPORE,Innovative and Adapted Use of Print & Publishing,Shortlist,https://ascentialcdn.filespin.io/api/v1/conversion/611b257441894808a5f211d854334b81?quality=85&format=webp,https://www.lovethework.com/work/entries/gamifries-771153
Spikes Asia,2026,Print & Publishing,print-publishing,SILENT LETTERS 2,AIS,ENORMOUS BRANDS,Consumer Services/Business to Business,Shortlist,https://ascentialcdn.filespin.io/api/v1/conversion/7b09cfe855504b3ab5c8fa82b8787a8b?quality=85&format=webp,https://www.lovethework.com/work/entries/silent-letters-2-771057
Spikes Asia,2026,Print & Publishing,print-publishing,THE WORST CHILDREN'S LIBRARY,SAMSUNG NZ,MCCANN NEW ZEALAND,Social Behaviour,Submitted,https://ascentialcdn.filespin.io/api/v1/conversion/6ce2776af04e4e019d0ae18bcd82575c?quality=85&format=webp,https://www.lovethework.com/work/entries/the-worst-childrens-library-771441
Spikes Asia,2026,Print & Publishing,print-publishing,"WHATSAPP: WHEN ENCRYPTION BECAME FELT, NOT EXPLAINED",WHATSAPP,SPARK FOUNDRY,Innovative and Adapted Use of Print & Publishing,Submitted,https://ascentialcdn.filespin.io/api/v1/conversion/ebc1cd0ec1524671bfc57ff7f66c4e22?quality=85&format=webp,https://www.lovethework.com/work/entries/whatsapp-when-encryption-became-felt-not-explained-771272
Spikes Asia,2026,Print & Publishing,print-publishing,FLIP THE PAPER. LOOK AT THE OTHER SIDE.,SANKEI SHIMBUN CO.,"LTD., SANKEI SHIMBUN",Social Behaviour,Submitted,https://ascentialcdn.filespin.io/api/v1/conversion/f86bd96128b742158d8b63bafe6f667a?quality=85&format=webp,https://www.lovethework.com/work/entries/flip-the-paper-look-at-the-other-side-769480
Spikes Asia,2026,Print & Publishing,print-publishing,A&W,KFC THAILAND,PUBLICIS THAILAND,"Travel, Leisure, Retail, Restaurants & Fast Food Chains",Submitted,https://ascentialcdn.filespin.io/api/v1/conversion/d93033d674794412997280fd7744cfc7?quality=85&format=webp,https://www.lovethework.com/work/entries/aw-769576
Spikes Asia,2026,Print & Publishing,print-publishing,OVERDUE OLDIES - NORMA (3 OF 3),DULCOLAX,McCANN,Healthcare,Submitted,https://ascentialcdn.filespin.io/api/v1/conversion/37af1a80377448808d6d45edd8d1080b?quality=85&format=webp,https://www.lovethework.com/work/entries/overdue-oldies-norma-3-of-3-772828
Spikes Asia,2026,Print & Publishing,print-publishing,BANK LOAN OFFICER,KOREAN NATIONAL POLICE AGENCY,CHEIL WORLDWIDE,Not-for-profit / Charity / Government,Submitted,https://ascentialcdn.filespin.io/api/v1/conversion/13506a4c501f4f1fbfca96d498a85722?quality=85&format=webp,https://www.lovethework.com/work/entries/bank-loan-officer-770800
Spikes Asia,2026,Print & Publishing,print-publishing,OVERDUE OLDIES - ERNESTO (2 OF 3),DULCOLAX,McCANN,Healthcare,Submitted,https://ascentialcdn.filespin.io/api/v1/conversion/353926c2f83c4f1f9c3b35cf887536f7?quality=85&format=webp,https://www.lovethework.com/work/entries/overdue-oldies-ernesto-2-of-3-769570
Spikes Asia,2026,Print & Publishing,print-publishing,TEXAS CHICKEN,KFC THAILAND,PUBLICIS THAILAND,"Travel, Leisure, Retail, Restaurants & Fast Food Chains",Submitted,https://ascentialcdn.filespin.io/api/v1/conversion/6288cea75e3d4e7b8f92f369c5a49fcf?quality=85&format=webp,https://www.lovethework.com/work/entries/texas-chicken-769583
Spikes Asia,2026,Print & Publishing,print-publishing,BROTHEL PIMP,KOREAN NATIONAL POLICE AGENCY,CHEIL WORLDWIDE,Not-for-profit / Charity / Government,Submitted,https://ascentialcdn.filespin.io/api/v1/conversion/bf37e193defd492789d76b622a5e8d9f?quality=85&format=webp,https://www.lovethework.com/work/entries/brothel-pimp-770783
Spikes Asia,2026,Print & Publishing,print-publishing,OVERDUE OLDIES - TESS (1 OF 3),DULCOLAX,McCANN,Healthcare,Submitted,https://ascentialcdn.filespin.io/api/v1/conversion/aa4747ccb9bf4e1ca11d83b1b761ea20?quality=85&format=webp,https://www.lovethework.com/work/entries/overdue-oldies-tess-1-of-3-769552
Spikes Asia,2026,Print & Publishing,print-publishing,SILENT LETTERS 3,AIS,ENORMOUS BRANDS,Consumer Services/Business to Business,Submitted,https://ascentialcdn.filespin.io/api/v1/conversion/f60cfbb1729645d8972ac7d64859f14a?quality=85&format=webp,https://www.lovethework.com/work/entries/silent-letters-3-771045
Spikes Asia,2026,Print & Publishing,print-publishing,VOICE WANTED,KOREAN NATIONAL POLICE AGENCY,CHEIL WORLDWIDE,Market Disruption,Submitted,https://ascentialcdn.filespin.io/api/v1/conversion/a9ac0e16a5004c4c8a816984baebd98f?quality=85&format=webp,https://www.lovethework.com/work/entries/voice-wanted-769489
Spikes Asia,2026,Print & Publishing,print-publishing,SOFT PLACES FOR CHILDREN – FOSTER CARE AWARENESS POSTER,GROW HAPPY (GENERAL INCORPORATED ASSOCIATION),M.GRAPHICS,Not-for-profit / Charity / Government,Submitted,https://ascentialcdn.filespin.io/api/v1/conversion/84b7e652d7ea4d9287a5c6d5fd0b0a42?quality=85&format=webp,https://www.lovethework.com/work/entries/soft-places-for-children-foster-care-awareness-poster-769596
Spikes Asia,2026,Print & Publishing,print-publishing,INVESTIGATOR,KOREAN NATIONAL POLICE AGENCY,CHEIL WORLDWIDE,Not-for-profit / Charity / Government,Submitted,https://ascentialcdn.filespin.io/api/v1/conversion/db6cbd09f47143c28ce97f15e4b1780c?quality=85&format=webp,https://www.lovethework.com/work/entries/investigator-770797
Spikes Asia,2026,Print & Publishing,print-publishing,"I AM KOLKATA, AMAR PARA",TIMES OF INDIA GROUP,BENNETT COLEMAN & CO,Social Behaviour,Submitted,https://ascentialcdn.filespin.io/api/v1/conversion/0bd250052963445fb6f76de192c8588a?quality=85&format=webp,https://www.lovethework.com/work/entries/i-am-kolkata-amar-para-771003
Spikes Asia,2026,Print & Publishing,print-publishing,TIMELESS WEDDINGS,INDIAN HOTELS COMPANY LIMITED,THE INDIAN HOTELS COMPANY,"Travel, Leisure, Retail, Restaurants & Fast Food Chains",Submitted,https://ascentialcdn.filespin.io/api/v1/conversion/cb5a2260229d4bcca0c75b1a05463276?quality=85&format=webp,https://www.lovethework.com/work/entries/timeless-weddings-772830
Spikes Asia,2026,Print & Publishing,print-publishing,POPEYES,KFC THAILAND,PUBLICIS THAILAND,"Travel, Leisure, Retail, Restaurants & Fast Food Chains",Submitted,https://ascentialcdn.filespin.io/api/v1/conversion/571f98a0867447ab9032e731de8955d8?quality=85&format=webp,https://www.lovethework.com/work/entries/popeyes-772829
Spikes Asia,2026,Print & Publishing,print-publishing,SILENT LETTERS 1,AIS,ENORMOUS BRANDS,Consumer Services/Business to Business,Submitted,https://ascentialcdn.filespin.io/api/v1/conversion/e105d69aa3814a809ce41afb365899d2?quality=85&format=webp,https://www.lovethework.com/work/entries/silent-letters-1-771091
Spikes Asia,2026,Print & Publishing,print-publishing,TWO FRONTIERS OF HUMAN CRAFT: SAKE,DASSAI,ASAHI SHUZO,Consumer Goods,Submitted,https://ascentialcdn.filespin.io/api/v1/conversion/2451433e04b84705b635bb33933e9cdc?quality=85&format=webp,https://www.lovethework.com/work/entries/two-frontiers-of-human-craft-sake-769545
Spikes Asia,2026,Print & Publishing,print-publishing,VOICE WANTED,KOREAN NATIONAL POLICE AGENCY,CHEIL WORLDWIDE,Social Behaviour,Submitted,https://ascentialcdn.filespin.io/api/v1/conversion/dd8a11fe62c946698d0a334a8b8e55e6?quality=85&format=webp,https://www.lovethework.com/work/entries/voice-wanted-769470
Spikes Asia,2026,Print & Publishing,print-publishing,BAKE FRIDAY,KITCHEN WAREHOUSE,SPECIAL,Innovative and Adapted Use of Print & Publishing,Submitted,https://ascentialcdn.filespin.io/api/v1/conversion/c67a972594a9454d949d884bdd4ce85f?quality=85&format=webp,https://www.lovethework.com/work/entries/bake-friday-770669
Spikes Asia,2026,Print & Publishing,print-publishing,THE KIA EV5 WITH FIVE GUYS,KIA MOTORS,INNOCEAN,Consumer Goods,Submitted,https://ascentialcdn.filespin.io/api/v1/conversion/a4bc8d606ff5480f989e8a21d4969778?quality=85&format=webp,https://www.lovethework.com/work/entries/the-kia-ev5-with-five-guys-770665
Spikes Asia,2026,Print & Publishing,print-publishing,SOLAR FOREST,HNAWHA,HANWHA,Corporate Purpose & Social Responsibility,Submitted,https://ascentialcdn.filespin.io/api/v1/conversion/b763c091fbf842eab11ebe619fc56e12?quality=85&format=webp,https://www.lovethework.com/work/entries/solar-forest-770567
Spikes Asia,2026,Social & Creator,social-creator,VASELINE VERIFIED,VASELINE,OGILVY,Healthcare,Grand Prix,https://ascentialcdn.filespin.io/api/v1/conversion/9d54a70f009d42e1a49944d1de6a39a0?quality=85&format=webp,https://www.lovethework.com/work/entries/vaseline-verified-771430
Spikes Asia,2026,Social & Creator,social-creator,GAMERS ON DUTY,LENOVO,LEO,Social Commerce,Gold,https://ascentialcdn.filespin.io/api/v1/conversion/6756b104632a4778a34700b1371cfacf?quality=85&format=webp,https://www.lovethework.com/work/entries/gamers-on-duty-771777
Spikes Asia,2026,Social & Creator,social-creator,THE UNOFFICIAL OFFICIAL SOUND OF F1,STING,LEO,Sponsorship & Brand Partnership,Gold,https://ascentialcdn.filespin.io/api/v1/conversion/fba81765ef6a43fba6ebbabb817da8ef?quality=85&format=webp,https://www.lovethework.com/work/entries/the-unofficial-official-sound-of-f1-771782
Spikes Asia,2026,Social & Creator,social-creator,KWEEN YASMIN,CANVA,GIGIL,Co-Creation & User Generated Content,Silver,https://ascentialcdn.filespin.io/api/v1/conversion/869756effcd94a2faa471832aebf4fd6?quality=85&format=webp,https://www.lovethework.com/work/entries/kween-yasmin-771368
Spikes Asia,2026,Social & Creator,social-creator,UNCOVERED,SAMSUNG,CLEMENGER BBDO,Innovative Engagement of Community,Silver,https://ascentialcdn.filespin.io/api/v1/conversion/048468b3b3f24009bba6383b7c667f06?quality=85&format=webp,https://www.lovethework.com/work/entries/uncovered-772251
Spikes Asia,2026,Social & Creator,social-creator,PATROL. IT'S OUT THERE.,NISSAN,TBWA\MELBOURNE,Innovative Engagement of Community,Silver,https://ascentialcdn.filespin.io/api/v1/conversion/7970afb4b6654a119c1905d18fd0626d?quality=85&format=webp,https://www.lovethework.com/work/entries/patrol-its-out-there-770868
Spikes Asia,2026,Social & Creator,social-creator,BASSI VS GARNIER MEN FACEWASH,GARNIER MEN,BBH INDIA,Creator Collaboration,Bronze,https://ascentialcdn.filespin.io/api/v1/storyboard/ce5d09073a3e4ec39491ee14e78f765f/storyboard_000008.jpg?quality=85&format=webp,https://www.lovethework.com/work/entries/bassi-vs-garnier-men-facewash-771838
Spikes Asia,2026,Social & Creator,social-creator,THE MISPRONOUNCED HEINZ,HEINZ,SHOOTING STELLAR COMPANY,Co-Creation & User Generated Content,Bronze,https://ascentialcdn.filespin.io/api/v1/conversion/8c316f35a90d4fa9a9aaec61b61df55a?quality=85&format=webp,https://www.lovethework.com/work/entries/the-mispronounced-heinz-769701
Spikes Asia,2026,Social & Creator,social-creator,SAY IT PROND,SPEAK,DENTSU CREATIVE TAIWAN,Cultural Engagement,Bronze,https://ascentialcdn.filespin.io/api/v1/conversion/fcbab533059d421a9ab08c30ccfc1ec3?quality=85&format=webp,https://www.lovethework.com/work/entries/say-it-prond-771050
Spikes Asia,2026,Social & Creator,social-creator,IT MUST BE STING,STING,LEO BANGKOK,Social Film Series,Bronze,https://ascentialcdn.filespin.io/api/v1/storyboard/38e02b54d9fc4978af02a872544ae007/storyboard_000008.jpg?quality=85&format=webp,https://www.lovethework.com/work/entries/it-must-be-sting-769688
Spikes Asia,2026,Social & Creator,social-creator,DIRTY OLD SECRETS,SEASOL INTERNATIONAL,HOWATSON AND COMPANY,Brand Storytelling,Bronze,https://ascentialcdn.filespin.io/api/v1/conversion/4ffec5593ef045ec88f03de8650b762e?quality=85&format=webp,https://www.lovethework.com/work/entries/dirty-old-secrets-771246
Spikes Asia,2026,Social & Creator,social-creator,THE UNFLUENCER,KFC THAILAND,PUBLICIS THAILAND,Creator Cross-Channel Storytelling,Bronze,https://ascentialcdn.filespin.io/api/v1/conversion/abc89b2db8524a4485e069f505acff8b?quality=85&format=webp,https://www.lovethework.com/work/entries/the-unfluencer-769721
Spikes Asia,2026,Social & Creator,social-creator,MICHELLE LYN STAR,JIANG NAN HOT POT RESTAURANT CHAIN,GIGIL,Real-time Response,Shortlist,https://ascentialcdn.filespin.io/api/v1/conversion/0499bbef6bbe44ce92bfd5d2a352e3d4?quality=85&format=webp,https://www.lovethework.com/work/entries/michelle-lyn-star-771803
Spikes Asia,2026,Social & Creator,social-creator,BRINGING KOALA EARS BACK TO AUSSIE BEACHES,BILLIE,ELEVEN,Creator Collaboration,Shortlist,https://ascentialcdn.filespin.io/api/v1/conversion/f76a2282bae8431aa5f036e239cfb071?quality=85&format=webp,https://www.lovethework.com/work/entries/bringing-koala-ears-back-to-aussie-beaches-770983
Spikes Asia,2026,Social & Creator,social-creator,HAVE A POSITIVE BREAK,YURAKU CONFECTIONERY CO.,"LTD., DENTSU DIGITAL",Challenger Brand,Shortlist,https://ascentialcdn.filespin.io/api/v1/conversion/f7f5e604fe854ed8a3063c604f8bad4d?quality=85&format=webp,https://www.lovethework.com/work/entries/have-a-positive-break-770822
Spikes Asia,2026,Social & Creator,social-creator,KUNG FRIES,MCDONALD'S PROSPECT HOSPITALITY,LEO TAIWAN,Brand Storytelling,Shortlist,https://ascentialcdn.filespin.io/api/v1/conversion/985d939b42cd4c94a6b72063f59fa6c1?quality=85&format=webp,https://www.lovethework.com/work/entries/kung-fries-771019
Spikes Asia,2026,Social & Creator,social-creator,SAY IT PROND,SPEAK,DENTSU CREATIVE TAIWAN,Use of Humour,Shortlist,https://ascentialcdn.filespin.io/api/v1/conversion/fcbab533059d421a9ab08c30ccfc1ec3?quality=85&format=webp,https://www.lovethework.com/work/entries/say-it-prond-771088
Spikes Asia,2026,Social & Creator,social-creator,HOUSE OF CREDIT CARD FEARS,WESTPAC,SAATCHI & SAATCHI NEW ZEALAND,Audience Targeting/Engagement Strategies,Shortlist,https://ascentialcdn.filespin.io/api/v1/conversion/eb3cf8bc87194e2e88613667090c1242?quality=85&format=webp,https://www.lovethework.com/work/entries/house-of-credit-card-fears-773084
Spikes Asia,2026,Social & Creator,social-creator,THE UNFLUENCER,KFC THAILAND,PUBLICIS THAILAND,Creator-Led Content Strategy,Shortlist,https://ascentialcdn.filespin.io/api/v1/conversion/abc89b2db8524a4485e069f505acff8b?quality=85&format=webp,https://www.lovethework.com/work/entries/the-unfluencer-772856
Spikes Asia,2026,Social & Creator,social-creator,PATROL. IT'S OUT THERE.,NISSAN,TBWA\MELBOURNE,Creator Collaboration,Shortlist,https://ascentialcdn.filespin.io/api/v1/conversion/7970afb4b6654a119c1905d18fd0626d?quality=85&format=webp,https://www.lovethework.com/work/entries/patrol-its-out-there-770873
Spikes Asia,2026,Social & Creator,social-creator,THE SPONSORED TRUTH,SAMSUNG,LEO,Co-Creation & User Generated Content,Shortlist,https://ascentialcdn.filespin.io/api/v1/conversion/4109705e25d64c209befc8b73c6713dd?quality=85&format=webp,https://www.lovethework.com/work/entries/the-sponsored-truth-770953
Spikes Asia,2026,Social & Creator,social-creator,SAY IT PROND,SPEAK,DENTSU CREATIVE TAIWAN,Creator & Influencer Sourced Insight,Shortlist,https://ascentialcdn.filespin.io/api/v1/conversion/fcbab533059d421a9ab08c30ccfc1ec3?quality=85&format=webp,https://www.lovethework.com/work/entries/say-it-prond-771060
Spikes Asia,2026,Social & Creator,social-creator,MADE FOR DOWN UNDER,BONDS,SPECIAL,Organic Reach & Influence,Shortlist,https://ascentialcdn.filespin.io/api/v1/conversion/a8138d2918814363837508de00bff464?quality=85&format=webp,https://www.lovethework.com/work/entries/made-for-down-under-770865
Spikes Asia,2026,Social & Creator,social-creator,THE WEEK-LONG LAYOVER,CHANGI AIRPORT,CONNECTING PLOTS,Creator Collaboration,Shortlist,https://ascentialcdn.filespin.io/api/v1/conversion/6d2ac186db044fc1a636ed0264338a7f?quality=85&format=webp,https://www.lovethework.com/work/entries/the-week-long-layover-769745
Spikes Asia,2026,Social & Creator,social-creator,COMMUTER CAMO,KITKAT,VML,Social Behaviour,Shortlist,https://ascentialcdn.filespin.io/api/v1/conversion/ecb11a720bc94b0eb9a0cd9cf0e2a6bd?quality=85&format=webp,https://www.lovethework.com/work/entries/commuter-camo-769763
Spikes Asia,2026,Social & Creator,social-creator,SHIFTING SHAPES,APPLE,TBWA\INDIA,Social Film,Shortlist,https://ascentialcdn.filespin.io/api/v1/conversion/db4d019fbbe04ae0b22066596c401dd7?quality=85&format=webp,https://www.lovethework.com/work/entries/shifting-shapes-769654
Spikes Asia,2026,Social & Creator,social-creator,THE UNOFFICIAL OFFICIAL SOUND OF F1,STING,LEO,Creator-Led Content Strategy,Shortlist,https://ascentialcdn.filespin.io/api/v1/conversion/fba81765ef6a43fba6ebbabb817da8ef?quality=85&format=webp,https://www.lovethework.com/work/entries/the-unofficial-official-sound-of-f1-771761
Spikes Asia,2026,Social & Creator,social-creator,THE UNOFFICIAL OFFICIAL SOUND OF F1,STING,LEO,Brand Storytelling,Shortlist,https://ascentialcdn.filespin.io/api/v1/conversion/fba81765ef6a43fba6ebbabb817da8ef?quality=85&format=webp,https://www.lovethework.com/work/entries/the-unofficial-official-sound-of-f1-771753
Spikes Asia,2026,Social & Creator,social-creator,THE SCENT THAT GIVES YOU THE SCENE,MITH BANGKOK,WOLF BKK,Social Film,Shortlist,https://ascentialcdn.filespin.io/api/v1/conversion/09bab6bc04a64d17ab5a1dc893fb5eae?quality=85&format=webp,https://www.lovethework.com/work/entries/the-scent-that-gives-you-the-scene-770924
Spikes Asia,2026,Social & Creator,social-creator,HANDFACE OF CHEETOS,CHEETOS,LEO INDONESIA,Breakthrough on a Budget,Shortlist,https://ascentialcdn.filespin.io/api/v1/conversion/54b298c482dc4b33bd2c5d9e17c225a8?quality=85&format=webp,https://www.lovethework.com/work/entries/handface-of-cheetos-771119
Spikes Asia,2026,Social & Creator,social-creator,GAMERS ON DUTY,LENOVO,LEO,Content Placement,Shortlist,https://ascentialcdn.filespin.io/api/v1/conversion/6756b104632a4778a34700b1371cfacf?quality=85&format=webp,https://www.lovethework.com/work/entries/gamers-on-duty-771772
Spikes Asia,2026,Social & Creator,social-creator,THE LAWS OF CRICKET,VICTORIA BITTER,"DROGA5 ANZ, PART OF ACCENTURE SONG",Use of Humour,Submitted,https://ascentialcdn.filespin.io/api/v1/conversion/4b360dd2d97d4af19e11efbe1aa8b783?quality=85&format=webp,https://www.lovethework.com/work/entries/the-laws-of-cricket-773053
Spikes Asia,2026,Social & Creator,social-creator,DIRTY OLD SECRETS,SEASOL INTERNATIONAL,HOWATSON AND COMPANY,Social Film Series,Submitted,https://ascentialcdn.filespin.io/api/v1/conversion/34438d94e88d4a958ec4e0cdb129beb5?quality=85&format=webp,https://www.lovethework.com/work/entries/dirty-old-secrets-771260
Spikes Asia,2026,Social & Creator,social-creator,THE LIFETIME OF GREATNESS PROJECT,TOURISM TROPICAL NORTH QUEENSLAND,SUPERMASSIVE,Market Disruption,Submitted,https://ascentialcdn.filespin.io/api/v1/conversion/fd3ca580874e4943858fef1a95fdc23d?quality=85&format=webp,https://www.lovethework.com/work/entries/the-lifetime-of-greatness-project-771276
Spikes Asia,2026,Social & Creator,social-creator,SC WEALTHNOW,STANDARD CHARTERED,DENTSU CREATIVE,Brand Storytelling,Submitted,https://ascentialcdn.filespin.io/api/v1/conversion/1882b76ad57a4bd985b0fd620118b3f2?quality=85&format=webp,https://www.lovethework.com/work/entries/sc-wealthnow-773106
Spikes Asia,2026,Social & Creator,social-creator,PORTS OF POSSIBILITIES,ADANI GROUP,DENTSU CREATIVE INDIA,Brand Storytelling,Submitted,https://ascentialcdn.filespin.io/api/v1/conversion/4a2dea5d8fc342f3b5a53453b4cfcd3f?quality=85&format=webp,https://www.lovethework.com/work/entries/ports-of-possibilities-771804
Spikes Asia,2026,Social & Creator,social-creator,COMMUTER CAMO,KITKAT,VML,Brand Storytelling,Submitted,https://ascentialcdn.filespin.io/api/v1/conversion/ecb11a720bc94b0eb9a0cd9cf0e2a6bd?quality=85&format=webp,https://www.lovethework.com/work/entries/commuter-camo-769716
Spikes Asia,2026,Social & Creator,social-creator,ADANI - SEVA HI SAADHNA HAI,ADANI GROUP,DENTSU CREATIVE INDIA,Corporate Purpose & Social Responsibility,Submitted,https://ascentialcdn.filespin.io/api/v1/conversion/91c0b3bd90ca4027acdb6c48b2bfd8d5?quality=85&format=webp,https://www.lovethework.com/work/entries/adani-seva-hi-saadhna-hai-771787
Spikes Asia,2026,Social & Creator,social-creator,LOVE GHOSTING,ACCIDENT COMPENSATION CORPORATION (ACC),"NZTA, NZ POLICE, VML",Audience Targeting/Engagement Strategies,Submitted,https://ascentialcdn.filespin.io/api/v1/conversion/a02c33a87d304d9191416143ef13ff47?quality=85&format=webp,https://www.lovethework.com/work/entries/love-ghosting-772854
Spikes Asia,2026,Social & Creator,social-creator,ASSEMBLE,STRESSTABS,GIGIL,Social Film,Submitted,https://ascentialcdn.filespin.io/api/v1/storyboard/df271a313585415eb1518169fb504b56/storyboard_000008.jpg?quality=85&format=webp,https://www.lovethework.com/work/entries/assemble-771345
Spikes Asia,2026,Social & Creator,social-creator,"STOP DRINK, STACK THE DREAM",THAI HEALTH PROMOTION FOUNDATION,DENTSU CREATIVE THAILAND,Co-Creation & User Generated Content,Submitted,https://ascentialcdn.filespin.io/api/v1/storyboard/14830946703e4dd78fb4d28da7143491/storyboard_000008.jpg?quality=85&format=webp,https://www.lovethework.com/work/entries/stop-drink-stack-the-dream-772857
Spikes Asia,2026,Social & Creator,social-creator,THE SCENT THAT GIVES YOU THE SCENE,MITH BANGKOK,WOLF BKK,Brand Storytelling,Submitted,https://ascentialcdn.filespin.io/api/v1/conversion/09bab6bc04a64d17ab5a1dc893fb5eae?quality=85&format=webp,https://www.lovethework.com/work/entries/the-scent-that-gives-you-the-scene-770975
Spikes Asia,2026,Social & Creator,social-creator,THE GREAT IN-GAME WEDDING,BATTLEGROUND MOBILE INDIA,22FEET TRIBAL WORLDWIDE,Social Film,Submitted,https://ascentialcdn.filespin.io/api/v1/conversion/66627bfaf8fb4262b3183c414604c7a0?quality=85&format=webp,https://www.lovethework.com/work/entries/the-great-in-game-wedding-773107
Spikes Asia,2026,Social & Creator,social-creator,FROM MARINA BAY TO THE MOON WITH COLDPLAY,SINGAPORE TOURISM BOARD,WARNER MUSIC ASIA,"Travel, Leisure, Retail, Restaurants & Fast Food Chains",Submitted,https://ascentialcdn.filespin.io/api/v1/conversion/c650f9442f394526851ee1f8550721bd?quality=85&format=webp,https://www.lovethework.com/work/entries/from-marina-bay-to-the-moon-with-coldplay-769659
Spikes Asia,2026,Social & Creator,social-creator,KLOOK GO WILD WITH TRAVEL,KLOOK,GREY,Single-market Campaign,Submitted,https://ascentialcdn.filespin.io/api/v1/conversion/89e4bfeaecb14b71aa36ebe8f95090e3?quality=85&format=webp,https://www.lovethework.com/work/entries/klook-go-wild-with-travel-770670
Spikes Asia,2026,Social & Creator,social-creator,FOOD MAP MALAYSIA,REDBUS INDIA PRIVATE LIMITED,REDBUS,Creator-Led Content Strategy,Submitted,https://ascentialcdn.filespin.io/api/v1/conversion/8296239ade6647eeb60880bf01ac5724?quality=85&format=webp,https://www.lovethework.com/work/entries/food-map-malaysia-770878
Spikes Asia,2026,Social & Creator,social-creator,FLAKY MATES,BEAM,"DROGA5 ANZ, PART OF ACCENTURE SONG",Sponsorship & Brand Partnership,Submitted,https://ascentialcdn.filespin.io/api/v1/conversion/b96ce7891bbc49518ac15567ac0e0fd3?quality=85&format=webp,https://www.lovethework.com/work/entries/flaky-mates-773051
Spikes Asia,2026,Social & Creator,social-creator,MAKEUP. THE ULTIMATE JUJUTSU.,KANEBO,KANEBO,Consumer Goods,Submitted,https://ascentialcdn.filespin.io/api/v1/conversion/2bd667b90d5745b9be95178b2edcb0df?quality=85&format=webp,https://www.lovethework.com/work/entries/makeup-the-ultimate-jujutsu-770419
Spikes Asia,2026,Social & Creator,social-creator,BASSI VS GARNIER MEN FACEWASH,GARNIER MEN,BBH INDIA,Use of Humour,Submitted,https://ascentialcdn.filespin.io/api/v1/storyboard/ce5d09073a3e4ec39491ee14e78f765f/storyboard_000008.jpg?quality=85&format=webp,https://www.lovethework.com/work/entries/bassi-vs-garnier-men-facewash-771836
Spikes Asia,2026,Social & Creator,social-creator,HILTON HUSTLE WITHOUT HASSLE,HILTON HOTELS,TBWA\SINGAPORE,Social Film,Submitted,https://ascentialcdn.filespin.io/api/v1/conversion/54376e72edaa4804856306709d36de2b?quality=85&format=webp,https://www.lovethework.com/work/entries/hilton-hustle-without-hassle-773013
Spikes Asia,2026,Social & Creator,social-creator,SAVE THE MUSIC,APPLE,TBWA,Creator Collaboration,Submitted,https://ascentialcdn.filespin.io/api/v1/conversion/8b18a92f3e894848bc921e1b6c4dfb7f?quality=85&format=webp,https://www.lovethework.com/work/entries/save-the-music-769727
Spikes Asia,2026,Social & Creator,social-creator,UNIQLO HEATTECH EARLY RISERS VIDEO SERIES,UNIQLO,1000HEADS,Social Film Series,Submitted,https://ascentialcdn.filespin.io/api/v1/storyboard/668bdfa133684dbe866d8acde3c572f6/storyboard_000008.jpg?quality=85&format=webp,https://www.lovethework.com/work/entries/uniqlo-heattech-early-risers-video-series-771105
Spikes Asia,2026,Social & Creator,social-creator,FLUENT IN SUBARU,SUBARU,"FROG, PART OF CAPGEMINI INVENT",Single-market Campaign,Submitted,https://ascentialcdn.filespin.io/api/v1/conversion/89fd79e1b447464d8692a3a82f2768e2?quality=85&format=webp,https://www.lovethework.com/work/entries/fluent-in-subaru-771067
Spikes Asia,2026,Social & Creator,social-creator,FLUENT IN SUBARU,SUBARU,"FROG, PART OF CAPGEMINI INVENT",Market Disruption,Submitted,https://ascentialcdn.filespin.io/api/v1/conversion/89fd79e1b447464d8692a3a82f2768e2?quality=85&format=webp,https://www.lovethework.com/work/entries/fluent-in-subaru-771090
Spikes Asia,2026,Social & Creator,social-creator,5-STAR EATS,GRAB,GIGIL,Creator Collaboration,Submitted,https://ascentialcdn.filespin.io/api/v1/conversion/8579a05024404136a89be21bd4941f20?quality=85&format=webp,https://www.lovethework.com/work/entries/5-star-eats-771834
Spikes Asia,2026,Social & Creator,social-creator,DARI MATA KITA,CELCOMDIGI,GROWTHOPS MALAYSIA,Creator Collaboration,Submitted,https://ascentialcdn.filespin.io/api/v1/conversion/270004e33d8a4ad39d92610c9aa9953b?quality=85&format=webp,https://www.lovethework.com/work/entries/dari-mata-kita-771323
Spikes Asia,2026,Social & Creator,social-creator,HOMEBODY INTERVENTION COMMITTEE,UBER,SPECIAL,Creator Collaboration,Submitted,https://ascentialcdn.filespin.io/api/v1/conversion/1effa4bd87054ba58507322bda3ba0d3?quality=85&format=webp,https://www.lovethework.com/work/entries/homebody-intervention-committee-770919
Spikes Asia,2026,Social & Creator,social-creator,BRAINCHARGE - THE ANTI BRAINROT CAMPAIGN,SIMPATI,HAKUHODO INTERNATIONAL INDONESIA,Creator Collaboration,Submitted,https://ascentialcdn.filespin.io/api/v1/conversion/b6532fa191654207860795c30a16cfc1?quality=85&format=webp,https://www.lovethework.com/work/entries/braincharge-the-anti-brainrot-campaign-769639
Spikes Asia,2026,Social & Creator,social-creator,COMMUTER CAMO,KITKAT,VML,Cultural Engagement,Submitted,https://ascentialcdn.filespin.io/api/v1/conversion/ecb11a720bc94b0eb9a0cd9cf0e2a6bd?quality=85&format=webp,https://www.lovethework.com/work/entries/commuter-camo-769657
Spikes Asia,2026,Social & Creator,social-creator,GARNIER SUPER UV WITH TIKTOK OUT OF PHONE,GARNIER L'OREAL,DIVE BILLBOARDS,Creator Cross-Channel Storytelling,Submitted,https://ascentialcdn.filespin.io/api/v1/conversion/d875b4297ac44a1b90b44fb8f952f612?quality=85&format=webp,https://www.lovethework.com/work/entries/garnier-super-uv-with-tiktok-out-of-phone-771450
Spikes Asia,2026,Social & Creator,social-creator,THE UNFLUENCER,KFC THAILAND,PUBLICIS THAILAND,"Travel, Leisure, Retail, Restaurants & Fast Food Chains",Submitted,https://ascentialcdn.filespin.io/api/v1/conversion/abc89b2db8524a4485e069f505acff8b?quality=85&format=webp,https://www.lovethework.com/work/entries/the-unfluencer-772853
Spikes Asia,2026,Social & Creator,social-creator,"CHIZZALULU CHIZZALALA, THE EDIBLE BRAINROT",KFC,BRILLIANT & MILLION,Social Behaviour,Submitted,https://ascentialcdn.filespin.io/api/v1/storyboard/44fabfa38809492f964ec1bf3ae48389/storyboard_000008.jpg?quality=85&format=webp,https://www.lovethework.com/work/entries/chizzalulu-chizzalala-the-edible-brainrot-769610
Spikes Asia,2026,Social & Creator,social-creator,PATTYLIZ FOR PARTYLISTS,DEMOCRATIC INSIGHTS GROUP (DIG),DENTSU CREATIVE,Social Purpose,Submitted,https://ascentialcdn.filespin.io/api/v1/conversion/29293f812f02439fbb8e1ac153351cf0?quality=85&format=webp,https://www.lovethework.com/work/entries/pattyliz-for-partylists-772858
Spikes Asia,2026,Social & Creator,social-creator,CAN'T DO THAT IF YOU'RE DRIVING,UBER,SPECIAL,Creator Collaboration,Submitted,https://ascentialcdn.filespin.io/api/v1/conversion/44da82c7915d41e0b9e5733ceb0e24ff?quality=85&format=webp,https://www.lovethework.com/work/entries/cant-do-that-if-youre-driving-770779
Spikes Asia,2026,Social & Creator,social-creator,SAFETYNOVELA,PHILIPPINE AIRLINES,BBDO GUERRERO,Social Behaviour,Submitted,https://ascentialcdn.filespin.io/api/v1/storyboard/58eb91d34e8a44b5814c50a8d5cf05bc/storyboard_000008.jpg?quality=85&format=webp,https://www.lovethework.com/work/entries/safetynovela-773052
Spikes Asia,2026,Social & Creator,social-creator,UNCOVERED,SAMSUNG,CLEMENGER BBDO,Social Behaviour,Submitted,https://ascentialcdn.filespin.io/api/v1/conversion/048468b3b3f24009bba6383b7c667f06?quality=85&format=webp,https://www.lovethework.com/work/entries/uncovered-772242
Spikes Asia,2026,Social & Creator,social-creator,HEY BRO!,OPPO,OPPO,Consumer Goods,Submitted,https://ascentialcdn.filespin.io/api/v1/conversion/46773f06c62e44d092452a0ab266135e?quality=85&format=webp,https://www.lovethework.com/work/entries/hey-bro-772851
Spikes Asia,2026,Social & Creator,social-creator,COMMUTER CAMO,KITKAT,VML,Consumer Goods,Submitted,https://ascentialcdn.filespin.io/api/v1/conversion/ecb11a720bc94b0eb9a0cd9cf0e2a6bd?quality=85&format=webp,https://www.lovethework.com/work/entries/commuter-camo-772852
Spikes Asia,2026,Social & Creator,social-creator,LUX MY LIKE FIRST,LUX,VML,Social Behaviour,Submitted,https://ascentialcdn.filespin.io/api/v1/conversion/e0bc74853deb403e85ba478f98661636?quality=85&format=webp,https://www.lovethework.com/work/entries/lux-my-like-first-769616
Spikes Asia,2026,Social & Creator,social-creator,FLUENT IN SUBARU,SUBARU,"FROG, PART OF CAPGEMINI INVENT",Consumer Goods,Submitted,https://ascentialcdn.filespin.io/api/v1/conversion/89fd79e1b447464d8692a3a82f2768e2?quality=85&format=webp,https://www.lovethework.com/work/entries/fluent-in-subaru-771082
Spikes Asia,2026,Social & Creator,social-creator,MAERSK SHIPHAPPENS,MAERSK LOGISTICS,MAERSK LOGISTICS ASIA,Consumer Services/Business to Business,Submitted,https://ascentialcdn.filespin.io/api/v1/conversion/f3a8f9ffc6c44519993d27dabd1ca1ba?quality=85&format=webp,https://www.lovethework.com/work/entries/maersk-shiphappens-770527
Spikes Asia,2026,Social & Creator,social-creator,HONG KONG NEVER NORMAL,PROJECT CONSORTIUM,TBWA HONG KONG,Creator Collaboration,Submitted,https://ascentialcdn.filespin.io/api/v1/conversion/2899c585241645599c6780695df4558f?quality=85&format=webp,https://www.lovethework.com/work/entries/hong-kong-never-normal-772335
Spikes Asia,2026,Social & Creator,social-creator,THE GREAT IN-GAME WEDDING,BATTLEGROUND MOBILE INDIA,22FEET TRIBAL WORLDWIDE,Innovative Engagement of Community,Submitted,https://ascentialcdn.filespin.io/api/v1/conversion/66627bfaf8fb4262b3183c414604c7a0?quality=85&format=webp,https://www.lovethework.com/work/entries/the-great-in-game-wedding-771151
Spikes Asia,2026,Social & Creator,social-creator,KLOOK GO WILD WITH TRAVEL,KLOOK,GREY,Use of Humour,Submitted,https://ascentialcdn.filespin.io/api/v1/conversion/89e4bfeaecb14b71aa36ebe8f95090e3?quality=85&format=webp,https://www.lovethework.com/work/entries/klook-go-wild-with-travel-770575
Spikes Asia,2026,Social & Creator,social-creator,KLOOK GO WILD WITH TRAVEL,KLOOK,GREY,Social Film Series,Submitted,https://ascentialcdn.filespin.io/api/v1/storyboard/6359491c26814b4e96306849d5b81e33/storyboard_000008.jpg?quality=85&format=webp,https://www.lovethework.com/work/entries/klook-go-wild-with-travel-770658
Spikes Asia,2026,Social & Creator,social-creator,FLUENT IN SUBARU,SUBARU,"FROG, PART OF CAPGEMINI INVENT",Audience Targeting/Engagement Strategies,Submitted,https://ascentialcdn.filespin.io/api/v1/conversion/89fd79e1b447464d8692a3a82f2768e2?quality=85&format=webp,https://www.lovethework.com/work/entries/fluent-in-subaru-771044
Spikes Asia,2026,Social & Creator,social-creator,HOMEBODY INTERVENTION COMMITTEE,UBER,SPECIAL,Single-market Campaign,Submitted,https://ascentialcdn.filespin.io/api/v1/conversion/1effa4bd87054ba58507322bda3ba0d3?quality=85&format=webp,https://www.lovethework.com/work/entries/homebody-intervention-committee-770956
Spikes Asia,2026,Social & Creator,social-creator,HEY BRO!,OPPO,OPPO,Challenger Brand,Submitted,https://ascentialcdn.filespin.io/api/v1/conversion/46773f06c62e44d092452a0ab266135e?quality=85&format=webp,https://www.lovethework.com/work/entries/hey-bro-769740
Spikes Asia,2026,Social & Creator,social-creator,LOVE GHOSTING,ACCIDENT COMPENSATION CORPORATION (ACC),"NZTA, NZ POLICE, VML",Not-for-profit / Charity / Government,Submitted,https://ascentialcdn.filespin.io/api/v1/conversion/a02c33a87d304d9191416143ef13ff47?quality=85&format=webp,https://www.lovethework.com/work/entries/love-ghosting-769672
Spikes Asia,2026,Social & Creator,social-creator,SHIFTING SHAPES,APPLE,TBWA\INDIA,Brand Storytelling,Submitted,https://ascentialcdn.filespin.io/api/v1/conversion/c29f68202b6541a48e50f8d074c2b337?quality=85&format=webp,https://www.lovethework.com/work/entries/shifting-shapes-769710
Spikes Asia,2026,Social & Creator,social-creator,FLUENT IN SUBARU,SUBARU,"FROG, PART OF CAPGEMINI INVENT",Social Behaviour,Submitted,https://ascentialcdn.filespin.io/api/v1/conversion/89fd79e1b447464d8692a3a82f2768e2?quality=85&format=webp,https://www.lovethework.com/work/entries/fluent-in-subaru-771076
Spikes Asia,2026,Social & Creator,social-creator,DIRTY OLD SECRETS,SEASOL INTERNATIONAL,HOWATSON AND COMPANY,Use of Humour,Submitted,https://ascentialcdn.filespin.io/api/v1/conversion/545bf47b6c0849058d58f497d035b5d8?quality=85&format=webp,https://www.lovethework.com/work/entries/dirty-old-secrets-771268
Spikes Asia,2026,Social & Creator,social-creator,THE CHANT OF THE NATION,MILO PHILIPPINES,OGILVY MANILA,Co-Creation & User Generated Content,Submitted,https://ascentialcdn.filespin.io/api/v1/storyboard/4f18389ff64d4354a5100ee17da4a52a/storyboard_000008.jpg?quality=85&format=webp,https://www.lovethework.com/work/entries/the-chant-of-the-nation-771348
Spikes Asia,2026,Social & Creator,social-creator,MAKEUP. THE ULTIMATE JUJUTSU.,KANEBO,KANEBO,Cultural Engagement,Submitted,https://ascentialcdn.filespin.io/api/v1/conversion/2bd667b90d5745b9be95178b2edcb0df?quality=85&format=webp,https://www.lovethework.com/work/entries/makeup-the-ultimate-jujutsu-770435
Spikes Asia,2026,Social & Creator,social-creator,BRAINCHARGE - THE ANTI BRAINROT CAMPAIGN,SIMPATI,HAKUHODO INTERNATIONAL INDONESIA,Corporate Purpose & Social Responsibility,Submitted,https://ascentialcdn.filespin.io/api/v1/conversion/330690efecaf4fb5b4d4aa4953d9ec4c?quality=85&format=webp,https://www.lovethework.com/work/entries/braincharge-the-anti-brainrot-campaign-769636
Spikes Asia,2026,Social & Creator,social-creator,SNOWMAN,PALAWANPAY,GIGIL,Social Film Series,Submitted,https://ascentialcdn.filespin.io/api/v1/storyboard/35d7c6b74f6c4d13aacfe5022b074510/storyboard_000008.jpg?quality=85&format=webp,https://www.lovethework.com/work/entries/snowman-771850
Spikes Asia,2026,Social & Creator,social-creator,PHILIPS ROTARY SHAVING TAKES ON GT7,PHILIPS,OMD,Consumer Goods,Submitted,https://ascentialcdn.filespin.io/api/v1/conversion/d231e0681e1c46c09b24eed9ff4f5800?quality=85&format=webp,https://www.lovethework.com/work/entries/philips-rotary-shaving-takes-on-gt7-772248
Spikes Asia,2026,Social & Creator,social-creator,SOCIAL & CREATOR: C.01. ORGANIC REACH & INFLUENCE,AIRASIA,THAI AIRASIA,Audience Targeting/Engagement Strategies,Submitted,https://ascentialcdn.filespin.io/api/v1/conversion/9bf7503789a04595805bc92adbae10cc?quality=85&format=webp,https://www.lovethework.com/work/entries/social-creator-c01-organic-reach-influence-769690
Spikes Asia,2026,Social & Creator,social-creator,SANJEEVANI: UNITED AGAINST CANCER,FEDERAL BANK HORMIS MEMORIAL FOUNDATION,NETWORK18 MEDIA & INVESTMENTS,Corporate Purpose & Social Responsibility,Submitted,https://ascentialcdn.filespin.io/api/v1/conversion/2bbb84050d9a470eb45c366aa1735edc?quality=85&format=webp,https://www.lovethework.com/work/entries/sanjeevani-united-against-cancer-771127
Spikes Asia,2026,Social & Creator,social-creator,ABI MARQUEZ X GORDON RAMSAY,ABI MARQUEZ,ABI MARQUEZ,Excellence in Craft,Submitted,https://ascentialcdn.filespin.io/api/v1/conversion/5e17bb159f0c48da9447653c90d54a1a?quality=85&format=webp,https://www.lovethework.com/work/entries/abi-marquez-x-gordon-ramsay-771162
Spikes Asia,2026,Social & Creator,social-creator,MAKEUP. THE ULTIMATE JUJUTSU.,KANEBO,KANEBO,Community Management,Submitted,https://ascentialcdn.filespin.io/api/v1/conversion/2bd667b90d5745b9be95178b2edcb0df?quality=85&format=webp,https://www.lovethework.com/work/entries/makeup-the-ultimate-jujutsu-770428
Spikes Asia,2026,Social & Creator,social-creator,MISS EATIE,MCDONALD’S,GEEK PICTURES,Social Film Series,Submitted,https://ascentialcdn.filespin.io/api/v1/conversion/a97ee1a79f784a90be7f02bb6c614e51?quality=85&format=webp,https://www.lovethework.com/work/entries/miss-eatie-770789
Spikes Asia,2026,Social & Creator,social-creator,THE HAND-CHECKED BUCKET,KFC THAILAND,BRILLIANT & MILLION,Sponsorship & Brand Partnership,Submitted,https://ascentialcdn.filespin.io/api/v1/conversion/71e76db84ca94a1bb169efe2bdbccb43?quality=85&format=webp,https://www.lovethework.com/work/entries/the-hand-checked-bucket-769733
Spikes Asia,2026,Social & Creator,social-creator,COMMUTER CAMO,KITKAT,VML,Single-market Campaign,Submitted,https://ascentialcdn.filespin.io/api/v1/conversion/ecb11a720bc94b0eb9a0cd9cf0e2a6bd?quality=85&format=webp,https://www.lovethework.com/work/entries/commuter-camo-769759
Spikes Asia,2026,Social & Creator,social-creator,THE GREAT IN-GAME WEDDING,BATTLEGROUND MOBILE INDIA,22FEET TRIBAL WORLDWIDE,Cultural Engagement,Submitted,https://ascentialcdn.filespin.io/api/v1/conversion/66627bfaf8fb4262b3183c414604c7a0?quality=85&format=webp,https://www.lovethework.com/work/entries/the-great-in-game-wedding-771133
Spikes Asia,2026,Social & Creator,social-creator,HONG KONG NEVER NORMAL,PROJECT CONSORTIUM,TBWA HONG KONG,Sponsorship & Brand Partnership,Submitted,https://ascentialcdn.filespin.io/api/v1/conversion/26f27ce9681f4aa3b5ced55855875fe3?quality=85&format=webp,https://www.lovethework.com/work/entries/hong-kong-never-normal-772328
Spikes Asia,2026,Social & Creator,social-creator,LUCKY ME! TICNAP NOTNAC,LUCKY ME!,TREYNA,Breakthrough on a Budget,Submitted,https://ascentialcdn.filespin.io/api/v1/conversion/24e1a5a4dac14e808a8718593b0bd61e?quality=85&format=webp,https://www.lovethework.com/work/entries/lucky-me-ticnap-notnac-772860
Spikes Asia,2026,Social & Creator,social-creator,RADIO OPTIMISM: THE 24/7 DEDICATION STATION,LG,HSAD,Multi-Platform Social Campaign,Submitted,https://ascentialcdn.filespin.io/api/v1/conversion/70a64fffcc0f4158980391481a01ff33?quality=85&format=webp,https://www.lovethework.com/work/entries/radio-optimism-the-247-dedication-station-769713
Spikes Asia,2026,Social & Creator,social-creator,COOL,OROCAN PLASTICS,GIGIL,Social Film,Submitted,https://ascentialcdn.filespin.io/api/v1/conversion/2f485995a74840539688c569a9698bdd?quality=85&format=webp,https://www.lovethework.com/work/entries/cool-771357
Spikes Asia,2026,Social & Creator,social-creator,HEY BRO!,OPPO,OPPO,Social Film,Submitted,https://ascentialcdn.filespin.io/api/v1/conversion/46773f06c62e44d092452a0ab266135e?quality=85&format=webp,https://www.lovethework.com/work/entries/hey-bro-769668
Spikes Asia,2026,Social & Creator,social-creator,UNFREEZE MY RIGHTS,WOMEN EMPOWERMENT OFFICE,"CWO X AWAKENING FOUNDATION , DENTSU CREATIVE TAIWAN",Not-for-profit / Charity / Government,Submitted,https://ascentialcdn.filespin.io/api/v1/conversion/a333bb30d91d4e70a91ff94f670b2005?quality=85&format=webp,https://www.lovethework.com/work/entries/unfreeze-my-rights-772314
Spikes Asia,2026,Social & Creator,social-creator,BRINGING KOALA EARS BACK TO AUSSIE BEACHES,BILLIE,ELEVEN,Use of Humour,Submitted,https://ascentialcdn.filespin.io/api/v1/conversion/7e196f4a56d94e8883cef5dcc3e7d525?quality=85&format=webp,https://www.lovethework.com/work/entries/bringing-koala-ears-back-to-aussie-beaches-770962
Spikes Asia,2026,Social & Creator,social-creator,COME AND SAY G'DAY,TOURISM AUSTRALIA,"DROGA5 ANZ, PART OF ACCENTURE SONG",Audience Targeting/Engagement Strategies,Submitted,https://ascentialcdn.filespin.io/api/v1/conversion/9e9ba79be4ef4feaa4afbd1bc184754d?quality=85&format=webp,https://www.lovethework.com/work/entries/come-and-say-gday-770757
Spikes Asia,2026,Social & Creator,social-creator,ABI MARQUEZ X GORDON RAMSAY,ABI MARQUEZ,ABI MARQUEZ,Creator Collaboration,Submitted,https://ascentialcdn.filespin.io/api/v1/conversion/c5251219881542a7a606be1aa25af2df?quality=85&format=webp,https://www.lovethework.com/work/entries/abi-marquez-x-gordon-ramsay-771156
Spikes Asia,2026,Social & Creator,social-creator,POCKY PHILIPPINES “POCKY SABI”,POCKY PHILIPPINES,DENTSU CREATIVE,Cultural Engagement,Submitted,https://ascentialcdn.filespin.io/api/v1/conversion/a78efa5c94314a17b3b86e545e7c2026?quality=85&format=webp,https://www.lovethework.com/work/entries/pocky-philippines-pocky-sabi-769644
Spikes Asia,2026,Social & Creator,social-creator,UNCOVERED,SAMSUNG,CLEMENGER BBDO,Co-Creation & User Generated Content,Submitted,https://ascentialcdn.filespin.io/api/v1/storyboard/5a4cc0e382004081841f555fa4459343/storyboard_000008.jpg?quality=85&format=webp,https://www.lovethework.com/work/entries/uncovered-772253
Spikes Asia,2026,Social & Creator,social-creator,MARKETING UNFILTERED WITH AUNTY M,GOOGLE,THE CARROT COLLECTIVE,Social Film Series,Submitted,https://ascentialcdn.filespin.io/api/v1/storyboard/03af8642baa84a4393867d1725024b72/storyboard_000008.jpg?quality=85&format=webp,https://www.lovethework.com/work/entries/marketing-unfiltered-with-aunty-m-770940
Spikes Asia,2026,Social & Creator,social-creator,THE BLOODY TRUTH SQUAD,BLOOD,PS LOVE,Challenger Brand,Submitted,https://ascentialcdn.filespin.io/api/v1/conversion/055c284f518e43d7bc6554c0811b9ffa?quality=85&format=webp,https://www.lovethework.com/work/entries/the-bloody-truth-squad-772859
Spikes Asia,2026,Social & Creator,social-creator,PROJECT: MEMORY CARD,PLAYSTATION,SIX INC,Co-Creation & User Generated Content,Submitted,https://ascentialcdn.filespin.io/api/v1/storyboard/7f0313210dc446418d5af5cdcaffe232/storyboard_000008.jpg?quality=85&format=webp,https://www.lovethework.com/work/entries/project-memory-card-769705
Spikes Asia,2026,Social & Creator,social-creator,THE ITCHY MONSTER - CLEAR THAILAND,CLEAR,DUDE DIGITAL,Creator Cross-Channel Storytelling,Submitted,https://ascentialcdn.filespin.io/api/v1/conversion/ce20add0f01448d591e700f8015dbddf?quality=85&format=webp,https://www.lovethework.com/work/entries/the-itchy-monster-clear-thailand-772855
Spikes Asia,2026,Social & Creator,social-creator,COME AND SAY G'DAY,TOURISM AUSTRALIA,"DROGA5 ANZ, PART OF ACCENTURE SONG",Creator Cross-Channel Storytelling,Submitted,https://ascentialcdn.filespin.io/api/v1/conversion/9e9ba79be4ef4feaa4afbd1bc184754d?quality=85&format=webp,https://www.lovethework.com/work/entries/come-and-say-gday-770768
Spikes Asia,2026,Social & Creator,social-creator,BRINGING KOALA EARS BACK TO AUSSIE BEACHES,BILLIE,ELEVEN,Market Disruption,Submitted,https://ascentialcdn.filespin.io/api/v1/conversion/7e196f4a56d94e8883cef5dcc3e7d525?quality=85&format=webp,https://www.lovethework.com/work/entries/bringing-koala-ears-back-to-aussie-beaches-770971
Spikes Asia,2026,Social & Creator,social-creator,DIRTY OLD SECRETS,SEASOL INTERNATIONAL,HOWATSON AND COMPANY,Excellence in Craft,Submitted,https://ascentialcdn.filespin.io/api/v1/conversion/7e539505355b4b36968272a924f3d6ad?quality=85&format=webp,https://www.lovethework.com/work/entries/dirty-old-secrets-771256
Spikes Asia,2026,Social & Creator,social-creator,CATHAY PRESENTS: THE MICHELIN MULTIVERSE,CATHAY GROUP,VAYNERMEDIA ASIA PACIFIC,Creator Collaboration,Submitted,https://ascentialcdn.filespin.io/api/v1/conversion/538c3f890e334054a90585e3f7437918?quality=85&format=webp,https://www.lovethework.com/work/entries/cathay-presents-the-michelin-multiverse-769736
Spikes Asia,2026,Social & Creator,social-creator,UNCOVERED,SAMSUNG,CLEMENGER BBDO,Single-market Campaign,Submitted,https://ascentialcdn.filespin.io/api/v1/conversion/048468b3b3f24009bba6383b7c667f06?quality=85&format=webp,https://www.lovethework.com/work/entries/uncovered-772239
Spikes Asia,2026,Social & Creator,social-creator,HILTON HUSTLE WITHOUT HASSLE,HILTON HOTELS,TBWA\SINGAPORE,Single-market Campaign,Submitted,https://ascentialcdn.filespin.io/api/v1/conversion/503ad9b2285b4b318e9e3c6d32e7ebe5?quality=85&format=webp,https://www.lovethework.com/work/entries/hilton-hustle-without-hassle-770667
Spikes Asia,2026,Social & Creator,social-creator,POCKY PHILIPPINES “POCKY SABI”,POCKY PHILIPPINES,DENTSU CREATIVE,Audience Targeting/Engagement Strategies,Submitted,https://ascentialcdn.filespin.io/api/v1/conversion/a78efa5c94314a17b3b86e545e7c2026?quality=85&format=webp,https://www.lovethework.com/work/entries/pocky-philippines-pocky-sabi-769679
Spikes Asia,2026,Social & Creator,social-creator,HOUSE OF DANCING WATER PREMIERE,CITY OF DREAMS,CITY OF DREAMS,Multi-Platform Social Campaign,Submitted,https://ascentialcdn.filespin.io/api/v1/conversion/a1af7bc3284648a9a335d7cf2cbca9f3?quality=85&format=webp,https://www.lovethework.com/work/entries/house-of-dancing-water-premiere-769723
Spikes Asia,2026,Social & Creator,social-creator,VASELINE HUH?,VASELINE,BRILLIANT & MILLION,Real-time Response,Submitted,https://ascentialcdn.filespin.io/api/v1/conversion/2c5e13bbfd7c4ac0944a69d0ca10f586?quality=85&format=webp,https://www.lovethework.com/work/entries/vaseline-huh-769702
Spikes Asia,2026,Social & Creator,social-creator,SAVE THE MUSIC,APPLE,TBWA,Single-market Campaign,Submitted,https://ascentialcdn.filespin.io/api/v1/conversion/408005f43aa3456296fcafa930bb7d7d?quality=85&format=webp,https://www.lovethework.com/work/entries/save-the-music-769752
Spikes Asia,2026,Social & Creator,social-creator,"STOP DRINK, STACK THE DREAM",THAI HEALTH PROMOTION FOUNDATION,DENTSU CREATIVE THAILAND,Media/Entertainment,Submitted,https://ascentialcdn.filespin.io/api/v1/conversion/7fe045ee95b0473f8e650a8a5e9c1a2f?quality=85&format=webp,https://www.lovethework.com/work/entries/stop-drink-stack-the-dream-769665
Spikes Asia,2026,Social & Creator,social-creator,#FIXTHEPHILIPPINES,MOVE AS ONE COALITION,TBWA\SMP,Social Purpose,Submitted,https://ascentialcdn.filespin.io/api/v1/conversion/4df785a6e36e44f8b715e8884d5695f3?quality=85&format=webp,https://www.lovethework.com/work/entries/fixthephilippines-773108
Spikes Asia,2026,Social & Creator,social-creator,FLAKY MATES,BEAM,"DROGA5 ANZ, PART OF ACCENTURE SONG",Creator Collaboration,Submitted,https://ascentialcdn.filespin.io/api/v1/conversion/b96ce7891bbc49518ac15567ac0e0fd3?quality=85&format=webp,https://www.lovethework.com/work/entries/flaky-mates-770775
Spikes Asia,2026,Social & Creator,social-creator,THE UNELEGANT TRAILER,185 FILMS,NONTHAPAT CHOLAVIT,Creator Collaboration,Submitted,https://ascentialcdn.filespin.io/api/v1/conversion/b96cac61f648496c895e9d4d65aacadd?quality=85&format=webp,https://www.lovethework.com/work/entries/the-unelegant-trailer-769629
Spikes Asia,2026,Social & Creator,social-creator,SHORYO-UMA PARADE,ENEOS POWER,TOKYU AGENCY,Social Film,Submitted,https://ascentialcdn.filespin.io/api/v1/conversion/aff66e93f3544e75b5a6dfaf70cba152?quality=85&format=webp,https://www.lovethework.com/work/entries/shoryo-uma-parade-769674
Spikes Asia,2026,Social & Creator,social-creator,UNCOVERED,SAMSUNG,CLEMENGER BBDO,Sponsorship & Brand Partnership,Submitted,https://ascentialcdn.filespin.io/api/v1/conversion/048468b3b3f24009bba6383b7c667f06?quality=85&format=webp,https://www.lovethework.com/work/entries/uncovered-772237
Spikes Asia,2026,Social & Creator,social-creator,PROJECT: MEMORY CARD,PLAYSTATION,SIX INC,Creator Collaboration,Submitted,https://ascentialcdn.filespin.io/api/v1/conversion/6312abc2db2a4a51bb82561a30b7fae8?quality=85&format=webp,https://www.lovethework.com/work/entries/project-memory-card-769622
Spikes Asia,2026,Social & Creator,social-creator,HILTON HUSTLE WITHOUT HASSLE,HILTON HOTELS,TBWA\SINGAPORE,Social Behaviour,Submitted,https://ascentialcdn.filespin.io/api/v1/conversion/23bbdccd9be444f9ba51459e8bf2d2d6?quality=85&format=webp,https://www.lovethework.com/work/entries/hilton-hustle-without-hassle-773014
Spikes Asia,2026,Social & Creator,social-creator,FROM MARINA BAY TO THE MOON WITH COLDPLAY,SINGAPORE TOURISM BOARD,WARNER MUSIC ASIA,Creator Collaboration,Submitted,https://ascentialcdn.filespin.io/api/v1/conversion/fa3580fa2c194538a4a88e4e4ea9b3f3?quality=85&format=webp,https://www.lovethework.com/work/entries/from-marina-bay-to-the-moon-with-coldplay-769613
Spikes Asia,2026,Social & Creator,social-creator,DARI MATA KITA,CELCOMDIGI,GROWTHOPS MALAYSIA,Brand Storytelling,Submitted,https://ascentialcdn.filespin.io/api/v1/conversion/270004e33d8a4ad39d92610c9aa9953b?quality=85&format=webp,https://www.lovethework.com/work/entries/dari-mata-kita-771317
