Festival,Year,Track,Title,Brand,Agency,Award,Board image,Permalink
Eurobest,2025,AUDIO & RADIO,Burger To King ,A,B,C,https://www.lovethework.com/work/entries/burger-to-king-768008,/awards/eurobest/2025/campaigns/burger-to-king-a-b-2025/
Eurobest,2025,AUDIO & RADIO,Burger To King ,A,B,C,https://www.lovethework.com/work/entries/burger-to-king-767733,/awards/eurobest/2025/campaigns/burger-to-king-a-b-2025-2/
Eurobest,2025,AUDIO & RADIO,The Mozart Drop ,A,B,C,https://www.lovethework.com/work/entries/the-mozart-drop-767921,/awards/eurobest/2025/campaigns/the-mozart-drop-a-b-2025/
Eurobest,2025,AUDIO & RADIO,Harmoniser ,A,B,C,https://ascentialcdn.filespin.io/api/v1/conversion/bd69a0303076425391bbc54c35136f07,/awards/eurobest/2025/campaigns/harmoniser-a-b-2025/
Eurobest,2025,AUDIO & RADIO,Burger To King ,A,B,C,https://www.lovethework.com/work/entries/burger-to-king-767907,/awards/eurobest/2025/campaigns/burger-to-king-a-b-2025-3/
Eurobest,2025,AUDIO & RADIO,Harmoniser ,A,B,C,https://www.lovethework.com/work/entries/harmoniser-767755,/awards/eurobest/2025/campaigns/harmoniser-a-b-2025-2/
Eurobest,2025,AUDIO & RADIO,Air Raid Alarm Clock ,A,B,C,https://www.lovethework.com/work/entries/air-raid-alarm-clock-767949,/awards/eurobest/2025/campaigns/air-raid-alarm-clock-a-b-2025/
Eurobest,2025,AUDIO & RADIO,Harmoniser ,A,B,C,https://ascentialcdn.filespin.io/api/v1/conversion/bd69a0303076425391bbc54c35136f07,/awards/eurobest/2025/campaigns/harmoniser-a-b-2025-3/
Eurobest,2025,AUDIO & RADIO,La Disabilit Lultimo Dei Problemi ,A,B,C,https://www.lovethework.com/work/entries/la-disabilit-lultimo-dei-problemi-769368,/awards/eurobest/2025/campaigns/la-disabilit-lultimo-dei-problemi-a-b-2025/
Eurobest,2025,AUDIO & RADIO,Every Neighbour Got Their Flavour ,A,B,C,https://ascentialcdn.filespin.io/api/v1/conversion/916dbb8929ec4578ac7a83995e057c42,/awards/eurobest/2025/campaigns/every-neighbour-got-their-flavour-a-b-2025/
Eurobest,2025,AUDIO & RADIO,Marketing ,A,B,C,https://ascentialcdn.filespin.io/api/v1/conversion/bd69a0303076425391bbc54c35136f07,/awards/eurobest/2025/campaigns/marketing-a-b-2025/
Eurobest,2025,AUDIO & RADIO,Riding Is The New Driving ,A,B,C,https://www.lovethework.com/work/entries/riding-is-the-new-driving-767918,/awards/eurobest/2025/campaigns/riding-is-the-new-driving-a-b-2025/
Eurobest,2025,AUDIO & RADIO,The Mozart Drop ,A,B,C,https://www.lovethework.com/work/entries/the-mozart-drop-767723,/awards/eurobest/2025/campaigns/the-mozart-drop-a-b-2025-2/
Eurobest,2025,AUDIO & RADIO,Football Lover Fm ,A,B,C,https://www.lovethework.com/work/entries/football-lover-fm-767748,/awards/eurobest/2025/campaigns/football-lover-fm-a-b-2025/
Eurobest,2025,AUDIO & RADIO,Olfactory Symphony ,A,B,C,https://www.lovethework.com/work/entries/olfactory-symphony-767765,/awards/eurobest/2025/campaigns/olfactory-symphony-a-b-2025/
Eurobest,2025,AUDIO & RADIO,Business To Your Ears ,A,B,C,https://www.lovethework.com/work/entries/business-to-your-ears-767915,/awards/eurobest/2025/campaigns/business-to-your-ears-a-b-2025/
Eurobest,2025,AUDIO & RADIO,Every Neighbour Got Their Flavour ,A,B,C,https://ascentialcdn.filespin.io/api/v1/conversion/916dbb8929ec4578ac7a83995e057c42,/awards/eurobest/2025/campaigns/every-neighbour-got-their-flavour-a-b-2025-2/
Eurobest,2025,AUDIO & RADIO,Riding Is The New Driving ,A,B,C,https://www.lovethework.com/work/entries/riding-is-the-new-driving-767987,/awards/eurobest/2025/campaigns/riding-is-the-new-driving-a-b-2025-2/
Eurobest,2025,AUDIO & RADIO,Kia Soundscapes ,A,B,C,https://www.lovethework.com/work/entries/kia-soundscapes-767982,/awards/eurobest/2025/campaigns/kia-soundscapes-a-b-2025/
Eurobest,2025,AUDIO & RADIO,The Mozart Drop ,A,B,C,https://www.lovethework.com/work/entries/the-mozart-drop-767926,/awards/eurobest/2025/campaigns/the-mozart-drop-a-b-2025-3/
Eurobest,2025,AUDIO & RADIO,Kia Soundscapes ,A,B,C,https://www.lovethework.com/work/entries/kia-soundscapes-767901,/awards/eurobest/2025/campaigns/kia-soundscapes-a-b-2025-2/
Eurobest,2025,AUDIO & RADIO,Online The Law Protects This Artwork Better Than It Protects Women ,A,B,C,https://www.lovethework.com/work/entries/online-the-law-protects-this-artwork-better-than-it-protects-women-769419,/awards/eurobest/2025/campaigns/online-the-law-protects-this-artwork-better-than-it-protects-women-a-b-2025/
Eurobest,2025,AUDIO & RADIO,Business To Your Ears ,A,B,C,https://www.lovethework.com/work/entries/business-to-your-ears-767931,/awards/eurobest/2025/campaigns/business-to-your-ears-a-b-2025-2/
Eurobest,2025,AUDIO & RADIO,Sound Of Stigma ,A,B,C,https://www.lovethework.com/work/entries/sound-of-stigma-768017,/awards/eurobest/2025/campaigns/sound-of-stigma-a-b-2025/
Eurobest,2025,AUDIO & RADIO,Football Lover Fm ,A,B,C,https://www.lovethework.com/work/entries/football-lover-fm-768058,/awards/eurobest/2025/campaigns/football-lover-fm-a-b-2025-2/
Eurobest,2025,AUDIO & RADIO,Free The Voices ,A,B,C,https://www.lovethework.com/work/entries/free-the-voices-767780,/awards/eurobest/2025/campaigns/free-the-voices-a-b-2025/
Eurobest,2025,AUDIO & RADIO,Nature Unplugged ,A,B,C,https://www.lovethework.com/work/entries/nature-unplugged-768024,/awards/eurobest/2025/campaigns/nature-unplugged-a-b-2025/
Eurobest,2025,AUDIO & RADIO,Boring ,A,B,C,https://ascentialcdn.filespin.io/api/v1/conversion/bd69a0303076425391bbc54c35136f07,/awards/eurobest/2025/campaigns/boring-a-b-2025/
Eurobest,2025,AUDIO & RADIO,Business To Your Ears ,A,B,C,https://www.lovethework.com/work/entries/business-to-your-ears-767936,/awards/eurobest/2025/campaigns/business-to-your-ears-a-b-2025-3/
Eurobest,2025,AUDIO & RADIO,Kia Soundscapes ,A,B,C,https://www.lovethework.com/work/entries/kia-soundscapes-767718,/awards/eurobest/2025/campaigns/kia-soundscapes-a-b-2025-3/
Eurobest,2025,AUDIO & RADIO,Free The Voices ,A,B,C,https://www.lovethework.com/work/entries/free-the-voices-767772,/awards/eurobest/2025/campaigns/free-the-voices-a-b-2025-2/
Eurobest,2025,AUDIO & RADIO,Olfactory Symphony ,A,B,C,https://www.lovethework.com/work/entries/olfactory-symphony-767967,/awards/eurobest/2025/campaigns/olfactory-symphony-a-b-2025-2/
Eurobest,2025,AUDIO & RADIO,Guao Guao ,A,B,C,https://www.lovethework.com/work/entries/guao-guao-767944,/awards/eurobest/2025/campaigns/guao-guao-a-b-2025/
Eurobest,2025,AUDIO & RADIO,Knock Turn ,A,B,C,https://www.lovethework.com/work/entries/knock-turn-768075,/awards/eurobest/2025/campaigns/knock-turn-a-b-2025/
Eurobest,2025,AUDIO & RADIO,You Know What Hurts Less ,A,B,C,https://www.lovethework.com/work/entries/you-know-what-hurts-less-768043,/awards/eurobest/2025/campaigns/you-know-what-hurts-less-a-b-2025/
Eurobest,2025,AUDIO & RADIO,Online The Law Protects This Artwork Better Than It Protects Women ,A,B,C,https://www.lovethework.com/work/entries/online-the-law-protects-this-artwork-better-than-it-protects-women-769176,/awards/eurobest/2025/campaigns/online-the-law-protects-this-artwork-better-than-it-protects-women-a-b-2025-2/
Eurobest,2025,AUDIO & RADIO,Explicit Content Check ,A,B,C,https://www.lovethework.com/work/entries/explicit-content-check-768034,/awards/eurobest/2025/campaigns/explicit-content-check-a-b-2025/
Eurobest,2025,AUDIO & RADIO,Air Raid Alarm Clock ,A,B,C,https://www.lovethework.com/work/entries/air-raid-alarm-clock-767906,/awards/eurobest/2025/campaigns/air-raid-alarm-clock-a-b-2025-2/
Eurobest,2025,BRAND EXPERIENCE & ACTIVATION,Axa Three Words ,A,B,C,https://www.lovethework.com/work/entries/axa-three-words-769273,/awards/eurobest/2025/campaigns/axa-three-words-a-b-2025/
Eurobest,2025,BRAND EXPERIENCE & ACTIVATION,Axa Three Words ,A,B,C,https://www.lovethework.com/work/entries/axa-three-words-769084,/awards/eurobest/2025/campaigns/axa-three-words-a-b-2025-2/
Eurobest,2025,BRAND EXPERIENCE & ACTIVATION,Hagelchup ,A,B,C,https://ascentialcdn.filespin.io/api/v1/conversion/8e35da4f41d24cfba9b2b339c1dd1325,/awards/eurobest/2025/campaigns/hagelchup-a-b-2025/
Eurobest,2025,BRAND EXPERIENCE & ACTIVATION,Lynx With Catnip ,A,B,C,https://www.lovethework.com/work/entries/lynx-with-catnip-768460,/awards/eurobest/2025/campaigns/lynx-with-catnip-a-b-2025/
Eurobest,2025,BRAND EXPERIENCE & ACTIVATION,Pub Succession ,A,B,C,https://ascentialcdn.filespin.io/api/v1/conversion/a8d4e72bb1ce47508dcea8db73d16b01,/awards/eurobest/2025/campaigns/pub-succession-a-b-2025/
Eurobest,2025,BRAND EXPERIENCE & ACTIVATION,The Wedding Rice ,A,B,C,https://www.lovethework.com/work/entries/the-wedding-rice-768236,/awards/eurobest/2025/campaigns/the-wedding-rice-a-b-2025/
Eurobest,2025,BRAND EXPERIENCE & ACTIVATION,Axa Three Words ,A,B,C,https://www.lovethework.com/work/entries/axa-three-words-769385,/awards/eurobest/2025/campaigns/axa-three-words-a-b-2025-3/
Eurobest,2025,BRAND EXPERIENCE & ACTIVATION,Burger To King ,A,B,C,https://www.lovethework.com/work/entries/burger-to-king-768322,/awards/eurobest/2025/campaigns/burger-to-king-a-b-2025-4/
Eurobest,2025,BRAND EXPERIENCE & ACTIVATION,Pub Succession ,A,B,C,https://ascentialcdn.filespin.io/api/v1/conversion/a8d4e72bb1ce47508dcea8db73d16b01,/awards/eurobest/2025/campaigns/pub-succession-a-b-2025-2/
Eurobest,2025,BRAND EXPERIENCE & ACTIVATION,Life Donor Card ,A,B,C,https://ascentialcdn.filespin.io/api/v1/conversion/840443c9ab3145abb1d45d31707245bb,/awards/eurobest/2025/campaigns/life-donor-card-a-b-2025/
Eurobest,2025,BRAND EXPERIENCE & ACTIVATION,Harmoniser ,A,B,C,https://ascentialcdn.filespin.io/api/v1/conversion/bd69a0303076425391bbc54c35136f07,/awards/eurobest/2025/campaigns/harmoniser-a-b-2025-4/
Eurobest,2025,BRAND EXPERIENCE & ACTIVATION,Burger To King ,A,B,C,https://www.lovethework.com/work/entries/burger-to-king-768200,/awards/eurobest/2025/campaigns/burger-to-king-a-b-2025-5/
Eurobest,2025,BRAND EXPERIENCE & ACTIVATION,From A Crocodile To The Goat ,A,B,C,https://www.lovethework.com/work/entries/from-a-crocodile-to-the-goat-768383,/awards/eurobest/2025/campaigns/from-a-crocodile-to-the-goat-a-b-2025/
Eurobest,2025,BRAND EXPERIENCE & ACTIVATION,Oreo Square Cookie ,A,B,C,https://ascentialcdn.filespin.io/api/v1/conversion/0146097cf9cb49da91ffc866aa5dec72,/awards/eurobest/2025/campaigns/oreo-square-cookie-a-b-2025/
Eurobest,2025,BRAND EXPERIENCE & ACTIVATION,Designing Paris ,A,B,C,https://ascentialcdn.filespin.io/api/v1/conversion/d08dfedd3b1440c495f9825ba37be9ee,/awards/eurobest/2025/campaigns/designing-paris-a-b-2025/
Eurobest,2025,BRAND EXPERIENCE & ACTIVATION,Fearless Donors ,A,B,C,https://www.lovethework.com/work/entries/fearless-donors-768102,/awards/eurobest/2025/campaigns/fearless-donors-a-b-2025/
Eurobest,2025,BRAND EXPERIENCE & ACTIVATION,Fixables ,A,B,C,https://www.lovethework.com/work/entries/fixables-768358,/awards/eurobest/2025/campaigns/fixables-a-b-2025/
Eurobest,2025,BRAND EXPERIENCE & ACTIVATION,Preowned Second Hand Marketplace ,A,B,C,https://ascentialcdn.filespin.io/api/v1/conversion/85fb8064a7aa4a36a9cf8e0827707ca8,/awards/eurobest/2025/campaigns/preowned-second-hand-marketplace-a-b-2025/
Eurobest,2025,BRAND EXPERIENCE & ACTIVATION,Winter Takes On Colors ,A,B,C,https://ascentialcdn.filespin.io/api/v1/conversion/cf78d9427deb40bab1c12ff82c633d57,/awards/eurobest/2025/campaigns/winter-takes-on-colors-a-b-2025/
Eurobest,2025,BRAND EXPERIENCE & ACTIVATION,Harmoniser ,A,B,C,https://ascentialcdn.filespin.io/api/v1/conversion/bd69a0303076425391bbc54c35136f07,/awards/eurobest/2025/campaigns/harmoniser-a-b-2025-5/
Eurobest,2025,BRAND EXPERIENCE & ACTIVATION,The Parental Leave Mortgage ,A,B,C,https://ascentialcdn.filespin.io/api/v1/conversion/a8b9edfd44de47b893b950770030cf54,/awards/eurobest/2025/campaigns/the-parental-leave-mortgage-a-b-2025/
Eurobest,2025,BRAND EXPERIENCE & ACTIVATION,Mayo Exchange ,A,B,C,https://ascentialcdn.filespin.io/api/v1/conversion/135755f8a79f44f4b9f093e8ea1a17d9,/awards/eurobest/2025/campaigns/mayo-exchange-a-b-2025/
Eurobest,2025,BRAND EXPERIENCE & ACTIVATION,9 Volt Battery Flavor ,A,B,C,https://ascentialcdn.filespin.io/api/v1/conversion/5d31df93d85449099d71a71dfa4d1683,/awards/eurobest/2025/campaigns/9-volt-battery-flavor-a-b-2025/
Eurobest,2025,BRAND EXPERIENCE & ACTIVATION,Voting Atm ,A,B,C,https://ascentialcdn.filespin.io/api/v1/conversion/163034bb635441d6b66c4236644fc5b0,/awards/eurobest/2025/campaigns/voting-atm-a-b-2025/
Eurobest,2025,BRAND EXPERIENCE & ACTIVATION,You Look A Lidl Like Paul ,A,B,C,https://ascentialcdn.filespin.io/api/v1/conversion/fc73d8d95e844c528226035239960fba,/awards/eurobest/2025/campaigns/you-look-a-lidl-like-paul-a-b-2025/
Eurobest,2025,BRAND EXPERIENCE & ACTIVATION,9 Volt Battery Flavor ,A,B,C,https://ascentialcdn.filespin.io/api/v1/conversion/5d31df93d85449099d71a71dfa4d1683,/awards/eurobest/2025/campaigns/9-volt-battery-flavor-a-b-2025-2/
Eurobest,2025,BRAND EXPERIENCE & ACTIVATION,Life Donor Card ,A,B,C,https://ascentialcdn.filespin.io/api/v1/conversion/840443c9ab3145abb1d45d31707245bb,/awards/eurobest/2025/campaigns/life-donor-card-a-b-2025-2/
Eurobest,2025,BRAND EXPERIENCE & ACTIVATION,Pub Succession ,A,B,C,https://ascentialcdn.filespin.io/api/v1/conversion/a8d4e72bb1ce47508dcea8db73d16b01,/awards/eurobest/2025/campaigns/pub-succession-a-b-2025-3/
Eurobest,2025,BRAND EXPERIENCE & ACTIVATION,The Parental Leave Mortgage ,A,B,C,https://ascentialcdn.filespin.io/api/v1/conversion/a8b9edfd44de47b893b950770030cf54,/awards/eurobest/2025/campaigns/the-parental-leave-mortgage-a-b-2025-2/
Eurobest,2025,BRAND EXPERIENCE & ACTIVATION,The Flame That Wasnt A Flame ,A,B,C,https://www.lovethework.com/work/entries/the-flame-that-wasnt-a-flame-768375,/awards/eurobest/2025/campaigns/the-flame-that-wasnt-a-flame-a-b-2025/
Eurobest,2025,BRAND EXPERIENCE & ACTIVATION,Mayo Exchange ,A,B,C,https://ascentialcdn.filespin.io/api/v1/conversion/135755f8a79f44f4b9f093e8ea1a17d9,/awards/eurobest/2025/campaigns/mayo-exchange-a-b-2025-2/
Eurobest,2025,BRAND EXPERIENCE & ACTIVATION,The Flipper ,A,B,C,https://www.lovethework.com/work/entries/the-flipper-768148,/awards/eurobest/2025/campaigns/the-flipper-a-b-2025/
Eurobest,2025,BRAND EXPERIENCE & ACTIVATION,The Flipper ,A,B,C,https://www.lovethework.com/work/entries/the-flipper-768301,/awards/eurobest/2025/campaigns/the-flipper-a-b-2025-2/
Eurobest,2025,BRAND EXPERIENCE & ACTIVATION,From A Crocodile To The Goat ,A,B,C,https://www.lovethework.com/work/entries/from-a-crocodile-to-the-goat-768154,/awards/eurobest/2025/campaigns/from-a-crocodile-to-the-goat-a-b-2025-2/
Eurobest,2025,BRAND EXPERIENCE & ACTIVATION,Preowned Second Hand Marketplace ,A,B,C,https://ascentialcdn.filespin.io/api/v1/conversion/85fb8064a7aa4a36a9cf8e0827707ca8,/awards/eurobest/2025/campaigns/preowned-second-hand-marketplace-a-b-2025-2/
Eurobest,2025,BRAND EXPERIENCE & ACTIVATION,Future Signatures ,A,B,C,https://www.lovethework.com/work/entries/future-signatures-768433,/awards/eurobest/2025/campaigns/future-signatures-a-b-2025/
Eurobest,2025,BRAND EXPERIENCE & ACTIVATION,Power To The People ,A,B,C,https://www.lovethework.com/work/entries/power-to-the-people-768156,/awards/eurobest/2025/campaigns/power-to-the-people-a-b-2025/
Eurobest,2025,BRAND EXPERIENCE & ACTIVATION,Digging Mozart ,A,B,C,https://www.lovethework.com/work/entries/digging-mozart-768165,/awards/eurobest/2025/campaigns/digging-mozart-a-b-2025/
Eurobest,2025,BRAND EXPERIENCE & ACTIVATION,Skincare For Down There ,A,B,C,https://ascentialcdn.filespin.io/api/v1/conversion/b186cee580df4b3faae246164fda1b42,/awards/eurobest/2025/campaigns/skincare-for-down-there-a-b-2025/
Eurobest,2025,BRAND EXPERIENCE & ACTIVATION,Designing Paris ,A,B,C,https://ascentialcdn.filespin.io/api/v1/conversion/d08dfedd3b1440c495f9825ba37be9ee,/awards/eurobest/2025/campaigns/designing-paris-a-b-2025-2/
Eurobest,2025,BRAND EXPERIENCE & ACTIVATION,Vilnius Pink Soup Fest ,A,B,C,https://ascentialcdn.filespin.io/api/v1/conversion/9bfa87bdcfc54399bc0584c5b3fec345,/awards/eurobest/2025/campaigns/vilnius-pink-soup-fest-a-b-2025/
Eurobest,2025,BRAND EXPERIENCE & ACTIVATION,The Eternal Jersey ,A,B,C,https://ascentialcdn.filespin.io/api/v1/conversion/ed54386b4b124f83ab8ef228bcf573fa,/awards/eurobest/2025/campaigns/the-eternal-jersey-a-b-2025/
Eurobest,2025,BRAND EXPERIENCE & ACTIVATION,Crash Text Auto ,A,B,C,https://www.lovethework.com/work/entries/crash-text-auto-768491,/awards/eurobest/2025/campaigns/crash-text-auto-a-b-2025/
Eurobest,2025,BRAND EXPERIENCE & ACTIVATION,Not Just Stockholm Film Festival ,A,B,C,https://ascentialcdn.filespin.io/api/v1/conversion/bd4c9f43549c437fba544c8789616ff3,/awards/eurobest/2025/campaigns/not-just-stockholm-film-festival-a-b-2025/
Eurobest,2025,BRAND EXPERIENCE & ACTIVATION,Designing Paris ,A,B,C,https://ascentialcdn.filespin.io/api/v1/conversion/d08dfedd3b1440c495f9825ba37be9ee,/awards/eurobest/2025/campaigns/designing-paris-a-b-2025-3/
Eurobest,2025,BRAND EXPERIENCE & ACTIVATION,Chicken Rebrand ,A,B,C,https://ascentialcdn.filespin.io/api/v1/conversion/89fb54c720b448c982e44d42b0ba6f69,/awards/eurobest/2025/campaigns/chicken-rebrand-a-b-2025/
Eurobest,2025,BRAND EXPERIENCE & ACTIVATION,The Pepsi Sweetest ,A,B,C,https://ascentialcdn.filespin.io/api/v1/conversion/bdff2b1c272d46b494b037578102b640,/awards/eurobest/2025/campaigns/the-pepsi-sweetest-a-b-2025/
Eurobest,2025,BRAND EXPERIENCE & ACTIVATION,Mommyphone ,A,B,C,https://www.lovethework.com/work/entries/mommyphone-768097,/awards/eurobest/2025/campaigns/mommyphone-a-b-2025/
Eurobest,2025,BRAND EXPERIENCE & ACTIVATION,Caviar King ,A,B,C,https://www.lovethework.com/work/entries/caviar-king-768423,/awards/eurobest/2025/campaigns/caviar-king-a-b-2025/
Eurobest,2025,BRAND EXPERIENCE & ACTIVATION,Qristmas Jumper ,A,B,C,https://www.lovethework.com/work/entries/qristmas-jumper-768440,/awards/eurobest/2025/campaigns/qristmas-jumper-a-b-2025/
Eurobest,2025,BRAND EXPERIENCE & ACTIVATION,Chicken Rebrand ,A,B,C,https://ascentialcdn.filespin.io/api/v1/conversion/89fb54c720b448c982e44d42b0ba6f69,/awards/eurobest/2025/campaigns/chicken-rebrand-a-b-2025-2/
Eurobest,2025,BRAND EXPERIENCE & ACTIVATION,Tiktok Currency The Viral Payback ,A,B,C,https://www.lovethework.com/work/entries/tiktok-currency-the-viral-payback-768177,/awards/eurobest/2025/campaigns/tiktok-currency-the-viral-payback-a-b-2025/
Eurobest,2025,BRAND EXPERIENCE & ACTIVATION,Ghost Town ,A,B,C,https://ascentialcdn.filespin.io/api/v1/conversion/6e45a6d4b2bb40b5b7f72827d47d1f56,/awards/eurobest/2025/campaigns/ghost-town-a-b-2025/
Eurobest,2025,BRAND EXPERIENCE & ACTIVATION,Deeper Dip Sauce ,A,B,C,https://www.lovethework.com/work/entries/deeper-dip-sauce-768167,/awards/eurobest/2025/campaigns/deeper-dip-sauce-a-b-2025/
Eurobest,2025,BRAND EXPERIENCE & ACTIVATION,The Mosaic ,A,B,C,https://www.lovethework.com/work/entries/the-mosaic-768183,/awards/eurobest/2025/campaigns/the-mosaic-a-b-2025/
Eurobest,2025,BRAND EXPERIENCE & ACTIVATION,Electric Age Of Ford ,A,B,C,https://ascentialcdn.filespin.io/api/v1/conversion/4443fb0f39964a3a88dd6decdd6bf4a4,/awards/eurobest/2025/campaigns/electric-age-of-ford-a-b-2025/
Eurobest,2025,BRAND EXPERIENCE & ACTIVATION,Staredown ,A,B,C,https://ascentialcdn.filespin.io/api/v1/conversion/3d45a2c050a249abacd966ad7682458e,/awards/eurobest/2025/campaigns/staredown-a-b-2025/
Eurobest,2025,BRAND EXPERIENCE & ACTIVATION,Camdom ,A,B,C,https://www.lovethework.com/work/entries/camdom-768237,/awards/eurobest/2025/campaigns/camdom-a-b-2025/
Eurobest,2025,BRAND EXPERIENCE & ACTIVATION,Skincare For Down There ,A,B,C,https://ascentialcdn.filespin.io/api/v1/conversion/b186cee580df4b3faae246164fda1b42,/awards/eurobest/2025/campaigns/skincare-for-down-there-a-b-2025-2/
Eurobest,2025,BRAND EXPERIENCE & ACTIVATION,Envy My Bag ,A,B,C,https://www.lovethework.com/work/entries/envy-my-bag-768395,/awards/eurobest/2025/campaigns/envy-my-bag-a-b-2025/
Eurobest,2025,BRAND EXPERIENCE & ACTIVATION,The Mozart Drop ,A,B,C,https://www.lovethework.com/work/entries/the-mozart-drop-768204,/awards/eurobest/2025/campaigns/the-mozart-drop-a-b-2025-4/
Eurobest,2025,BRAND EXPERIENCE & ACTIVATION,The Worlds Shortest Sponsorship ,A,B,C,https://ascentialcdn.filespin.io/api/v1/conversion/7bb458579afa4b42985d5739cbb2f9b8,/awards/eurobest/2025/campaigns/the-worlds-shortest-sponsorship-a-b-2025/
Eurobest,2025,BRAND EXPERIENCE & ACTIVATION,Electric Age Of Ford ,A,B,C,https://ascentialcdn.filespin.io/api/v1/conversion/4443fb0f39964a3a88dd6decdd6bf4a4,/awards/eurobest/2025/campaigns/electric-age-of-ford-a-b-2025-2/
Eurobest,2025,BRAND EXPERIENCE & ACTIVATION,Marino Uriel The Unforgettable Legend ,A,B,C,https://www.lovethework.com/work/entries/marino-uriel-the-unforgettable-legend-768476,/awards/eurobest/2025/campaigns/marino-uriel-the-unforgettable-legend-a-b-2025/
Eurobest,2025,BRAND EXPERIENCE & ACTIVATION,Kia Soundscapes ,A,B,C,https://www.lovethework.com/work/entries/kia-soundscapes-768432,/awards/eurobest/2025/campaigns/kia-soundscapes-a-b-2025-4/
Eurobest,2025,BRAND EXPERIENCE & ACTIVATION,Ghostnetzero ,A,B,C,https://www.lovethework.com/work/entries/ghostnetzero-768277,/awards/eurobest/2025/campaigns/ghostnetzero-a-b-2025/
Eurobest,2025,BRAND EXPERIENCE & ACTIVATION,Encore Hours ,A,B,C,https://www.lovethework.com/work/entries/encore-hours-768309,/awards/eurobest/2025/campaigns/encore-hours-a-b-2025/
Eurobest,2025,BRAND EXPERIENCE & ACTIVATION,Renault Safety Car ,A,B,C,https://www.lovethework.com/work/entries/renault-safety-car-769269,/awards/eurobest/2025/campaigns/renault-safety-car-a-b-2025/
Eurobest,2025,BRAND EXPERIENCE & ACTIVATION,Fixables ,A,B,C,https://www.lovethework.com/work/entries/fixables-768101,/awards/eurobest/2025/campaigns/fixables-a-b-2025-2/
Eurobest,2025,BRAND EXPERIENCE & ACTIVATION,Oreo Square Cookie ,A,B,C,https://ascentialcdn.filespin.io/api/v1/conversion/0146097cf9cb49da91ffc866aa5dec72,/awards/eurobest/2025/campaigns/oreo-square-cookie-a-b-2025-2/
Eurobest,2025,BRAND EXPERIENCE & ACTIVATION,The Sound Of Superstars ,A,B,C,https://ascentialcdn.filespin.io/api/v1/conversion/9343bde96a034cd1a71aba029d0a6dbf,/awards/eurobest/2025/campaigns/the-sound-of-superstars-a-b-2025/
Eurobest,2025,BRAND EXPERIENCE & ACTIVATION,The Techno Train ,A,B,C,https://ascentialcdn.filespin.io/api/v1/conversion/9f2c2b45e7a444158b808506c7fa8abc,/awards/eurobest/2025/campaigns/the-techno-train-a-b-2025/
Eurobest,2025,BRAND EXPERIENCE & ACTIVATION,Fearless Donors ,A,B,C,https://ascentialcdn.filespin.io/api/v1/conversion/113cfff109ed472a8e22fea544ae04fb,/awards/eurobest/2025/campaigns/fearless-donors-a-b-2025-2/
Eurobest,2025,BRAND EXPERIENCE & ACTIVATION,Squid Rave Hack ,A,B,C,https://www.lovethework.com/work/entries/squid-rave-hack-768427,/awards/eurobest/2025/campaigns/squid-rave-hack-a-b-2025/
Eurobest,2025,BRAND EXPERIENCE & ACTIVATION,Vilnius Pink Soup Fest ,A,B,C,https://ascentialcdn.filespin.io/api/v1/conversion/9bfa87bdcfc54399bc0584c5b3fec345,/awards/eurobest/2025/campaigns/vilnius-pink-soup-fest-a-b-2025-2/
Eurobest,2025,BRAND EXPERIENCE & ACTIVATION,The Red Flag Tag ,A,B,C,https://www.lovethework.com/work/entries/the-red-flag-tag-768319,/awards/eurobest/2025/campaigns/the-red-flag-tag-a-b-2025/
Eurobest,2025,BRAND EXPERIENCE & ACTIVATION,Urban Doggy Fit ,A,B,C,https://ascentialcdn.filespin.io/api/v1/conversion/acde0be81ba1496db20bb1ea4ccfadc6,/awards/eurobest/2025/campaigns/urban-doggy-fit-a-b-2025/
Eurobest,2025,BRAND EXPERIENCE & ACTIVATION,The Mozart Drop ,A,B,C,https://www.lovethework.com/work/entries/the-mozart-drop-768439,/awards/eurobest/2025/campaigns/the-mozart-drop-a-b-2025-5/
Eurobest,2025,BRAND EXPERIENCE & ACTIVATION,Sig Facing Bullying ,A,B,C,https://ascentialcdn.filespin.io/api/v1/conversion/c7bf0f1168064d67aab614cd55b49da3,/awards/eurobest/2025/campaigns/sig-facing-bullying-a-b-2025/
Eurobest,2025,BRAND EXPERIENCE & ACTIVATION,My First Investment ,A,B,C,https://ascentialcdn.filespin.io/api/v1/conversion/5b53be55adbd43ba9ce80dc54340be57,/awards/eurobest/2025/campaigns/my-first-investment-a-b-2025/
Eurobest,2025,BRAND EXPERIENCE & ACTIVATION,Samsung Sem Igual ,A,B,C,https://www.lovethework.com/work/entries/samsung-sem-igual-768365,/awards/eurobest/2025/campaigns/samsung-sem-igual-a-b-2025/
Eurobest,2025,BRAND EXPERIENCE & ACTIVATION,Would You Please ,A,B,C,https://www.lovethework.com/work/entries/would-you-please-768368,/awards/eurobest/2025/campaigns/would-you-please-a-b-2025/
Eurobest,2025,BRAND EXPERIENCE & ACTIVATION,Squid Rave Hack ,A,B,C,https://www.lovethework.com/work/entries/squid-rave-hack-768229,/awards/eurobest/2025/campaigns/squid-rave-hack-a-b-2025-2/
Eurobest,2025,BRAND EXPERIENCE & ACTIVATION,Signs Of Inclusion ,A,B,C,https://www.lovethework.com/work/entries/signs-of-inclusion-768380,/awards/eurobest/2025/campaigns/signs-of-inclusion-a-b-2025/
Eurobest,2025,BRAND EXPERIENCE & ACTIVATION,Sgavi Penar ,A,B,C,https://www.lovethework.com/work/entries/sgavi-penar-768473,/awards/eurobest/2025/campaigns/sgavi-penar-a-b-2025/
Eurobest,2025,BRAND EXPERIENCE & ACTIVATION,Oreo Square Cookie ,A,B,C,https://ascentialcdn.filespin.io/api/v1/conversion/0146097cf9cb49da91ffc866aa5dec72,/awards/eurobest/2025/campaigns/oreo-square-cookie-a-b-2025-3/
Eurobest,2025,BRAND EXPERIENCE & ACTIVATION,Ghost Town ,A,B,C,https://ascentialcdn.filespin.io/api/v1/conversion/916e08814d594b6095787cb2ab56a8f9,/awards/eurobest/2025/campaigns/ghost-town-a-b-2025-2/
Eurobest,2025,BRAND EXPERIENCE & ACTIVATION,Staredown ,A,B,C,https://ascentialcdn.filespin.io/api/v1/conversion/3d45a2c050a249abacd966ad7682458e,/awards/eurobest/2025/campaigns/staredown-a-b-2025-2/
Eurobest,2025,BRAND EXPERIENCE & ACTIVATION,Unwelcome Home ,A,B,C,https://ascentialcdn.filespin.io/api/v1/conversion/1e4d73f9278c46bb916b76f6b84dc33c,/awards/eurobest/2025/campaigns/unwelcome-home-a-b-2025/
Eurobest,2025,BRAND EXPERIENCE & ACTIVATION,The Breathing Space ,A,B,C,https://ascentialcdn.filespin.io/api/v1/conversion/198de709b84744a790d9f019187f8a75,/awards/eurobest/2025/campaigns/the-breathing-space-a-b-2025/
Eurobest,2025,BRAND EXPERIENCE & ACTIVATION,The Mosaic ,A,B,C,https://www.lovethework.com/work/entries/the-mosaic-768408,/awards/eurobest/2025/campaigns/the-mosaic-a-b-2025-2/
Eurobest,2025,BRAND EXPERIENCE & ACTIVATION,Future Signatures ,A,B,C,https://www.lovethework.com/work/entries/future-signatures-768172,/awards/eurobest/2025/campaigns/future-signatures-a-b-2025-2/
Eurobest,2025,BRAND EXPERIENCE & ACTIVATION,Faxvertising ,A,B,C,https://www.lovethework.com/work/entries/faxvertising-768396,/awards/eurobest/2025/campaigns/faxvertising-a-b-2025/
Eurobest,2025,BRAND EXPERIENCE & ACTIVATION,Hon Circle X Mr Doodle ,A,B,C,https://www.lovethework.com/work/entries/hon-circle-x-mr-doodle-768144,/awards/eurobest/2025/campaigns/hon-circle-x-mr-doodle-a-b-2025/
Eurobest,2025,BRAND EXPERIENCE & ACTIVATION,The Sound Of Superstars ,A,B,C,https://ascentialcdn.filespin.io/api/v1/conversion/9343bde96a034cd1a71aba029d0a6dbf,/awards/eurobest/2025/campaigns/the-sound-of-superstars-a-b-2025-2/
Eurobest,2025,BRAND EXPERIENCE & ACTIVATION,Its Time To Stop ,A,B,C,https://ascentialcdn.filespin.io/api/v1/conversion/f957cb7d24664a7e9dbd91290c95d583,/awards/eurobest/2025/campaigns/its-time-to-stop-a-b-2025/
Eurobest,2025,BRAND EXPERIENCE & ACTIVATION,The Grey Swan ,A,B,C,https://www.lovethework.com/work/entries/the-grey-swan-768123,/awards/eurobest/2025/campaigns/the-grey-swan-a-b-2025/
Eurobest,2025,BRAND EXPERIENCE & ACTIVATION,Upcycling For The Future ,A,B,C,https://www.lovethework.com/work/entries/upcycling-for-the-future-769218,/awards/eurobest/2025/campaigns/upcycling-for-the-future-a-b-2025/
Eurobest,2025,BRAND EXPERIENCE & ACTIVATION,The Breathing Space ,A,B,C,https://ascentialcdn.filespin.io/api/v1/conversion/198de709b84744a790d9f019187f8a75,/awards/eurobest/2025/campaigns/the-breathing-space-a-b-2025-2/
Eurobest,2025,BRAND EXPERIENCE & ACTIVATION,Bumpboards ,A,B,C,https://ascentialcdn.filespin.io/api/v1/conversion/51f7223ae6f6484caace1b6d0e8df74c,/awards/eurobest/2025/campaigns/bumpboards-a-b-2025/
Eurobest,2025,BRAND EXPERIENCE & ACTIVATION,The Kidney Pass ,A,B,C,https://ascentialcdn.filespin.io/api/v1/conversion/e6e5f93f64424f63a41dc5ccc8acf62c,/awards/eurobest/2025/campaigns/the-kidney-pass-a-b-2025/
Eurobest,2025,BRAND EXPERIENCE & ACTIVATION,Futureguessr ,A,B,C,https://ascentialcdn.filespin.io/api/v1/conversion/0c96e718636e42588394162a2e243ca7,/awards/eurobest/2025/campaigns/futureguessr-a-b-2025/
Eurobest,2025,BRAND EXPERIENCE & ACTIVATION,Olfactory Symphony ,A,B,C,https://www.lovethework.com/work/entries/olfactory-symphony-768192,/awards/eurobest/2025/campaigns/olfactory-symphony-a-b-2025-3/
Eurobest,2025,BRAND EXPERIENCE & ACTIVATION,Pet Project ,A,B,C,https://www.lovethework.com/work/entries/pet-project-768489,/awards/eurobest/2025/campaigns/pet-project-a-b-2025/
Eurobest,2025,BRAND EXPERIENCE & ACTIVATION,Fare Game ,A,B,C,https://www.lovethework.com/work/entries/fare-game-768331,/awards/eurobest/2025/campaigns/fare-game-a-b-2025/
Eurobest,2025,BRAND EXPERIENCE & ACTIVATION,Gamepay ,A,B,C,https://www.lovethework.com/work/entries/gamepay-768143,/awards/eurobest/2025/campaigns/gamepay-a-b-2025/
Eurobest,2025,BRAND EXPERIENCE & ACTIVATION,Utrecht Energized ,A,B,C,https://ascentialcdn.filespin.io/api/v1/conversion/f8ac1a5022324f78b975cc4228a1583b,/awards/eurobest/2025/campaigns/utrecht-energized-a-b-2025/
Eurobest,2025,BRAND EXPERIENCE & ACTIVATION,Sauna Transit ,A,B,C,https://www.lovethework.com/work/entries/sauna-transit-768320,/awards/eurobest/2025/campaigns/sauna-transit-a-b-2025/
Eurobest,2025,BRAND EXPERIENCE & ACTIVATION,Amazons Money Cant Buy Experiences ,A,B,C,https://www.lovethework.com/work/entries/amazons-money-cant-buy-experiences-768353,/awards/eurobest/2025/campaigns/amazons-money-cant-buy-experiences-a-b-2025/
Eurobest,2025,BRAND EXPERIENCE & ACTIVATION,Faxvertising ,A,B,C,https://www.lovethework.com/work/entries/faxvertising-768447,/awards/eurobest/2025/campaigns/faxvertising-a-b-2025-2/
Eurobest,2025,BRAND EXPERIENCE & ACTIVATION,Not Just Stockholm Film Festival ,A,B,C,https://ascentialcdn.filespin.io/api/v1/conversion/bd4c9f43549c437fba544c8789616ff3,/awards/eurobest/2025/campaigns/not-just-stockholm-film-festival-a-b-2025-2/
Eurobest,2025,BRAND EXPERIENCE & ACTIVATION,Wifi Invasion ,A,B,C,https://www.lovethework.com/work/entries/wifi-invasion-768335,/awards/eurobest/2025/campaigns/wifi-invasion-a-b-2025/
Eurobest,2025,BRAND EXPERIENCE & ACTIVATION,Renault Recruitment Race ,A,B,C,https://www.lovethework.com/work/entries/renault-recruitment-race-769384,/awards/eurobest/2025/campaigns/renault-recruitment-race-a-b-2025/
Eurobest,2025,BRAND EXPERIENCE & ACTIVATION,Renault Safety Car ,A,B,C,https://www.lovethework.com/work/entries/renault-safety-car-769394,/awards/eurobest/2025/campaigns/renault-safety-car-a-b-2025-2/
Eurobest,2025,BRAND EXPERIENCE & ACTIVATION,Protest Shields ,A,B,C,https://ascentialcdn.filespin.io/api/v1/conversion/fb6ef3470a6543ec81847ef07d25c3bb,/awards/eurobest/2025/campaigns/protest-shields-a-b-2025/
Eurobest,2025,BRAND EXPERIENCE & ACTIVATION,The Kidney Pass ,A,B,C,https://ascentialcdn.filespin.io/api/v1/conversion/e6e5f93f64424f63a41dc5ccc8acf62c,/awards/eurobest/2025/campaigns/the-kidney-pass-a-b-2025-2/
Eurobest,2025,BRAND EXPERIENCE & ACTIVATION,Skills To Pay The Bills ,A,B,C,https://ascentialcdn.filespin.io/api/v1/conversion/c543b10c105345309e2fb35f61bc5d18,/awards/eurobest/2025/campaigns/skills-to-pay-the-bills-a-b-2025/
Eurobest,2025,BRAND EXPERIENCE & ACTIVATION,Fixables ,A,B,C,https://www.lovethework.com/work/entries/fixables-768339,/awards/eurobest/2025/campaigns/fixables-a-b-2025-3/
Eurobest,2025,BRAND EXPERIENCE & ACTIVATION,Unlocking The Game ,A,B,C,https://www.lovethework.com/work/entries/unlocking-the-game-768326,/awards/eurobest/2025/campaigns/unlocking-the-game-a-b-2025/
Eurobest,2025,BRAND EXPERIENCE & ACTIVATION,Not Just Stockholm Film Festival ,A,B,C,https://ascentialcdn.filespin.io/api/v1/conversion/bd4c9f43549c437fba544c8789616ff3,/awards/eurobest/2025/campaigns/not-just-stockholm-film-festival-a-b-2025-3/
Eurobest,2025,BRAND EXPERIENCE & ACTIVATION,Its Time To Stop ,A,B,C,https://ascentialcdn.filespin.io/api/v1/conversion/f957cb7d24664a7e9dbd91290c95d583,/awards/eurobest/2025/campaigns/its-time-to-stop-a-b-2025-2/
Eurobest,2025,BRAND EXPERIENCE & ACTIVATION,Sauna Transit ,A,B,C,https://www.lovethework.com/work/entries/sauna-transit-768334,/awards/eurobest/2025/campaigns/sauna-transit-a-b-2025-2/
Eurobest,2025,BRAND EXPERIENCE & ACTIVATION,Deeper Dip Sauce ,A,B,C,https://www.lovethework.com/work/entries/deeper-dip-sauce-768327,/awards/eurobest/2025/campaigns/deeper-dip-sauce-a-b-2025-2/
Eurobest,2025,BRAND EXPERIENCE & ACTIVATION,Sound Of Stigma ,A,B,C,https://www.lovethework.com/work/entries/sound-of-stigma-768388,/awards/eurobest/2025/campaigns/sound-of-stigma-a-b-2025-2/
Eurobest,2025,BRAND EXPERIENCE & ACTIVATION,Bk X Kfc The Impossible Collab ,A,B,C,https://www.lovethework.com/work/entries/bk-x-kfc-the-impossible-collab-768401,/awards/eurobest/2025/campaigns/bk-x-kfc-the-impossible-collab-a-b-2025/
Eurobest,2025,BRAND EXPERIENCE & ACTIVATION,Staredown ,A,B,C,https://ascentialcdn.filespin.io/api/v1/conversion/3d45a2c050a249abacd966ad7682458e,/awards/eurobest/2025/campaigns/staredown-a-b-2025-3/
Eurobest,2025,BRAND EXPERIENCE & ACTIVATION,Samsung Sem Igual ,A,B,C,https://www.lovethework.com/work/entries/samsung-sem-igual-768121,/awards/eurobest/2025/campaigns/samsung-sem-igual-a-b-2025-2/
Eurobest,2025,BRAND EXPERIENCE & ACTIVATION,Boomtown Unboxed ,A,B,C,https://www.lovethework.com/work/entries/boomtown-unboxed-769330,/awards/eurobest/2025/campaigns/boomtown-unboxed-a-b-2025/
Eurobest,2025,BRAND EXPERIENCE & ACTIVATION,Faxvertising ,A,B,C,https://www.lovethework.com/work/entries/faxvertising-768393,/awards/eurobest/2025/campaigns/faxvertising-a-b-2025-3/
Eurobest,2025,BRAND EXPERIENCE & ACTIVATION,Mcdonalds Magic Stories ,A,B,C,https://ascentialcdn.filespin.io/api/v1/conversion/395d56a86bca4679848bbfc1f353c6d4,/awards/eurobest/2025/campaigns/mcdonalds-magic-stories-a-b-2025/
Eurobest,2025,BRAND EXPERIENCE & ACTIVATION,The Pepsi Sweetest ,A,B,C,https://ascentialcdn.filespin.io/api/v1/conversion/bdff2b1c272d46b494b037578102b640,/awards/eurobest/2025/campaigns/the-pepsi-sweetest-a-b-2025-2/
Eurobest,2025,BRAND EXPERIENCE & ACTIVATION,Fatal Question ,A,B,C,https://ascentialcdn.filespin.io/api/v1/conversion/507b5ad08854479b9ba9ffab643bc502,/awards/eurobest/2025/campaigns/fatal-question-a-b-2025/
Eurobest,2025,BRAND EXPERIENCE & ACTIVATION,Boomtown Unboxed ,A,B,C,https://www.lovethework.com/work/entries/boomtown-unboxed-769326,/awards/eurobest/2025/campaigns/boomtown-unboxed-a-b-2025-2/
Eurobest,2025,BRAND EXPERIENCE & ACTIVATION,The Techno Train ,A,B,C,https://ascentialcdn.filespin.io/api/v1/conversion/9f2c2b45e7a444158b808506c7fa8abc,/awards/eurobest/2025/campaigns/the-techno-train-a-b-2025-2/
Eurobest,2025,BRAND EXPERIENCE & ACTIVATION,9 Volt Battery Flavor ,A,B,C,https://ascentialcdn.filespin.io/api/v1/conversion/5d31df93d85449099d71a71dfa4d1683,/awards/eurobest/2025/campaigns/9-volt-battery-flavor-a-b-2025-3/
Eurobest,2025,BRAND EXPERIENCE & ACTIVATION,Pub Delivery ,A,B,C,https://www.lovethework.com/work/entries/pub-delivery-768415,/awards/eurobest/2025/campaigns/pub-delivery-a-b-2025/
Eurobest,2025,BRAND EXPERIENCE & ACTIVATION,Camdom ,A,B,C,https://www.lovethework.com/work/entries/camdom-768289,/awards/eurobest/2025/campaigns/camdom-a-b-2025-2/
Eurobest,2025,BRAND EXPERIENCE & ACTIVATION,Power To The People ,A,B,C,https://www.lovethework.com/work/entries/power-to-the-people-768343,/awards/eurobest/2025/campaigns/power-to-the-people-a-b-2025-2/
Eurobest,2025,BRAND EXPERIENCE & ACTIVATION,Speed Shields ,A,B,C,https://www.lovethework.com/work/entries/speed-shields-768486,/awards/eurobest/2025/campaigns/speed-shields-a-b-2025/
Eurobest,2025,BRAND EXPERIENCE & ACTIVATION,More Ball Games ,A,B,C,https://ascentialcdn.filespin.io/api/v1/conversion/3f1a87a7698b4798b8160ccd2556fc65,/awards/eurobest/2025/campaigns/more-ball-games-a-b-2025/
Eurobest,2025,BRAND EXPERIENCE & ACTIVATION,Unlocking The Game ,A,B,C,https://www.lovethework.com/work/entries/unlocking-the-game-768255,/awards/eurobest/2025/campaigns/unlocking-the-game-a-b-2025-2/
Eurobest,2025,BRAND EXPERIENCE & ACTIVATION,Encore Hours ,A,B,C,https://www.lovethework.com/work/entries/encore-hours-768481,/awards/eurobest/2025/campaigns/encore-hours-a-b-2025-2/
Eurobest,2025,BRAND EXPERIENCE & ACTIVATION,The Mozart Drop ,A,B,C,https://www.lovethework.com/work/entries/the-mozart-drop-768418,/awards/eurobest/2025/campaigns/the-mozart-drop-a-b-2025-6/
Eurobest,2025,BRAND EXPERIENCE & ACTIVATION,Omnilivery ,A,B,C,https://ascentialcdn.filespin.io/api/v1/conversion/269c9c8b1fac410e89e3266ab0338cf4,/awards/eurobest/2025/campaigns/omnilivery-a-b-2025/
Eurobest,2025,BRAND EXPERIENCE & ACTIVATION,Deeper Dip Sauce ,A,B,C,https://www.lovethework.com/work/entries/deeper-dip-sauce-768441,/awards/eurobest/2025/campaigns/deeper-dip-sauce-a-b-2025-3/
Eurobest,2025,BRAND EXPERIENCE & ACTIVATION,Reef Protection Factor ,A,B,C,https://ascentialcdn.filespin.io/api/v1/conversion/494e7dde497e4702939ff80b1b49e03a,/awards/eurobest/2025/campaigns/reef-protection-factor-a-b-2025/
Eurobest,2025,BRAND EXPERIENCE & ACTIVATION,Breastmilk Money ,A,B,C,https://www.lovethework.com/work/entries/breastmilk-money-768424,/awards/eurobest/2025/campaigns/breastmilk-money-a-b-2025/
Eurobest,2025,BRAND EXPERIENCE & ACTIVATION,Unlocking The Game ,A,B,C,https://www.lovethework.com/work/entries/unlocking-the-game-768412,/awards/eurobest/2025/campaigns/unlocking-the-game-a-b-2025-3/
Eurobest,2025,BRAND EXPERIENCE & ACTIVATION,Crash Text Auto ,A,B,C,https://www.lovethework.com/work/entries/crash-text-auto-768213,/awards/eurobest/2025/campaigns/crash-text-auto-a-b-2025-2/
Eurobest,2025,BRAND EXPERIENCE & ACTIVATION,Signs Of The Times ,A,B,C,https://ascentialcdn.filespin.io/api/v1/conversion/644c7da653b547b09c7cc935df16871d,/awards/eurobest/2025/campaigns/signs-of-the-times-a-b-2025/
Eurobest,2025,BRAND EXPERIENCE & ACTIVATION,Todinho ,A,B,C,https://ascentialcdn.filespin.io/api/v1/conversion/f1eb87518c6b4859952baca7dd13287a,/awards/eurobest/2025/campaigns/todinho-a-b-2025/
Eurobest,2025,BRAND EXPERIENCE & ACTIVATION,Doritos Square ,A,B,C,https://www.lovethework.com/work/entries/doritos-square-768374,/awards/eurobest/2025/campaigns/doritos-square-a-b-2025/
Eurobest,2025,BRAND EXPERIENCE & ACTIVATION,R0B0 ,A,B,C,https://www.lovethework.com/work/entries/r0b0-768260,/awards/eurobest/2025/campaigns/r0b0-a-b-2025/
Eurobest,2025,BRAND EXPERIENCE & ACTIVATION,My First Investment ,A,B,C,https://ascentialcdn.filespin.io/api/v1/conversion/5b53be55adbd43ba9ce80dc54340be57,/awards/eurobest/2025/campaigns/my-first-investment-a-b-2025-2/
Eurobest,2025,BRAND EXPERIENCE & ACTIVATION,Their Merciless Decline ,A,B,C,https://www.lovethework.com/work/entries/their-merciless-decline-768258,/awards/eurobest/2025/campaigns/their-merciless-decline-a-b-2025/
Eurobest,2025,BRAND EXPERIENCE & ACTIVATION,Le Biastro ,A,B,C,https://ascentialcdn.filespin.io/api/v1/conversion/8650f334d39b4e2792a6852a79a2371b,/awards/eurobest/2025/campaigns/le-biastro-a-b-2025/
Eurobest,2025,BRAND EXPERIENCE & ACTIVATION,Sig Facing Bullying ,A,B,C,https://ascentialcdn.filespin.io/api/v1/conversion/c7bf0f1168064d67aab614cd55b49da3,/awards/eurobest/2025/campaigns/sig-facing-bullying-a-b-2025-2/
Eurobest,2025,BRAND EXPERIENCE & ACTIVATION,Renault Safety Car ,A,B,C,https://www.lovethework.com/work/entries/renault-safety-car-769380,/awards/eurobest/2025/campaigns/renault-safety-car-a-b-2025-3/
Eurobest,2025,BRAND EXPERIENCE & ACTIVATION,Dead Flower Shop ,A,B,C,https://www.lovethework.com/work/entries/dead-flower-shop-768303,/awards/eurobest/2025/campaigns/dead-flower-shop-a-b-2025/
Eurobest,2025,BRAND EXPERIENCE & ACTIVATION,Pub Delivery ,A,B,C,https://www.lovethework.com/work/entries/pub-delivery-768311,/awards/eurobest/2025/campaigns/pub-delivery-a-b-2025-2/
Eurobest,2025,BRAND EXPERIENCE & ACTIVATION,Admind Culture Book ,A,B,C,https://www.lovethework.com/work/entries/admind-culture-book-768246,/awards/eurobest/2025/campaigns/admind-culture-book-a-b-2025/
Eurobest,2025,BRAND EXPERIENCE & ACTIVATION,Piecing It All Together To Break New Ground For A 20 Year Old Exhibition Business ,A,B,C,https://ascentialcdn.filespin.io/api/v1/conversion/5fc807dada1143a786ba43626ecfd2a5,/awards/eurobest/2025/campaigns/piecing-it-all-together-to-break-new-ground-for-a-20-year-old-exhibition-business-a-b-2025/
Eurobest,2025,BRAND EXPERIENCE & ACTIVATION,Omnilivery ,A,B,C,https://ascentialcdn.filespin.io/api/v1/conversion/269c9c8b1fac410e89e3266ab0338cf4,/awards/eurobest/2025/campaigns/omnilivery-a-b-2025-2/
Eurobest,2025,BRAND EXPERIENCE & ACTIVATION,Bumpboards ,A,B,C,https://ascentialcdn.filespin.io/api/v1/conversion/51f7223ae6f6484caace1b6d0e8df74c,/awards/eurobest/2025/campaigns/bumpboards-a-b-2025-2/
Eurobest,2025,BRAND EXPERIENCE & ACTIVATION,Squid Rave Hack ,A,B,C,https://www.lovethework.com/work/entries/squid-rave-hack-768360,/awards/eurobest/2025/campaigns/squid-rave-hack-a-b-2025-3/
Eurobest,2025,BRAND EXPERIENCE & ACTIVATION,The Kidney Pass ,A,B,C,https://ascentialcdn.filespin.io/api/v1/conversion/e6e5f93f64424f63a41dc5ccc8acf62c,/awards/eurobest/2025/campaigns/the-kidney-pass-a-b-2025-3/
Eurobest,2025,BRAND EXPERIENCE & ACTIVATION,Bring Back The Queue S10 Becomes S25 ,A,B,C,https://ascentialcdn.filespin.io/api/v1/conversion/366b2a111e6d49ee9629f3ad79c3ff75,/awards/eurobest/2025/campaigns/bring-back-the-queue-s10-becomes-s25-a-b-2025/
Eurobest,2025,BRAND EXPERIENCE & ACTIVATION,Sig Facing Bullying ,A,B,C,https://ascentialcdn.filespin.io/api/v1/conversion/c7bf0f1168064d67aab614cd55b49da3,/awards/eurobest/2025/campaigns/sig-facing-bullying-a-b-2025-3/
Eurobest,2025,BRAND EXPERIENCE & ACTIVATION,Doritos Square ,A,B,C,https://www.lovethework.com/work/entries/doritos-square-768158,/awards/eurobest/2025/campaigns/doritos-square-a-b-2025-2/
Eurobest,2025,BRAND EXPERIENCE & ACTIVATION,The Parental Leave Mortgage ,A,B,C,https://ascentialcdn.filespin.io/api/v1/conversion/a8b9edfd44de47b893b950770030cf54,/awards/eurobest/2025/campaigns/the-parental-leave-mortgage-a-b-2025-3/
Eurobest,2025,BRAND EXPERIENCE & ACTIVATION,Camdom ,A,B,C,https://www.lovethework.com/work/entries/camdom-768111,/awards/eurobest/2025/campaigns/camdom-a-b-2025-3/
Eurobest,2025,BRAND EXPERIENCE & ACTIVATION,Amsterdam Cleans Day ,A,B,C,https://ascentialcdn.filespin.io/api/v1/conversion/dfddee679a4542f0ac8c8d9275af7a8f,/awards/eurobest/2025/campaigns/amsterdam-cleans-day-a-b-2025/
Eurobest,2025,BRAND EXPERIENCE & ACTIVATION,The Bored Cam ,A,B,C,https://www.lovethework.com/work/entries/the-bored-cam-768342,/awards/eurobest/2025/campaigns/the-bored-cam-a-b-2025/
Eurobest,2025,BRAND EXPERIENCE & ACTIVATION,Football Lover Fm ,A,B,C,https://www.lovethework.com/work/entries/football-lover-fm-768381,/awards/eurobest/2025/campaigns/football-lover-fm-a-b-2025-3/
Eurobest,2025,CREATIVE B2B,The Faroe Islands Space Program ,A,B,C,https://ascentialcdn.filespin.io/api/v1/conversion/1256cfa2bc4446bbadae84af82a9ccfd,/awards/eurobest/2025/campaigns/the-faroe-islands-space-program-a-b-2025/
Eurobest,2025,CREATIVE B2B,Renault Unpatent ,A,B,C,https://www.lovethework.com/work/entries/renault-unpatent-769396,/awards/eurobest/2025/campaigns/renault-unpatent-a-b-2025/
Eurobest,2025,CREATIVE B2B,Back To The Future ,A,B,C,https://ascentialcdn.filespin.io/api/v1/conversion/35466edd041642d393f8a4bf1d9b7c24,/awards/eurobest/2025/campaigns/back-to-the-future-a-b-2025/
Eurobest,2025,CREATIVE B2B,Pub Succession ,A,B,C,https://ascentialcdn.filespin.io/api/v1/conversion/a8d4e72bb1ce47508dcea8db73d16b01,/awards/eurobest/2025/campaigns/pub-succession-a-b-2025-4/
Eurobest,2025,CREATIVE B2B,Minefield Honey Harvesting Hope ,A,B,C,https://www.lovethework.com/work/entries/minefield-honey-harvesting-hope-769144,/awards/eurobest/2025/campaigns/minefield-honey-harvesting-hope-a-b-2025/
Eurobest,2025,CREATIVE B2B,The Faroe Islands Space Program ,A,B,C,https://ascentialcdn.filespin.io/api/v1/conversion/1256cfa2bc4446bbadae84af82a9ccfd,/awards/eurobest/2025/campaigns/the-faroe-islands-space-program-a-b-2025-2/
Eurobest,2025,CREATIVE B2B,Demining Cambodia ,A,B,C,https://www.lovethework.com/work/entries/demining-cambodia-769093,/awards/eurobest/2025/campaigns/demining-cambodia-a-b-2025/
Eurobest,2025,CREATIVE B2B,Demining Cambodia ,A,B,C,https://www.lovethework.com/work/entries/demining-cambodia-769159,/awards/eurobest/2025/campaigns/demining-cambodia-a-b-2025-2/
Eurobest,2025,CREATIVE B2B,Electric Beer ,A,B,C,https://www.lovethework.com/work/entries/electric-beer-769261,/awards/eurobest/2025/campaigns/electric-beer-a-b-2025/
Eurobest,2025,CREATIVE B2B,Renault Unpatent ,A,B,C,https://www.lovethework.com/work/entries/renault-unpatent-769298,/awards/eurobest/2025/campaigns/renault-unpatent-a-b-2025-2/
Eurobest,2025,CREATIVE B2B,The Faroe Islands Space Program ,A,B,C,https://ascentialcdn.filespin.io/api/v1/conversion/1256cfa2bc4446bbadae84af82a9ccfd,/awards/eurobest/2025/campaigns/the-faroe-islands-space-program-a-b-2025-3/
Eurobest,2025,CREATIVE B2B,Renault Unpatent ,A,B,C,https://www.lovethework.com/work/entries/renault-unpatent-769302,/awards/eurobest/2025/campaigns/renault-unpatent-a-b-2025-3/
Eurobest,2025,CREATIVE B2B,Snow Media ,A,B,C,https://ascentialcdn.filespin.io/api/v1/conversion/22635ae7ea324af980d2f583d3d99052,/awards/eurobest/2025/campaigns/snow-media-a-b-2025/
Eurobest,2025,CREATIVE B2B,Working With Cancer Screening Time Off ,A,B,C,https://www.lovethework.com/work/entries/working-with-cancer-screening-time-off-769289,/awards/eurobest/2025/campaigns/working-with-cancer-screening-time-off-a-b-2025/
Eurobest,2025,CREATIVE B2B,The Grey Swan ,A,B,C,https://ascentialcdn.filespin.io/api/v1/conversion/497df0a4345a426e86fd1b1d81a328e8,/awards/eurobest/2025/campaigns/the-grey-swan-a-b-2025-2/
Eurobest,2025,CREATIVE B2B,Business To Your Ears ,A,B,C,https://www.lovethework.com/work/entries/business-to-your-ears-769267,/awards/eurobest/2025/campaigns/business-to-your-ears-a-b-2025-4/
Eurobest,2025,CREATIVE B2B,Ey Shape The Future With Confidence ,A,B,C,https://ascentialcdn.filespin.io/api/v1/conversion/d874faa9289745c7a9f2865eebd2dabd,/awards/eurobest/2025/campaigns/ey-shape-the-future-with-confidence-a-b-2025/
Eurobest,2025,CREATIVE B2B,Nescaf Plantlets For Future ,A,B,C,https://www.lovethework.com/work/entries/nescaf-plantlets-for-future-769437,/awards/eurobest/2025/campaigns/nescaf-plantlets-for-future-a-b-2025/
Eurobest,2025,CREATIVE B2B,Reef Protection Factor ,A,B,C,https://ascentialcdn.filespin.io/api/v1/conversion/494e7dde497e4702939ff80b1b49e03a,/awards/eurobest/2025/campaigns/reef-protection-factor-a-b-2025-2/
Eurobest,2025,CREATIVE B2B,Greenflag The Undiscovered Economy ,A,B,C,https://www.lovethework.com/work/entries/greenflag-the-undiscovered-economy-769403,/awards/eurobest/2025/campaigns/greenflag-the-undiscovered-economy-a-b-2025/
Eurobest,2025,CREATIVE B2B,Business To Your Ears ,A,B,C,https://www.lovethework.com/work/entries/business-to-your-ears-769208,/awards/eurobest/2025/campaigns/business-to-your-ears-a-b-2025-5/
Eurobest,2025,CREATIVE B2B,Preowned Second Hand Marketplace ,A,B,C,https://ascentialcdn.filespin.io/api/v1/conversion/85fb8064a7aa4a36a9cf8e0827707ca8,/awards/eurobest/2025/campaigns/preowned-second-hand-marketplace-a-b-2025-3/
Eurobest,2025,CREATIVE B2B,Ey Shape The Future With Confidence ,A,B,C,https://ascentialcdn.filespin.io/api/v1/conversion/1a55a780d6e84509adcfb16b6e82693d,/awards/eurobest/2025/campaigns/ey-shape-the-future-with-confidence-a-b-2025-2/
Eurobest,2025,CREATIVE B2B,Preowned Second Hand Marketplace ,A,B,C,https://ascentialcdn.filespin.io/api/v1/conversion/85fb8064a7aa4a36a9cf8e0827707ca8,/awards/eurobest/2025/campaigns/preowned-second-hand-marketplace-a-b-2025-4/
Eurobest,2025,CREATIVE B2B,The Faroe Islands Space Program ,A,B,C,https://ascentialcdn.filespin.io/api/v1/conversion/1256cfa2bc4446bbadae84af82a9ccfd,/awards/eurobest/2025/campaigns/the-faroe-islands-space-program-a-b-2025-4/
Eurobest,2025,CREATIVE B2B,Working With Cancer Screening Time Off ,A,B,C,https://www.lovethework.com/work/entries/working-with-cancer-screening-time-off-769390,/awards/eurobest/2025/campaigns/working-with-cancer-screening-time-off-a-b-2025-2/
Eurobest,2025,CREATIVE B2B,Starring Bars ,A,B,C,https://ascentialcdn.filespin.io/api/v1/conversion/6544f095e71a47a39d27334e2404e951,/awards/eurobest/2025/campaigns/starring-bars-a-b-2025/
Eurobest,2025,CREATIVE B2B,Ey Transformations ,A,B,C,https://ascentialcdn.filespin.io/api/v1/conversion/46ceb593f92a40778f3b93082d6b95ca,/awards/eurobest/2025/campaigns/ey-transformations-a-b-2025/
Eurobest,2025,CREATIVE B2B,The Faroe Islands Space Program ,A,B,C,https://www.lovethework.com/work/entries/the-faroe-islands-space-program-769274,/awards/eurobest/2025/campaigns/the-faroe-islands-space-program-a-b-2025-5/
Eurobest,2025,CREATIVE B2B,Vaisala Echo A Measurement Infrastructure In Tune With Your Needs ,A,B,C,https://www.lovethework.com/work/entries/vaisala-echo-a-measurement-infrastructure-in-tune-with-your-needs-769161,/awards/eurobest/2025/campaigns/vaisala-echo-a-measurement-infrastructure-in-tune-with-your-needs-a-b-2025/
Eurobest,2025,CREATIVE B2B,Greenflag The Undiscovered Economy ,A,B,C,https://www.lovethework.com/work/entries/greenflag-the-undiscovered-economy-769400,/awards/eurobest/2025/campaigns/greenflag-the-undiscovered-economy-a-b-2025-2/
Eurobest,2025,CREATIVE B2B,Superb Office ,A,B,C,https://www.lovethework.com/work/entries/superb-office-769086,/awards/eurobest/2025/campaigns/superb-office-a-b-2025/
Eurobest,2025,CREATIVE B2B,Utrecht Energized ,A,B,C,https://ascentialcdn.filespin.io/api/v1/conversion/f8ac1a5022324f78b975cc4228a1583b,/awards/eurobest/2025/campaigns/utrecht-energized-a-b-2025-2/
Eurobest,2025,CREATIVE B2B,Reef Protection Factor ,A,B,C,https://ascentialcdn.filespin.io/api/v1/conversion/494e7dde497e4702939ff80b1b49e03a,/awards/eurobest/2025/campaigns/reef-protection-factor-a-b-2025-3/
Eurobest,2025,CREATIVE B2B,Pub Succession ,A,B,C,https://ascentialcdn.filespin.io/api/v1/conversion/a8d4e72bb1ce47508dcea8db73d16b01,/awards/eurobest/2025/campaigns/pub-succession-a-b-2025-5/
Eurobest,2025,CREATIVE B2B,Nescaf Plantlets For Future ,A,B,C,https://www.lovethework.com/work/entries/nescaf-plantlets-for-future-769442,/awards/eurobest/2025/campaigns/nescaf-plantlets-for-future-a-b-2025-2/
Eurobest,2025,CREATIVE B2B,Utrecht Energized ,A,B,C,https://ascentialcdn.filespin.io/api/v1/conversion/f8ac1a5022324f78b975cc4228a1583b,/awards/eurobest/2025/campaigns/utrecht-energized-a-b-2025-3/
Eurobest,2025,CREATIVE B2B,1837 Tiffany Blue Conservation ,A,B,C,https://ascentialcdn.filespin.io/api/v1/conversion/b6688c8279404ebfbe09bd9ddf1bf411,/awards/eurobest/2025/campaigns/1837-tiffany-blue-conservation-a-b-2025/
Eurobest,2025,CREATIVE B2B,Starring Bars ,A,B,C,https://ascentialcdn.filespin.io/api/v1/conversion/6544f095e71a47a39d27334e2404e951,/awards/eurobest/2025/campaigns/starring-bars-a-b-2025-2/
Eurobest,2025,CREATIVE B2B,The Grey Swan ,A,B,C,https://ascentialcdn.filespin.io/api/v1/conversion/497df0a4345a426e86fd1b1d81a328e8,/awards/eurobest/2025/campaigns/the-grey-swan-a-b-2025-3/
Eurobest,2025,CREATIVE B2B,Electric Beer ,A,B,C,https://www.lovethework.com/work/entries/electric-beer-769258,/awards/eurobest/2025/campaigns/electric-beer-a-b-2025-2/
Eurobest,2025,CREATIVE B2B,Preowned Second Hand Marketplace ,A,B,C,https://ascentialcdn.filespin.io/api/v1/conversion/85fb8064a7aa4a36a9cf8e0827707ca8,/awards/eurobest/2025/campaigns/preowned-second-hand-marketplace-a-b-2025-5/
Eurobest,2025,CREATIVE B2B,Vaisala Echo A Measurement Infrastructure In Tune With Your Needs ,A,B,C,https://www.lovethework.com/work/entries/vaisala-echo-a-measurement-infrastructure-in-tune-with-your-needs-769247,/awards/eurobest/2025/campaigns/vaisala-echo-a-measurement-infrastructure-in-tune-with-your-needs-a-b-2025-2/
Eurobest,2025,CREATIVE B2B,Starring Bars ,A,B,C,https://ascentialcdn.filespin.io/api/v1/conversion/6544f095e71a47a39d27334e2404e951,/awards/eurobest/2025/campaigns/starring-bars-a-b-2025-3/
Eurobest,2025,CREATIVE B2B,Greenflag The Undiscovered Economy ,A,B,C,https://www.lovethework.com/work/entries/greenflag-the-undiscovered-economy-769377,/awards/eurobest/2025/campaigns/greenflag-the-undiscovered-economy-a-b-2025-3/
Eurobest,2025,CREATIVE B2B,The Wedding Rice ,A,B,C,https://www.lovethework.com/work/entries/the-wedding-rice-769220,/awards/eurobest/2025/campaigns/the-wedding-rice-a-b-2025-2/
Eurobest,2025,CREATIVE B2B,Pub Succession ,A,B,C,https://ascentialcdn.filespin.io/api/v1/conversion/a8d4e72bb1ce47508dcea8db73d16b01,/awards/eurobest/2025/campaigns/pub-succession-a-b-2025-6/
Eurobest,2025,CREATIVE B2B,Electric Beer ,A,B,C,https://www.lovethework.com/work/entries/electric-beer-769171,/awards/eurobest/2025/campaigns/electric-beer-a-b-2025-3/
Eurobest,2025,CREATIVE B2B,Nescaf Plantlets For Future ,A,B,C,https://www.lovethework.com/work/entries/nescaf-plantlets-for-future-769440,/awards/eurobest/2025/campaigns/nescaf-plantlets-for-future-a-b-2025-3/
Eurobest,2025,CREATIVE BUSINESS TRANSFORMATION,Axa Three Words ,A,B,C,https://www.lovethework.com/work/entries/axa-three-words-769388,/awards/eurobest/2025/campaigns/axa-three-words-a-b-2025-4/
Eurobest,2025,CREATIVE BUSINESS TRANSFORMATION,Axa Three Words ,A,B,C,https://www.lovethework.com/work/entries/axa-three-words-769308,/awards/eurobest/2025/campaigns/axa-three-words-a-b-2025-5/
Eurobest,2025,CREATIVE BUSINESS TRANSFORMATION,Orange Saferphone ,A,B,C,https://www.lovethework.com/work/entries/orange-saferphone-769311,/awards/eurobest/2025/campaigns/orange-saferphone-a-b-2025/
Eurobest,2025,CREATIVE BUSINESS TRANSFORMATION,Delivered By Tetris ,A,B,C,https://www.lovethework.com/work/entries/delivered-by-tetris-769262,/awards/eurobest/2025/campaigns/delivered-by-tetris-a-b-2025/
Eurobest,2025,CREATIVE BUSINESS TRANSFORMATION,Renault Long Term ,A,B,C,https://www.lovethework.com/work/entries/renault-long-term-769454,/awards/eurobest/2025/campaigns/renault-long-term-a-b-2025/
Eurobest,2025,CREATIVE BUSINESS TRANSFORMATION,Fixables ,A,B,C,https://www.lovethework.com/work/entries/fixables-769253,/awards/eurobest/2025/campaigns/fixables-a-b-2025-4/
Eurobest,2025,CREATIVE BUSINESS TRANSFORMATION,Starring Bars ,A,B,C,https://www.lovethework.com/work/entries/starring-bars-769103,/awards/eurobest/2025/campaigns/starring-bars-a-b-2025-4/
Eurobest,2025,CREATIVE BUSINESS TRANSFORMATION,Orange Saferphone ,A,B,C,https://www.lovethework.com/work/entries/orange-saferphone-769306,/awards/eurobest/2025/campaigns/orange-saferphone-a-b-2025-2/
Eurobest,2025,CREATIVE BUSINESS TRANSFORMATION,Axa Three Words ,A,B,C,https://www.lovethework.com/work/entries/axa-three-words-769332,/awards/eurobest/2025/campaigns/axa-three-words-a-b-2025-6/
Eurobest,2025,CREATIVE BUSINESS TRANSFORMATION,Minefield Honey Harvesting Hope ,A,B,C,https://www.lovethework.com/work/entries/minefield-honey-harvesting-hope-769182,/awards/eurobest/2025/campaigns/minefield-honey-harvesting-hope-a-b-2025-2/
Eurobest,2025,CREATIVE BUSINESS TRANSFORMATION,Nescaf Plantlets For Future ,A,B,C,https://www.lovethework.com/work/entries/nescaf-plantlets-for-future-769357,/awards/eurobest/2025/campaigns/nescaf-plantlets-for-future-a-b-2025-4/
Eurobest,2025,CREATIVE BUSINESS TRANSFORMATION,Hagelchup ,A,B,C,https://www.lovethework.com/work/entries/hagelchup-769209,/awards/eurobest/2025/campaigns/hagelchup-a-b-2025-2/
Eurobest,2025,CREATIVE BUSINESS TRANSFORMATION,Orange Saferphone ,A,B,C,https://www.lovethework.com/work/entries/orange-saferphone-769296,/awards/eurobest/2025/campaigns/orange-saferphone-a-b-2025-3/
Eurobest,2025,CREATIVE BUSINESS TRANSFORMATION,Unlocking The Game ,A,B,C,https://www.lovethework.com/work/entries/unlocking-the-game-769174,/awards/eurobest/2025/campaigns/unlocking-the-game-a-b-2025-4/
Eurobest,2025,CREATIVE BUSINESS TRANSFORMATION,Starring Bars ,A,B,C,https://www.lovethework.com/work/entries/starring-bars-769246,/awards/eurobest/2025/campaigns/starring-bars-a-b-2025-5/
Eurobest,2025,CREATIVE BUSINESS TRANSFORMATION,Starring Bars ,A,B,C,https://www.lovethework.com/work/entries/starring-bars-769272,/awards/eurobest/2025/campaigns/starring-bars-a-b-2025-6/
Eurobest,2025,CREATIVE BUSINESS TRANSFORMATION,Delivered By Tetris ,A,B,C,https://www.lovethework.com/work/entries/delivered-by-tetris-769127,/awards/eurobest/2025/campaigns/delivered-by-tetris-a-b-2025-2/
Eurobest,2025,CREATIVE BUSINESS TRANSFORMATION,Nescaf Plantlets For Future ,A,B,C,https://www.lovethework.com/work/entries/nescaf-plantlets-for-future-769322,/awards/eurobest/2025/campaigns/nescaf-plantlets-for-future-a-b-2025-5/
Eurobest,2025,CREATIVE BUSINESS TRANSFORMATION,Preowned Second Hand Marketplace ,A,B,C,https://www.lovethework.com/work/entries/preowned-second-hand-marketplace-769223,/awards/eurobest/2025/campaigns/preowned-second-hand-marketplace-a-b-2025-6/
Eurobest,2025,CREATIVE BUSINESS TRANSFORMATION,Nescaf Plantlets For Future ,A,B,C,https://www.lovethework.com/work/entries/nescaf-plantlets-for-future-769371,/awards/eurobest/2025/campaigns/nescaf-plantlets-for-future-a-b-2025-6/
Eurobest,2025,CREATIVE BUSINESS TRANSFORMATION,Sights Of Tomorrow ,A,B,C,https://ascentialcdn.filespin.io/api/v1/conversion/a542046c9e4a4704b0c1f7f075a95f4c,/awards/eurobest/2025/campaigns/sights-of-tomorrow-a-b-2025/
Eurobest,2025,CREATIVE BUSINESS TRANSFORMATION,Renault Unpatent ,A,B,C,https://www.lovethework.com/work/entries/renault-unpatent-769347,/awards/eurobest/2025/campaigns/renault-unpatent-a-b-2025-4/
Eurobest,2025,CREATIVE BUSINESS TRANSFORMATION,Fixables ,A,B,C,https://www.lovethework.com/work/entries/fixables-769120,/awards/eurobest/2025/campaigns/fixables-a-b-2025-5/
Eurobest,2025,CREATIVE BUSINESS TRANSFORMATION,The Phoenix Service ,A,B,C,https://ascentialcdn.filespin.io/api/v1/conversion/77aed0c51d924cdb9b4463832fbac04d,/awards/eurobest/2025/campaigns/the-phoenix-service-a-b-2025/
Eurobest,2025,CREATIVE BUSINESS TRANSFORMATION,Price Packs ,A,B,C,https://www.lovethework.com/work/entries/price-packs-769194,/awards/eurobest/2025/campaigns/price-packs-a-b-2025/
Eurobest,2025,CREATIVE BUSINESS TRANSFORMATION,1837 Tiffany Blue Conservation ,A,B,C,https://www.lovethework.com/work/entries/1837-tiffany-blue-conservation-769436,/awards/eurobest/2025/campaigns/1837-tiffany-blue-conservation-a-b-2025-2/
Eurobest,2025,CREATIVE BUSINESS TRANSFORMATION,Unlocking The Game ,A,B,C,https://www.lovethework.com/work/entries/unlocking-the-game-769143,/awards/eurobest/2025/campaigns/unlocking-the-game-a-b-2025-5/
Eurobest,2025,CREATIVE BUSINESS TRANSFORMATION,Encore Hours ,A,B,C,https://www.lovethework.com/work/entries/encore-hours-769166,/awards/eurobest/2025/campaigns/encore-hours-a-b-2025-3/
Eurobest,2025,CREATIVE BUSINESS TRANSFORMATION,Sights Of Tomorrow ,A,B,C,https://ascentialcdn.filespin.io/api/v1/conversion/a542046c9e4a4704b0c1f7f075a95f4c,/awards/eurobest/2025/campaigns/sights-of-tomorrow-a-b-2025-2/
Eurobest,2025,CREATIVE BUSINESS TRANSFORMATION,Malm Democracity ,A,B,C,https://ascentialcdn.filespin.io/api/v1/conversion/94984d192cac42a0beffb8aa915b9ebf,/awards/eurobest/2025/campaigns/malm-democracity-a-b-2025/
Eurobest,2025,CREATIVE BUSINESS TRANSFORMATION,Delivered By Tetris ,A,B,C,https://www.lovethework.com/work/entries/delivered-by-tetris-769233,/awards/eurobest/2025/campaigns/delivered-by-tetris-a-b-2025-3/
Eurobest,2025,CREATIVE BUSINESS TRANSFORMATION,Renault Unpatent ,A,B,C,https://www.lovethework.com/work/entries/renault-unpatent-769288,/awards/eurobest/2025/campaigns/renault-unpatent-a-b-2025-5/
Eurobest,2025,CREATIVE BUSINESS TRANSFORMATION,Renault Unpatent ,A,B,C,https://www.lovethework.com/work/entries/renault-unpatent-769365,/awards/eurobest/2025/campaigns/renault-unpatent-a-b-2025-6/
Eurobest,2025,CREATIVE BUSINESS TRANSFORMATION,Fixables ,A,B,C,https://www.lovethework.com/work/entries/fixables-769153,/awards/eurobest/2025/campaigns/fixables-a-b-2025-6/
Eurobest,2025,CREATIVE BUSINESS TRANSFORMATION,Unlocking The Game ,A,B,C,https://www.lovethework.com/work/entries/unlocking-the-game-769087,/awards/eurobest/2025/campaigns/unlocking-the-game-a-b-2025-6/
Eurobest,2025,CREATIVE BUSINESS TRANSFORMATION,The Most Joyful Piece Of Easter ,A,B,C,https://www.lovethework.com/work/entries/the-most-joyful-piece-of-easter-769203,/awards/eurobest/2025/campaigns/the-most-joyful-piece-of-easter-a-b-2025/
Eurobest,2025,CREATIVE COMMERCE,The Wedding Rice ,A,B,C,https://www.lovethework.com/work/entries/the-wedding-rice-769225,/awards/eurobest/2025/campaigns/the-wedding-rice-a-b-2025-3/
Eurobest,2025,CREATIVE COMMERCE,Rainbow Wool ,A,B,C,https://www.lovethework.com/work/entries/rainbow-wool-769250,/awards/eurobest/2025/campaigns/rainbow-wool-a-b-2025/
Eurobest,2025,CREATIVE COMMERCE,Minefield Honey Harvesting Hope ,A,B,C,https://www.lovethework.com/work/entries/minefield-honey-harvesting-hope-769111,/awards/eurobest/2025/campaigns/minefield-honey-harvesting-hope-a-b-2025-3/
Eurobest,2025,CREATIVE COMMERCE,Preowned Second Hand Marketplace ,A,B,C,https://ascentialcdn.filespin.io/api/v1/conversion/85fb8064a7aa4a36a9cf8e0827707ca8,/awards/eurobest/2025/campaigns/preowned-second-hand-marketplace-a-b-2025-7/
Eurobest,2025,CREATIVE COMMERCE,Axa Three Words ,A,B,C,https://www.lovethework.com/work/entries/axa-three-words-769348,/awards/eurobest/2025/campaigns/axa-three-words-a-b-2025-7/
Eurobest,2025,CREATIVE COMMERCE,Ecosaver Mortgage ,A,B,C,https://www.lovethework.com/work/entries/ecosaver-mortgage-769363,/awards/eurobest/2025/campaigns/ecosaver-mortgage-a-b-2025/
Eurobest,2025,CREATIVE COMMERCE,Design Your Sleep While You Sleep ,A,B,C,https://www.lovethework.com/work/entries/design-your-sleep-while-you-sleep-768990,/awards/eurobest/2025/campaigns/design-your-sleep-while-you-sleep-a-b-2025/
Eurobest,2025,CREATIVE COMMERCE,Axa Three Words ,A,B,C,https://www.lovethework.com/work/entries/axa-three-words-769382,/awards/eurobest/2025/campaigns/axa-three-words-a-b-2025-8/
Eurobest,2025,CREATIVE COMMERCE,Orange Saferphone ,A,B,C,https://www.lovethework.com/work/entries/orange-saferphone-769378,/awards/eurobest/2025/campaigns/orange-saferphone-a-b-2025-4/
Eurobest,2025,CREATIVE COMMERCE,Tiktok Currency The Viral Payback ,A,B,C,https://www.lovethework.com/work/entries/tiktok-currency-the-viral-payback-768981,/awards/eurobest/2025/campaigns/tiktok-currency-the-viral-payback-a-b-2025-2/
Eurobest,2025,CREATIVE COMMERCE,Chicken Rebrand ,A,B,C,https://ascentialcdn.filespin.io/api/v1/conversion/89fb54c720b448c982e44d42b0ba6f69,/awards/eurobest/2025/campaigns/chicken-rebrand-a-b-2025-3/
Eurobest,2025,CREATIVE COMMERCE,Orange Saferphone ,A,B,C,https://www.lovethework.com/work/entries/orange-saferphone-769290,/awards/eurobest/2025/campaigns/orange-saferphone-a-b-2025-5/
Eurobest,2025,CREATIVE COMMERCE,Lexus Lbx Ai Concierge ,A,B,C,https://www.lovethework.com/work/entries/lexus-lbx-ai-concierge-769198,/awards/eurobest/2025/campaigns/lexus-lbx-ai-concierge-a-b-2025/
Eurobest,2025,CREATIVE COMMERCE,The Most Joyful Piece Of Easter ,A,B,C,https://www.lovethework.com/work/entries/the-most-joyful-piece-of-easter-769150,/awards/eurobest/2025/campaigns/the-most-joyful-piece-of-easter-a-b-2025-2/
Eurobest,2025,CREATIVE COMMERCE,Ecosaver Mortgage ,A,B,C,https://www.lovethework.com/work/entries/ecosaver-mortgage-769356,/awards/eurobest/2025/campaigns/ecosaver-mortgage-a-b-2025-2/
Eurobest,2025,CREATIVE COMMERCE,My First Investment ,A,B,C,https://ascentialcdn.filespin.io/api/v1/conversion/5b53be55adbd43ba9ce80dc54340be57,/awards/eurobest/2025/campaigns/my-first-investment-a-b-2025-3/
Eurobest,2025,CREATIVE COMMERCE,Ad From Yesterdays Bread ,A,B,C,https://www.lovethework.com/work/entries/ad-from-yesterdays-bread-769156,/awards/eurobest/2025/campaigns/ad-from-yesterdays-bread-a-b-2025/
Eurobest,2025,CREATIVE COMMERCE,The Resurrection Beer ,A,B,C,https://www.lovethework.com/work/entries/the-resurrection-beer-769121,/awards/eurobest/2025/campaigns/the-resurrection-beer-a-b-2025/
Eurobest,2025,CREATIVE COMMERCE,The Parental Leave Mortgage ,A,B,C,https://ascentialcdn.filespin.io/api/v1/conversion/a8b9edfd44de47b893b950770030cf54,/awards/eurobest/2025/campaigns/the-parental-leave-mortgage-a-b-2025-4/
Eurobest,2025,CREATIVE COMMERCE,Unlocking The Game ,A,B,C,https://www.lovethework.com/work/entries/unlocking-the-game-769099,/awards/eurobest/2025/campaigns/unlocking-the-game-a-b-2025-7/
Eurobest,2025,CREATIVE COMMERCE,Delivered By Tetris ,A,B,C,https://www.lovethework.com/work/entries/delivered-by-tetris-769211,/awards/eurobest/2025/campaigns/delivered-by-tetris-a-b-2025-4/
Eurobest,2025,CREATIVE COMMERCE,The Phoenix Service ,A,B,C,https://ascentialcdn.filespin.io/api/v1/conversion/77aed0c51d924cdb9b4463832fbac04d,/awards/eurobest/2025/campaigns/the-phoenix-service-a-b-2025-2/
Eurobest,2025,CREATIVE COMMERCE,Bk X Kfc The Impossible Collab ,A,B,C,https://www.lovethework.com/work/entries/bk-x-kfc-the-impossible-collab-769170,/awards/eurobest/2025/campaigns/bk-x-kfc-the-impossible-collab-a-b-2025-2/
Eurobest,2025,CREATIVE COMMERCE,The Parental Leave Mortgage ,A,B,C,https://ascentialcdn.filespin.io/api/v1/conversion/a8b9edfd44de47b893b950770030cf54,/awards/eurobest/2025/campaigns/the-parental-leave-mortgage-a-b-2025-5/
Eurobest,2025,CREATIVE COMMERCE,My First Investment ,A,B,C,https://ascentialcdn.filespin.io/api/v1/conversion/5b53be55adbd43ba9ce80dc54340be57,/awards/eurobest/2025/campaigns/my-first-investment-a-b-2025-4/
Eurobest,2025,CREATIVE COMMERCE,Allevia Pollen Passport ,A,B,C,https://www.lovethework.com/work/entries/allevia-pollen-passport-768933,/awards/eurobest/2025/campaigns/allevia-pollen-passport-a-b-2025/
Eurobest,2025,CREATIVE COMMERCE,The Parental Leave Mortgage ,A,B,C,https://ascentialcdn.filespin.io/api/v1/conversion/a8b9edfd44de47b893b950770030cf54,/awards/eurobest/2025/campaigns/the-parental-leave-mortgage-a-b-2025-6/
Eurobest,2025,CREATIVE COMMERCE,Design Your Sleep While You Sleep ,A,B,C,https://www.lovethework.com/work/entries/design-your-sleep-while-you-sleep-768942,/awards/eurobest/2025/campaigns/design-your-sleep-while-you-sleep-a-b-2025-2/
Eurobest,2025,CREATIVE COMMERCE,Unlocking The Game ,A,B,C,https://www.lovethework.com/work/entries/unlocking-the-game-769278,/awards/eurobest/2025/campaigns/unlocking-the-game-a-b-2025-8/
Eurobest,2025,CREATIVE COMMERCE,Chicken Rebrand ,A,B,C,https://ascentialcdn.filespin.io/api/v1/conversion/89fb54c720b448c982e44d42b0ba6f69,/awards/eurobest/2025/campaigns/chicken-rebrand-a-b-2025-4/
Eurobest,2025,CREATIVE COMMERCE,Unlocking The Game ,A,B,C,https://www.lovethework.com/work/entries/unlocking-the-game-769259,/awards/eurobest/2025/campaigns/unlocking-the-game-a-b-2025-9/
Eurobest,2025,CREATIVE COMMERCE,Oreo Square Cookie ,A,B,C,https://ascentialcdn.filespin.io/api/v1/conversion/0146097cf9cb49da91ffc866aa5dec72,/awards/eurobest/2025/campaigns/oreo-square-cookie-a-b-2025-4/
Eurobest,2025,CREATIVE COMMERCE,Gamepay ,A,B,C,https://www.lovethework.com/work/entries/gamepay-769107,/awards/eurobest/2025/campaigns/gamepay-a-b-2025-2/
Eurobest,2025,CREATIVE COMMERCE,Deeper Dip Sauce ,A,B,C,https://www.lovethework.com/work/entries/deeper-dip-sauce-769147,/awards/eurobest/2025/campaigns/deeper-dip-sauce-a-b-2025-4/
Eurobest,2025,CREATIVE COMMERCE,Bk X Kfc The Impossible Collab ,A,B,C,https://www.lovethework.com/work/entries/bk-x-kfc-the-impossible-collab-769270,/awards/eurobest/2025/campaigns/bk-x-kfc-the-impossible-collab-a-b-2025-3/
Eurobest,2025,CREATIVE COMMERCE,Lexus Lbx Ai Concierge ,A,B,C,https://www.lovethework.com/work/entries/lexus-lbx-ai-concierge-769095,/awards/eurobest/2025/campaigns/lexus-lbx-ai-concierge-a-b-2025-2/
Eurobest,2025,CREATIVE COMMERCE,Deeper Dip Sauce ,A,B,C,https://www.lovethework.com/work/entries/deeper-dip-sauce-768956,/awards/eurobest/2025/campaigns/deeper-dip-sauce-a-b-2025-5/
Eurobest,2025,CREATIVE COMMERCE,Rainbow Wool ,A,B,C,https://www.lovethework.com/work/entries/rainbow-wool-769090,/awards/eurobest/2025/campaigns/rainbow-wool-a-b-2025-2/
Eurobest,2025,CREATIVE COMMERCE,One Digital Experience ,A,B,C,https://www.lovethework.com/work/entries/one-digital-experience-769193,/awards/eurobest/2025/campaigns/one-digital-experience-a-b-2025/
Eurobest,2025,CREATIVE COMMERCE,Axa Three Words ,A,B,C,https://www.lovethework.com/work/entries/axa-three-words-769376,/awards/eurobest/2025/campaigns/axa-three-words-a-b-2025-9/
Eurobest,2025,CREATIVE COMMERCE,Delivered By Tetris ,A,B,C,https://www.lovethework.com/work/entries/delivered-by-tetris-769139,/awards/eurobest/2025/campaigns/delivered-by-tetris-a-b-2025-5/
Eurobest,2025,CREATIVE COMMERCE,Oreo Square Cookie ,A,B,C,https://ascentialcdn.filespin.io/api/v1/conversion/0146097cf9cb49da91ffc866aa5dec72,/awards/eurobest/2025/campaigns/oreo-square-cookie-a-b-2025-5/
Eurobest,2025,CREATIVE COMMERCE,Lexus Lbx Ai Concierge ,A,B,C,https://www.lovethework.com/work/entries/lexus-lbx-ai-concierge-769089,/awards/eurobest/2025/campaigns/lexus-lbx-ai-concierge-a-b-2025-3/
Eurobest,2025,CREATIVE COMMERCE,Qristmas Jumper ,A,B,C,https://www.lovethework.com/work/entries/qristmas-jumper-769126,/awards/eurobest/2025/campaigns/qristmas-jumper-a-b-2025-2/
Eurobest,2025,CREATIVE COMMERCE,Orange Saferphone ,A,B,C,https://www.lovethework.com/work/entries/orange-saferphone-769387,/awards/eurobest/2025/campaigns/orange-saferphone-a-b-2025-6/
Eurobest,2025,CREATIVE DATA,The 4Th Judge ,A,B,C,https://www.lovethework.com/work/entries/the-4th-judge-768910,/awards/eurobest/2025/campaigns/the-4th-judge-a-b-2025/
Eurobest,2025,CREATIVE DATA,Breastmilk Money ,A,B,C,https://www.lovethework.com/work/entries/breastmilk-money-768975,/awards/eurobest/2025/campaigns/breastmilk-money-a-b-2025-2/
Eurobest,2025,CREATIVE DATA,Allevia Pollen Passport ,A,B,C,https://www.lovethework.com/work/entries/allevia-pollen-passport-769007,/awards/eurobest/2025/campaigns/allevia-pollen-passport-a-b-2025-2/
Eurobest,2025,CREATIVE DATA,Ghostnetzero ,A,B,C,https://www.lovethework.com/work/entries/ghostnetzero-769071,/awards/eurobest/2025/campaigns/ghostnetzero-a-b-2025-2/
Eurobest,2025,CREATIVE DATA,Ghostnetzero ,A,B,C,https://www.lovethework.com/work/entries/ghostnetzero-768949,/awards/eurobest/2025/campaigns/ghostnetzero-a-b-2025-3/
Eurobest,2025,CREATIVE DATA,Futureguessr ,A,B,C,https://ascentialcdn.filespin.io/api/v1/conversion/0c96e718636e42588394162a2e243ca7,/awards/eurobest/2025/campaigns/futureguessr-a-b-2025-2/
Eurobest,2025,CREATIVE DATA,The 4Th Judge ,A,B,C,https://www.lovethework.com/work/entries/the-4th-judge-768925,/awards/eurobest/2025/campaigns/the-4th-judge-a-b-2025-2/
Eurobest,2025,CREATIVE DATA,Breastmilk Money ,A,B,C,https://www.lovethework.com/work/entries/breastmilk-money-768906,/awards/eurobest/2025/campaigns/breastmilk-money-a-b-2025-3/
Eurobest,2025,CREATIVE DATA,The 4Th Judge ,A,B,C,https://www.lovethework.com/work/entries/the-4th-judge-769021,/awards/eurobest/2025/campaigns/the-4th-judge-a-b-2025-3/
Eurobest,2025,CREATIVE DATA,Sipcodes ,A,B,C,https://ascentialcdn.filespin.io/api/v1/conversion/2d587e81430b4c5ab91ef0a1cbe3fade,/awards/eurobest/2025/campaigns/sipcodes-a-b-2025/
Eurobest,2025,CREATIVE DATA,Streetnav ,A,B,C,https://www.lovethework.com/work/entries/streetnav-768923,/awards/eurobest/2025/campaigns/streetnav-a-b-2025/
Eurobest,2025,CREATIVE DATA,Kia Soundscapes ,A,B,C,https://www.lovethework.com/work/entries/kia-soundscapes-768896,/awards/eurobest/2025/campaigns/kia-soundscapes-a-b-2025-5/
Eurobest,2025,CREATIVE DATA,Sipcodes ,A,B,C,https://ascentialcdn.filespin.io/api/v1/conversion/2d587e81430b4c5ab91ef0a1cbe3fade,/awards/eurobest/2025/campaigns/sipcodes-a-b-2025-2/
Eurobest,2025,CREATIVE DATA,Air Raid Alarm Clock ,A,B,C,https://www.lovethework.com/work/entries/air-raid-alarm-clock-768900,/awards/eurobest/2025/campaigns/air-raid-alarm-clock-a-b-2025-3/
Eurobest,2025,CREATIVE DATA,Futureguessr ,A,B,C,https://ascentialcdn.filespin.io/api/v1/conversion/0c96e718636e42588394162a2e243ca7,/awards/eurobest/2025/campaigns/futureguessr-a-b-2025-3/
Eurobest,2025,CREATIVE DATA,Screen2Save ,A,B,C,https://ascentialcdn.filespin.io/api/v1/conversion/06628775bc8c4d0cbc1547adc6947683,/awards/eurobest/2025/campaigns/screen2save-a-b-2025/
Eurobest,2025,CREATIVE DATA,Skills To Pay The Bills ,A,B,C,https://ascentialcdn.filespin.io/api/v1/conversion/c543b10c105345309e2fb35f61bc5d18,/awards/eurobest/2025/campaigns/skills-to-pay-the-bills-a-b-2025-2/
Eurobest,2025,CREATIVE DATA,The Pepsi Sweetest ,A,B,C,https://www.lovethework.com/work/entries/the-pepsi-sweetest-768915,/awards/eurobest/2025/campaigns/the-pepsi-sweetest-a-b-2025-3/
Eurobest,2025,CREATIVE DATA,Digging Mozart ,A,B,C,https://www.lovethework.com/work/entries/digging-mozart-769016,/awards/eurobest/2025/campaigns/digging-mozart-a-b-2025-2/
Eurobest,2025,CREATIVE DATA,Kia Soundscapes ,A,B,C,https://www.lovethework.com/work/entries/kia-soundscapes-768982,/awards/eurobest/2025/campaigns/kia-soundscapes-a-b-2025-6/
Eurobest,2025,CREATIVE DATA,Unlocking The Game ,A,B,C,https://www.lovethework.com/work/entries/unlocking-the-game-769045,/awards/eurobest/2025/campaigns/unlocking-the-game-a-b-2025-10/
Eurobest,2025,CREATIVE DATA,Ghostnetzero ,A,B,C,https://www.lovethework.com/work/entries/ghostnetzero-769025,/awards/eurobest/2025/campaigns/ghostnetzero-a-b-2025-4/
Eurobest,2025,CREATIVE DATA,Crosswalk Accident Chart ,A,B,C,https://www.lovethework.com/work/entries/crosswalk-accident-chart-769046,/awards/eurobest/2025/campaigns/crosswalk-accident-chart-a-b-2025/
Eurobest,2025,CREATIVE DATA,Unlocking The Game ,A,B,C,https://www.lovethework.com/work/entries/unlocking-the-game-769012,/awards/eurobest/2025/campaigns/unlocking-the-game-a-b-2025-11/
Eurobest,2025,CREATIVE DATA,Life Donor Card ,A,B,C,https://www.lovethework.com/work/entries/life-donor-card-769412,/awards/eurobest/2025/campaigns/life-donor-card-a-b-2025-3/
Eurobest,2025,CREATIVE DATA,R0B0 ,A,B,C,https://www.lovethework.com/work/entries/r0b0-768989,/awards/eurobest/2025/campaigns/r0b0-a-b-2025-2/
Eurobest,2025,CREATIVE DATA,Free The Voices ,A,B,C,https://www.lovethework.com/work/entries/free-the-voices-768928,/awards/eurobest/2025/campaigns/free-the-voices-a-b-2025-3/
Eurobest,2025,CREATIVE DATA,Does Risk Live At Your Home Address ,A,B,C,https://ascentialcdn.filespin.io/api/v1/conversion/7cdeb62242394045bcaa76773b2cc694,/awards/eurobest/2025/campaigns/does-risk-live-at-your-home-address-a-b-2025/
Eurobest,2025,CREATIVE DATA,Air Raid Alarm Clock ,A,B,C,https://www.lovethework.com/work/entries/air-raid-alarm-clock-768992,/awards/eurobest/2025/campaigns/air-raid-alarm-clock-a-b-2025-4/
Eurobest,2025,CREATIVE DATA,Free The Voices ,A,B,C,https://www.lovethework.com/work/entries/free-the-voices-768980,/awards/eurobest/2025/campaigns/free-the-voices-a-b-2025-4/
Eurobest,2025,CREATIVE DATA,Sipcodes ,A,B,C,https://ascentialcdn.filespin.io/api/v1/conversion/2d587e81430b4c5ab91ef0a1cbe3fade,/awards/eurobest/2025/campaigns/sipcodes-a-b-2025-3/
Eurobest,2025,CREATIVE DATA,Boomtown Unboxed ,A,B,C,https://www.lovethework.com/work/entries/boomtown-unboxed-769383,/awards/eurobest/2025/campaigns/boomtown-unboxed-a-b-2025-3/
Eurobest,2025,CREATIVE DATA,Unlocking The Game ,A,B,C,https://www.lovethework.com/work/entries/unlocking-the-game-768936,/awards/eurobest/2025/campaigns/unlocking-the-game-a-b-2025-12/
Eurobest,2025,CREATIVE DATA,Audi Dynamic Inventory Ads ,A,B,C,https://www.lovethework.com/work/entries/audi-dynamic-inventory-ads-769079,/awards/eurobest/2025/campaigns/audi-dynamic-inventory-ads-a-b-2025/
Eurobest,2025,CREATIVE DATA,The Pepsi Sweetest ,A,B,C,https://www.lovethework.com/work/entries/the-pepsi-sweetest-769053,/awards/eurobest/2025/campaigns/the-pepsi-sweetest-a-b-2025-4/
Eurobest,2025,CREATIVE DATA,Life Donor Card ,A,B,C,https://www.lovethework.com/work/entries/life-donor-card-769062,/awards/eurobest/2025/campaigns/life-donor-card-a-b-2025-4/
Eurobest,2025,CREATIVE DATA,Boomtown Unboxed ,A,B,C,https://www.lovethework.com/work/entries/boomtown-unboxed-769395,/awards/eurobest/2025/campaigns/boomtown-unboxed-a-b-2025-4/
Eurobest,2025,CREATIVE DATA,R0B0 ,A,B,C,https://www.lovethework.com/work/entries/r0b0-768948,/awards/eurobest/2025/campaigns/r0b0-a-b-2025-3/
Eurobest,2025,CREATIVE DATA,Sipcodes ,A,B,C,https://ascentialcdn.filespin.io/api/v1/conversion/2d587e81430b4c5ab91ef0a1cbe3fade,/awards/eurobest/2025/campaigns/sipcodes-a-b-2025-4/
Eurobest,2025,CREATIVE DATA,Free The Voices ,A,B,C,https://www.lovethework.com/work/entries/free-the-voices-769066,/awards/eurobest/2025/campaigns/free-the-voices-a-b-2025-5/
Eurobest,2025,CREATIVE DATA,Free The Voices ,A,B,C,https://www.lovethework.com/work/entries/free-the-voices-769002,/awards/eurobest/2025/campaigns/free-the-voices-a-b-2025-6/
Eurobest,2025,CREATIVE DATA,Free The Voices ,A,B,C,https://www.lovethework.com/work/entries/free-the-voices-769065,/awards/eurobest/2025/campaigns/free-the-voices-a-b-2025-7/
Eurobest,2025,CREATIVE DATA,Business To Your Ears ,A,B,C,https://www.lovethework.com/work/entries/business-to-your-ears-768940,/awards/eurobest/2025/campaigns/business-to-your-ears-a-b-2025-6/
Eurobest,2025,CREATIVE EFFECTIVENESS,Pass It On Use Your Vote European Elections 2024 ,A,B,C,https://ascentialcdn.filespin.io/api/v1/conversion/530aed4b8ab34715a6018927d183f627,/awards/eurobest/2025/campaigns/pass-it-on-use-your-vote-european-elections-2024-a-b-2025/
Eurobest,2025,CREATIVE EFFECTIVENESS,Renault Cars To Work ,A,B,C,https://ascentialcdn.filespin.io/api/v1/conversion/8eaea8d199c744b3acb53134e31d54c2,/awards/eurobest/2025/campaigns/renault-cars-to-work-a-b-2025/
Eurobest,2025,CREATIVE EFFECTIVENESS,Deal With The Trash ,A,B,C,https://ascentialcdn.filespin.io/api/v1/conversion/e47200b79a4846ad9d5babbe29d78cdf,/awards/eurobest/2025/campaigns/deal-with-the-trash-a-b-2025/
Eurobest,2025,CREATIVE EFFECTIVENESS,Urban Miner ,A,B,C,https://ascentialcdn.filespin.io/api/v1/conversion/50566a8f54214652b6d283340099eabc,/awards/eurobest/2025/campaigns/urban-miner-a-b-2025/
Eurobest,2025,CREATIVE EFFECTIVENESS,Pass It On Use Your Vote European Elections 2024 ,A,B,C,https://ascentialcdn.filespin.io/api/v1/conversion/530aed4b8ab34715a6018927d183f627,/awards/eurobest/2025/campaigns/pass-it-on-use-your-vote-european-elections-2024-a-b-2025-2/
Eurobest,2025,CREATIVE EFFECTIVENESS,Pass It On Use Your Vote European Elections 2024 ,A,B,C,https://ascentialcdn.filespin.io/api/v1/conversion/530aed4b8ab34715a6018927d183f627,/awards/eurobest/2025/campaigns/pass-it-on-use-your-vote-european-elections-2024-a-b-2025-3/
Eurobest,2025,CREATIVE EFFECTIVENESS,Giving A Voice To The Unheard ,A,B,C,https://ascentialcdn.filespin.io/api/v1/conversion/fbb038123a7547cd82b6f631890f6e7e,/awards/eurobest/2025/campaigns/giving-a-voice-to-the-unheard-a-b-2025/
Eurobest,2025,CREATIVE EFFECTIVENESS,A Hand Ball That Could Save Your Life ,A,B,C,https://ascentialcdn.filespin.io/api/v1/conversion/359d9cb064ca45bfb350134742894e68,/awards/eurobest/2025/campaigns/a-hand-ball-that-could-save-your-life-a-b-2025/
Eurobest,2025,CREATIVE EFFECTIVENESS,Renault Cars To Work ,A,B,C,https://ascentialcdn.filespin.io/api/v1/conversion/8eaea8d199c744b3acb53134e31d54c2,/awards/eurobest/2025/campaigns/renault-cars-to-work-a-b-2025-2/
Eurobest,2025,CREATIVE EFFECTIVENESS,Urban Miner ,A,B,C,https://ascentialcdn.filespin.io/api/v1/conversion/50566a8f54214652b6d283340099eabc,/awards/eurobest/2025/campaigns/urban-miner-a-b-2025-2/
Eurobest,2025,CREATIVE EFFECTIVENESS,A Hand Ball That Could Save Your Life ,A,B,C,https://www.lovethework.com/work/entries/a-hand-ball-that-could-save-your-life-768705,/awards/eurobest/2025/campaigns/a-hand-ball-that-could-save-your-life-a-b-2025-2/
Eurobest,2025,CREATIVE EFFECTIVENESS,Giving A Voice To The Unheard ,A,B,C,https://ascentialcdn.filespin.io/api/v1/conversion/fbb038123a7547cd82b6f631890f6e7e,/awards/eurobest/2025/campaigns/giving-a-voice-to-the-unheard-a-b-2025-2/
Eurobest,2025,CREATIVE EFFECTIVENESS,The Big Shake Up ,A,B,C,https://ascentialcdn.filespin.io/api/v1/conversion/32b5bc5181cc42b7a9ffbde1c00ce030,/awards/eurobest/2025/campaigns/the-big-shake-up-a-b-2025/
Eurobest,2025,CREATIVE EFFECTIVENESS,Renault Long Term ,A,B,C,https://www.lovethework.com/work/entries/renault-long-term-769455,/awards/eurobest/2025/campaigns/renault-long-term-a-b-2025-2/
Eurobest,2025,CREATIVE EFFECTIVENESS,Modtheveg ,A,B,C,https://ascentialcdn.filespin.io/api/v1/conversion/79d37b4901bc41c9a55114292d745d55,/awards/eurobest/2025/campaigns/modtheveg-a-b-2025/
Eurobest,2025,CREATIVE EFFECTIVENESS,Renault Cars To Work ,A,B,C,https://ascentialcdn.filespin.io/api/v1/conversion/8eaea8d199c744b3acb53134e31d54c2,/awards/eurobest/2025/campaigns/renault-cars-to-work-a-b-2025-3/
Eurobest,2025,CREATIVE EFFECTIVENESS,The Big Shake Up ,A,B,C,https://ascentialcdn.filespin.io/api/v1/conversion/32b5bc5181cc42b7a9ffbde1c00ce030,/awards/eurobest/2025/campaigns/the-big-shake-up-a-b-2025-2/
Eurobest,2025,CREATIVE EFFECTIVENESS,Giving A Voice To The Unheard ,A,B,C,https://ascentialcdn.filespin.io/api/v1/conversion/fbb038123a7547cd82b6f631890f6e7e,/awards/eurobest/2025/campaigns/giving-a-voice-to-the-unheard-a-b-2025-3/
Eurobest,2025,CREATIVE EFFECTIVENESS,Modtheveg ,A,B,C,https://www.lovethework.com/work/entries/modtheveg-768758,/awards/eurobest/2025/campaigns/modtheveg-a-b-2025-2/
Eurobest,2025,CREATIVE STRATEGY,Get Comfortable ,A,B,C,https://www.lovethework.com/work/entries/get-comfortable-768922,/awards/eurobest/2025/campaigns/get-comfortable-a-b-2025/
Eurobest,2025,CREATIVE STRATEGY,Axa Three Words ,A,B,C,https://www.lovethework.com/work/entries/axa-three-words-769291,/awards/eurobest/2025/campaigns/axa-three-words-a-b-2025-10/
Eurobest,2025,CREATIVE STRATEGY,See Them For Real ,A,B,C,https://www.lovethework.com/work/entries/see-them-for-real-769283,/awards/eurobest/2025/campaigns/see-them-for-real-a-b-2025/
Eurobest,2025,CREATIVE STRATEGY,Get Comfortable ,A,B,C,https://www.lovethework.com/work/entries/get-comfortable-769026,/awards/eurobest/2025/campaigns/get-comfortable-a-b-2025-2/
Eurobest,2025,CREATIVE STRATEGY,The 26Th Minute ,A,B,C,https://www.lovethework.com/work/entries/the-26th-minute-768917,/awards/eurobest/2025/campaigns/the-26th-minute-a-b-2025/
Eurobest,2025,CREATIVE STRATEGY,Creamotherapy ,A,B,C,https://www.lovethework.com/work/entries/creamotherapy-769041,/awards/eurobest/2025/campaigns/creamotherapy-a-b-2025/
Eurobest,2025,CREATIVE STRATEGY,Get Comfortable ,A,B,C,https://www.lovethework.com/work/entries/get-comfortable-769055,/awards/eurobest/2025/campaigns/get-comfortable-a-b-2025-3/
Eurobest,2025,CREATIVE STRATEGY,Its Time To Stop ,A,B,C,https://www.lovethework.com/work/entries/its-time-to-stop-769069,/awards/eurobest/2025/campaigns/its-time-to-stop-a-b-2025-3/
Eurobest,2025,CREATIVE STRATEGY,Mystery Trips ,A,B,C,https://www.lovethework.com/work/entries/mystery-trips-768895,/awards/eurobest/2025/campaigns/mystery-trips-a-b-2025/
Eurobest,2025,CREATIVE STRATEGY,Axa Three Words ,A,B,C,https://www.lovethework.com/work/entries/axa-three-words-769325,/awards/eurobest/2025/campaigns/axa-three-words-a-b-2025-11/
Eurobest,2025,CREATIVE STRATEGY,Steal Marinas Artwork ,A,B,C,https://www.lovethework.com/work/entries/steal-marinas-artwork-769054,/awards/eurobest/2025/campaigns/steal-marinas-artwork-a-b-2025/
Eurobest,2025,CREATIVE STRATEGY,The 26Th Minute ,A,B,C,https://www.lovethework.com/work/entries/the-26th-minute-769008,/awards/eurobest/2025/campaigns/the-26th-minute-a-b-2025-2/
Eurobest,2025,CREATIVE STRATEGY,Mommyphone ,A,B,C,https://www.lovethework.com/work/entries/mommyphone-769075,/awards/eurobest/2025/campaigns/mommyphone-a-b-2025-2/
Eurobest,2025,CREATIVE STRATEGY,Delivered By Tetris ,A,B,C,https://www.lovethework.com/work/entries/delivered-by-tetris-769019,/awards/eurobest/2025/campaigns/delivered-by-tetris-a-b-2025-6/
Eurobest,2025,CREATIVE STRATEGY,The Schneaky Espresso Martini Glass ,A,B,C,https://www.lovethework.com/work/entries/the-schneaky-espresso-martini-glass-769030,/awards/eurobest/2025/campaigns/the-schneaky-espresso-martini-glass-a-b-2025/
Eurobest,2025,CREATIVE STRATEGY,Its Time To Stop ,A,B,C,https://www.lovethework.com/work/entries/its-time-to-stop-768946,/awards/eurobest/2025/campaigns/its-time-to-stop-a-b-2025-4/
Eurobest,2025,CREATIVE STRATEGY,Mystery Trips ,A,B,C,https://www.lovethework.com/work/entries/mystery-trips-769418,/awards/eurobest/2025/campaigns/mystery-trips-a-b-2025-2/
Eurobest,2025,CREATIVE STRATEGY,New Generations Taxi ,A,B,C,https://www.lovethework.com/work/entries/new-generations-taxi-769003,/awards/eurobest/2025/campaigns/new-generations-taxi-a-b-2025/
Eurobest,2025,CREATIVE STRATEGY,R0B0 ,A,B,C,https://www.lovethework.com/work/entries/r0b0-768983,/awards/eurobest/2025/campaigns/r0b0-a-b-2025-4/
Eurobest,2025,CREATIVE STRATEGY,Upcycling For The Future ,A,B,C,https://www.lovethework.com/work/entries/upcycling-for-the-future-769444,/awards/eurobest/2025/campaigns/upcycling-for-the-future-a-b-2025-2/
Eurobest,2025,CREATIVE STRATEGY,Orange Saferphone ,A,B,C,https://www.lovethework.com/work/entries/orange-saferphone-769328,/awards/eurobest/2025/campaigns/orange-saferphone-a-b-2025-7/
Eurobest,2025,CREATIVE STRATEGY,Malm Democracity ,A,B,C,https://ascentialcdn.filespin.io/api/v1/conversion/94984d192cac42a0beffb8aa915b9ebf,/awards/eurobest/2025/campaigns/malm-democracity-a-b-2025-2/
Eurobest,2025,CREATIVE STRATEGY,Sights Of Tomorrow ,A,B,C,https://ascentialcdn.filespin.io/api/v1/conversion/a542046c9e4a4704b0c1f7f075a95f4c,/awards/eurobest/2025/campaigns/sights-of-tomorrow-a-b-2025-3/
Eurobest,2025,CREATIVE STRATEGY,Thisisbig Campaign ,A,B,C,https://www.lovethework.com/work/entries/thisisbig-campaign-768903,/awards/eurobest/2025/campaigns/thisisbig-campaign-a-b-2025/
Eurobest,2025,CREATIVE STRATEGY,Plug In Good Times ,A,B,C,https://www.lovethework.com/work/entries/plug-in-good-times-769300,/awards/eurobest/2025/campaigns/plug-in-good-times-a-b-2025/
Eurobest,2025,CREATIVE STRATEGY,The Unbearable Home ,A,B,C,https://www.lovethework.com/work/entries/the-unbearable-home-768935,/awards/eurobest/2025/campaigns/the-unbearable-home-a-b-2025/
Eurobest,2025,CREATIVE STRATEGY,Twitch X Pot Noodle Slurp Conquer Quest ,A,B,C,https://ascentialcdn.filespin.io/api/v1/conversion/0b2ed66301804878bea6f6475731afa5,/awards/eurobest/2025/campaigns/twitch-x-pot-noodle-slurp-conquer-quest-a-b-2025/
Eurobest,2025,CREATIVE STRATEGY,Iams Presents Waylon ,A,B,C,https://www.lovethework.com/work/entries/iams-presents-waylon-769017,/awards/eurobest/2025/campaigns/iams-presents-waylon-a-b-2025/
Eurobest,2025,CREATIVE STRATEGY,Algoflex Pain Ambassadors ,A,B,C,https://www.lovethework.com/work/entries/algoflex-pain-ambassadors-768898,/awards/eurobest/2025/campaigns/algoflex-pain-ambassadors-a-b-2025/
Eurobest,2025,CREATIVE STRATEGY,Twitch X Pot Noodle Slurp Conquer Quest ,A,B,C,https://ascentialcdn.filespin.io/api/v1/conversion/0b2ed66301804878bea6f6475731afa5,/awards/eurobest/2025/campaigns/twitch-x-pot-noodle-slurp-conquer-quest-a-b-2025-2/
Eurobest,2025,CREATIVE STRATEGY,Piecing It All Together To Break New Ground For A 20 Year Old Exhibition Business ,A,B,C,https://www.lovethework.com/work/entries/piecing-it-all-together-to-break-new-ground-for-a-20-year-old-exhibition-business-769417,/awards/eurobest/2025/campaigns/piecing-it-all-together-to-break-new-ground-for-a-20-year-old-exhibition-business-a-b-2025-2/
Eurobest,2025,CREATIVE STRATEGY,Deeper Dip Sauce ,A,B,C,https://www.lovethework.com/work/entries/deeper-dip-sauce-769423,/awards/eurobest/2025/campaigns/deeper-dip-sauce-a-b-2025-6/
Eurobest,2025,CREATIVE STRATEGY,The Case For Saving Water ,A,B,C,https://www.lovethework.com/work/entries/the-case-for-saving-water-769286,/awards/eurobest/2025/campaigns/the-case-for-saving-water-a-b-2025/
Eurobest,2025,CREATIVE STRATEGY,New Generations Taxi ,A,B,C,https://www.lovethework.com/work/entries/new-generations-taxi-769034,/awards/eurobest/2025/campaigns/new-generations-taxi-a-b-2025-2/
Eurobest,2025,CREATIVE STRATEGY,Share The First ,A,B,C,https://www.lovethework.com/work/entries/share-the-first-768994,/awards/eurobest/2025/campaigns/share-the-first-a-b-2025/
Eurobest,2025,CREATIVE STRATEGY,Axa Three Words ,A,B,C,https://www.lovethework.com/work/entries/axa-three-words-769341,/awards/eurobest/2025/campaigns/axa-three-words-a-b-2025-12/
Eurobest,2025,CREATIVE STRATEGY,Orange Saferphone ,A,B,C,https://www.lovethework.com/work/entries/orange-saferphone-769386,/awards/eurobest/2025/campaigns/orange-saferphone-a-b-2025-8/
Eurobest,2025,CREATIVE STRATEGY,Ban This Profile ,A,B,C,https://www.lovethework.com/work/entries/ban-this-profile-769416,/awards/eurobest/2025/campaigns/ban-this-profile-a-b-2025/
Eurobest,2025,CREATIVE STRATEGY,Renault Safety Car ,A,B,C,https://www.lovethework.com/work/entries/renault-safety-car-769178,/awards/eurobest/2025/campaigns/renault-safety-car-a-b-2025-4/
Eurobest,2025,CREATIVE STRATEGY,Share The First ,A,B,C,https://www.lovethework.com/work/entries/share-the-first-769024,/awards/eurobest/2025/campaigns/share-the-first-a-b-2025-2/
Eurobest,2025,CREATIVE STRATEGY,Renault Safety Car ,A,B,C,https://www.lovethework.com/work/entries/renault-safety-car-769334,/awards/eurobest/2025/campaigns/renault-safety-car-a-b-2025-5/
Eurobest,2025,CREATIVE STRATEGY,Preowned Second Hand Marketplace ,A,B,C,https://ascentialcdn.filespin.io/api/v1/conversion/85fb8064a7aa4a36a9cf8e0827707ca8,/awards/eurobest/2025/campaigns/preowned-second-hand-marketplace-a-b-2025-8/
Eurobest,2025,CREATIVE STRATEGY,The Weigh In ,A,B,C,https://www.lovethework.com/work/entries/the-weigh-in-769044,/awards/eurobest/2025/campaigns/the-weigh-in-a-b-2025/
Eurobest,2025,CREATIVE STRATEGY,Orange Saferphone ,A,B,C,https://www.lovethework.com/work/entries/orange-saferphone-769369,/awards/eurobest/2025/campaigns/orange-saferphone-a-b-2025-9/
Eurobest,2025,CREATIVE STRATEGY,Renault Long Term ,A,B,C,https://www.lovethework.com/work/entries/renault-long-term-769456,/awards/eurobest/2025/campaigns/renault-long-term-a-b-2025-3/
Eurobest,2025,CREATIVE STRATEGY,New Generations Taxi ,A,B,C,https://www.lovethework.com/work/entries/new-generations-taxi-768988,/awards/eurobest/2025/campaigns/new-generations-taxi-a-b-2025-3/
Eurobest,2025,CREATIVE STRATEGY,Demining Cambodia ,A,B,C,https://www.lovethework.com/work/entries/demining-cambodia-768954,/awards/eurobest/2025/campaigns/demining-cambodia-a-b-2025-3/
Eurobest,2025,CREATIVE STRATEGY,Finding Juliette ,A,B,C,https://www.lovethework.com/work/entries/finding-juliette-769431,/awards/eurobest/2025/campaigns/finding-juliette-a-b-2025/
Eurobest,2025,CREATIVE STRATEGY,Mystery Trips ,A,B,C,https://www.lovethework.com/work/entries/mystery-trips-769060,/awards/eurobest/2025/campaigns/mystery-trips-a-b-2025-3/
Eurobest,2025,CREATIVE STRATEGY,Greenflag The Undiscovered Economy ,A,B,C,https://www.lovethework.com/work/entries/greenflag-the-undiscovered-economy-769312,/awards/eurobest/2025/campaigns/greenflag-the-undiscovered-economy-a-b-2025-4/
Eurobest,2025,CREATIVE STRATEGY,The Mosaic ,A,B,C,https://www.lovethework.com/work/entries/the-mosaic-768924,/awards/eurobest/2025/campaigns/the-mosaic-a-b-2025-3/
Eurobest,2025,CREATIVE STRATEGY,Sights Of Tomorrow ,A,B,C,https://ascentialcdn.filespin.io/api/v1/conversion/a542046c9e4a4704b0c1f7f075a95f4c,/awards/eurobest/2025/campaigns/sights-of-tomorrow-a-b-2025-4/
Eurobest,2025,CREATIVE STRATEGY,Heineken Heimobile ,A,B,C,https://www.lovethework.com/work/entries/heineken-heimobile-769011,/awards/eurobest/2025/campaigns/heineken-heimobile-a-b-2025/
Eurobest,2025,DESIGN,It Has To Be Heinz ,A,B,C,https://www.lovethework.com/work/entries/it-has-to-be-heinz-768370,/awards/eurobest/2025/campaigns/it-has-to-be-heinz-a-b-2025/
Eurobest,2025,DESIGN,Priceless Diagrams ,A,B,C,https://ascentialcdn.filespin.io/api/v1/conversion/ee6f67d5c95e42378b6d9fa1496c47b5,/awards/eurobest/2025/campaigns/priceless-diagrams-a-b-2025/
Eurobest,2025,DESIGN,The Philharmonic Prints ,A,B,C,https://www.lovethework.com/work/entries/the-philharmonic-prints-768352,/awards/eurobest/2025/campaigns/the-philharmonic-prints-a-b-2025/
Eurobest,2025,DESIGN,News Perspectives ,A,B,C,https://ascentialcdn.filespin.io/api/v1/conversion/6b1aaacff36743c8b58e63bbf27df51d,/awards/eurobest/2025/campaigns/news-perspectives-a-b-2025/
Eurobest,2025,DESIGN,Designing Paris ,A,B,C,https://ascentialcdn.filespin.io/api/v1/conversion/d08dfedd3b1440c495f9825ba37be9ee,/awards/eurobest/2025/campaigns/designing-paris-a-b-2025-4/
Eurobest,2025,DESIGN,The Resurrection Beer ,A,B,C,https://www.lovethework.com/work/entries/the-resurrection-beer-768364,/awards/eurobest/2025/campaigns/the-resurrection-beer-a-b-2025-2/
Eurobest,2025,DESIGN,Winter Takes On Colors ,A,B,C,https://ascentialcdn.filespin.io/api/v1/conversion/4ff9778738a146549164d3153acb8808,/awards/eurobest/2025/campaigns/winter-takes-on-colors-a-b-2025-2/
Eurobest,2025,DESIGN,The Resurrection Beer ,A,B,C,https://www.lovethework.com/work/entries/the-resurrection-beer-768429,/awards/eurobest/2025/campaigns/the-resurrection-beer-a-b-2025-3/
Eurobest,2025,DESIGN,The Faroe Islands Space Program ,A,B,C,https://www.lovethework.com/work/entries/the-faroe-islands-space-program-768382,/awards/eurobest/2025/campaigns/the-faroe-islands-space-program-a-b-2025-6/
Eurobest,2025,DESIGN,The Flipper ,A,B,C,https://www.lovethework.com/work/entries/the-flipper-768333,/awards/eurobest/2025/campaigns/the-flipper-a-b-2025-3/
Eurobest,2025,DESIGN,Good Night Gaza ,A,B,C,https://ascentialcdn.filespin.io/api/v1/conversion/dc7dbd0f2dff40d0b7308c6e511d899d,/awards/eurobest/2025/campaigns/good-night-gaza-a-b-2025/
Eurobest,2025,DESIGN,Good To Read Packs ,A,B,C,https://www.lovethework.com/work/entries/good-to-read-packs-768297,/awards/eurobest/2025/campaigns/good-to-read-packs-a-b-2025/
Eurobest,2025,DESIGN,Ghost Town ,A,B,C,https://ascentialcdn.filespin.io/api/v1/conversion/32fe203a46d347e682c612730113dfce,/awards/eurobest/2025/campaigns/ghost-town-a-b-2025-3/
Eurobest,2025,DESIGN,The Mosaic ,A,B,C,https://ascentialcdn.filespin.io/api/v1/conversion/c9b526806ee64cbf8a7474c78134c60e,/awards/eurobest/2025/campaigns/the-mosaic-a-b-2025-4/
Eurobest,2025,DESIGN,Fanphones ,A,B,C,https://www.lovethework.com/work/entries/fanphones-768323,/awards/eurobest/2025/campaigns/fanphones-a-b-2025/
Eurobest,2025,DESIGN,Tiroler Festspiele Erl Brand Design ,A,B,C,https://www.lovethework.com/work/entries/tiroler-festspiele-erl-brand-design-768483,/awards/eurobest/2025/campaigns/tiroler-festspiele-erl-brand-design-a-b-2025/
Eurobest,2025,DESIGN,Designing Paris ,A,B,C,https://ascentialcdn.filespin.io/api/v1/conversion/d08dfedd3b1440c495f9825ba37be9ee,/awards/eurobest/2025/campaigns/designing-paris-a-b-2025-5/
Eurobest,2025,DESIGN,Pubic Service Announcement ,A,B,C,https://www.lovethework.com/work/entries/pubic-service-announcement-768413,/awards/eurobest/2025/campaigns/pubic-service-announcement-a-b-2025/
Eurobest,2025,DESIGN,Cancer For Sale ,A,B,C,https://www.lovethework.com/work/entries/cancer-for-sale-768419,/awards/eurobest/2025/campaigns/cancer-for-sale-a-b-2025/
Eurobest,2025,DESIGN,Glory Over Pain Corp ,A,B,C,https://ascentialcdn.filespin.io/api/v1/conversion/35d96eebd3254090af1a86d04991933d,/awards/eurobest/2025/campaigns/glory-over-pain-corp-a-b-2025/
Eurobest,2025,DESIGN,1837 Tiffany Blue Conservation ,A,B,C,https://ascentialcdn.filespin.io/api/v1/conversion/b6688c8279404ebfbe09bd9ddf1bf411,/awards/eurobest/2025/campaigns/1837-tiffany-blue-conservation-a-b-2025-3/
Eurobest,2025,DESIGN,The Wash Less Project ,A,B,C,https://www.lovethework.com/work/entries/the-wash-less-project-768484,/awards/eurobest/2025/campaigns/the-wash-less-project-a-b-2025/
Eurobest,2025,DESIGN,The Flipper ,A,B,C,https://www.lovethework.com/work/entries/the-flipper-768387,/awards/eurobest/2025/campaigns/the-flipper-a-b-2025-4/
Eurobest,2025,DESIGN,Un Classical Music ,A,B,C,https://ascentialcdn.filespin.io/api/v1/conversion/8f137893b2f44b62b1847aac916429cc,/awards/eurobest/2025/campaigns/un-classical-music-a-b-2025/
Eurobest,2025,DESIGN,Madrasta ,A,B,C,https://www.lovethework.com/work/entries/madrasta-768298,/awards/eurobest/2025/campaigns/madrasta-a-b-2025/
Eurobest,2025,DESIGN,Eurovision Song Contest 2025 Basel Visual Identity ,A,B,C,https://www.lovethework.com/work/entries/eurovision-song-contest-2025-basel-visual-identity-769106,/awards/eurobest/2025/campaigns/eurovision-song-contest-2025-basel-visual-identity-a-b-2025/
Eurobest,2025,DESIGN,More Than Just Clothes Sensory Book ,A,B,C,https://www.lovethework.com/work/entries/more-than-just-clothes-sensory-book-768471,/awards/eurobest/2025/campaigns/more-than-just-clothes-sensory-book-a-b-2025/
Eurobest,2025,DESIGN,1837 Tiffany Blue Conservation ,A,B,C,https://ascentialcdn.filespin.io/api/v1/conversion/b6688c8279404ebfbe09bd9ddf1bf411,/awards/eurobest/2025/campaigns/1837-tiffany-blue-conservation-a-b-2025-4/
Eurobest,2025,DESIGN,Control Space ,A,B,C,https://www.lovethework.com/work/entries/control-space-768316,/awards/eurobest/2025/campaigns/control-space-a-b-2025/
Eurobest,2025,DESIGN,Benches Of Hope ,A,B,C,https://www.lovethework.com/work/entries/benches-of-hope-768475,/awards/eurobest/2025/campaigns/benches-of-hope-a-b-2025/
Eurobest,2025,DESIGN,Back To The Future ,A,B,C,https://ascentialcdn.filespin.io/api/v1/conversion/d03479a9de534c6ea26e696cc6dc700b,/awards/eurobest/2025/campaigns/back-to-the-future-a-b-2025-2/
Eurobest,2025,DESIGN,Law Of The Land ,A,B,C,https://ascentialcdn.filespin.io/api/v1/conversion/f105e17971bd4e2e88cf6afa58f52b5a,/awards/eurobest/2025/campaigns/law-of-the-land-a-b-2025/
Eurobest,2025,DESIGN,Designing Paris ,A,B,C,https://ascentialcdn.filespin.io/api/v1/conversion/d08dfedd3b1440c495f9825ba37be9ee,/awards/eurobest/2025/campaigns/designing-paris-a-b-2025-6/
Eurobest,2025,DESIGN,Un Classical Music ,A,B,C,https://ascentialcdn.filespin.io/api/v1/conversion/af1e8c73774a42d6a2b7537ce5cf4cf0,/awards/eurobest/2025/campaigns/un-classical-music-a-b-2025-2/
Eurobest,2025,DESIGN,Data Driven Ai Powered Design System ,A,B,C,https://www.lovethework.com/work/entries/data-driven-ai-powered-design-system-768442,/awards/eurobest/2025/campaigns/data-driven-ai-powered-design-system-a-b-2025/
Eurobest,2025,DESIGN,More Than Just Clothes Sensory Book ,A,B,C,https://www.lovethework.com/work/entries/more-than-just-clothes-sensory-book-768391,/awards/eurobest/2025/campaigns/more-than-just-clothes-sensory-book-a-b-2025-2/
Eurobest,2025,DESIGN,The Official Rizla Game ,A,B,C,https://ascentialcdn.filespin.io/api/v1/conversion/d99fc337329c4ee7a3799eac48c3518d,/awards/eurobest/2025/campaigns/the-official-rizla-game-a-b-2025/
Eurobest,2025,DESIGN,Signs ,A,B,C,https://ascentialcdn.filespin.io/api/v1/conversion/dc239992deb4446d822f0455bc07cb05,/awards/eurobest/2025/campaigns/signs-a-b-2025/
Eurobest,2025,DESIGN,Fixables ,A,B,C,https://www.lovethework.com/work/entries/fixables-768376,/awards/eurobest/2025/campaigns/fixables-a-b-2025-7/
Eurobest,2025,DESIGN,R0B0 ,A,B,C,https://www.lovethework.com/work/entries/r0b0-768463,/awards/eurobest/2025/campaigns/r0b0-a-b-2025-5/
Eurobest,2025,DESIGN,More Than Just Clothes Sensory Book ,A,B,C,https://www.lovethework.com/work/entries/more-than-just-clothes-sensory-book-768488,/awards/eurobest/2025/campaigns/more-than-just-clothes-sensory-book-a-b-2025-3/
Eurobest,2025,DESIGN,Electric Beer ,A,B,C,https://www.lovethework.com/work/entries/electric-beer-768480,/awards/eurobest/2025/campaigns/electric-beer-a-b-2025-4/
Eurobest,2025,DESIGN,Chicken Rebrand ,A,B,C,https://ascentialcdn.filespin.io/api/v1/conversion/89fb54c720b448c982e44d42b0ba6f69,/awards/eurobest/2025/campaigns/chicken-rebrand-a-b-2025-5/
Eurobest,2025,DESIGN,Crosswalk Accident Chart ,A,B,C,https://www.lovethework.com/work/entries/crosswalk-accident-chart-768407,/awards/eurobest/2025/campaigns/crosswalk-accident-chart-a-b-2025-2/
Eurobest,2025,DESIGN,Protest Shields ,A,B,C,https://ascentialcdn.filespin.io/api/v1/conversion/fb6ef3470a6543ec81847ef07d25c3bb,/awards/eurobest/2025/campaigns/protest-shields-a-b-2025-2/
Eurobest,2025,DESIGN,Play By Song ,A,B,C,https://www.lovethework.com/work/entries/play-by-song-768451,/awards/eurobest/2025/campaigns/play-by-song-a-b-2025/
Eurobest,2025,DESIGN,Play By Song ,A,B,C,https://www.lovethework.com/work/entries/play-by-song-768338,/awards/eurobest/2025/campaigns/play-by-song-a-b-2025-2/
Eurobest,2025,DESIGN,Dei Turncoats Jackets For Those Who Turned On Equity ,A,B,C,https://www.lovethework.com/work/entries/dei-turncoats-jackets-for-those-who-turned-on-equity-768341,/awards/eurobest/2025/campaigns/dei-turncoats-jackets-for-those-who-turned-on-equity-a-b-2025/
Eurobest,2025,DESIGN,Lucky Bait ,A,B,C,https://ascentialcdn.filespin.io/api/v1/conversion/3a3a5acaf3364ce69c5c4063037e7bc7,/awards/eurobest/2025/campaigns/lucky-bait-a-b-2025/
Eurobest,2025,DESIGN,Un Classical Music ,A,B,C,https://ascentialcdn.filespin.io/api/v1/conversion/af1e8c73774a42d6a2b7537ce5cf4cf0,/awards/eurobest/2025/campaigns/un-classical-music-a-b-2025-3/
Eurobest,2025,DESIGN,The Wash Less Project ,A,B,C,https://www.lovethework.com/work/entries/the-wash-less-project-768456,/awards/eurobest/2025/campaigns/the-wash-less-project-a-b-2025-2/
Eurobest,2025,DESIGN,Benches Of Hope ,A,B,C,https://www.lovethework.com/work/entries/benches-of-hope-768294,/awards/eurobest/2025/campaigns/benches-of-hope-a-b-2025-2/
Eurobest,2025,DESIGN,The Official Rizla Game ,A,B,C,https://ascentialcdn.filespin.io/api/v1/conversion/d99fc337329c4ee7a3799eac48c3518d,/awards/eurobest/2025/campaigns/the-official-rizla-game-a-b-2025-2/
Eurobest,2025,DESIGN,The Remco Reflex ,A,B,C,https://ascentialcdn.filespin.io/api/v1/conversion/144fc9ac1135439aa748f4d6cbd0af8c,/awards/eurobest/2025/campaigns/the-remco-reflex-a-b-2025/
Eurobest,2025,DESIGN,Play By Song ,A,B,C,https://www.lovethework.com/work/entries/play-by-song-768305,/awards/eurobest/2025/campaigns/play-by-song-a-b-2025-3/
Eurobest,2025,DESIGN,Asmodee Rebranding ,A,B,C,https://www.lovethework.com/work/entries/asmodee-rebranding-768369,/awards/eurobest/2025/campaigns/asmodee-rebranding-a-b-2025/
Eurobest,2025,DESIGN,Flags Of Unity ,A,B,C,https://ascentialcdn.filespin.io/api/v1/conversion/33c9e94221ec492cbc6ba97266ff718a,/awards/eurobest/2025/campaigns/flags-of-unity-a-b-2025/
Eurobest,2025,DESIGN,Good To Read Packs ,A,B,C,https://www.lovethework.com/work/entries/good-to-read-packs-768422,/awards/eurobest/2025/campaigns/good-to-read-packs-a-b-2025-2/
Eurobest,2025,DESIGN,Electric Beer ,A,B,C,https://www.lovethework.com/work/entries/electric-beer-768464,/awards/eurobest/2025/campaigns/electric-beer-a-b-2025-5/
Eurobest,2025,DESIGN,Chicken Rebrand ,A,B,C,https://ascentialcdn.filespin.io/api/v1/conversion/89fb54c720b448c982e44d42b0ba6f69,/awards/eurobest/2025/campaigns/chicken-rebrand-a-b-2025-6/
Eurobest,2025,DESIGN,Chicken Rebrand ,A,B,C,https://ascentialcdn.filespin.io/api/v1/conversion/89fb54c720b448c982e44d42b0ba6f69,/awards/eurobest/2025/campaigns/chicken-rebrand-a-b-2025-7/
Eurobest,2025,DESIGN,45Th Fide Chess Olympiad Budapest 2024 ,A,B,C,https://www.lovethework.com/work/entries/45th-fide-chess-olympiad-budapest-2024-768325,/awards/eurobest/2025/campaigns/45th-fide-chess-olympiad-budapest-2024-a-b-2025/
Eurobest,2025,DESIGN,Ghost Town ,A,B,C,https://ascentialcdn.filespin.io/api/v1/conversion/5f4de092eec04126a15b97d5ca55c853,/awards/eurobest/2025/campaigns/ghost-town-a-b-2025-4/
Eurobest,2025,DESIGN,Chicken Rebrand ,A,B,C,https://ascentialcdn.filespin.io/api/v1/conversion/89fb54c720b448c982e44d42b0ba6f69,/awards/eurobest/2025/campaigns/chicken-rebrand-a-b-2025-8/
Eurobest,2025,DESIGN,One Digital Experience ,A,B,C,https://www.lovethework.com/work/entries/one-digital-experience-768477,/awards/eurobest/2025/campaigns/one-digital-experience-a-b-2025-2/
Eurobest,2025,DESIGN,1837 Tiffany Blue Conservation ,A,B,C,https://ascentialcdn.filespin.io/api/v1/conversion/b6688c8279404ebfbe09bd9ddf1bf411,/awards/eurobest/2025/campaigns/1837-tiffany-blue-conservation-a-b-2025-5/
Eurobest,2025,DESIGN,Fixables ,A,B,C,https://www.lovethework.com/work/entries/fixables-768392,/awards/eurobest/2025/campaigns/fixables-a-b-2025-8/
Eurobest,2025,DESIGN,Moments Before ,A,B,C,https://www.lovethework.com/work/entries/moments-before-768307,/awards/eurobest/2025/campaigns/moments-before-a-b-2025/
Eurobest,2025,DESIGN,Wall Of Will ,A,B,C,https://www.lovethework.com/work/entries/wall-of-will-768312,/awards/eurobest/2025/campaigns/wall-of-will-a-b-2025/
Eurobest,2025,DESIGN,Benches Of Hope ,A,B,C,https://www.lovethework.com/work/entries/benches-of-hope-768379,/awards/eurobest/2025/campaigns/benches-of-hope-a-b-2025-3/
Eurobest,2025,DESIGN,More Than Just Clothes Sensory Book ,A,B,C,https://www.lovethework.com/work/entries/more-than-just-clothes-sensory-book-768462,/awards/eurobest/2025/campaigns/more-than-just-clothes-sensory-book-a-b-2025-4/
Eurobest,2025,DESIGN,Back To The Future ,A,B,C,https://ascentialcdn.filespin.io/api/v1/conversion/e448e8feda4043058ae3dfdf07d27aed,/awards/eurobest/2025/campaigns/back-to-the-future-a-b-2025-3/
Eurobest,2025,DESIGN,Toy Reclaim ,A,B,C,https://ascentialcdn.filespin.io/api/v1/conversion/0d19830ceb504a2ab58d4102458cb214,/awards/eurobest/2025/campaigns/toy-reclaim-a-b-2025/
Eurobest,2025,DESIGN,Play By Song ,A,B,C,https://www.lovethework.com/work/entries/play-by-song-768296,/awards/eurobest/2025/campaigns/play-by-song-a-b-2025-4/
Eurobest,2025,DESIGN,Dark Arts Packaging ,A,B,C,https://ascentialcdn.filespin.io/api/v1/conversion/5611c1c63e9640dea529ae9c000e9802,/awards/eurobest/2025/campaigns/dark-arts-packaging-a-b-2025/
Eurobest,2025,DESIGN,Online The Law Protects This Artwork Better Than It Protects Women ,A,B,C,https://www.lovethework.com/work/entries/online-the-law-protects-this-artwork-better-than-it-protects-women-769123,/awards/eurobest/2025/campaigns/online-the-law-protects-this-artwork-better-than-it-protects-women-a-b-2025-3/
Eurobest,2025,DESIGN,Rebranding Museum Of Military History Vienna ,A,B,C,https://www.lovethework.com/work/entries/rebranding-museum-of-military-history-vienna-768411,/awards/eurobest/2025/campaigns/rebranding-museum-of-military-history-vienna-a-b-2025/
Eurobest,2025,DESIGN,Dead Flower Shop ,A,B,C,https://www.lovethework.com/work/entries/dead-flower-shop-768332,/awards/eurobest/2025/campaigns/dead-flower-shop-a-b-2025-2/
Eurobest,2025,DESIGN,Bloombeats ,A,B,C,https://ascentialcdn.filespin.io/api/v1/conversion/eafae1e5d3504c199a6b21f14fa45cba,/awards/eurobest/2025/campaigns/bloombeats-a-b-2025/
Eurobest,2025,DESIGN,Benches Of Hope ,A,B,C,https://www.lovethework.com/work/entries/benches-of-hope-768421,/awards/eurobest/2025/campaigns/benches-of-hope-a-b-2025-4/
Eurobest,2025,DESIGN,Bloombeats ,A,B,C,https://www.lovethework.com/work/entries/bloombeats-768482,/awards/eurobest/2025/campaigns/bloombeats-a-b-2025-2/
Eurobest,2025,DESIGN,Fixables ,A,B,C,https://www.lovethework.com/work/entries/fixables-768431,/awards/eurobest/2025/campaigns/fixables-a-b-2025-9/
Eurobest,2025,DESIGN,Deeper Dip Sauce ,A,B,C,https://www.lovethework.com/work/entries/deeper-dip-sauce-768306,/awards/eurobest/2025/campaigns/deeper-dip-sauce-a-b-2025-7/
Eurobest,2025,DESIGN,Rechemistry Branding ,A,B,C,https://ascentialcdn.filespin.io/api/v1/conversion/f49e3a0aa9b441dc8cf4b59d3c9b32f0,/awards/eurobest/2025/campaigns/rechemistry-branding-a-b-2025/
Eurobest,2025,DESIGN,Signs ,A,B,C,https://ascentialcdn.filespin.io/api/v1/conversion/dc239992deb4446d822f0455bc07cb05,/awards/eurobest/2025/campaigns/signs-a-b-2025-2/
Eurobest,2025,DIGITAL CRAFT,Daisy Vs Scammers ,A,B,C,https://www.lovethework.com/work/entries/daisy-vs-scammers-768902,/awards/eurobest/2025/campaigns/daisy-vs-scammers-a-b-2025/
Eurobest,2025,DIGITAL CRAFT,Kia Soundscapes ,A,B,C,https://www.lovethework.com/work/entries/kia-soundscapes-769077,/awards/eurobest/2025/campaigns/kia-soundscapes-a-b-2025-7/
Eurobest,2025,DIGITAL CRAFT,Signs ,A,B,C,https://ascentialcdn.filespin.io/api/v1/conversion/dc239992deb4446d822f0455bc07cb05,/awards/eurobest/2025/campaigns/signs-a-b-2025-3/
Eurobest,2025,DIGITAL CRAFT,Kia Soundscapes ,A,B,C,https://www.lovethework.com/work/entries/kia-soundscapes-768998,/awards/eurobest/2025/campaigns/kia-soundscapes-a-b-2025-8/
Eurobest,2025,DIGITAL CRAFT,Kia Soundscapes ,A,B,C,https://www.lovethework.com/work/entries/kia-soundscapes-769009,/awards/eurobest/2025/campaigns/kia-soundscapes-a-b-2025-9/
Eurobest,2025,DIGITAL CRAFT,The 4Th Judge ,A,B,C,https://www.lovethework.com/work/entries/the-4th-judge-768911,/awards/eurobest/2025/campaigns/the-4th-judge-a-b-2025-4/
Eurobest,2025,DIGITAL CRAFT,Bloombeats ,A,B,C,https://www.lovethework.com/work/entries/bloombeats-768907,/awards/eurobest/2025/campaigns/bloombeats-a-b-2025-3/
Eurobest,2025,DIGITAL CRAFT,Signs ,A,B,C,https://ascentialcdn.filespin.io/api/v1/conversion/dc239992deb4446d822f0455bc07cb05,/awards/eurobest/2025/campaigns/signs-a-b-2025-4/
Eurobest,2025,DIGITAL CRAFT,Allevia Pollen Passport ,A,B,C,https://ascentialcdn.filespin.io/api/v1/conversion/7d7c371fde1744d6b68059aecf182854,/awards/eurobest/2025/campaigns/allevia-pollen-passport-a-b-2025-3/
Eurobest,2025,DIGITAL CRAFT,Moments Before ,A,B,C,https://www.lovethework.com/work/entries/moments-before-769057,/awards/eurobest/2025/campaigns/moments-before-a-b-2025-2/
Eurobest,2025,DIGITAL CRAFT,Olfactory Symphony ,A,B,C,https://www.lovethework.com/work/entries/olfactory-symphony-768987,/awards/eurobest/2025/campaigns/olfactory-symphony-a-b-2025-4/
Eurobest,2025,DIGITAL CRAFT,Digging Mozart ,A,B,C,https://www.lovethework.com/work/entries/digging-mozart-769042,/awards/eurobest/2025/campaigns/digging-mozart-a-b-2025-3/
Eurobest,2025,DIGITAL CRAFT,The Faroe Islands Space Program ,A,B,C,https://www.lovethework.com/work/entries/the-faroe-islands-space-program-768921,/awards/eurobest/2025/campaigns/the-faroe-islands-space-program-a-b-2025-7/
Eurobest,2025,DIGITAL CRAFT,Wifi Invasion ,A,B,C,https://www.lovethework.com/work/entries/wifi-invasion-768926,/awards/eurobest/2025/campaigns/wifi-invasion-a-b-2025-2/
Eurobest,2025,DIGITAL CRAFT,The 4Th Judge ,A,B,C,https://www.lovethework.com/work/entries/the-4th-judge-769018,/awards/eurobest/2025/campaigns/the-4th-judge-a-b-2025-5/
Eurobest,2025,DIGITAL CRAFT,The Evolution Of Furnace ,A,B,C,https://ascentialcdn.filespin.io/api/v1/conversion/a55b22554fb445aa9bf602325beb6436,/awards/eurobest/2025/campaigns/the-evolution-of-furnace-a-b-2025/
Eurobest,2025,DIGITAL CRAFT,Mcdonalds Magic Stories ,A,B,C,https://ascentialcdn.filespin.io/api/v1/conversion/5dd207725697454ea96e49cd36c49fb6,/awards/eurobest/2025/campaigns/mcdonalds-magic-stories-a-b-2025-2/
Eurobest,2025,DIGITAL CRAFT,The Evolution Of Furnace ,A,B,C,https://ascentialcdn.filespin.io/api/v1/conversion/a55b22554fb445aa9bf602325beb6436,/awards/eurobest/2025/campaigns/the-evolution-of-furnace-a-b-2025-2/
Eurobest,2025,DIGITAL CRAFT,The Faroe Islands Space Program ,A,B,C,https://www.lovethework.com/work/entries/the-faroe-islands-space-program-769050,/awards/eurobest/2025/campaigns/the-faroe-islands-space-program-a-b-2025-8/
Eurobest,2025,DIGITAL CRAFT,Camdom ,A,B,C,https://www.lovethework.com/work/entries/camdom-768894,/awards/eurobest/2025/campaigns/camdom-a-b-2025-4/
Eurobest,2025,DIGITAL CRAFT,Sipcodes ,A,B,C,https://ascentialcdn.filespin.io/api/v1/conversion/68fd504c3329405f85d934733ecde6db,/awards/eurobest/2025/campaigns/sipcodes-a-b-2025-5/
Eurobest,2025,DIGITAL CRAFT,Digging Mozart ,A,B,C,https://www.lovethework.com/work/entries/digging-mozart-768937,/awards/eurobest/2025/campaigns/digging-mozart-a-b-2025-4/
Eurobest,2025,DIGITAL CRAFT,Digging Mozart ,A,B,C,https://www.lovethework.com/work/entries/digging-mozart-768914,/awards/eurobest/2025/campaigns/digging-mozart-a-b-2025-5/
Eurobest,2025,DIGITAL CRAFT,Welcome To Sunny Val ,A,B,C,https://www.lovethework.com/work/entries/welcome-to-sunny-val-768938,/awards/eurobest/2025/campaigns/welcome-to-sunny-val-a-b-2025/
Eurobest,2025,DIGITAL CRAFT,The 4Th Judge ,A,B,C,https://www.lovethework.com/work/entries/the-4th-judge-769068,/awards/eurobest/2025/campaigns/the-4th-judge-a-b-2025-6/
Eurobest,2025,DIGITAL CRAFT,Olfactory Symphony ,A,B,C,https://www.lovethework.com/work/entries/olfactory-symphony-768891,/awards/eurobest/2025/campaigns/olfactory-symphony-a-b-2025-5/
Eurobest,2025,DIGITAL CRAFT,The Faroe Islands Space Program ,A,B,C,https://www.lovethework.com/work/entries/the-faroe-islands-space-program-768941,/awards/eurobest/2025/campaigns/the-faroe-islands-space-program-a-b-2025-9/
Eurobest,2025,DIGITAL CRAFT,Boomtown Unboxed ,A,B,C,https://www.lovethework.com/work/entries/boomtown-unboxed-769399,/awards/eurobest/2025/campaigns/boomtown-unboxed-a-b-2025-5/
Eurobest,2025,DIGITAL CRAFT,Welcome To Sunny Val ,A,B,C,https://www.lovethework.com/work/entries/welcome-to-sunny-val-768947,/awards/eurobest/2025/campaigns/welcome-to-sunny-val-a-b-2025-2/
Eurobest,2025,DIGITAL CRAFT,Own Your World ,A,B,C,https://www.lovethework.com/work/entries/own-your-world-768973,/awards/eurobest/2025/campaigns/own-your-world-a-b-2025/
Eurobest,2025,DIGITAL CRAFT,Bloombeats ,A,B,C,https://ascentialcdn.filespin.io/api/v1/conversion/44648f6bce4744adb2aed83e570fee7e,/awards/eurobest/2025/campaigns/bloombeats-a-b-2025-4/
Eurobest,2025,DIGITAL CRAFT,R0B0 ,A,B,C,https://www.lovethework.com/work/entries/r0b0-769076,/awards/eurobest/2025/campaigns/r0b0-a-b-2025-6/
Eurobest,2025,DIGITAL CRAFT,Bloombeats ,A,B,C,https://www.lovethework.com/work/entries/bloombeats-769064,/awards/eurobest/2025/campaigns/bloombeats-a-b-2025-5/
Eurobest,2025,DIGITAL CRAFT,Samsung Sleep Self ,A,B,C,https://www.lovethework.com/work/entries/samsung-sleep-self-769061,/awards/eurobest/2025/campaigns/samsung-sleep-self-a-b-2025/
Eurobest,2025,DIGITAL CRAFT,Bloombeats ,A,B,C,https://www.lovethework.com/work/entries/bloombeats-769081,/awards/eurobest/2025/campaigns/bloombeats-a-b-2025-6/
Eurobest,2025,DIGITAL CRAFT,My Top Netflix ,A,B,C,https://www.lovethework.com/work/entries/my-top-netflix-768950,/awards/eurobest/2025/campaigns/my-top-netflix-a-b-2025/
Eurobest,2025,DIGITAL CRAFT,One Digital Experience ,A,B,C,https://www.lovethework.com/work/entries/one-digital-experience-768932,/awards/eurobest/2025/campaigns/one-digital-experience-a-b-2025-3/
Eurobest,2025,DIRECT,Axa Three Words ,A,B,C,https://www.lovethework.com/work/entries/axa-three-words-769343,/awards/eurobest/2025/campaigns/axa-three-words-a-b-2025-13/
Eurobest,2025,DIRECT,Pub Succession ,A,B,C,https://ascentialcdn.filespin.io/api/v1/conversion/a8d4e72bb1ce47508dcea8db73d16b01,/awards/eurobest/2025/campaigns/pub-succession-a-b-2025-7/
Eurobest,2025,DIRECT,Axa Three Words ,A,B,C,https://www.lovethework.com/work/entries/axa-three-words-769204,/awards/eurobest/2025/campaigns/axa-three-words-a-b-2025-14/
Eurobest,2025,DIRECT,Burger To King ,A,B,C,https://ascentialcdn.filespin.io/api/v1/conversion/3ebd51dbe44f4d998f3b1f51b83437ce,/awards/eurobest/2025/campaigns/burger-to-king-a-b-2025-6/
Eurobest,2025,DIRECT,Edible Soap ,A,B,C,https://ascentialcdn.filespin.io/api/v1/conversion/c0d5c78d61974d83916dd83d2ae5b043,/awards/eurobest/2025/campaigns/edible-soap-a-b-2025/
Eurobest,2025,DIRECT,Axa Three Words ,A,B,C,https://www.lovethework.com/work/entries/axa-three-words-769180,/awards/eurobest/2025/campaigns/axa-three-words-a-b-2025-15/
Eurobest,2025,DIRECT,The Kidney Pass ,A,B,C,https://ascentialcdn.filespin.io/api/v1/conversion/e6e5f93f64424f63a41dc5ccc8acf62c,/awards/eurobest/2025/campaigns/the-kidney-pass-a-b-2025-4/
Eurobest,2025,DIRECT,Burger To King ,A,B,C,https://ascentialcdn.filespin.io/api/v1/conversion/3ebd51dbe44f4d998f3b1f51b83437ce,/awards/eurobest/2025/campaigns/burger-to-king-a-b-2025-7/
Eurobest,2025,DIRECT,The Black Dogs ,A,B,C,https://ascentialcdn.filespin.io/api/v1/conversion/30aec1c3378c43f3845d46d7e83d4bf5,/awards/eurobest/2025/campaigns/the-black-dogs-a-b-2025/
Eurobest,2025,DIRECT,Harmoniser ,A,B,C,https://ascentialcdn.filespin.io/api/v1/conversion/bd69a0303076425391bbc54c35136f07,/awards/eurobest/2025/campaigns/harmoniser-a-b-2025-6/
Eurobest,2025,DIRECT,Oreo Square Cookie ,A,B,C,https://ascentialcdn.filespin.io/api/v1/conversion/0146097cf9cb49da91ffc866aa5dec72,/awards/eurobest/2025/campaigns/oreo-square-cookie-a-b-2025-6/
Eurobest,2025,DIRECT,Renault Recruitment Race ,A,B,C,https://www.lovethework.com/work/entries/renault-recruitment-race-769353,/awards/eurobest/2025/campaigns/renault-recruitment-race-a-b-2025-2/
Eurobest,2025,DIRECT,Omnilivery ,A,B,C,https://ascentialcdn.filespin.io/api/v1/conversion/269c9c8b1fac410e89e3266ab0338cf4,/awards/eurobest/2025/campaigns/omnilivery-a-b-2025-3/
Eurobest,2025,DIRECT,Oreo Square Cookie ,A,B,C,https://ascentialcdn.filespin.io/api/v1/conversion/0146097cf9cb49da91ffc866aa5dec72,/awards/eurobest/2025/campaigns/oreo-square-cookie-a-b-2025-7/
Eurobest,2025,DIRECT,Better Late Than Never ,A,B,C,https://www.lovethework.com/work/entries/better-late-than-never-767948,/awards/eurobest/2025/campaigns/better-late-than-never-a-b-2025/
Eurobest,2025,DIRECT,Staredown ,A,B,C,https://ascentialcdn.filespin.io/api/v1/conversion/3d45a2c050a249abacd966ad7682458e,/awards/eurobest/2025/campaigns/staredown-a-b-2025-4/
Eurobest,2025,DIRECT,The Kidney Pass ,A,B,C,https://ascentialcdn.filespin.io/api/v1/conversion/e6e5f93f64424f63a41dc5ccc8acf62c,/awards/eurobest/2025/campaigns/the-kidney-pass-a-b-2025-5/
Eurobest,2025,DIRECT,Fixables ,A,B,C,https://www.lovethework.com/work/entries/fixables-768093,/awards/eurobest/2025/campaigns/fixables-a-b-2025-10/
Eurobest,2025,DIRECT,Pub Succession ,A,B,C,https://ascentialcdn.filespin.io/api/v1/conversion/a8d4e72bb1ce47508dcea8db73d16b01,/awards/eurobest/2025/campaigns/pub-succession-a-b-2025-8/
Eurobest,2025,DIRECT,Fixables ,A,B,C,https://www.lovethework.com/work/entries/fixables-768139,/awards/eurobest/2025/campaigns/fixables-a-b-2025-11/
Eurobest,2025,DIRECT,Omnilivery ,A,B,C,https://ascentialcdn.filespin.io/api/v1/conversion/269c9c8b1fac410e89e3266ab0338cf4,/awards/eurobest/2025/campaigns/omnilivery-a-b-2025-4/
Eurobest,2025,DIRECT,The Black Dogs ,A,B,C,https://ascentialcdn.filespin.io/api/v1/conversion/30aec1c3378c43f3845d46d7e83d4bf5,/awards/eurobest/2025/campaigns/the-black-dogs-a-b-2025-2/
Eurobest,2025,DIRECT,Life Donor Card ,A,B,C,https://ascentialcdn.filespin.io/api/v1/conversion/840443c9ab3145abb1d45d31707245bb,/awards/eurobest/2025/campaigns/life-donor-card-a-b-2025-5/
Eurobest,2025,DIRECT,9 Volt Battery Flavor ,A,B,C,https://ascentialcdn.filespin.io/api/v1/conversion/5d31df93d85449099d71a71dfa4d1683,/awards/eurobest/2025/campaigns/9-volt-battery-flavor-a-b-2025-4/
Eurobest,2025,DIRECT,The Beaba Notice ,A,B,C,https://www.lovethework.com/work/entries/the-beaba-notice-768044,/awards/eurobest/2025/campaigns/the-beaba-notice-a-b-2025/
Eurobest,2025,DIRECT,Harmoniser ,A,B,C,https://ascentialcdn.filespin.io/api/v1/conversion/bd69a0303076425391bbc54c35136f07,/awards/eurobest/2025/campaigns/harmoniser-a-b-2025-7/
Eurobest,2025,DIRECT,The Flipper ,A,B,C,https://www.lovethework.com/work/entries/the-flipper-767999,/awards/eurobest/2025/campaigns/the-flipper-a-b-2025-5/
Eurobest,2025,DIRECT,Life Donor Card ,A,B,C,https://ascentialcdn.filespin.io/api/v1/conversion/840443c9ab3145abb1d45d31707245bb,/awards/eurobest/2025/campaigns/life-donor-card-a-b-2025-6/
Eurobest,2025,DIRECT,9 Volt Battery Flavor ,A,B,C,https://ascentialcdn.filespin.io/api/v1/conversion/5d31df93d85449099d71a71dfa4d1683,/awards/eurobest/2025/campaigns/9-volt-battery-flavor-a-b-2025-5/
Eurobest,2025,DIRECT,Heineken Heimobile ,A,B,C,https://www.lovethework.com/work/entries/heineken-heimobile-768191,/awards/eurobest/2025/campaigns/heineken-heimobile-a-b-2025-2/
Eurobest,2025,DIRECT,My First Investment ,A,B,C,https://ascentialcdn.filespin.io/api/v1/conversion/5b53be55adbd43ba9ce80dc54340be57,/awards/eurobest/2025/campaigns/my-first-investment-a-b-2025-5/
Eurobest,2025,DIRECT,Real Men ,A,B,C,https://www.lovethework.com/work/entries/real-men-767990,/awards/eurobest/2025/campaigns/real-men-a-b-2025/
Eurobest,2025,DIRECT,9 Volt Battery Flavor ,A,B,C,https://ascentialcdn.filespin.io/api/v1/conversion/5d31df93d85449099d71a71dfa4d1683,/awards/eurobest/2025/campaigns/9-volt-battery-flavor-a-b-2025-6/
Eurobest,2025,DIRECT,My First Investment ,A,B,C,https://ascentialcdn.filespin.io/api/v1/conversion/5b53be55adbd43ba9ce80dc54340be57,/awards/eurobest/2025/campaigns/my-first-investment-a-b-2025-6/
Eurobest,2025,DIRECT,Steal Marinas Artwork ,A,B,C,https://www.lovethework.com/work/entries/steal-marinas-artwork-768079,/awards/eurobest/2025/campaigns/steal-marinas-artwork-a-b-2025-2/
Eurobest,2025,DIRECT,Faxvertising ,A,B,C,https://www.lovethework.com/work/entries/faxvertising-768025,/awards/eurobest/2025/campaigns/faxvertising-a-b-2025-4/
Eurobest,2025,DIRECT,Urgent Action Action Pressante ,A,B,C,https://ascentialcdn.filespin.io/api/v1/conversion/1e58d6d4521240829ab3f6b2db2be393,/awards/eurobest/2025/campaigns/urgent-action-action-pressante-a-b-2025/
Eurobest,2025,DIRECT,The Forbidden Times ,A,B,C,https://www.lovethework.com/work/entries/the-forbidden-times-768108,/awards/eurobest/2025/campaigns/the-forbidden-times-a-b-2025/
Eurobest,2025,DIRECT,Working With Cancer Screening Time Off ,A,B,C,https://www.lovethework.com/work/entries/working-with-cancer-screening-time-off-769189,/awards/eurobest/2025/campaigns/working-with-cancer-screening-time-off-a-b-2025-3/
Eurobest,2025,DIRECT,Heineken Heimobile ,A,B,C,https://www.lovethework.com/work/entries/heineken-heimobile-768010,/awards/eurobest/2025/campaigns/heineken-heimobile-a-b-2025-3/
Eurobest,2025,DIRECT,Wifi Invasion ,A,B,C,https://www.lovethework.com/work/entries/wifi-invasion-767937,/awards/eurobest/2025/campaigns/wifi-invasion-a-b-2025-3/
Eurobest,2025,DIRECT,Staredown ,A,B,C,https://ascentialcdn.filespin.io/api/v1/conversion/3d45a2c050a249abacd966ad7682458e,/awards/eurobest/2025/campaigns/staredown-a-b-2025-5/
Eurobest,2025,DIRECT,My Top Netflix ,A,B,C,https://www.lovethework.com/work/entries/my-top-netflix-767932,/awards/eurobest/2025/campaigns/my-top-netflix-a-b-2025-2/
Eurobest,2025,DIRECT,Pub Delivery ,A,B,C,https://www.lovethework.com/work/entries/pub-delivery-768073,/awards/eurobest/2025/campaigns/pub-delivery-a-b-2025-3/
Eurobest,2025,DIRECT,The Parental Leave Mortgage ,A,B,C,https://ascentialcdn.filespin.io/api/v1/conversion/a8b9edfd44de47b893b950770030cf54,/awards/eurobest/2025/campaigns/the-parental-leave-mortgage-a-b-2025-7/
Eurobest,2025,DIRECT,Voting Atm ,A,B,C,https://ascentialcdn.filespin.io/api/v1/conversion/163034bb635441d6b66c4236644fc5b0,/awards/eurobest/2025/campaigns/voting-atm-a-b-2025-2/
Eurobest,2025,DIRECT,Design Your Sleep While You Sleep ,A,B,C,https://www.lovethework.com/work/entries/design-your-sleep-while-you-sleep-767945,/awards/eurobest/2025/campaigns/design-your-sleep-while-you-sleep-a-b-2025-3/
Eurobest,2025,DIRECT,The Parental Leave Mortgage ,A,B,C,https://ascentialcdn.filespin.io/api/v1/conversion/a8b9edfd44de47b893b950770030cf54,/awards/eurobest/2025/campaigns/the-parental-leave-mortgage-a-b-2025-8/
Eurobest,2025,DIRECT,Unlocking The Game ,A,B,C,https://www.lovethework.com/work/entries/unlocking-the-game-768060,/awards/eurobest/2025/campaigns/unlocking-the-game-a-b-2025-13/
Eurobest,2025,DIRECT,The Official Rizla Game ,A,B,C,https://ascentialcdn.filespin.io/api/v1/conversion/d99fc337329c4ee7a3799eac48c3518d,/awards/eurobest/2025/campaigns/the-official-rizla-game-a-b-2025-3/
Eurobest,2025,DIRECT,Beaba ,A,B,C,https://www.lovethework.com/work/entries/beaba-767959,/awards/eurobest/2025/campaigns/beaba-a-b-2025/
Eurobest,2025,DIRECT,Speed Shields ,A,B,C,https://www.lovethework.com/work/entries/speed-shields-768065,/awards/eurobest/2025/campaigns/speed-shields-a-b-2025-2/
Eurobest,2025,DIRECT,Liming With Gran ,A,B,C,https://www.lovethework.com/work/entries/liming-with-gran-768209,/awards/eurobest/2025/campaigns/liming-with-gran-a-b-2025/
Eurobest,2025,DIRECT,The Mosaic ,A,B,C,https://www.lovethework.com/work/entries/the-mosaic-768030,/awards/eurobest/2025/campaigns/the-mosaic-a-b-2025-5/
Eurobest,2025,DIRECT,Lifesaving Paperboat ,A,B,C,https://www.lovethework.com/work/entries/lifesaving-paperboat-769184,/awards/eurobest/2025/campaigns/lifesaving-paperboat-a-b-2025/
Eurobest,2025,DIRECT,Working With Cancer Screening Time Off ,A,B,C,https://www.lovethework.com/work/entries/working-with-cancer-screening-time-off-769313,/awards/eurobest/2025/campaigns/working-with-cancer-screening-time-off-a-b-2025-4/
Eurobest,2025,DIRECT,Breastmilk Money ,A,B,C,https://www.lovethework.com/work/entries/breastmilk-money-768217,/awards/eurobest/2025/campaigns/breastmilk-money-a-b-2025-4/
Eurobest,2025,DIRECT,Flush The Hate ,A,B,C,https://ascentialcdn.filespin.io/api/v1/conversion/b75642152e2c45be9ee3806d638eb9ed,/awards/eurobest/2025/campaigns/flush-the-hate-a-b-2025/
Eurobest,2025,DIRECT,The Techno Train ,A,B,C,https://ascentialcdn.filespin.io/api/v1/conversion/9f2c2b45e7a444158b808506c7fa8abc,/awards/eurobest/2025/campaigns/the-techno-train-a-b-2025-3/
Eurobest,2025,DIRECT,The Pepsi Sweetest ,A,B,C,https://www.lovethework.com/work/entries/the-pepsi-sweetest-767911,/awards/eurobest/2025/campaigns/the-pepsi-sweetest-a-b-2025-5/
Eurobest,2025,DIRECT,The Mosaic ,A,B,C,https://www.lovethework.com/work/entries/the-mosaic-768039,/awards/eurobest/2025/campaigns/the-mosaic-a-b-2025-6/
Eurobest,2025,DIRECT,400 Years Alive ,A,B,C,https://ascentialcdn.filespin.io/api/v1/conversion/ff90f9a38b554d80922bf67b7aaee878,/awards/eurobest/2025/campaigns/400-years-alive-a-b-2025/
Eurobest,2025,DIRECT,Faxvertising ,A,B,C,https://www.lovethework.com/work/entries/faxvertising-767994,/awards/eurobest/2025/campaigns/faxvertising-a-b-2025-5/
Eurobest,2025,DIRECT,Wrapped In Love ,A,B,C,https://ascentialcdn.filespin.io/api/v1/conversion/8333bbca09ed4fb68d2d6ec5a0306387,/awards/eurobest/2025/campaigns/wrapped-in-love-a-b-2025/
Eurobest,2025,DIRECT,Mcrib Mistakes ,A,B,C,https://ascentialcdn.filespin.io/api/v1/conversion/477f46d2a637402192892333bf726763,/awards/eurobest/2025/campaigns/mcrib-mistakes-a-b-2025/
Eurobest,2025,DIRECT,Fixables ,A,B,C,https://www.lovethework.com/work/entries/fixables-767988,/awards/eurobest/2025/campaigns/fixables-a-b-2025-12/
Eurobest,2025,DIRECT,Staredown ,A,B,C,https://ascentialcdn.filespin.io/api/v1/conversion/3d45a2c050a249abacd966ad7682458e,/awards/eurobest/2025/campaigns/staredown-a-b-2025-6/
Eurobest,2025,DIRECT,Rosalilaland ,A,B,C,https://www.lovethework.com/work/entries/rosalilaland-768036,/awards/eurobest/2025/campaigns/rosalilaland-a-b-2025/
Eurobest,2025,DIRECT,Rosalilaland ,A,B,C,https://www.lovethework.com/work/entries/rosalilaland-767979,/awards/eurobest/2025/campaigns/rosalilaland-a-b-2025-2/
Eurobest,2025,DIRECT,Fatal Question ,A,B,C,https://ascentialcdn.filespin.io/api/v1/conversion/f8e97d60ac9e410d9ad13d29196e71a7,/awards/eurobest/2025/campaigns/fatal-question-a-b-2025-2/
Eurobest,2025,DIRECT,Mommyphone ,A,B,C,https://www.lovethework.com/work/entries/mommyphone-768049,/awards/eurobest/2025/campaigns/mommyphone-a-b-2025-3/
Eurobest,2025,DIRECT,The Parental Leave Mortgage ,A,B,C,https://ascentialcdn.filespin.io/api/v1/conversion/a8b9edfd44de47b893b950770030cf54,/awards/eurobest/2025/campaigns/the-parental-leave-mortgage-a-b-2025-9/
Eurobest,2025,DIRECT,Crash Text Auto ,A,B,C,https://www.lovethework.com/work/entries/crash-text-auto-768072,/awards/eurobest/2025/campaigns/crash-text-auto-a-b-2025-3/
Eurobest,2025,DIRECT,Pub Delivery ,A,B,C,https://www.lovethework.com/work/entries/pub-delivery-768001,/awards/eurobest/2025/campaigns/pub-delivery-a-b-2025-4/
Eurobest,2025,DIRECT,Pack Your Crocs ,A,B,C,https://www.lovethework.com/work/entries/pack-your-crocs-768040,/awards/eurobest/2025/campaigns/pack-your-crocs-a-b-2025/
Eurobest,2025,DIRECT,Mommyphone ,A,B,C,https://www.lovethework.com/work/entries/mommyphone-767946,/awards/eurobest/2025/campaigns/mommyphone-a-b-2025-4/
Eurobest,2025,DIRECT,Wifi Invasion ,A,B,C,https://www.lovethework.com/work/entries/wifi-invasion-768055,/awards/eurobest/2025/campaigns/wifi-invasion-a-b-2025-4/
Eurobest,2025,DIRECT,Starring Bars ,A,B,C,https://ascentialcdn.filespin.io/api/v1/conversion/6544f095e71a47a39d27334e2404e951,/awards/eurobest/2025/campaigns/starring-bars-a-b-2025-7/
Eurobest,2025,DIRECT,Wrapped In Love ,A,B,C,https://ascentialcdn.filespin.io/api/v1/conversion/8333bbca09ed4fb68d2d6ec5a0306387,/awards/eurobest/2025/campaigns/wrapped-in-love-a-b-2025-2/
Eurobest,2025,DIRECT,Drinkable Anthem ,A,B,C,https://www.lovethework.com/work/entries/drinkable-anthem-768018,/awards/eurobest/2025/campaigns/drinkable-anthem-a-b-2025/
Eurobest,2025,DIRECT,Crash Text Auto ,A,B,C,https://www.lovethework.com/work/entries/crash-text-auto-768000,/awards/eurobest/2025/campaigns/crash-text-auto-a-b-2025-4/
Eurobest,2025,DIRECT,Painvisible ,A,B,C,https://www.lovethework.com/work/entries/painvisible-768006,/awards/eurobest/2025/campaigns/painvisible-a-b-2025/
Eurobest,2025,DIRECT,The Forbidden Times ,A,B,C,https://www.lovethework.com/work/entries/the-forbidden-times-768022,/awards/eurobest/2025/campaigns/the-forbidden-times-a-b-2025-2/
Eurobest,2025,DIRECT,Breastmilk Money ,A,B,C,https://www.lovethework.com/work/entries/breastmilk-money-768051,/awards/eurobest/2025/campaigns/breastmilk-money-a-b-2025-5/
Eurobest,2025,DIRECT,Future Signatures ,A,B,C,https://www.lovethework.com/work/entries/future-signatures-767922,/awards/eurobest/2025/campaigns/future-signatures-a-b-2025-3/
Eurobest,2025,DIRECT,Renault Recruitment Race ,A,B,C,https://www.lovethework.com/work/entries/renault-recruitment-race-769360,/awards/eurobest/2025/campaigns/renault-recruitment-race-a-b-2025-3/
Eurobest,2025,DIRECT,Signs Of The Times ,A,B,C,https://ascentialcdn.filespin.io/api/v1/conversion/644c7da653b547b09c7cc935df16871d,/awards/eurobest/2025/campaigns/signs-of-the-times-a-b-2025-2/
Eurobest,2025,DIRECT,Protest Shields ,A,B,C,https://ascentialcdn.filespin.io/api/v1/conversion/fb6ef3470a6543ec81847ef07d25c3bb,/awards/eurobest/2025/campaigns/protest-shields-a-b-2025-3/
Eurobest,2025,DIRECT,Barboltian ,A,B,C,https://www.lovethework.com/work/entries/barboltian-768063,/awards/eurobest/2025/campaigns/barboltian-a-b-2025/
Eurobest,2025,DIRECT,Unlocking The Game ,A,B,C,https://www.lovethework.com/work/entries/unlocking-the-game-768175,/awards/eurobest/2025/campaigns/unlocking-the-game-a-b-2025-14/
Eurobest,2025,DIRECT,Pack Your Crocs ,A,B,C,https://www.lovethework.com/work/entries/pack-your-crocs-767902,/awards/eurobest/2025/campaigns/pack-your-crocs-a-b-2025-2/
Eurobest,2025,DIRECT,Unlocking The Game ,A,B,C,https://www.lovethework.com/work/entries/unlocking-the-game-768117,/awards/eurobest/2025/campaigns/unlocking-the-game-a-b-2025-15/
Eurobest,2025,DIRECT,Harmoniser ,A,B,C,https://ascentialcdn.filespin.io/api/v1/conversion/bd69a0303076425391bbc54c35136f07,/awards/eurobest/2025/campaigns/harmoniser-a-b-2025-8/
Eurobest,2025,DIRECT,When Life Gives You Fashion Advice Turn It Into Saved Lives ,A,B,C,https://ascentialcdn.filespin.io/api/v1/conversion/ba1866515d0d43aeaf5385eb1228cc95,/awards/eurobest/2025/campaigns/when-life-gives-you-fashion-advice-turn-it-into-saved-lives-a-b-2025/
Eurobest,2025,DIRECT,Their Merciless Decline ,A,B,C,https://www.lovethework.com/work/entries/their-merciless-decline-768071,/awards/eurobest/2025/campaigns/their-merciless-decline-a-b-2025-2/
Eurobest,2025,DIRECT,Starring Bars ,A,B,C,https://ascentialcdn.filespin.io/api/v1/conversion/6544f095e71a47a39d27334e2404e951,/awards/eurobest/2025/campaigns/starring-bars-a-b-2025-8/
Eurobest,2025,DIRECT,Power To The People ,A,B,C,https://www.lovethework.com/work/entries/power-to-the-people-767978,/awards/eurobest/2025/campaigns/power-to-the-people-a-b-2025-3/
Eurobest,2025,DIRECT,The Kidney Pass ,A,B,C,https://ascentialcdn.filespin.io/api/v1/conversion/e6e5f93f64424f63a41dc5ccc8acf62c,/awards/eurobest/2025/campaigns/the-kidney-pass-a-b-2025-6/
Eurobest,2025,DIRECT,Peg Ft You ,A,B,C,https://www.lovethework.com/work/entries/peg-ft-you-767896,/awards/eurobest/2025/campaigns/peg-ft-you-a-b-2025/
Eurobest,2025,DIRECT,Future Signatures ,A,B,C,https://www.lovethework.com/work/entries/future-signatures-767972,/awards/eurobest/2025/campaigns/future-signatures-a-b-2025-4/
Eurobest,2025,DIRECT,Orange Saferphone ,A,B,C,https://www.lovethework.com/work/entries/orange-saferphone-769320,/awards/eurobest/2025/campaigns/orange-saferphone-a-b-2025-10/
Eurobest,2025,DIRECT,Working With Cancer Screening Time Off ,A,B,C,https://www.lovethework.com/work/entries/working-with-cancer-screening-time-off-769213,/awards/eurobest/2025/campaigns/working-with-cancer-screening-time-off-a-b-2025-5/
Eurobest,2025,DIRECT,Shake Hack ,A,B,C,https://www.lovethework.com/work/entries/shake-hack-768033,/awards/eurobest/2025/campaigns/shake-hack-a-b-2025/
Eurobest,2025,DIRECT,Brewed For Thought ,A,B,C,https://ascentialcdn.filespin.io/api/v1/conversion/6a62b83d94ba4373b1f40040d059ab8a,/awards/eurobest/2025/campaigns/brewed-for-thought-a-b-2025/
Eurobest,2025,DIRECT,Protest Shields ,A,B,C,https://ascentialcdn.filespin.io/api/v1/conversion/fb6ef3470a6543ec81847ef07d25c3bb,/awards/eurobest/2025/campaigns/protest-shields-a-b-2025-4/
Eurobest,2025,DIRECT,Orange Saferphone ,A,B,C,https://www.lovethework.com/work/entries/orange-saferphone-769304,/awards/eurobest/2025/campaigns/orange-saferphone-a-b-2025-11/
Eurobest,2025,DIRECT,Marino Uriel The Unforgettable Legend ,A,B,C,https://www.lovethework.com/work/entries/marino-uriel-the-unforgettable-legend-767970,/awards/eurobest/2025/campaigns/marino-uriel-the-unforgettable-legend-a-b-2025-2/
Eurobest,2025,DIRECT,Rcreate ,A,B,C,https://www.lovethework.com/work/entries/rcreate-768084,/awards/eurobest/2025/campaigns/rcreate-a-b-2025/
Eurobest,2025,DIRECT,The Bored Cam ,A,B,C,https://www.lovethework.com/work/entries/the-bored-cam-768032,/awards/eurobest/2025/campaigns/the-bored-cam-a-b-2025-2/
Eurobest,2025,DIRECT,Orange Saferphone ,A,B,C,https://www.lovethework.com/work/entries/orange-saferphone-769335,/awards/eurobest/2025/campaigns/orange-saferphone-a-b-2025-12/
Eurobest,2025,DIRECT,Oreo Square Cookie ,A,B,C,https://ascentialcdn.filespin.io/api/v1/conversion/0146097cf9cb49da91ffc866aa5dec72,/awards/eurobest/2025/campaigns/oreo-square-cookie-a-b-2025-8/
Eurobest,2025,DIRECT,Hon Circle X Mr Doodle ,A,B,C,https://www.lovethework.com/work/entries/hon-circle-x-mr-doodle-767905,/awards/eurobest/2025/campaigns/hon-circle-x-mr-doodle-a-b-2025-2/
Eurobest,2025,DIRECT,Barboltian ,A,B,C,https://www.lovethework.com/work/entries/barboltian-768083,/awards/eurobest/2025/campaigns/barboltian-a-b-2025-2/
Eurobest,2025,ENTERTAINMENT,Burger To King ,A,B,C,https://www.lovethework.com/work/entries/burger-to-king-768805,/awards/eurobest/2025/campaigns/burger-to-king-a-b-2025-8/
Eurobest,2025,ENTERTAINMENT,Guao Guao ,A,B,C,https://www.lovethework.com/work/entries/guao-guao-768748,/awards/eurobest/2025/campaigns/guao-guao-a-b-2025-2/
Eurobest,2025,ENTERTAINMENT,The Final Copy Of Ilon Specht ,A,B,C,https://www.lovethework.com/work/entries/the-final-copy-of-ilon-specht-768865,/awards/eurobest/2025/campaigns/the-final-copy-of-ilon-specht-a-b-2025/
Eurobest,2025,ENTERTAINMENT,Football Lover Fm ,A,B,C,https://www.lovethework.com/work/entries/football-lover-fm-768793,/awards/eurobest/2025/campaigns/football-lover-fm-a-b-2025-4/
Eurobest,2025,ENTERTAINMENT,Renault Recruitment Race ,A,B,C,https://www.lovethework.com/work/entries/renault-recruitment-race-769324,/awards/eurobest/2025/campaigns/renault-recruitment-race-a-b-2025-4/
Eurobest,2025,ENTERTAINMENT,Heart Of A Woman ,A,B,C,https://ascentialcdn.filespin.io/api/v1/conversion/cb40b64e315047ecbda698d2465a5b51,/awards/eurobest/2025/campaigns/heart-of-a-woman-a-b-2025/
Eurobest,2025,ENTERTAINMENT,Excuses Bars ,A,B,C,https://ascentialcdn.filespin.io/api/v1/conversion/f219a00eceb44153993b72462c35b6bc,/awards/eurobest/2025/campaigns/excuses-bars-a-b-2025/
Eurobest,2025,ENTERTAINMENT,The No Home Jersey ,A,B,C,https://www.lovethework.com/work/entries/the-no-home-jersey-768756,/awards/eurobest/2025/campaigns/the-no-home-jersey-a-b-2025/
Eurobest,2025,ENTERTAINMENT,Barboltian ,A,B,C,https://www.lovethework.com/work/entries/barboltian-768767,/awards/eurobest/2025/campaigns/barboltian-a-b-2025-3/
Eurobest,2025,ENTERTAINMENT,Burger To King ,A,B,C,https://www.lovethework.com/work/entries/burger-to-king-768799,/awards/eurobest/2025/campaigns/burger-to-king-a-b-2025-9/
Eurobest,2025,ENTERTAINMENT,Barboltian ,A,B,C,https://www.lovethework.com/work/entries/barboltian-768846,/awards/eurobest/2025/campaigns/barboltian-a-b-2025-4/
Eurobest,2025,ENTERTAINMENT,The Evolution Of Furnace ,A,B,C,https://ascentialcdn.filespin.io/api/v1/conversion/a55b22554fb445aa9bf602325beb6436,/awards/eurobest/2025/campaigns/the-evolution-of-furnace-a-b-2025-3/
Eurobest,2025,ENTERTAINMENT,The Grey Swan ,A,B,C,https://ascentialcdn.filespin.io/api/v1/conversion/19e711a6567840e18cf2173f0a78961e,/awards/eurobest/2025/campaigns/the-grey-swan-a-b-2025-4/
Eurobest,2025,ENTERTAINMENT,Guao Guao ,A,B,C,https://www.lovethework.com/work/entries/guao-guao-768716,/awards/eurobest/2025/campaigns/guao-guao-a-b-2025-3/
Eurobest,2025,ENTERTAINMENT,Barboltian ,A,B,C,https://www.lovethework.com/work/entries/barboltian-768787,/awards/eurobest/2025/campaigns/barboltian-a-b-2025-5/
Eurobest,2025,ENTERTAINMENT,The Final Copy Of Ilon Specht ,A,B,C,https://ascentialcdn.filespin.io/api/v1/conversion/e473fd5d6c3c439f9cf0731d5bf381fe,/awards/eurobest/2025/campaigns/the-final-copy-of-ilon-specht-a-b-2025-2/
Eurobest,2025,ENTERTAINMENT,Guao Guao ,A,B,C,https://www.lovethework.com/work/entries/guao-guao-768698,/awards/eurobest/2025/campaigns/guao-guao-a-b-2025-4/
Eurobest,2025,ENTERTAINMENT,Staredown ,A,B,C,https://ascentialcdn.filespin.io/api/v1/conversion/3d45a2c050a249abacd966ad7682458e,/awards/eurobest/2025/campaigns/staredown-a-b-2025-7/
Eurobest,2025,ENTERTAINMENT,The Kidney Pass ,A,B,C,https://ascentialcdn.filespin.io/api/v1/conversion/e6e5f93f64424f63a41dc5ccc8acf62c,/awards/eurobest/2025/campaigns/the-kidney-pass-a-b-2025-7/
Eurobest,2025,ENTERTAINMENT,Orange Paralympics ,A,B,C,https://www.lovethework.com/work/entries/orange-paralympics-769230,/awards/eurobest/2025/campaigns/orange-paralympics-a-b-2025/
Eurobest,2025,ENTERTAINMENT,Guao Guao ,A,B,C,https://www.lovethework.com/work/entries/guao-guao-768702,/awards/eurobest/2025/campaigns/guao-guao-a-b-2025-5/
Eurobest,2025,ENTERTAINMENT,Moments ,A,B,C,https://www.lovethework.com/work/entries/moments-768842,/awards/eurobest/2025/campaigns/moments-a-b-2025/
Eurobest,2025,ENTERTAINMENT,The Final Copy Of Ilon Specht ,A,B,C,https://ascentialcdn.filespin.io/api/v1/conversion/e473fd5d6c3c439f9cf0731d5bf381fe,/awards/eurobest/2025/campaigns/the-final-copy-of-ilon-specht-a-b-2025-3/
Eurobest,2025,ENTERTAINMENT,Renault Recruitment Race ,A,B,C,https://www.lovethework.com/work/entries/renault-recruitment-race-769329,/awards/eurobest/2025/campaigns/renault-recruitment-race-a-b-2025-5/
Eurobest,2025,ENTERTAINMENT,Burger To King ,A,B,C,https://ascentialcdn.filespin.io/api/v1/conversion/3ebd51dbe44f4d998f3b1f51b83437ce,/awards/eurobest/2025/campaigns/burger-to-king-a-b-2025-10/
Eurobest,2025,ENTERTAINMENT,Oreo Square Cookie ,A,B,C,https://ascentialcdn.filespin.io/api/v1/conversion/0146097cf9cb49da91ffc866aa5dec72,/awards/eurobest/2025/campaigns/oreo-square-cookie-a-b-2025-9/
Eurobest,2025,ENTERTAINMENT,Group Therapy ,A,B,C,https://www.lovethework.com/work/entries/group-therapy-768877,/awards/eurobest/2025/campaigns/group-therapy-a-b-2025/
Eurobest,2025,ENTERTAINMENT,Squid Rave Hack ,A,B,C,https://www.lovethework.com/work/entries/squid-rave-hack-768789,/awards/eurobest/2025/campaigns/squid-rave-hack-a-b-2025-4/
Eurobest,2025,ENTERTAINMENT,Call Of The Kings ,A,B,C,https://www.lovethework.com/work/entries/call-of-the-kings-769460,/awards/eurobest/2025/campaigns/call-of-the-kings-a-b-2025/
Eurobest,2025,ENTERTAINMENT,Asahi Super Dry X Womens Rugby World Cup ,A,B,C,https://ascentialcdn.filespin.io/api/v1/conversion/d9c9c7215ff14468acb090bb87e0ca74,/awards/eurobest/2025/campaigns/asahi-super-dry-x-womens-rugby-world-cup-a-b-2025/
Eurobest,2025,ENTERTAINMENT,The Kidney Pass ,A,B,C,https://ascentialcdn.filespin.io/api/v1/conversion/e6e5f93f64424f63a41dc5ccc8acf62c,/awards/eurobest/2025/campaigns/the-kidney-pass-a-b-2025-8/
Eurobest,2025,ENTERTAINMENT,Orange Paralympics ,A,B,C,https://www.lovethework.com/work/entries/orange-paralympics-769212,/awards/eurobest/2025/campaigns/orange-paralympics-a-b-2025-2/
Eurobest,2025,ENTERTAINMENT,The Mozart Drop ,A,B,C,https://www.lovethework.com/work/entries/the-mozart-drop-768800,/awards/eurobest/2025/campaigns/the-mozart-drop-a-b-2025-7/
Eurobest,2025,ENTERTAINMENT,The Kidney Pass ,A,B,C,https://ascentialcdn.filespin.io/api/v1/conversion/e6e5f93f64424f63a41dc5ccc8acf62c,/awards/eurobest/2025/campaigns/the-kidney-pass-a-b-2025-9/
Eurobest,2025,ENTERTAINMENT,Squid Rave Hack ,A,B,C,https://www.lovethework.com/work/entries/squid-rave-hack-769190,/awards/eurobest/2025/campaigns/squid-rave-hack-a-b-2025-5/
Eurobest,2025,ENTERTAINMENT,Peg Ft You ,A,B,C,https://www.lovethework.com/work/entries/peg-ft-you-768819,/awards/eurobest/2025/campaigns/peg-ft-you-a-b-2025-2/
Eurobest,2025,ENTERTAINMENT,Not Just Stockholm Film Festival ,A,B,C,https://ascentialcdn.filespin.io/api/v1/conversion/bd4c9f43549c437fba544c8789616ff3,/awards/eurobest/2025/campaigns/not-just-stockholm-film-festival-a-b-2025-4/
Eurobest,2025,ENTERTAINMENT,The Mozart Drop ,A,B,C,https://www.lovethework.com/work/entries/the-mozart-drop-768788,/awards/eurobest/2025/campaigns/the-mozart-drop-a-b-2025-8/
Eurobest,2025,ENTERTAINMENT,Sounds Of Peugeot ,A,B,C,https://www.lovethework.com/work/entries/sounds-of-peugeot-769244,/awards/eurobest/2025/campaigns/sounds-of-peugeot-a-b-2025/
Eurobest,2025,ENTERTAINMENT,Staredown ,A,B,C,https://ascentialcdn.filespin.io/api/v1/conversion/3d45a2c050a249abacd966ad7682458e,/awards/eurobest/2025/campaigns/staredown-a-b-2025-8/
Eurobest,2025,ENTERTAINMENT,The Evolution Of Furnace ,A,B,C,https://www.lovethework.com/work/entries/the-evolution-of-furnace-768693,/awards/eurobest/2025/campaigns/the-evolution-of-furnace-a-b-2025-4/
Eurobest,2025,ENTERTAINMENT,The Invisible Battle ,A,B,C,https://www.lovethework.com/work/entries/the-invisible-battle-768707,/awards/eurobest/2025/campaigns/the-invisible-battle-a-b-2025/
Eurobest,2025,ENTERTAINMENT,Race Against The Clock ,A,B,C,https://www.lovethework.com/work/entries/race-against-the-clock-768804,/awards/eurobest/2025/campaigns/race-against-the-clock-a-b-2025/
Eurobest,2025,ENTERTAINMENT,Elements A Journey Through Life ,A,B,C,https://ascentialcdn.filespin.io/api/v1/conversion/4c1d9b2835c546039c2860868d4b224e,/awards/eurobest/2025/campaigns/elements-a-journey-through-life-a-b-2025/
Eurobest,2025,ENTERTAINMENT,The Pride Row ,A,B,C,https://www.lovethework.com/work/entries/the-pride-row-768770,/awards/eurobest/2025/campaigns/the-pride-row-a-b-2025/
Eurobest,2025,ENTERTAINMENT,Football Lover Fm ,A,B,C,https://ascentialcdn.filespin.io/api/v1/conversion/0b397234b3d74a5aa798ad871042c23c,/awards/eurobest/2025/campaigns/football-lover-fm-a-b-2025-5/
Eurobest,2025,ENTERTAINMENT,The Evolution Of Furnace ,A,B,C,https://ascentialcdn.filespin.io/api/v1/conversion/a55b22554fb445aa9bf602325beb6436,/awards/eurobest/2025/campaigns/the-evolution-of-furnace-a-b-2025-5/
Eurobest,2025,ENTERTAINMENT,Orange Paralympics ,A,B,C,https://www.lovethework.com/work/entries/orange-paralympics-769219,/awards/eurobest/2025/campaigns/orange-paralympics-a-b-2025-3/
Eurobest,2025,ENTERTAINMENT,The Evolution Of Furnace ,A,B,C,https://ascentialcdn.filespin.io/api/v1/conversion/a55b22554fb445aa9bf602325beb6436,/awards/eurobest/2025/campaigns/the-evolution-of-furnace-a-b-2025-6/
Eurobest,2025,ENTERTAINMENT,Cyberbullying Is Not A Game ,A,B,C,https://www.lovethework.com/work/entries/cyberbullying-is-not-a-game-768866,/awards/eurobest/2025/campaigns/cyberbullying-is-not-a-game-a-b-2025/
Eurobest,2025,ENTERTAINMENT,Obsession ,A,B,C,https://ascentialcdn.filespin.io/api/v1/conversion/d27f036cd0554b43896232e5c7f5e22f,/awards/eurobest/2025/campaigns/obsession-a-b-2025/
Eurobest,2025,ENTERTAINMENT,Google Pixel I A Modern Dynasty Of Football ,A,B,C,https://www.lovethework.com/work/entries/google-pixel-i-a-modern-dynasty-of-football-768766,/awards/eurobest/2025/campaigns/google-pixel-i-a-modern-dynasty-of-football-a-b-2025/
Eurobest,2025,ENTERTAINMENT,Amazons Money Cant Buy Experiences ,A,B,C,https://www.lovethework.com/work/entries/amazons-money-cant-buy-experiences-768721,/awards/eurobest/2025/campaigns/amazons-money-cant-buy-experiences-a-b-2025-2/
Eurobest,2025,ENTERTAINMENT,Players Choice ,A,B,C,https://ascentialcdn.filespin.io/api/v1/conversion/85acce7a814b4259bc61bacc95a9d112,/awards/eurobest/2025/campaigns/players-choice-a-b-2025/
Eurobest,2025,ENTERTAINMENT,The Invisible Battle ,A,B,C,https://www.lovethework.com/work/entries/the-invisible-battle-768867,/awards/eurobest/2025/campaigns/the-invisible-battle-a-b-2025-2/
Eurobest,2025,ENTERTAINMENT,Another Way Out ,A,B,C,https://www.lovethework.com/work/entries/another-way-out-769294,/awards/eurobest/2025/campaigns/another-way-out-a-b-2025/
Eurobest,2025,ENTERTAINMENT,45Th Fide Chess Olympiad Budapest 2024 ,A,B,C,https://www.lovethework.com/work/entries/45th-fide-chess-olympiad-budapest-2024-768754,/awards/eurobest/2025/campaigns/45th-fide-chess-olympiad-budapest-2024-a-b-2025-2/
Eurobest,2025,ENTERTAINMENT,The Truth About Yusuf Dike ,A,B,C,https://www.lovethework.com/work/entries/the-truth-about-yusuf-dike-768881,/awards/eurobest/2025/campaigns/the-truth-about-yusuf-dike-a-b-2025/
Eurobest,2025,ENTERTAINMENT,The Mozart Drop ,A,B,C,https://www.lovethework.com/work/entries/the-mozart-drop-768777,/awards/eurobest/2025/campaigns/the-mozart-drop-a-b-2025-9/
Eurobest,2025,ENTERTAINMENT,The Court Of Resilience ,A,B,C,https://ascentialcdn.filespin.io/api/v1/conversion/e639b1e93cb145609a007d11adcedf45,/awards/eurobest/2025/campaigns/the-court-of-resilience-a-b-2025/
Eurobest,2025,ENTERTAINMENT,Bring Back The Queue S10 Becomes S25 ,A,B,C,https://ascentialcdn.filespin.io/api/v1/conversion/366b2a111e6d49ee9629f3ad79c3ff75,/awards/eurobest/2025/campaigns/bring-back-the-queue-s10-becomes-s25-a-b-2025-2/
Eurobest,2025,ENTERTAINMENT,Barboltian ,A,B,C,https://www.lovethework.com/work/entries/barboltian-768851,/awards/eurobest/2025/campaigns/barboltian-a-b-2025-6/
Eurobest,2025,ENTERTAINMENT,Twitch X Cod 6 Rogue Shadow Ops ,A,B,C,https://www.lovethework.com/work/entries/twitch-x-cod-6-rogue-shadow-ops-768691,/awards/eurobest/2025/campaigns/twitch-x-cod-6-rogue-shadow-ops-a-b-2025/
Eurobest,2025,ENTERTAINMENT,Twitch X Cod 6 Rogue Shadow Ops ,A,B,C,https://www.lovethework.com/work/entries/twitch-x-cod-6-rogue-shadow-ops-768794,/awards/eurobest/2025/campaigns/twitch-x-cod-6-rogue-shadow-ops-a-b-2025-2/
Eurobest,2025,ENTERTAINMENT,Starring Bars ,A,B,C,https://ascentialcdn.filespin.io/api/v1/conversion/6544f095e71a47a39d27334e2404e951,/awards/eurobest/2025/campaigns/starring-bars-a-b-2025-9/
Eurobest,2025,ENTERTAINMENT,Peg Ft You ,A,B,C,https://www.lovethework.com/work/entries/peg-ft-you-768706,/awards/eurobest/2025/campaigns/peg-ft-you-a-b-2025-3/
Eurobest,2025,ENTERTAINMENT,Drinkable Anthem ,A,B,C,https://www.lovethework.com/work/entries/drinkable-anthem-768863,/awards/eurobest/2025/campaigns/drinkable-anthem-a-b-2025-2/
Eurobest,2025,ENTERTAINMENT,Cyberbullying Is Not A Game ,A,B,C,https://www.lovethework.com/work/entries/cyberbullying-is-not-a-game-768833,/awards/eurobest/2025/campaigns/cyberbullying-is-not-a-game-a-b-2025-2/
Eurobest,2025,ENTERTAINMENT,The Mozart Drop ,A,B,C,https://www.lovethework.com/work/entries/the-mozart-drop-768871,/awards/eurobest/2025/campaigns/the-mozart-drop-a-b-2025-10/
Eurobest,2025,ENTERTAINMENT,Squid Rave Hack ,A,B,C,https://www.lovethework.com/work/entries/squid-rave-hack-769236,/awards/eurobest/2025/campaigns/squid-rave-hack-a-b-2025-6/
Eurobest,2025,ENTERTAINMENT,The Evolution Of Furnace ,A,B,C,https://ascentialcdn.filespin.io/api/v1/conversion/a55b22554fb445aa9bf602325beb6436,/awards/eurobest/2025/campaigns/the-evolution-of-furnace-a-b-2025-7/
Eurobest,2025,ENTERTAINMENT,New Boundaries Telling The Story You Usually Dont See ,A,B,C,https://ascentialcdn.filespin.io/api/v1/conversion/b1d2e1f422254aee81b6ed25b042e0b8,/awards/eurobest/2025/campaigns/new-boundaries-telling-the-story-you-usually-dont-see-a-b-2025/
Eurobest,2025,ENTERTAINMENT,From A Crocodile To The Goat ,A,B,C,https://www.lovethework.com/work/entries/from-a-crocodile-to-the-goat-768701,/awards/eurobest/2025/campaigns/from-a-crocodile-to-the-goat-a-b-2025-3/
Eurobest,2025,ENTERTAINMENT,The Mozart Drop ,A,B,C,https://www.lovethework.com/work/entries/the-mozart-drop-768709,/awards/eurobest/2025/campaigns/the-mozart-drop-a-b-2025-11/
Eurobest,2025,ENTERTAINMENT,Online The Law Protects This Artwork Better Than It Protects Women ,A,B,C,https://www.lovethework.com/work/entries/online-the-law-protects-this-artwork-better-than-it-protects-women-769200,/awards/eurobest/2025/campaigns/online-the-law-protects-this-artwork-better-than-it-protects-women-a-b-2025-4/
Eurobest,2025,ENTERTAINMENT,Countdown Club ,A,B,C,https://www.lovethework.com/work/entries/countdown-club-768715,/awards/eurobest/2025/campaigns/countdown-club-a-b-2025/
Eurobest,2025,ENTERTAINMENT,Squid Rave Hack ,A,B,C,https://www.lovethework.com/work/entries/squid-rave-hack-768771,/awards/eurobest/2025/campaigns/squid-rave-hack-a-b-2025-7/
Eurobest,2025,ENTERTAINMENT,Squid Rave Hack ,A,B,C,https://www.lovethework.com/work/entries/squid-rave-hack-768811,/awards/eurobest/2025/campaigns/squid-rave-hack-a-b-2025-8/
Eurobest,2025,ENTERTAINMENT,Fedex X Uefa Champions League Andres Iniesta ,A,B,C,https://www.lovethework.com/work/entries/fedex-x-uefa-champions-league-andres-iniesta-769420,/awards/eurobest/2025/campaigns/fedex-x-uefa-champions-league-andres-iniesta-a-b-2025/
Eurobest,2025,ENTERTAINMENT,Fanphones ,A,B,C,https://www.lovethework.com/work/entries/fanphones-768801,/awards/eurobest/2025/campaigns/fanphones-a-b-2025-2/
Eurobest,2025,ENTERTAINMENT,The Flame That Wasnt A Flame ,A,B,C,https://ascentialcdn.filespin.io/api/v1/conversion/6dfb692bfc584da1af4f11252f3b299e,/awards/eurobest/2025/campaigns/the-flame-that-wasnt-a-flame-a-b-2025-2/
Eurobest,2025,ENTERTAINMENT,The Worst Irish Film Never Made ,A,B,C,https://www.lovethework.com/work/entries/the-worst-irish-film-never-made-768729,/awards/eurobest/2025/campaigns/the-worst-irish-film-never-made-a-b-2025/
Eurobest,2025,ENTERTAINMENT,The Sound Of Superstars ,A,B,C,https://ascentialcdn.filespin.io/api/v1/conversion/9343bde96a034cd1a71aba029d0a6dbf,/awards/eurobest/2025/campaigns/the-sound-of-superstars-a-b-2025-3/
Eurobest,2025,ENTERTAINMENT,The Ocean Eleven ,A,B,C,https://www.lovethework.com/work/entries/the-ocean-eleven-768775,/awards/eurobest/2025/campaigns/the-ocean-eleven-a-b-2025/
Eurobest,2025,ENTERTAINMENT,Future Signatures ,A,B,C,https://www.lovethework.com/work/entries/future-signatures-768844,/awards/eurobest/2025/campaigns/future-signatures-a-b-2025-5/
Eurobest,2025,ENTERTAINMENT,The Grey Swan ,A,B,C,https://ascentialcdn.filespin.io/api/v1/conversion/19e711a6567840e18cf2173f0a78961e,/awards/eurobest/2025/campaigns/the-grey-swan-a-b-2025-5/
Eurobest,2025,ENTERTAINMENT,The Sound Of Superstars ,A,B,C,https://ascentialcdn.filespin.io/api/v1/conversion/9343bde96a034cd1a71aba029d0a6dbf,/awards/eurobest/2025/campaigns/the-sound-of-superstars-a-b-2025-4/
Eurobest,2025,ENTERTAINMENT,Not Just Stockholm Film Festival ,A,B,C,https://ascentialcdn.filespin.io/api/v1/conversion/bd4c9f43549c437fba544c8789616ff3,/awards/eurobest/2025/campaigns/not-just-stockholm-film-festival-a-b-2025-5/
Eurobest,2025,ENTERTAINMENT,Wall Of Will ,A,B,C,https://ascentialcdn.filespin.io/api/v1/conversion/f76017a8e8364be089d5bd53ca06371d,/awards/eurobest/2025/campaigns/wall-of-will-a-b-2025-2/
Eurobest,2025,ENTERTAINMENT,Crash Text Auto ,A,B,C,https://www.lovethework.com/work/entries/crash-text-auto-768814,/awards/eurobest/2025/campaigns/crash-text-auto-a-b-2025-5/
Eurobest,2025,ENTERTAINMENT,The Celebration Test ,A,B,C,https://ascentialcdn.filespin.io/api/v1/conversion/0c36cf77e1524f11bd80f1dac6e3fd42,/awards/eurobest/2025/campaigns/the-celebration-test-a-b-2025/
Eurobest,2025,ENTERTAINMENT,The Mozart Drop ,A,B,C,https://www.lovethework.com/work/entries/the-mozart-drop-768732,/awards/eurobest/2025/campaigns/the-mozart-drop-a-b-2025-12/
Eurobest,2025,ENTERTAINMENT,From A Crocodile To The Goat ,A,B,C,https://www.lovethework.com/work/entries/from-a-crocodile-to-the-goat-768854,/awards/eurobest/2025/campaigns/from-a-crocodile-to-the-goat-a-b-2025-4/
Eurobest,2025,ENTERTAINMENT,Starring Bars ,A,B,C,https://ascentialcdn.filespin.io/api/v1/conversion/6544f095e71a47a39d27334e2404e951,/awards/eurobest/2025/campaigns/starring-bars-a-b-2025-10/
Eurobest,2025,ENTERTAINMENT,R0B0 ,A,B,C,https://www.lovethework.com/work/entries/r0b0-768778,/awards/eurobest/2025/campaigns/r0b0-a-b-2025-7/
Eurobest,2025,ENTERTAINMENT,Asahi Super Dry X Womens Rugby World Cup ,A,B,C,https://ascentialcdn.filespin.io/api/v1/conversion/d9c9c7215ff14468acb090bb87e0ca74,/awards/eurobest/2025/campaigns/asahi-super-dry-x-womens-rugby-world-cup-a-b-2025-2/
Eurobest,2025,ENTERTAINMENT,The Mozart Drop ,A,B,C,https://www.lovethework.com/work/entries/the-mozart-drop-768738,/awards/eurobest/2025/campaigns/the-mozart-drop-a-b-2025-13/
Eurobest,2025,ENTERTAINMENT,Oreo Square Cookie ,A,B,C,https://ascentialcdn.filespin.io/api/v1/conversion/0146097cf9cb49da91ffc866aa5dec72,/awards/eurobest/2025/campaigns/oreo-square-cookie-a-b-2025-10/
Eurobest,2025,ENTERTAINMENT,The 4Th Judge ,A,B,C,https://www.lovethework.com/work/entries/the-4th-judge-768816,/awards/eurobest/2025/campaigns/the-4th-judge-a-b-2025-7/
Eurobest,2025,ENTERTAINMENT,The Flame That Wasnt A Flame ,A,B,C,https://www.lovethework.com/work/entries/the-flame-that-wasnt-a-flame-768781,/awards/eurobest/2025/campaigns/the-flame-that-wasnt-a-flame-a-b-2025-3/
Eurobest,2025,ENTERTAINMENT,Call Of The Kings ,A,B,C,https://www.lovethework.com/work/entries/call-of-the-kings-769461,/awards/eurobest/2025/campaigns/call-of-the-kings-a-b-2025-2/
Eurobest,2025,ENTERTAINMENT,Peg Ft You ,A,B,C,https://www.lovethework.com/work/entries/peg-ft-you-768730,/awards/eurobest/2025/campaigns/peg-ft-you-a-b-2025-4/
Eurobest,2025,ENTERTAINMENT,Players Choice ,A,B,C,https://ascentialcdn.filespin.io/api/v1/conversion/85acce7a814b4259bc61bacc95a9d112,/awards/eurobest/2025/campaigns/players-choice-a-b-2025-2/
Eurobest,2025,ENTERTAINMENT,The Worlds Shortest Sponsorship ,A,B,C,https://ascentialcdn.filespin.io/api/v1/conversion/7bb458579afa4b42985d5739cbb2f9b8,/awards/eurobest/2025/campaigns/the-worlds-shortest-sponsorship-a-b-2025-2/
Eurobest,2025,ENTERTAINMENT,Gordon Comes Clean ,A,B,C,https://www.lovethework.com/work/entries/gordon-comes-clean-768859,/awards/eurobest/2025/campaigns/gordon-comes-clean-a-b-2025/
Eurobest,2025,ENTERTAINMENT,Starring Bars ,A,B,C,https://ascentialcdn.filespin.io/api/v1/conversion/6544f095e71a47a39d27334e2404e951,/awards/eurobest/2025/campaigns/starring-bars-a-b-2025-11/
Eurobest,2025,FILM,The Final Copy Of Ilon Specht ,A,B,C,https://www.lovethework.com/work/entries/the-final-copy-of-ilon-specht-767650,/awards/eurobest/2025/campaigns/the-final-copy-of-ilon-specht-a-b-2025-4/
Eurobest,2025,FILM,Mornings ,A,B,C,https://www.lovethework.com/work/entries/mornings-767509,/awards/eurobest/2025/campaigns/mornings-a-b-2025/
Eurobest,2025,FILM,Hope ,A,B,C,https://www.lovethework.com/work/entries/hope-767550,/awards/eurobest/2025/campaigns/hope-a-b-2025/
Eurobest,2025,FILM,Awake ,A,B,C,https://www.lovethework.com/work/entries/awake-767530,/awards/eurobest/2025/campaigns/awake-a-b-2025/
Eurobest,2025,FILM,Picky ,A,B,C,https://www.lovethework.com/work/entries/picky-767520,/awards/eurobest/2025/campaigns/picky-a-b-2025/
Eurobest,2025,FILM,The Reinfall ,A,B,C,https://www.lovethework.com/work/entries/the-reinfall-767667,/awards/eurobest/2025/campaigns/the-reinfall-a-b-2025/
Eurobest,2025,FILM,Data Is Power ,A,B,C,https://www.lovethework.com/work/entries/data-is-power-767505,/awards/eurobest/2025/campaigns/data-is-power-a-b-2025/
Eurobest,2025,FILM,Orange Paralympics ,A,B,C,https://www.lovethework.com/work/entries/orange-paralympics-769196,/awards/eurobest/2025/campaigns/orange-paralympics-a-b-2025-4/
Eurobest,2025,FILM,Harmoniser ,A,B,C,https://www.lovethework.com/work/entries/harmoniser-767597,/awards/eurobest/2025/campaigns/harmoniser-a-b-2025-9/
Eurobest,2025,FILM,Group Therapy ,A,B,C,https://www.lovethework.com/work/entries/group-therapy-767568,/awards/eurobest/2025/campaigns/group-therapy-a-b-2025-2/
Eurobest,2025,FILM,Long Lasting ,A,B,C,https://www.lovethework.com/work/entries/long-lasting-767552,/awards/eurobest/2025/campaigns/long-lasting-a-b-2025/
Eurobest,2025,FILM,The Serial Killer ,A,B,C,https://www.lovethework.com/work/entries/the-serial-killer-767662,/awards/eurobest/2025/campaigns/the-serial-killer-a-b-2025/
Eurobest,2025,FILM,The Final Copy Of Ilon Specht ,A,B,C,https://www.lovethework.com/work/entries/the-final-copy-of-ilon-specht-767565,/awards/eurobest/2025/campaigns/the-final-copy-of-ilon-specht-a-b-2025-5/
Eurobest,2025,FILM,Engineered For Whatever ,A,B,C,https://www.lovethework.com/work/entries/engineered-for-whatever-767562,/awards/eurobest/2025/campaigns/engineered-for-whatever-a-b-2025/
Eurobest,2025,FILM,Lynx With Catnip ,A,B,C,https://www.lovethework.com/work/entries/lynx-with-catnip-767648,/awards/eurobest/2025/campaigns/lynx-with-catnip-a-b-2025-2/
Eurobest,2025,FILM,Guao Guao ,A,B,C,https://www.lovethework.com/work/entries/guao-guao-767684,/awards/eurobest/2025/campaigns/guao-guao-a-b-2025-6/
Eurobest,2025,FILM,Orange Saferphone ,A,B,C,https://www.lovethework.com/work/entries/orange-saferphone-769122,/awards/eurobest/2025/campaigns/orange-saferphone-a-b-2025-13/
Eurobest,2025,FILM,No Project Without Drama ,A,B,C,https://www.lovethework.com/work/entries/no-project-without-drama-767687,/awards/eurobest/2025/campaigns/no-project-without-drama-a-b-2025/
Eurobest,2025,FILM,Obsession ,A,B,C,https://ascentialcdn.filespin.io/api/v1/conversion/d27f036cd0554b43896232e5c7f5e22f,/awards/eurobest/2025/campaigns/obsession-a-b-2025-2/
Eurobest,2025,FILM,Ich Bin Ein Feminister ,A,B,C,https://www.lovethework.com/work/entries/ich-bin-ein-feminister-767551,/awards/eurobest/2025/campaigns/ich-bin-ein-feminister-a-b-2025/
Eurobest,2025,FILM,Engineered For Whatever ,A,B,C,https://www.lovethework.com/work/entries/engineered-for-whatever-767657,/awards/eurobest/2025/campaigns/engineered-for-whatever-a-b-2025-2/
Eurobest,2025,FILM,Orange Paralympics ,A,B,C,https://ascentialcdn.filespin.io/api/v1/conversion/1af0330332b04508bd7abdcaca604363,/awards/eurobest/2025/campaigns/orange-paralympics-a-b-2025-5/
Eurobest,2025,FILM,Name The Bias ,A,B,C,https://www.lovethework.com/work/entries/name-the-bias-767560,/awards/eurobest/2025/campaigns/name-the-bias-a-b-2025/
Eurobest,2025,FILM,The Final Copy Of Ilon Specht ,A,B,C,https://www.lovethework.com/work/entries/the-final-copy-of-ilon-specht-767629,/awards/eurobest/2025/campaigns/the-final-copy-of-ilon-specht-a-b-2025-6/
Eurobest,2025,FILM,The Reinfall ,A,B,C,https://www.lovethework.com/work/entries/the-reinfall-767679,/awards/eurobest/2025/campaigns/the-reinfall-a-b-2025-2/
Eurobest,2025,FILM,The Reinfall ,A,B,C,https://www.lovethework.com/work/entries/the-reinfall-767556,/awards/eurobest/2025/campaigns/the-reinfall-a-b-2025-3/
Eurobest,2025,FILM,Le Dernier Anniversaire ,A,B,C,https://www.lovethework.com/work/entries/le-dernier-anniversaire-767511,/awards/eurobest/2025/campaigns/le-dernier-anniversaire-a-b-2025/
Eurobest,2025,FILM,No Project Without Drama ,A,B,C,https://www.lovethework.com/work/entries/no-project-without-drama-767674,/awards/eurobest/2025/campaigns/no-project-without-drama-a-b-2025-2/
Eurobest,2025,FILM,The Serial Killer ,A,B,C,https://www.lovethework.com/work/entries/the-serial-killer-767625,/awards/eurobest/2025/campaigns/the-serial-killer-a-b-2025-2/
Eurobest,2025,FILM,Lynx With Catnip ,A,B,C,https://www.lovethework.com/work/entries/lynx-with-catnip-767638,/awards/eurobest/2025/campaigns/lynx-with-catnip-a-b-2025-3/
Eurobest,2025,FILM,Anti Murphys Law Toast ,A,B,C,https://www.lovethework.com/work/entries/anti-murphys-law-toast-767584,/awards/eurobest/2025/campaigns/anti-murphys-law-toast-a-b-2025/
Eurobest,2025,FILM,Birds Never Forget To Fly ,A,B,C,https://www.lovethework.com/work/entries/birds-never-forget-to-fly-767685,/awards/eurobest/2025/campaigns/birds-never-forget-to-fly-a-b-2025/
Eurobest,2025,FILM,Ikea Made For Life ,A,B,C,https://www.lovethework.com/work/entries/ikea-made-for-life-767567,/awards/eurobest/2025/campaigns/ikea-made-for-life-a-b-2025/
Eurobest,2025,FILM,Supervillain ,A,B,C,https://www.lovethework.com/work/entries/supervillain-767512,/awards/eurobest/2025/campaigns/supervillain-a-b-2025/
Eurobest,2025,FILM,Guao Guao ,A,B,C,https://www.lovethework.com/work/entries/guao-guao-767627,/awards/eurobest/2025/campaigns/guao-guao-a-b-2025-7/
Eurobest,2025,FILM,Tableau ,A,B,C,https://www.lovethework.com/work/entries/tableau-767571,/awards/eurobest/2025/campaigns/tableau-a-b-2025/
Eurobest,2025,FILM,Name The Bias ,A,B,C,https://www.lovethework.com/work/entries/name-the-bias-767545,/awards/eurobest/2025/campaigns/name-the-bias-a-b-2025-2/
Eurobest,2025,FILM,Orange Saferphone ,A,B,C,https://www.lovethework.com/work/entries/orange-saferphone-769398,/awards/eurobest/2025/campaigns/orange-saferphone-a-b-2025-14/
Eurobest,2025,FILM,Ikea Made For Life ,A,B,C,https://www.lovethework.com/work/entries/ikea-made-for-life-767636,/awards/eurobest/2025/campaigns/ikea-made-for-life-a-b-2025-2/
Eurobest,2025,FILM,We Need To Talk About Eli ,A,B,C,https://www.lovethework.com/work/entries/we-need-to-talk-about-eli-767554,/awards/eurobest/2025/campaigns/we-need-to-talk-about-eli-a-b-2025/
Eurobest,2025,FILM,Blind Date ,A,B,C,https://www.lovethework.com/work/entries/blind-date-767663,/awards/eurobest/2025/campaigns/blind-date-a-b-2025/
Eurobest,2025,FILM,Its A Girl ,A,B,C,https://www.lovethework.com/work/entries/its-a-girl-767583,/awards/eurobest/2025/campaigns/its-a-girl-a-b-2025/
Eurobest,2025,FILM,Film ,A,B,C,https://www.lovethework.com/work/entries/film-769157,/awards/eurobest/2025/campaigns/film-a-b-2025/
Eurobest,2025,FILM,The Unanswered Children ,A,B,C,https://www.lovethework.com/work/entries/the-unanswered-children-767589,/awards/eurobest/2025/campaigns/the-unanswered-children-a-b-2025/
Eurobest,2025,FILM,Its Our Concern ,A,B,C,https://ascentialcdn.filespin.io/api/v1/conversion/5e1119e2de1d48d7a052f27355a335d1,/awards/eurobest/2025/campaigns/its-our-concern-a-b-2025/
Eurobest,2025,FILM,Orange Paralympics ,A,B,C,https://www.lovethework.com/work/entries/orange-paralympics-769172,/awards/eurobest/2025/campaigns/orange-paralympics-a-b-2025-6/
Eurobest,2025,FILM,The Crelan Bank Miracle ,A,B,C,https://www.lovethework.com/work/entries/the-crelan-bank-miracle-767623,/awards/eurobest/2025/campaigns/the-crelan-bank-miracle-a-b-2025/
Eurobest,2025,FILM,Break The Cycle Of Disadvantage ,A,B,C,https://www.lovethework.com/work/entries/break-the-cycle-of-disadvantage-769104,/awards/eurobest/2025/campaigns/break-the-cycle-of-disadvantage-a-b-2025/
Eurobest,2025,FILM,Engineered For Whatever ,A,B,C,https://www.lovethework.com/work/entries/engineered-for-whatever-767538,/awards/eurobest/2025/campaigns/engineered-for-whatever-a-b-2025-3/
Eurobest,2025,FILM,Birds Never Forget To Fly ,A,B,C,https://www.lovethework.com/work/entries/birds-never-forget-to-fly-767547,/awards/eurobest/2025/campaigns/birds-never-forget-to-fly-a-b-2025-2/
Eurobest,2025,FILM,Ass ,A,B,C,https://ascentialcdn.filespin.io/api/v1/conversion/d5b1dfdb2005439784e3a409fcc6546c,/awards/eurobest/2025/campaigns/ass-a-b-2025/
Eurobest,2025,FILM,Calmer Life ,A,B,C,https://www.lovethework.com/work/entries/calmer-life-767513,/awards/eurobest/2025/campaigns/calmer-life-a-b-2025/
Eurobest,2025,FILM,Not Every Smile Starts As A Smile ,A,B,C,https://www.lovethework.com/work/entries/not-every-smile-starts-as-a-smile-767641,/awards/eurobest/2025/campaigns/not-every-smile-starts-as-a-smile-a-b-2025/
Eurobest,2025,FILM,This Company Is A Family ,A,B,C,https://www.lovethework.com/work/entries/this-company-is-a-family-767539,/awards/eurobest/2025/campaigns/this-company-is-a-family-a-b-2025/
Eurobest,2025,FILM,Feel Like A Kid Again ,A,B,C,https://www.lovethework.com/work/entries/feel-like-a-kid-again-767518,/awards/eurobest/2025/campaigns/feel-like-a-kid-again-a-b-2025/
Eurobest,2025,FILM,Swordfish ,A,B,C,https://www.lovethework.com/work/entries/swordfish-767692,/awards/eurobest/2025/campaigns/swordfish-a-b-2025/
Eurobest,2025,FILM,Connecting Cultures Washington ,A,B,C,https://www.lovethework.com/work/entries/connecting-cultures-washington-769359,/awards/eurobest/2025/campaigns/connecting-cultures-washington-a-b-2025/
Eurobest,2025,FILM,Fiat 500E Giorgio Armani ,A,B,C,https://www.lovethework.com/work/entries/fiat-500e-giorgio-armani-767588,/awards/eurobest/2025/campaigns/fiat-500e-giorgio-armani-a-b-2025/
Eurobest,2025,FILM,Cowboy ,A,B,C,https://www.lovethework.com/work/entries/cowboy-767671,/awards/eurobest/2025/campaigns/cowboy-a-b-2025/
Eurobest,2025,FILM,Parasol ,A,B,C,https://www.lovethework.com/work/entries/parasol-767693,/awards/eurobest/2025/campaigns/parasol-a-b-2025/
Eurobest,2025,FILM,Clients ,A,B,C,https://www.lovethework.com/work/entries/clients-767688,/awards/eurobest/2025/campaigns/clients-a-b-2025/
Eurobest,2025,FILM,Sorry Dad ,A,B,C,https://www.lovethework.com/work/entries/sorry-dad-767654,/awards/eurobest/2025/campaigns/sorry-dad-a-b-2025/
Eurobest,2025,FILM,Sweeter Than The Sweetest ,A,B,C,https://www.lovethework.com/work/entries/sweeter-than-the-sweetest-767655,/awards/eurobest/2025/campaigns/sweeter-than-the-sweetest-a-b-2025/
Eurobest,2025,FILM,S Pankki An Effortless Bank For The Modern Consumer ,A,B,C,https://www.lovethework.com/work/entries/s-pankki-an-effortless-bank-for-the-modern-consumer-769337,/awards/eurobest/2025/campaigns/s-pankki-an-effortless-bank-for-the-modern-consumer-a-b-2025/
Eurobest,2025,FILM,Gustave Roussy A True Story ,A,B,C,https://www.lovethework.com/work/entries/gustave-roussy-a-true-story-769331,/awards/eurobest/2025/campaigns/gustave-roussy-a-true-story-a-b-2025/
Eurobest,2025,FILM,Dog ,A,B,C,https://www.lovethework.com/work/entries/dog-767529,/awards/eurobest/2025/campaigns/dog-a-b-2025/
Eurobest,2025,FILM,Tantrum Girl ,A,B,C,https://ascentialcdn.filespin.io/api/v1/conversion/6f345a84c9aa46a58617cb98c40f4f56,/awards/eurobest/2025/campaigns/tantrum-girl-a-b-2025/
Eurobest,2025,FILM,Bees Friends ,A,B,C,https://www.lovethework.com/work/entries/bees-friends-769301,/awards/eurobest/2025/campaigns/bees-friends-a-b-2025/
Eurobest,2025,FILM,Be A Dreamer ,A,B,C,https://www.lovethework.com/work/entries/be-a-dreamer-767593,/awards/eurobest/2025/campaigns/be-a-dreamer-a-b-2025/
Eurobest,2025,FILM,Hammer ,A,B,C,https://www.lovethework.com/work/entries/hammer-767691,/awards/eurobest/2025/campaigns/hammer-a-b-2025/
Eurobest,2025,FILM,Run Like Were Meant To ,A,B,C,https://www.lovethework.com/work/entries/run-like-were-meant-to-767514,/awards/eurobest/2025/campaigns/run-like-were-meant-to-a-b-2025/
Eurobest,2025,FILM,Engineered For Whatever ,A,B,C,https://www.lovethework.com/work/entries/engineered-for-whatever-767606,/awards/eurobest/2025/campaigns/engineered-for-whatever-a-b-2025-4/
Eurobest,2025,FILM,The Grey Swan ,A,B,C,https://ascentialcdn.filespin.io/api/v1/conversion/7092d77e79f7436993902fe441c68051,/awards/eurobest/2025/campaigns/the-grey-swan-a-b-2025-6/
Eurobest,2025,FILM,Touching Hands ,A,B,C,https://www.lovethework.com/work/entries/touching-hands-767634,/awards/eurobest/2025/campaigns/touching-hands-a-b-2025/
Eurobest,2025,FILM,Cowboy ,A,B,C,https://www.lovethework.com/work/entries/cowboy-767678,/awards/eurobest/2025/campaigns/cowboy-a-b-2025-2/
Eurobest,2025,FILM,A Smarter Choice ,A,B,C,https://www.lovethework.com/work/entries/a-smarter-choice-767633,/awards/eurobest/2025/campaigns/a-smarter-choice-a-b-2025/
Eurobest,2025,FILM,Cabinet Of Custom Curiosities ,A,B,C,https://www.lovethework.com/work/entries/cabinet-of-custom-curiosities-767590,/awards/eurobest/2025/campaigns/cabinet-of-custom-curiosities-a-b-2025/
Eurobest,2025,FILM,All It Takes Is A Yes ,A,B,C,https://www.lovethework.com/work/entries/all-it-takes-is-a-yes-767682,/awards/eurobest/2025/campaigns/all-it-takes-is-a-yes-a-b-2025/
Eurobest,2025,FILM,I Came By Train Supported By Trainline ,A,B,C,https://www.lovethework.com/work/entries/i-came-by-train-supported-by-trainline-767670,/awards/eurobest/2025/campaigns/i-came-by-train-supported-by-trainline-a-b-2025/
Eurobest,2025,FILM,Bubbles ,A,B,C,https://www.lovethework.com/work/entries/bubbles-767635,/awards/eurobest/2025/campaigns/bubbles-a-b-2025/
Eurobest,2025,FILM,Gordon Comes Clean ,A,B,C,https://www.lovethework.com/work/entries/gordon-comes-clean-767630,/awards/eurobest/2025/campaigns/gordon-comes-clean-a-b-2025-2/
Eurobest,2025,FILM,Samsung Sleep Self ,A,B,C,https://www.lovethework.com/work/entries/samsung-sleep-self-767669,/awards/eurobest/2025/campaigns/samsung-sleep-self-a-b-2025-2/
Eurobest,2025,FILM,Good Shit ,A,B,C,https://www.lovethework.com/work/entries/good-shit-767500,/awards/eurobest/2025/campaigns/good-shit-a-b-2025/
Eurobest,2025,FILM,The Move In ,A,B,C,https://www.lovethework.com/work/entries/the-move-in-767543,/awards/eurobest/2025/campaigns/the-move-in-a-b-2025/
Eurobest,2025,FILM,Psa Film ,A,B,C,https://www.lovethework.com/work/entries/psa-film-769318,/awards/eurobest/2025/campaigns/psa-film-a-b-2025/
Eurobest,2025,FILM,Connecting Cultures Toronto ,A,B,C,https://www.lovethework.com/work/entries/connecting-cultures-toronto-769352,/awards/eurobest/2025/campaigns/connecting-cultures-toronto-a-b-2025/
Eurobest,2025,FILM,Renault Electric Vs Petrol ,A,B,C,https://www.lovethework.com/work/entries/renault-electric-vs-petrol-769321,/awards/eurobest/2025/campaigns/renault-electric-vs-petrol-a-b-2025/
Eurobest,2025,FILM,Bride To Be ,A,B,C,https://www.lovethework.com/work/entries/bride-to-be-767615,/awards/eurobest/2025/campaigns/bride-to-be-a-b-2025/
Eurobest,2025,FILM,The World Is Full Of Good Energy ,A,B,C,https://www.lovethework.com/work/entries/the-world-is-full-of-good-energy-767618,/awards/eurobest/2025/campaigns/the-world-is-full-of-good-energy-a-b-2025/
Eurobest,2025,FILM,The Ranch ,A,B,C,https://www.lovethework.com/work/entries/the-ranch-767632,/awards/eurobest/2025/campaigns/the-ranch-a-b-2025/
Eurobest,2025,FILM,The Alien ,A,B,C,https://www.lovethework.com/work/entries/the-alien-767522,/awards/eurobest/2025/campaigns/the-alien-a-b-2025/
Eurobest,2025,FILM,Obsession ,A,B,C,https://www.lovethework.com/work/entries/obsession-767577,/awards/eurobest/2025/campaigns/obsession-a-b-2025-3/
Eurobest,2025,FILM,Orange Saferphone ,A,B,C,https://www.lovethework.com/work/entries/orange-saferphone-769392,/awards/eurobest/2025/campaigns/orange-saferphone-a-b-2025-15/
Eurobest,2025,FILM,Sweeter Than The Sweetest ,A,B,C,https://www.lovethework.com/work/entries/sweeter-than-the-sweetest-767642,/awards/eurobest/2025/campaigns/sweeter-than-the-sweetest-a-b-2025-2/
Eurobest,2025,FILM,Stay In The Picture ,A,B,C,https://www.lovethework.com/work/entries/stay-in-the-picture-767570,/awards/eurobest/2025/campaigns/stay-in-the-picture-a-b-2025/
Eurobest,2025,FILM,Social Off Socials ,A,B,C,https://www.lovethework.com/work/entries/social-off-socials-767594,/awards/eurobest/2025/campaigns/social-off-socials-a-b-2025/
Eurobest,2025,FILM,Sig Facing Bullying ,A,B,C,https://www.lovethework.com/work/entries/sig-facing-bullying-769340,/awards/eurobest/2025/campaigns/sig-facing-bullying-a-b-2025-4/
Eurobest,2025,FILM,You Have What It Takes ,A,B,C,https://www.lovethework.com/work/entries/you-have-what-it-takes-767644,/awards/eurobest/2025/campaigns/you-have-what-it-takes-a-b-2025/
Eurobest,2025,FILM,The Alien ,A,B,C,https://www.lovethework.com/work/entries/the-alien-767507,/awards/eurobest/2025/campaigns/the-alien-a-b-2025-2/
Eurobest,2025,FILM,Teddy Bear ,A,B,C,https://www.lovethework.com/work/entries/teddy-bear-767546,/awards/eurobest/2025/campaigns/teddy-bear-a-b-2025/
Eurobest,2025,FILM,Better Late Than Never ,A,B,C,https://www.lovethework.com/work/entries/better-late-than-never-767526,/awards/eurobest/2025/campaigns/better-late-than-never-a-b-2025-2/
Eurobest,2025,FILM,Signatures Against Signatures ,A,B,C,https://www.lovethework.com/work/entries/signatures-against-signatures-767534,/awards/eurobest/2025/campaigns/signatures-against-signatures-a-b-2025/
Eurobest,2025,FILM,The Full Picture ,A,B,C,https://www.lovethework.com/work/entries/the-full-picture-767572,/awards/eurobest/2025/campaigns/the-full-picture-a-b-2025/
Eurobest,2025,FILM,Bride To Be ,A,B,C,https://www.lovethework.com/work/entries/bride-to-be-767532,/awards/eurobest/2025/campaigns/bride-to-be-a-b-2025-2/
Eurobest,2025,FILM,Its A Girl ,A,B,C,https://www.lovethework.com/work/entries/its-a-girl-767563,/awards/eurobest/2025/campaigns/its-a-girl-a-b-2025-2/
Eurobest,2025,FILM,Call Of The Kings ,A,B,C,https://www.lovethework.com/work/entries/call-of-the-kings-767637,/awards/eurobest/2025/campaigns/call-of-the-kings-a-b-2025-3/
Eurobest,2025,FILM,Vroooom ,A,B,C,https://www.lovethework.com/work/entries/vroooom-767616,/awards/eurobest/2025/campaigns/vroooom-a-b-2025/
Eurobest,2025,FILM,Getting Ready ,A,B,C,https://www.lovethework.com/work/entries/getting-ready-767677,/awards/eurobest/2025/campaigns/getting-ready-a-b-2025/
Eurobest,2025,FILM,March Forward ,A,B,C,https://www.lovethework.com/work/entries/march-forward-767578,/awards/eurobest/2025/campaigns/march-forward-a-b-2025/
Eurobest,2025,FILM,Getting Ready ,A,B,C,https://www.lovethework.com/work/entries/getting-ready-767600,/awards/eurobest/2025/campaigns/getting-ready-a-b-2025-2/
Eurobest,2025,FILM,Psa Film ,A,B,C,https://www.lovethework.com/work/entries/psa-film-769164,/awards/eurobest/2025/campaigns/psa-film-a-b-2025-2/
Eurobest,2025,FILM,Nothing As Lovely As Another Childs Toy 1,A,B,C,https://www.lovethework.com/work/entries/nothing-as-lovely-as-another-childs-toy-1760626529937-767621,/awards/eurobest/2025/campaigns/nothing-as-lovely-as-another-childs-toy-1-a-b-2025/
Eurobest,2025,FILM,Sorry Grandson ,A,B,C,https://www.lovethework.com/work/entries/sorry-grandson-767665,/awards/eurobest/2025/campaigns/sorry-grandson-a-b-2025/
Eurobest,2025,FILM,Omdat ,A,B,C,https://www.lovethework.com/work/entries/omdat-767586,/awards/eurobest/2025/campaigns/omdat-a-b-2025/
Eurobest,2025,FILM,45Th Fide Chess Olympiad Budapest 2024 ,A,B,C,https://www.lovethework.com/work/entries/45th-fide-chess-olympiad-budapest-2024-767528,/awards/eurobest/2025/campaigns/45th-fide-chess-olympiad-budapest-2024-a-b-2025-3/
Eurobest,2025,FILM,Bride To Be ,A,B,C,https://www.lovethework.com/work/entries/bride-to-be-767603,/awards/eurobest/2025/campaigns/bride-to-be-a-b-2025-3/
Eurobest,2025,FILM,Touching Hands ,A,B,C,https://www.lovethework.com/work/entries/touching-hands-767646,/awards/eurobest/2025/campaigns/touching-hands-a-b-2025-2/
Eurobest,2025,FILM,A Smarter Choice ,A,B,C,https://www.lovethework.com/work/entries/a-smarter-choice-767510,/awards/eurobest/2025/campaigns/a-smarter-choice-a-b-2025-2/
Eurobest,2025,FILM,Peachy ,A,B,C,https://www.lovethework.com/work/entries/peachy-767516,/awards/eurobest/2025/campaigns/peachy-a-b-2025/
Eurobest,2025,FILM,The Wallet ,A,B,C,https://www.lovethework.com/work/entries/the-wallet-767604,/awards/eurobest/2025/campaigns/the-wallet-a-b-2025/
Eurobest,2025,FILM,Cancer And Careers Strings ,A,B,C,https://www.lovethework.com/work/entries/cancer-and-careers-strings-769138,/awards/eurobest/2025/campaigns/cancer-and-careers-strings-a-b-2025/
Eurobest,2025,FILM,Falling For Autumn ,A,B,C,https://www.lovethework.com/work/entries/falling-for-autumn-769146,/awards/eurobest/2025/campaigns/falling-for-autumn-a-b-2025/
Eurobest,2025,FILM,Never Square ,A,B,C,https://www.lovethework.com/work/entries/never-square-767503,/awards/eurobest/2025/campaigns/never-square-a-b-2025/
Eurobest,2025,FILM,Tastes Like Family ,A,B,C,https://www.lovethework.com/work/entries/tastes-like-family-767613,/awards/eurobest/2025/campaigns/tastes-like-family-a-b-2025/
Eurobest,2025,FILM,Obsession ,A,B,C,https://ascentialcdn.filespin.io/api/v1/conversion/d27f036cd0554b43896232e5c7f5e22f,/awards/eurobest/2025/campaigns/obsession-a-b-2025-4/
Eurobest,2025,FILM,Gordon Comes Clean ,A,B,C,https://www.lovethework.com/work/entries/gordon-comes-clean-767675,/awards/eurobest/2025/campaigns/gordon-comes-clean-a-b-2025-3/
Eurobest,2025,FILM,Skeleton Army Reserve ,A,B,C,https://www.lovethework.com/work/entries/skeleton-army-reserve-769206,/awards/eurobest/2025/campaigns/skeleton-army-reserve-a-b-2025/
Eurobest,2025,FILM,Peachy ,A,B,C,https://www.lovethework.com/work/entries/peachy-767557,/awards/eurobest/2025/campaigns/peachy-a-b-2025-2/
Eurobest,2025,FILM,Never Square ,A,B,C,https://www.lovethework.com/work/entries/never-square-767602,/awards/eurobest/2025/campaigns/never-square-a-b-2025-2/
Eurobest,2025,FILM,Ich Bin Ein Feminister ,A,B,C,https://www.lovethework.com/work/entries/ich-bin-ein-feminister-767575,/awards/eurobest/2025/campaigns/ich-bin-ein-feminister-a-b-2025-2/
Eurobest,2025,FILM,Name The Bias ,A,B,C,https://www.lovethework.com/work/entries/name-the-bias-767626,/awards/eurobest/2025/campaigns/name-the-bias-a-b-2025-3/
Eurobest,2025,FILM,Riding Is The New Driving ,A,B,C,https://www.lovethework.com/work/entries/riding-is-the-new-driving-767561,/awards/eurobest/2025/campaigns/riding-is-the-new-driving-a-b-2025-3/
Eurobest,2025,FILM,Skeleton Army Reserve ,A,B,C,https://www.lovethework.com/work/entries/skeleton-army-reserve-769177,/awards/eurobest/2025/campaigns/skeleton-army-reserve-a-b-2025-2/
Eurobest,2025,FILM,We Are Not Alone ,A,B,C,https://www.lovethework.com/work/entries/we-are-not-alone-767566,/awards/eurobest/2025/campaigns/we-are-not-alone-a-b-2025/
Eurobest,2025,FILM,The Unanswered Children ,A,B,C,https://www.lovethework.com/work/entries/the-unanswered-children-767659,/awards/eurobest/2025/campaigns/the-unanswered-children-a-b-2025-2/
Eurobest,2025,FILM,A Mindful Warning ,A,B,C,https://www.lovethework.com/work/entries/a-mindful-warning-767658,/awards/eurobest/2025/campaigns/a-mindful-warning-a-b-2025/
Eurobest,2025,FILM,Crotch ,A,B,C,https://www.lovethework.com/work/entries/crotch-767652,/awards/eurobest/2025/campaigns/crotch-a-b-2025/
Eurobest,2025,FILM,Emperor ,A,B,C,https://www.lovethework.com/work/entries/emperor-767524,/awards/eurobest/2025/campaigns/emperor-a-b-2025/
Eurobest,2025,FILM,Feet ,A,B,C,https://www.lovethework.com/work/entries/feet-767656,/awards/eurobest/2025/campaigns/feet-a-b-2025/
Eurobest,2025,FILM,For The Worlds Most Demanding Coffee Drinkers ,A,B,C,https://www.lovethework.com/work/entries/for-the-worlds-most-demanding-coffee-drinkers-767576,/awards/eurobest/2025/campaigns/for-the-worlds-most-demanding-coffee-drinkers-a-b-2025/
Eurobest,2025,FILM,If You Wouldnt Do It Here ,A,B,C,https://www.lovethework.com/work/entries/if-you-wouldnt-do-it-here-767599,/awards/eurobest/2025/campaigns/if-you-wouldnt-do-it-here-a-b-2025/
Eurobest,2025,FILM,The Thief ,A,B,C,https://www.lovethework.com/work/entries/the-thief-767645,/awards/eurobest/2025/campaigns/the-thief-a-b-2025/
Eurobest,2025,FILM,Deeper Dip Sauce ,A,B,C,https://www.lovethework.com/work/entries/deeper-dip-sauce-769406,/awards/eurobest/2025/campaigns/deeper-dip-sauce-a-b-2025-8/
Eurobest,2025,FILM,We Need To Talk About Eli ,A,B,C,https://www.lovethework.com/work/entries/we-need-to-talk-about-eli-767624,/awards/eurobest/2025/campaigns/we-need-to-talk-about-eli-a-b-2025-2/
Eurobest,2025,FILM,Rivals ,A,B,C,https://www.lovethework.com/work/entries/rivals-767508,/awards/eurobest/2025/campaigns/rivals-a-b-2025/
Eurobest,2025,FILM,Good Shit ,A,B,C,https://www.lovethework.com/work/entries/good-shit-767502,/awards/eurobest/2025/campaigns/good-shit-a-b-2025-2/
Eurobest,2025,FILM,Baby ,A,B,C,https://www.lovethework.com/work/entries/baby-767533,/awards/eurobest/2025/campaigns/baby-a-b-2025/
Eurobest,2025,FILM,Riding Is The New Driving ,A,B,C,https://www.lovethework.com/work/entries/riding-is-the-new-driving-767614,/awards/eurobest/2025/campaigns/riding-is-the-new-driving-a-b-2025-4/
Eurobest,2025,FILM,The Bubble ,A,B,C,https://www.lovethework.com/work/entries/the-bubble-767592,/awards/eurobest/2025/campaigns/the-bubble-a-b-2025/
Eurobest,2025,FILM,Hydrate More ,A,B,C,https://www.lovethework.com/work/entries/hydrate-more-767660,/awards/eurobest/2025/campaigns/hydrate-more-a-b-2025/
Eurobest,2025,FILM,Dont Call It Love ,A,B,C,https://ascentialcdn.filespin.io/api/v1/conversion/b28805c7458d487cbf93d349fcf83dd2,/awards/eurobest/2025/campaigns/dont-call-it-love-a-b-2025/
Eurobest,2025,FILM,Signatures Against Signatures ,A,B,C,https://www.lovethework.com/work/entries/signatures-against-signatures-767523,/awards/eurobest/2025/campaigns/signatures-against-signatures-a-b-2025-2/
Eurobest,2025,FILM,Feel Like A Kid Again ,A,B,C,https://www.lovethework.com/work/entries/feel-like-a-kid-again-767504,/awards/eurobest/2025/campaigns/feel-like-a-kid-again-a-b-2025-2/
Eurobest,2025,FILM,He Internet Is Bored ,A,B,C,https://www.lovethework.com/work/entries/he-internet-is-bored-767611,/awards/eurobest/2025/campaigns/he-internet-is-bored-a-b-2025/
Eurobest,2025,FILM,Power Struggle ,A,B,C,https://ascentialcdn.filespin.io/api/v1/conversion/ef35570037424aeba23ea623316f61a6,/awards/eurobest/2025/campaigns/power-struggle-a-b-2025/
Eurobest,2025,FILM,Obsession ,A,B,C,https://ascentialcdn.filespin.io/api/v1/conversion/d27f036cd0554b43896232e5c7f5e22f,/awards/eurobest/2025/campaigns/obsession-a-b-2025-5/
Eurobest,2025,FILM,Birds Never Forget To Fly ,A,B,C,https://www.lovethework.com/work/entries/birds-never-forget-to-fly-767574,/awards/eurobest/2025/campaigns/birds-never-forget-to-fly-a-b-2025-3/
Eurobest,2025,FILM,The Parking Lot ,A,B,C,https://www.lovethework.com/work/entries/the-parking-lot-767579,/awards/eurobest/2025/campaigns/the-parking-lot-a-b-2025/
Eurobest,2025,FILM,Social Off Socials ,A,B,C,https://www.lovethework.com/work/entries/social-off-socials-767668,/awards/eurobest/2025/campaigns/social-off-socials-a-b-2025-2/
Eurobest,2025,FILM,The Ranch ,A,B,C,https://www.lovethework.com/work/entries/the-ranch-767499,/awards/eurobest/2025/campaigns/the-ranch-a-b-2025-2/
Eurobest,2025,FILM,The Wallet ,A,B,C,https://www.lovethework.com/work/entries/the-wallet-767535,/awards/eurobest/2025/campaigns/the-wallet-a-b-2025-2/
Eurobest,2025,FILM,I Came By Train Supported By Trainline ,A,B,C,https://www.lovethework.com/work/entries/i-came-by-train-supported-by-trainline-767610,/awards/eurobest/2025/campaigns/i-came-by-train-supported-by-trainline-a-b-2025-2/
Eurobest,2025,FILM,Tantrum Girl ,A,B,C,https://ascentialcdn.filespin.io/api/v1/conversion/6f345a84c9aa46a58617cb98c40f4f56,/awards/eurobest/2025/campaigns/tantrum-girl-a-b-2025-2/
Eurobest,2025,FILM,The Hunt For Hibernation ,A,B,C,https://www.lovethework.com/work/entries/the-hunt-for-hibernation-767542,/awards/eurobest/2025/campaigns/the-hunt-for-hibernation-a-b-2025/
Eurobest,2025,FILM,This Company Is A Family ,A,B,C,https://www.lovethework.com/work/entries/this-company-is-a-family-769405,/awards/eurobest/2025/campaigns/this-company-is-a-family-a-b-2025-2/
Eurobest,2025,FILM,Birds Never Forget To Fly ,A,B,C,https://www.lovethework.com/work/entries/birds-never-forget-to-fly-769407,/awards/eurobest/2025/campaigns/birds-never-forget-to-fly-a-b-2025-4/
Eurobest,2025,FILM,Renault Roland Garros The Court ,A,B,C,https://www.lovethework.com/work/entries/renault-roland-garros-the-court-769112,/awards/eurobest/2025/campaigns/renault-roland-garros-the-court-a-b-2025/
Eurobest,2025,FILM,Peachy ,A,B,C,https://www.lovethework.com/work/entries/peachy-767581,/awards/eurobest/2025/campaigns/peachy-a-b-2025-3/
Eurobest,2025,FILM,Axe Whole Body ,A,B,C,https://www.lovethework.com/work/entries/axe-whole-body-767639,/awards/eurobest/2025/campaigns/axe-whole-body-a-b-2025/
Eurobest,2025,FILM,Christmas Car Assistance ,A,B,C,https://www.lovethework.com/work/entries/christmas-car-assistance-767640,/awards/eurobest/2025/campaigns/christmas-car-assistance-a-b-2025/
Eurobest,2025,FILM,If You Wouldnt Do It Here ,A,B,C,https://www.lovethework.com/work/entries/if-you-wouldnt-do-it-here-767619,/awards/eurobest/2025/campaigns/if-you-wouldnt-do-it-here-a-b-2025-2/
Eurobest,2025,FILM,The Unanswered Children ,A,B,C,https://www.lovethework.com/work/entries/the-unanswered-children-767608,/awards/eurobest/2025/campaigns/the-unanswered-children-a-b-2025-3/
Eurobest,2025,FILM,Its Our Concern ,A,B,C,https://ascentialcdn.filespin.io/api/v1/conversion/5e1119e2de1d48d7a052f27355a335d1,/awards/eurobest/2025/campaigns/its-our-concern-a-b-2025-2/
Eurobest,2025,FILM,Be A Dreamer ,A,B,C,https://www.lovethework.com/work/entries/be-a-dreamer-767525,/awards/eurobest/2025/campaigns/be-a-dreamer-a-b-2025-2/
Eurobest,2025,FILM,Bubbles ,A,B,C,https://www.lovethework.com/work/entries/bubbles-767683,/awards/eurobest/2025/campaigns/bubbles-a-b-2025-2/
Eurobest,2025,FILM,A Smarter Choice ,A,B,C,https://www.lovethework.com/work/entries/a-smarter-choice-767607,/awards/eurobest/2025/campaigns/a-smarter-choice-a-b-2025-3/
Eurobest,2025,FILM,Tastes Like Family ,A,B,C,https://www.lovethework.com/work/entries/tastes-like-family-767690,/awards/eurobest/2025/campaigns/tastes-like-family-a-b-2025-2/
Eurobest,2025,FILM,Anti Murphys Law Toast ,A,B,C,https://www.lovethework.com/work/entries/anti-murphys-law-toast-767620,/awards/eurobest/2025/campaigns/anti-murphys-law-toast-a-b-2025-2/
Eurobest,2025,FILM,S Pankki An Effortless Bank For The Modern Consumer ,A,B,C,https://www.lovethework.com/work/entries/s-pankki-an-effortless-bank-for-the-modern-consumer-767647,/awards/eurobest/2025/campaigns/s-pankki-an-effortless-bank-for-the-modern-consumer-a-b-2025-2/
Eurobest,2025,FILM,The Lonely Generation ,A,B,C,https://www.lovethework.com/work/entries/the-lonely-generation-767548,/awards/eurobest/2025/campaigns/the-lonely-generation-a-b-2025/
Eurobest,2025,FILM,Hero Film ,A,B,C,https://www.lovethework.com/work/entries/hero-film-769327,/awards/eurobest/2025/campaigns/hero-film-a-b-2025/
Eurobest,2025,FILM,If I Could Fly ,A,B,C,https://www.lovethework.com/work/entries/if-i-could-fly-767585,/awards/eurobest/2025/campaigns/if-i-could-fly-a-b-2025/
Eurobest,2025,FILM,Own Your World ,A,B,C,https://www.lovethework.com/work/entries/own-your-world-767617,/awards/eurobest/2025/campaigns/own-your-world-a-b-2025-2/
Eurobest,2025,FILM,A Mindful Warning ,A,B,C,https://www.lovethework.com/work/entries/a-mindful-warning-767587,/awards/eurobest/2025/campaigns/a-mindful-warning-a-b-2025-2/
Eurobest,2025,FILM,The Reinfall ,A,B,C,https://www.lovethework.com/work/entries/the-reinfall-769404,/awards/eurobest/2025/campaigns/the-reinfall-a-b-2025-4/
Eurobest,2025,FILM,The Celebration Test ,A,B,C,https://www.lovethework.com/work/entries/the-celebration-test-769094,/awards/eurobest/2025/campaigns/the-celebration-test-a-b-2025-2/
Eurobest,2025,FILM,Seoul ,A,B,C,https://www.lovethework.com/work/entries/seoul-769381,/awards/eurobest/2025/campaigns/seoul-a-b-2025/
Eurobest,2025,FILM,Mystery Burger ,A,B,C,https://www.lovethework.com/work/entries/mystery-burger-767540,/awards/eurobest/2025/campaigns/mystery-burger-a-b-2025/
Eurobest,2025,FILM,Axe Whole Body ,A,B,C,https://www.lovethework.com/work/entries/axe-whole-body-767609,/awards/eurobest/2025/campaigns/axe-whole-body-a-b-2025-2/
Eurobest,2025,FILM CRAFT,The Final Copy Of Ilon Specht ,A,B,C,https://www.lovethework.com/work/entries/the-final-copy-of-ilon-specht-769098,/awards/eurobest/2025/campaigns/the-final-copy-of-ilon-specht-a-b-2025-7/
Eurobest,2025,FILM CRAFT,The Final Copy Of Ilon Specht ,A,B,C,https://www.lovethework.com/work/entries/the-final-copy-of-ilon-specht-769168,/awards/eurobest/2025/campaigns/the-final-copy-of-ilon-specht-a-b-2025-8/
Eurobest,2025,FILM CRAFT,Touching Hands ,A,B,C,https://www.lovethework.com/work/entries/touching-hands-768619,/awards/eurobest/2025/campaigns/touching-hands-a-b-2025-3/
Eurobest,2025,FILM CRAFT,No Project Without Drama ,A,B,C,https://www.lovethework.com/work/entries/no-project-without-drama-768689,/awards/eurobest/2025/campaigns/no-project-without-drama-a-b-2025-3/
Eurobest,2025,FILM CRAFT,So Win ,A,B,C,https://www.lovethework.com/work/entries/so-win-768605,/awards/eurobest/2025/campaigns/so-win-a-b-2025/
Eurobest,2025,FILM CRAFT,The Reinfall ,A,B,C,https://www.lovethework.com/work/entries/the-reinfall-768686,/awards/eurobest/2025/campaigns/the-reinfall-a-b-2025-5/
Eurobest,2025,FILM CRAFT,No Project Without Drama ,A,B,C,https://www.lovethework.com/work/entries/no-project-without-drama-768528,/awards/eurobest/2025/campaigns/no-project-without-drama-a-b-2025-4/
Eurobest,2025,FILM CRAFT,Mornings ,A,B,C,https://www.lovethework.com/work/entries/mornings-768652,/awards/eurobest/2025/campaigns/mornings-a-b-2025-2/
Eurobest,2025,FILM CRAFT,Guao Guao ,A,B,C,https://www.lovethework.com/work/entries/guao-guao-768576,/awards/eurobest/2025/campaigns/guao-guao-a-b-2025-8/
Eurobest,2025,FILM CRAFT,No Project Without Drama ,A,B,C,https://www.lovethework.com/work/entries/no-project-without-drama-768609,/awards/eurobest/2025/campaigns/no-project-without-drama-a-b-2025-5/
Eurobest,2025,FILM CRAFT,The Count ,A,B,C,https://www.lovethework.com/work/entries/the-count-768518,/awards/eurobest/2025/campaigns/the-count-a-b-2025/
Eurobest,2025,FILM CRAFT,Guao Guao ,A,B,C,https://ascentialcdn.filespin.io/api/v1/conversion/9efe440c6f974897a4784516f04bfd57,/awards/eurobest/2025/campaigns/guao-guao-a-b-2025-9/
Eurobest,2025,FILM CRAFT,Cancer And Careers Strings ,A,B,C,https://www.lovethework.com/work/entries/cancer-and-careers-strings-769292,/awards/eurobest/2025/campaigns/cancer-and-careers-strings-a-b-2025-2/
Eurobest,2025,FILM CRAFT,Name The Bias ,A,B,C,https://www.lovethework.com/work/entries/name-the-bias-768583,/awards/eurobest/2025/campaigns/name-the-bias-a-b-2025-4/
Eurobest,2025,FILM CRAFT,No Project Without Drama ,A,B,C,https://www.lovethework.com/work/entries/no-project-without-drama-768631,/awards/eurobest/2025/campaigns/no-project-without-drama-a-b-2025-6/
Eurobest,2025,FILM CRAFT,No Project Without Drama ,A,B,C,https://www.lovethework.com/work/entries/no-project-without-drama-768546,/awards/eurobest/2025/campaigns/no-project-without-drama-a-b-2025-7/
Eurobest,2025,FILM CRAFT,Good Shit ,A,B,C,https://www.lovethework.com/work/entries/good-shit-768646,/awards/eurobest/2025/campaigns/good-shit-a-b-2025-3/
Eurobest,2025,FILM CRAFT,Touching Hands ,A,B,C,https://www.lovethework.com/work/entries/touching-hands-768562,/awards/eurobest/2025/campaigns/touching-hands-a-b-2025-4/
Eurobest,2025,FILM CRAFT,70 Years Of Lightness ,A,B,C,https://www.lovethework.com/work/entries/70-years-of-lightness-768653,/awards/eurobest/2025/campaigns/70-years-of-lightness-a-b-2025/
Eurobest,2025,FILM CRAFT,Bubbles ,A,B,C,https://www.lovethework.com/work/entries/bubbles-768680,/awards/eurobest/2025/campaigns/bubbles-a-b-2025-3/
Eurobest,2025,FILM CRAFT,We Are Not Alone ,A,B,C,https://www.lovethework.com/work/entries/we-are-not-alone-768591,/awards/eurobest/2025/campaigns/we-are-not-alone-a-b-2025-2/
Eurobest,2025,FILM CRAFT,Tableau ,A,B,C,https://www.lovethework.com/work/entries/tableau-769141,/awards/eurobest/2025/campaigns/tableau-a-b-2025-2/
Eurobest,2025,FILM CRAFT,Every Neighbour Got Their Flavour ,A,B,C,https://ascentialcdn.filespin.io/api/v1/conversion/916dbb8929ec4578ac7a83995e057c42,/awards/eurobest/2025/campaigns/every-neighbour-got-their-flavour-a-b-2025-3/
Eurobest,2025,FILM CRAFT,No Project Without Drama ,A,B,C,https://www.lovethework.com/work/entries/no-project-without-drama-768499,/awards/eurobest/2025/campaigns/no-project-without-drama-a-b-2025-8/
Eurobest,2025,FILM CRAFT,The Arsenal Faithful ,A,B,C,https://www.lovethework.com/work/entries/the-arsenal-faithful-768509,/awards/eurobest/2025/campaigns/the-arsenal-faithful-a-b-2025/
Eurobest,2025,FILM CRAFT,Tableau ,A,B,C,https://www.lovethework.com/work/entries/tableau-768538,/awards/eurobest/2025/campaigns/tableau-a-b-2025-3/
Eurobest,2025,FILM CRAFT,Cancer And Careers Strings ,A,B,C,https://www.lovethework.com/work/entries/cancer-and-careers-strings-769401,/awards/eurobest/2025/campaigns/cancer-and-careers-strings-a-b-2025-3/
Eurobest,2025,FILM CRAFT,Bubbles ,A,B,C,https://www.lovethework.com/work/entries/bubbles-768641,/awards/eurobest/2025/campaigns/bubbles-a-b-2025-4/
Eurobest,2025,FILM CRAFT,Birds Never Forget To Fly ,A,B,C,https://www.lovethework.com/work/entries/birds-never-forget-to-fly-768540,/awards/eurobest/2025/campaigns/birds-never-forget-to-fly-a-b-2025-5/
Eurobest,2025,FILM CRAFT,Nocturnal Creatures ,A,B,C,https://www.lovethework.com/work/entries/nocturnal-creatures-769109,/awards/eurobest/2025/campaigns/nocturnal-creatures-a-b-2025/
Eurobest,2025,FILM CRAFT,Everest ,A,B,C,https://www.lovethework.com/work/entries/everest-768656,/awards/eurobest/2025/campaigns/everest-a-b-2025/
Eurobest,2025,FILM CRAFT,Welcome To Sunny Val ,A,B,C,https://www.lovethework.com/work/entries/welcome-to-sunny-val-768543,/awards/eurobest/2025/campaigns/welcome-to-sunny-val-a-b-2025-3/
Eurobest,2025,FILM CRAFT,It Works Better When It Works Together The Executive ,A,B,C,https://ascentialcdn.filespin.io/api/v1/conversion/6982d74a8bdf4ca2963c2ba95a3aef07,/awards/eurobest/2025/campaigns/it-works-better-when-it-works-together-the-executive-a-b-2025/
Eurobest,2025,FILM CRAFT,Future Is Yours ,A,B,C,https://www.lovethework.com/work/entries/future-is-yours-768634,/awards/eurobest/2025/campaigns/future-is-yours-a-b-2025/
Eurobest,2025,FILM CRAFT,Basketball ,A,B,C,https://www.lovethework.com/work/entries/basketball-768571,/awards/eurobest/2025/campaigns/basketball-a-b-2025/
Eurobest,2025,FILM CRAFT,Birds Never Forget To Fly ,A,B,C,https://www.lovethework.com/work/entries/birds-never-forget-to-fly-768614,/awards/eurobest/2025/campaigns/birds-never-forget-to-fly-a-b-2025-6/
Eurobest,2025,FILM CRAFT,Good Shit ,A,B,C,https://www.lovethework.com/work/entries/good-shit-768495,/awards/eurobest/2025/campaigns/good-shit-a-b-2025-4/
Eurobest,2025,FILM CRAFT,Case Qashqai Vfx ,A,B,C,https://www.lovethework.com/work/entries/case-qashqai-vfx-768504,/awards/eurobest/2025/campaigns/case-qashqai-vfx-a-b-2025/
Eurobest,2025,FILM CRAFT,Case Qashqai Vfx ,A,B,C,https://www.lovethework.com/work/entries/case-qashqai-vfx-768613,/awards/eurobest/2025/campaigns/case-qashqai-vfx-a-b-2025-2/
Eurobest,2025,FILM CRAFT,Stracciatella Fella ,A,B,C,https://www.lovethework.com/work/entries/stracciatella-fella-768666,/awards/eurobest/2025/campaigns/stracciatella-fella-a-b-2025/
Eurobest,2025,FILM CRAFT,The Hunt For Hibernation ,A,B,C,https://www.lovethework.com/work/entries/the-hunt-for-hibernation-768581,/awards/eurobest/2025/campaigns/the-hunt-for-hibernation-a-b-2025-2/
Eurobest,2025,FILM CRAFT,Feel Like A Kid Again ,A,B,C,https://www.lovethework.com/work/entries/feel-like-a-kid-again-768496,/awards/eurobest/2025/campaigns/feel-like-a-kid-again-a-b-2025-3/
Eurobest,2025,FILM CRAFT,Italo ,A,B,C,https://www.lovethework.com/work/entries/italo-768647,/awards/eurobest/2025/campaigns/italo-a-b-2025/
Eurobest,2025,FILM CRAFT,Feel Like A Kid Again ,A,B,C,https://www.lovethework.com/work/entries/feel-like-a-kid-again-768556,/awards/eurobest/2025/campaigns/feel-like-a-kid-again-a-b-2025-4/
Eurobest,2025,FILM CRAFT,Every Neighbour Got Their Flavour ,A,B,C,https://ascentialcdn.filespin.io/api/v1/conversion/916dbb8929ec4578ac7a83995e057c42,/awards/eurobest/2025/campaigns/every-neighbour-got-their-flavour-a-b-2025-4/
Eurobest,2025,FILM CRAFT,Whatever Christmas Is To You ,A,B,C,https://www.lovethework.com/work/entries/whatever-christmas-is-to-you-768618,/awards/eurobest/2025/campaigns/whatever-christmas-is-to-you-a-b-2025/
Eurobest,2025,FILM CRAFT,Engineered For Whatever ,A,B,C,https://www.lovethework.com/work/entries/engineered-for-whatever-768660,/awards/eurobest/2025/campaigns/engineered-for-whatever-a-b-2025-5/
Eurobest,2025,FILM CRAFT,Engineered For Whatever ,A,B,C,https://www.lovethework.com/work/entries/engineered-for-whatever-768630,/awards/eurobest/2025/campaigns/engineered-for-whatever-a-b-2025-6/
Eurobest,2025,FILM CRAFT,Riding Is The New Driving ,A,B,C,https://www.lovethework.com/work/entries/riding-is-the-new-driving-768625,/awards/eurobest/2025/campaigns/riding-is-the-new-driving-a-b-2025-5/
Eurobest,2025,FILM CRAFT,It Works Better When It Works Together The Executive ,A,B,C,https://ascentialcdn.filespin.io/api/v1/conversion/6982d74a8bdf4ca2963c2ba95a3aef07,/awards/eurobest/2025/campaigns/it-works-better-when-it-works-together-the-executive-a-b-2025-2/
Eurobest,2025,FILM CRAFT,Guao Guao ,A,B,C,https://www.lovethework.com/work/entries/guao-guao-768655,/awards/eurobest/2025/campaigns/guao-guao-a-b-2025-10/
Eurobest,2025,FILM CRAFT,Italo ,A,B,C,https://www.lovethework.com/work/entries/italo-768563,/awards/eurobest/2025/campaigns/italo-a-b-2025-2/
Eurobest,2025,FILM CRAFT,I Came By Train Supported By Trainline ,A,B,C,https://www.lovethework.com/work/entries/i-came-by-train-supported-by-trainline-768549,/awards/eurobest/2025/campaigns/i-came-by-train-supported-by-trainline-a-b-2025-3/
Eurobest,2025,FILM CRAFT,No Bad Choices ,A,B,C,https://www.lovethework.com/work/entries/no-bad-choices-768673,/awards/eurobest/2025/campaigns/no-bad-choices-a-b-2025/
Eurobest,2025,FILM CRAFT,Basketball ,A,B,C,https://www.lovethework.com/work/entries/basketball-768596,/awards/eurobest/2025/campaigns/basketball-a-b-2025-2/
Eurobest,2025,FILM CRAFT,Gustave Roussy A True Story ,A,B,C,https://www.lovethework.com/work/entries/gustave-roussy-a-true-story-769309,/awards/eurobest/2025/campaigns/gustave-roussy-a-true-story-a-b-2025-2/
Eurobest,2025,FILM CRAFT,Engineered For Whatever ,A,B,C,https://www.lovethework.com/work/entries/engineered-for-whatever-768574,/awards/eurobest/2025/campaigns/engineered-for-whatever-a-b-2025-7/
Eurobest,2025,FILM CRAFT,Future Is Yours ,A,B,C,https://www.lovethework.com/work/entries/future-is-yours-768542,/awards/eurobest/2025/campaigns/future-is-yours-a-b-2025-2/
Eurobest,2025,FILM CRAFT,The World Is Full Of Good Energy ,A,B,C,https://www.lovethework.com/work/entries/the-world-is-full-of-good-energy-768608,/awards/eurobest/2025/campaigns/the-world-is-full-of-good-energy-a-b-2025-2/
Eurobest,2025,FILM CRAFT,Drive ,A,B,C,https://www.lovethework.com/work/entries/drive-768513,/awards/eurobest/2025/campaigns/drive-a-b-2025/
Eurobest,2025,FILM CRAFT,Future Is Yours ,A,B,C,https://www.lovethework.com/work/entries/future-is-yours-768645,/awards/eurobest/2025/campaigns/future-is-yours-a-b-2025-3/
Eurobest,2025,FILM CRAFT,The Alien ,A,B,C,https://www.lovethework.com/work/entries/the-alien-768572,/awards/eurobest/2025/campaigns/the-alien-a-b-2025-3/
Eurobest,2025,FILM CRAFT,Cepsa Now Is Moeve ,A,B,C,https://www.lovethework.com/work/entries/cepsa-now-is-moeve-768584,/awards/eurobest/2025/campaigns/cepsa-now-is-moeve-a-b-2025/
Eurobest,2025,FILM CRAFT,Obsession ,A,B,C,https://www.lovethework.com/work/entries/obsession-768564,/awards/eurobest/2025/campaigns/obsession-a-b-2025-6/
Eurobest,2025,FILM CRAFT,Engineered For Whatever ,A,B,C,https://www.lovethework.com/work/entries/engineered-for-whatever-769457,/awards/eurobest/2025/campaigns/engineered-for-whatever-a-b-2025-8/
Eurobest,2025,FILM CRAFT,Renault Electric Vs Petrol ,A,B,C,https://www.lovethework.com/work/entries/renault-electric-vs-petrol-769129,/awards/eurobest/2025/campaigns/renault-electric-vs-petrol-a-b-2025-2/
Eurobest,2025,FILM CRAFT,Awake ,A,B,C,https://www.lovethework.com/work/entries/awake-768668,/awards/eurobest/2025/campaigns/awake-a-b-2025-2/
Eurobest,2025,FILM CRAFT,S Pankki An Effortless Bank For The Modern Consumer ,A,B,C,https://www.lovethework.com/work/entries/s-pankki-an-effortless-bank-for-the-modern-consumer-768524,/awards/eurobest/2025/campaigns/s-pankki-an-effortless-bank-for-the-modern-consumer-a-b-2025-3/
Eurobest,2025,FILM CRAFT,Renault Electric Vs Petrol ,A,B,C,https://www.lovethework.com/work/entries/renault-electric-vs-petrol-769151,/awards/eurobest/2025/campaigns/renault-electric-vs-petrol-a-b-2025-3/
Eurobest,2025,FILM CRAFT,Boys Night ,A,B,C,https://www.lovethework.com/work/entries/boys-night-768498,/awards/eurobest/2025/campaigns/boys-night-a-b-2025/
Eurobest,2025,FILM CRAFT,The Evolution Of Furnace ,A,B,C,https://ascentialcdn.filespin.io/api/v1/conversion/56f5433fc4a84f3a85de4efcf1f865e1,/awards/eurobest/2025/campaigns/the-evolution-of-furnace-a-b-2025-8/
Eurobest,2025,FILM CRAFT,Dacia ,A,B,C,https://www.lovethework.com/work/entries/dacia-768617,/awards/eurobest/2025/campaigns/dacia-a-b-2025/
Eurobest,2025,FILM CRAFT,The Ranch ,A,B,C,https://www.lovethework.com/work/entries/the-ranch-768534,/awards/eurobest/2025/campaigns/the-ranch-a-b-2025-3/
Eurobest,2025,FILM CRAFT,Bubbles ,A,B,C,https://www.lovethework.com/work/entries/bubbles-768667,/awards/eurobest/2025/campaigns/bubbles-a-b-2025-5/
Eurobest,2025,FILM CRAFT,Be A Dreamer ,A,B,C,https://www.lovethework.com/work/entries/be-a-dreamer-768550,/awards/eurobest/2025/campaigns/be-a-dreamer-a-b-2025-3/
Eurobest,2025,FILM CRAFT,Birds Never Forget To Fly ,A,B,C,https://www.lovethework.com/work/entries/birds-never-forget-to-fly-768516,/awards/eurobest/2025/campaigns/birds-never-forget-to-fly-a-b-2025-7/
Eurobest,2025,FILM CRAFT,Lynx With Catnip ,A,B,C,https://www.lovethework.com/work/entries/lynx-with-catnip-768600,/awards/eurobest/2025/campaigns/lynx-with-catnip-a-b-2025-4/
Eurobest,2025,FILM CRAFT,Christmas Delivery ,A,B,C,https://ascentialcdn.filespin.io/api/v1/conversion/d42620e277ee4ecd82ec3e00a313626c,/awards/eurobest/2025/campaigns/christmas-delivery-a-b-2025/
Eurobest,2025,FILM CRAFT,Fiat 500E Giorgio Armani ,A,B,C,https://www.lovethework.com/work/entries/fiat-500e-giorgio-armani-768648,/awards/eurobest/2025/campaigns/fiat-500e-giorgio-armani-a-b-2025-2/
Eurobest,2025,FILM CRAFT,Renault Electric Vs Petrol ,A,B,C,https://www.lovethework.com/work/entries/renault-electric-vs-petrol-769092,/awards/eurobest/2025/campaigns/renault-electric-vs-petrol-a-b-2025-4/
Eurobest,2025,FILM CRAFT,Cabinet Of Custom Curiosities ,A,B,C,https://www.lovethework.com/work/entries/cabinet-of-custom-curiosities-768530,/awards/eurobest/2025/campaigns/cabinet-of-custom-curiosities-a-b-2025-2/
Eurobest,2025,FILM CRAFT,The Alien ,A,B,C,https://www.lovethework.com/work/entries/the-alien-768502,/awards/eurobest/2025/campaigns/the-alien-a-b-2025-4/
Eurobest,2025,FILM CRAFT,The Alien ,A,B,C,https://www.lovethework.com/work/entries/the-alien-768557,/awards/eurobest/2025/campaigns/the-alien-a-b-2025-5/
Eurobest,2025,FILM CRAFT,Be A Dreamer ,A,B,C,https://www.lovethework.com/work/entries/be-a-dreamer-768568,/awards/eurobest/2025/campaigns/be-a-dreamer-a-b-2025-4/
Eurobest,2025,FILM CRAFT,Renault Roland Garros The Court ,A,B,C,https://www.lovethework.com/work/entries/renault-roland-garros-the-court-769117,/awards/eurobest/2025/campaigns/renault-roland-garros-the-court-a-b-2025-2/
Eurobest,2025,FILM CRAFT,Vroooom ,A,B,C,https://www.lovethework.com/work/entries/vroooom-768514,/awards/eurobest/2025/campaigns/vroooom-a-b-2025-2/
Eurobest,2025,FILM CRAFT,Obsession ,A,B,C,https://ascentialcdn.filespin.io/api/v1/conversion/d27f036cd0554b43896232e5c7f5e22f,/awards/eurobest/2025/campaigns/obsession-a-b-2025-7/
Eurobest,2025,FILM CRAFT,Dacia ,A,B,C,https://www.lovethework.com/work/entries/dacia-768676,/awards/eurobest/2025/campaigns/dacia-a-b-2025-2/
Eurobest,2025,FILM CRAFT,For The Worlds Most Demanding Coffee Drinkers ,A,B,C,https://www.lovethework.com/work/entries/for-the-worlds-most-demanding-coffee-drinkers-768582,/awards/eurobest/2025/campaigns/for-the-worlds-most-demanding-coffee-drinkers-a-b-2025-2/
Eurobest,2025,FILM CRAFT,The Celebration Test ,A,B,C,https://ascentialcdn.filespin.io/api/v1/conversion/0c36cf77e1524f11bd80f1dac6e3fd42,/awards/eurobest/2025/campaigns/the-celebration-test-a-b-2025-3/
Eurobest,2025,FILM CRAFT,Engineered For Whatever ,A,B,C,https://www.lovethework.com/work/entries/engineered-for-whatever-768527,/awards/eurobest/2025/campaigns/engineered-for-whatever-a-b-2025-9/
Eurobest,2025,FILM CRAFT,Italo ,A,B,C,https://www.lovethework.com/work/entries/italo-768672,/awards/eurobest/2025/campaigns/italo-a-b-2025-3/
Eurobest,2025,FILM CRAFT,No Bad Choices ,A,B,C,https://www.lovethework.com/work/entries/no-bad-choices-768637,/awards/eurobest/2025/campaigns/no-bad-choices-a-b-2025-2/
Eurobest,2025,FILM CRAFT,Enzo And His Daughter Paloma ,A,B,C,https://www.lovethework.com/work/entries/enzo-and-his-daughter-paloma-769179,/awards/eurobest/2025/campaigns/enzo-and-his-daughter-paloma-a-b-2025/
Eurobest,2025,FILM CRAFT,The Wonderful Tale Of Motrio ,A,B,C,https://www.lovethework.com/work/entries/the-wonderful-tale-of-motrio-768682,/awards/eurobest/2025/campaigns/the-wonderful-tale-of-motrio-a-b-2025/
Eurobest,2025,FILM CRAFT,The Alien ,A,B,C,https://www.lovethework.com/work/entries/the-alien-768638,/awards/eurobest/2025/campaigns/the-alien-a-b-2025-6/
Eurobest,2025,FILM CRAFT,Equal Pay Day Feminister ,A,B,C,https://www.lovethework.com/work/entries/equal-pay-day-feminister-768519,/awards/eurobest/2025/campaigns/equal-pay-day-feminister-a-b-2025/
Eurobest,2025,FILM CRAFT,Engineered For Whatever ,A,B,C,https://www.lovethework.com/work/entries/engineered-for-whatever-768573,/awards/eurobest/2025/campaigns/engineered-for-whatever-a-b-2025-10/
Eurobest,2025,FILM CRAFT,Lancia Ypsilon Unleash The Instinct ,A,B,C,https://www.lovethework.com/work/entries/lancia-ypsilon-unleash-the-instinct-768566,/awards/eurobest/2025/campaigns/lancia-ypsilon-unleash-the-instinct-a-b-2025/
Eurobest,2025,FILM CRAFT,Own Your World ,A,B,C,https://www.lovethework.com/work/entries/own-your-world-768635,/awards/eurobest/2025/campaigns/own-your-world-a-b-2025-3/
Eurobest,2025,FILM CRAFT,The Hunt For Hibernation ,A,B,C,https://www.lovethework.com/work/entries/the-hunt-for-hibernation-768539,/awards/eurobest/2025/campaigns/the-hunt-for-hibernation-a-b-2025-3/
Eurobest,2025,FILM CRAFT,Stracciatella Fella ,A,B,C,https://www.lovethework.com/work/entries/stracciatella-fella-768551,/awards/eurobest/2025/campaigns/stracciatella-fella-a-b-2025-2/
Eurobest,2025,FILM CRAFT,Obsession ,A,B,C,https://www.lovethework.com/work/entries/obsession-768690,/awards/eurobest/2025/campaigns/obsession-a-b-2025-8/
Eurobest,2025,FILM CRAFT,Cruise ,A,B,C,https://www.lovethework.com/work/entries/cruise-768506,/awards/eurobest/2025/campaigns/cruise-a-b-2025/
Eurobest,2025,FILM CRAFT,American Football ,A,B,C,https://www.lovethework.com/work/entries/american-football-768577,/awards/eurobest/2025/campaigns/american-football-a-b-2025/
Eurobest,2025,FILM CRAFT,Be A Dreamer ,A,B,C,https://www.lovethework.com/work/entries/be-a-dreamer-768622,/awards/eurobest/2025/campaigns/be-a-dreamer-a-b-2025-5/
Eurobest,2025,FILM CRAFT,The Hunt For Hibernation ,A,B,C,https://www.lovethework.com/work/entries/the-hunt-for-hibernation-768659,/awards/eurobest/2025/campaigns/the-hunt-for-hibernation-a-b-2025-4/
Eurobest,2025,FILM CRAFT,Christmas Campaign 2024 For Billa ,A,B,C,https://www.lovethework.com/work/entries/christmas-campaign-2024-for-billa-768494,/awards/eurobest/2025/campaigns/christmas-campaign-2024-for-billa-a-b-2025/
Eurobest,2025,FILM CRAFT,American Football ,A,B,C,https://www.lovethework.com/work/entries/american-football-768599,/awards/eurobest/2025/campaigns/american-football-a-b-2025-2/
Eurobest,2025,FILM CRAFT,No Project Without Drama ,A,B,C,https://www.lovethework.com/work/entries/no-project-without-drama-768526,/awards/eurobest/2025/campaigns/no-project-without-drama-a-b-2025-9/
Eurobest,2025,FILM CRAFT,All It Takes Is A Yes ,A,B,C,https://www.lovethework.com/work/entries/all-it-takes-is-a-yes-768541,/awards/eurobest/2025/campaigns/all-it-takes-is-a-yes-a-b-2025-2/
Eurobest,2025,FILM CRAFT,Aldistory Candies ,A,B,C,https://www.lovethework.com/work/entries/aldistory-candies-768663,/awards/eurobest/2025/campaigns/aldistory-candies-a-b-2025/
Eurobest,2025,FILM CRAFT,Name The Bias ,A,B,C,https://www.lovethework.com/work/entries/name-the-bias-768628,/awards/eurobest/2025/campaigns/name-the-bias-a-b-2025-5/
Eurobest,2025,FILM CRAFT,Stay In The Picture ,A,B,C,https://www.lovethework.com/work/entries/stay-in-the-picture-768669,/awards/eurobest/2025/campaigns/stay-in-the-picture-a-b-2025-2/
Eurobest,2025,FILM CRAFT,Engineered For Whatever ,A,B,C,https://www.lovethework.com/work/entries/engineered-for-whatever-768560,/awards/eurobest/2025/campaigns/engineered-for-whatever-a-b-2025-11/
Eurobest,2025,FILM CRAFT,Welcome To Sunny Val ,A,B,C,https://www.lovethework.com/work/entries/welcome-to-sunny-val-768661,/awards/eurobest/2025/campaigns/welcome-to-sunny-val-a-b-2025-4/
Eurobest,2025,FILM CRAFT,Everest ,A,B,C,https://www.lovethework.com/work/entries/everest-768558,/awards/eurobest/2025/campaigns/everest-a-b-2025-2/
Eurobest,2025,FILM CRAFT,I Came By Train Supported By Trainline ,A,B,C,https://www.lovethework.com/work/entries/i-came-by-train-supported-by-trainline-768681,/awards/eurobest/2025/campaigns/i-came-by-train-supported-by-trainline-a-b-2025-4/
Eurobest,2025,FILM CRAFT,Stracciatella Fella ,A,B,C,https://www.lovethework.com/work/entries/stracciatella-fella-768531,/awards/eurobest/2025/campaigns/stracciatella-fella-a-b-2025-3/
Eurobest,2025,FILM CRAFT,Whatever Christmas Is To You ,A,B,C,https://www.lovethework.com/work/entries/whatever-christmas-is-to-you-768590,/awards/eurobest/2025/campaigns/whatever-christmas-is-to-you-a-b-2025-2/
Eurobest,2025,FILM CRAFT,Engineered For Whatever ,A,B,C,https://www.lovethework.com/work/entries/engineered-for-whatever-768629,/awards/eurobest/2025/campaigns/engineered-for-whatever-a-b-2025-12/
Eurobest,2025,FILM CRAFT,Run Like Were Meant To ,A,B,C,https://www.lovethework.com/work/entries/run-like-were-meant-to-768674,/awards/eurobest/2025/campaigns/run-like-were-meant-to-a-b-2025-2/
Eurobest,2025,FILM CRAFT,Name The Bias ,A,B,C,https://www.lovethework.com/work/entries/name-the-bias-768585,/awards/eurobest/2025/campaigns/name-the-bias-a-b-2025-6/
Eurobest,2025,FILM CRAFT,The Alien ,A,B,C,https://www.lovethework.com/work/entries/the-alien-768532,/awards/eurobest/2025/campaigns/the-alien-a-b-2025-7/
Eurobest,2025,FILM CRAFT,Picky ,A,B,C,https://www.lovethework.com/work/entries/picky-768658,/awards/eurobest/2025/campaigns/picky-a-b-2025-2/
Eurobest,2025,FILM CRAFT,Currents ,A,B,C,https://www.lovethework.com/work/entries/currents-768589,/awards/eurobest/2025/campaigns/currents-a-b-2025/
Eurobest,2025,FILM CRAFT,Renault Electric Vs Petrol ,A,B,C,https://www.lovethework.com/work/entries/renault-electric-vs-petrol-769243,/awards/eurobest/2025/campaigns/renault-electric-vs-petrol-a-b-2025-5/
Eurobest,2025,FILM CRAFT,Hope ,A,B,C,https://www.lovethework.com/work/entries/hope-768515,/awards/eurobest/2025/campaigns/hope-a-b-2025-2/
Eurobest,2025,FILM CRAFT,It Works Better When It Works Together Museum ,A,B,C,https://www.lovethework.com/work/entries/it-works-better-when-it-works-together-museum-768604,/awards/eurobest/2025/campaigns/it-works-better-when-it-works-together-museum-a-b-2025/
Eurobest,2025,FILM CRAFT,Blind Date ,A,B,C,https://www.lovethework.com/work/entries/blind-date-768636,/awards/eurobest/2025/campaigns/blind-date-a-b-2025-2/
Eurobest,2025,FILM CRAFT,We Are Not Alone ,A,B,C,https://www.lovethework.com/work/entries/we-are-not-alone-768555,/awards/eurobest/2025/campaigns/we-are-not-alone-a-b-2025-3/
Eurobest,2025,GLASS THE AWARD FOR CHANGE,Axa Three Words ,A,B,C,https://ascentialcdn.filespin.io/api/v1/conversion/a86fa8f340e34d13b5cbc1c3c8a5f74c,/awards/eurobest/2025/campaigns/axa-three-words-a-b-2025-16/
Eurobest,2025,GLASS THE AWARD FOR CHANGE,Axa Three Words ,A,B,C,https://ascentialcdn.filespin.io/api/v1/conversion/a86fa8f340e34d13b5cbc1c3c8a5f74c,/awards/eurobest/2025/campaigns/axa-three-words-a-b-2025-17/
Eurobest,2025,GLASS THE AWARD FOR CHANGE,Breastmilk Money ,A,B,C,https://ascentialcdn.filespin.io/api/v1/conversion/ab417c217c284282bd8991583a923ad3,/awards/eurobest/2025/campaigns/breastmilk-money-a-b-2025-6/
Eurobest,2025,GLASS THE AWARD FOR CHANGE,Its Time To Stop ,A,B,C,https://ascentialcdn.filespin.io/api/v1/conversion/f957cb7d24664a7e9dbd91290c95d583,/awards/eurobest/2025/campaigns/its-time-to-stop-a-b-2025-5/
Eurobest,2025,GLASS THE AWARD FOR CHANGE,Signs ,A,B,C,https://ascentialcdn.filespin.io/api/v1/conversion/dc239992deb4446d822f0455bc07cb05,/awards/eurobest/2025/campaigns/signs-a-b-2025-5/
Eurobest,2025,GLASS THE AWARD FOR CHANGE,Her Final Search ,A,B,C,https://ascentialcdn.filespin.io/api/v1/conversion/183d6f5e80a14606a633e39a6805980a,/awards/eurobest/2025/campaigns/her-final-search-a-b-2025/
Eurobest,2025,GLASS THE AWARD FOR CHANGE,Omnilivery ,A,B,C,https://ascentialcdn.filespin.io/api/v1/conversion/38cbe1a6ee444db186b748c9da630bdc,/awards/eurobest/2025/campaigns/omnilivery-a-b-2025-5/
Eurobest,2025,GLASS THE AWARD FOR CHANGE,Orange Paralympics ,A,B,C,https://www.lovethework.com/work/entries/orange-paralympics-769295,/awards/eurobest/2025/campaigns/orange-paralympics-a-b-2025-7/
Eurobest,2025,GLASS THE AWARD FOR CHANGE,Breastmilk Money ,A,B,C,https://ascentialcdn.filespin.io/api/v1/conversion/ab417c217c284282bd8991583a923ad3,/awards/eurobest/2025/campaigns/breastmilk-money-a-b-2025-7/
Eurobest,2025,GLASS THE AWARD FOR CHANGE,The Parental Leave Mortgage ,A,B,C,https://ascentialcdn.filespin.io/api/v1/conversion/a8b9edfd44de47b893b950770030cf54,/awards/eurobest/2025/campaigns/the-parental-leave-mortgage-a-b-2025-10/
Eurobest,2025,GLASS THE AWARD FOR CHANGE,Heart Of A Woman ,A,B,C,https://ascentialcdn.filespin.io/api/v1/conversion/cb40b64e315047ecbda698d2465a5b51,/awards/eurobest/2025/campaigns/heart-of-a-woman-a-b-2025-2/
Eurobest,2025,GLASS THE AWARD FOR CHANGE,Online The Law Protects This Artwork Better Than It Protects Women ,A,B,C,https://ascentialcdn.filespin.io/api/v1/conversion/d8add81378b84ec9af03d98544efec8f,/awards/eurobest/2025/campaigns/online-the-law-protects-this-artwork-better-than-it-protects-women-a-b-2025-5/
Eurobest,2025,GLASS THE AWARD FOR CHANGE,La Disabilit Lultimo Dei Problemi ,A,B,C,https://www.lovethework.com/work/entries/la-disabilit-lultimo-dei-problemi-769366,/awards/eurobest/2025/campaigns/la-disabilit-lultimo-dei-problemi-a-b-2025-2/
Eurobest,2025,GLASS THE AWARD FOR CHANGE,Unlocking The Game ,A,B,C,https://www.lovethework.com/work/entries/unlocking-the-game-768897,/awards/eurobest/2025/campaigns/unlocking-the-game-a-b-2025-16/
Eurobest,2025,GLASS THE AWARD FOR CHANGE,Farmahead ,A,B,C,https://ascentialcdn.filespin.io/api/v1/conversion/101b2888c22a46189b60dfe6779b984b,/awards/eurobest/2025/campaigns/farmahead-a-b-2025/
Eurobest,2025,GLASS THE AWARD FOR CHANGE,Unlocking The Game ,A,B,C,https://www.lovethework.com/work/entries/unlocking-the-game-768957,/awards/eurobest/2025/campaigns/unlocking-the-game-a-b-2025-17/
Eurobest,2025,GLASS THE AWARD FOR CHANGE,Issues Are Coming To Ya ,A,B,C,https://www.lovethework.com/work/entries/issues-are-coming-to-ya-768984,/awards/eurobest/2025/campaigns/issues-are-coming-to-ya-a-b-2025/
Eurobest,2025,GLASS THE AWARD FOR CHANGE,Bills Of Contraception ,A,B,C,https://ascentialcdn.filespin.io/api/v1/conversion/1bf7a030bb914c23a6b8ef0a1d19a595,/awards/eurobest/2025/campaigns/bills-of-contraception-a-b-2025/
Eurobest,2025,GLASS THE AWARD FOR CHANGE,Dont Call It Love ,A,B,C,https://ascentialcdn.filespin.io/api/v1/conversion/cda6e94a7b0846378cd8a41b9173c06e,/awards/eurobest/2025/campaigns/dont-call-it-love-a-b-2025-2/
Eurobest,2025,GLASS THE AWARD FOR CHANGE,Asahi Super Dry X Womens Rugby World Cup ,A,B,C,https://ascentialcdn.filespin.io/api/v1/conversion/d9c9c7215ff14468acb090bb87e0ca74,/awards/eurobest/2025/campaigns/asahi-super-dry-x-womens-rugby-world-cup-a-b-2025-3/
Eurobest,2025,GLASS THE AWARD FOR CHANGE,Benches Of Hope ,A,B,C,https://www.lovethework.com/work/entries/benches-of-hope-768918,/awards/eurobest/2025/campaigns/benches-of-hope-a-b-2025-5/
Eurobest,2025,GLASS THE AWARD FOR CHANGE,March Forward ,A,B,C,https://ascentialcdn.filespin.io/api/v1/conversion/1da3d5da94384c359f6ca64ff941b720,/awards/eurobest/2025/campaigns/march-forward-a-b-2025-2/
Eurobest,2025,GLASS THE AWARD FOR CHANGE,Painvisible ,A,B,C,https://ascentialcdn.filespin.io/api/v1/conversion/645b22cb17b74936a075ed02886b8d82,/awards/eurobest/2025/campaigns/painvisible-a-b-2025-2/
Eurobest,2025,HEALTHCARE,Breastmilk Money ,A,B,C,https://www.lovethework.com/work/entries/breastmilk-money-768887,/awards/eurobest/2025/campaigns/breastmilk-money-a-b-2025-8/
Eurobest,2025,HEALTHCARE,Creamotherapy ,A,B,C,https://www.lovethework.com/work/entries/creamotherapy-768812,/awards/eurobest/2025/campaigns/creamotherapy-a-b-2025-2/
Eurobest,2025,HEALTHCARE,Painvisible ,A,B,C,https://www.lovethework.com/work/entries/painvisible-768776,/awards/eurobest/2025/campaigns/painvisible-a-b-2025-3/
Eurobest,2025,HEALTHCARE,Group Therapy ,A,B,C,https://www.lovethework.com/work/entries/group-therapy-768874,/awards/eurobest/2025/campaigns/group-therapy-a-b-2025-3/
Eurobest,2025,HEALTHCARE,Life Donor Card ,A,B,C,https://ascentialcdn.filespin.io/api/v1/conversion/840443c9ab3145abb1d45d31707245bb,/awards/eurobest/2025/campaigns/life-donor-card-a-b-2025-7/
Eurobest,2025,HEALTHCARE,Omnilivery ,A,B,C,https://ascentialcdn.filespin.io/api/v1/conversion/38cbe1a6ee444db186b748c9da630bdc,/awards/eurobest/2025/campaigns/omnilivery-a-b-2025-6/
Eurobest,2025,HEALTHCARE,The Grey Swan ,A,B,C,https://ascentialcdn.filespin.io/api/v1/conversion/497df0a4345a426e86fd1b1d81a328e8,/awards/eurobest/2025/campaigns/the-grey-swan-a-b-2025-7/
Eurobest,2025,HEALTHCARE,Breastmilk Money ,A,B,C,https://www.lovethework.com/work/entries/breastmilk-money-768773,/awards/eurobest/2025/campaigns/breastmilk-money-a-b-2025-9/
Eurobest,2025,HEALTHCARE,Camdom ,A,B,C,https://www.lovethework.com/work/entries/camdom-768827,/awards/eurobest/2025/campaigns/camdom-a-b-2025-5/
Eurobest,2025,HEALTHCARE,Painvisible ,A,B,C,https://www.lovethework.com/work/entries/painvisible-768761,/awards/eurobest/2025/campaigns/painvisible-a-b-2025-4/
Eurobest,2025,HEALTHCARE,Allevia Pollen Passport ,A,B,C,https://www.lovethework.com/work/entries/allevia-pollen-passport-768736,/awards/eurobest/2025/campaigns/allevia-pollen-passport-a-b-2025-4/
Eurobest,2025,HEALTHCARE,Mommyphone ,A,B,C,https://www.lovethework.com/work/entries/mommyphone-768802,/awards/eurobest/2025/campaigns/mommyphone-a-b-2025-5/
Eurobest,2025,HEALTHCARE,Group Therapy ,A,B,C,https://www.lovethework.com/work/entries/group-therapy-768872,/awards/eurobest/2025/campaigns/group-therapy-a-b-2025-4/
Eurobest,2025,HEALTHCARE,Camdom ,A,B,C,https://www.lovethework.com/work/entries/camdom-768883,/awards/eurobest/2025/campaigns/camdom-a-b-2025-6/
Eurobest,2025,HEALTHCARE,Working With Cancer Screening Time Off ,A,B,C,https://www.lovethework.com/work/entries/working-with-cancer-screening-time-off-769362,/awards/eurobest/2025/campaigns/working-with-cancer-screening-time-off-a-b-2025-6/
Eurobest,2025,HEALTHCARE,Cancer And Careers Strings ,A,B,C,https://www.lovethework.com/work/entries/cancer-and-careers-strings-769349,/awards/eurobest/2025/campaigns/cancer-and-careers-strings-a-b-2025-4/
Eurobest,2025,HEALTHCARE,Omnilivery ,A,B,C,https://ascentialcdn.filespin.io/api/v1/conversion/38cbe1a6ee444db186b748c9da630bdc,/awards/eurobest/2025/campaigns/omnilivery-a-b-2025-7/
Eurobest,2025,HEALTHCARE,Marino Uriel The Unforgettable Legend ,A,B,C,https://www.lovethework.com/work/entries/marino-uriel-the-unforgettable-legend-768785,/awards/eurobest/2025/campaigns/marino-uriel-the-unforgettable-legend-a-b-2025-3/
Eurobest,2025,HEALTHCARE,Sig Facing Bullying ,A,B,C,https://ascentialcdn.filespin.io/api/v1/conversion/c7bf0f1168064d67aab614cd55b49da3,/awards/eurobest/2025/campaigns/sig-facing-bullying-a-b-2025-5/
Eurobest,2025,HEALTHCARE,Group Therapy ,A,B,C,https://www.lovethework.com/work/entries/group-therapy-768840,/awards/eurobest/2025/campaigns/group-therapy-a-b-2025-5/
Eurobest,2025,HEALTHCARE,The Kidney Pass ,A,B,C,https://ascentialcdn.filespin.io/api/v1/conversion/e6e5f93f64424f63a41dc5ccc8acf62c,/awards/eurobest/2025/campaigns/the-kidney-pass-a-b-2025-10/
Eurobest,2025,HEALTHCARE,Creamotherapy ,A,B,C,https://ascentialcdn.filespin.io/api/v1/conversion/4101bc31871247ae97ebf30d65e9bf52,/awards/eurobest/2025/campaigns/creamotherapy-a-b-2025-3/
Eurobest,2025,HEALTHCARE,Liming With Gran ,A,B,C,https://www.lovethework.com/work/entries/liming-with-gran-768843,/awards/eurobest/2025/campaigns/liming-with-gran-a-b-2025-2/
Eurobest,2025,HEALTHCARE,Friedreich I ,A,B,C,https://www.lovethework.com/work/entries/friedreich-i-768784,/awards/eurobest/2025/campaigns/friedreich-i-a-b-2025/
Eurobest,2025,HEALTHCARE,Group Therapy ,A,B,C,https://www.lovethework.com/work/entries/group-therapy-768869,/awards/eurobest/2025/campaigns/group-therapy-a-b-2025-6/
Eurobest,2025,HEALTHCARE,The Impossible Gym ,A,B,C,https://www.lovethework.com/work/entries/the-impossible-gym-769119,/awards/eurobest/2025/campaigns/the-impossible-gym-a-b-2025/
Eurobest,2025,HEALTHCARE,Streetnav ,A,B,C,https://ascentialcdn.filespin.io/api/v1/conversion/9070a2805ed648219eb8a5971f833259,/awards/eurobest/2025/campaigns/streetnav-a-b-2025-2/
Eurobest,2025,HEALTHCARE,Us Still At The Zoo ,A,B,C,https://www.lovethework.com/work/entries/us-still-at-the-zoo-769096,/awards/eurobest/2025/campaigns/us-still-at-the-zoo-a-b-2025/
Eurobest,2025,HEALTHCARE,Urban Doggy Fit ,A,B,C,https://ascentialcdn.filespin.io/api/v1/conversion/acde0be81ba1496db20bb1ea4ccfadc6,/awards/eurobest/2025/campaigns/urban-doggy-fit-a-b-2025-2/
Eurobest,2025,HEALTHCARE,The Broken Heart ,A,B,C,https://www.lovethework.com/work/entries/the-broken-heart-768831,/awards/eurobest/2025/campaigns/the-broken-heart-a-b-2025/
Eurobest,2025,HEALTHCARE,Buffering Memories Child Portrait ,A,B,C,https://www.lovethework.com/work/entries/buffering-memories-child-portrait-768708,/awards/eurobest/2025/campaigns/buffering-memories-child-portrait-a-b-2025/
Eurobest,2025,HEALTHCARE,This Company Is A Family ,A,B,C,https://www.lovethework.com/work/entries/this-company-is-a-family-768726,/awards/eurobest/2025/campaigns/this-company-is-a-family-a-b-2025-3/
Eurobest,2025,HEALTHCARE,Algoflex Pain Ambassadors ,A,B,C,https://www.lovethework.com/work/entries/algoflex-pain-ambassadors-768744,/awards/eurobest/2025/campaigns/algoflex-pain-ambassadors-a-b-2025-2/
Eurobest,2025,HEALTHCARE,Feeling Overwhelmed By Cell Therapy Challenges ,A,B,C,https://www.lovethework.com/work/entries/feeling-overwhelmed-by-cell-therapy-challenges-768745,/awards/eurobest/2025/campaigns/feeling-overwhelmed-by-cell-therapy-challenges-a-b-2025/
Eurobest,2025,HEALTHCARE,Skeleton Army Reserve ,A,B,C,https://www.lovethework.com/work/entries/skeleton-army-reserve-769088,/awards/eurobest/2025/campaigns/skeleton-army-reserve-a-b-2025-3/
Eurobest,2025,HEALTHCARE,The Anti Loneliness Policy ,A,B,C,https://www.lovethework.com/work/entries/the-anti-loneliness-policy-768696,/awards/eurobest/2025/campaigns/the-anti-loneliness-policy-a-b-2025/
Eurobest,2025,HEALTHCARE,Oral Treatment ,A,B,C,https://www.lovethework.com/work/entries/oral-treatment-768719,/awards/eurobest/2025/campaigns/oral-treatment-a-b-2025/
Eurobest,2025,HEALTHCARE,At The Forefront Of Ophthalmology Research ,A,B,C,https://ascentialcdn.filespin.io/api/v1/conversion/99c111151c5447afb533cdba3d0ad156,/awards/eurobest/2025/campaigns/at-the-forefront-of-ophthalmology-research-a-b-2025/
Eurobest,2025,HEALTHCARE,We Are Not Alone ,A,B,C,https://www.lovethework.com/work/entries/we-are-not-alone-768849,/awards/eurobest/2025/campaigns/we-are-not-alone-a-b-2025-4/
Eurobest,2025,HEALTHCARE,The Kidney Pass ,A,B,C,https://ascentialcdn.filespin.io/api/v1/conversion/e6e5f93f64424f63a41dc5ccc8acf62c,/awards/eurobest/2025/campaigns/the-kidney-pass-a-b-2025-11/
Eurobest,2025,HEALTHCARE,Urban Doggy Fit ,A,B,C,https://ascentialcdn.filespin.io/api/v1/conversion/acde0be81ba1496db20bb1ea4ccfadc6,/awards/eurobest/2025/campaigns/urban-doggy-fit-a-b-2025-3/
Eurobest,2025,HEALTHCARE,Skeleton Army Reserve ,A,B,C,https://www.lovethework.com/work/entries/skeleton-army-reserve-769255,/awards/eurobest/2025/campaigns/skeleton-army-reserve-a-b-2025-4/
Eurobest,2025,HEALTHCARE,Unspotted Spots ,A,B,C,https://www.lovethework.com/work/entries/unspotted-spots-768888,/awards/eurobest/2025/campaigns/unspotted-spots-a-b-2025/
Eurobest,2025,HEALTHCARE,Action Pressante Urgent Action ,A,B,C,https://ascentialcdn.filespin.io/api/v1/conversion/1e58d6d4521240829ab3f6b2db2be393,/awards/eurobest/2025/campaigns/action-pressante-urgent-action-a-b-2025/
Eurobest,2025,HEALTHCARE,Sig Facing Bullying ,A,B,C,https://ascentialcdn.filespin.io/api/v1/conversion/c7bf0f1168064d67aab614cd55b49da3,/awards/eurobest/2025/campaigns/sig-facing-bullying-a-b-2025-6/
Eurobest,2025,HEALTHCARE,Sound Of Stigma ,A,B,C,https://www.lovethework.com/work/entries/sound-of-stigma-768823,/awards/eurobest/2025/campaigns/sound-of-stigma-a-b-2025-3/
Eurobest,2025,HEALTHCARE,We Are Not Alone ,A,B,C,https://www.lovethework.com/work/entries/we-are-not-alone-768699,/awards/eurobest/2025/campaigns/we-are-not-alone-a-b-2025-5/
Eurobest,2025,HEALTHCARE,Design Your Sleep While You Sleep ,A,B,C,https://www.lovethework.com/work/entries/design-your-sleep-while-you-sleep-768834,/awards/eurobest/2025/campaigns/design-your-sleep-while-you-sleep-a-b-2025-4/
Eurobest,2025,HEALTHCARE,Oval ,A,B,C,https://www.lovethework.com/work/entries/oval-768820,/awards/eurobest/2025/campaigns/oval-a-b-2025/
Eurobest,2025,HEALTHCARE,Her Final Search ,A,B,C,https://www.lovethework.com/work/entries/her-final-search-768772,/awards/eurobest/2025/campaigns/her-final-search-a-b-2025-2/
Eurobest,2025,HEALTHCARE,Heart Of A Woman ,A,B,C,https://ascentialcdn.filespin.io/api/v1/conversion/cb40b64e315047ecbda698d2465a5b51,/awards/eurobest/2025/campaigns/heart-of-a-woman-a-b-2025-3/
Eurobest,2025,HEALTHCARE,Working With Cancer Screening Time Off ,A,B,C,https://www.lovethework.com/work/entries/working-with-cancer-screening-time-off-769373,/awards/eurobest/2025/campaigns/working-with-cancer-screening-time-off-a-b-2025-7/
Eurobest,2025,HEALTHCARE,The Grey Swan ,A,B,C,https://ascentialcdn.filespin.io/api/v1/conversion/19e711a6567840e18cf2173f0a78961e,/awards/eurobest/2025/campaigns/the-grey-swan-a-b-2025-8/
Eurobest,2025,HEALTHCARE,Su Misura ,A,B,C,https://www.lovethework.com/work/entries/su-misura-768796,/awards/eurobest/2025/campaigns/su-misura-a-b-2025/
Eurobest,2025,HEALTHCARE,Streetnav ,A,B,C,https://www.lovethework.com/work/entries/streetnav-768852,/awards/eurobest/2025/campaigns/streetnav-a-b-2025-3/
Eurobest,2025,HEALTHCARE,Liming With Gran ,A,B,C,https://www.lovethework.com/work/entries/liming-with-gran-768858,/awards/eurobest/2025/campaigns/liming-with-gran-a-b-2025-3/
Eurobest,2025,HEALTHCARE,Design Your Sleep While You Sleep ,A,B,C,https://www.lovethework.com/work/entries/design-your-sleep-while-you-sleep-768860,/awards/eurobest/2025/campaigns/design-your-sleep-while-you-sleep-a-b-2025-5/
Eurobest,2025,HEALTHCARE,Lift ,A,B,C,https://www.lovethework.com/work/entries/lift-768809,/awards/eurobest/2025/campaigns/lift-a-b-2025/
Eurobest,2025,HEALTHCARE,Troubled Waters Ahead ,A,B,C,https://www.lovethework.com/work/entries/troubled-waters-ahead-768731,/awards/eurobest/2025/campaigns/troubled-waters-ahead-a-b-2025/
Eurobest,2025,HEALTHCARE,Gustave Roussy A True Story ,A,B,C,https://www.lovethework.com/work/entries/gustave-roussy-a-true-story-769367,/awards/eurobest/2025/campaigns/gustave-roussy-a-true-story-a-b-2025-3/
Eurobest,2025,HEALTHCARE,Bills Of Contraception ,A,B,C,https://ascentialcdn.filespin.io/api/v1/conversion/1bf7a030bb914c23a6b8ef0a1d19a595,/awards/eurobest/2025/campaigns/bills-of-contraception-a-b-2025-2/
Eurobest,2025,HEALTHCARE,Unlocking The Hidden Opportunity Of Societal Aging ,A,B,C,https://ascentialcdn.filespin.io/api/v1/conversion/d3a8881acd1345e398e5048e1da5c2ef,/awards/eurobest/2025/campaigns/unlocking-the-hidden-opportunity-of-societal-aging-a-b-2025/
Eurobest,2025,HEALTHCARE,Omnilivery ,A,B,C,https://ascentialcdn.filespin.io/api/v1/conversion/269c9c8b1fac410e89e3266ab0338cf4,/awards/eurobest/2025/campaigns/omnilivery-a-b-2025-8/
Eurobest,2025,HEALTHCARE,Park ,A,B,C,https://ascentialcdn.filespin.io/api/v1/conversion/c384baa19159437fbf169212739d8a5a,/awards/eurobest/2025/campaigns/park-a-b-2025/
Eurobest,2025,HEALTHCARE,Brewed For Thought ,A,B,C,https://ascentialcdn.filespin.io/api/v1/conversion/6a62b83d94ba4373b1f40040d059ab8a,/awards/eurobest/2025/campaigns/brewed-for-thought-a-b-2025-2/
Eurobest,2025,HEALTHCARE,Samsung Sleep Self ,A,B,C,https://www.lovethework.com/work/entries/samsung-sleep-self-768885,/awards/eurobest/2025/campaigns/samsung-sleep-self-a-b-2025-3/
Eurobest,2025,HEALTHCARE,City Center ,A,B,C,https://ascentialcdn.filespin.io/api/v1/conversion/d3a0d23c282a4147bba8ed5945049d90,/awards/eurobest/2025/campaigns/city-center-a-b-2025/
Eurobest,2025,HEALTHCARE,Pet Project ,A,B,C,https://www.lovethework.com/work/entries/pet-project-768889,/awards/eurobest/2025/campaigns/pet-project-a-b-2025-2/
Eurobest,2025,HEALTHCARE,Troubled Waters Ahead ,A,B,C,https://www.lovethework.com/work/entries/troubled-waters-ahead-768714,/awards/eurobest/2025/campaigns/troubled-waters-ahead-a-b-2025-2/
Eurobest,2025,HEALTHCARE,Connected Disease Management ,A,B,C,https://ascentialcdn.filespin.io/api/v1/conversion/42248785c88247cebbe662cde759babe,/awards/eurobest/2025/campaigns/connected-disease-management-a-b-2025/
Eurobest,2025,HEALTHCARE,Working With Cancer Screening Time Off ,A,B,C,https://www.lovethework.com/work/entries/working-with-cancer-screening-time-off-769453,/awards/eurobest/2025/campaigns/working-with-cancer-screening-time-off-a-b-2025-8/
Eurobest,2025,HEALTHCARE,The Impossible Gym ,A,B,C,https://ascentialcdn.filespin.io/api/v1/conversion/134327294a1142af98763d8a31aa4736,/awards/eurobest/2025/campaigns/the-impossible-gym-a-b-2025-2/
Eurobest,2025,HEALTHCARE,Skincare For Down There ,A,B,C,https://ascentialcdn.filespin.io/api/v1/conversion/b186cee580df4b3faae246164fda1b42,/awards/eurobest/2025/campaigns/skincare-for-down-there-a-b-2025-3/
Eurobest,2025,HEALTHCARE,Anti Murphys Law Toast ,A,B,C,https://www.lovethework.com/work/entries/anti-murphys-law-toast-768807,/awards/eurobest/2025/campaigns/anti-murphys-law-toast-a-b-2025-3/
Eurobest,2025,HEALTHCARE,The Anti Loneliness Policy ,A,B,C,https://www.lovethework.com/work/entries/the-anti-loneliness-policy-768830,/awards/eurobest/2025/campaigns/the-anti-loneliness-policy-a-b-2025-2/
Eurobest,2025,HEALTHCARE,Oral Treatment ,A,B,C,https://ascentialcdn.filespin.io/api/v1/conversion/c223af6ef80a4062aa631c1a8aad2446,/awards/eurobest/2025/campaigns/oral-treatment-a-b-2025-2/
Eurobest,2025,HEALTHCARE,The Grey Swan ,A,B,C,https://ascentialcdn.filespin.io/api/v1/conversion/497df0a4345a426e86fd1b1d81a328e8,/awards/eurobest/2025/campaigns/the-grey-swan-a-b-2025-9/
Eurobest,2025,HEALTHCARE,We Are Not Alone ,A,B,C,https://www.lovethework.com/work/entries/we-are-not-alone-768718,/awards/eurobest/2025/campaigns/we-are-not-alone-a-b-2025-6/
Eurobest,2025,HEALTHCARE,Cancer And Careers Strings ,A,B,C,https://www.lovethework.com/work/entries/cancer-and-careers-strings-769358,/awards/eurobest/2025/campaigns/cancer-and-careers-strings-a-b-2025-5/
Eurobest,2025,HEALTHCARE,The Black Dogs ,A,B,C,https://ascentialcdn.filespin.io/api/v1/conversion/30aec1c3378c43f3845d46d7e83d4bf5,/awards/eurobest/2025/campaigns/the-black-dogs-a-b-2025-3/
Eurobest,2025,HEALTHCARE,Brca Awareness Week 2025 Knowledge That Changes Lives A Joint Initiative By Astrazeneca And Msd Sharp Dohme To Empower Womens Health And Raise Awareness Of Hereditary Breast Cancer ,A,B,C,https://ascentialcdn.filespin.io/api/v1/conversion/af1e34787cd245238600d11c31135b63,/awards/eurobest/2025/campaigns/brca-awareness-week-2025-knowledge-that-changes-lives-a-joint-initiative-by-astrazeneca-and-msd-sharp-dohme-to-empower-w/
Eurobest,2025,HEALTHCARE,Street ,A,B,C,https://ascentialcdn.filespin.io/api/v1/conversion/5a4f9f6ae26442bda8da027c1f551607,/awards/eurobest/2025/campaigns/street-a-b-2025/
Eurobest,2025,HEALTHCARE,Sore Throat ,A,B,C,https://ascentialcdn.filespin.io/api/v1/conversion/910fa2f32f484983bbd3ef7d78792a94,/awards/eurobest/2025/campaigns/sore-throat-a-b-2025/
Eurobest,2025,HEALTHCARE,Their Merciless Decline ,A,B,C,https://www.lovethework.com/work/entries/their-merciless-decline-768786,/awards/eurobest/2025/campaigns/their-merciless-decline-a-b-2025-3/
Eurobest,2025,HEALTHCARE,La Disabilit Lultimo Dei Problemi ,A,B,C,https://www.lovethework.com/work/entries/la-disabilit-lultimo-dei-problemi-769339,/awards/eurobest/2025/campaigns/la-disabilit-lultimo-dei-problemi-a-b-2025-3/
Eurobest,2025,HEALTHCARE,Skeleton Army Reserve ,A,B,C,https://www.lovethework.com/work/entries/skeleton-army-reserve-769265,/awards/eurobest/2025/campaigns/skeleton-army-reserve-a-b-2025-5/
Eurobest,2025,HEALTHCARE,The Invisible Battle ,A,B,C,https://www.lovethework.com/work/entries/the-invisible-battle-768742,/awards/eurobest/2025/campaigns/the-invisible-battle-a-b-2025-3/
Eurobest,2025,HEALTHCARE,Feeling Overwhelmed By Cell Therapy Chalenges ,A,B,C,https://www.lovethework.com/work/entries/feeling-overwhelmed-by-cell-therapy-chalenges-768724,/awards/eurobest/2025/campaigns/feeling-overwhelmed-by-cell-therapy-chalenges-a-b-2025/
Eurobest,2025,HEALTHCARE,The Routine Effect ,A,B,C,https://ascentialcdn.filespin.io/api/v1/conversion/1416ac9f99e1439e9d31999064e2f09f,/awards/eurobest/2025/campaigns/the-routine-effect-a-b-2025/
Eurobest,2025,HEALTHCARE,Beaba ,A,B,C,https://www.lovethework.com/work/entries/beaba-768857,/awards/eurobest/2025/campaigns/beaba-a-b-2025-2/
Eurobest,2025,HEALTHCARE,Make An Impact Skin Deep ,A,B,C,https://www.lovethework.com/work/entries/make-an-impact-skin-deep-768798,/awards/eurobest/2025/campaigns/make-an-impact-skin-deep-a-b-2025/
Eurobest,2025,HEALTHCARE,The Full Picture ,A,B,C,https://www.lovethework.com/work/entries/the-full-picture-768733,/awards/eurobest/2025/campaigns/the-full-picture-a-b-2025-2/
Eurobest,2025,HEALTHCARE,Sig Facing Bullying ,A,B,C,https://www.lovethework.com/work/entries/sig-facing-bullying-769441,/awards/eurobest/2025/campaigns/sig-facing-bullying-a-b-2025-7/
Eurobest,2025,INDUSTRY CRAFT,Made To Share ,A,B,C,https://ascentialcdn.filespin.io/api/v1/conversion/e8adc13b9108423d81f397fa0733aba6,/awards/eurobest/2025/campaigns/made-to-share-a-b-2025/
Eurobest,2025,INDUSTRY CRAFT,Pubic Service Announcement ,A,B,C,https://www.lovethework.com/work/entries/pubic-service-announcement-769173,/awards/eurobest/2025/campaigns/pubic-service-announcement-a-b-2025-2/
Eurobest,2025,INDUSTRY CRAFT,Designing Paris ,A,B,C,https://ascentialcdn.filespin.io/api/v1/conversion/d08dfedd3b1440c495f9825ba37be9ee,/awards/eurobest/2025/campaigns/designing-paris-a-b-2025-7/
Eurobest,2025,INDUSTRY CRAFT,The Og Cornflakes ,A,B,C,https://www.lovethework.com/work/entries/the-og-cornflakes-769013,/awards/eurobest/2025/campaigns/the-og-cornflakes-a-b-2025/
Eurobest,2025,INDUSTRY CRAFT,The Mosaic ,A,B,C,https://ascentialcdn.filespin.io/api/v1/conversion/c9b526806ee64cbf8a7474c78134c60e,/awards/eurobest/2025/campaigns/the-mosaic-a-b-2025-7/
Eurobest,2025,INDUSTRY CRAFT,The Og Coco Pops ,A,B,C,https://www.lovethework.com/work/entries/the-og-coco-pops-769022,/awards/eurobest/2025/campaigns/the-og-coco-pops-a-b-2025/
Eurobest,2025,INDUSTRY CRAFT,The Og Rice Krispies ,A,B,C,https://www.lovethework.com/work/entries/the-og-rice-krispies-769027,/awards/eurobest/2025/campaigns/the-og-rice-krispies-a-b-2025/
Eurobest,2025,INDUSTRY CRAFT,Flags Of Unity ,A,B,C,https://ascentialcdn.filespin.io/api/v1/conversion/33c9e94221ec492cbc6ba97266ff718a,/awards/eurobest/2025/campaigns/flags-of-unity-a-b-2025-2/
Eurobest,2025,INDUSTRY CRAFT,Ghost Town ,A,B,C,https://ascentialcdn.filespin.io/api/v1/conversion/00c4efe4be8f474a8a0849cc01aafd73,/awards/eurobest/2025/campaigns/ghost-town-a-b-2025-5/
Eurobest,2025,INDUSTRY CRAFT,The Faroe Islands Space Program ,A,B,C,https://www.lovethework.com/work/entries/the-faroe-islands-space-program-768965,/awards/eurobest/2025/campaigns/the-faroe-islands-space-program-a-b-2025-10/
Eurobest,2025,INDUSTRY CRAFT,The Holocaust The Holocaust The Holocaust ,A,B,C,https://www.lovethework.com/work/entries/the-holocaust-the-holocaust-the-holocaust-768959,/awards/eurobest/2025/campaigns/the-holocaust-the-holocaust-the-holocaust-a-b-2025/
Eurobest,2025,INDUSTRY CRAFT,The Og Masterbrand ,A,B,C,https://ascentialcdn.filespin.io/api/v1/conversion/211a34fe80c44603b12eb48750a6bbe2,/awards/eurobest/2025/campaigns/the-og-masterbrand-a-b-2025/
Eurobest,2025,INDUSTRY CRAFT,1980S ,A,B,C,https://ascentialcdn.filespin.io/api/v1/conversion/d128cd9e15ac4cea9f71ff888df2f3dd,/awards/eurobest/2025/campaigns/1980s-a-b-2025/
Eurobest,2025,INDUSTRY CRAFT,Concrete ,A,B,C,https://ascentialcdn.filespin.io/api/v1/conversion/1262e9fb04c64701a215440855b71fa4,/awards/eurobest/2025/campaigns/concrete-a-b-2025/
Eurobest,2025,INDUSTRY CRAFT,Drive ,A,B,C,https://ascentialcdn.filespin.io/api/v1/conversion/01c0fa24722e4ac49acef06af43e4739,/awards/eurobest/2025/campaigns/drive-a-b-2025-2/
Eurobest,2025,INDUSTRY CRAFT,Silicone ,A,B,C,https://ascentialcdn.filespin.io/api/v1/conversion/a66dab08e93b4b1f97a3692736b54d58,/awards/eurobest/2025/campaigns/silicone-a-b-2025/
Eurobest,2025,INDUSTRY CRAFT,Bird ,A,B,C,https://ascentialcdn.filespin.io/api/v1/conversion/2ab3b0ad911b492f982d6ee8bbf1a6bf,/awards/eurobest/2025/campaigns/bird-a-b-2025/
Eurobest,2025,INDUSTRY CRAFT,Signatures Against Signatures ,A,B,C,https://www.lovethework.com/work/entries/signatures-against-signatures-768913,/awards/eurobest/2025/campaigns/signatures-against-signatures-a-b-2025-3/
Eurobest,2025,INDUSTRY CRAFT,1950S ,A,B,C,https://ascentialcdn.filespin.io/api/v1/conversion/4e16573be5454217ae24e08ff46eeab3,/awards/eurobest/2025/campaigns/1950s-a-b-2025/
Eurobest,2025,INDUSTRY CRAFT,Bored Cam 1 ,A,B,C,https://www.lovethework.com/work/entries/bored-cam-1-769040,/awards/eurobest/2025/campaigns/bored-cam-1-a-b-2025/
Eurobest,2025,INDUSTRY CRAFT,Too Short ,A,B,C,https://ascentialcdn.filespin.io/api/v1/conversion/bde1aee4970b4285bea9b9d69a8ba71b,/awards/eurobest/2025/campaigns/too-short-a-b-2025/
Eurobest,2025,INDUSTRY CRAFT,The Mosaic ,A,B,C,https://ascentialcdn.filespin.io/api/v1/conversion/c9b526806ee64cbf8a7474c78134c60e,/awards/eurobest/2025/campaigns/the-mosaic-a-b-2025-8/
Eurobest,2025,INDUSTRY CRAFT,Muted ,A,B,C,https://www.lovethework.com/work/entries/muted-768939,/awards/eurobest/2025/campaigns/muted-a-b-2025/
Eurobest,2025,INDUSTRY CRAFT,Cruise ,A,B,C,https://ascentialcdn.filespin.io/api/v1/conversion/626f0a8ffdf049b3b647578c4587e0ad,/awards/eurobest/2025/campaigns/cruise-a-b-2025-2/
Eurobest,2025,INDUSTRY CRAFT,Barred ,A,B,C,https://ascentialcdn.filespin.io/api/v1/conversion/61a2989fd67e49a98444b3758a3c8300,/awards/eurobest/2025/campaigns/barred-a-b-2025/
Eurobest,2025,INDUSTRY CRAFT,Boys Night ,A,B,C,https://ascentialcdn.filespin.io/api/v1/conversion/4e19ac90fe1c4292b09ec1c0e83a9b94,/awards/eurobest/2025/campaigns/boys-night-a-b-2025-2/
Eurobest,2025,INDUSTRY CRAFT,Back To The Future ,A,B,C,https://www.lovethework.com/work/entries/back-to-the-future-769379,/awards/eurobest/2025/campaigns/back-to-the-future-a-b-2025-4/
Eurobest,2025,INDUSTRY CRAFT,Bored Cam 3 ,A,B,C,https://ascentialcdn.filespin.io/api/v1/conversion/6b0abf2fc5cf469ba2cc857da3eb47c9,/awards/eurobest/2025/campaigns/bored-cam-3-a-b-2025/
Eurobest,2025,INDUSTRY CRAFT,Coca Cola Now At Fosters Hollywood ,A,B,C,https://ascentialcdn.filespin.io/api/v1/conversion/a17787327cb740278a1575292276cf65,/awards/eurobest/2025/campaigns/coca-cola-now-at-fosters-hollywood-a-b-2025/
Eurobest,2025,INDUSTRY CRAFT,Pavillon ,A,B,C,https://ascentialcdn.filespin.io/api/v1/conversion/691b36229f53420da5cc2d35b82a9dd9,/awards/eurobest/2025/campaigns/pavillon-a-b-2025/
Eurobest,2025,INDUSTRY CRAFT,Grrrrr ,A,B,C,https://ascentialcdn.filespin.io/api/v1/conversion/932a5cda51da4a4697f1d8575757309b,/awards/eurobest/2025/campaigns/grrrrr-a-b-2025/
Eurobest,2025,INDUSTRY CRAFT,Main Valve ,A,B,C,https://ascentialcdn.filespin.io/api/v1/conversion/7fcad3f60d3d41e5a3b1195e853640da,/awards/eurobest/2025/campaigns/main-valve-a-b-2025/
Eurobest,2025,INDUSTRY CRAFT,Garden Design ,A,B,C,https://ascentialcdn.filespin.io/api/v1/conversion/e10471dedd264bceb29773a475d8de27,/awards/eurobest/2025/campaigns/garden-design-a-b-2025/
Eurobest,2025,INDUSTRY CRAFT,Signatures Against Signatures ,A,B,C,https://www.lovethework.com/work/entries/signatures-against-signatures-768967,/awards/eurobest/2025/campaigns/signatures-against-signatures-a-b-2025-4/
Eurobest,2025,INDUSTRY CRAFT,Namaste ,A,B,C,https://ascentialcdn.filespin.io/api/v1/conversion/4246885c15554e10955d49c3eb4d5a37,/awards/eurobest/2025/campaigns/namaste-a-b-2025/
Eurobest,2025,INDUSTRY CRAFT,Torture ,A,B,C,https://ascentialcdn.filespin.io/api/v1/conversion/9518a661cfdd465bab5cd4974078ee3b,/awards/eurobest/2025/campaigns/torture-a-b-2025/
Eurobest,2025,INDUSTRY CRAFT,Riding Is The New Driving ,A,B,C,https://ascentialcdn.filespin.io/api/v1/conversion/bf0492c0a8904766b6ebd3b358f5f0b6,/awards/eurobest/2025/campaigns/riding-is-the-new-driving-a-b-2025-6/
Eurobest,2025,INDUSTRY CRAFT,Glory Over Pain Corp ,A,B,C,https://ascentialcdn.filespin.io/api/v1/conversion/35d96eebd3254090af1a86d04991933d,/awards/eurobest/2025/campaigns/glory-over-pain-corp-a-b-2025-2/
Eurobest,2025,INDUSTRY CRAFT,1950S ,A,B,C,https://ascentialcdn.filespin.io/api/v1/conversion/2ee1ea7a16244620816a7cc5dcb37491,/awards/eurobest/2025/campaigns/1950s-a-b-2025-2/
Eurobest,2025,INDUSTRY CRAFT,Buts ,A,B,C,https://ascentialcdn.filespin.io/api/v1/conversion/3cbedf8e3f2a497ea453e7dd62749ce0,/awards/eurobest/2025/campaigns/buts-a-b-2025/
Eurobest,2025,INDUSTRY CRAFT,The Metal Eye Test ,A,B,C,https://ascentialcdn.filespin.io/api/v1/conversion/0623e458962d4f809b152c7644d4cf19,/awards/eurobest/2025/campaigns/the-metal-eye-test-a-b-2025/
Eurobest,2025,INDUSTRY CRAFT,No Project Without Drama ,A,B,C,https://ascentialcdn.filespin.io/api/v1/conversion/55edca1fdede477c831db3709ecbe16e,/awards/eurobest/2025/campaigns/no-project-without-drama-a-b-2025-10/
Eurobest,2025,INDUSTRY CRAFT,Bored Cam 2 ,A,B,C,https://ascentialcdn.filespin.io/api/v1/conversion/105bf4f765754617b0e8b1c6f47e916e,/awards/eurobest/2025/campaigns/bored-cam-2-a-b-2025/
Eurobest,2025,INDUSTRY CRAFT,Coca Cola Now At Fosters Hollywood ,A,B,C,https://ascentialcdn.filespin.io/api/v1/conversion/a17787327cb740278a1575292276cf65,/awards/eurobest/2025/campaigns/coca-cola-now-at-fosters-hollywood-a-b-2025-2/
Eurobest,2025,INDUSTRY CRAFT,Wood Terrace ,A,B,C,https://ascentialcdn.filespin.io/api/v1/conversion/0db3ce8e8b1f4a5db14df6df8dd5f473,/awards/eurobest/2025/campaigns/wood-terrace-a-b-2025/
Eurobest,2025,INDUSTRY CRAFT,Shooting ,A,B,C,https://ascentialcdn.filespin.io/api/v1/conversion/d2ce40668c2241c6b166c515139f2b2f,/awards/eurobest/2025/campaigns/shooting-a-b-2025/
Eurobest,2025,INDUSTRY CRAFT,Squat ,A,B,C,https://ascentialcdn.filespin.io/api/v1/conversion/d388ea0416464949a49f1a55b1e17148,/awards/eurobest/2025/campaigns/squat-a-b-2025/
Eurobest,2025,INDUSTRY CRAFT,Fc Sans Pauli The First Typeface With A Conscience ,A,B,C,https://ascentialcdn.filespin.io/api/v1/conversion/f26236c5e08c4a5a92e8003d3515658a,/awards/eurobest/2025/campaigns/fc-sans-pauli-the-first-typeface-with-a-conscience-a-b-2025/
Eurobest,2025,INDUSTRY CRAFT,Cat ,A,B,C,https://ascentialcdn.filespin.io/api/v1/conversion/4e93d31d7c5646049ef33addf43450fc,/awards/eurobest/2025/campaigns/cat-a-b-2025/
Eurobest,2025,INDUSTRY CRAFT,Age Limit ,A,B,C,https://ascentialcdn.filespin.io/api/v1/conversion/4246885c15554e10955d49c3eb4d5a37,/awards/eurobest/2025/campaigns/age-limit-a-b-2025/
Eurobest,2025,INDUSTRY CRAFT,Back To The Future ,A,B,C,https://ascentialcdn.filespin.io/api/v1/conversion/ccd5936abe494c9ca5efa3ed97732e16,/awards/eurobest/2025/campaigns/back-to-the-future-a-b-2025-5/
Eurobest,2025,INDUSTRY CRAFT,Chicken Rebrand ,A,B,C,https://ascentialcdn.filespin.io/api/v1/conversion/89fb54c720b448c982e44d42b0ba6f69,/awards/eurobest/2025/campaigns/chicken-rebrand-a-b-2025-9/
Eurobest,2025,INDUSTRY CRAFT,Zzzzz ,A,B,C,https://ascentialcdn.filespin.io/api/v1/conversion/12326f988c7d40928cd9b4c18333f052,/awards/eurobest/2025/campaigns/zzzzz-a-b-2025/
Eurobest,2025,INDUSTRY CRAFT,Flaunting ,A,B,C,https://ascentialcdn.filespin.io/api/v1/conversion/4246885c15554e10955d49c3eb4d5a37,/awards/eurobest/2025/campaigns/flaunting-a-b-2025/
Eurobest,2025,INDUSTRY CRAFT,Wall Of Will ,A,B,C,https://ascentialcdn.filespin.io/api/v1/conversion/f76017a8e8364be089d5bd53ca06371d,/awards/eurobest/2025/campaigns/wall-of-will-a-b-2025-3/
Eurobest,2025,INDUSTRY CRAFT,Good To Read Packs ,A,B,C,https://ascentialcdn.filespin.io/api/v1/conversion/b45f027456ab40e6978779807acae2fb,/awards/eurobest/2025/campaigns/good-to-read-packs-a-b-2025-3/
Eurobest,2025,INDUSTRY CRAFT,Barred ,A,B,C,https://ascentialcdn.filespin.io/api/v1/conversion/4246885c15554e10955d49c3eb4d5a37,/awards/eurobest/2025/campaigns/barred-a-b-2025-2/
Eurobest,2025,INDUSTRY CRAFT,1980S ,A,B,C,https://ascentialcdn.filespin.io/api/v1/conversion/2551c1486c2d4d24ae1ac00df031c3ee,/awards/eurobest/2025/campaigns/1980s-a-b-2025-2/
Eurobest,2025,INDUSTRY CRAFT,Flaunt ,A,B,C,https://ascentialcdn.filespin.io/api/v1/conversion/af1a74c74c92440a9294c7faa8552318,/awards/eurobest/2025/campaigns/flaunt-a-b-2025/
Eurobest,2025,INDUSTRY CRAFT,Mass Grave ,A,B,C,https://ascentialcdn.filespin.io/api/v1/conversion/a978cda500a94c5cb482372d0e31263f,/awards/eurobest/2025/campaigns/mass-grave-a-b-2025/
Eurobest,2025,INDUSTRY CRAFT,Riding Is The New Driving ,A,B,C,https://ascentialcdn.filespin.io/api/v1/conversion/bf0492c0a8904766b6ebd3b358f5f0b6,/awards/eurobest/2025/campaigns/riding-is-the-new-driving-a-b-2025-7/
Eurobest,2025,INNOVATION,Creamotherapy ,A,B,C,https://www.lovethework.com/work/entries/creamotherapy-768783,/awards/eurobest/2025/campaigns/creamotherapy-a-b-2025-4/
Eurobest,2025,INNOVATION,Reef Protection Factor ,A,B,C,https://ascentialcdn.filespin.io/api/v1/conversion/494e7dde497e4702939ff80b1b49e03a,/awards/eurobest/2025/campaigns/reef-protection-factor-a-b-2025-4/
Eurobest,2025,INNOVATION,The 4Th Judge ,A,B,C,https://www.lovethework.com/work/entries/the-4th-judge-768870,/awards/eurobest/2025/campaigns/the-4th-judge-a-b-2025-8/
Eurobest,2025,INNOVATION,Nescaf Plantlets For Future ,A,B,C,https://ascentialcdn.filespin.io/api/v1/conversion/3be538fa822d4c9a93f1c036ba966b9d,/awards/eurobest/2025/campaigns/nescaf-plantlets-for-future-a-b-2025-7/
Eurobest,2025,INNOVATION,Painvisible ,A,B,C,https://www.lovethework.com/work/entries/painvisible-768727,/awards/eurobest/2025/campaigns/painvisible-a-b-2025-5/
Eurobest,2025,INNOVATION,Utrecht Energized ,A,B,C,https://ascentialcdn.filespin.io/api/v1/conversion/f8ac1a5022324f78b975cc4228a1583b,/awards/eurobest/2025/campaigns/utrecht-energized-a-b-2025-4/
Eurobest,2025,INNOVATION,Camdom ,A,B,C,https://www.lovethework.com/work/entries/camdom-768835,/awards/eurobest/2025/campaigns/camdom-a-b-2025-7/
Eurobest,2025,INNOVATION,The 4Th Judge ,A,B,C,https://www.lovethework.com/work/entries/the-4th-judge-768694,/awards/eurobest/2025/campaigns/the-4th-judge-a-b-2025-9/
Eurobest,2025,INNOVATION,Renault Safety Car ,A,B,C,https://www.lovethework.com/work/entries/renault-safety-car-769085,/awards/eurobest/2025/campaigns/renault-safety-car-a-b-2025-6/
Eurobest,2025,INNOVATION,Breastmilk Money ,A,B,C,https://www.lovethework.com/work/entries/breastmilk-money-768697,/awards/eurobest/2025/campaigns/breastmilk-money-a-b-2025-10/
Eurobest,2025,INNOVATION,Welcome To Sunny Val ,A,B,C,https://www.lovethework.com/work/entries/welcome-to-sunny-val-768850,/awards/eurobest/2025/campaigns/welcome-to-sunny-val-a-b-2025-5/
Eurobest,2025,INNOVATION,Nescaf Plantlets For Future ,A,B,C,https://ascentialcdn.filespin.io/api/v1/conversion/3be538fa822d4c9a93f1c036ba966b9d,/awards/eurobest/2025/campaigns/nescaf-plantlets-for-future-a-b-2025-8/
Eurobest,2025,INNOVATION,Mcdonalds Magic Stories ,A,B,C,https://ascentialcdn.filespin.io/api/v1/conversion/2261375a6e594298bc4d8899ee916a94,/awards/eurobest/2025/campaigns/mcdonalds-magic-stories-a-b-2025-3/
Eurobest,2025,INNOVATION,Ecosaver Mortgage ,A,B,C,https://www.lovethework.com/work/entries/ecosaver-mortgage-769242,/awards/eurobest/2025/campaigns/ecosaver-mortgage-a-b-2025-3/
Eurobest,2025,INNOVATION,Benches Of Hope ,A,B,C,https://www.lovethework.com/work/entries/benches-of-hope-768841,/awards/eurobest/2025/campaigns/benches-of-hope-a-b-2025-6/
Eurobest,2025,INNOVATION,9 Volt Battery Flavor ,A,B,C,https://ascentialcdn.filespin.io/api/v1/conversion/5d31df93d85449099d71a71dfa4d1683,/awards/eurobest/2025/campaigns/9-volt-battery-flavor-a-b-2025-7/
Eurobest,2025,INNOVATION,Darty Long Lasting Passport ,A,B,C,https://www.lovethework.com/work/entries/darty-long-lasting-passport-769240,/awards/eurobest/2025/campaigns/darty-long-lasting-passport-a-b-2025/
Eurobest,2025,INNOVATION,Ghostnetzero ,A,B,C,https://www.lovethework.com/work/entries/ghostnetzero-768803,/awards/eurobest/2025/campaigns/ghostnetzero-a-b-2025-5/
Eurobest,2025,INNOVATION,Benches Of Hope ,A,B,C,https://www.lovethework.com/work/entries/benches-of-hope-768792,/awards/eurobest/2025/campaigns/benches-of-hope-a-b-2025-7/
Eurobest,2025,INNOVATION,Free The Voices ,A,B,C,https://www.lovethework.com/work/entries/free-the-voices-768862,/awards/eurobest/2025/campaigns/free-the-voices-a-b-2025-8/
Eurobest,2025,INNOVATION,Fixables ,A,B,C,https://www.lovethework.com/work/entries/fixables-768855,/awards/eurobest/2025/campaigns/fixables-a-b-2025-13/
Eurobest,2025,INNOVATION,The Resurrection Beer ,A,B,C,https://www.lovethework.com/work/entries/the-resurrection-beer-768741,/awards/eurobest/2025/campaigns/the-resurrection-beer-a-b-2025-4/
Eurobest,2025,INNOVATION,Darty Long Lasting Passport ,A,B,C,https://www.lovethework.com/work/entries/darty-long-lasting-passport-769256,/awards/eurobest/2025/campaigns/darty-long-lasting-passport-a-b-2025-2/
Eurobest,2025,INNOVATION,Tiktok Timestamp ,A,B,C,https://www.lovethework.com/work/entries/tiktok-timestamp-768848,/awards/eurobest/2025/campaigns/tiktok-timestamp-a-b-2025/
Eurobest,2025,INNOVATION,Renault Unpatent ,A,B,C,https://www.lovethework.com/work/entries/renault-unpatent-769101,/awards/eurobest/2025/campaigns/renault-unpatent-a-b-2025-7/
Eurobest,2025,INNOVATION,The Phoenix Service ,A,B,C,https://ascentialcdn.filespin.io/api/v1/conversion/77aed0c51d924cdb9b4463832fbac04d,/awards/eurobest/2025/campaigns/the-phoenix-service-a-b-2025-3/
Eurobest,2025,INNOVATION,Reitle Floor ,A,B,C,https://ascentialcdn.filespin.io/api/v1/conversion/3871a859e9134110ba90a5ff97bc939d,/awards/eurobest/2025/campaigns/reitle-floor-a-b-2025/
Eurobest,2025,INNOVATION,Renault Unpatent ,A,B,C,https://www.lovethework.com/work/entries/renault-unpatent-769222,/awards/eurobest/2025/campaigns/renault-unpatent-a-b-2025-8/
Eurobest,2025,INNOVATION,Without Blue Theres No Green ,A,B,C,https://ascentialcdn.filespin.io/api/v1/conversion/84375b099f8a4465bf7a1e7e20185b3b,/awards/eurobest/2025/campaigns/without-blue-theres-no-green-a-b-2025/
Eurobest,2025,INNOVATION,Orange Saferphone ,A,B,C,https://www.lovethework.com/work/entries/orange-saferphone-769355,/awards/eurobest/2025/campaigns/orange-saferphone-a-b-2025-16/
Eurobest,2025,INNOVATION,Demining Cambodia ,A,B,C,https://www.lovethework.com/work/entries/demining-cambodia-768759,/awards/eurobest/2025/campaigns/demining-cambodia-a-b-2025-4/
Eurobest,2025,INNOVATION,Painvisible ,A,B,C,https://www.lovethework.com/work/entries/painvisible-768878,/awards/eurobest/2025/campaigns/painvisible-a-b-2025-6/
Eurobest,2025,INNOVATION,Delivered By Tetris ,A,B,C,https://www.lovethework.com/work/entries/delivered-by-tetris-768703,/awards/eurobest/2025/campaigns/delivered-by-tetris-a-b-2025-7/
Eurobest,2025,INNOVATION,Renault Safety Car ,A,B,C,https://www.lovethework.com/work/entries/renault-safety-car-769248,/awards/eurobest/2025/campaigns/renault-safety-car-a-b-2025-7/
Eurobest,2025,INNOVATION,Laboraee Recycling Critical Materials Rebuilding Critical Lives ,A,B,C,https://www.lovethework.com/work/entries/laboraee-recycling-critical-materials-rebuilding-critical-lives-768856,/awards/eurobest/2025/campaigns/laboraee-recycling-critical-materials-rebuilding-critical-lives-a-b-2025/
Eurobest,2025,INNOVATION,Orange Saferphone ,A,B,C,https://www.lovethework.com/work/entries/orange-saferphone-769346,/awards/eurobest/2025/campaigns/orange-saferphone-a-b-2025-17/
Eurobest,2025,INTEGRATED,Price Packs ,A,B,C,https://ascentialcdn.filespin.io/api/v1/conversion/67b6df2a0fe64deeb274c91d50040c54,/awards/eurobest/2025/campaigns/price-packs-a-b-2025-2/
Eurobest,2025,INTEGRATED,Priceless Diagrams ,A,B,C,https://ascentialcdn.filespin.io/api/v1/conversion/ee6f67d5c95e42378b6d9fa1496c47b5,/awards/eurobest/2025/campaigns/priceless-diagrams-a-b-2025-2/
Eurobest,2025,INTEGRATED,Lets End Fast Tech ,A,B,C,https://ascentialcdn.filespin.io/api/v1/conversion/4b6d290787c846328e4981e564bdd7f9,/awards/eurobest/2025/campaigns/lets-end-fast-tech-a-b-2025/
Eurobest,2025,INTEGRATED,Oreo Square Cookie ,A,B,C,https://ascentialcdn.filespin.io/api/v1/conversion/0146097cf9cb49da91ffc866aa5dec72,/awards/eurobest/2025/campaigns/oreo-square-cookie-a-b-2025-11/
Eurobest,2025,INTEGRATED,Barboltian ,A,B,C,https://www.lovethework.com/work/entries/barboltian-769043,/awards/eurobest/2025/campaigns/barboltian-a-b-2025-7/
Eurobest,2025,INTEGRATED,Guao Guao ,A,B,C,https://www.lovethework.com/work/entries/guao-guao-768985,/awards/eurobest/2025/campaigns/guao-guao-a-b-2025-11/
Eurobest,2025,INTEGRATED,Name The Bias ,A,B,C,https://www.lovethework.com/work/entries/name-the-bias-769023,/awards/eurobest/2025/campaigns/name-the-bias-a-b-2025-7/
Eurobest,2025,INTEGRATED,Chicken Rebrand ,A,B,C,https://ascentialcdn.filespin.io/api/v1/conversion/89fb54c720b448c982e44d42b0ba6f69,/awards/eurobest/2025/campaigns/chicken-rebrand-a-b-2025-10/
Eurobest,2025,INTEGRATED,Asahi Super Dry X Womens Rugby World Cup ,A,B,C,https://ascentialcdn.filespin.io/api/v1/conversion/bdcf921f21ba430c8386ab9690bf2499,/awards/eurobest/2025/campaigns/asahi-super-dry-x-womens-rugby-world-cup-a-b-2025-4/
Eurobest,2025,INTEGRATED,The Unanswered Children ,A,B,C,https://www.lovethework.com/work/entries/the-unanswered-children-769414,/awards/eurobest/2025/campaigns/the-unanswered-children-a-b-2025-4/
Eurobest,2025,INTEGRATED,Riding Is The New Driving ,A,B,C,https://www.lovethework.com/work/entries/riding-is-the-new-driving-769035,/awards/eurobest/2025/campaigns/riding-is-the-new-driving-a-b-2025-8/
Eurobest,2025,INTEGRATED,Signs Of Inclusion ,A,B,C,https://www.lovethework.com/work/entries/signs-of-inclusion-769015,/awards/eurobest/2025/campaigns/signs-of-inclusion-a-b-2025-2/
Eurobest,2025,INTEGRATED,Nocturnal Creatures ,A,B,C,https://www.lovethework.com/work/entries/nocturnal-creatures-769158,/awards/eurobest/2025/campaigns/nocturnal-creatures-a-b-2025-2/
Eurobest,2025,MEDIA,The Sleeping Spoils ,A,B,C,https://www.lovethework.com/work/entries/the-sleeping-spoils-768132,/awards/eurobest/2025/campaigns/the-sleeping-spoils-a-b-2025/
Eurobest,2025,MEDIA,Avoidable Death Notices ,A,B,C,https://ascentialcdn.filespin.io/api/v1/conversion/130ac9b1ce2d40ef989a0d56ae2df657,/awards/eurobest/2025/campaigns/avoidable-death-notices-a-b-2025/
Eurobest,2025,MEDIA,Bumpboards ,A,B,C,https://ascentialcdn.filespin.io/api/v1/conversion/51f7223ae6f6484caace1b6d0e8df74c,/awards/eurobest/2025/campaigns/bumpboards-a-b-2025-3/
Eurobest,2025,MEDIA,Wifi Invasion ,A,B,C,https://ascentialcdn.filespin.io/api/v1/conversion/ada073dfb3c846adbec7f1553e86de45,/awards/eurobest/2025/campaigns/wifi-invasion-a-b-2025-5/
Eurobest,2025,MEDIA,Pub Succession ,A,B,C,https://ascentialcdn.filespin.io/api/v1/conversion/a8d4e72bb1ce47508dcea8db73d16b01,/awards/eurobest/2025/campaigns/pub-succession-a-b-2025-9/
Eurobest,2025,MEDIA,Waitrose Sweet Suspicion A Deliciously Festive Whodunnit ,A,B,C,https://www.lovethework.com/work/entries/waitrose-sweet-suspicion-a-deliciously-festive-whodunnit-768252,/awards/eurobest/2025/campaigns/waitrose-sweet-suspicion-a-deliciously-festive-whodunnit-a-b-2025/
Eurobest,2025,MEDIA,Screen2Save ,A,B,C,https://www.lovethework.com/work/entries/screen2save-768110,/awards/eurobest/2025/campaigns/screen2save-a-b-2025-2/
Eurobest,2025,MEDIA,Oreo Square Cookie ,A,B,C,https://ascentialcdn.filespin.io/api/v1/conversion/0146097cf9cb49da91ffc866aa5dec72,/awards/eurobest/2025/campaigns/oreo-square-cookie-a-b-2025-12/
Eurobest,2025,MEDIA,Stalker Challenge ,A,B,C,https://www.lovethework.com/work/entries/stalker-challenge-768221,/awards/eurobest/2025/campaigns/stalker-challenge-a-b-2025/
Eurobest,2025,MEDIA,Liming With Gran ,A,B,C,https://www.lovethework.com/work/entries/liming-with-gran-768184,/awards/eurobest/2025/campaigns/liming-with-gran-a-b-2025-4/
Eurobest,2025,MEDIA,Algoflex Pain Ambassadors ,A,B,C,https://www.lovethework.com/work/entries/algoflex-pain-ambassadors-768095,/awards/eurobest/2025/campaigns/algoflex-pain-ambassadors-a-b-2025-3/
Eurobest,2025,MEDIA,Maccie ,A,B,C,https://www.lovethework.com/work/entries/maccie-768174,/awards/eurobest/2025/campaigns/maccie-a-b-2025/
Eurobest,2025,MEDIA,The 26Th Minute ,A,B,C,https://www.lovethework.com/work/entries/the-26th-minute-768219,/awards/eurobest/2025/campaigns/the-26th-minute-a-b-2025-3/
Eurobest,2025,MEDIA,Bumpboards ,A,B,C,https://ascentialcdn.filespin.io/api/v1/conversion/51f7223ae6f6484caace1b6d0e8df74c,/awards/eurobest/2025/campaigns/bumpboards-a-b-2025-4/
Eurobest,2025,MEDIA,Screen2Save ,A,B,C,https://ascentialcdn.filespin.io/api/v1/conversion/06628775bc8c4d0cbc1547adc6947683,/awards/eurobest/2025/campaigns/screen2save-a-b-2025-3/
Eurobest,2025,MEDIA,Stalker Challenge ,A,B,C,https://www.lovethework.com/work/entries/stalker-challenge-768206,/awards/eurobest/2025/campaigns/stalker-challenge-a-b-2025-2/
Eurobest,2025,MEDIA,The Sleeping Spoils ,A,B,C,https://www.lovethework.com/work/entries/the-sleeping-spoils-768244,/awards/eurobest/2025/campaigns/the-sleeping-spoils-a-b-2025-2/
Eurobest,2025,MEDIA,Wifi Invasion ,A,B,C,https://ascentialcdn.filespin.io/api/v1/conversion/ada073dfb3c846adbec7f1553e86de45,/awards/eurobest/2025/campaigns/wifi-invasion-a-b-2025-6/
Eurobest,2025,MEDIA,Pub Succession ,A,B,C,https://ascentialcdn.filespin.io/api/v1/conversion/a8d4e72bb1ce47508dcea8db73d16b01,/awards/eurobest/2025/campaigns/pub-succession-a-b-2025-10/
Eurobest,2025,MEDIA,Ban This Profile ,A,B,C,https://www.lovethework.com/work/entries/ban-this-profile-768210,/awards/eurobest/2025/campaigns/ban-this-profile-a-b-2025-2/
Eurobest,2025,MEDIA,Avoidable Death Notices ,A,B,C,https://ascentialcdn.filespin.io/api/v1/conversion/130ac9b1ce2d40ef989a0d56ae2df657,/awards/eurobest/2025/campaigns/avoidable-death-notices-a-b-2025-2/
Eurobest,2025,MEDIA,Speed Shields ,A,B,C,https://www.lovethework.com/work/entries/speed-shields-768265,/awards/eurobest/2025/campaigns/speed-shields-a-b-2025-3/
Eurobest,2025,MEDIA,Tiktok Currency The Viral Payback ,A,B,C,https://www.lovethework.com/work/entries/tiktok-currency-the-viral-payback-768223,/awards/eurobest/2025/campaigns/tiktok-currency-the-viral-payback-a-b-2025-3/
Eurobest,2025,MEDIA,Avoidable Death Notices ,A,B,C,https://ascentialcdn.filespin.io/api/v1/conversion/130ac9b1ce2d40ef989a0d56ae2df657,/awards/eurobest/2025/campaigns/avoidable-death-notices-a-b-2025-3/
Eurobest,2025,MEDIA,Fries Compensation ,A,B,C,https://www.lovethework.com/work/entries/fries-compensation-768212,/awards/eurobest/2025/campaigns/fries-compensation-a-b-2025/
Eurobest,2025,MEDIA,The Remco Reflex ,A,B,C,https://ascentialcdn.filespin.io/api/v1/conversion/144fc9ac1135439aa748f4d6cbd0af8c,/awards/eurobest/2025/campaigns/the-remco-reflex-a-b-2025-2/
Eurobest,2025,MEDIA,Just Give A Fck ,A,B,C,https://www.lovethework.com/work/entries/just-give-a-fck-768216,/awards/eurobest/2025/campaigns/just-give-a-fck-a-b-2025/
Eurobest,2025,MEDIA,The Flame That Wasnt A Flame ,A,B,C,https://www.lovethework.com/work/entries/the-flame-that-wasnt-a-flame-768249,/awards/eurobest/2025/campaigns/the-flame-that-wasnt-a-flame-a-b-2025-4/
Eurobest,2025,MEDIA,A 49 Inch Home ,A,B,C,https://ascentialcdn.filespin.io/api/v1/conversion/316941ee3b394b9ea9cd04aafa773b8d,/awards/eurobest/2025/campaigns/a-49-inch-home-a-b-2025/
Eurobest,2025,MEDIA,Wifi Invasion ,A,B,C,https://ascentialcdn.filespin.io/api/v1/conversion/ada073dfb3c846adbec7f1553e86de45,/awards/eurobest/2025/campaigns/wifi-invasion-a-b-2025-7/
Eurobest,2025,MEDIA,Oreo Square Cookie ,A,B,C,https://ascentialcdn.filespin.io/api/v1/conversion/0146097cf9cb49da91ffc866aa5dec72,/awards/eurobest/2025/campaigns/oreo-square-cookie-a-b-2025-13/
Eurobest,2025,MEDIA,The Grey Swan ,A,B,C,https://ascentialcdn.filespin.io/api/v1/conversion/497df0a4345a426e86fd1b1d81a328e8,/awards/eurobest/2025/campaigns/the-grey-swan-a-b-2025-10/
Eurobest,2025,MEDIA,Football Lover Fm ,A,B,C,https://www.lovethework.com/work/entries/football-lover-fm-768211,/awards/eurobest/2025/campaigns/football-lover-fm-a-b-2025-6/
Eurobest,2025,MEDIA,Ice Ice Maybe With Data Baby ,A,B,C,https://www.lovethework.com/work/entries/ice-ice-maybe-with-data-baby-768120,/awards/eurobest/2025/campaigns/ice-ice-maybe-with-data-baby-a-b-2025/
Eurobest,2025,MEDIA,Thevrs Famous Order ,A,B,C,https://www.lovethework.com/work/entries/thevrs-famous-order-769452,/awards/eurobest/2025/campaigns/thevrs-famous-order-a-b-2025/
Eurobest,2025,MEDIA,Maccie ,A,B,C,https://www.lovethework.com/work/entries/maccie-768142,/awards/eurobest/2025/campaigns/maccie-a-b-2025-2/
Eurobest,2025,MEDIA,Hot Couture ,A,B,C,https://www.lovethework.com/work/entries/hot-couture-768242,/awards/eurobest/2025/campaigns/hot-couture-a-b-2025/
Eurobest,2025,MEDIA,Ticket Out Of The Dark ,A,B,C,https://ascentialcdn.filespin.io/api/v1/conversion/5d4da67cdd8e40ba9199a153b92d7c4f,/awards/eurobest/2025/campaigns/ticket-out-of-the-dark-a-b-2025/
Eurobest,2025,MEDIA,The Heatmap Hack ,A,B,C,https://ascentialcdn.filespin.io/api/v1/conversion/3c960e9ce2944abeba0eb5daa8afc555,/awards/eurobest/2025/campaigns/the-heatmap-hack-a-b-2025/
Eurobest,2025,MEDIA,Todinho ,A,B,C,https://ascentialcdn.filespin.io/api/v1/conversion/f1eb87518c6b4859952baca7dd13287a,/awards/eurobest/2025/campaigns/todinho-a-b-2025-2/
Eurobest,2025,MEDIA,The Redditor Edit ,A,B,C,https://www.lovethework.com/work/entries/the-redditor-edit-768239,/awards/eurobest/2025/campaigns/the-redditor-edit-a-b-2025/
Eurobest,2025,MEDIA,Eavesdropping Ads ,A,B,C,https://www.lovethework.com/work/entries/eavesdropping-ads-768272,/awards/eurobest/2025/campaigns/eavesdropping-ads-a-b-2025/
Eurobest,2025,MEDIA,Ghost Town ,A,B,C,https://ascentialcdn.filespin.io/api/v1/conversion/49bbf5e94a5847e89858a1a8cf01d5ec,/awards/eurobest/2025/campaigns/ghost-town-a-b-2025-6/
Eurobest,2025,MEDIA,The Audi Audit Ai Clears The Clutter ,A,B,C,https://www.lovethework.com/work/entries/the-audi-audit-ai-clears-the-clutter-768268,/awards/eurobest/2025/campaigns/the-audi-audit-ai-clears-the-clutter-a-b-2025/
Eurobest,2025,MEDIA,The Heatmap Hack ,A,B,C,https://ascentialcdn.filespin.io/api/v1/conversion/3c960e9ce2944abeba0eb5daa8afc555,/awards/eurobest/2025/campaigns/the-heatmap-hack-a-b-2025-2/
Eurobest,2025,MEDIA,Mcrib Mistakes ,A,B,C,https://www.lovethework.com/work/entries/mcrib-mistakes-768234,/awards/eurobest/2025/campaigns/mcrib-mistakes-a-b-2025-2/
Eurobest,2025,MEDIA,Dirt Is Good ,A,B,C,https://ascentialcdn.filespin.io/api/v1/conversion/379f4f4c9a48482d98fe4b3c10e51b10,/awards/eurobest/2025/campaigns/dirt-is-good-a-b-2025/
Eurobest,2025,MEDIA,The Redditor Edit ,A,B,C,https://www.lovethework.com/work/entries/the-redditor-edit-768245,/awards/eurobest/2025/campaigns/the-redditor-edit-a-b-2025-2/
Eurobest,2025,MEDIA,Dirt Is Good ,A,B,C,https://ascentialcdn.filespin.io/api/v1/conversion/379f4f4c9a48482d98fe4b3c10e51b10,/awards/eurobest/2025/campaigns/dirt-is-good-a-b-2025-2/
Eurobest,2025,MEDIA,The Audi Audit Ai Clears The Clutter ,A,B,C,https://www.lovethework.com/work/entries/the-audi-audit-ai-clears-the-clutter-768283,/awards/eurobest/2025/campaigns/the-audi-audit-ai-clears-the-clutter-a-b-2025-2/
Eurobest,2025,MEDIA,Crosswalk Accident Chart ,A,B,C,https://www.lovethework.com/work/entries/crosswalk-accident-chart-768146,/awards/eurobest/2025/campaigns/crosswalk-accident-chart-a-b-2025-3/
Eurobest,2025,MEDIA,Peg Ft You ,A,B,C,https://www.lovethework.com/work/entries/peg-ft-you-768262,/awards/eurobest/2025/campaigns/peg-ft-you-a-b-2025-5/
Eurobest,2025,MEDIA,Bellflower Reminder ,A,B,C,https://www.lovethework.com/work/entries/bellflower-reminder-768197,/awards/eurobest/2025/campaigns/bellflower-reminder-a-b-2025/
Eurobest,2025,MEDIA,The Bored Cam ,A,B,C,https://www.lovethework.com/work/entries/the-bored-cam-768106,/awards/eurobest/2025/campaigns/the-bored-cam-a-b-2025-3/
Eurobest,2025,MEDIA,Their Merciless Decline ,A,B,C,https://www.lovethework.com/work/entries/their-merciless-decline-768253,/awards/eurobest/2025/campaigns/their-merciless-decline-a-b-2025-4/
Eurobest,2025,MEDIA,Ad From Yesterdays Bread ,A,B,C,https://www.lovethework.com/work/entries/ad-from-yesterdays-bread-769263,/awards/eurobest/2025/campaigns/ad-from-yesterdays-bread-a-b-2025-2/
Eurobest,2025,MEDIA,Rosalilaland ,A,B,C,https://www.lovethework.com/work/entries/rosalilaland-768099,/awards/eurobest/2025/campaigns/rosalilaland-a-b-2025-3/
Eurobest,2025,MEDIA,Screen2Save ,A,B,C,https://ascentialcdn.filespin.io/api/v1/conversion/06628775bc8c4d0cbc1547adc6947683,/awards/eurobest/2025/campaigns/screen2save-a-b-2025-4/
Eurobest,2025,MEDIA,Ice Ice Maybe With Data Baby ,A,B,C,https://www.lovethework.com/work/entries/ice-ice-maybe-with-data-baby-768273,/awards/eurobest/2025/campaigns/ice-ice-maybe-with-data-baby-a-b-2025-2/
Eurobest,2025,MEDIA,Staredown ,A,B,C,https://ascentialcdn.filespin.io/api/v1/conversion/3d45a2c050a249abacd966ad7682458e,/awards/eurobest/2025/campaigns/staredown-a-b-2025-9/
Eurobest,2025,MEDIA,Waitrose Sweet Suspicion A Deliciously Festive Whodunnit ,A,B,C,https://www.lovethework.com/work/entries/waitrose-sweet-suspicion-a-deliciously-festive-whodunnit-768198,/awards/eurobest/2025/campaigns/waitrose-sweet-suspicion-a-deliciously-festive-whodunnit-a-b-2025-2/
Eurobest,2025,MEDIA,The Weigh In ,A,B,C,https://www.lovethework.com/work/entries/the-weigh-in-768169,/awards/eurobest/2025/campaigns/the-weigh-in-a-b-2025-2/
Eurobest,2025,MEDIA,Just Give A Fck ,A,B,C,https://www.lovethework.com/work/entries/just-give-a-fck-768138,/awards/eurobest/2025/campaigns/just-give-a-fck-a-b-2025-2/
Eurobest,2025,MEDIA,Fries Compensation ,A,B,C,https://www.lovethework.com/work/entries/fries-compensation-768281,/awards/eurobest/2025/campaigns/fries-compensation-a-b-2025-2/
Eurobest,2025,MEDIA,Flush The Hate ,A,B,C,https://ascentialcdn.filespin.io/api/v1/conversion/b75642152e2c45be9ee3806d638eb9ed,/awards/eurobest/2025/campaigns/flush-the-hate-a-b-2025-2/
Eurobest,2025,MEDIA,Maccie ,A,B,C,https://www.lovethework.com/work/entries/maccie-768225,/awards/eurobest/2025/campaigns/maccie-a-b-2025-3/
Eurobest,2025,MEDIA,Heineken Heimobile ,A,B,C,https://www.lovethework.com/work/entries/heineken-heimobile-768189,/awards/eurobest/2025/campaigns/heineken-heimobile-a-b-2025-4/
Eurobest,2025,MEDIA,The Redditor Edit ,A,B,C,https://www.lovethework.com/work/entries/the-redditor-edit-768208,/awards/eurobest/2025/campaigns/the-redditor-edit-a-b-2025-3/
Eurobest,2025,MEDIA,Eavesdropping Ads ,A,B,C,https://www.lovethework.com/work/entries/eavesdropping-ads-768286,/awards/eurobest/2025/campaigns/eavesdropping-ads-a-b-2025-2/
Eurobest,2025,MEDIA,Maccie ,A,B,C,https://www.lovethework.com/work/entries/maccie-768195,/awards/eurobest/2025/campaigns/maccie-a-b-2025-4/
Eurobest,2025,MEDIA,Winter Takes On Colors ,A,B,C,https://www.lovethework.com/work/entries/winter-takes-on-colors-768182,/awards/eurobest/2025/campaigns/winter-takes-on-colors-a-b-2025-3/
Eurobest,2025,MEDIA,Waitrose Sweet Suspicion A Deliciously Festive Whodunnit ,A,B,C,https://www.lovethework.com/work/entries/waitrose-sweet-suspicion-a-deliciously-festive-whodunnit-768141,/awards/eurobest/2025/campaigns/waitrose-sweet-suspicion-a-deliciously-festive-whodunnit-a-b-2025-3/
Eurobest,2025,MEDIA,Bring Back The Queue S10 Becomes S25 ,A,B,C,https://www.lovethework.com/work/entries/bring-back-the-queue-s10-becomes-s25-768284,/awards/eurobest/2025/campaigns/bring-back-the-queue-s10-becomes-s25-a-b-2025-3/
Eurobest,2025,MEDIA,Kitkat Phone Break ,A,B,C,https://ascentialcdn.filespin.io/api/v1/conversion/1c936bbd05d444939640288dd8e0b1a5,/awards/eurobest/2025/campaigns/kitkat-phone-break-a-b-2025/
Eurobest,2025,MEDIA,Thevrs Famous Order ,A,B,C,https://www.lovethework.com/work/entries/thevrs-famous-order-769451,/awards/eurobest/2025/campaigns/thevrs-famous-order-a-b-2025-2/
Eurobest,2025,MEDIA,Winter Takes On Colors ,A,B,C,https://www.lovethework.com/work/entries/winter-takes-on-colors-768214,/awards/eurobest/2025/campaigns/winter-takes-on-colors-a-b-2025-4/
Eurobest,2025,MEDIA,Football Lover Fm ,A,B,C,https://www.lovethework.com/work/entries/football-lover-fm-768274,/awards/eurobest/2025/campaigns/football-lover-fm-a-b-2025-7/
Eurobest,2025,MEDIA,Mcrib Mistakes ,A,B,C,https://www.lovethework.com/work/entries/mcrib-mistakes-768135,/awards/eurobest/2025/campaigns/mcrib-mistakes-a-b-2025-3/
Eurobest,2025,MEDIA,Mcrib Mistakes ,A,B,C,https://www.lovethework.com/work/entries/mcrib-mistakes-769459,/awards/eurobest/2025/campaigns/mcrib-mistakes-a-b-2025-4/
Eurobest,2025,MEDIA,Power To The People ,A,B,C,https://www.lovethework.com/work/entries/power-to-the-people-769257,/awards/eurobest/2025/campaigns/power-to-the-people-a-b-2025-4/
Eurobest,2025,MEDIA,Speaking Out Freely Is A Miracle ,A,B,C,https://ascentialcdn.filespin.io/api/v1/conversion/58dbf22956fd48098f413d613a416e2b,/awards/eurobest/2025/campaigns/speaking-out-freely-is-a-miracle-a-b-2025/
Eurobest,2025,MEDIA,Lidl Jacket ,A,B,C,https://ascentialcdn.filespin.io/api/v1/conversion/3feef1e27ce34b72a317159cfbf31f0f,/awards/eurobest/2025/campaigns/lidl-jacket-a-b-2025/
Eurobest,2025,MEDIA,Unwelcome Home ,A,B,C,https://ascentialcdn.filespin.io/api/v1/conversion/1e4d73f9278c46bb916b76f6b84dc33c,/awards/eurobest/2025/campaigns/unwelcome-home-a-b-2025-2/
Eurobest,2025,MEDIA,They Cant Arrest This Billboard ,A,B,C,https://ascentialcdn.filespin.io/api/v1/conversion/3d2a87453b694bb58968f872ca8eb90a,/awards/eurobest/2025/campaigns/they-cant-arrest-this-billboard-a-b-2025/
Eurobest,2025,MEDIA,Screen2Save ,A,B,C,https://www.lovethework.com/work/entries/screen2save-768261,/awards/eurobest/2025/campaigns/screen2save-a-b-2025-5/
Eurobest,2025,MEDIA,Mcrib Mistakes ,A,B,C,https://ascentialcdn.filespin.io/api/v1/conversion/8fe9e09227234701bc8fd2eb2a743693,/awards/eurobest/2025/campaigns/mcrib-mistakes-a-b-2025-5/
Eurobest,2025,MEDIA,The Pepsi Sweetest ,A,B,C,https://www.lovethework.com/work/entries/the-pepsi-sweetest-768103,/awards/eurobest/2025/campaigns/the-pepsi-sweetest-a-b-2025-6/
Eurobest,2025,MEDIA,Nocturnal Creatures ,A,B,C,https://www.lovethework.com/work/entries/nocturnal-creatures-769251,/awards/eurobest/2025/campaigns/nocturnal-creatures-a-b-2025-3/
Eurobest,2025,MEDIA,The Future Fan Stage ,A,B,C,https://ascentialcdn.filespin.io/api/v1/conversion/9bdf898a32e349f09f0d0dba9ffd65bb,/awards/eurobest/2025/campaigns/the-future-fan-stage-a-b-2025/
Eurobest,2025,MEDIA,400 Years Alive ,A,B,C,https://ascentialcdn.filespin.io/api/v1/conversion/ff90f9a38b554d80922bf67b7aaee878,/awards/eurobest/2025/campaigns/400-years-alive-a-b-2025-2/
Eurobest,2025,MEDIA,Skincare For Down There ,A,B,C,https://ascentialcdn.filespin.io/api/v1/conversion/b186cee580df4b3faae246164fda1b42,/awards/eurobest/2025/campaigns/skincare-for-down-there-a-b-2025-4/
Eurobest,2025,MEDIA,Screw ,A,B,C,https://ascentialcdn.filespin.io/api/v1/conversion/9ed48ae273fb41ad9ad7f785aa626371,/awards/eurobest/2025/campaigns/screw-a-b-2025/
Eurobest,2025,MEDIA,The Final Copy Of Ilon Specht ,A,B,C,https://ascentialcdn.filespin.io/api/v1/conversion/c9f18aaa560e43d2bad8b5ba17ccc2e4,/awards/eurobest/2025/campaigns/the-final-copy-of-ilon-specht-a-b-2025-9/
Eurobest,2025,MEDIA,Screw ,A,B,C,https://ascentialcdn.filespin.io/api/v1/conversion/9ed48ae273fb41ad9ad7f785aa626371,/awards/eurobest/2025/campaigns/screw-a-b-2025-2/
Eurobest,2025,MEDIA,The 26Th Minute ,A,B,C,https://www.lovethework.com/work/entries/the-26th-minute-768185,/awards/eurobest/2025/campaigns/the-26th-minute-a-b-2025-4/
Eurobest,2025,MEDIA,The Redditor Edit ,A,B,C,https://www.lovethework.com/work/entries/the-redditor-edit-768279,/awards/eurobest/2025/campaigns/the-redditor-edit-a-b-2025-4/
Eurobest,2025,MEDIA,Unspotted Spots ,A,B,C,https://www.lovethework.com/work/entries/unspotted-spots-768203,/awards/eurobest/2025/campaigns/unspotted-spots-a-b-2025-2/
Eurobest,2025,MEDIA,Unlockyourgreenflag ,A,B,C,https://ascentialcdn.filespin.io/api/v1/conversion/7b392b59b7084a62bceb6d8a07095d2a,/awards/eurobest/2025/campaigns/unlockyourgreenflag-a-b-2025/
Eurobest,2025,MEDIA,Rosalilaland ,A,B,C,https://www.lovethework.com/work/entries/rosalilaland-768096,/awards/eurobest/2025/campaigns/rosalilaland-a-b-2025-4/
Eurobest,2025,MEDIA,The Holocaust The Holocaust The Holocaust ,A,B,C,https://www.lovethework.com/work/entries/the-holocaust-the-holocaust-the-holocaust-768232,/awards/eurobest/2025/campaigns/the-holocaust-the-holocaust-the-holocaust-a-b-2025-2/
Eurobest,2025,MEDIA,Le Affissioni Da Spiaggia ,A,B,C,https://www.lovethework.com/work/entries/le-affissioni-da-spiaggia-768288,/awards/eurobest/2025/campaigns/le-affissioni-da-spiaggia-a-b-2025/
Eurobest,2025,MEDIA,Pub Succession ,A,B,C,https://www.lovethework.com/work/entries/pub-succession-768230,/awards/eurobest/2025/campaigns/pub-succession-a-b-2025-11/
Eurobest,2025,MEDIA,The Mosaic ,A,B,C,https://www.lovethework.com/work/entries/the-mosaic-768115,/awards/eurobest/2025/campaigns/the-mosaic-a-b-2025-9/
Eurobest,2025,MEDIA,Stalker Challenge ,A,B,C,https://www.lovethework.com/work/entries/stalker-challenge-769238,/awards/eurobest/2025/campaigns/stalker-challenge-a-b-2025-3/
Eurobest,2025,MEDIA,The Red Flag Tag ,A,B,C,https://www.lovethework.com/work/entries/the-red-flag-tag-768127,/awards/eurobest/2025/campaigns/the-red-flag-tag-a-b-2025-2/
Eurobest,2025,MEDIA,The Proximity Effect ,A,B,C,https://ascentialcdn.filespin.io/api/v1/conversion/5ac3e98d80ae4a13a2874974a90d8da2,/awards/eurobest/2025/campaigns/the-proximity-effect-a-b-2025/
Eurobest,2025,MEDIA,Unlockyourgreenflag ,A,B,C,https://www.lovethework.com/work/entries/unlockyourgreenflag-768231,/awards/eurobest/2025/campaigns/unlockyourgreenflag-a-b-2025-2/
Eurobest,2025,MEDIA,The Future Fan Stage ,A,B,C,https://ascentialcdn.filespin.io/api/v1/conversion/9bdf898a32e349f09f0d0dba9ffd65bb,/awards/eurobest/2025/campaigns/the-future-fan-stage-a-b-2025-2/
Eurobest,2025,MEDIA,Speed Shields ,A,B,C,https://www.lovethework.com/work/entries/speed-shields-768104,/awards/eurobest/2025/campaigns/speed-shields-a-b-2025-4/
Eurobest,2025,MEDIA,Unspotted Spots ,A,B,C,https://www.lovethework.com/work/entries/unspotted-spots-769370,/awards/eurobest/2025/campaigns/unspotted-spots-a-b-2025-3/
Eurobest,2025,MEDIA,Tantrum Girl ,A,B,C,https://www.lovethework.com/work/entries/tantrum-girl-768094,/awards/eurobest/2025/campaigns/tantrum-girl-a-b-2025-3/
Eurobest,2025,MEDIA,The Mosaic ,A,B,C,https://www.lovethework.com/work/entries/the-mosaic-768186,/awards/eurobest/2025/campaigns/the-mosaic-a-b-2025-10/
Eurobest,2025,MEDIA,Snow Media ,A,B,C,https://ascentialcdn.filespin.io/api/v1/conversion/22635ae7ea324af980d2f583d3d99052,/awards/eurobest/2025/campaigns/snow-media-a-b-2025-2/
Eurobest,2025,MEDIA,R5 Launch ,A,B,C,https://www.lovethework.com/work/entries/r5-launch-768250,/awards/eurobest/2025/campaigns/r5-launch-a-b-2025/
Eurobest,2025,MEDIA,The Worlds Shortest Sponsorship ,A,B,C,https://ascentialcdn.filespin.io/api/v1/conversion/7bb458579afa4b42985d5739cbb2f9b8,/awards/eurobest/2025/campaigns/the-worlds-shortest-sponsorship-a-b-2025-3/
Eurobest,2025,MEDIA,Kitkat Phone Break ,A,B,C,https://ascentialcdn.filespin.io/api/v1/conversion/e189f62282234a31b1d01f4efd0db6a9,/awards/eurobest/2025/campaigns/kitkat-phone-break-a-b-2025-2/
Eurobest,2025,MEDIA,Ad From Yesterdays Bread ,A,B,C,https://www.lovethework.com/work/entries/ad-from-yesterdays-bread-768149,/awards/eurobest/2025/campaigns/ad-from-yesterdays-bread-a-b-2025-3/
Eurobest,2025,MEDIA,Their Merciless Decline ,A,B,C,https://www.lovethework.com/work/entries/their-merciless-decline-768160,/awards/eurobest/2025/campaigns/their-merciless-decline-a-b-2025-5/
Eurobest,2025,MEDIA,Sweet Suspicion ,A,B,C,https://www.lovethework.com/work/entries/sweet-suspicion-768238,/awards/eurobest/2025/campaigns/sweet-suspicion-a-b-2025/
Eurobest,2025,MEDIA,Tiktok Timestamp ,A,B,C,https://www.lovethework.com/work/entries/tiktok-timestamp-768251,/awards/eurobest/2025/campaigns/tiktok-timestamp-a-b-2025-2/
Eurobest,2025,MEDIA,Kitkat Phone Break ,A,B,C,https://www.lovethework.com/work/entries/kitkat-phone-break-768126,/awards/eurobest/2025/campaigns/kitkat-phone-break-a-b-2025-3/
Eurobest,2025,MEDIA,Flush The Hate ,A,B,C,https://ascentialcdn.filespin.io/api/v1/conversion/b75642152e2c45be9ee3806d638eb9ed,/awards/eurobest/2025/campaigns/flush-the-hate-a-b-2025-3/
Eurobest,2025,MEDIA,The Eternal Jersey ,A,B,C,https://ascentialcdn.filespin.io/api/v1/conversion/ed54386b4b124f83ab8ef228bcf573fa,/awards/eurobest/2025/campaigns/the-eternal-jersey-a-b-2025-2/
Eurobest,2025,MEDIA,Nocturnal Creatures ,A,B,C,https://www.lovethework.com/work/entries/nocturnal-creatures-769224,/awards/eurobest/2025/campaigns/nocturnal-creatures-a-b-2025-4/
Eurobest,2025,MEDIA,Oreo Square Cookie ,A,B,C,https://ascentialcdn.filespin.io/api/v1/conversion/0146097cf9cb49da91ffc866aa5dec72,/awards/eurobest/2025/campaigns/oreo-square-cookie-a-b-2025-14/
Eurobest,2025,MEDIA,Winter Takes On Colors ,A,B,C,https://www.lovethework.com/work/entries/winter-takes-on-colors-768240,/awards/eurobest/2025/campaigns/winter-takes-on-colors-a-b-2025-5/
Eurobest,2025,MEDIA,Staredown ,A,B,C,https://ascentialcdn.filespin.io/api/v1/conversion/3d45a2c050a249abacd966ad7682458e,/awards/eurobest/2025/campaigns/staredown-a-b-2025-10/
Eurobest,2025,MEDIA,Tantrum Girl ,A,B,C,https://www.lovethework.com/work/entries/tantrum-girl-768275,/awards/eurobest/2025/campaigns/tantrum-girl-a-b-2025-4/
Eurobest,2025,MEDIA,Unlockyourgreenflag ,A,B,C,https://www.lovethework.com/work/entries/unlockyourgreenflag-768140,/awards/eurobest/2025/campaigns/unlockyourgreenflag-a-b-2025-3/
Eurobest,2025,MEDIA,The Future Fan Stage ,A,B,C,https://ascentialcdn.filespin.io/api/v1/conversion/9bdf898a32e349f09f0d0dba9ffd65bb,/awards/eurobest/2025/campaigns/the-future-fan-stage-a-b-2025-3/
Eurobest,2025,MEDIA,Hot Couture ,A,B,C,https://www.lovethework.com/work/entries/hot-couture-768271,/awards/eurobest/2025/campaigns/hot-couture-a-b-2025-2/
Eurobest,2025,MEDIA,Ice Ice Maybe With Data Baby ,A,B,C,https://www.lovethework.com/work/entries/ice-ice-maybe-with-data-baby-768259,/awards/eurobest/2025/campaigns/ice-ice-maybe-with-data-baby-a-b-2025-3/
Eurobest,2025,MEDIA,Waitrose Sweet Suspicion A Deliciously Festive Whodunnit ,A,B,C,https://www.lovethework.com/work/entries/waitrose-sweet-suspicion-a-deliciously-festive-whodunnit-768207,/awards/eurobest/2025/campaigns/waitrose-sweet-suspicion-a-deliciously-festive-whodunnit-a-b-2025-4/
Eurobest,2025,MEDIA,They Cant Arrest This Billboard ,A,B,C,https://ascentialcdn.filespin.io/api/v1/conversion/753146e4ed544bb1ad5c5d4a7098bef5,/awards/eurobest/2025/campaigns/they-cant-arrest-this-billboard-a-b-2025-2/
Eurobest,2025,MEDIA,Protest Shields ,A,B,C,https://ascentialcdn.filespin.io/api/v1/conversion/fb6ef3470a6543ec81847ef07d25c3bb,/awards/eurobest/2025/campaigns/protest-shields-a-b-2025-5/
Eurobest,2025,MEDIA,Winter Takes On Colors ,A,B,C,https://www.lovethework.com/work/entries/winter-takes-on-colors-768134,/awards/eurobest/2025/campaigns/winter-takes-on-colors-a-b-2025-6/
Eurobest,2025,MEDIA,The Routine Effect ,A,B,C,https://ascentialcdn.filespin.io/api/v1/conversion/1416ac9f99e1439e9d31999064e2f09f,/awards/eurobest/2025/campaigns/the-routine-effect-a-b-2025-2/
Eurobest,2025,OUTDOOR,See Them For Real ,A,B,C,https://www.lovethework.com/work/entries/see-them-for-real-767708,/awards/eurobest/2025/campaigns/see-them-for-real-a-b-2025-2/
Eurobest,2025,OUTDOOR,Crimes ,A,B,C,https://ascentialcdn.filespin.io/api/v1/conversion/11d8115d8439445292076b7f4f4d42f6,/awards/eurobest/2025/campaigns/crimes-a-b-2025/
Eurobest,2025,OUTDOOR,Lets End Fast Tech ,A,B,C,https://ascentialcdn.filespin.io/api/v1/conversion/4b6d290787c846328e4981e564bdd7f9,/awards/eurobest/2025/campaigns/lets-end-fast-tech-a-b-2025-2/
Eurobest,2025,OUTDOOR,Marches ,A,B,C,https://ascentialcdn.filespin.io/api/v1/conversion/26dfb272b35649018c369c100702a7c1,/awards/eurobest/2025/campaigns/marches-a-b-2025/
Eurobest,2025,OUTDOOR,Excuses Bars ,A,B,C,https://ascentialcdn.filespin.io/api/v1/conversion/f219a00eceb44153993b72462c35b6bc,/awards/eurobest/2025/campaigns/excuses-bars-a-b-2025-2/
Eurobest,2025,OUTDOOR,See Them For Real ,A,B,C,https://www.lovethework.com/work/entries/see-them-for-real-769266,/awards/eurobest/2025/campaigns/see-them-for-real-a-b-2025-3/
Eurobest,2025,OUTDOOR,Kitkat Phone Break ,A,B,C,https://ascentialcdn.filespin.io/api/v1/conversion/1c936bbd05d444939640288dd8e0b1a5,/awards/eurobest/2025/campaigns/kitkat-phone-break-a-b-2025-4/
Eurobest,2025,OUTDOOR,The Mosaic ,A,B,C,https://www.lovethework.com/work/entries/the-mosaic-767789,/awards/eurobest/2025/campaigns/the-mosaic-a-b-2025-11/
Eurobest,2025,OUTDOOR,Winter Takes On Colors ,A,B,C,https://ascentialcdn.filespin.io/api/v1/conversion/cf78d9427deb40bab1c12ff82c633d57,/awards/eurobest/2025/campaigns/winter-takes-on-colors-a-b-2025-7/
Eurobest,2025,OUTDOOR,Woman Life Freedom 1979 2022 ,A,B,C,https://ascentialcdn.filespin.io/api/v1/conversion/ff01cbd47a2646de94b415a76c8e2565,/awards/eurobest/2025/campaigns/woman-life-freedom-1979-2022-a-b-2025/
Eurobest,2025,OUTDOOR,It Has To Be Fries ,A,B,C,https://ascentialcdn.filespin.io/api/v1/conversion/9e7a10af468b4293bb13624b6ac695d7,/awards/eurobest/2025/campaigns/it-has-to-be-fries-a-b-2025/
Eurobest,2025,OUTDOOR,Lets End Fast Tech ,A,B,C,https://ascentialcdn.filespin.io/api/v1/conversion/4b6d290787c846328e4981e564bdd7f9,/awards/eurobest/2025/campaigns/lets-end-fast-tech-a-b-2025-3/
Eurobest,2025,OUTDOOR,The Mosaic ,A,B,C,https://www.lovethework.com/work/entries/the-mosaic-767845,/awards/eurobest/2025/campaigns/the-mosaic-a-b-2025-12/
Eurobest,2025,OUTDOOR,Skincare For Down There ,A,B,C,https://ascentialcdn.filespin.io/api/v1/conversion/b186cee580df4b3faae246164fda1b42,/awards/eurobest/2025/campaigns/skincare-for-down-there-a-b-2025-5/
Eurobest,2025,OUTDOOR,Public Transport ,A,B,C,https://ascentialcdn.filespin.io/api/v1/conversion/708fc50c77c84f2b8f3bee9ab256511b,/awards/eurobest/2025/campaigns/public-transport-a-b-2025/
Eurobest,2025,OUTDOOR,Street ,A,B,C,https://ascentialcdn.filespin.io/api/v1/conversion/1c936bbd05d444939640288dd8e0b1a5,/awards/eurobest/2025/campaigns/street-a-b-2025-2/
Eurobest,2025,OUTDOOR,Crowd ,A,B,C,https://ascentialcdn.filespin.io/api/v1/conversion/6dc8ee87b55d449f88c8f8a0868b533a,/awards/eurobest/2025/campaigns/crowd-a-b-2025/
Eurobest,2025,OUTDOOR,Print 3 ,A,B,C,https://ascentialcdn.filespin.io/api/v1/conversion/e94c93532fe449dcb906374db4235a23,/awards/eurobest/2025/campaigns/print-3-a-b-2025/
Eurobest,2025,OUTDOOR,Print 2 ,A,B,C,https://ascentialcdn.filespin.io/api/v1/conversion/fbebe1aaec80457b98395a180172c779,/awards/eurobest/2025/campaigns/print-2-a-b-2025/
Eurobest,2025,OUTDOOR,Equal Pay 1954 2024 ,A,B,C,https://ascentialcdn.filespin.io/api/v1/conversion/ed56932c0c2447739b4b6471357d4e7a,/awards/eurobest/2025/campaigns/equal-pay-1954-2024-a-b-2025/
Eurobest,2025,OUTDOOR,From A Crocodile To The Goat Us Open ,A,B,C,https://ascentialcdn.filespin.io/api/v1/conversion/bd2d6c8e98ed44e49e36344ac84b46f4,/awards/eurobest/2025/campaigns/from-a-crocodile-to-the-goat-us-open-a-b-2025/
Eurobest,2025,OUTDOOR,Abortion Is A Woman Right 1972 2022 ,A,B,C,https://ascentialcdn.filespin.io/api/v1/conversion/fbe29e70ee3040468f0f610d2022a2f0,/awards/eurobest/2025/campaigns/abortion-is-a-woman-right-1972-2022-a-b-2025/
Eurobest,2025,OUTDOOR,Print 1 ,A,B,C,https://ascentialcdn.filespin.io/api/v1/conversion/4b6d290787c846328e4981e564bdd7f9,/awards/eurobest/2025/campaigns/print-1-a-b-2025/
Eurobest,2025,OUTDOOR,Priceless Diagrams ,A,B,C,https://ascentialcdn.filespin.io/api/v1/conversion/ee6f67d5c95e42378b6d9fa1496c47b5,/awards/eurobest/2025/campaigns/priceless-diagrams-a-b-2025-3/
Eurobest,2025,OUTDOOR,The Drying Flag ,A,B,C,https://ascentialcdn.filespin.io/api/v1/conversion/8dcaab722e9840469d056629c1eb89ff,/awards/eurobest/2025/campaigns/the-drying-flag-a-b-2025/
Eurobest,2025,OUTDOOR,Kitkat Phone Break ,A,B,C,https://www.lovethework.com/work/entries/kitkat-phone-break-767887,/awards/eurobest/2025/campaigns/kitkat-phone-break-a-b-2025-5/
Eurobest,2025,OUTDOOR,Scratch And Sniff ,A,B,C,https://ascentialcdn.filespin.io/api/v1/conversion/bb862de3ae6d497790dbaaf0ae068ee8,/awards/eurobest/2025/campaigns/scratch-and-sniff-a-b-2025/
Eurobest,2025,OUTDOOR,Crosswalk Accident Chart ,A,B,C,https://ascentialcdn.filespin.io/api/v1/conversion/dea9e1c411c04c99a6cdb16d6779653d,/awards/eurobest/2025/campaigns/crosswalk-accident-chart-a-b-2025-4/
Eurobest,2025,OUTDOOR,The Final Copy Of Ilon Specht ,A,B,C,https://www.lovethework.com/work/entries/the-final-copy-of-ilon-specht-767766,/awards/eurobest/2025/campaigns/the-final-copy-of-ilon-specht-a-b-2025-10/
Eurobest,2025,OUTDOOR,Pub Succession ,A,B,C,https://ascentialcdn.filespin.io/api/v1/conversion/a8d4e72bb1ce47508dcea8db73d16b01,/awards/eurobest/2025/campaigns/pub-succession-a-b-2025-12/
Eurobest,2025,OUTDOOR,Screw ,A,B,C,https://ascentialcdn.filespin.io/api/v1/conversion/4c3dac83126141baa913423f81afd0e7,/awards/eurobest/2025/campaigns/screw-a-b-2025-3/
Eurobest,2025,OUTDOOR,The Flame That Wasnt A Flame ,A,B,C,https://www.lovethework.com/work/entries/the-flame-that-wasnt-a-flame-767806,/awards/eurobest/2025/campaigns/the-flame-that-wasnt-a-flame-a-b-2025-5/
Eurobest,2025,OUTDOOR,Freedom 1917 2025 ,A,B,C,https://ascentialcdn.filespin.io/api/v1/conversion/2bd664d9f34a4ba48440901dffa3abf7,/awards/eurobest/2025/campaigns/freedom-1917-2025-a-b-2025/
Eurobest,2025,OUTDOOR,Excuses Bars ,A,B,C,https://ascentialcdn.filespin.io/api/v1/conversion/f219a00eceb44153993b72462c35b6bc,/awards/eurobest/2025/campaigns/excuses-bars-a-b-2025-3/
Eurobest,2025,OUTDOOR,Dirt Is Good ,A,B,C,https://ascentialcdn.filespin.io/api/v1/conversion/379f4f4c9a48482d98fe4b3c10e51b10,/awards/eurobest/2025/campaigns/dirt-is-good-a-b-2025-3/
Eurobest,2025,OUTDOOR,Torture ,A,B,C,https://ascentialcdn.filespin.io/api/v1/conversion/9518a661cfdd465bab5cd4974078ee3b,/awards/eurobest/2025/campaigns/torture-a-b-2025-2/
Eurobest,2025,OUTDOOR,News Perspectives ,A,B,C,https://ascentialcdn.filespin.io/api/v1/conversion/6b1aaacff36743c8b58e63bbf27df51d,/awards/eurobest/2025/campaigns/news-perspectives-a-b-2025-2/
Eurobest,2025,OUTDOOR,Khan Yunis ,A,B,C,https://ascentialcdn.filespin.io/api/v1/conversion/67f2a7b4d93e4142b15aa33b3671a8b3,/awards/eurobest/2025/campaigns/khan-yunis-a-b-2025/
Eurobest,2025,OUTDOOR,The Bored Cam ,A,B,C,https://www.lovethework.com/work/entries/the-bored-cam-767713,/awards/eurobest/2025/campaigns/the-bored-cam-a-b-2025-4/
Eurobest,2025,OUTDOOR,Faxvertising ,A,B,C,https://www.lovethework.com/work/entries/faxvertising-767763,/awards/eurobest/2025/campaigns/faxvertising-a-b-2025-6/
Eurobest,2025,OUTDOOR,The Great Homecoming March Gaza ,A,B,C,https://ascentialcdn.filespin.io/api/v1/conversion/600a8facaeec4a1798ae2c6b8eb03224,/awards/eurobest/2025/campaigns/the-great-homecoming-march-gaza-a-b-2025/
Eurobest,2025,OUTDOOR,Pubic Service Announcement ,A,B,C,https://ascentialcdn.filespin.io/api/v1/conversion/0f9cebe4ebbb43218dfa6a72a0ba80b1,/awards/eurobest/2025/campaigns/pubic-service-announcement-a-b-2025-3/
Eurobest,2025,OUTDOOR,Toy Reclaim ,A,B,C,https://ascentialcdn.filespin.io/api/v1/conversion/5765f73f1f484e91ba9fd54264289523,/awards/eurobest/2025/campaigns/toy-reclaim-a-b-2025-2/
Eurobest,2025,OUTDOOR,Pub Succession ,A,B,C,https://ascentialcdn.filespin.io/api/v1/conversion/a8d4e72bb1ce47508dcea8db73d16b01,/awards/eurobest/2025/campaigns/pub-succession-a-b-2025-13/
Eurobest,2025,OUTDOOR,Shooting ,A,B,C,https://ascentialcdn.filespin.io/api/v1/conversion/d2ce40668c2241c6b166c515139f2b2f,/awards/eurobest/2025/campaigns/shooting-a-b-2025-2/
Eurobest,2025,OUTDOOR,The Og Cornflakes ,A,B,C,https://ascentialcdn.filespin.io/api/v1/conversion/0953d0e0c61b41aba5ec03a8d4198ce0,/awards/eurobest/2025/campaigns/the-og-cornflakes-a-b-2025-2/
Eurobest,2025,OUTDOOR,Zzzzz ,A,B,C,https://ascentialcdn.filespin.io/api/v1/conversion/d9cfe097d2f14800bde2fd06decbef67,/awards/eurobest/2025/campaigns/zzzzz-a-b-2025-2/
Eurobest,2025,OUTDOOR,Ghost Town ,A,B,C,https://ascentialcdn.filespin.io/api/v1/conversion/2ee5294fd5ae48d697487308afd695e2,/awards/eurobest/2025/campaigns/ghost-town-a-b-2025-7/
Eurobest,2025,OUTDOOR,Bored Cam 3 ,A,B,C,https://ascentialcdn.filespin.io/api/v1/conversion/89a4b244027d484fae1d401e0f34a961,/awards/eurobest/2025/campaigns/bored-cam-3-a-b-2025-2/
Eurobest,2025,OUTDOOR,They Cant Arrest This Billboard ,A,B,C,https://ascentialcdn.filespin.io/api/v1/conversion/09761be30a6e43fe8b4d3f8674568c41,/awards/eurobest/2025/campaigns/they-cant-arrest-this-billboard-a-b-2025-3/
Eurobest,2025,OUTDOOR,Uncried Tears Of Men ,A,B,C,https://ascentialcdn.filespin.io/api/v1/conversion/f6ee480357b349bca6de77b25df87285,/awards/eurobest/2025/campaigns/uncried-tears-of-men-a-b-2025/
Eurobest,2025,OUTDOOR,Handmade Billboards ,A,B,C,https://ascentialcdn.filespin.io/api/v1/conversion/ed2bbff32e84452db18944e56175ee3f,/awards/eurobest/2025/campaigns/handmade-billboards-a-b-2025/
Eurobest,2025,OUTDOOR,From A Crocodile To The Goat Australian Open ,A,B,C,https://ascentialcdn.filespin.io/api/v1/conversion/74cabda7dd394bf581ada8ee92d3813e,/awards/eurobest/2025/campaigns/from-a-crocodile-to-the-goat-australian-open-a-b-2025/
Eurobest,2025,OUTDOOR,They Cant Arrest This Billboard ,A,B,C,https://ascentialcdn.filespin.io/api/v1/conversion/dc6c138443dd423c966341fe1554d457,/awards/eurobest/2025/campaigns/they-cant-arrest-this-billboard-a-b-2025-4/
Eurobest,2025,OUTDOOR,Kitkat Phone Break ,A,B,C,https://ascentialcdn.filespin.io/api/v1/conversion/e189f62282234a31b1d01f4efd0db6a9,/awards/eurobest/2025/campaigns/kitkat-phone-break-a-b-2025-6/
Eurobest,2025,OUTDOOR,Utrecht Energized ,A,B,C,https://ascentialcdn.filespin.io/api/v1/conversion/f8ac1a5022324f78b975cc4228a1583b,/awards/eurobest/2025/campaigns/utrecht-energized-a-b-2025-5/
Eurobest,2025,OUTDOOR,Online The Law Protects This Artwork Better Than It Protects Women ,A,B,C,https://www.lovethework.com/work/entries/online-the-law-protects-this-artwork-better-than-it-protects-women-769100,/awards/eurobest/2025/campaigns/online-the-law-protects-this-artwork-better-than-it-protects-women-a-b-2025-6/
Eurobest,2025,OUTDOOR,The Bored Cam ,A,B,C,https://www.lovethework.com/work/entries/the-bored-cam-767750,/awards/eurobest/2025/campaigns/the-bored-cam-a-b-2025-5/
Eurobest,2025,OUTDOOR,It Has To Be Bread ,A,B,C,https://ascentialcdn.filespin.io/api/v1/conversion/789391497e7849a285e44de8318889f4,/awards/eurobest/2025/campaigns/it-has-to-be-bread-a-b-2025/
Eurobest,2025,OUTDOOR,Cornetto At Last ,A,B,C,https://ascentialcdn.filespin.io/api/v1/conversion/a904a3bf446f4567aacf3d30b348217a,/awards/eurobest/2025/campaigns/cornetto-at-last-a-b-2025/
Eurobest,2025,OUTDOOR,Not All Read Dn ,A,B,C,https://ascentialcdn.filespin.io/api/v1/conversion/b2706a59228148d083b98c1699837014,/awards/eurobest/2025/campaigns/not-all-read-dn-a-b-2025/
Eurobest,2025,OUTDOOR,Venus ,A,B,C,https://ascentialcdn.filespin.io/api/v1/conversion/d2a8c85426294b67ab35a9e07cee56ab,/awards/eurobest/2025/campaigns/venus-a-b-2025/
Eurobest,2025,OUTDOOR,Adis Espaa ,A,B,C,https://ascentialcdn.filespin.io/api/v1/conversion/8bb7acb188294e85b986a0bc17a7504e,/awards/eurobest/2025/campaigns/adis-espaa-a-b-2025/
Eurobest,2025,OUTDOOR,The Folded Cheese Origami ,A,B,C,https://ascentialcdn.filespin.io/api/v1/conversion/1b90693aa53e4b908d6ff367b64e8abc,/awards/eurobest/2025/campaigns/the-folded-cheese-origami-a-b-2025/
Eurobest,2025,OUTDOOR,Ooh 2 ,A,B,C,https://ascentialcdn.filespin.io/api/v1/conversion/821b6e56c610441db0217779320dc3da,/awards/eurobest/2025/campaigns/ooh-2-a-b-2025/
Eurobest,2025,OUTDOOR,Bread ,A,B,C,https://ascentialcdn.filespin.io/api/v1/conversion/fd392bfe767045898543ff5607dfcd1c,/awards/eurobest/2025/campaigns/bread-a-b-2025/
Eurobest,2025,OUTDOOR,Ghost Town ,A,B,C,https://ascentialcdn.filespin.io/api/v1/conversion/b767c51f7d804302a11dd5f2939343ea,/awards/eurobest/2025/campaigns/ghost-town-a-b-2025-8/
Eurobest,2025,OUTDOOR,Mayo Exchange ,A,B,C,https://ascentialcdn.filespin.io/api/v1/conversion/135755f8a79f44f4b9f093e8ea1a17d9,/awards/eurobest/2025/campaigns/mayo-exchange-a-b-2025-3/
Eurobest,2025,OUTDOOR,Pubic Service Announcement ,A,B,C,https://www.lovethework.com/work/entries/pubic-service-announcement-769276,/awards/eurobest/2025/campaigns/pubic-service-announcement-a-b-2025-4/
Eurobest,2025,OUTDOOR,Adle ,A,B,C,https://ascentialcdn.filespin.io/api/v1/conversion/1056e078817446aab25b098d2f1732aa,/awards/eurobest/2025/campaigns/adle-a-b-2025/
Eurobest,2025,OUTDOOR,Likes ,A,B,C,https://ascentialcdn.filespin.io/api/v1/conversion/6894627d4b9d4dbe9e376ad41d61482b,/awards/eurobest/2025/campaigns/likes-a-b-2025/
Eurobest,2025,OUTDOOR,Canva Special Builds Waterloo Takeover ,A,B,C,https://www.lovethework.com/work/entries/canva-special-builds-waterloo-takeover-769351,/awards/eurobest/2025/campaigns/canva-special-builds-waterloo-takeover-a-b-2025/
Eurobest,2025,OUTDOOR,Signatures Against Signatures ,A,B,C,https://www.lovethework.com/work/entries/signatures-against-signatures-767774,/awards/eurobest/2025/campaigns/signatures-against-signatures-a-b-2025-5/
Eurobest,2025,OUTDOOR,Street ,A,B,C,https://ascentialcdn.filespin.io/api/v1/conversion/5e093575821d416391e128b4dd85dfd0,/awards/eurobest/2025/campaigns/street-a-b-2025-3/
Eurobest,2025,OUTDOOR,Main Valve ,A,B,C,https://ascentialcdn.filespin.io/api/v1/conversion/7fcad3f60d3d41e5a3b1195e853640da,/awards/eurobest/2025/campaigns/main-valve-a-b-2025-2/
Eurobest,2025,OUTDOOR,Excuses Bars ,A,B,C,https://ascentialcdn.filespin.io/api/v1/conversion/f219a00eceb44153993b72462c35b6bc,/awards/eurobest/2025/campaigns/excuses-bars-a-b-2025-4/
Eurobest,2025,OUTDOOR,Faxvertising ,A,B,C,https://www.lovethework.com/work/entries/faxvertising-767764,/awards/eurobest/2025/campaigns/faxvertising-a-b-2025-7/
Eurobest,2025,OUTDOOR,Designing Paris ,A,B,C,https://ascentialcdn.filespin.io/api/v1/conversion/d08dfedd3b1440c495f9825ba37be9ee,/awards/eurobest/2025/campaigns/designing-paris-a-b-2025-8/
Eurobest,2025,OUTDOOR,Bored Cam 2 ,A,B,C,https://ascentialcdn.filespin.io/api/v1/conversion/c50078e8a02e43c0b3327f559960f2cb,/awards/eurobest/2025/campaigns/bored-cam-2-a-b-2025-2/
Eurobest,2025,OUTDOOR,Law Of The Land ,A,B,C,https://ascentialcdn.filespin.io/api/v1/conversion/f105e17971bd4e2e88cf6afa58f52b5a,/awards/eurobest/2025/campaigns/law-of-the-land-a-b-2025-2/
Eurobest,2025,OUTDOOR,The Sound Of Superstars ,A,B,C,https://ascentialcdn.filespin.io/api/v1/conversion/9343bde96a034cd1a71aba029d0a6dbf,/awards/eurobest/2025/campaigns/the-sound-of-superstars-a-b-2025-5/
Eurobest,2025,OUTDOOR,Mayo Exchange ,A,B,C,https://ascentialcdn.filespin.io/api/v1/conversion/135755f8a79f44f4b9f093e8ea1a17d9,/awards/eurobest/2025/campaigns/mayo-exchange-a-b-2025-4/
Eurobest,2025,OUTDOOR,Designing Paris ,A,B,C,https://ascentialcdn.filespin.io/api/v1/conversion/d08dfedd3b1440c495f9825ba37be9ee,/awards/eurobest/2025/campaigns/designing-paris-a-b-2025-9/
Eurobest,2025,OUTDOOR,Snow ,A,B,C,https://ascentialcdn.filespin.io/api/v1/conversion/59691476cc6b43d99ea40baa50a49835,/awards/eurobest/2025/campaigns/snow-a-b-2025/
Eurobest,2025,OUTDOOR,Turmus Ayya ,A,B,C,https://ascentialcdn.filespin.io/api/v1/conversion/7ed0490f741c4fefb8bfd18978c07f22,/awards/eurobest/2025/campaigns/turmus-ayya-a-b-2025/
Eurobest,2025,OUTDOOR,Wang ,A,B,C,https://ascentialcdn.filespin.io/api/v1/conversion/cf425b3a7d2d417fa34eb3a5860d202a,/awards/eurobest/2025/campaigns/wang-a-b-2025/
Eurobest,2025,OUTDOOR,City Center ,A,B,C,https://ascentialcdn.filespin.io/api/v1/conversion/620cc8ed7d1e430795e6455e00d2fe94,/awards/eurobest/2025/campaigns/city-center-a-b-2025-2/
Eurobest,2025,OUTDOOR,Ikeascrewprint3 ,A,B,C,https://ascentialcdn.filespin.io/api/v1/conversion/d60c3c09715b4d788d77ed1cb263a84b,/awards/eurobest/2025/campaigns/ikeascrewprint3-a-b-2025/
Eurobest,2025,OUTDOOR,Crimes ,A,B,C,https://ascentialcdn.filespin.io/api/v1/conversion/11d8115d8439445292076b7f4f4d42f6,/awards/eurobest/2025/campaigns/crimes-a-b-2025-2/
Eurobest,2025,OUTDOOR,Ikeascrewprint1 ,A,B,C,https://ascentialcdn.filespin.io/api/v1/conversion/055e9388f6744b669be69a5b143f3eb8,/awards/eurobest/2025/campaigns/ikeascrewprint1-a-b-2025/
Eurobest,2025,OUTDOOR,Faxvertising ,A,B,C,https://www.lovethework.com/work/entries/faxvertising-767843,/awards/eurobest/2025/campaigns/faxvertising-a-b-2025-8/
Eurobest,2025,OUTDOOR,Ghost Town ,A,B,C,https://ascentialcdn.filespin.io/api/v1/conversion/2fefc11bd0f94d169f63c04ef2df891e,/awards/eurobest/2025/campaigns/ghost-town-a-b-2025-9/
Eurobest,2025,OUTDOOR,Designing Paris ,A,B,C,https://ascentialcdn.filespin.io/api/v1/conversion/d08dfedd3b1440c495f9825ba37be9ee,/awards/eurobest/2025/campaigns/designing-paris-a-b-2025-10/
Eurobest,2025,OUTDOOR,Ooh 2 ,A,B,C,https://ascentialcdn.filespin.io/api/v1/conversion/821b6e56c610441db0217779320dc3da,/awards/eurobest/2025/campaigns/ooh-2-a-b-2025-2/
Eurobest,2025,OUTDOOR,Ooh ,A,B,C,https://ascentialcdn.filespin.io/api/v1/conversion/a6b585fb14f64118ae0cdacee245bf74,/awards/eurobest/2025/campaigns/ooh-a-b-2025/
Eurobest,2025,OUTDOOR,Mass Grave ,A,B,C,https://ascentialcdn.filespin.io/api/v1/conversion/a978cda500a94c5cb482372d0e31263f,/awards/eurobest/2025/campaigns/mass-grave-a-b-2025-2/
Eurobest,2025,OUTDOOR,Too Short ,A,B,C,https://ascentialcdn.filespin.io/api/v1/conversion/c129c5caa27c476d952a7d6dd44f527d,/awards/eurobest/2025/campaigns/too-short-a-b-2025-2/
Eurobest,2025,OUTDOOR,Lets End Fast Tech ,A,B,C,https://ascentialcdn.filespin.io/api/v1/conversion/4b6d290787c846328e4981e564bdd7f9,/awards/eurobest/2025/campaigns/lets-end-fast-tech-a-b-2025-4/
Eurobest,2025,OUTDOOR,From Here To Here ,A,B,C,https://ascentialcdn.filespin.io/api/v1/conversion/532f5a044961408fac58d6d01f548b39,/awards/eurobest/2025/campaigns/from-here-to-here-a-b-2025/
Eurobest,2025,OUTDOOR,Lynx With Catnip ,A,B,C,https://ascentialcdn.filespin.io/api/v1/conversion/a45b924cf67e465cae781c3c6afe1ec2,/awards/eurobest/2025/campaigns/lynx-with-catnip-a-b-2025-5/
Eurobest,2025,OUTDOOR,Lynx With Catnip ,A,B,C,https://www.lovethework.com/work/entries/lynx-with-catnip-767722,/awards/eurobest/2025/campaigns/lynx-with-catnip-a-b-2025-6/
Eurobest,2025,OUTDOOR,Come Dance With Me ,A,B,C,https://ascentialcdn.filespin.io/api/v1/conversion/1297f2afd04e42d9ad6abc82e4fcb084,/awards/eurobest/2025/campaigns/come-dance-with-me-a-b-2025/
Eurobest,2025,OUTDOOR,The Og Rice Krispies ,A,B,C,https://ascentialcdn.filespin.io/api/v1/conversion/6d510dc3da0441e2a3fade1cb8af5443,/awards/eurobest/2025/campaigns/the-og-rice-krispies-a-b-2025-2/
Eurobest,2025,OUTDOOR,Nocturnal Billboards ,A,B,C,https://ascentialcdn.filespin.io/api/v1/conversion/ab1451fa078b48088ba1961a0d37b446,/awards/eurobest/2025/campaigns/nocturnal-billboards-a-b-2025/
Eurobest,2025,OUTDOOR,Scratch And Sniff ,A,B,C,https://ascentialcdn.filespin.io/api/v1/conversion/e0d5e96e7e83412ba90b2296b2dc4777,/awards/eurobest/2025/campaigns/scratch-and-sniff-a-b-2025-2/
Eurobest,2025,OUTDOOR,From Here To Here ,A,B,C,https://ascentialcdn.filespin.io/api/v1/conversion/532f5a044961408fac58d6d01f548b39,/awards/eurobest/2025/campaigns/from-here-to-here-a-b-2025-2/
Eurobest,2025,OUTDOOR,It Has To Be Mayo ,A,B,C,https://ascentialcdn.filespin.io/api/v1/conversion/98502860304b486096f96cbacf35f7ac,/awards/eurobest/2025/campaigns/it-has-to-be-mayo-a-b-2025/
Eurobest,2025,OUTDOOR,This Way To Fame ,A,B,C,https://www.lovethework.com/work/entries/this-way-to-fame-767818,/awards/eurobest/2025/campaigns/this-way-to-fame-a-b-2025/
Eurobest,2025,OUTDOOR,Scratch And Sniff ,A,B,C,https://ascentialcdn.filespin.io/api/v1/conversion/bb862de3ae6d497790dbaaf0ae068ee8,/awards/eurobest/2025/campaigns/scratch-and-sniff-a-b-2025-3/
Eurobest,2025,OUTDOOR,Toilet Paper ,A,B,C,https://ascentialcdn.filespin.io/api/v1/conversion/958140e6faf3428590c28fa56056c9b0,/awards/eurobest/2025/campaigns/toilet-paper-a-b-2025/
Eurobest,2025,OUTDOOR,Tantrum Girl ,A,B,C,https://www.lovethework.com/work/entries/tantrum-girl-767699,/awards/eurobest/2025/campaigns/tantrum-girl-a-b-2025-5/
Eurobest,2025,OUTDOOR,Ticket Out Of The Dark ,A,B,C,https://ascentialcdn.filespin.io/api/v1/conversion/5d4da67cdd8e40ba9199a153b92d7c4f,/awards/eurobest/2025/campaigns/ticket-out-of-the-dark-a-b-2025-2/
Eurobest,2025,OUTDOOR,Grrrr ,A,B,C,https://ascentialcdn.filespin.io/api/v1/conversion/ef70c20a738a441d8264a93c140a87b4,/awards/eurobest/2025/campaigns/grrrr-a-b-2025/
Eurobest,2025,OUTDOOR,It Has To Be Pasta ,A,B,C,https://ascentialcdn.filespin.io/api/v1/conversion/00090fcdec39446089648ab82ab24332,/awards/eurobest/2025/campaigns/it-has-to-be-pasta-a-b-2025/
Eurobest,2025,OUTDOOR,Cornetto Summerscope ,A,B,C,https://ascentialcdn.filespin.io/api/v1/conversion/5314e9cedf18488ca52bdee33ee7c322,/awards/eurobest/2025/campaigns/cornetto-summerscope-a-b-2025/
Eurobest,2025,OUTDOOR,Online The Law Protects This Artwork Better Than It Protects Women ,A,B,C,https://www.lovethework.com/work/entries/online-the-law-protects-this-artwork-better-than-it-protects-women-769287,/awards/eurobest/2025/campaigns/online-the-law-protects-this-artwork-better-than-it-protects-women-a-b-2025-7/
Eurobest,2025,OUTDOOR,Bumpboards ,A,B,C,https://ascentialcdn.filespin.io/api/v1/conversion/51f7223ae6f6484caace1b6d0e8df74c,/awards/eurobest/2025/campaigns/bumpboards-a-b-2025-5/
Eurobest,2025,OUTDOOR,Bananas ,A,B,C,https://ascentialcdn.filespin.io/api/v1/conversion/541950c5b0cc422a8e19f4e5dd90ec9b,/awards/eurobest/2025/campaigns/bananas-a-b-2025/
Eurobest,2025,OUTDOOR,Welcome After Closing Time ,A,B,C,https://www.lovethework.com/work/entries/welcome-after-closing-time-767859,/awards/eurobest/2025/campaigns/welcome-after-closing-time-a-b-2025/
Eurobest,2025,OUTDOOR,At Last Dive ,A,B,C,https://ascentialcdn.filespin.io/api/v1/conversion/11aff008b62e45aead856f038cc48628,/awards/eurobest/2025/campaigns/at-last-dive-a-b-2025/
Eurobest,2025,OUTDOOR,The Bully Mirror ,A,B,C,https://www.lovethework.com/work/entries/the-bully-mirror-769345,/awards/eurobest/2025/campaigns/the-bully-mirror-a-b-2025/
Eurobest,2025,OUTDOOR,From A Crocodile To The Goat Wimbledon ,A,B,C,https://ascentialcdn.filespin.io/api/v1/conversion/a9e2f641a33b4ed5a7920be67e18bf03,/awards/eurobest/2025/campaigns/from-a-crocodile-to-the-goat-wimbledon-a-b-2025/
Eurobest,2025,OUTDOOR,From A Crocodile To The Goat Roland Garros ,A,B,C,https://ascentialcdn.filespin.io/api/v1/conversion/019a497a0c764674beb4c53331c68f3e,/awards/eurobest/2025/campaigns/from-a-crocodile-to-the-goat-roland-garros-a-b-2025/
Eurobest,2025,OUTDOOR,Rain ,A,B,C,https://ascentialcdn.filespin.io/api/v1/conversion/8f9c7bcf4d834cf391d6821587a025bf,/awards/eurobest/2025/campaigns/rain-a-b-2025/
Eurobest,2025,OUTDOOR,Move Around With Getaround ,A,B,C,https://www.lovethework.com/work/entries/move-around-with-getaround-769271,/awards/eurobest/2025/campaigns/move-around-with-getaround-a-b-2025/
Eurobest,2025,OUTDOOR,The Lonely Generation ,A,B,C,https://ascentialcdn.filespin.io/api/v1/conversion/2c3e5d76ac8f4ba58864008eb7951bf0,/awards/eurobest/2025/campaigns/the-lonely-generation-a-b-2025-2/
Eurobest,2025,OUTDOOR,This Way To Fame ,A,B,C,https://www.lovethework.com/work/entries/this-way-to-fame-767775,/awards/eurobest/2025/campaigns/this-way-to-fame-a-b-2025-2/
Eurobest,2025,OUTDOOR,Ooh 1 ,A,B,C,https://ascentialcdn.filespin.io/api/v1/conversion/a6b585fb14f64118ae0cdacee245bf74,/awards/eurobest/2025/campaigns/ooh-1-a-b-2025/
Eurobest,2025,OUTDOOR,Bumpboards ,A,B,C,https://ascentialcdn.filespin.io/api/v1/conversion/51f7223ae6f6484caace1b6d0e8df74c,/awards/eurobest/2025/campaigns/bumpboards-a-b-2025-6/
Eurobest,2025,OUTDOOR,Not Every Smile Starts As A Smile ,A,B,C,https://www.lovethework.com/work/entries/not-every-smile-starts-as-a-smile-767867,/awards/eurobest/2025/campaigns/not-every-smile-starts-as-a-smile-a-b-2025-2/
Eurobest,2025,OUTDOOR,Between Strangers You Can Say Anything ,A,B,C,https://ascentialcdn.filespin.io/api/v1/conversion/2dcb9236da0d42f4beeded4fb189f5ec,/awards/eurobest/2025/campaigns/between-strangers-you-can-say-anything-a-b-2025/
Eurobest,2025,OUTDOOR,Blood Donation Hurts Less ,A,B,C,https://www.lovethework.com/work/entries/blood-donation-hurts-less-767756,/awards/eurobest/2025/campaigns/blood-donation-hurts-less-a-b-2025/
Eurobest,2025,OUTDOOR,The Remco Reflex ,A,B,C,https://ascentialcdn.filespin.io/api/v1/conversion/144fc9ac1135439aa748f4d6cbd0af8c,/awards/eurobest/2025/campaigns/the-remco-reflex-a-b-2025-3/
Eurobest,2025,OUTDOOR,Voting Atm ,A,B,C,https://ascentialcdn.filespin.io/api/v1/conversion/163034bb635441d6b66c4236644fc5b0,/awards/eurobest/2025/campaigns/voting-atm-a-b-2025-3/
Eurobest,2025,OUTDOOR,Novak ,A,B,C,https://ascentialcdn.filespin.io/api/v1/conversion/ceb646f561524fe3813e9510659450ab,/awards/eurobest/2025/campaigns/novak-a-b-2025/
Eurobest,2025,OUTDOOR,A 49 Inch Home ,A,B,C,https://ascentialcdn.filespin.io/api/v1/conversion/316941ee3b394b9ea9cd04aafa773b8d,/awards/eurobest/2025/campaigns/a-49-inch-home-a-b-2025-2/
Eurobest,2025,OUTDOOR,Come Dance With Me ,A,B,C,https://ascentialcdn.filespin.io/api/v1/conversion/86ef8e59336d453290f5d1abf518057c,/awards/eurobest/2025/campaigns/come-dance-with-me-a-b-2025-2/
Eurobest,2025,OUTDOOR,Silicone ,A,B,C,https://ascentialcdn.filespin.io/api/v1/conversion/6ae93b8bd52a45dab81700e77ce51046,/awards/eurobest/2025/campaigns/silicone-a-b-2025-2/
Eurobest,2025,OUTDOOR,Pubic Service Announcement ,A,B,C,https://www.lovethework.com/work/entries/pubic-service-announcement-769091,/awards/eurobest/2025/campaigns/pubic-service-announcement-a-b-2025-5/
Eurobest,2025,OUTDOOR,The Og Masterbrand ,A,B,C,https://ascentialcdn.filespin.io/api/v1/conversion/211a34fe80c44603b12eb48750a6bbe2,/awards/eurobest/2025/campaigns/the-og-masterbrand-a-b-2025-2/
Eurobest,2025,OUTDOOR,Fog ,A,B,C,https://ascentialcdn.filespin.io/api/v1/conversion/23fd8a1ea6e143a5a26bd000ae9f53c7,/awards/eurobest/2025/campaigns/fog-a-b-2025/
Eurobest,2025,OUTDOOR,Concrete ,A,B,C,https://ascentialcdn.filespin.io/api/v1/conversion/a4df32e8bd054e11849f29d39e49e995,/awards/eurobest/2025/campaigns/concrete-a-b-2025-2/
Eurobest,2025,OUTDOOR,Adis Espaa ,A,B,C,https://ascentialcdn.filespin.io/api/v1/conversion/260c63d14ea5454c820bd40d118bcc3c,/awards/eurobest/2025/campaigns/adis-espaa-a-b-2025-2/
Eurobest,2025,OUTDOOR,Poster Site ,A,B,C,https://ascentialcdn.filespin.io/api/v1/conversion/129b835650324858bdc85df7ffebc070,/awards/eurobest/2025/campaigns/poster-site-a-b-2025/
Eurobest,2025,OUTDOOR,Behind The Logo ,A,B,C,https://ascentialcdn.filespin.io/api/v1/conversion/67f2a7b4d93e4142b15aa33b3671a8b3,/awards/eurobest/2025/campaigns/behind-the-logo-a-b-2025/
Eurobest,2025,OUTDOOR,Ikeascrewprint2 ,A,B,C,https://ascentialcdn.filespin.io/api/v1/conversion/ef3aeb8559914480b241489771d766e1,/awards/eurobest/2025/campaigns/ikeascrewprint2-a-b-2025/
Eurobest,2025,OUTDOOR,Likes ,A,B,C,https://ascentialcdn.filespin.io/api/v1/conversion/6894627d4b9d4dbe9e376ad41d61482b,/awards/eurobest/2025/campaigns/likes-a-b-2025-2/
Eurobest,2025,OUTDOOR,Screen2Save ,A,B,C,https://ascentialcdn.filespin.io/api/v1/conversion/06628775bc8c4d0cbc1547adc6947683,/awards/eurobest/2025/campaigns/screen2save-a-b-2025-6/
Eurobest,2025,OUTDOOR,Ghost Town ,A,B,C,https://ascentialcdn.filespin.io/api/v1/conversion/b9310d36649c45a6936f0215c98f063c,/awards/eurobest/2025/campaigns/ghost-town-a-b-2025-10/
Eurobest,2025,OUTDOOR,The Mosaic ,A,B,C,https://www.lovethework.com/work/entries/the-mosaic-767811,/awards/eurobest/2025/campaigns/the-mosaic-a-b-2025-13/
Eurobest,2025,OUTDOOR,Their Merciless Decline ,A,B,C,https://ascentialcdn.filespin.io/api/v1/conversion/f5d24f8b7e1745b4a01f242159ff56e8,/awards/eurobest/2025/campaigns/their-merciless-decline-a-b-2025-6/
Eurobest,2025,OUTDOOR,Poster Site ,A,B,C,https://ascentialcdn.filespin.io/api/v1/conversion/129b835650324858bdc85df7ffebc070,/awards/eurobest/2025/campaigns/poster-site-a-b-2025-2/
Eurobest,2025,OUTDOOR,Issues Are Coming To Ya ,A,B,C,https://www.lovethework.com/work/entries/issues-are-coming-to-ya-767832,/awards/eurobest/2025/campaigns/issues-are-coming-to-ya-a-b-2025-2/
Eurobest,2025,OUTDOOR,Voting Atm ,A,B,C,https://ascentialcdn.filespin.io/api/v1/conversion/163034bb635441d6b66c4236644fc5b0,/awards/eurobest/2025/campaigns/voting-atm-a-b-2025-4/
Eurobest,2025,OUTDOOR,Move Around With Getaround ,A,B,C,https://ascentialcdn.filespin.io/api/v1/conversion/90a167b8f35e454d811ab2f6c01c936c,/awards/eurobest/2025/campaigns/move-around-with-getaround-a-b-2025-2/
Eurobest,2025,OUTDOOR,Unlocking The Game ,A,B,C,https://www.lovethework.com/work/entries/unlocking-the-game-767844,/awards/eurobest/2025/campaigns/unlocking-the-game-a-b-2025-18/
Eurobest,2025,OUTDOOR,Signs Of The Times ,A,B,C,https://ascentialcdn.filespin.io/api/v1/conversion/e7cbf370e7af49999e03a68dc217373d,/awards/eurobest/2025/campaigns/signs-of-the-times-a-b-2025-3/
Eurobest,2025,OUTDOOR,Pffff ,A,B,C,https://ascentialcdn.filespin.io/api/v1/conversion/a3e4b67c614a468bb12e7ad0dd1294bc,/awards/eurobest/2025/campaigns/pffff-a-b-2025/
Eurobest,2025,OUTDOOR,At Last Shorts ,A,B,C,https://ascentialcdn.filespin.io/api/v1/conversion/9f4c1b8018b74a08b4f961fad5376e58,/awards/eurobest/2025/campaigns/at-last-shorts-a-b-2025/
Eurobest,2025,OUTDOOR,It Has To Be Toast ,A,B,C,https://ascentialcdn.filespin.io/api/v1/conversion/19b79ceaf445400d88e358d61316e067,/awards/eurobest/2025/campaigns/it-has-to-be-toast-a-b-2025/
Eurobest,2025,OUTDOOR,Protest Shields ,A,B,C,https://ascentialcdn.filespin.io/api/v1/conversion/fb6ef3470a6543ec81847ef07d25c3bb,/awards/eurobest/2025/campaigns/protest-shields-a-b-2025-6/
Eurobest,2025,OUTDOOR,Bored Cam 1 ,A,B,C,https://ascentialcdn.filespin.io/api/v1/conversion/08913edc03934cbfa64c5528ab4261f4,/awards/eurobest/2025/campaigns/bored-cam-1-a-b-2025-2/
Eurobest,2025,OUTDOOR,The Proximity Effect ,A,B,C,https://ascentialcdn.filespin.io/api/v1/conversion/5ac3e98d80ae4a13a2874974a90d8da2,/awards/eurobest/2025/campaigns/the-proximity-effect-a-b-2025-2/
Eurobest,2025,OUTDOOR,At Last Flip Flops ,A,B,C,https://ascentialcdn.filespin.io/api/v1/conversion/0dfb7ef887e346fb81e85b0bdb02c307,/awards/eurobest/2025/campaigns/at-last-flip-flops-a-b-2025/
Eurobest,2025,OUTDOOR,Come Dance With Me ,A,B,C,https://ascentialcdn.filespin.io/api/v1/conversion/9e65c97e9f3c455887e17ac13f8b3c3d,/awards/eurobest/2025/campaigns/come-dance-with-me-a-b-2025-3/
Eurobest,2025,OUTDOOR,Urban Doggy Fit ,A,B,C,https://www.lovethework.com/work/entries/urban-doggy-fit-767794,/awards/eurobest/2025/campaigns/urban-doggy-fit-a-b-2025-4/
Eurobest,2025,OUTDOOR,Come Dance With Me ,A,B,C,https://ascentialcdn.filespin.io/api/v1/conversion/f4594faea247472b94a562ab99893f79,/awards/eurobest/2025/campaigns/come-dance-with-me-a-b-2025-4/
Eurobest,2025,OUTDOOR,Dirt Is Good ,A,B,C,https://ascentialcdn.filespin.io/api/v1/conversion/379f4f4c9a48482d98fe4b3c10e51b10,/awards/eurobest/2025/campaigns/dirt-is-good-a-b-2025-4/
Eurobest,2025,OUTDOOR,The Og Coco Pops ,A,B,C,https://ascentialcdn.filespin.io/api/v1/conversion/5278ff7a696f472db58e99ae5000630c,/awards/eurobest/2025/campaigns/the-og-coco-pops-a-b-2025-2/
Eurobest,2025,OUTDOOR,Park ,A,B,C,https://ascentialcdn.filespin.io/api/v1/conversion/7137b9c9baff4939ad1584b3c534acb2,/awards/eurobest/2025/campaigns/park-a-b-2025-2/
Eurobest,2025,OUTDOOR,Marches ,A,B,C,https://ascentialcdn.filespin.io/api/v1/conversion/2be0b923995d4e3ea4ab9e1588affb5b,/awards/eurobest/2025/campaigns/marches-a-b-2025-2/
Eurobest,2025,OUTDOOR,Coca Cola Now At Fosters Hollywood ,A,B,C,https://ascentialcdn.filespin.io/api/v1/conversion/a17787327cb740278a1575292276cf65,/awards/eurobest/2025/campaigns/coca-cola-now-at-fosters-hollywood-a-b-2025-3/
Eurobest,2025,OUTDOOR,Pub Succession ,A,B,C,https://ascentialcdn.filespin.io/api/v1/conversion/a8d4e72bb1ce47508dcea8db73d16b01,/awards/eurobest/2025/campaigns/pub-succession-a-b-2025-14/
Eurobest,2025,OUTDOOR,News Perspectives ,A,B,C,https://ascentialcdn.filespin.io/api/v1/conversion/916da5a4d6d54c1aaaf9fbd7269d390a,/awards/eurobest/2025/campaigns/news-perspectives-a-b-2025-3/
Eurobest,2025,PR,Axa Three Words ,A,B,C,https://www.lovethework.com/work/entries/axa-three-words-769202,/awards/eurobest/2025/campaigns/axa-three-words-a-b-2025-18/
Eurobest,2025,PR,The Parental Leave Mortgage ,A,B,C,https://ascentialcdn.filespin.io/api/v1/conversion/a8b9edfd44de47b893b950770030cf54,/awards/eurobest/2025/campaigns/the-parental-leave-mortgage-a-b-2025-11/
Eurobest,2025,PR,Life Donor Card ,A,B,C,https://ascentialcdn.filespin.io/api/v1/conversion/840443c9ab3145abb1d45d31707245bb,/awards/eurobest/2025/campaigns/life-donor-card-a-b-2025-8/
Eurobest,2025,PR,Steal Marinas Artwork ,A,B,C,https://www.lovethework.com/work/entries/steal-marinas-artwork-768385,/awards/eurobest/2025/campaigns/steal-marinas-artwork-a-b-2025-3/
Eurobest,2025,PR,Mayo Exchange ,A,B,C,https://ascentialcdn.filespin.io/api/v1/conversion/135755f8a79f44f4b9f093e8ea1a17d9,/awards/eurobest/2025/campaigns/mayo-exchange-a-b-2025-5/
Eurobest,2025,PR,Camdom ,A,B,C,https://www.lovethework.com/work/entries/camdom-768649,/awards/eurobest/2025/campaigns/camdom-a-b-2025-8/
Eurobest,2025,PR,You Look A Lidl Like Paul ,A,B,C,https://ascentialcdn.filespin.io/api/v1/conversion/fc73d8d95e844c528226035239960fba,/awards/eurobest/2025/campaigns/you-look-a-lidl-like-paul-a-b-2025-2/
Eurobest,2025,PR,Hello My Name Is Badalada ,A,B,C,https://www.lovethework.com/work/entries/hello-my-name-is-badalada-768536,/awards/eurobest/2025/campaigns/hello-my-name-is-badalada-a-b-2025/
Eurobest,2025,PR,Its Time To Stop ,A,B,C,https://ascentialcdn.filespin.io/api/v1/conversion/f957cb7d24664a7e9dbd91290c95d583,/awards/eurobest/2025/campaigns/its-time-to-stop-a-b-2025-6/
Eurobest,2025,PR,Her Final Search ,A,B,C,https://www.lovethework.com/work/entries/her-final-search-768372,/awards/eurobest/2025/campaigns/her-final-search-a-b-2025-3/
Eurobest,2025,PR,Starring Bars ,A,B,C,https://www.lovethework.com/work/entries/starring-bars-768503,/awards/eurobest/2025/campaigns/starring-bars-a-b-2025-12/
Eurobest,2025,PR,Speed Shields ,A,B,C,https://www.lovethework.com/work/entries/speed-shields-768678,/awards/eurobest/2025/campaigns/speed-shields-a-b-2025-5/
Eurobest,2025,PR,The Remco Reflex ,A,B,C,https://ascentialcdn.filespin.io/api/v1/conversion/144fc9ac1135439aa748f4d6cbd0af8c,/awards/eurobest/2025/campaigns/the-remco-reflex-a-b-2025-4/
Eurobest,2025,PR,Daisy Vs Scammers ,A,B,C,https://www.lovethework.com/work/entries/daisy-vs-scammers-768664,/awards/eurobest/2025/campaigns/daisy-vs-scammers-a-b-2025-2/
Eurobest,2025,PR,Speed Shields ,A,B,C,https://www.lovethework.com/work/entries/speed-shields-768671,/awards/eurobest/2025/campaigns/speed-shields-a-b-2025-6/
Eurobest,2025,PR,Its Time To Stop ,A,B,C,https://ascentialcdn.filespin.io/api/v1/conversion/f957cb7d24664a7e9dbd91290c95d583,/awards/eurobest/2025/campaigns/its-time-to-stop-a-b-2025-7/
Eurobest,2025,PR,The Kidney Pass ,A,B,C,https://ascentialcdn.filespin.io/api/v1/conversion/e6e5f93f64424f63a41dc5ccc8acf62c,/awards/eurobest/2025/campaigns/the-kidney-pass-a-b-2025-12/
Eurobest,2025,PR,Tiktok Timestamp ,A,B,C,https://www.lovethework.com/work/entries/tiktok-timestamp-768593,/awards/eurobest/2025/campaigns/tiktok-timestamp-a-b-2025-3/
Eurobest,2025,PR,The Kidney Pass ,A,B,C,https://ascentialcdn.filespin.io/api/v1/conversion/e6e5f93f64424f63a41dc5ccc8acf62c,/awards/eurobest/2025/campaigns/the-kidney-pass-a-b-2025-13/
Eurobest,2025,PR,Renault Unpatent ,A,B,C,https://www.lovethework.com/work/entries/renault-unpatent-769299,/awards/eurobest/2025/campaigns/renault-unpatent-a-b-2025-9/
Eurobest,2025,PR,The Parental Leave Mortgage ,A,B,C,https://ascentialcdn.filespin.io/api/v1/conversion/a8b9edfd44de47b893b950770030cf54,/awards/eurobest/2025/campaigns/the-parental-leave-mortgage-a-b-2025-12/
Eurobest,2025,PR,Axa Three Words ,A,B,C,https://www.lovethework.com/work/entries/axa-three-words-769192,/awards/eurobest/2025/campaigns/axa-three-words-a-b-2025-19/
Eurobest,2025,PR,Bumpboards ,A,B,C,https://ascentialcdn.filespin.io/api/v1/conversion/51f7223ae6f6484caace1b6d0e8df74c,/awards/eurobest/2025/campaigns/bumpboards-a-b-2025-7/
Eurobest,2025,PR,Her Final Search ,A,B,C,https://www.lovethework.com/work/entries/her-final-search-768611,/awards/eurobest/2025/campaigns/her-final-search-a-b-2025-4/
Eurobest,2025,PR,Axa Three Words ,A,B,C,https://www.lovethework.com/work/entries/axa-three-words-769155,/awards/eurobest/2025/campaigns/axa-three-words-a-b-2025-20/
Eurobest,2025,PR,The Final Copy Of Ilon Specht ,A,B,C,https://ascentialcdn.filespin.io/api/v1/conversion/e473fd5d6c3c439f9cf0731d5bf381fe,/awards/eurobest/2025/campaigns/the-final-copy-of-ilon-specht-a-b-2025-11/
Eurobest,2025,PR,Camdom ,A,B,C,https://www.lovethework.com/work/entries/camdom-768478,/awards/eurobest/2025/campaigns/camdom-a-b-2025-9/
Eurobest,2025,PR,Working With Cancer Screening Time Off ,A,B,C,https://www.lovethework.com/work/entries/working-with-cancer-screening-time-off-769214,/awards/eurobest/2025/campaigns/working-with-cancer-screening-time-off-a-b-2025-9/
Eurobest,2025,PR,The Final Copy Of Ilon Specht ,A,B,C,https://www.lovethework.com/work/entries/the-final-copy-of-ilon-specht-768468,/awards/eurobest/2025/campaigns/the-final-copy-of-ilon-specht-a-b-2025-12/
Eurobest,2025,PR,Dna Of Democracy The Most Democratic Ink ,A,B,C,https://www.lovethework.com/work/entries/dna-of-democracy-the-most-democratic-ink-768607,/awards/eurobest/2025/campaigns/dna-of-democracy-the-most-democratic-ink-a-b-2025/
Eurobest,2025,PR,The Mozart Drop ,A,B,C,https://www.lovethework.com/work/entries/the-mozart-drop-768639,/awards/eurobest/2025/campaigns/the-mozart-drop-a-b-2025-14/
Eurobest,2025,PR,My First Investment ,A,B,C,https://ascentialcdn.filespin.io/api/v1/conversion/5b53be55adbd43ba9ce80dc54340be57,/awards/eurobest/2025/campaigns/my-first-investment-a-b-2025-7/
Eurobest,2025,PR,The Stinky Bet ,A,B,C,https://www.lovethework.com/work/entries/the-stinky-bet-768570,/awards/eurobest/2025/campaigns/the-stinky-bet-a-b-2025/
Eurobest,2025,PR,Sweet Suspicion ,A,B,C,https://www.lovethework.com/work/entries/sweet-suspicion-769458,/awards/eurobest/2025/campaigns/sweet-suspicion-a-b-2025-2/
Eurobest,2025,PR,Future Starts Above ,A,B,C,https://ascentialcdn.filespin.io/api/v1/conversion/ee29060a6f9240978e1e03d3335359fa,/awards/eurobest/2025/campaigns/future-starts-above-a-b-2025/
Eurobest,2025,PR,Demining Cambodia ,A,B,C,https://www.lovethework.com/work/entries/demining-cambodia-768643,/awards/eurobest/2025/campaigns/demining-cambodia-a-b-2025-5/
Eurobest,2025,PR,Share The First ,A,B,C,https://www.lovethework.com/work/entries/share-the-first-768405,/awards/eurobest/2025/campaigns/share-the-first-a-b-2025-3/
Eurobest,2025,PR,Peg Ft You ,A,B,C,https://www.lovethework.com/work/entries/peg-ft-you-768578,/awards/eurobest/2025/campaigns/peg-ft-you-a-b-2025-6/
Eurobest,2025,PR,Mayo Exchange ,A,B,C,https://ascentialcdn.filespin.io/api/v1/conversion/135755f8a79f44f4b9f093e8ea1a17d9,/awards/eurobest/2025/campaigns/mayo-exchange-a-b-2025-6/
Eurobest,2025,PR,The No Home Jersey ,A,B,C,https://www.lovethework.com/work/entries/the-no-home-jersey-768561,/awards/eurobest/2025/campaigns/the-no-home-jersey-a-b-2025-2/
Eurobest,2025,PR,9 Volt Battery Flavor ,A,B,C,https://ascentialcdn.filespin.io/api/v1/conversion/5d31df93d85449099d71a71dfa4d1683,/awards/eurobest/2025/campaigns/9-volt-battery-flavor-a-b-2025-8/
Eurobest,2025,PR,Its Time To Stop ,A,B,C,https://ascentialcdn.filespin.io/api/v1/conversion/f957cb7d24664a7e9dbd91290c95d583,/awards/eurobest/2025/campaigns/its-time-to-stop-a-b-2025-8/
Eurobest,2025,PR,Starring Bars ,A,B,C,https://ascentialcdn.filespin.io/api/v1/conversion/6544f095e71a47a39d27334e2404e951,/awards/eurobest/2025/campaigns/starring-bars-a-b-2025-13/
Eurobest,2025,PR,9 Volt Battery Flavor ,A,B,C,https://ascentialcdn.filespin.io/api/v1/conversion/5d31df93d85449099d71a71dfa4d1683,/awards/eurobest/2025/campaigns/9-volt-battery-flavor-a-b-2025-9/
Eurobest,2025,PR,Renault Safety Car ,A,B,C,https://www.lovethework.com/work/entries/renault-safety-car-769132,/awards/eurobest/2025/campaigns/renault-safety-car-a-b-2025-8/
Eurobest,2025,PR,Envy My Bag ,A,B,C,https://ascentialcdn.filespin.io/api/v1/conversion/f3ea80b444754cb39f8a1ea223c5a2b4,/awards/eurobest/2025/campaigns/envy-my-bag-a-b-2025-2/
Eurobest,2025,PR,Tantrum Girl ,A,B,C,https://www.lovethework.com/work/entries/tantrum-girl-768523,/awards/eurobest/2025/campaigns/tantrum-girl-a-b-2025-6/
Eurobest,2025,PR,Upcycling For The Future ,A,B,C,https://www.lovethework.com/work/entries/upcycling-for-the-future-769237,/awards/eurobest/2025/campaigns/upcycling-for-the-future-a-b-2025-3/
Eurobest,2025,PR,Eau De Passion ,A,B,C,https://www.lovethework.com/work/entries/eau-de-passion-768626,/awards/eurobest/2025/campaigns/eau-de-passion-a-b-2025/
Eurobest,2025,PR,Hello My Name Is Badalada ,A,B,C,https://www.lovethework.com/work/entries/hello-my-name-is-badalada-769409,/awards/eurobest/2025/campaigns/hello-my-name-is-badalada-a-b-2025-2/
Eurobest,2025,PR,The Lost Art Of Cowboys ,A,B,C,https://www.lovethework.com/work/entries/the-lost-art-of-cowboys-768505,/awards/eurobest/2025/campaigns/the-lost-art-of-cowboys-a-b-2025/
Eurobest,2025,PR,The Remco Reflex ,A,B,C,https://ascentialcdn.filespin.io/api/v1/conversion/144fc9ac1135439aa748f4d6cbd0af8c,/awards/eurobest/2025/campaigns/the-remco-reflex-a-b-2025-5/
Eurobest,2025,PR,Unlocking The Game ,A,B,C,https://www.lovethework.com/work/entries/unlocking-the-game-769410,/awards/eurobest/2025/campaigns/unlocking-the-game-a-b-2025-19/
Eurobest,2025,PR,Squid Rave Hack ,A,B,C,https://www.lovethework.com/work/entries/squid-rave-hack-768510,/awards/eurobest/2025/campaigns/squid-rave-hack-a-b-2025-9/
Eurobest,2025,PR,Fedex X Uefa Champions League Walk Of Champions ,A,B,C,https://www.lovethework.com/work/entries/fedex-x-uefa-champions-league-walk-of-champions-769374,/awards/eurobest/2025/campaigns/fedex-x-uefa-champions-league-walk-of-champions-a-b-2025/
Eurobest,2025,PR,Dna Of Democracy The Most Democratic Ink ,A,B,C,https://www.lovethework.com/work/entries/dna-of-democracy-the-most-democratic-ink-768497,/awards/eurobest/2025/campaigns/dna-of-democracy-the-most-democratic-ink-a-b-2025-2/
Eurobest,2025,PR,The Parental Leave Mortgage ,A,B,C,https://ascentialcdn.filespin.io/api/v1/conversion/a8b9edfd44de47b893b950770030cf54,/awards/eurobest/2025/campaigns/the-parental-leave-mortgage-a-b-2025-13/
Eurobest,2025,PR,From A Crocodile To The Goat ,A,B,C,https://www.lovethework.com/work/entries/from-a-crocodile-to-the-goat-768615,/awards/eurobest/2025/campaigns/from-a-crocodile-to-the-goat-a-b-2025-5/
Eurobest,2025,PR,The Remco Reflex ,A,B,C,https://ascentialcdn.filespin.io/api/v1/conversion/144fc9ac1135439aa748f4d6cbd0af8c,/awards/eurobest/2025/campaigns/the-remco-reflex-a-b-2025-6/
Eurobest,2025,PR,Renault Safety Car ,A,B,C,https://www.lovethework.com/work/entries/renault-safety-car-769197,/awards/eurobest/2025/campaigns/renault-safety-car-a-b-2025-9/
Eurobest,2025,PR,Future Starts Above ,A,B,C,https://ascentialcdn.filespin.io/api/v1/conversion/ee29060a6f9240978e1e03d3335359fa,/awards/eurobest/2025/campaigns/future-starts-above-a-b-2025-2/
Eurobest,2025,PR,The Kidney Pass ,A,B,C,https://ascentialcdn.filespin.io/api/v1/conversion/e6e5f93f64424f63a41dc5ccc8acf62c,/awards/eurobest/2025/campaigns/the-kidney-pass-a-b-2025-14/
Eurobest,2025,PR,Hot Couture ,A,B,C,https://www.lovethework.com/work/entries/hot-couture-768620,/awards/eurobest/2025/campaigns/hot-couture-a-b-2025-3/
Eurobest,2025,PR,Free The Voices ,A,B,C,https://www.lovethework.com/work/entries/free-the-voices-768602,/awards/eurobest/2025/campaigns/free-the-voices-a-b-2025-9/
Eurobest,2025,PR,Tantrum Girl ,A,B,C,https://www.lovethework.com/work/entries/tantrum-girl-768688,/awards/eurobest/2025/campaigns/tantrum-girl-a-b-2025-7/
Eurobest,2025,PR,The Mozart Drop ,A,B,C,https://www.lovethework.com/work/entries/the-mozart-drop-768520,/awards/eurobest/2025/campaigns/the-mozart-drop-a-b-2025-15/
Eurobest,2025,PR,Renault Safety Car ,A,B,C,https://www.lovethework.com/work/entries/renault-safety-car-769221,/awards/eurobest/2025/campaigns/renault-safety-car-a-b-2025-10/
Eurobest,2025,PR,Findmykids Never Alone ,A,B,C,https://ascentialcdn.filespin.io/api/v1/conversion/1ffe0adb6fd441369654d068d4d21aad,/awards/eurobest/2025/campaigns/findmykids-never-alone-a-b-2025/
Eurobest,2025,PR,Working With Cancer Screening Time Off ,A,B,C,https://www.lovethework.com/work/entries/working-with-cancer-screening-time-off-769181,/awards/eurobest/2025/campaigns/working-with-cancer-screening-time-off-a-b-2025-10/
Eurobest,2025,PR,Brewed For Thought ,A,B,C,https://ascentialcdn.filespin.io/api/v1/conversion/6a62b83d94ba4373b1f40040d059ab8a,/awards/eurobest/2025/campaigns/brewed-for-thought-a-b-2025-3/
Eurobest,2025,PR,9 Volt Battery Flavor ,A,B,C,https://ascentialcdn.filespin.io/api/v1/conversion/5d31df93d85449099d71a71dfa4d1683,/awards/eurobest/2025/campaigns/9-volt-battery-flavor-a-b-2025-10/
Eurobest,2025,PR,Amsterdam Cleans Day ,A,B,C,https://ascentialcdn.filespin.io/api/v1/conversion/dfddee679a4542f0ac8c8d9275af7a8f,/awards/eurobest/2025/campaigns/amsterdam-cleans-day-a-b-2025-2/
Eurobest,2025,PR,Renault Unpatent ,A,B,C,https://www.lovethework.com/work/entries/renault-unpatent-769210,/awards/eurobest/2025/campaigns/renault-unpatent-a-b-2025-10/
Eurobest,2025,PR,The Anti Loneliness Policy ,A,B,C,https://www.lovethework.com/work/entries/the-anti-loneliness-policy-768684,/awards/eurobest/2025/campaigns/the-anti-loneliness-policy-a-b-2025-3/
Eurobest,2025,PR,The Stinky Bet ,A,B,C,https://www.lovethework.com/work/entries/the-stinky-bet-768522,/awards/eurobest/2025/campaigns/the-stinky-bet-a-b-2025-2/
Eurobest,2025,PR,The Mozart Drop ,A,B,C,https://www.lovethework.com/work/entries/the-mozart-drop-768299,/awards/eurobest/2025/campaigns/the-mozart-drop-a-b-2025-16/
Eurobest,2025,PR,My First Investment ,A,B,C,https://ascentialcdn.filespin.io/api/v1/conversion/5b53be55adbd43ba9ce80dc54340be57,/awards/eurobest/2025/campaigns/my-first-investment-a-b-2025-8/
Eurobest,2025,PR,The Mosaic ,A,B,C,https://www.lovethework.com/work/entries/the-mosaic-768492,/awards/eurobest/2025/campaigns/the-mosaic-a-b-2025-14/
Eurobest,2025,PR,The Slovak National Confession ,A,B,C,https://ascentialcdn.filespin.io/api/v1/conversion/74aef17ed8684b048fb7a35672120351,/awards/eurobest/2025/campaigns/the-slovak-national-confession-a-b-2025/
Eurobest,2025,PR,Sig Facing Bullying ,A,B,C,https://ascentialcdn.filespin.io/api/v1/conversion/c7bf0f1168064d67aab614cd55b49da3,/awards/eurobest/2025/campaigns/sig-facing-bullying-a-b-2025-8/
Eurobest,2025,PR,Caviar King ,A,B,C,https://www.lovethework.com/work/entries/caviar-king-768512,/awards/eurobest/2025/campaigns/caviar-king-a-b-2025-2/
Eurobest,2025,PR,Price Packs ,A,B,C,https://ascentialcdn.filespin.io/api/v1/conversion/67b6df2a0fe64deeb274c91d50040c54,/awards/eurobest/2025/campaigns/price-packs-a-b-2025-3/
Eurobest,2025,PR,From A Crocodile To The Goat ,A,B,C,https://www.lovethework.com/work/entries/from-a-crocodile-to-the-goat-768485,/awards/eurobest/2025/campaigns/from-a-crocodile-to-the-goat-a-b-2025-6/
Eurobest,2025,PR,The Anti Loneliness Policy ,A,B,C,https://www.lovethework.com/work/entries/the-anti-loneliness-policy-768553,/awards/eurobest/2025/campaigns/the-anti-loneliness-policy-a-b-2025-4/
Eurobest,2025,PR,Price Packs ,A,B,C,https://ascentialcdn.filespin.io/api/v1/conversion/67b6df2a0fe64deeb274c91d50040c54,/awards/eurobest/2025/campaigns/price-packs-a-b-2025-4/
Eurobest,2025,PR,Pub Succession ,A,B,C,https://ascentialcdn.filespin.io/api/v1/conversion/a8d4e72bb1ce47508dcea8db73d16b01,/awards/eurobest/2025/campaigns/pub-succession-a-b-2025-15/
Eurobest,2025,PR,Future Starts Above ,A,B,C,https://ascentialcdn.filespin.io/api/v1/conversion/ee29060a6f9240978e1e03d3335359fa,/awards/eurobest/2025/campaigns/future-starts-above-a-b-2025-3/
Eurobest,2025,PR,You Look A Lidl Like Paul ,A,B,C,https://ascentialcdn.filespin.io/api/v1/conversion/fc73d8d95e844c528226035239960fba,/awards/eurobest/2025/campaigns/you-look-a-lidl-like-paul-a-b-2025-3/
Eurobest,2025,PR,Dna Of Democracy The Most Democratic Ink ,A,B,C,https://www.lovethework.com/work/entries/dna-of-democracy-the-most-democratic-ink-768362,/awards/eurobest/2025/campaigns/dna-of-democracy-the-most-democratic-ink-a-b-2025-3/
Eurobest,2025,PR,Unlocking The Game ,A,B,C,https://www.lovethework.com/work/entries/unlocking-the-game-768632,/awards/eurobest/2025/campaigns/unlocking-the-game-a-b-2025-20/
Eurobest,2025,PR,Pub Succession ,A,B,C,https://ascentialcdn.filespin.io/api/v1/conversion/a8d4e72bb1ce47508dcea8db73d16b01,/awards/eurobest/2025/campaigns/pub-succession-a-b-2025-16/
Eurobest,2025,PR,Marino Uriel The Unforgettable Legend ,A,B,C,https://www.lovethework.com/work/entries/marino-uriel-the-unforgettable-legend-768662,/awards/eurobest/2025/campaigns/marino-uriel-the-unforgettable-legend-a-b-2025-4/
Eurobest,2025,PR,Working With Cancer Screening Time Off ,A,B,C,https://www.lovethework.com/work/entries/working-with-cancer-screening-time-off-769284,/awards/eurobest/2025/campaigns/working-with-cancer-screening-time-off-a-b-2025-11/
Eurobest,2025,PR,Flush The Hate ,A,B,C,https://ascentialcdn.filespin.io/api/v1/conversion/b75642152e2c45be9ee3806d638eb9ed,/awards/eurobest/2025/campaigns/flush-the-hate-a-b-2025-4/
Eurobest,2025,PR,Doggy Route To Happiness ,A,B,C,https://ascentialcdn.filespin.io/api/v1/conversion/e94a99f700f648859cf156db9117c857,/awards/eurobest/2025/campaigns/doggy-route-to-happiness-a-b-2025/
Eurobest,2025,PR,Share The First ,A,B,C,https://www.lovethework.com/work/entries/share-the-first-768642,/awards/eurobest/2025/campaigns/share-the-first-a-b-2025-4/
Eurobest,2025,PR,Encore Hours ,A,B,C,https://www.lovethework.com/work/entries/encore-hours-768595,/awards/eurobest/2025/campaigns/encore-hours-a-b-2025-4/
Eurobest,2025,PR,Unlocking The Game ,A,B,C,https://www.lovethework.com/work/entries/unlocking-the-game-768545,/awards/eurobest/2025/campaigns/unlocking-the-game-a-b-2025-21/
Eurobest,2025,PR,Free The Voices ,A,B,C,https://www.lovethework.com/work/entries/free-the-voices-768651,/awards/eurobest/2025/campaigns/free-the-voices-a-b-2025-10/
Eurobest,2025,PR,Hot Couture ,A,B,C,https://www.lovethework.com/work/entries/hot-couture-768657,/awards/eurobest/2025/campaigns/hot-couture-a-b-2025-4/
Eurobest,2025,PR,New Boundaries Telling The Story You Usually Dont See ,A,B,C,https://ascentialcdn.filespin.io/api/v1/conversion/b1d2e1f422254aee81b6ed25b042e0b8,/awards/eurobest/2025/campaigns/new-boundaries-telling-the-story-you-usually-dont-see-a-b-2025-2/
Eurobest,2025,PR,The Mosaic ,A,B,C,https://www.lovethework.com/work/entries/the-mosaic-768685,/awards/eurobest/2025/campaigns/the-mosaic-a-b-2025-15/
Eurobest,2025,PR,Future Signatures ,A,B,C,https://www.lovethework.com/work/entries/future-signatures-768565,/awards/eurobest/2025/campaigns/future-signatures-a-b-2025-6/
Eurobest,2025,PR,Life Quality Insurance ,A,B,C,https://ascentialcdn.filespin.io/api/v1/conversion/b1496fa749f64107b95e694dad4ea642,/awards/eurobest/2025/campaigns/life-quality-insurance-a-b-2025/
Eurobest,2025,PR,Future Signatures ,A,B,C,https://www.lovethework.com/work/entries/future-signatures-768621,/awards/eurobest/2025/campaigns/future-signatures-a-b-2025-7/
Eurobest,2025,PR,Sig Facing Bullying ,A,B,C,https://www.lovethework.com/work/entries/sig-facing-bullying-769439,/awards/eurobest/2025/campaigns/sig-facing-bullying-a-b-2025-9/
Eurobest,2025,PR,Unwelcome Home ,A,B,C,https://ascentialcdn.filespin.io/api/v1/conversion/1e4d73f9278c46bb916b76f6b84dc33c,/awards/eurobest/2025/campaigns/unwelcome-home-a-b-2025-3/
Eurobest,2025,PR,Daisy Vs Scammers ,A,B,C,https://www.lovethework.com/work/entries/daisy-vs-scammers-768508,/awards/eurobest/2025/campaigns/daisy-vs-scammers-a-b-2025-3/
Eurobest,2025,PR,The Lost Art Of Cowboys ,A,B,C,https://www.lovethework.com/work/entries/the-lost-art-of-cowboys-768597,/awards/eurobest/2025/campaigns/the-lost-art-of-cowboys-a-b-2025-2/
Eurobest,2025,PR,Ghost Town ,A,B,C,https://ascentialcdn.filespin.io/api/v1/conversion/09a132bc65444615bf5a8d9e6e822733,/awards/eurobest/2025/campaigns/ghost-town-a-b-2025-11/
Eurobest,2025,PR,Share The First ,A,B,C,https://www.lovethework.com/work/entries/share-the-first-768587,/awards/eurobest/2025/campaigns/share-the-first-a-b-2025-5/
Eurobest,2025,PR,La Tassa Sa ,A,B,C,https://www.lovethework.com/work/entries/la-tassa-sa-768640,/awards/eurobest/2025/campaigns/la-tassa-sa-a-b-2025/
Eurobest,2025,PR,Renault Unpatent ,A,B,C,https://www.lovethework.com/work/entries/renault-unpatent-769140,/awards/eurobest/2025/campaigns/renault-unpatent-a-b-2025-11/
Eurobest,2025,PR,Eau De Passion ,A,B,C,https://www.lovethework.com/work/entries/eau-de-passion-768575,/awards/eurobest/2025/campaigns/eau-de-passion-a-b-2025-2/
Eurobest,2025,PR,The Wedding Rice ,A,B,C,https://www.lovethework.com/work/entries/the-wedding-rice-768336,/awards/eurobest/2025/campaigns/the-wedding-rice-a-b-2025-4/
Eurobest,2025,PR,Rival Burger We Do It Better ,A,B,C,https://ascentialcdn.filespin.io/api/v1/conversion/3112c5be3bb04cf595bfc6619b93196c,/awards/eurobest/2025/campaigns/rival-burger-we-do-it-better-a-b-2025/
Eurobest,2025,PR,Sig Facing Bullying ,A,B,C,https://ascentialcdn.filespin.io/api/v1/conversion/c7bf0f1168064d67aab614cd55b49da3,/awards/eurobest/2025/campaigns/sig-facing-bullying-a-b-2025-10/
Eurobest,2025,PR,The Bachelor Ukraine S13 Love Is Worth Everything ,A,B,C,https://www.lovethework.com/work/entries/the-bachelor-ukraine-s13-love-is-worth-everything-769145,/awards/eurobest/2025/campaigns/the-bachelor-ukraine-s13-love-is-worth-everything-a-b-2025/
Eurobest,2025,PRINT & PUBLISHING,Behind The Logo ,A,B,C,https://ascentialcdn.filespin.io/api/v1/conversion/924874f044b74e9c8bc75120a0ab253a,/awards/eurobest/2025/campaigns/behind-the-logo-a-b-2025-2/
Eurobest,2025,PRINT & PUBLISHING,Street ,A,B,C,https://ascentialcdn.filespin.io/api/v1/conversion/1d6b4cb3e726479c8a6b03da24a5d79e,/awards/eurobest/2025/campaigns/street-a-b-2025-4/
Eurobest,2025,PRINT & PUBLISHING,Crowd ,A,B,C,https://ascentialcdn.filespin.io/api/v1/conversion/f6a6e5cb949d4b8fa071221329aa94bf,/awards/eurobest/2025/campaigns/crowd-a-b-2025-2/
Eurobest,2025,PRINT & PUBLISHING,Public Transport ,A,B,C,https://ascentialcdn.filespin.io/api/v1/conversion/5faffc268ac047f7a20b5bf0e2fb5e1a,/awards/eurobest/2025/campaigns/public-transport-a-b-2025-2/
Eurobest,2025,PRINT & PUBLISHING,Good Night Gaza ,A,B,C,https://ascentialcdn.filespin.io/api/v1/conversion/dc7dbd0f2dff40d0b7308c6e511d899d,/awards/eurobest/2025/campaigns/good-night-gaza-a-b-2025-2/
Eurobest,2025,PRINT & PUBLISHING,Ikea Made For Life ,A,B,C,https://www.lovethework.com/work/entries/ikea-made-for-life-769142,/awards/eurobest/2025/campaigns/ikea-made-for-life-a-b-2025-3/
Eurobest,2025,PRINT & PUBLISHING,History Outnumbered ,A,B,C,https://www.lovethework.com/work/entries/history-outnumbered-767776,/awards/eurobest/2025/campaigns/history-outnumbered-a-b-2025/
Eurobest,2025,PRINT & PUBLISHING,Lets End Fast Tech ,A,B,C,https://ascentialcdn.filespin.io/api/v1/conversion/4b6d290787c846328e4981e564bdd7f9,/awards/eurobest/2025/campaigns/lets-end-fast-tech-a-b-2025-5/
Eurobest,2025,PRINT & PUBLISHING,Here Comes The Shade ,A,B,C,https://ascentialcdn.filespin.io/api/v1/conversion/2b740537e71c47278e770a3cd523f452,/awards/eurobest/2025/campaigns/here-comes-the-shade-a-b-2025/
Eurobest,2025,PRINT & PUBLISHING,A Decision Was Made Here ,A,B,C,https://ascentialcdn.filespin.io/api/v1/conversion/8259e9f64250489b89a7482c4dd9766f,/awards/eurobest/2025/campaigns/a-decision-was-made-here-a-b-2025/
Eurobest,2025,PRINT & PUBLISHING,Rhne Glacier ,A,B,C,https://ascentialcdn.filespin.io/api/v1/conversion/4b6d290787c846328e4981e564bdd7f9,/awards/eurobest/2025/campaigns/rhne-glacier-a-b-2025/
Eurobest,2025,PRINT & PUBLISHING,Pubic Service Announcement ,A,B,C,https://www.lovethework.com/work/entries/pubic-service-announcement-769152,/awards/eurobest/2025/campaigns/pubic-service-announcement-a-b-2025-6/
Eurobest,2025,PRINT & PUBLISHING,Lone Rock Beach ,A,B,C,https://ascentialcdn.filespin.io/api/v1/conversion/e94c93532fe449dcb906374db4235a23,/awards/eurobest/2025/campaigns/lone-rock-beach-a-b-2025/
Eurobest,2025,PRINT & PUBLISHING,Briksdalsbreen Glacier ,A,B,C,https://ascentialcdn.filespin.io/api/v1/conversion/fbebe1aaec80457b98395a180172c779,/awards/eurobest/2025/campaigns/briksdalsbreen-glacier-a-b-2025/
Eurobest,2025,PRINT & PUBLISHING,Khan Yunis ,A,B,C,https://ascentialcdn.filespin.io/api/v1/conversion/fb563e17451742f8ba24f0e65da868a6,/awards/eurobest/2025/campaigns/khan-yunis-a-b-2025-2/
Eurobest,2025,PRINT & PUBLISHING,Turmus Ayya ,A,B,C,https://ascentialcdn.filespin.io/api/v1/conversion/924874f044b74e9c8bc75120a0ab253a,/awards/eurobest/2025/campaigns/turmus-ayya-a-b-2025-2/
Eurobest,2025,PRINT & PUBLISHING,Bored Cam 3 ,A,B,C,https://ascentialcdn.filespin.io/api/v1/conversion/6b0abf2fc5cf469ba2cc857da3eb47c9,/awards/eurobest/2025/campaigns/bored-cam-3-a-b-2025-3/
Eurobest,2025,PRINT & PUBLISHING,Toilet Paper ,A,B,C,https://ascentialcdn.filespin.io/api/v1/conversion/958140e6faf3428590c28fa56056c9b0,/awards/eurobest/2025/campaigns/toilet-paper-a-b-2025-2/
Eurobest,2025,PRINT & PUBLISHING,The Great Homecoming March Gaza ,A,B,C,https://ascentialcdn.filespin.io/api/v1/conversion/cb228c9b7b9347f9a928d2004ca2af40,/awards/eurobest/2025/campaigns/the-great-homecoming-march-gaza-a-b-2025-2/
Eurobest,2025,PRINT & PUBLISHING,Masterchef ,A,B,C,https://ascentialcdn.filespin.io/api/v1/conversion/2de5fe93d4d84b5daf77d163fef11beb,/awards/eurobest/2025/campaigns/masterchef-a-b-2025/
Eurobest,2025,PRINT & PUBLISHING,Bored Cam 1 ,A,B,C,https://ascentialcdn.filespin.io/api/v1/conversion/5307ccdd18d5448b856deaf0abaa4e6d,/awards/eurobest/2025/campaigns/bored-cam-1-a-b-2025-3/
Eurobest,2025,PRINT & PUBLISHING,Wall ,A,B,C,https://ascentialcdn.filespin.io/api/v1/conversion/d243db1ce4b842e491ca82071af81542,/awards/eurobest/2025/campaigns/wall-a-b-2025/
Eurobest,2025,PRINT & PUBLISHING,Concrete ,A,B,C,https://ascentialcdn.filespin.io/api/v1/conversion/59359766c5ea43a3b53391758e6f197e,/awards/eurobest/2025/campaigns/concrete-a-b-2025-3/
Eurobest,2025,PRINT & PUBLISHING,Call Of Booty ,A,B,C,https://ascentialcdn.filespin.io/api/v1/conversion/b437ad3bd8ff4345a1eacbaf9abb0616,/awards/eurobest/2025/campaigns/call-of-booty-a-b-2025/
Eurobest,2025,PRINT & PUBLISHING,Priceless Diagrams ,A,B,C,https://ascentialcdn.filespin.io/api/v1/conversion/ee6f67d5c95e42378b6d9fa1496c47b5,/awards/eurobest/2025/campaigns/priceless-diagrams-a-b-2025-4/
Eurobest,2025,PRINT & PUBLISHING,Healthy Soil Nourishes Us All ,A,B,C,https://ascentialcdn.filespin.io/api/v1/conversion/98d9a3c9a98d43bd8d0d5acc53393bbd,/awards/eurobest/2025/campaigns/healthy-soil-nourishes-us-all-a-b-2025/
Eurobest,2025,PRINT & PUBLISHING,Picky ,A,B,C,https://ascentialcdn.filespin.io/api/v1/conversion/348332c52cfe4054a1a9525e5b046518,/awards/eurobest/2025/campaigns/picky-a-b-2025-3/
Eurobest,2025,PRINT & PUBLISHING,Main Valve ,A,B,C,https://ascentialcdn.filespin.io/api/v1/conversion/7fda2a5d4e5f4cfda30411b52298c4ae,/awards/eurobest/2025/campaigns/main-valve-a-b-2025-3/
Eurobest,2025,PRINT & PUBLISHING,The Biggest Loser ,A,B,C,https://ascentialcdn.filespin.io/api/v1/conversion/926327e9b070400cb4d7eb71a8e6ca43,/awards/eurobest/2025/campaigns/the-biggest-loser-a-b-2025/
Eurobest,2025,PRINT & PUBLISHING,Shooting ,A,B,C,https://ascentialcdn.filespin.io/api/v1/conversion/d2ce40668c2241c6b166c515139f2b2f,/awards/eurobest/2025/campaigns/shooting-a-b-2025-3/
Eurobest,2025,PRINT & PUBLISHING,Remixes ,A,B,C,https://ascentialcdn.filespin.io/api/v1/conversion/d3530709d0884ffbbfb600547367a02e,/awards/eurobest/2025/campaigns/remixes-a-b-2025/
Eurobest,2025,PRINT & PUBLISHING,Lets End Fast Tech ,A,B,C,https://ascentialcdn.filespin.io/api/v1/conversion/4b6d290787c846328e4981e564bdd7f9,/awards/eurobest/2025/campaigns/lets-end-fast-tech-a-b-2025-6/
Eurobest,2025,PRINT & PUBLISHING,Too Short ,A,B,C,https://ascentialcdn.filespin.io/api/v1/conversion/7b98baed76394fe68f6f964bb0e3ebac,/awards/eurobest/2025/campaigns/too-short-a-b-2025-3/
Eurobest,2025,PRINT & PUBLISHING,The Apprentice ,A,B,C,https://ascentialcdn.filespin.io/api/v1/conversion/65de6e49dfee4d45b1815e5adb2c0de9,/awards/eurobest/2025/campaigns/the-apprentice-a-b-2025/
Eurobest,2025,PRINT & PUBLISHING,Abcs Of Media Literacy ,A,B,C,https://ascentialcdn.filespin.io/api/v1/conversion/9fd4f9a6cd454cc79609c80c330d9530,/awards/eurobest/2025/campaigns/abcs-of-media-literacy-a-b-2025/
Eurobest,2025,PRINT & PUBLISHING,Not All Read Dn ,A,B,C,https://ascentialcdn.filespin.io/api/v1/conversion/b2706a59228148d083b98c1699837014,/awards/eurobest/2025/campaigns/not-all-read-dn-a-b-2025-2/
Eurobest,2025,PRINT & PUBLISHING,Hope ,A,B,C,https://ascentialcdn.filespin.io/api/v1/conversion/1196e4c80c914bae868d4af66ce686e8,/awards/eurobest/2025/campaigns/hope-a-b-2025-3/
Eurobest,2025,PRINT & PUBLISHING,Ikea Made For Life ,A,B,C,https://www.lovethework.com/work/entries/ikea-made-for-life-769128,/awards/eurobest/2025/campaigns/ikea-made-for-life-a-b-2025-4/
Eurobest,2025,PRINT & PUBLISHING,Marches ,A,B,C,https://ascentialcdn.filespin.io/api/v1/conversion/26dfb272b35649018c369c100702a7c1,/awards/eurobest/2025/campaigns/marches-a-b-2025-3/
Eurobest,2025,PRINT & PUBLISHING,Riding Is The New Driving ,A,B,C,https://ascentialcdn.filespin.io/api/v1/conversion/bf0492c0a8904766b6ebd3b358f5f0b6,/awards/eurobest/2025/campaigns/riding-is-the-new-driving-a-b-2025-9/
Eurobest,2025,PRINT & PUBLISHING,Paradise Hotel ,A,B,C,https://ascentialcdn.filespin.io/api/v1/conversion/92fab8fd75a04acca02107055be9a7cd,/awards/eurobest/2025/campaigns/paradise-hotel-a-b-2025/
Eurobest,2025,PRINT & PUBLISHING,Pubic Service Announcement ,A,B,C,https://www.lovethework.com/work/entries/pubic-service-announcement-769167,/awards/eurobest/2025/campaigns/pubic-service-announcement-a-b-2025-7/
Eurobest,2025,PRINT & PUBLISHING,Bored Cam 2 ,A,B,C,https://ascentialcdn.filespin.io/api/v1/conversion/105bf4f765754617b0e8b1c6f47e916e,/awards/eurobest/2025/campaigns/bored-cam-2-a-b-2025-3/
Eurobest,2025,PRINT & PUBLISHING,The Valentines Text ,A,B,C,https://ascentialcdn.filespin.io/api/v1/conversion/dbbbe74b150541068de9b8263cf35403,/awards/eurobest/2025/campaigns/the-valentines-text-a-b-2025/
Eurobest,2025,PRINT & PUBLISHING,Some Live To Travel Others Travel To Live ,A,B,C,https://ascentialcdn.filespin.io/api/v1/conversion/9c63373c681f400db1b03b29deff7bb9,/awards/eurobest/2025/campaigns/some-live-to-travel-others-travel-to-live-a-b-2025/
Eurobest,2025,PRINT & PUBLISHING,Church Of Sweden The Brand Guidelines Bible ,A,B,C,https://ascentialcdn.filespin.io/api/v1/conversion/dda0f34a9daa47d9b5280c5df0259bad,/awards/eurobest/2025/campaigns/church-of-sweden-the-brand-guidelines-bible-a-b-2025/
Eurobest,2025,PRINT & PUBLISHING,Signs Of The Times ,A,B,C,https://ascentialcdn.filespin.io/api/v1/conversion/eb82e5e3143d4fa6bb7c5d14b4a6036c,/awards/eurobest/2025/campaigns/signs-of-the-times-a-b-2025-4/
Eurobest,2025,PRINT & PUBLISHING,The Faroe Islands Space Program ,A,B,C,https://ascentialcdn.filespin.io/api/v1/conversion/b513b7f197c6495d99306cd5ad948ead,/awards/eurobest/2025/campaigns/the-faroe-islands-space-program-a-b-2025-11/
Eurobest,2025,PRINT & PUBLISHING,Mornings ,A,B,C,https://ascentialcdn.filespin.io/api/v1/conversion/5db093d7d3fd44a582abd572c51b8416,/awards/eurobest/2025/campaigns/mornings-a-b-2025-3/
Eurobest,2025,PRINT & PUBLISHING,The Amazing Race ,A,B,C,https://ascentialcdn.filespin.io/api/v1/conversion/500cb8ede2124a208da91e4409fcb05a,/awards/eurobest/2025/campaigns/the-amazing-race-a-b-2025/
Eurobest,2025,PRINT & PUBLISHING,Some Live To Travel Others Travel To Live ,A,B,C,https://ascentialcdn.filespin.io/api/v1/conversion/fb413c11d3824ec7be9e2e87db6c809d,/awards/eurobest/2025/campaigns/some-live-to-travel-others-travel-to-live-a-b-2025-2/
Eurobest,2025,PRINT & PUBLISHING,Kitkat Phone Break ,A,B,C,https://ascentialcdn.filespin.io/api/v1/conversion/cdaecd8ed35644a3a59083fc2cb32ce8,/awards/eurobest/2025/campaigns/kitkat-phone-break-a-b-2025-7/
Eurobest,2025,PRINT & PUBLISHING,Bananas ,A,B,C,https://ascentialcdn.filespin.io/api/v1/conversion/541950c5b0cc422a8e19f4e5dd90ec9b,/awards/eurobest/2025/campaigns/bananas-a-b-2025-2/
Eurobest,2025,PRINT & PUBLISHING,Signatures Against Signatures ,A,B,C,https://www.lovethework.com/work/entries/signatures-against-signatures-767842,/awards/eurobest/2025/campaigns/signatures-against-signatures-a-b-2025-6/
Eurobest,2025,PRINT & PUBLISHING,The Holocaust The Holocaust The Holocaust ,A,B,C,https://ascentialcdn.filespin.io/api/v1/conversion/47323d1e55c04cbd8f9f2d6c342fe740,/awards/eurobest/2025/campaigns/the-holocaust-the-holocaust-the-holocaust-a-b-2025-3/
Eurobest,2025,PRINT & PUBLISHING,Torture ,A,B,C,https://ascentialcdn.filespin.io/api/v1/conversion/9518a661cfdd465bab5cd4974078ee3b,/awards/eurobest/2025/campaigns/torture-a-b-2025-3/
Eurobest,2025,PRINT & PUBLISHING,Equal Pay 1954 2024 ,A,B,C,https://ascentialcdn.filespin.io/api/v1/conversion/eb82e5e3143d4fa6bb7c5d14b4a6036c,/awards/eurobest/2025/campaigns/equal-pay-1954-2024-a-b-2025-2/
Eurobest,2025,PRINT & PUBLISHING,The Valentines Text ,A,B,C,https://ascentialcdn.filespin.io/api/v1/conversion/281f2e013f1045eebc373e0593c7e061,/awards/eurobest/2025/campaigns/the-valentines-text-a-b-2025-2/
Eurobest,2025,PRINT & PUBLISHING,Likes ,A,B,C,https://ascentialcdn.filespin.io/api/v1/conversion/7e3d01003af042b1a5539fd75a0705dd,/awards/eurobest/2025/campaigns/likes-a-b-2025-3/
Eurobest,2025,PRINT & PUBLISHING,Ikea Beach Bag ,A,B,C,https://ascentialcdn.filespin.io/api/v1/conversion/4a5f2638175745a79335a4766d79ed51,/awards/eurobest/2025/campaigns/ikea-beach-bag-a-b-2025/
Eurobest,2025,PRINT & PUBLISHING,Welcome After Closing Time ,A,B,C,https://ascentialcdn.filespin.io/api/v1/conversion/97f50ab71c6a4c18b34a3195c8dd61c5,/awards/eurobest/2025/campaigns/welcome-after-closing-time-a-b-2025-2/
Eurobest,2025,PRINT & PUBLISHING,Bread ,A,B,C,https://ascentialcdn.filespin.io/api/v1/conversion/fd392bfe767045898543ff5607dfcd1c,/awards/eurobest/2025/campaigns/bread-a-b-2025-2/
Eurobest,2025,PRINT & PUBLISHING,Mass Grave ,A,B,C,https://ascentialcdn.filespin.io/api/v1/conversion/a978cda500a94c5cb482372d0e31263f,/awards/eurobest/2025/campaigns/mass-grave-a-b-2025-3/
Eurobest,2025,PRINT & PUBLISHING,Kitkat Phone Break ,A,B,C,https://www.lovethework.com/work/entries/kitkat-phone-break-767742,/awards/eurobest/2025/campaigns/kitkat-phone-break-a-b-2025-8/
Eurobest,2025,PRINT & PUBLISHING,Kitkat Phone Break ,A,B,C,https://www.lovethework.com/work/entries/kitkat-phone-break-767875,/awards/eurobest/2025/campaigns/kitkat-phone-break-a-b-2025-9/
Eurobest,2025,PRINT & PUBLISHING,Pubic Service Announcement ,A,B,C,https://ascentialcdn.filespin.io/api/v1/conversion/0f9cebe4ebbb43218dfa6a72a0ba80b1,/awards/eurobest/2025/campaigns/pubic-service-announcement-a-b-2025-8/
Eurobest,2025,PRINT & PUBLISHING,Not Every Smile Starts As A Smile ,A,B,C,https://ascentialcdn.filespin.io/api/v1/conversion/5805db2ebe284ac2971597d1c3ff0fae,/awards/eurobest/2025/campaigns/not-every-smile-starts-as-a-smile-a-b-2025-3/
Eurobest,2025,PRINT & PUBLISHING,Stop Violence 1980 2016 ,A,B,C,https://ascentialcdn.filespin.io/api/v1/conversion/2039cabbf98146d5ba33cc340328a06a,/awards/eurobest/2025/campaigns/stop-violence-1980-2016-a-b-2025/
Eurobest,2025,PRINT & PUBLISHING,The Routine Effect ,A,B,C,https://ascentialcdn.filespin.io/api/v1/conversion/1416ac9f99e1439e9d31999064e2f09f,/awards/eurobest/2025/campaigns/the-routine-effect-a-b-2025-3/
Eurobest,2025,PRINT & PUBLISHING,Signatures Against Signatures ,A,B,C,https://ascentialcdn.filespin.io/api/v1/conversion/ab4bfff0c19043fab8988b2a5ebfcf3a,/awards/eurobest/2025/campaigns/signatures-against-signatures-a-b-2025-7/
Eurobest,2025,PRINT & PUBLISHING,Lets End Fast Tech ,A,B,C,https://ascentialcdn.filespin.io/api/v1/conversion/4b6d290787c846328e4981e564bdd7f9,/awards/eurobest/2025/campaigns/lets-end-fast-tech-a-b-2025-7/
Eurobest,2025,PRINT & PUBLISHING,Some Live To Travel Others Travel To Live ,A,B,C,https://ascentialcdn.filespin.io/api/v1/conversion/9c63373c681f400db1b03b29deff7bb9,/awards/eurobest/2025/campaigns/some-live-to-travel-others-travel-to-live-a-b-2025-3/
Eurobest,2025,PRINT & PUBLISHING,Silicone ,A,B,C,https://ascentialcdn.filespin.io/api/v1/conversion/5d40c848291d486bb0ceae227922bfff,/awards/eurobest/2025/campaigns/silicone-a-b-2025-3/
Eurobest,2025,PRINT & PUBLISHING,The Forbidden Times ,A,B,C,https://www.lovethework.com/work/entries/the-forbidden-times-767786,/awards/eurobest/2025/campaigns/the-forbidden-times-a-b-2025-3/
Eurobest,2025,SOCIAL & CREATOR,Burger To King ,A,B,C,https://ascentialcdn.filespin.io/api/v1/conversion/3ebd51dbe44f4d998f3b1f51b83437ce,/awards/eurobest/2025/campaigns/burger-to-king-a-b-2025-11/
Eurobest,2025,SOCIAL & CREATOR,Lynx With Catnip ,A,B,C,https://www.lovethework.com/work/entries/lynx-with-catnip-768047,/awards/eurobest/2025/campaigns/lynx-with-catnip-a-b-2025-7/
Eurobest,2025,SOCIAL & CREATOR,Just Give A Fck ,A,B,C,https://www.lovethework.com/work/entries/just-give-a-fck-767958,/awards/eurobest/2025/campaigns/just-give-a-fck-a-b-2025-3/
Eurobest,2025,SOCIAL & CREATOR,Guao Guao ,A,B,C,https://www.lovethework.com/work/entries/guao-guao-767952,/awards/eurobest/2025/campaigns/guao-guao-a-b-2025-12/
Eurobest,2025,SOCIAL & CREATOR,Better Late Than Never ,A,B,C,https://www.lovethework.com/work/entries/better-late-than-never-768066,/awards/eurobest/2025/campaigns/better-late-than-never-a-b-2025-3/
Eurobest,2025,SOCIAL & CREATOR,Share The First ,A,B,C,https://www.lovethework.com/work/entries/share-the-first-768041,/awards/eurobest/2025/campaigns/share-the-first-a-b-2025-6/
Eurobest,2025,SOCIAL & CREATOR,The Flipper ,A,B,C,https://www.lovethework.com/work/entries/the-flipper-768067,/awards/eurobest/2025/campaigns/the-flipper-a-b-2025-6/
Eurobest,2025,SOCIAL & CREATOR,Harmoniser ,A,B,C,https://www.lovethework.com/work/entries/harmoniser-768092,/awards/eurobest/2025/campaigns/harmoniser-a-b-2025-10/
Eurobest,2025,SOCIAL & CREATOR,Redditor Edit ,A,B,C,https://www.lovethework.com/work/entries/redditor-edit-767913,/awards/eurobest/2025/campaigns/redditor-edit-a-b-2025/
Eurobest,2025,SOCIAL & CREATOR,Renault Recruitment Race ,A,B,C,https://ascentialcdn.filespin.io/api/v1/conversion/82a908056a56492982609644980ee3cd,/awards/eurobest/2025/campaigns/renault-recruitment-race-a-b-2025-6/
Eurobest,2025,SOCIAL & CREATOR,Burger To King ,A,B,C,https://ascentialcdn.filespin.io/api/v1/conversion/3ebd51dbe44f4d998f3b1f51b83437ce,/awards/eurobest/2025/campaigns/burger-to-king-a-b-2025-12/
Eurobest,2025,SOCIAL & CREATOR,Lets End Fast Tech ,A,B,C,https://ascentialcdn.filespin.io/api/v1/conversion/4b6d290787c846328e4981e564bdd7f9,/awards/eurobest/2025/campaigns/lets-end-fast-tech-a-b-2025-8/
Eurobest,2025,SOCIAL & CREATOR,The Stinky Bet ,A,B,C,https://www.lovethework.com/work/entries/the-stinky-bet-768057,/awards/eurobest/2025/campaigns/the-stinky-bet-a-b-2025-3/
Eurobest,2025,SOCIAL & CREATOR,Redditor Edit ,A,B,C,https://www.lovethework.com/work/entries/redditor-edit-768037,/awards/eurobest/2025/campaigns/redditor-edit-a-b-2025-2/
Eurobest,2025,SOCIAL & CREATOR,Orange Paralympics ,A,B,C,https://www.lovethework.com/work/entries/orange-paralympics-769293,/awards/eurobest/2025/campaigns/orange-paralympics-a-b-2025-8/
Eurobest,2025,SOCIAL & CREATOR,Orange Paralympics ,A,B,C,https://www.lovethework.com/work/entries/orange-paralympics-769125,/awards/eurobest/2025/campaigns/orange-paralympics-a-b-2025-9/
Eurobest,2025,SOCIAL & CREATOR,The Techno Train ,A,B,C,https://ascentialcdn.filespin.io/api/v1/conversion/9f2c2b45e7a444158b808506c7fa8abc,/awards/eurobest/2025/campaigns/the-techno-train-a-b-2025-4/
Eurobest,2025,SOCIAL & CREATOR,Share The First ,A,B,C,https://www.lovethework.com/work/entries/share-the-first-767897,/awards/eurobest/2025/campaigns/share-the-first-a-b-2025-7/
Eurobest,2025,SOCIAL & CREATOR,Lets End Fast Tech ,A,B,C,https://ascentialcdn.filespin.io/api/v1/conversion/4b6d290787c846328e4981e564bdd7f9,/awards/eurobest/2025/campaigns/lets-end-fast-tech-a-b-2025-9/
Eurobest,2025,SOCIAL & CREATOR,Share The First ,A,B,C,https://www.lovethework.com/work/entries/share-the-first-767904,/awards/eurobest/2025/campaigns/share-the-first-a-b-2025-8/
Eurobest,2025,SOCIAL & CREATOR,The Black Dogs ,A,B,C,https://ascentialcdn.filespin.io/api/v1/conversion/30aec1c3378c43f3845d46d7e83d4bf5,/awards/eurobest/2025/campaigns/the-black-dogs-a-b-2025-4/
Eurobest,2025,SOCIAL & CREATOR,Guao Guao ,A,B,C,https://www.lovethework.com/work/entries/guao-guao-768042,/awards/eurobest/2025/campaigns/guao-guao-a-b-2025-13/
Eurobest,2025,SOCIAL & CREATOR,Lcw Limitless ,A,B,C,https://ascentialcdn.filespin.io/api/v1/conversion/e0d503eb40a04fe3aa0f8de6558c20de,/awards/eurobest/2025/campaigns/lcw-limitless-a-b-2025/
Eurobest,2025,SOCIAL & CREATOR,The Techno Train ,A,B,C,https://ascentialcdn.filespin.io/api/v1/conversion/9f2c2b45e7a444158b808506c7fa8abc,/awards/eurobest/2025/campaigns/the-techno-train-a-b-2025-5/
Eurobest,2025,SOCIAL & CREATOR,Dont Call It Love ,A,B,C,https://ascentialcdn.filespin.io/api/v1/conversion/b28805c7458d487cbf93d349fcf83dd2,/awards/eurobest/2025/campaigns/dont-call-it-love-a-b-2025-3/
Eurobest,2025,SOCIAL & CREATOR,Tantrum Girl ,A,B,C,https://www.lovethework.com/work/entries/tantrum-girl-767965,/awards/eurobest/2025/campaigns/tantrum-girl-a-b-2025-8/
Eurobest,2025,SOCIAL & CREATOR,Amazons Money Cant Buy Experiences ,A,B,C,https://www.lovethework.com/work/entries/amazons-money-cant-buy-experiences-768077,/awards/eurobest/2025/campaigns/amazons-money-cant-buy-experiences-a-b-2025-3/
Eurobest,2025,SOCIAL & CREATOR,Obsession ,A,B,C,https://ascentialcdn.filespin.io/api/v1/conversion/d27f036cd0554b43896232e5c7f5e22f,/awards/eurobest/2025/campaigns/obsession-a-b-2025-9/
Eurobest,2025,SOCIAL & CREATOR,The Techno Train ,A,B,C,https://ascentialcdn.filespin.io/api/v1/conversion/9f2c2b45e7a444158b808506c7fa8abc,/awards/eurobest/2025/campaigns/the-techno-train-a-b-2025-6/
Eurobest,2025,SOCIAL & CREATOR,The Invisible Battle ,A,B,C,https://www.lovethework.com/work/entries/the-invisible-battle-767943,/awards/eurobest/2025/campaigns/the-invisible-battle-a-b-2025-4/
Eurobest,2025,SOCIAL & CREATOR,Guao Guao ,A,B,C,https://www.lovethework.com/work/entries/guao-guao-768005,/awards/eurobest/2025/campaigns/guao-guao-a-b-2025-14/
Eurobest,2025,SOCIAL & CREATOR,Fanphones ,A,B,C,https://www.lovethework.com/work/entries/fanphones-768011,/awards/eurobest/2025/campaigns/fanphones-a-b-2025-3/
Eurobest,2025,SOCIAL & CREATOR,Peg Ft You ,A,B,C,https://www.lovethework.com/work/entries/peg-ft-you-767963,/awards/eurobest/2025/campaigns/peg-ft-you-a-b-2025-7/
Eurobest,2025,SOCIAL & CREATOR,Fishermans Market Friends ,A,B,C,https://www.lovethework.com/work/entries/fishermans-market-friends-767950,/awards/eurobest/2025/campaigns/fishermans-market-friends-a-b-2025/
Eurobest,2025,SOCIAL & CREATOR,Rcreate ,A,B,C,https://www.lovethework.com/work/entries/rcreate-768074,/awards/eurobest/2025/campaigns/rcreate-a-b-2025-2/
Eurobest,2025,SOCIAL & CREATOR,Renault Recruitment Race ,A,B,C,https://www.lovethework.com/work/entries/renault-recruitment-race-769393,/awards/eurobest/2025/campaigns/renault-recruitment-race-a-b-2025-7/
Eurobest,2025,SOCIAL & CREATOR,Twitch X Cod 6 Rogue Shadow Ops ,A,B,C,https://www.lovethework.com/work/entries/twitch-x-cod-6-rogue-shadow-ops-768002,/awards/eurobest/2025/campaigns/twitch-x-cod-6-rogue-shadow-ops-a-b-2025-3/
Eurobest,2025,SOCIAL & CREATOR,Amazons Money Cant Buy Experiences ,A,B,C,https://www.lovethework.com/work/entries/amazons-money-cant-buy-experiences-768015,/awards/eurobest/2025/campaigns/amazons-money-cant-buy-experiences-a-b-2025-4/
Eurobest,2025,SOCIAL & CREATOR,The Truth About Yusuf Dike ,A,B,C,https://www.lovethework.com/work/entries/the-truth-about-yusuf-dike-767912,/awards/eurobest/2025/campaigns/the-truth-about-yusuf-dike-a-b-2025-2/
Eurobest,2025,SOCIAL & CREATOR,Deeper Dip Sauce ,A,B,C,https://www.lovethework.com/work/entries/deeper-dip-sauce-768026,/awards/eurobest/2025/campaigns/deeper-dip-sauce-a-b-2025-9/
Eurobest,2025,SOCIAL & CREATOR,Mcdonalds Por Favor ,A,B,C,https://www.lovethework.com/work/entries/mcdonalds-por-favor-768014,/awards/eurobest/2025/campaigns/mcdonalds-por-favor-a-b-2025/
Eurobest,2025,SOCIAL & CREATOR,Flush The Hate ,A,B,C,https://ascentialcdn.filespin.io/api/v1/conversion/b75642152e2c45be9ee3806d638eb9ed,/awards/eurobest/2025/campaigns/flush-the-hate-a-b-2025-5/
Eurobest,2025,SOCIAL & CREATOR,Todinho ,A,B,C,https://ascentialcdn.filespin.io/api/v1/conversion/f1eb87518c6b4859952baca7dd13287a,/awards/eurobest/2025/campaigns/todinho-a-b-2025-3/
Eurobest,2025,SOCIAL & CREATOR,Steal Marinas Artwork ,A,B,C,https://ascentialcdn.filespin.io/api/v1/conversion/3a173277fe52480ea16e295ce9cb2976,/awards/eurobest/2025/campaigns/steal-marinas-artwork-a-b-2025-4/
Eurobest,2025,SOCIAL & CREATOR,Kronans Apotek Farligt Nra Solen Dangerous Close To The Sun ,A,B,C,https://www.lovethework.com/work/entries/kronans-apotek-farligt-nra-solen-dangerous-close-to-the-sun-767993,/awards/eurobest/2025/campaigns/kronans-apotek-farligt-nra-solen-dangerous-close-to-the-sun-a-b-2025/
Eurobest,2025,SOCIAL & CREATOR,The Bvg Tiktok Puppet Show ,A,B,C,https://www.lovethework.com/work/entries/the-bvg-tiktok-puppet-show-767998,/awards/eurobest/2025/campaigns/the-bvg-tiktok-puppet-show-a-b-2025/
Eurobest,2025,SOCIAL & CREATOR,The Wallet Dance ,A,B,C,https://ascentialcdn.filespin.io/api/v1/conversion/744274aa89a440f984e9bb21e9d7721a,/awards/eurobest/2025/campaigns/the-wallet-dance-a-b-2025/
Eurobest,2025,SOCIAL & CREATOR,Tiktok Currency The Viral Payback ,A,B,C,https://www.lovethework.com/work/entries/tiktok-currency-the-viral-payback-767940,/awards/eurobest/2025/campaigns/tiktok-currency-the-viral-payback-a-b-2025-4/
Eurobest,2025,SOCIAL & CREATOR,The Techno Train ,A,B,C,https://ascentialcdn.filespin.io/api/v1/conversion/9f2c2b45e7a444158b808506c7fa8abc,/awards/eurobest/2025/campaigns/the-techno-train-a-b-2025-7/
Eurobest,2025,SOCIAL & CREATOR,Reversed Psycology ,A,B,C,https://www.lovethework.com/work/entries/reversed-psycology-767910,/awards/eurobest/2025/campaigns/reversed-psycology-a-b-2025/
Eurobest,2025,SOCIAL & CREATOR,The Court Of Resilience ,A,B,C,https://ascentialcdn.filespin.io/api/v1/conversion/e639b1e93cb145609a007d11adcedf45,/awards/eurobest/2025/campaigns/the-court-of-resilience-a-b-2025-2/
Eurobest,2025,SOCIAL & CREATOR,Just Give A Fck ,A,B,C,https://www.lovethework.com/work/entries/just-give-a-fck-768090,/awards/eurobest/2025/campaigns/just-give-a-fck-a-b-2025-4/
Eurobest,2025,SOCIAL & CREATOR,Cyberbullying Is Not A Game ,A,B,C,https://www.lovethework.com/work/entries/cyberbullying-is-not-a-game-767942,/awards/eurobest/2025/campaigns/cyberbullying-is-not-a-game-a-b-2025-3/
Eurobest,2025,SOCIAL & CREATOR,Tantrum Girl ,A,B,C,https://www.lovethework.com/work/entries/tantrum-girl-768045,/awards/eurobest/2025/campaigns/tantrum-girl-a-b-2025-9/
Eurobest,2025,SOCIAL & CREATOR,Orange Paralympics ,A,B,C,https://www.lovethework.com/work/entries/orange-paralympics-769148,/awards/eurobest/2025/campaigns/orange-paralympics-a-b-2025-10/
Eurobest,2025,SOCIAL & CREATOR,Caf Joyeux Not Filter ,A,B,C,https://ascentialcdn.filespin.io/api/v1/conversion/eca2055a87324665a2632e5383995f57,/awards/eurobest/2025/campaigns/caf-joyeux-not-filter-a-b-2025/
Eurobest,2025,SOCIAL & CREATOR,Hatay Srf Merkezi Projesi ,A,B,C,https://ascentialcdn.filespin.io/api/v1/conversion/ca6dd1fad87b4f8bb43ea4db64157531,/awards/eurobest/2025/campaigns/hatay-srf-merkezi-projesi-a-b-2025/
Eurobest,2025,SOCIAL & CREATOR,Lets End Fast Tech ,A,B,C,https://ascentialcdn.filespin.io/api/v1/conversion/4b6d290787c846328e4981e564bdd7f9,/awards/eurobest/2025/campaigns/lets-end-fast-tech-a-b-2025-10/
Eurobest,2025,SOCIAL & CREATOR,Take Care Of The Boys ,A,B,C,https://www.lovethework.com/work/entries/take-care-of-the-boys-767964,/awards/eurobest/2025/campaigns/take-care-of-the-boys-a-b-2025/
Eurobest,2025,SOCIAL & CREATOR,Better Late Than Never ,A,B,C,https://www.lovethework.com/work/entries/better-late-than-never-769165,/awards/eurobest/2025/campaigns/better-late-than-never-a-b-2025-4/
Eurobest,2025,SOCIAL & CREATOR,Ban This Profile ,A,B,C,https://www.lovethework.com/work/entries/ban-this-profile-768050,/awards/eurobest/2025/campaigns/ban-this-profile-a-b-2025-3/
Eurobest,2025,SOCIAL & CREATOR,The Techno Train ,A,B,C,https://ascentialcdn.filespin.io/api/v1/conversion/9f2c2b45e7a444158b808506c7fa8abc,/awards/eurobest/2025/campaigns/the-techno-train-a-b-2025-8/
Eurobest,2025,SOCIAL & CREATOR,The Invisible Battle ,A,B,C,https://www.lovethework.com/work/entries/the-invisible-battle-769135,/awards/eurobest/2025/campaigns/the-invisible-battle-a-b-2025-5/
Eurobest,2025,SOCIAL & CREATOR,Caf Joyeux Not Filter ,A,B,C,https://ascentialcdn.filespin.io/api/v1/conversion/eca2055a87324665a2632e5383995f57,/awards/eurobest/2025/campaigns/caf-joyeux-not-filter-a-b-2025-2/
Eurobest,2025,SOCIAL & CREATOR,Dont Call It Love ,A,B,C,https://ascentialcdn.filespin.io/api/v1/conversion/b28805c7458d487cbf93d349fcf83dd2,/awards/eurobest/2025/campaigns/dont-call-it-love-a-b-2025-4/
Eurobest,2025,SOCIAL & CREATOR,Obsession ,A,B,C,https://ascentialcdn.filespin.io/api/v1/conversion/d27f036cd0554b43896232e5c7f5e22f,/awards/eurobest/2025/campaigns/obsession-a-b-2025-10/
Eurobest,2025,SOCIAL & CREATOR,The Techno Train ,A,B,C,https://ascentialcdn.filespin.io/api/v1/conversion/9f2c2b45e7a444158b808506c7fa8abc,/awards/eurobest/2025/campaigns/the-techno-train-a-b-2025-9/
Eurobest,2025,SOCIAL & CREATOR,Flush The Hate ,A,B,C,https://ascentialcdn.filespin.io/api/v1/conversion/b75642152e2c45be9ee3806d638eb9ed,/awards/eurobest/2025/campaigns/flush-the-hate-a-b-2025-6/
Eurobest,2025,SOCIAL & CREATOR,Take Care Of The Boys ,A,B,C,https://www.lovethework.com/work/entries/take-care-of-the-boys-768021,/awards/eurobest/2025/campaigns/take-care-of-the-boys-a-b-2025-2/
Eurobest,2025,SOCIAL & CREATOR,Kronans Apotek Farligt Nra Solen Dangerous Close To The Sun ,A,B,C,https://www.lovethework.com/work/entries/kronans-apotek-farligt-nra-solen-dangerous-close-to-the-sun-767969,/awards/eurobest/2025/campaigns/kronans-apotek-farligt-nra-solen-dangerous-close-to-the-sun-a-b-2025-2/
Eurobest,2025,SOCIAL & CREATOR,Renault Recruitment Race ,A,B,C,https://www.lovethework.com/work/entries/renault-recruitment-race-769389,/awards/eurobest/2025/campaigns/renault-recruitment-race-a-b-2025-8/
Eurobest,2025,SOCIAL & CREATOR,The Wallet Dance ,A,B,C,https://ascentialcdn.filespin.io/api/v1/conversion/744274aa89a440f984e9bb21e9d7721a,/awards/eurobest/2025/campaigns/the-wallet-dance-a-b-2025-2/
Eurobest,2025,SOCIAL & CREATOR,Caf Joyeux Not Filter ,A,B,C,https://ascentialcdn.filespin.io/api/v1/conversion/eca2055a87324665a2632e5383995f57,/awards/eurobest/2025/campaigns/caf-joyeux-not-filter-a-b-2025-3/
Eurobest,2025,SOCIAL & CREATOR,Tiktok Timestamp ,A,B,C,https://www.lovethework.com/work/entries/tiktok-timestamp-767935,/awards/eurobest/2025/campaigns/tiktok-timestamp-a-b-2025-4/
Eurobest,2025,SOCIAL & CREATOR,The Black Dogs ,A,B,C,https://ascentialcdn.filespin.io/api/v1/conversion/30aec1c3378c43f3845d46d7e83d4bf5,/awards/eurobest/2025/campaigns/the-black-dogs-a-b-2025-5/
Eurobest,2025,SOCIAL & CREATOR,Ban This Profile ,A,B,C,https://www.lovethework.com/work/entries/ban-this-profile-767971,/awards/eurobest/2025/campaigns/ban-this-profile-a-b-2025-4/
Eurobest,2025,SOCIAL & CREATOR,The Bvg Tiktok Puppet Show ,A,B,C,https://www.lovethework.com/work/entries/the-bvg-tiktok-puppet-show-767895,/awards/eurobest/2025/campaigns/the-bvg-tiktok-puppet-show-a-b-2025-2/
Eurobest,2025,SOCIAL & CREATOR,Fishermans Market Friends ,A,B,C,https://www.lovethework.com/work/entries/fishermans-market-friends-768007,/awards/eurobest/2025/campaigns/fishermans-market-friends-a-b-2025-2/
Eurobest,2025,SOCIAL & CREATOR,Eurovision ,A,B,C,https://www.lovethework.com/work/entries/eurovision-768003,/awards/eurobest/2025/campaigns/eurovision-a-b-2025/
Eurobest,2025,SOCIAL & CREATOR,Hello My Name Is Badalada ,A,B,C,https://www.lovethework.com/work/entries/hello-my-name-is-badalada-768076,/awards/eurobest/2025/campaigns/hello-my-name-is-badalada-a-b-2025-3/
Eurobest,2025,SOCIAL & CREATOR,Cyberbullying Is Not A Game ,A,B,C,https://www.lovethework.com/work/entries/cyberbullying-is-not-a-game-768056,/awards/eurobest/2025/campaigns/cyberbullying-is-not-a-game-a-b-2025-4/
Eurobest,2025,SOCIAL & CREATOR,Peg Ft You ,A,B,C,https://www.lovethework.com/work/entries/peg-ft-you-767961,/awards/eurobest/2025/campaigns/peg-ft-you-a-b-2025-8/
Eurobest,2025,SOCIAL & CREATOR,Deeper Dip Sauce ,A,B,C,https://www.lovethework.com/work/entries/deeper-dip-sauce-767919,/awards/eurobest/2025/campaigns/deeper-dip-sauce-a-b-2025-10/
Eurobest,2025,SOCIAL & CREATOR,Mindful Thiefluencer ,A,B,C,https://ascentialcdn.filespin.io/api/v1/conversion/d5fba5cd2b154c01b35c8af6fcfde7a5,/awards/eurobest/2025/campaigns/mindful-thiefluencer-a-b-2025/
Eurobest,2025,SOCIAL & CREATOR,Flush The Hate ,A,B,C,https://ascentialcdn.filespin.io/api/v1/conversion/b75642152e2c45be9ee3806d638eb9ed,/awards/eurobest/2025/campaigns/flush-the-hate-a-b-2025-7/
Eurobest,2025,SOCIAL & CREATOR,Amazons Money Cant Buy Experiences ,A,B,C,https://www.lovethework.com/work/entries/amazons-money-cant-buy-experiences-767938,/awards/eurobest/2025/campaigns/amazons-money-cant-buy-experiences-a-b-2025-5/
Eurobest,2025,SOCIAL & CREATOR,Future Signatures ,A,B,C,https://www.lovethework.com/work/entries/future-signatures-767996,/awards/eurobest/2025/campaigns/future-signatures-a-b-2025-8/
Eurobest,2025,SOCIAL & CREATOR,Fanphones ,A,B,C,https://www.lovethework.com/work/entries/fanphones-767954,/awards/eurobest/2025/campaigns/fanphones-a-b-2025-4/
Eurobest,2025,SOCIAL & CREATOR,Tantrum Girl ,A,B,C,https://ascentialcdn.filespin.io/api/v1/conversion/6f345a84c9aa46a58617cb98c40f4f56,/awards/eurobest/2025/campaigns/tantrum-girl-a-b-2025-10/
Eurobest,2025,SOCIAL & CREATOR,Hello My Name Is Badalada ,A,B,C,https://www.lovethework.com/work/entries/hello-my-name-is-badalada-768062,/awards/eurobest/2025/campaigns/hello-my-name-is-badalada-a-b-2025-4/
Eurobest,2025,SOCIAL & CREATOR,The Old Spice Pirates Casting With Teddy As Antoine ,A,B,C,https://www.lovethework.com/work/entries/the-old-spice-pirates-casting-with-teddy-as-antoine-767960,/awards/eurobest/2025/campaigns/the-old-spice-pirates-casting-with-teddy-as-antoine-a-b-2025/
Eurobest,2025,SOCIAL & CREATOR,Amazons Money Cant Buy Experiences ,A,B,C,https://www.lovethework.com/work/entries/amazons-money-cant-buy-experiences-767976,/awards/eurobest/2025/campaigns/amazons-money-cant-buy-experiences-a-b-2025-6/
Eurobest,2025,SOCIAL & CREATOR,Bring Back The Queue S10 Becomes S25 ,A,B,C,https://ascentialcdn.filespin.io/api/v1/conversion/9291a8cb368d4014ae2d4dff1060fc91,/awards/eurobest/2025/campaigns/bring-back-the-queue-s10-becomes-s25-a-b-2025-4/
Eurobest,2025,SOCIAL & CREATOR,Fanphones ,A,B,C,https://www.lovethework.com/work/entries/fanphones-767951,/awards/eurobest/2025/campaigns/fanphones-a-b-2025-5/
Eurobest,2025,SOCIAL & CREATOR,The Techno Train ,A,B,C,https://ascentialcdn.filespin.io/api/v1/conversion/9f2c2b45e7a444158b808506c7fa8abc,/awards/eurobest/2025/campaigns/the-techno-train-a-b-2025-10/
Eurobest,2025,SOCIAL & CREATOR,Amazons Money Cant Buy Experiences ,A,B,C,https://www.lovethework.com/work/entries/amazons-money-cant-buy-experiences-768068,/awards/eurobest/2025/campaigns/amazons-money-cant-buy-experiences-a-b-2025-7/
Eurobest,2025,SOCIAL & CREATOR,Hello My Name Is Badalada ,A,B,C,https://www.lovethework.com/work/entries/hello-my-name-is-badalada-768054,/awards/eurobest/2025/campaigns/hello-my-name-is-badalada-a-b-2025-5/
Eurobest,2025,SOCIAL & CREATOR,Pack Your Crocs ,A,B,C,https://www.lovethework.com/work/entries/pack-your-crocs-768009,/awards/eurobest/2025/campaigns/pack-your-crocs-a-b-2025-3/
Eurobest,2025,SOCIAL & CREATOR,Somersby Timeoutfromthebullshit Social Entertainment Series ,A,B,C,https://www.lovethework.com/work/entries/somersby-timeoutfromthebullshit-social-entertainment-series-768081,/awards/eurobest/2025/campaigns/somersby-timeoutfromthebullshit-social-entertainment-series-a-b-2025/
