Festival,Year,Track,Title,Brand,Agency,Network,Holding,Category,Award Level,Country,Company,Product,Production,Permalink
Fiap,2025,Anuncios,Saludo a las mamas,TecniScan,d4 McCann,McCann Worldgroup,IPG,Via Publica - Servicios,Shortlist,Guatemala,TecniScan,Paquetes especiales de mamografias y ultrasonidos mamarios,Impresion ABG Publicidad,/awards/fiap/2025/campaigns/saludo-a-las-mamas-tecniscan-d4-mccann-2025/
Fiap,2025,Anuncios,Saludo a las mamas,TecniScan,d4 McCann,McCann Worldgroup,IPG,Salud,Shortlist,Guatemala,TecniScan,Paquetes especiales de mamografias y ultrasonidos mamarios,Impresion ABG Publicidad,/awards/fiap/2025/campaigns/saludo-a-las-mamas-tecniscan-d4-mccann-2025-2/
Fiap,2025,Innovacion,Escape Room Soledad,Fundacion la Caixa,Manifiesto,Independiente,Independiente,Salud,Shortlist,Espana,Fundacion la Caixa,Fundacion la Caixa,Blua,/awards/fiap/2025/campaigns/escape-room-soledad-fundacion-la-caixa-manifiesto-2025/
Fiap,2025,Innovacion,Escape Room Soledad,Fundacion la Caixa,Manifiesto,Independiente,Independiente,Innovacion en Eventos/Experiencia,Shortlist,Espana,Fundacion la Caixa,Fundacion la Caixa,Blua,/awards/fiap/2025/campaigns/escape-room-soledad-fundacion-la-caixa-manifiesto-2025-2/
Fiap,2025,Innovacion,Escape Room Soledad,Fundacion la Caixa,Manifiesto,Independiente,Independiente,Innovacion en Activaciones,Shortlist,Espana,Fundacion la Caixa,Fundacion la Caixa,Blua,/awards/fiap/2025/campaigns/escape-room-soledad-fundacion-la-caixa-manifiesto-2025-3/
Fiap,2025,Innovacion,Emoji Cocktails,E Leon Jimenes,The Table by de ferrari borrell,Independiente,Independiente,Innovacion en Redes Sociales,Shortlist,Republica Dominicana,La Aurora,Ron 1903,The Table By de ferrari borrell,/awards/fiap/2025/campaigns/emoji-cocktails-e-leon-jimenes-the-table-by-de-ferrari-borrell-2025/
Fiap,2025,Anuncios,Espacios Reducidos,Nissan,Publicidad Comercial MullenLowe,MullenLowe Group,IPG,Via Publica - Productos,Shortlist,Nicaragua,Nissan Nicaragua,Intelligent Around Viewï¿½ Monitor,N/A,/awards/fiap/2025/campaigns/espacios-reducidos-nissan-publicidad-comercial-mullenlowe-2025/
Fiap,2025,Anuncios,El Atraco,Amnistia Internacional,La Despensa,Independiente,Independiente,Television/Cine/Digital - Campanas Bien Publico,Shortlist,Espana,Amnistia Internacional,Amnistia Internacional,Rebolucion y McNulty,/awards/fiap/2025/campaigns/el-atraco-amnistia-internacional-la-despensa-2025/
Fiap,2025,Anuncios,Good Max,Fundacion Sant Joan de Deu,La Despensa,Independiente,Independiente,Creatividad Efectiva - Bien Publico,Shortlist,Espana,Fundacion Sant Joan de Deu,Recaudacion para la investigacion del cancer infantil,Antiestatico,/awards/fiap/2025/campaigns/good-max-fundacion-sant-joan-de-deu-la-despensa-2025/
Fiap,2025,Produccion,Good Max,Fundacion Sant Joan de Deu,La Despensa,Independiente,Independiente,Tecnicas de Produccion Audiovisual - Fotografia,Shortlist,Espana,Fundacion Sant Joan de Deu,Recaudacion para la investigacion del cancer infantil,Antiestatico,/awards/fiap/2025/campaigns/good-max-fundacion-sant-joan-de-deu-la-despensa-2025-2/
Fiap,2025,Anuncios,Espacios Reducidos,Nissan Nicaragua,Publicidad Comercial MullenLowe,MullenLowe Group,IPG,Uso de Inteligencia Artificial,Shortlist,Nicaragua,Nissan Nicaragua/GrupoQ,Intelligent Around Viewï¿½ Monitor,N/A,/awards/fiap/2025/campaigns/espacios-reducidos-nissan-nicaragua-publicidad-comercial-mullenlowe-2025/
Fiap,2025,Produccion,Espacios Reducidos,Nissan,Publicidad Comercial MullenLowe,MullenLowe Group,IPG,Tecnicas de Produccion Grafica - Direccion de Arte,Shortlist,Nicaragua,Nissan Nicaragua,Intelligent Around Viewï¿½ Monitor,N/A,/awards/fiap/2025/campaigns/espacios-reducidos-nissan-publicidad-comercial-mullenlowe-2025-2/
Fiap,2025,Innovacion,The 46% Pine Tree,SOH Conservacion,The Table by de ferrari borrell,Independiente,Independiente,Innovacion en campanas sobre sostenibilidad,Shortlist,Republica Dominicana,SOH Conservacion,Pino Criollo,The table by de ferrari borrell,/awards/fiap/2025/campaigns/the-46-pine-tree-soh-conservacion-the-table-by-de-ferrari-borrell-2025/
Fiap,2025,Anuncios,El Primer Tratamiento Oral,Daflon,TBS,Independiente,Independiente,Grafica - Higiene domestica personal/Belleza/Cosmetica/Perfumeria/Articulos medicinales y Farmaceuticos,Shortlist,Espana,Servier,Daflon,TBS,/awards/fiap/2025/campaigns/el-primer-tratamiento-oral-daflon-tbs-2025/
Fiap,2025,Anuncios,El Primer Tratamiento Oral,Daflon,TBS,Independiente,Independiente,Via Publica - Productos,Shortlist,Espana,Servier,Daflon,TBS,/awards/fiap/2025/campaigns/el-primer-tratamiento-oral-daflon-tbs-2025-2/
Fiap,2025,Innovacion,A volta ao mundo em 80000 km,Ultracontact,DOM Solucoes Improvaveis,Grupo OM,Grupo OM,Innovacion en Medios Impresos,Shortlist,Brasil,Continental Pneus,Ultracontact tire,DOM Soluï¿½ï¿½es Improvaveis/Ariadna Equador,/awards/fiap/2025/campaigns/a-volta-ao-mundo-em-80000-km-ultracontact-dom-solucoes-improvaveis-2025/
Fiap,2025,Formatos,A volta ao mundo em 80000 km,Ultracontact,DOM Solucoes Improvaveis,Grupo OM,Grupo OM,Branded Content integrado a otras plataformas,Shortlist,Brasil,Continental Pneus,Ultracontact tire,DOM Soluï¿½ï¿½es Improvaveis/Ariadna Equador,/awards/fiap/2025/campaigns/a-volta-ao-mundo-em-80000-km-ultracontact-dom-solucoes-improvaveis-2025-2/
Fiap,2025,Anuncios,Las reglas no escritas del futbol en la Conmebol Libertadores,MAPFRE,Agencia Tango,Colectivo &c,Colectivo &c,Creatividad Efectiva - Aporte Cultural y/o Multicultural,Shortlist,Espana,MAPFRE,PATROCINIO MAPFRE-CONMEBOL LIBERTADORES,The Masses,/awards/fiap/2025/campaigns/las-reglas-no-escritas-del-futbol-en-la-conmebol-libertadores-mapfre-agencia-tango-2025/
Fiap,2025,Innovacion,Pan de Vida,UNICEF Mexico,Miami Ad School,N/A,N/A,Estudiantes,Shortlist,Mexico,UNICEF,ONG,N/A,/awards/fiap/2025/campaigns/pan-de-vida-unicef-mexico-miami-ad-school-2025/
Fiap,2025,Anuncios,Pepsi Sunsets,Pepsi,Valor,Independiente,Independiente,Via Publica - Productos,Shortlist,Peru,PepsiCo,Pepsi,Studio V - Paola Pastrana,/awards/fiap/2025/campaigns/pepsi-sunsets-pepsi-valor-2025/
Fiap,2025,Formatos,Un contenido muy poco normal,Banco BHD,Publicis Dominicana,Publicis Worldwide,Publicis Groupe,Mejor Uso de Influencer en cualquier plataforma,Shortlist,Republica Dominicana,Banco BHD,Segmento Mujer BHD,N/A,/awards/fiap/2025/campaigns/un-contenido-muy-poco-normal-banco-bhd-publicis-dominicana-2025/
Fiap,2025,Innovacion,Fan Home - El estadio que se convirtio en un verdadero hogar,Fotocasa,Coyote - Reserva Creativa,Independiente,Independiente,Innovacion en Eventos/Experiencia,Shortlist,Espana,Adevinta,Patrocinio Atletico de Madrid,Paco Gelardo,/awards/fiap/2025/campaigns/fan-home-el-estadio-que-se-convirtio-en-un-verdadero-hogar-fotocasa-coyote-reserva-creativa-2025/
Fiap,2025,Innovacion,Autokscuela,Cochesnet,Coyote - Reserva Creativa,Independiente,Independiente,Innovacion en Musica,Shortlist,Espana,Adevinta,Cochesnet,Coyote - Reserva Creativa/Salloia - Productora musical IA,/awards/fiap/2025/campaigns/autokscuela-cochesnet-coyote-reserva-creativa-2025/
Fiap,2025,Formatos,La Cancion de Amor que no Sabias que Escribiste,Amaras,Valor,Independiente,Independiente,Mejor Uso de Influencer en cualquier plataforma,Shortlist,Peru,Alicorp,Shampoo Amaras,Ka&O,/awards/fiap/2025/campaigns/la-cancion-de-amor-que-no-sabias-que-escribiste-amaras-valor-2025/
Fiap,2025,Formatos,Un contenido muy poco normal,Banco BHD,Publicis Dominicana,Publicis Worldwide,Publicis Groupe,Contenido con mejor estrategia digital,Shortlist,Republica Dominicana,Banco BHD,Segmento Mujer BHD,N/A,/awards/fiap/2025/campaigns/un-contenido-muy-poco-normal-banco-bhd-publicis-dominicana-2025-2/
Fiap,2025,Formatos,Un contenido muy poco normal,Banco BHD,Publicis Dominicana,Publicis Worldwide,Publicis Groupe,Social Content,Shortlist,Republica Dominicana,Banco BHD,Segmento Mujer BHD,N/A,/awards/fiap/2025/campaigns/un-contenido-muy-poco-normal-banco-bhd-publicis-dominicana-2025-3/
Fiap,2025,Formatos,Un contenido muy poco normal,Banco BHD,Publicis Dominicana,Publicis Worldwide,Publicis Groupe,Branded Content integrado a otras plataformas,Shortlist,Republica Dominicana,Banco BHD,Segmento Mujer BHD,N/A,/awards/fiap/2025/campaigns/un-contenido-muy-poco-normal-banco-bhd-publicis-dominicana-2025-4/
Fiap,2025,Anuncios,The Illegal Spots,Vans,The Pub School,N/A,N/A,Estudiantes,Shortlist,Colombia,Vans,The Illegal Spots,N/A,/awards/fiap/2025/campaigns/the-illegal-spots-vans-the-pub-school-2025/
Fiap,2025,Formatos,Museo Cajita Feliz,McDonalds,YoCo Agency,Independiente,Independiente,Live Experience,Shortlist,Guatemala,McDonalds Guatemala,Institucional,YoCo,/awards/fiap/2025/campaigns/museo-cajita-feliz-mcdonalds-yoco-agency-2025/
Fiap,2025,Formatos,Museo Cosplayer,McDonalds,YoCo Agency,Independiente,Independiente,Live Experience,Shortlist,Guatemala,McDonalds Guatemala,Salsa Chili Picante,YoCo,/awards/fiap/2025/campaigns/museo-cosplayer-mcdonalds-yoco-agency-2025/
Fiap,2025,Innovacion,Museo Cajita Feliz,McDonalds,YoCo Agency,Independiente,Independiente,Innovacion en Eventos/Experiencia,Shortlist,Guatemala,McDonalds Guatemala,Institucional,YoCo,/awards/fiap/2025/campaigns/museo-cajita-feliz-mcdonalds-yoco-agency-2025-2/
Fiap,2025,Produccion,Museo Cajita Feliz,McDonalds,YoCo Agency,Independiente,Independiente,Tecnicas de Produccion en PR,Shortlist,Guatemala,McDonalds Guatemala,Institucional,YoCo,/awards/fiap/2025/campaigns/museo-cajita-feliz-mcdonalds-yoco-agency-2025-3/
Fiap,2025,Formatos,Community King,Burger King,BBA,Independiente,Independiente,Social Content,Shortlist,Ecuador,Burger King,Burger King,Fabryca,/awards/fiap/2025/campaigns/community-king-burger-king-bba-2025/
Fiap,2025,Innovacion,Museo Cosplayer,McDonalds,YoCo Agency,Independiente,Independiente,Innovacion en Eventos/Experiencia,Shortlist,Guatemala,McDonalds Guatemala,Salsa Chili Picante,YoCo,/awards/fiap/2025/campaigns/museo-cosplayer-mcdonalds-yoco-agency-2025-2/
Fiap,2025,Produccion,Museo Cosplayer,McDonalds,YoCo Agency,Independiente,Independiente,Tecnicas de Produccion en PR,Shortlist,Guatemala,McDonalds Guatemala,Salsa Chili Picante,YoCo,/awards/fiap/2025/campaigns/museo-cosplayer-mcdonalds-yoco-agency-2025-3/
Fiap,2025,Formatos,Pete Zahat,Pizza Hut,BBA,Independiente,Independiente,Mejor Uso de Influencer en cualquier plataforma,Shortlist,Ecuador,Pizza Hut,Pizza Hut,Fabryca,/awards/fiap/2025/campaigns/pete-zahat-pizza-hut-bba-2025/
Fiap,2025,Formatos,Pete Zahat,Pizza Hut,BBA,Independiente,Independiente,Contenido con mejor estrategia digital,Shortlist,Ecuador,Pizza Hut,Pizza Hut,Fabryca,/awards/fiap/2025/campaigns/pete-zahat-pizza-hut-bba-2025-2/
Fiap,2025,Innovacion,Community King,Burger King,BBA,Independiente,Independiente,Innovacion en PR,Shortlist,Ecuador,Burger King,Burger King,Fabryca,/awards/fiap/2025/campaigns/community-king-burger-king-bba-2025-2/
Fiap,2025,Anuncios,Divine Donation,SOLCA,VML Norlop Ecuador,VML,WPP,Creatividad Efectiva - Bien Publico,Shortlist,Ecuador,SOLCA (Sociedad de Lucha Contra el Cancer),SOLCA,Mysticpoint - Acme - Swing Music,/awards/fiap/2025/campaigns/divine-donation-solca-vml-norlop-ecuador-2025/
Fiap,2025,Formatos,Divine Donation,SOLCA,VML Norlop Ecuador,VML,WPP,Mejor Campana de Sostenibilidad,Shortlist,Ecuador,SOLCA (Sociedad de Lucha Contra el Cancer),SOLCA,Mysticpoint - Acme - Swing Music,/awards/fiap/2025/campaigns/divine-donation-solca-vml-norlop-ecuador-2025-2/
Fiap,2025,Formatos,The Secret Endings,Netflix,Bendita Carpeta,N/A,N/A,Estudiantes,Shortlist,Colombia,Netflix,The secret endings,N/A,/awards/fiap/2025/campaigns/the-secret-endings-netflix-bendita-carpeta-2025/
Fiap,2025,Formatos,Content Hackers,Vaselina,The Pub School,N/A,N/A,Estudiantes,Shortlist,Colombia,Vaselina,Vaselina,N/A,/awards/fiap/2025/campaigns/content-hackers-vaselina-the-pub-school-2025/
Fiap,2025,Innovacion,Free the Voices,Monoceros Labs,LLYC,LLYC,LLYC,Innovacion en Tecnologia,Shortlist,Espana,Monoceros Labs,Fonos,LLYC,/awards/fiap/2025/campaigns/free-the-voices-monoceros-labs-llyc-2025/
Fiap,2025,Innovacion,Free the Voices,Monoceros Labs,LLYC,LLYC,LLYC,Uso de Inteligencia Artificial,Shortlist,Espana,Monoceros Labs,Fonos,LLYC,/awards/fiap/2025/campaigns/free-the-voices-monoceros-labs-llyc-2025-2/
Fiap,2025,Anuncios,Being Vegan is Good Sh*t,Peta,SAMY,SAMY,N/A,Television/Cine/Digital - Campanas Bien Publico,Shortlist,Espana,Peta,Dieta vegana y uno de sus principales beneficios,Flamboyant Paradise,/awards/fiap/2025/campaigns/being-vegan-is-good-sht-peta-samy-2025/
Fiap,2025,Anuncios,Le Golle,Gollo,Mccann Worldgroup,McCann Worldgroup,IPG,Mejor Uso de la Cultura Local,Shortlist,Costa Rica,Gollo,Gollo,N/A,/awards/fiap/2025/campaigns/le-golle-gollo-mccann-worldgroup-2025/
Fiap,2025,Formatos,Le Golle,Gollo,Mccann Worldgroup,McCann Worldgroup,IPG,Live Experience,Shortlist,Costa Rica,Gollo,Gollo,N/A,/awards/fiap/2025/campaigns/le-golle-gollo-mccann-worldgroup-2025-2/
Fiap,2025,Innovacion,Le Golle,Gollo,Mccann Worldgroup,McCann Worldgroup,IPG,Innovacion en Eventos/Experiencia,Shortlist,Costa Rica,Gollo,Gollo,N/A,/awards/fiap/2025/campaigns/le-golle-gollo-mccann-worldgroup-2025-3/
Fiap,2025,Innovacion,Le Golle,Gollo,Mccann Worldgroup,McCann Worldgroup,IPG,Innovacion en Marketing Directo,Shortlist,Costa Rica,Gollo,Gollo,N/A,/awards/fiap/2025/campaigns/le-golle-gollo-mccann-worldgroup-2025-4/
Fiap,2025,Produccion,Porque Si,Seagrams Gin,LLYC,LLYC,LLYC,Tecnicas de Produccion Grafica - Direccion de Arte,Shortlist,Espana,Pernod Ricard,Seagrams Dry Gin,Blur,/awards/fiap/2025/campaigns/porque-si-seagrams-gin-llyc-2025/
Fiap,2025,Anuncios,Rightsizing,Hyundai,Lopez Negrete Communcations,Independiente,Independiente,Television/Cine/Digital - Automoviles,Shortlist,USA,Hyundai Motor America,TUCSON,Madre,/awards/fiap/2025/campaigns/rightsizing-hyundai-lopez-negrete-communcations-2025/
Fiap,2025,Anuncios,ES PARA MI,H-E-B,Lopez Negrete Communcations,Independiente,Independiente,Radio - Jingles/Musica Original/Audio logo/Mejor Sound Effect,Shortlist,USA,H-E-B,H-E-B,N/A,/awards/fiap/2025/campaigns/es-para-mi-h-e-b-lopez-negrete-communcations-2025/
Fiap,2025,Anuncios,Green Man,Toyota,Conill Advertising,Saatchi & Saatchi,Publicis Groupe,Television/Cine/Digital - Automoviles,Shortlist,USA,Toyota Motor North America USA Inc,ELECTRIC BZ4X,NOT NORMAL,/awards/fiap/2025/campaigns/green-man-toyota-conill-advertising-2025/
Fiap,2025,Formatos,Lost Names,Toyota,Conill Advertising,Saatchi & Saatchi,Publicis Groupe,Product Placement - Entretenimiento,Shortlist,USA,Toyota Motor North America USA Inc,Toyota,JAW Productions,/awards/fiap/2025/campaigns/lost-names-toyota-conill-advertising-2025/
Fiap,2025,Produccion,Rightsizing,Hyundai,Lopez Negrete Communcations,Independiente,Independiente,Tecnicas de Produccion Audiovisual - Fotografia,Shortlist,USA,Hyundai Motor America,TUCSON,Madre,/awards/fiap/2025/campaigns/rightsizing-hyundai-lopez-negrete-communcations-2025-2/
Fiap,2025,Anuncios,Llorar de risa,The Comedy Chateau,Conill Advertising,Saatchi & Saatchi,Publicis Groupe,Grafica - Recreacion/Placer/Tiempo Libre/Transporte/Viajes/Turismo,Shortlist,USA,The Comedy Chateau,Comedy Chateau Shows,Parana Films,/awards/fiap/2025/campaigns/llorar-de-risa-the-comedy-chateau-conill-advertising-2025/
Fiap,2025,Produccion,ES PARA MI,H-E-B,Lopez Negrete Communcations,Independiente,Independiente,Tecnicas de Produccion Audiovisual - Musica Adaptada/Musica Original/Diseno de Sonido/Canciones/Jingles/Audio Logo/Uso de Licencias,Shortlist,USA,H-E-B,H-E-B,N/A,/awards/fiap/2025/campaigns/es-para-mi-h-e-b-lopez-negrete-communcations-2025-2/
Fiap,2025,Produccion,In Full Character,WorldFest,Lopez Negrete Communcations,Independiente,Independiente,Tecnicas de Produccion Grafica - Ilustracion,Shortlist,USA,Houston International Film Festival,WorldFest 58th,N/A,/awards/fiap/2025/campaigns/in-full-character-worldfest-lopez-negrete-communcations-2025/
Fiap,2025,Formatos,Cold Activated Announcers,Coors Light,Alma,DDB Worldwide,Omnicom,Online Video,Shortlist,USA,Molson Coors Beverage Company,Coors Light,Omnicom Production - Omnicom Studios - Crown Street Films - Animal Music,/awards/fiap/2025/campaigns/cold-activated-announcers-coors-light-alma-2025/
Fiap,2025,Formatos,Allevia Pollen Passport,Allegra,MRM,McCann Worldgroup,IPG,Salud,Shortlist,Espana,Opella-Allegra,Allegra,N/A,/awards/fiap/2025/campaigns/allevia-pollen-passport-allegra-mrm-2025/
Fiap,2025,Anuncios,Inteligencia emocional,CONING,Buppa Comunicacion,Independiente,Independiente,Creatividad Efectiva - Bien Publico,Shortlist,Argentina,CONING,ONG,Buppa Comunicacion,/awards/fiap/2025/campaigns/inteligencia-emocional-coning-buppa-comunicacion-2025/
Fiap,2025,Formatos,Anty Murphys Law Toast,Opella,MRM,McCann Worldgroup,IPG,Branded Content - Programa de Entretenimiento,Shortlist,Espana,Opella-Enterogermina,Enterogermina,Carino Contents,/awards/fiap/2025/campaigns/anty-murphys-law-toast-opella-mrm-2025/
Fiap,2025,Innovacion,Design your sleep while you sleep,IKEA Family,MRM,McCann Worldgroup,IPG,Innovacion en plataformas digitales,Shortlist,Espana,IKEA,IKEA Family,N/A,/awards/fiap/2025/campaigns/design-your-sleep-while-you-sleep-ikea-family-mrm-2025/
Fiap,2025,Anuncios,Reality Check Miami Beach,N/A,VML,VML,WPP,Television/Cine/Digital - Campanas Bien Publico,Shortlist,USA,Greater Miami Convention & Visitors Bureau,N/A,AlteredLA,/awards/fiap/2025/campaigns/reality-check-miami-beach-na-vml-2025/
Fiap,2025,Innovacion,The Heist,La Bru,AlteredLA,Independiente,Independiente,Uso de Inteligencia Artificial,Shortlist,USA,LA BRU,Cerveza La Bru,AlteredLA,/awards/fiap/2025/campaigns/the-heist-la-bru-alteredla-2025/
Fiap,2025,Formatos,Anty Murphys Law Toast,Opella,MRM,McCann Worldgroup,IPG,Own Media - Video Plataforma - Video,Shortlist,Espana,Opella-Enterogermina,Enterogermina,Carino Contents,/awards/fiap/2025/campaigns/anty-murphys-law-toast-opella-mrm-2025-2/
Fiap,2025,Formatos,Anty Murphys Law Toast,Opella,MRM,McCann Worldgroup,IPG,Contenido con mejor estrategia digital,Shortlist,Espana,Opella-Enterogermina,Enterogermina,Carino Contents,/awards/fiap/2025/campaigns/anty-murphys-law-toast-opella-mrm-2025-3/
Fiap,2025,Formatos,Anty Murphys Law Toast,Opella,MRM,McCann Worldgroup,IPG,Cortos,Shortlist,Espana,Opella-Enterogermina,Enterogermina,Carino Contents,/awards/fiap/2025/campaigns/anty-murphys-law-toast-opella-mrm-2025-4/
Fiap,2025,Formatos,Anty Murphys Law Toast,Opella,MRM,McCann Worldgroup,IPG,Online Video,Shortlist,Espana,Opella-Enterogermina,Enterogermina,Carino Contents,/awards/fiap/2025/campaigns/anty-murphys-law-toast-opella-mrm-2025-5/
Fiap,2025,Formatos,Anty Murphys Law Toast,Opella,MRM,McCann Worldgroup,IPG,Salud,Shortlist,Espana,Opella-Enterogermina,Enterogermina,Carino Contents,/awards/fiap/2025/campaigns/anty-murphys-law-toast-opella-mrm-2025-6/
Fiap,2025,Innovacion,Anty Murphys Law Toast,Opella,MRM,McCann Worldgroup,IPG,Salud,Shortlist,Espana,Opella-Enterogermina,Enterogermina,Carino Contents,/awards/fiap/2025/campaigns/anty-murphys-law-toast-opella-mrm-2025-7/
Fiap,2025,Anuncios,Anty Murphys Law Toast,Opella,MRM,McCann Worldgroup,IPG,Television/Cine/Digital - Higiene domestica personal/Belleza/Cosmetica/Perfumeria/Articulos medicinales y Farmaceuticos,Shortlist,Espana,Opella-Enterogermina,Enterogermina,Carino Contents,/awards/fiap/2025/campaigns/anty-murphys-law-toast-opella-mrm-2025-8/
Fiap,2025,Anuncios,Anty Murphys Law Toast,Opella,MRM,McCann Worldgroup,IPG,Television/Cine/Digital - Mejor Musica Incidental/Mejor Cancion Original/Mejor Direccion Musical,Shortlist,Espana,Opella-Enterogermina,Enterogermina,Carino Contents,/awards/fiap/2025/campaigns/anty-murphys-law-toast-opella-mrm-2025-9/
Fiap,2025,Anuncios,Anty Murphys Law Toast,Opella,MRM,McCann Worldgroup,IPG,Mejor Diseno,Shortlist,Espana,Opella-Enterogermina,Enterogermina,Carino Contents,/awards/fiap/2025/campaigns/anty-murphys-law-toast-opella-mrm-2025-10/
Fiap,2025,Anuncios,Anty Murphys Law Toast,Opella,MRM,McCann Worldgroup,IPG,Salud,Shortlist,Espana,Opella-Enterogermina,Enterogermina,Carino Contents,/awards/fiap/2025/campaigns/anty-murphys-law-toast-opella-mrm-2025-11/
Fiap,2025,Produccion,Anty Murphys Law Toast,Opella,MRM,McCann Worldgroup,IPG,Tecnicas de Produccion Audiovisual - Direccion General,Shortlist,Espana,Opella-Enterogermina,Enterogermina,Carino Contents,/awards/fiap/2025/campaigns/anty-murphys-law-toast-opella-mrm-2025-12/
Fiap,2025,Produccion,Anty Murphys Law Toast,Opella,MRM,McCann Worldgroup,IPG,Tecnicas de Produccion Audiovisual - Edicion,Shortlist,Espana,Opella-Enterogermina,Enterogermina,Carino Contents,/awards/fiap/2025/campaigns/anty-murphys-law-toast-opella-mrm-2025-13/
Fiap,2025,Produccion,Anty Murphys Law Toast,Opella,MRM,McCann Worldgroup,IPG,Tecnicas de Produccion Audiovisual - Musica Adaptada/Musica Original/Diseno de Sonido/Canciones/Jingles/Audio Logo/Uso de Licencias,Shortlist,Espana,Opella-Enterogermina,Enterogermina,Carino Contents,/awards/fiap/2025/campaigns/anty-murphys-law-toast-opella-mrm-2025-14/
Fiap,2025,Produccion,Anty Murphys Law Toast,Opella,MRM,McCann Worldgroup,IPG,Mejor Locucion Campana/Mensaje Internacional - TV/Web/Redes,Shortlist,Espana,Opella-Enterogermina,Enterogermina,Carino Contents,/awards/fiap/2025/campaigns/anty-murphys-law-toast-opella-mrm-2025-15/
Fiap,2025,Innovacion,Design your sleep while you sleep,IKEA Family,MRM,McCann Worldgroup,IPG,Innovacion en Tecnologia,Shortlist,Espana,IKEA,IKEA Family,N/A,/awards/fiap/2025/campaigns/design-your-sleep-while-you-sleep-ikea-family-mrm-2025-2/
Fiap,2025,Innovacion,Design your sleep while you sleep,IKEA Family,MRM,McCann Worldgroup,IPG,Innovacion en Mobile,Shortlist,Espana,IKEA,IKEA Family,N/A,/awards/fiap/2025/campaigns/design-your-sleep-while-you-sleep-ikea-family-mrm-2025-3/
Fiap,2025,Innovacion,Design your sleep while you sleep,IKEA Family,MRM,McCann Worldgroup,IPG,Innovacion en Activaciones,Shortlist,Espana,IKEA,IKEA Family,N/A,/awards/fiap/2025/campaigns/design-your-sleep-while-you-sleep-ikea-family-mrm-2025-4/
Fiap,2025,Innovacion,Design your sleep while you sleep,IKEA Family,MRM,McCann Worldgroup,IPG,Innovacion en Marketing Directo,Shortlist,Espana,IKEA,IKEA Family,N/A,/awards/fiap/2025/campaigns/design-your-sleep-while-you-sleep-ikea-family-mrm-2025-5/
Fiap,2025,Innovacion,Design your sleep while you sleep,IKEA Family,MRM,McCann Worldgroup,IPG,Salud,Shortlist,Espana,IKEA,IKEA Family,N/A,/awards/fiap/2025/campaigns/design-your-sleep-while-you-sleep-ikea-family-mrm-2025-6/
Fiap,2025,Innovacion,Allevia Pollen Passport,Allegra,MRM,McCann Worldgroup,IPG,Innovacion en Tecnologia,Shortlist,Espana,Opella-Allegra,Allegra,N/A,/awards/fiap/2025/campaigns/allevia-pollen-passport-allegra-mrm-2025-2/
Fiap,2025,Innovacion,Allevia Pollen Passport,Allegra,MRM,McCann Worldgroup,IPG,Innovacion en Marketing Directo,Shortlist,Espana,Opella-Allegra,Allegra,N/A,/awards/fiap/2025/campaigns/allevia-pollen-passport-allegra-mrm-2025-3/
Fiap,2025,Innovacion,Allevia Pollen Passport,Allegra,MRM,McCann Worldgroup,IPG,Salud,Shortlist,Espana,Opella-Allegra,Allegra,N/A,/awards/fiap/2025/campaigns/allevia-pollen-passport-allegra-mrm-2025-4/
Fiap,2025,Anuncios,Allevia Pollen Passport,Allegra,MRM,McCann Worldgroup,IPG,Salud,Shortlist,Espana,Opella-Allegra,Allegra,N/A,/awards/fiap/2025/campaigns/allevia-pollen-passport-allegra-mrm-2025-5/
Fiap,2025,Anuncios,Drowsy Prompts - Hamlet,Allegra,MRM,McCann Worldgroup,IPG,Uso de Inteligencia Artificial,Shortlist,Espana,Opella,Allegra,N/A,/awards/fiap/2025/campaigns/drowsy-prompts-hamlet-allegra-mrm-2025/
Fiap,2025,Formatos,La playlist de la Victoria,Cervezas Victoria,Arena/Jon Lavin/The Lion,Havas Media Network,Havas,Own Media - Video Plataforma - Audio,Shortlist,Espana,Cervezas Victoria,Cervezas Victoria,Lobokane,/awards/fiap/2025/campaigns/la-playlist-de-la-victoria-cervezas-victoria-arenajon-lavinthe-lion-2025/
Fiap,2025,Innovacion,El futbolin de las campeonas,ABANCA,Ernest,Independiente,Independiente,Innovacion en Outdoor/Via publica/Ambient,Shortlist,Espana,ABANCA,ABANCA,La Remedios,/awards/fiap/2025/campaigns/el-futbolin-de-las-campeonas-abanca-ernest-2025/
Fiap,2025,Innovacion,El futbolin de las campeonas,ABANCA,Ernest,Independiente,Independiente,Innovacion en Eventos/Experiencia,Shortlist,Espana,ABANCA,ABANCA,La Remedios,/awards/fiap/2025/campaigns/el-futbolin-de-las-campeonas-abanca-ernest-2025-2/
Fiap,2025,Innovacion,El futbolin de las campeonas,ABANCA,Ernest,Independiente,Independiente,Innovacion en Activaciones,Shortlist,Espana,ABANCA,ABANCA,La Remedios,/awards/fiap/2025/campaigns/el-futbolin-de-las-campeonas-abanca-ernest-2025-3/
Fiap,2025,Formatos,Creditos en accion,ABANCA Seguros,Ernest,Independiente,Independiente,Product Placement - Ficcion,Shortlist,Espana,ABANCA,ABANCA Seguros,La Remedios,/awards/fiap/2025/campaigns/creditos-en-accion-abanca-seguros-ernest-2025/
Fiap,2025,Innovacion,Creditos en accion,ABANCA Seguros,Ernest,Independiente,Independiente,Innovacion en Television,Shortlist,Espana,ABANCA,ABANCA Seguros,La Remedios,/awards/fiap/2025/campaigns/creditos-en-accion-abanca-seguros-ernest-2025-2/
Fiap,2025,Innovacion,Tres anuncios en las afueras,ABANCA Seguros,Ernest,Independiente,Independiente,Innovacion en Outdoor/Via publica/Ambient,Shortlist,Espana,ABANCA,ABANCA Seguros,La Remedios,/awards/fiap/2025/campaigns/tres-anuncios-en-las-afueras-abanca-seguros-ernest-2025/
Fiap,2025,Innovacion,Tres anuncios en las afueras,ABANCA Seguros,Ernest,Independiente,Independiente,Innovacion en Eventos/Experiencia,Shortlist,Espana,ABANCA,ABANCA Seguros,La Remedios,/awards/fiap/2025/campaigns/tres-anuncios-en-las-afueras-abanca-seguros-ernest-2025-2/
Fiap,2025,Innovacion,Tres anuncios en las afueras,ABANCA Seguros,Ernest,Independiente,Independiente,Innovacion en Marketing Directo,Shortlist,Espana,ABANCA,ABANCA Seguros,La Remedios,/awards/fiap/2025/campaigns/tres-anuncios-en-las-afueras-abanca-seguros-ernest-2025-3/
Fiap,2025,Produccion,Tres anuncios en las afueras,ABANCA Seguros,Ernest,Independiente,Independiente,Tecnicas de Produccion de BTL,Shortlist,Espana,ABANCA,ABANCA Seguros,La Remedios,/awards/fiap/2025/campaigns/tres-anuncios-en-las-afueras-abanca-seguros-ernest-2025-4/
Fiap,2025,Formatos,Entre Quejios,Turismo y Deporte de Andalucia,Ernest,Independiente,Independiente,Branded Content integrado a otras plataformas,Shortlist,Espana,Turismo y Deporte de Andalucia,Turismo y Deporte de Andalucia,La Remedios Casa Limon La Joya,/awards/fiap/2025/campaigns/entre-quejios-turismo-y-deporte-de-andalucia-ernest-2025/
Fiap,2025,Innovacion,Entre Quejios,Turismo y Deporte de Andalucia,Ernest,Independiente,Independiente,Innovacion en Musica,Shortlist,Espana,Turismo y Deporte de Andalucia,Turismo y Deporte de Andalucia,La Remedios Casa Limon La Joya,/awards/fiap/2025/campaigns/entre-quejios-turismo-y-deporte-de-andalucia-ernest-2025-2/
Fiap,2025,Anuncios,Entre Quejios,Turismo y Deporte de Andalucia,Ernest,Independiente,Independiente,Television/Cine/Digital - Mejor Musica Incidental/Mejor Cancion Original/Mejor Direccion Musical,Shortlist,Espana,Turismo y Deporte de Andalucia,Turismo y Deporte de Andalucia,La Remedios Casa Limon La Joya,/awards/fiap/2025/campaigns/entre-quejios-turismo-y-deporte-de-andalucia-ernest-2025-3/
Fiap,2025,Innovacion,Sorry Alex,Turismo y Deporte de Andalucia,Ernest,Independiente,Independiente,Innovacion en Outdoor/Via publica/Ambient,Shortlist,Espana,Turismo y Deporte de Andalucia,Turismo y Deporte de Andalucia,La Remedios,/awards/fiap/2025/campaigns/sorry-alex-turismo-y-deporte-de-andalucia-ernest-2025/
Fiap,2025,Anuncios,Sorry Alex,Turismo y Deporte de Andalucia,Ernest,Independiente,Independiente,Mejor Uso de la Cultura Local,Shortlist,Espana,Turismo y Deporte de Andalucia,Turismo y Deporte de Andalucia,La Remedios,/awards/fiap/2025/campaigns/sorry-alex-turismo-y-deporte-de-andalucia-ernest-2025-2/
Fiap,2025,Innovacion,Si tu no vas viene Jim,DUIN Sports Club,Ernest,Independiente,Independiente,Innovacion en Activaciones,Shortlist,Espana,DUIN Sports Club,DUIN Sports Club,La Remedios,/awards/fiap/2025/campaigns/si-tu-no-vas-viene-jim-duin-sports-club-ernest-2025/
Fiap,2025,Anuncios,La Reserva Rosa,Liga Contra El cancer,RosadoToledo&,Independiente,Independiente,Creatividad Efectiva - Bien Publico,Shortlist,Puerto Rico,Liga Contra El cancer,Clinica de La Liga Contra El cancer,Cine 70/Whisky,/awards/fiap/2025/campaigns/la-reserva-rosa-liga-contra-el-cancer-rosadotoledo-and-2025/
Fiap,2025,Anuncios,La Reserva Rosa,Liga Contra El cancer,RosadoToledo&,Independiente,Independiente,Salud,Shortlist,Puerto Rico,Liga Contra El cancer,Clinica de La Liga Contra El cancer,Cine 70/Whisky,/awards/fiap/2025/campaigns/la-reserva-rosa-liga-contra-el-cancer-rosadotoledo-and-2025-2/
Fiap,2025,Anuncios,La Reserva Rosa,Liga Contra El cancer,RosadoToledo&,Independiente,Independiente,Mejor Uso de la Cultura Local,Shortlist,Puerto Rico,Liga Contra El cancer,Clinica de La Liga Contra El cancer,Cine 70/Whisky,/awards/fiap/2025/campaigns/la-reserva-rosa-liga-contra-el-cancer-rosadotoledo-and-2025-3/
Fiap,2025,Formatos,La Reserva Rosa,Liga Contra El cancer,RosadoToledo&,Independiente,Independiente,Mejor Campana de Plataforma de Responsabilidad Social,Shortlist,Puerto Rico,Liga Contra El cancer,Clinica de La Liga Contra El cancer,Cine 70/Whisky,/awards/fiap/2025/campaigns/la-reserva-rosa-liga-contra-el-cancer-rosadotoledo-and-2025-4/
Fiap,2025,Anuncios,Supporting Numbers,Susan G Komen for the Cure,RosadoToledo&,Independiente,Independiente,Salud,Shortlist,Puerto Rico,Susan G Komen for the Cure,RACE FOR THE CURE,RosadoToledo&,/awards/fiap/2025/campaigns/supporting-numbers-susan-g-komen-for-the-cure-rosadotoledo-and-2025/
Fiap,2025,Innovacion,Supporting Numbers,Susan G Komen for the Cure,RosadoToledo&,Independiente,Independiente,Innovacion en Outdoor/Via publica/Ambient,Shortlist,Puerto Rico,Susan G Komen for the Cure,RACE FOR THE CURE,RosadoToledo&,/awards/fiap/2025/campaigns/supporting-numbers-susan-g-komen-for-the-cure-rosadotoledo-and-2025-2/
Fiap,2025,Innovacion,Supporting Numbers,Susan G Komen for the Cure,RosadoToledo&,Independiente,Independiente,Innovacion en Eventos/Experiencia,Shortlist,Puerto Rico,Susan G Komen for the Cure,RACE FOR THE CURE,RosadoToledo&,/awards/fiap/2025/campaigns/supporting-numbers-susan-g-komen-for-the-cure-rosadotoledo-and-2025-3/
Fiap,2025,Innovacion,Zero Runs = Pepsi Zero,Pepsi Zero,RosadoToledo&,Independiente,Independiente,Innovacion en Television,Shortlist,Puerto Rico,Pepsi,Pepsi Zero,RosadoToledo&,/awards/fiap/2025/campaigns/zero-runs-pepsi-zero-pepsi-zero-rosadotoledo-and-2025/
Fiap,2025,Innovacion,Zero Runs = Pepsi Zero,Pepsi Zero,RosadoToledo&,Independiente,Independiente,Innovacion en Eventos/Experiencia,Shortlist,Puerto Rico,Pepsi,Pepsi Zero,RosadoToledo&,/awards/fiap/2025/campaigns/zero-runs-pepsi-zero-pepsi-zero-rosadotoledo-and-2025-2/
Fiap,2025,Formatos,Zero Runs = Pepsi Zero,Pepsi Zero,RosadoToledo&,Independiente,Independiente,Live Experience,Shortlist,Puerto Rico,Pepsi,Pepsi Zero,RosadoToledo&,/awards/fiap/2025/campaigns/zero-runs-pepsi-zero-pepsi-zero-rosadotoledo-and-2025-3/
Fiap,2025,Innovacion,Sweat Store,Gatorade,RosadoToledo&,Independiente,Independiente,Innovacion en Activaciones,Shortlist,Puerto Rico,Pepsico & CBC,Gatorade,RosadoToledo&,/awards/fiap/2025/campaigns/sweat-store-gatorade-rosadotoledo-and-2025/
Fiap,2025,Innovacion,Love Language Lessons,Duolingo,Bendita Carpeta,N/A,N/A,Estudiantes,Shortlist,Chile,Duolingo,Love Language Lessons,N/A,/awards/fiap/2025/campaigns/love-language-lessons-duolingo-bendita-carpeta-2025/
Fiap,2025,Innovacion,The Missing Team,Sandy Hook Promise,Miami Ad School,N/A,N/A,Estudiantes,Shortlist,Mexico,Sandy Hook Promise,EA Sports College Football 2025,Estudiantes,/awards/fiap/2025/campaigns/the-missing-team-sandy-hook-promise-miami-ad-school-2025/
Fiap,2025,Formatos,Corona Suntimer,Cerveza Corona,El Taier DDB Centro,DDB Worldwide,Omnicom,Live Experience,Shortlist,Guatemala,Cerveceria Ambev,Cerveza,Mento Media,/awards/fiap/2025/campaigns/corona-suntimer-cerveza-corona-el-taier-ddb-centro-2025/
Fiap,2025,Formatos,Corona Suntimer,Cerveza Corona,El Taier DDB Centro,DDB Worldwide,Omnicom,Mejor Uso de Ambient Media,Shortlist,Guatemala,Cerveceria Ambev,Cerveza,Mento Media,/awards/fiap/2025/campaigns/corona-suntimer-cerveza-corona-el-taier-ddb-centro-2025-2/
Fiap,2025,Innovacion,Corona Suntimer,Cerveza Corona,El Taier DDB Centro,DDB Worldwide,Omnicom,Innovacion en Outdoor/Via publica/Ambient,Shortlist,Guatemala,Cerveceria Ambev,Cerveza,Mento Media,/awards/fiap/2025/campaigns/corona-suntimer-cerveza-corona-el-taier-ddb-centro-2025-3/
Fiap,2025,Innovacion,Corona Suntimer,Cerveza Corona,El Taier DDB Centro,DDB Worldwide,Omnicom,Innovacion en Eventos/Experiencia,Shortlist,Guatemala,Cerveceria Ambev,Cerveza,Mento Media,/awards/fiap/2025/campaigns/corona-suntimer-cerveza-corona-el-taier-ddb-centro-2025-4/
Fiap,2025,Innovacion,Corona Suntimer,Cerveza Corona,El Taier DDB Centro,DDB Worldwide,Omnicom,Innovacion en Activaciones,Shortlist,Guatemala,Cerveceria Ambev,Cerveza,Mento Media,/awards/fiap/2025/campaigns/corona-suntimer-cerveza-corona-el-taier-ddb-centro-2025-5/
Fiap,2025,Innovacion,Corona Suntimer,Cerveza Corona,El Taier DDB Centro,DDB Worldwide,Omnicom,Innovacion en Marketing Directo,Shortlist,Guatemala,Cerveceria Ambev,Cerveza,Mento Media,/awards/fiap/2025/campaigns/corona-suntimer-cerveza-corona-el-taier-ddb-centro-2025-6/
Fiap,2025,Innovacion,Leosapp,SuperFrango,Filadelfia,Independiente,Independiente,Innovacion en plataformas digitales,Shortlist,Brasil,Sao Salvador Alimentos,Muslos y contramuslos de pollo deshuesados,Jnto,/awards/fiap/2025/campaigns/leosapp-superfrango-filadelfia-2025/
Fiap,2025,Anuncios,Leosapp,SuperFrango,Filadelfia,Independiente,Independiente,Uso de Inteligencia Artificial,Shortlist,Brasil,Sao Salvador Alimentos,Muslos y contramuslos de pollo deshuesados,Jnto,/awards/fiap/2025/campaigns/leosapp-superfrango-filadelfia-2025-2/
Fiap,2025,Innovacion,Styled to Stay,IKEA,Brother,N/A,N/A,Estudiantes,Shortlist,Uruguay,IKEA,Styled to Stay,N/A,/awards/fiap/2025/campaigns/styled-to-stay-ikea-brother-2025/
Fiap,2025,Innovacion,Amis7ad Apas10nada,Schneider,Brother,N/A,N/A,Estudiantes,Shortlist,Argentina,N/A,Lata Schneider 710ml,N/A,/awards/fiap/2025/campaigns/amis7ad-apas10nada-schneider-brother-2025/
Fiap,2025,Formatos,Pizza Pizza Voice Jumper,Little Caesars,Digitas,Publicis Worldwide,Publicis Groupe,Advergaming,Shortlist,Guatemala,Coralsa - Little Caesars Guatemala,Little Caesars,Pits Guatemala,/awards/fiap/2025/campaigns/pizza-pizza-voice-jumper-little-caesars-digitas-2025/
Fiap,2025,Formatos,Amis7ad Apas10nada,Schneider,Brother,N/A,N/A,Estudiantes,Shortlist,Argentina,N/A,Lata Schneider 710ml,N/A,/awards/fiap/2025/campaigns/amis7ad-apas10nada-schneider-brother-2025-2/
Fiap,2025,Anuncios,InvertirIA como ellos,Valores Casa de Bolsa,Biedermann McCann,McCann Worldgroup,IPG,Grafica - Varios,Shortlist,Paraguay,Valores Casa de Bolsa,Alianza Inviu,Biedermann,/awards/fiap/2025/campaigns/invertiria-como-ellos-valores-casa-de-bolsa-biedermann-mccann-2025/
Fiap,2025,Formatos,Duo Grails,Duolingo,Miami Ad School,N/A,N/A,Estudiantes,Shortlist,Mexico,Duolingo,Duo Grails,N/A,/awards/fiap/2025/campaigns/duo-grails-duolingo-miami-ad-school-2025/
Fiap,2025,Formatos,idolas no Reconocidas,Mastercard,WMcCann,McCann Worldgroup,IPG,Branded Content integrado a otras plataformas,Shortlist,Brasil,Mastercard,Mastercard,Piloto,/awards/fiap/2025/campaigns/idolas-no-reconocidas-mastercard-wmccann-2025/
Fiap,2025,Formatos,Fabio Cesar Ferreira,Lacta Bis,BPS (Brand Partnership Studio),Amazon Serviï¿½os de Varejo do Brasil Ltda,Amazon,Branded Content - Programa de Entretenimiento,Shortlist,Brasil,Mondelez Lacta Brasil,Bis,Brand Partnership Studio,/awards/fiap/2025/campaigns/fabio-cesar-ferreira-lacta-bis-bps-brand-partnership-studio-2025/
Fiap,2025,Formatos,Fabio Cesar Ferreira,Lacta Bis,BPS (Brand Partnership Studio),Amazon Serviï¿½os de Varejo do Brasil Ltda,Amazon,Advergaming,Shortlist,Brasil,Mondelez Lacta Brasil,Bis,Brand Partnership Studio,/awards/fiap/2025/campaigns/fabio-cesar-ferreira-lacta-bis-bps-brand-partnership-studio-2025-2/
Fiap,2025,Formatos,idolas no Reconocidas,Mastercard,WMcCann,McCann Worldgroup,IPG,Mejor Uso de Ambient Media,Shortlist,Brasil,Mastercard,Mastercard,Piloto,/awards/fiap/2025/campaigns/idolas-no-reconocidas-mastercard-wmccann-2025-2/
Fiap,2025,Anuncios,Llevamos mas tiempo aqui que lo muy de aqui,Burger King,This is Libre,Independiente,Independiente,Television/Cine/Digital - Alimentos/Comidas/Bebidas Alcoholicas/No Alcoholicas,Shortlist,Espana,Burger King Espana,Burger King,Roma,/awards/fiap/2025/campaigns/llevamos-mas-tiempo-aqui-que-lo-muy-de-aqui-burger-king-this-is-libre-2025/
Fiap,2025,Anuncios,Llevamos mas tiempo aqui que lo muy de aqui,Burger King,This is Libre,Independiente,Independiente,Mejor Uso de la Cultura Local,Shortlist,Espana,Burger King Espana,Burger King,Roma,/awards/fiap/2025/campaigns/llevamos-mas-tiempo-aqui-que-lo-muy-de-aqui-burger-king-this-is-libre-2025-2/
Fiap,2025,Anuncios,Identique,Campofrio,This is Libre,Independiente,Independiente,Campanas Integrales,Shortlist,Espana,Campofrio,Campofrio,Harry,/awards/fiap/2025/campaigns/identique-campofrio-this-is-libre-2025/
Fiap,2025,Anuncios,Identique,Campofrio,This is Libre,Independiente,Independiente,Creatividad Efectiva - Aporte Cultural y/o Multicultural,Shortlist,Espana,Campofrio SL,Campofrio,Harry,/awards/fiap/2025/campaigns/identique-campofrio-this-is-libre-2025-2/
Fiap,2025,Anuncios,Identique,Campofrio,This is Libre,Independiente,Independiente,Mejor Uso de la Cultura Local,Shortlist,Espana,Campofrio,Campofrio,Harry,/awards/fiap/2025/campaigns/identique-campofrio-this-is-libre-2025-3/
Fiap,2025,Formatos,Identique,Campofrio,This is Libre,Independiente,Independiente,Medios Integrados/Contenido 360,Shortlist,Espana,Campofrio,Campofrio,Harry,/awards/fiap/2025/campaigns/identique-campofrio-this-is-libre-2025-4/
Fiap,2025,Anuncios,A unos libros de distancia,Casa del Libro,This is Libre,Independiente,Independiente,Radio - Negocios al publico,Shortlist,Espana,Casa del Libro,Casa del Libro,Essencial Producciones,/awards/fiap/2025/campaigns/a-unos-libros-de-distancia-casa-del-libro-this-is-libre-2025/
Fiap,2025,Anuncios,A unos libros de distancia,Casa del Libro,This is Libre,Independiente,Independiente,Uso Creativo del Espacio en Publicidad de Eventos,Shortlist,Espana,Casa del Libro,Casa del Libro,Essencial Producciones,/awards/fiap/2025/campaigns/a-unos-libros-de-distancia-casa-del-libro-this-is-libre-2025-2/
Fiap,2025,Formatos,A unos libros de distancia,Casa del Libro,This is Libre,Independiente,Independiente,Desarrollo Tecnologico,Shortlist,Espana,Casa del Libro,Casa del Libro,Essencial Producciones,/awards/fiap/2025/campaigns/a-unos-libros-de-distancia-casa-del-libro-this-is-libre-2025-3/
Fiap,2025,Formatos,A unos libros de distancia,Casa del Libro,This is Libre,Independiente,Independiente,Mejor Uso de Ambient Media,Shortlist,Espana,Casa del Libro,Casa del Libro,Essencial Producciones,/awards/fiap/2025/campaigns/a-unos-libros-de-distancia-casa-del-libro-this-is-libre-2025-4/
Fiap,2025,Innovacion,A unos libros de distancia,Casa del Libro,This is Libre,Independiente,Independiente,Innovacion en Outdoor/Via publica/Ambient,Shortlist,Espana,Casa del Libro,Casa del Libro,Essencial Producciones,/awards/fiap/2025/campaigns/a-unos-libros-de-distancia-casa-del-libro-this-is-libre-2025-5/
Fiap,2025,Formatos,Incomplete Ads,Quesos Que Rico,Mccann Worldgroup,McCann Worldgroup,IPG,Social Content,Shortlist,Panama,Nestle ï¿½,Quesos Que Rico,Latido,/awards/fiap/2025/campaigns/incomplete-ads-quesos-que-rico-mccann-worldgroup-2025/
Fiap,2025,Innovacion,Incomplete Ads,Quesos Que Rico,Mccann Worldgroup,McCann Worldgroup,IPG,Innovacion en Redes Sociales,Shortlist,Panama,Nestle ï¿½,Quesos Que Rico,Latido,/awards/fiap/2025/campaigns/incomplete-ads-quesos-que-rico-mccann-worldgroup-2025-2/
Fiap,2025,Anuncios,Cold Activated Announcers,Coors Light,Alma,DDB Worldwide,Omnicom,Radio - Alimentos/Comidas/Bebidas Alcoholicas/No Alcoholicas,Shortlist,USA,Molson Coors Beverage Company,Coors Light,Omnicom Production - Omnicom Studios - Crown Street Films - Animal Music,/awards/fiap/2025/campaigns/cold-activated-announcers-coors-light-alma-2025-2/
Fiap,2025,Formatos,DesafIA El nuevo Desafio Pepsi,Pepsi,Becoming Mode & Nro3,Becoming Mode & Nro3,Becoming Mode & Nro3,Live Experience,Shortlist,Argentina,PepsiCo,Pepsi Zero,Rebolucion & Macarena,/awards/fiap/2025/campaigns/desafia-el-nuevo-desafio-pepsi-pepsi-becoming-mode-and-nro3-2025/
Fiap,2025,Produccion,Cold Activated Announcers,Coors Light,Alma,DDB Worldwide,Omnicom,Mejor Locucion Comercial - Radio,Shortlist,USA,Molson Coors Beverage Company,Coors Light,Omnicom Production - Omnicom Studios - Crown Street Films - Animal Music,/awards/fiap/2025/campaigns/cold-activated-announcers-coors-light-alma-2025-3/
Fiap,2025,Produccion,Cold Activated Announcers,Coors Light,Alma,DDB Worldwide,Omnicom,Mejor Locucion Idioma Extranjero - (Excluye espanol y portugues),Shortlist,USA,Molson Coors Beverage Company,Coors Light,Omnicom Production - Omnicom Studios - Crown Street Films - Animal Music,/awards/fiap/2025/campaigns/cold-activated-announcers-coors-light-alma-2025-4/
Fiap,2025,Formatos,DesafIA El nuevo Desafio Pepsi,Pepsi,Becoming Mode & Nro3,Becoming Mode & Nro3,Becoming Mode & Nro3,Uso de Inteligencia Artificial,Shortlist,Argentina,PepsiCo,Pepsi Zero,Rebolucion & Macarena,/awards/fiap/2025/campaigns/desafia-el-nuevo-desafio-pepsi-pepsi-becoming-mode-and-nro3-2025-2/
Fiap,2025,Innovacion,DesafIA El nuevo Desafio Pepsi,Pepsi,Becoming Mode & Nro3,Becoming Mode & Nro3,Becoming Mode & Nro3,Mejor Experiencia Interactiva y Creativa en Evento,Shortlist,Argentina,PepsiCo,Pepsi Zero,Rebolucion & Macarena,/awards/fiap/2025/campaigns/desafia-el-nuevo-desafio-pepsi-pepsi-becoming-mode-and-nro3-2025-3/
Fiap,2025,Formatos,Saving Pelotica de Goma,Pelotica de Goma,La Web Figital Agency/Buentipo,Independiente,Independiente,Mejor Uso de Influencer en cualquier plataforma,Shortlist,Venezuela,Vacilate Esto,Saving Pelotica de Goma/Torneo Pelotica de Goma Vacilate Esto,La web Figital Agency/Buentipo,/awards/fiap/2025/campaigns/saving-pelotica-de-goma-pelotica-de-goma-la-web-figital-agencybuentipo-2025/
Fiap,2025,Formatos,Saving Pelotica de Goma,Vacilate Esto,La Web Figital Agency/Buentipo,Independiente,Independiente,Live Experience,Shortlist,Venezuela,Pelotica de Goma,Saving Pelotica de Goma/Torneo Pelotica de Goma Vacilate Esto,El Patio Content Sudio/Buentipo,/awards/fiap/2025/campaigns/saving-pelotica-de-goma-vacilate-esto-la-web-figital-agencybuentipo-2025/
Fiap,2025,Formatos,Saving Pelotica de Goma,Vacilate Esto,La Web Figital Agency/Buentipo,Independiente,Independiente,Evento en Vivo o Hibrido,Shortlist,Venezuela,Pelotica de Goma,Saving Pelotica de Goma/Torneo Pelotica de Goma Vacilate Esto,La web Figital Agency/Buentipo,/awards/fiap/2025/campaigns/saving-pelotica-de-goma-vacilate-esto-la-web-figital-agencybuentipo-2025-2/
Fiap,2025,Anuncios,InvertirIA como ellos,Valores Casa de Bolsa,Biedermann McCann,McCann Worldgroup,IPG,Grafica - Campanas (Productos/Servicios/Corporativas),Shortlist,Paraguay,Valores Casa de Bolsa,Alianza Inviu,Biedermann,/awards/fiap/2025/campaigns/invertiria-como-ellos-valores-casa-de-bolsa-biedermann-mccann-2025-2/
Fiap,2025,Innovacion,[BAR] Pilsener,Pilsener,draftLine ABINBEV,Inhouse,Inhouse,Innovacion en Gaming y Entretenimiento,Shortlist,Ecuador,Ab-inbev,Pilsener,DraftLine Studios- Productora In-House,/awards/fiap/2025/campaigns/bar-pilsener-pilsener-draftline-abinbev-2025/
Fiap,2025,Innovacion,[BAR] Pilsener,Pilsener,draftLine ABINBEV,Inhouse,Inhouse,Innovacion en Activaciones,Shortlist,Ecuador,Ab-inbev,Pilsener,DraftLine Studios- Productora In-House,/awards/fiap/2025/campaigns/bar-pilsener-pilsener-draftline-abinbev-2025-2/
Fiap,2025,Anuncios,No seas paloma,Oldspice,Digitas,Publicis Worldwide,Publicis Groupe,Television/Cine/Digital - Higiene domestica personal/Belleza/Cosmetica/Perfumeria/Articulos medicinales y Farmaceuticos,Shortlist,Peru,Procter and Gamble,Oldpice en barra,Rebeca,/awards/fiap/2025/campaigns/no-seas-paloma-oldspice-digitas-2025/
Fiap,2025,Formatos,Conchita predictions,Juan Valdez,Inside Studio,Independiente,Independiente,Social Content,Shortlist,Colombia,Juan Valdez,N/A,Zuan Film,/awards/fiap/2025/campaigns/conchita-predictions-juan-valdez-inside-studio-2025/
Fiap,2025,Anuncios,[BAR] Pilsener,Pilsener,draftLine ABINBEV,Inhouse,Inhouse,Television/Cine/Digital - Alimentos/Comidas/Bebidas Alcoholicas/No Alcoholicas,Shortlist,Ecuador,Ab-Inbev,Pilsener,DraftLine Studios- Productora In-House,/awards/fiap/2025/campaigns/bar-pilsener-pilsener-draftline-abinbev-2025-3/
Fiap,2025,Anuncios,Fire Prints,Revista Unquiet,Tech And Soul,Tech And Soul,Tech And Soul,Grafica - Recreacion/Placer/Tiempo Libre/Transporte/Viajes/Turismo,Shortlist,Brasil,Revista Unquiet,Institucional,Tech and Soul,/awards/fiap/2025/campaigns/fire-prints-revista-unquiet-tech-and-soul-2025/
Fiap,2025,Produccion,Fire Prints,Revista Unquiet,Tech And Soul,Tech And Soul,Tech And Soul,Tecnicas de Produccion Grafica - Direccion de Arte,Shortlist,Brasil,Revista Unquiet,Institucional,Tech and Soul,/awards/fiap/2025/campaigns/fire-prints-revista-unquiet-tech-and-soul-2025-2/
Fiap,2025,Formatos,Art Hits,B3 Pinacoteca Kondzilla,Tech And Soul,Tech And Soul,Tech And Soul,Music Content,Shortlist,Brasil,B3,B3 Cultura,Save this name,/awards/fiap/2025/campaigns/art-hits-b3-pinacoteca-kondzilla-tech-and-soul-2025/
Fiap,2025,Formatos,Art Hits,B3 Pinacoteca Kondzilla,Tech And Soul,Tech And Soul,Tech And Soul,Social Content,Shortlist,Brasil,B3,B3 Cultura,Save this name,/awards/fiap/2025/campaigns/art-hits-b3-pinacoteca-kondzilla-tech-and-soul-2025-2/
Fiap,2025,Innovacion,Cup Of Duty,KRAFT MAC & CHEESE,Miami Ad School,N/A,N/A,Estudiantes,Shortlist,Colombia,KRAFT MAC & CHEESE,MAC & CHEESE,N/A,/awards/fiap/2025/campaigns/cup-of-duty-kraft-mac-and-cheese-miami-ad-school-2025/
Fiap,2025,Innovacion,Habitaciones que no callan,Movimiento de valientes Latino America y el Caribe,Publicidad Comercial MullenLowe,MullenLowe Group,IPG,Innovacion en PR,Shortlist,El Salvador,Movimiento de valientes Latino America y el Caribe,Movimiento de valientes Latino America y el Caribe,Mullenlowe SSP3/Gaspar,/awards/fiap/2025/campaigns/habitaciones-que-no-callan-movimiento-de-valientes-latino-america-y-el-caribe-publicidad-comercial-mullenlowe-2025/
Fiap,2025,Innovacion,Vacilate AI,Vacilate Esto,La Web Figital Agency,Independiente,Independiente,Innovacion en Radio,Shortlist,Venezuela,Vacilate Esto,Vacilate AI,Estrella Rodriguez,/awards/fiap/2025/campaigns/vacilate-ai-vacilate-esto-la-web-figital-agency-2025/
Fiap,2025,Formatos,zZztreaming,360 Energy Drink,Digitas,Publicis Worldwide,Publicis Groupe,Live Experience,Shortlist,Peru,Industrias San Miguel,360 Energy Drink Gamer,The Pub,/awards/fiap/2025/campaigns/zzztreaming-360-energy-drink-digitas-2025/
Fiap,2025,Innovacion,Powerade Reflective Label,Powerade,Independiente,N/A,N/A,Estudiantes,Shortlist,Peru,Coca Cola,Bebida isotonica,N/A,/awards/fiap/2025/campaigns/powerade-reflective-label-powerade-independiente-2025/
Fiap,2025,Innovacion,Samsung Impulse,Samsung,Cheil,Cheil Worldwide,Cheil,Uso de Inteligencia Artificial,Shortlist,Espana,Samsung Electronics Iberia,Galaxy Watch,Somos5,/awards/fiap/2025/campaigns/samsung-impulse-samsung-cheil-2025/
Fiap,2025,Innovacion,The Mind Guardian,Samsung,Cheil,Cheil Worldwide,Cheil,Salud,Shortlist,Espana,Samsung Electronics Iberia,Galaxy Tab & Cualquier tablet Android independientemente de la marca,Somos5,/awards/fiap/2025/campaigns/the-mind-guardian-samsung-cheil-2025/
Fiap,2025,Formatos,Nescafe Decaf Billboards,Nescafe,Star5 Creative Inc,Ogilvy,WPP,Via Publica,Shortlist,Panama,Nestle,Cafe Descafeinado,VFX,/awards/fiap/2025/campaigns/nescafe-decaf-billboards-nescafe-star5-creative-inc-2025/
Fiap,2025,Innovacion,Airbnbees - Luis Artadi & Joan Valenzuela,Airbnb,La Calle Escuela Creativa,N/A,N/A,Estudiantes,Shortlist,Peru,Airbnb,Airbnb,N/A,/awards/fiap/2025/campaigns/airbnbees-luis-artadi-and-joan-valenzuela-airbnb-la-calle-escuela-creativa-2025/
Fiap,2025,Innovacion,HackaGo,Google Cloud,Miami Ad School,N/A,N/A,Estudiantes,Shortlist,Espana,Google Cloud,Google Cloud,Google,/awards/fiap/2025/campaigns/hackago-google-cloud-miami-ad-school-2025/
Fiap,2025,Anuncios,El Rondon de Polar,Polar Pilsen,RG2 FCB,FCB,IPG,Television/Cine/Digital - Alimentos/Comidas/Bebidas Alcoholicas/No Alcoholicas,Shortlist,Venezuela,Polar Pilsen,Polar Pilsen,El Living,/awards/fiap/2025/campaigns/el-rondon-de-polar-polar-pilsen-rg2-fcb-2025/
Fiap,2025,Produccion,Descubre La Guajira,Discover La Guajira - DMO (destination management office),Tornus,Independiente,Independiente,Tecnicas de Produccion Audiovisual - Direccion General,Shortlist,Colombia,Gobernacion La Guajira,La Guajira - territorio turistico Promocion de destino,Tornus,/awards/fiap/2025/campaigns/descubre-la-guajira-discover-la-guajira-dmo-destination-management-office-tornus-2025/
Fiap,2025,Produccion,Descubre La Guajira,Discover La Guajira - DMO (destination management office),Tornus,Independiente,Independiente,Tecnicas de Produccion Audiovisual - Edicion,Shortlist,Colombia,Gobernacion La Guajira,La Guajira - territorio turistico Promocion de destino,Tornus,/awards/fiap/2025/campaigns/descubre-la-guajira-discover-la-guajira-dmo-destination-management-office-tornus-2025-2/
Fiap,2025,Innovacion,Grandgamer,Xbox,Miami Ad School,N/A,N/A,Estudiantes,Shortlist,Mexico,Xbox,Terapias,Estudiantes,/awards/fiap/2025/campaigns/grandgamer-xbox-miami-ad-school-2025/
Fiap,2025,Formatos,Nescafe Decaf Billboards,Nescafe,Star5 Creative Inc,Ogilvy,WPP,Mejor Uso de Ambient Media,Shortlist,Panama,Nestle,Cafe Descafeinado,VFX,/awards/fiap/2025/campaigns/nescafe-decaf-billboards-nescafe-star5-creative-inc-2025-2/
Fiap,2025,Innovacion,Nescafe Decaf Billboards,Nescafe,Star5 Creative Inc,Ogilvy,WPP,Innovacion en Outdoor/Via publica/Ambient,Shortlist,Panama,Nestle,Cafe Descafeinado,VFX,/awards/fiap/2025/campaigns/nescafe-decaf-billboards-nescafe-star5-creative-inc-2025-3/
Fiap,2025,Anuncios,Nescafe Decaf Billboards,Nescafe,Star5 Creative Inc,Ogilvy,WPP,Via Publica - Productos,Shortlist,Panama,Nestle,Cafe Descafeinado,VFX,/awards/fiap/2025/campaigns/nescafe-decaf-billboards-nescafe-star5-creative-inc-2025-4/
Fiap,2025,Anuncios,Nescafe Decaf Billboards,Nescafe,Star5 Creative Inc,Ogilvy,WPP,Via Publica - Campanas,Shortlist,Panama,Nestle,Cafe Descafeinado,VFX,/awards/fiap/2025/campaigns/nescafe-decaf-billboards-nescafe-star5-creative-inc-2025-5/
Fiap,2025,Anuncios,Nescafe Decaf Billboards,Nescafe,Star5 Creative Inc,Ogilvy,WPP,Mejor Uso de la Cultura Local,Shortlist,Panama,Nestle,Cafe Descafeinado,VFX,/awards/fiap/2025/campaigns/nescafe-decaf-billboards-nescafe-star5-creative-inc-2025-6/
Fiap,2025,Innovacion,Mujeres Valiosas,Casa de Moneda de Chile,Inbrax,SAB Marketing Connections,SAB Marketing Connections,Innovacion en Medios Impresos,Shortlist,Chile,Casa de Moneda de Chile,Impreso Conmemorativo 280 Anos,N/A,/awards/fiap/2025/campaigns/mujeres-valiosas-casa-de-moneda-de-chile-inbrax-2025/
Fiap,2025,Formatos,The Diving Counter,Disney+,Bendita Carpeta,N/A,N/A,Estudiantes,Shortlist,Colombia,Disney+,Disney+,N/A,/awards/fiap/2025/campaigns/the-diving-counter-disney-bendita-carpeta-2025/
Fiap,2025,Innovacion,DuoLobby,Duolingo,Bendita Carpeta,N/A,N/A,Estudiantes,Shortlist,Chile,Duolingo,Overlay app,N/A,/awards/fiap/2025/campaigns/duolobby-duolingo-bendita-carpeta-2025/
Fiap,2025,Formatos,Unboxer de prevencion,Chilesincancer,Inbrax,SAB Marketing Connections,SAB Marketing Connections,Salud,Shortlist,Chile,Chilesincancer,Unboxer de prevencion,Why Not Films,/awards/fiap/2025/campaigns/unboxer-de-prevencion-chilesincancer-inbrax-2025/
Fiap,2025,Innovacion,Unboxer de prevencion,Chilesincancer,Inbrax,SAB Marketing Connections,SAB Marketing Connections,Salud,Shortlist,Chile,Chilesincancer,Unboxer de prevencion,Why Not Films,/awards/fiap/2025/campaigns/unboxer-de-prevencion-chilesincancer-inbrax-2025-2/
Fiap,2025,Innovacion,Unboxer de prevencion,Chilesincancer,Inbrax,SAB Marketing Connections,SAB Marketing Connections,Innovacion en Marketing Directo,Shortlist,Chile,Chilesincancer,Unboxer de prevencion,Why Not Films,/awards/fiap/2025/campaigns/unboxer-de-prevencion-chilesincancer-inbrax-2025-3/
Fiap,2025,Formatos,DuoMiles,Duolingo,Bendita Carpeta,N/A,N/A,Estudiantes,Shortlist,Colombia,Duolingo,Duolingo,N/A,/awards/fiap/2025/campaigns/duomiles-duolingo-bendita-carpeta-2025/
Fiap,2025,Formatos,Mayo Leaks,Hellmanns,Bendita Carpeta,N/A,N/A,Estudiantes,Shortlist,Colombia,Hellmanns,Hellmanns,N/A,/awards/fiap/2025/campaigns/mayo-leaks-hellmanns-bendita-carpeta-2025/
Fiap,2025,Innovacion,Habitaciones que no callan,Movimiento de valientes Latino America y el Caribe,Publicidad Comercial MullenLowe,MullenLowe Group,IPG,Innovacion en Marketing Directo,Shortlist,El Salvador,Movimiento de valientes Latino America y el Caribe,Movimiento de valientes Latino America y el Caribe,Mullenlowe SSP3/Gaspar,/awards/fiap/2025/campaigns/habitaciones-que-no-callan-movimiento-de-valientes-latino-america-y-el-caribe-publicidad-comercial-mullenlowe-2025-2/
Fiap,2025,Innovacion,Habitaciones que no callan,Movimiento de valientes Latino America y el Caribe,Publicidad Comercial MullenLowe,MullenLowe Group,IPG,Innovacion en Eventos/Experiencia,Shortlist,El Salvador,Movimiento de valientes Latino America y el Caribe,Movimiento de valientes Latino America y el Caribe,Mullenlowe SSP3/Gaspar,/awards/fiap/2025/campaigns/habitaciones-que-no-callan-movimiento-de-valientes-latino-america-y-el-caribe-publicidad-comercial-mullenlowe-2025-3/
Fiap,2025,Anuncios,Habitaciones que no callan,Movimiento de valientes Latino America y el Caribe,Publicidad Comercial MullenLowe,MullenLowe Group,IPG,Transformacion Social - ONG,Shortlist,El Salvador,Movimiento de valientes Latino America y el Caribe,Movimiento de valientes Latino America y el Caribe,Mullenlowe SSP3/Gaspar,/awards/fiap/2025/campaigns/habitaciones-que-no-callan-movimiento-de-valientes-latino-america-y-el-caribe-publicidad-comercial-mullenlowe-2025-4/
Fiap,2025,Formatos,Sonando Con DiDi,DiDi Rides,Initiative,Mediabrands,IPG,Own Media - Video Plataforma - Video,Shortlist,Mexico,DiDi Mexico,DiDi Rides,N/A,/awards/fiap/2025/campaigns/sonando-con-didi-didi-rides-initiative-2025/
Fiap,2025,Anuncios,Habitaciones que no callan,Movimiento de valientes Latino America y el Caribe,Publicidad Comercial MullenLowe,MullenLowe Group,IPG,Uso Creativo del Espacio en Publicidad de Eventos,Shortlist,El Salvador,Movimiento de valientes Latino America y el Caribe,Movimiento de valientes Latino America y el Caribe,Mullenlowe SSP3/Gaspar,/awards/fiap/2025/campaigns/habitaciones-que-no-callan-movimiento-de-valientes-latino-america-y-el-caribe-publicidad-comercial-mullenlowe-2025-5/
Fiap,2025,Anuncios,Habitaciones que no callan,Movimiento de valientes Latino America y el Caribe,Publicidad Comercial MullenLowe,MullenLowe Group,IPG,Creatividad Efectiva - Bien Publico,Shortlist,El Salvador,Movimiento de valientes Latino America y el Caribe,Movimiento de valientes Latino America y el Caribe,Mullenlowe SSP3/Gaspar,/awards/fiap/2025/campaigns/habitaciones-que-no-callan-movimiento-de-valientes-latino-america-y-el-caribe-publicidad-comercial-mullenlowe-2025-6/
Fiap,2025,Produccion,Habitaciones que no callan,Movimiento de valientes Latino America y el Caribe,Publicidad Comercial MullenLowe,MullenLowe Group,IPG,Tecnicas de Produccion en PR,Shortlist,El Salvador,Movimiento de valientes Latino America y el Caribe,Movimiento de valientes Latino America y el Caribe,Mullenlowe SSP3/Gaspar,/awards/fiap/2025/campaigns/habitaciones-que-no-callan-movimiento-de-valientes-latino-america-y-el-caribe-publicidad-comercial-mullenlowe-2025-7/
Fiap,2025,Produccion,Habitaciones que no callan,Movimiento de valientes Latino America y el Caribe,Publicidad Comercial MullenLowe,MullenLowe Group,IPG,Tecnicas de Produccion de BTL,Shortlist,El Salvador,Movimiento de valientes Latino America y el Caribe,Movimiento de valientes Latino America y el Caribe,Mullenlowe SSP3/Gaspar,/awards/fiap/2025/campaigns/habitaciones-que-no-callan-movimiento-de-valientes-latino-america-y-el-caribe-publicidad-comercial-mullenlowe-2025-8/
Fiap,2025,Innovacion,The Antidoping Burger,Burger King,Bendita Carpeta,N/A,N/A,Estudiantes,Shortlist,Mexico,Burger King,The Impossible Burger,N/A,/awards/fiap/2025/campaigns/the-antidoping-burger-burger-king-bendita-carpeta-2025/
Fiap,2025,Innovacion,Player 024,Ministerio de Sanidad,The Atomic Garden,N/A,N/A,Estudiantes,Shortlist,Espana,Gobierno de Espana,Linea 024 (Linea de atencion a la conducta suicida),N/A,/awards/fiap/2025/campaigns/player-024-ministerio-de-sanidad-the-atomic-garden-2025/
Fiap,2025,Innovacion,Heinzterception,Heinz,Teran,TBWA Worldwide,Omnicom,Innovacion en Eventos/Experiencia,Shortlist,Mexico,Kraft Heinz Mexico,Core,Disco,/awards/fiap/2025/campaigns/heinzterception-heinz-teran-2025/
Fiap,2025,Innovacion,Heinzterception,Heinz,Teran,TBWA Worldwide,Omnicom,Innovacion en Redes Sociales,Shortlist,Mexico,Kraft Heinz Mexico,Core,Disco,/awards/fiap/2025/campaigns/heinzterception-heinz-teran-2025-2/
Fiap,2025,Innovacion,Heinzterception,Heinz,Teran,TBWA Worldwide,Omnicom,Mejor Experiencia Interactiva y Creativa en Evento,Shortlist,Mexico,Kraft Heinz Mexico,Core,Disco,/awards/fiap/2025/campaigns/heinzterception-heinz-teran-2025-3/
Fiap,2025,Formatos,The Cheapest Transfers,Bodega Aurrera,Teran,TBWA Worldwide,Omnicom,Advergaming,Shortlist,Mexico,Bodega Aurrera,N/A,N/A,/awards/fiap/2025/campaigns/the-cheapest-transfers-bodega-aurrera-teran-2025/
Fiap,2025,Anuncios,[BAR] Pilsener,Pilsener,draftLine ABINBEV,Inhouse,Inhouse,Uso Creativo del Espacio en Publicidad de Eventos,Shortlist,Ecuador,Ab-Inbev,Pilsener,DraftLine Studios- Productora In-House,/awards/fiap/2025/campaigns/bar-pilsener-pilsener-draftline-abinbev-2025-4/
Fiap,2025,Formatos,The Cheapest Transfers,Bodega Aurrera,Teran,TBWA Worldwide,Omnicom,Branded Content integrado a otras plataformas,Shortlist,Mexico,Bodega Aurrera,N/A,N/A,/awards/fiap/2025/campaigns/the-cheapest-transfers-bodega-aurrera-teran-2025-2/
Fiap,2025,Innovacion,The Cheapest Transfers,Bodega Aurrera,Teran,TBWA Worldwide,Omnicom,Innovacion en Gaming y Entretenimiento,Shortlist,Mexico,Bodega Aurrera,N/A,N/A,/awards/fiap/2025/campaigns/the-cheapest-transfers-bodega-aurrera-teran-2025-3/
Fiap,2025,Innovacion,SAVE THE DATE,Orange,Dentsu Creative,Dentsu Group Inc,Dentsu Group,Innovacion en Tecnologia,Shortlist,Espana,MasOrange,Orange TV Futbol,Jacaranda Publicidad,/awards/fiap/2025/campaigns/save-the-date-orange-dentsu-creative-2025/
Fiap,2025,Innovacion,SAVE THE DATE,Orange,Dentsu Creative,Dentsu Group Inc,Dentsu Group,Innovacion en Mobile,Shortlist,Espana,MasOrange,Orange TV Futbol,Jacaranda Publicidad,/awards/fiap/2025/campaigns/save-the-date-orange-dentsu-creative-2025-2/
Fiap,2025,Innovacion,The Rewards Bag,TaTa,VML,VML,WPP,Innovacion en Activaciones,Shortlist,Uruguay,GDN,Supermercado,VML,/awards/fiap/2025/campaigns/the-rewards-bag-tata-vml-2025/
Fiap,2025,Innovacion,The Rewards Bag,TaTa,VML,VML,WPP,Innovacion en Marketing Directo,Shortlist,Uruguay,GDN,Supermercado,VML,/awards/fiap/2025/campaigns/the-rewards-bag-tata-vml-2025-2/
Fiap,2025,Formatos,The Rewards Bag,TaTa,VML,VML,WPP,Mejor Uso de Ambient Media,Shortlist,Uruguay,GDN,Supermercado,VML,/awards/fiap/2025/campaigns/the-rewards-bag-tata-vml-2025-3/
Fiap,2025,Produccion,Overthinking,Peru Rail,Lemon,Independiente,Independiente,Tecnicas de Produccion Audiovisual - Direccion General,Shortlist,Peru,Peru Rail,Tren,Manzanon Films,/awards/fiap/2025/campaigns/overthinking-peru-rail-lemon-2025/
Fiap,2025,Produccion,Overthinking,Peru Rail,Lemon,Independiente,Independiente,Tecnicas de Produccion Audiovisual - Fotografia,Shortlist,Peru,Peru Rail,Tren,Manzanon Films,/awards/fiap/2025/campaigns/overthinking-peru-rail-lemon-2025-2/
Fiap,2025,Produccion,Nave,Win,Lemon,Independiente,Independiente,Tecnicas de Produccion Audiovisual - Direccion General,Shortlist,Peru,Win,Win TV,Manzanon Films,/awards/fiap/2025/campaigns/nave-win-lemon-2025/
Fiap,2025,Produccion,Nave,Win,Lemon,Independiente,Independiente,Tecnicas de Produccion Audiovisual - Direccion de Actores,Shortlist,Peru,Win,Win TV,Manzanon Films,/awards/fiap/2025/campaigns/nave-win-lemon-2025-2/
Fiap,2025,Produccion,Nave,Win,Lemon,Independiente,Independiente,Tecnicas de Produccion Audiovisual - Direccion de Arte,Shortlist,Peru,Win,Win TV,Manzanon Films,/awards/fiap/2025/campaigns/nave-win-lemon-2025-3/
Fiap,2025,Anuncios,La Campana Imperfecta,Don Vittorio,Paradais DDB,DDB Worldwide,Omnicom,Campanas Integrales,Shortlist,Ecuador,Alicorp,Don Vittorio,Levector,/awards/fiap/2025/campaigns/la-campana-imperfecta-don-vittorio-paradais-ddb-2025/
Fiap,2025,Produccion,The Love-Crafted Campaign,Don Vittorio,Paradais DDB,DDB Worldwide,Omnicom,Tecnicas de Produccion de BTL,Shortlist,Ecuador,Alicorp,Don Vittorio,Beicon,/awards/fiap/2025/campaigns/the-love-crafted-campaign-don-vittorio-paradais-ddb-2025/
Fiap,2025,Innovacion,Luces en la Via,ITB Instituto Tecnologico Bolivariano de Ecuador,Nuno Studio,Independiente,Independiente,Innovacion en Outdoor/Via publica/Ambient,Shortlist,Ecuador,ITB Instituto Tecnologico Bolivariano de Ecuador,Facultad de Mecanica y Transportacion,Abel Flores,/awards/fiap/2025/campaigns/luces-en-la-via-itb-instituto-tecnologico-bolivariano-de-ecuador-nuno-studio-2025/
Fiap,2025,Anuncios,Luces en la Via,ITB Instituto Tecnologico Bolivariano de Ecuador,Nuno Studio,Independiente,Independiente,Mejor Uso de la Cultura Local,Shortlist,Ecuador,ITB Instituto Tecnologico Bolivariano de Ecuador,Facultad de Mecanica y Transportacion,Abel Flores,/awards/fiap/2025/campaigns/luces-en-la-via-itb-instituto-tecnologico-bolivariano-de-ecuador-nuno-studio-2025-2/
Fiap,2025,Anuncios,El clima ideal cuando mas lo necesitas,BGH,Mccann Worldgroup,McCann Worldgroup,IPG,Campanas Integrales,Shortlist,Argentina,BGH,Aire acondicionado inverter,Winona,/awards/fiap/2025/campaigns/el-clima-ideal-cuando-mas-lo-necesitas-bgh-mccann-worldgroup-2025/
Fiap,2025,Innovacion,Soundload tutorials,Banco General Ruminahui,Ariadna Communications Group,Ariadna,Ariadna Communications Group,Innovacion en Radio,Shortlist,Ecuador,Banco General Ruminahui,BGR Digital,CAT,/awards/fiap/2025/campaigns/soundload-tutorials-banco-general-ruminahui-ariadna-communications-group-2025/
Fiap,2025,Innovacion,Soundload tutorials,Banco General Ruminahui,Ariadna Communications Group,Ariadna,Ariadna Communications Group,Innovacion en Outdoor/Via publica/Ambient,Shortlist,Ecuador,Banco General Ruminahui,BGR Digital,CAT,/awards/fiap/2025/campaigns/soundload-tutorials-banco-general-ruminahui-ariadna-communications-group-2025-2/
Fiap,2025,Formatos,Soundload tutorials,Banco General Ruminahui,Ariadna Communications Group,Ariadna,Ariadna Communications Group,Branded Content integrado a otras plataformas,Shortlist,Ecuador,Banco General Ruminahui,BGR APP,CAT,/awards/fiap/2025/campaigns/soundload-tutorials-banco-general-ruminahui-ariadna-communications-group-2025-3/
Fiap,2025,Formatos,Soundload tutorials,Banco General Ruminahui,Ariadna Communications Group,Ariadna,Ariadna Communications Group,Music Content,Shortlist,Ecuador,Banco General Ruminahui,BGR APP,CAT,/awards/fiap/2025/campaigns/soundload-tutorials-banco-general-ruminahui-ariadna-communications-group-2025-4/
Fiap,2025,Formatos,Unforgettable Women,Banco Pichincha,Mullenlowe Delta,MullenLowe Group,IPG,Mejor Campana de Plataforma de Responsabilidad Social,Shortlist,Ecuador,Banco Pichincha,Institutional,Bang Motions & Films/The Others,/awards/fiap/2025/campaigns/unforgettable-women-banco-pichincha-mullenlowe-delta-2025/
Fiap,2025,Anuncios,Unforgettable Women,Banco Pichincha,Mullenlowe Delta,MullenLowe Group,IPG,Transformacion Social - Empresas Privadas,Shortlist,Ecuador,Banco Pichincha,Institutional,Bang Motions & Films/The Others,/awards/fiap/2025/campaigns/unforgettable-women-banco-pichincha-mullenlowe-delta-2025-2/
Fiap,2025,Anuncios,Unrepeatable Ads,Guitig,Mullenlowe Delta,MullenLowe Group,IPG,Grafica - Alimentos/Comidas/Bebidas Alcoholicas/No Alcoholicas,Shortlist,Ecuador,Guitig,Guitig sparkling water,Ramona,/awards/fiap/2025/campaigns/unrepeatable-ads-guitig-mullenlowe-delta-2025/
Fiap,2025,Anuncios,Unrepeatable Ads,Guitig,Mullenlowe Delta,MullenLowe Group,IPG,Via Publica - Productos,Shortlist,Ecuador,Guitig,Guitig sparkling water,Ramona,/awards/fiap/2025/campaigns/unrepeatable-ads-guitig-mullenlowe-delta-2025-2/
Fiap,2025,Anuncios,Unrepeatable Ads,Guitig,Mullenlowe Delta,MullenLowe Group,IPG,Campanas Integrales,Shortlist,Ecuador,Guitig,Guitig sparkling water,Ramona,/awards/fiap/2025/campaigns/unrepeatable-ads-guitig-mullenlowe-delta-2025-3/
Fiap,2025,Formatos,Unrepeatable Ads,Guitig,Mullenlowe Delta,MullenLowe Group,IPG,Medios Integrados/Contenido 360,Shortlist,Ecuador,Guitig,Guitig sparkling water,Ramona,/awards/fiap/2025/campaigns/unrepeatable-ads-guitig-mullenlowe-delta-2025-4/
Fiap,2025,Produccion,Unrepeatable Ads,Guitig,Mullenlowe Delta,MullenLowe Group,IPG,Tecnicas de Produccion Audiovisual - Direccion General,Shortlist,Ecuador,Guitig,Guitig sparkling water,Ramona,/awards/fiap/2025/campaigns/unrepeatable-ads-guitig-mullenlowe-delta-2025-5/
Fiap,2025,Innovacion,37 Lenguas,37 Lenguas,TombrasNina,TombrasNina,TombrasNina,New Business/Nuevos Negocios,Shortlist,Argentina,Grupo DyM - SAIV,Ron,N/A,/awards/fiap/2025/campaigns/37-lenguas-37-lenguas-tombrasnina-2025/
Fiap,2025,Produccion,37 Lenguas,37 Lenguas,TombrasNina,TombrasNina,TombrasNina,Tecnicas de Produccion Digital - Diseno de Imagen,Shortlist,Argentina,Grupo DyM - SAIV,Ron,N/A,/awards/fiap/2025/campaigns/37-lenguas-37-lenguas-tombrasnina-2025-2/
Fiap,2025,Formatos,Beer Refill,Pilsener,Mullenlowe Delta,MullenLowe Group,IPG,Mejor Uso de Ambient Media,Shortlist,Ecuador,Pilsener,Pilsener Beer,La Gallera,/awards/fiap/2025/campaigns/beer-refill-pilsener-mullenlowe-delta-2025/
Fiap,2025,Anuncios,Beer Refill,Pilsener,Mullenlowe Delta,MullenLowe Group,IPG,Uso Creativo del Espacio en Publicidad de Eventos,Shortlist,Ecuador,Pilsener,Pilsener Beer,La Gallera,/awards/fiap/2025/campaigns/beer-refill-pilsener-mullenlowe-delta-2025-2/
Fiap,2025,Produccion,37 Lenguas,37 Lenguas,TombrasNina,TombrasNina,TombrasNina,Tecnicas de Produccion Digital - Diseno General,Shortlist,Argentina,Grupo DyM - SAIV,Ron,N/A,/awards/fiap/2025/campaigns/37-lenguas-37-lenguas-tombrasnina-2025-3/
Fiap,2025,Produccion,Emociones,Parque de la costa,TombrasNina,TombrasNina,TombrasNina,Tecnicas de Produccion Digital - Diseno de Imagen,Shortlist,Argentina,Parque de la costa,Parque de atracciones,N/A,/awards/fiap/2025/campaigns/emociones-parque-de-la-costa-tombrasnina-2025/
Fiap,2025,Formatos,El amor es una montana rusa,Parque de la costa,TombrasNina,TombrasNina,TombrasNina,Branded Content integrado a otras plataformas,Shortlist,Argentina,Parque de la costa,Parque de atracciones,N/A,/awards/fiap/2025/campaigns/el-amor-es-una-montana-rusa-parque-de-la-costa-tombrasnina-2025/
Fiap,2025,Innovacion,Approved by baby cows,Gloria,Furia Escuela Creativa,N/A,N/A,Estudiantes,Shortlist,Peru,Grupo Gloria,Leche Gloria,N/A,/awards/fiap/2025/campaigns/approved-by-baby-cows-gloria-furia-escuela-creativa-2025/
Fiap,2025,Anuncios,El esfuerzo te define,Banco Pichincha,Mullenlowe Delta,MullenLowe Group,IPG,Television/Cine/Digital - Bancos/Financieras,Shortlist,Ecuador,Banco Pichincha,Fomento Deportivo,Akira,/awards/fiap/2025/campaigns/el-esfuerzo-te-define-banco-pichincha-mullenlowe-delta-2025/
Fiap,2025,Innovacion,Face your burnout,Iphone,Brother,N/A,N/A,Estudiantes,Shortlist,Argentina,Apple,Apple Health,N/A,/awards/fiap/2025/campaigns/face-your-burnout-iphone-brother-2025/
Fiap,2025,Anuncios,El clima ideal cuando mas lo necesitas,BGH,Mccann Worldgroup,McCann Worldgroup,IPG,Television/Cine/Digital - Electrodomesticos/Muebles/Electronica/Computacion/Audio/Video,Shortlist,Argentina,BGH,Aire acondicionado inverter,Winona,/awards/fiap/2025/campaigns/el-clima-ideal-cuando-mas-lo-necesitas-bgh-mccann-worldgroup-2025-2/
Fiap,2025,Anuncios,El clima ideal cuando mas lo necesitas,BGH,Mccann Worldgroup,McCann Worldgroup,IPG,Television/Cine/Digital - Campanas (Productos/Servicios/Corporativas),Shortlist,Argentina,BGH,Aire acondicionado inverter,Winona,/awards/fiap/2025/campaigns/el-clima-ideal-cuando-mas-lo-necesitas-bgh-mccann-worldgroup-2025-3/
Fiap,2025,Anuncios,El clima ideal cuando mas lo necesitas,BGH,Mccann Worldgroup,McCann Worldgroup,IPG,Mejor Uso de la Cultura Local,Shortlist,Argentina,BH,Aire acondicionado inverter,Winona,/awards/fiap/2025/campaigns/el-clima-ideal-cuando-mas-lo-necesitas-bgh-mccann-worldgroup-2025-4/
Fiap,2025,Innovacion,Bizum | Clicks que no clicks que si,Bizum,Viernes Agencia Creativa,Independiente,Independiente,New Business/Nuevos Negocios,Shortlist,Espana,Bizum,Bizum pagos online,Victor Duque,/awards/fiap/2025/campaigns/bizum-clicks-que-no-clicks-que-si-bizum-viernes-agencia-creativa-2025/
Fiap,2025,Formatos,Gelocatil 50 aniversario,Gelocatil,Viernes Agencia Creativa,Independiente,Independiente,Salud,Shortlist,Espana,Ferrer,Gelocatil,N/A,/awards/fiap/2025/campaigns/gelocatil-50-aniversario-gelocatil-viernes-agencia-creativa-2025/
Fiap,2025,Formatos,Lentes del Alma,TIM Telecom,BETC Havas,Havas Creative,Havas,Cortos,Shortlist,Brasil,TIM Telecom,Institucional,Santeria,/awards/fiap/2025/campaigns/lentes-del-alma-tim-telecom-betc-havas-2025/
Fiap,2025,Formatos,Cargando la Conexion,TIM Telecom,BETC Havas,Havas Creative,Havas,Desarrollo Tecnologico,Shortlist,Brasil,TIM Telecom,Institucional (Un juguete Genius = Simon),Genco,/awards/fiap/2025/campaigns/cargando-la-conexion-tim-telecom-betc-havas-2025/
Fiap,2025,Anuncios,TIM Block Pin,TIM Telecom,BETC Havas,Havas Creative,Havas,Mejor Uso de la Cultura Local,Shortlist,Brasil,TIM Telecom,Institucional,Zaine Filmes,/awards/fiap/2025/campaigns/tim-block-pin-tim-telecom-betc-havas-2025/
Fiap,2025,Formatos,La Mancha Invisible,Vanish,BETC Havas,Havas Creative,Havas,Salud,Shortlist,Brasil,Reckitt,Concienciacion sobre el bullying,LOBO,/awards/fiap/2025/campaigns/la-mancha-invisible-vanish-betc-havas-2025/
Fiap,2025,Formatos,Jugando Contra el Mosquito,Insecticida SBP,BETC Havas,Havas Creative,Havas,Mejor Uso de Influencer en cualquier plataforma,Shortlist,Brasil,Reckitt,Insecticida SBP,N/A,/awards/fiap/2025/campaigns/jugando-contra-el-mosquito-insecticida-sbp-betc-havas-2025/
Fiap,2025,Produccion,Monstruo vs Robot,Citroï¿½n Brasil,BETC Havas,Havas Creative,Havas,Tecnicas de Produccion Audiovisual - Animacion Computarizada/Efectos Especiales,Shortlist,Brasil,Stellantis,Citroï¿½n Basalt,Zohar,/awards/fiap/2025/campaigns/monstruo-vs-robot-citroin-brasil-betc-havas-2025/
Fiap,2025,Formatos,Sunfetti,WindMar Home,JSD Agency,Independiente,Independiente,Product Placement - Entretenimiento,Shortlist,Puerto Rico,Windmar Home,WindMar Home,JSD Agency,/awards/fiap/2025/campaigns/sunfetti-windmar-home-jsd-agency-2025/
Fiap,2025,Innovacion,El papel que regala conciencia,Mundo GEA,TombrasNina,TombrasNina,TombrasNina,Innovacion en Medios Impresos,Shortlist,Argentina,Mundo GEA,Parque de atracciones,N/A,/awards/fiap/2025/campaigns/el-papel-que-regala-conciencia-mundo-gea-tombrasnina-2025/
Fiap,2025,Anuncios,CaixaBank - Algun dia aqui solo veremos deporte,McCann Worldgroup,Mccann Worldgroup,McCann Worldgroup,IPG,Transformacion Social - Empresas Privadas,Shortlist,Espana,CaixaBank,Campana Algun aqui solo veremos deporte,McCann Worldgroup,/awards/fiap/2025/campaigns/caixabank-algun-dia-aqui-solo-veremos-deporte-mccann-worldgroup-mccann-worldgroup-2025/
Fiap,2025,Innovacion,El papel que regala conciencia,Mundo GEA,TombrasNina,TombrasNina,TombrasNina,Innovacion en campanas sobre sostenibilidad,Shortlist,Argentina,Mundo GEA,Parque de atracciones,N/A,/awards/fiap/2025/campaigns/el-papel-que-regala-conciencia-mundo-gea-tombrasnina-2025-2/
Fiap,2025,Formatos,Complete with Imagination,Lego,Bendita Carpeta,N/A,N/A,Estudiantes,Shortlist,Colombia,Lego,Lego,N/A,/awards/fiap/2025/campaigns/complete-with-imagination-lego-bendita-carpeta-2025/
Fiap,2025,Formatos,The Test List,Grupo Omint,TombrasNina,TombrasNina,TombrasNina,Music Content,Shortlist,Argentina,Grupo Omint,Medicina Prepaga,Warner Music,/awards/fiap/2025/campaigns/the-test-list-grupo-omint-tombrasnina-2025/
Fiap,2025,Produccion,Emociones,Parque de la costa,TombrasNina,TombrasNina,TombrasNina,Tecnicas de Produccion Digital - Diseno General,Shortlist,Argentina,Parque de la costa,Parque de atracciones,N/A,/awards/fiap/2025/campaigns/emociones-parque-de-la-costa-tombrasnina-2025-2/
Fiap,2025,Produccion,Emociones,Parque de la costa,TombrasNina,TombrasNina,TombrasNina,Tecnicas de Produccion Grafica - Direccion de Arte,Shortlist,Argentina,Parque de la costa,Parque de atracciones,N/A,/awards/fiap/2025/campaigns/emociones-parque-de-la-costa-tombrasnina-2025-3/
Fiap,2025,Formatos,Realty for Gamers,Grand View,Garnier BBDO,BBDO Worldwide,Omnicom,Contenido con mejor estrategia digital,Shortlist,Ecuador,Minutocorp,Grand View,Bro Group,/awards/fiap/2025/campaigns/realty-for-gamers-grand-view-garnier-bbdo-2025/
Fiap,2025,Formatos,Realty for Gamers,Grand View,Garnier BBDO,BBDO Worldwide,Omnicom,Advergaming,Shortlist,Ecuador,Minutocorp,Grand View,Bro Group,/awards/fiap/2025/campaigns/realty-for-gamers-grand-view-garnier-bbdo-2025-2/
Fiap,2025,Formatos,Realty for Gamers,Grand View,Garnier BBDO,BBDO Worldwide,Omnicom,Evento en Vivo o Hibrido,Shortlist,Ecuador,Minutocorp,Grand View,Bro Group,/awards/fiap/2025/campaigns/realty-for-gamers-grand-view-garnier-bbdo-2025-3/
Fiap,2025,Innovacion,Realty for Gamers,Grand View,Garnier BBDO,BBDO Worldwide,Omnicom,Innovacion en Eventos/Experiencia,Shortlist,Ecuador,Minutocorp,Grand View,Bro Group,/awards/fiap/2025/campaigns/realty-for-gamers-grand-view-garnier-bbdo-2025-4/
Fiap,2025,Innovacion,Realty for Gamers,Grand View,Garnier BBDO,BBDO Worldwide,Omnicom,Innovacion en Gaming y Entretenimiento,Shortlist,Ecuador,Minutocorp,Grand View,Bro Group,/awards/fiap/2025/campaigns/realty-for-gamers-grand-view-garnier-bbdo-2025-5/
Fiap,2025,Innovacion,Realty for Gamers,Grand View,Garnier BBDO,BBDO Worldwide,Omnicom,Innovacion en Marketing Directo,Shortlist,Ecuador,Minutocorp,Grand View,Bro Group,/awards/fiap/2025/campaigns/realty-for-gamers-grand-view-garnier-bbdo-2025-6/
Fiap,2025,Anuncios,Realty for Gamers,Grand View,Garnier BBDO,BBDO Worldwide,Omnicom,Creatividad Efectiva - Aporte Cultural y/o Multicultural,Shortlist,Ecuador,Minutocorp,Grand View,Bro Group,/awards/fiap/2025/campaigns/realty-for-gamers-grand-view-garnier-bbdo-2025-7/
Fiap,2025,Anuncios,Realty for Gamers,Grand View,Garnier BBDO,BBDO Worldwide,Omnicom,Mejor Uso de la Cultura Local,Shortlist,Ecuador,Minutocorp,Grand View,Bro Group,/awards/fiap/2025/campaigns/realty-for-gamers-grand-view-garnier-bbdo-2025-8/
Fiap,2025,Produccion,Victories are liquid Glory is eternal,GATORADE,Mullenlowe Delta,MullenLowe Group,IPG,Tecnicas de Produccion Grafica - Fotografia,Shortlist,Ecuador,TESALIA CBC,GATORADE MARACUYA,N/A,/awards/fiap/2025/campaigns/victories-are-liquid-glory-is-eternal-gatorade-mullenlowe-delta-2025/
Fiap,2025,Innovacion,De vuelta a casa,Imperial FIFCO,Joystick FIFCO,Independiente,Independiente,Innovacion en PR,Shortlist,Costa Rica,Imperial,Cerveza,Del Mate Producciones Kaiju Creators,/awards/fiap/2025/campaigns/de-vuelta-a-casa-imperial-fifco-joystick-fifco-2025/
Fiap,2025,Innovacion,Second Drop,Depop,Miami Ad School,N/A,N/A,Estudiantes,Shortlist,Espana,Depop,Depop ï¿½ App de compraventa de moda de segunda mano,Produccion in-house por el equipo creativo/estudiantes,/awards/fiap/2025/campaigns/second-drop-depop-miami-ad-school-2025/
Fiap,2025,Anuncios,Miniso - La depresion no es una fantasia,Miniso Ecuador,Don Alfaro,Independiente,Independiente,Salud,Shortlist,Ecuador,Miniso Ecuador,Miniso Ecuador,Don Alfaro,/awards/fiap/2025/campaigns/miniso-la-depresion-no-es-una-fantasia-miniso-ecuador-don-alfaro-2025/
Fiap,2025,Innovacion,El Codigo Polar Pilsen,Polar Pilsen,La Web Figital Agency,Independiente,Independiente,Innovacion en Activaciones,Shortlist,Venezuela,La Web Figital Agency,Cerveza Polar Pilsen,La Web Figital Agency,/awards/fiap/2025/campaigns/el-codigo-polar-pilsen-polar-pilsen-la-web-figital-agency-2025/
Fiap,2025,Innovacion,Categoria Aficionado- Exeltis,Exeltis,Valencia Producciones FX SAS,Independiente,Independiente,Salud,Shortlist,Colombia,Exeltis Colombia,Categoria Aficionado Exeltis - Smartfilms,Valencia Producciones FX SAS,/awards/fiap/2025/campaigns/categoria-aficionado-exeltis-exeltis-valencia-producciones-fx-sas-2025/
Fiap,2025,Anuncios,Quito sin mineria - El Si de la naturaleza,Quito Sin Mineria,Don Alfaro,Independiente,Independiente,Mejor Uso de la Cultura Local,Shortlist,Ecuador,Quito Sin Mineria,Consulta Popular,Don Alfaro,/awards/fiap/2025/campaigns/quito-sin-mineria-el-si-de-la-naturaleza-quito-sin-mineria-don-alfaro-2025/
Fiap,2025,Anuncios,Ignora responsablemente,Movistar,VML,VML,WPP,Television/Cine/Digital - Imagen Corporativa,Shortlist,Argentina,Telefonica,Movistar,LANDIA,/awards/fiap/2025/campaigns/ignora-responsablemente-movistar-vml-2025/
Fiap,2025,Formatos,Eclipsed Legacy,Dante Robino,TombrasNina,TombrasNina,TombrasNina,Branded Content - Programa de Ficcion,Shortlist,Argentina,Dante Robino,Bebidas alcoholicas,N/A,/awards/fiap/2025/campaigns/eclipsed-legacy-dante-robino-tombrasnina-2025/
Fiap,2025,Formatos,Undeleted,Dove,VML,VML,WPP,Mejor Uso de Influencer en cualquier plataforma,Shortlist,Argentina,Unilever,Desodorante,Mama Hungara,/awards/fiap/2025/campaigns/undeleted-dove-vml-2025/
Fiap,2025,Formatos,Undeleted,Dove,VML,VML,WPP,Evento en Vivo o Hibrido,Shortlist,Argentina,Unilever,Desodorante,Mama Hungara,/awards/fiap/2025/campaigns/undeleted-dove-vml-2025-2/
Fiap,2025,Anuncios,Undeleted,Dove,VML,VML,WPP,Creatividad Efectiva - Aporte Cultural y/o Multicultural,Shortlist,Argentina,Unilever,Desodorante,Mama Hungara,/awards/fiap/2025/campaigns/undeleted-dove-vml-2025-3/
Fiap,2025,Anuncios,Undeleted,Dove,VML,VML,WPP,Mejor Uso de la Cultura Local,Shortlist,Argentina,Unilever,Desodorante,Mama Hungara,/awards/fiap/2025/campaigns/undeleted-dove-vml-2025-4/
Fiap,2025,Anuncios,Undeleted,Dove,VML,VML,WPP,Transformacion Social - Empresas Privadas,Shortlist,Argentina,Unilever,Desodorante,Mama Hungara,/awards/fiap/2025/campaigns/undeleted-dove-vml-2025-5/
Fiap,2025,Anuncios,Kissnt Cam,Envidiosa,Ufilms,Ufilms,Ufilms,Uso Creativo del Espacio en Publicidad de Eventos,Shortlist,Uruguay,Netflix,Nueva Temporada,Ufilms,/awards/fiap/2025/campaigns/kissnt-cam-envidiosa-ufilms-2025/
Fiap,2025,Anuncios,Ignora responsablemente,Movistar,VML,VML,WPP,Television/Cine/Digital - Bien Publico,Shortlist,Argentina,Telefonica,Movistar,LANDIA,/awards/fiap/2025/campaigns/ignora-responsablemente-movistar-vml-2025-2/
Fiap,2025,Formatos,Game Guardian,Movistar,VML,VML,WPP,Advergaming,Shortlist,Argentina,Telefonica,Telecomunicaciones,LaDoble,/awards/fiap/2025/campaigns/game-guardian-movistar-vml-2025/
Fiap,2025,Formatos,Game Guardian,Movistar,VML,VML,WPP,Desarrollo Tecnologico,Shortlist,Argentina,Telefonica,Telecomunicaciones,LaDoble,/awards/fiap/2025/campaigns/game-guardian-movistar-vml-2025-2/
Fiap,2025,Innovacion,Game Guardian,Movistar,VML,VML,WPP,Innovacion en Gaming y Entretenimiento,Shortlist,Argentina,Telefonica,Telecomunicaciones,LaDoble,/awards/fiap/2025/campaigns/game-guardian-movistar-vml-2025-3/
Fiap,2025,Innovacion,Game Guardian,Movistar,VML,VML,WPP,Uso de Inteligencia Artificial,Shortlist,Argentina,Telefonica,Telecomunicaciones,LaDoble,/awards/fiap/2025/campaigns/game-guardian-movistar-vml-2025-4/
Fiap,2025,Anuncios,Game Guardian,Movistar,VML,VML,WPP,Transformacion Social - Empresas Privadas,Shortlist,Argentina,Telefonica,Telecomunicaciones,LaDoble,/awards/fiap/2025/campaigns/game-guardian-movistar-vml-2025-5/
Fiap,2025,Produccion,Ludopatia,Movistar,VML,VML,WPP,Tecnicas de Produccion Audiovisual - Musica Adaptada/Musica Original/Diseno de Sonido/Canciones/Jingles/Audio Logo/Uso de Licencias,Shortlist,Argentina,Telefonica,Telecomunicaciones,Landia,/awards/fiap/2025/campaigns/ludopatia-movistar-vml-2025/
Fiap,2025,Anuncios,Ludopatia,Movistar,VML,VML,WPP,Television/Cine/Digital - Mejor Musica Incidental/Mejor Cancion Original/Mejor Direccion Musical,Shortlist,Argentina,Telefonica,Telecomunicaciones,Landia,/awards/fiap/2025/campaigns/ludopatia-movistar-vml-2025-2/
Fiap,2025,Formatos,Pizza Pizza Voice Jumper,Little Caesars,Digitas,Publicis Worldwide,Publicis Groupe,Desarrollo Tecnologico,Shortlist,Guatemala,Coralsa - Little Caesars Guatemala,Little Caesars,Pits Guatemala,/awards/fiap/2025/campaigns/pizza-pizza-voice-jumper-little-caesars-digitas-2025-2/
Fiap,2025,Innovacion,El ultimo Pinojeda,Cabildo de Gran Canaria,22 Grados,Independiente,Independiente,Uso de Inteligencia Artificial,Shortlist,Espana,Cabildo de Gran Canaria,El ultimo Pinojeda,22Grados,/awards/fiap/2025/campaigns/el-ultimo-pinojeda-cabildo-de-gran-canaria-22-grados-2025/
Fiap,2025,Formatos,The Test List,Grupo Omint,TombrasNina,TombrasNina,TombrasNina,Mejor Uso de Influencer en cualquier plataforma,Shortlist,Argentina,Grupo Omint,Medicina Prepaga,Warner Music,/awards/fiap/2025/campaigns/the-test-list-grupo-omint-tombrasnina-2025-2/
Fiap,2025,Formatos,The Test List,Grupo Omint,TombrasNina,TombrasNina,TombrasNina,Salud,Shortlist,Argentina,Grupo Omint,Medicina Prepaga,Warner Music,/awards/fiap/2025/campaigns/the-test-list-grupo-omint-tombrasnina-2025-3/
Fiap,2025,Innovacion,The Test List,Grupo Omint,TombrasNina,TombrasNina,TombrasNina,Innovacion en Musica,Shortlist,Argentina,Grupo Omint,Medicina Prepaga,Warner Music,/awards/fiap/2025/campaigns/the-test-list-grupo-omint-tombrasnina-2025-4/
Fiap,2025,Innovacion,The Test List,Grupo Omint,TombrasNina,TombrasNina,TombrasNina,Innovacion en plataformas digitales,Shortlist,Argentina,Grupo Omint,Medicina Prepaga,Warner Music,/awards/fiap/2025/campaigns/the-test-list-grupo-omint-tombrasnina-2025-5/
Fiap,2025,Innovacion,The Test List,Grupo Omint,TombrasNina,TombrasNina,TombrasNina,Salud,Shortlist,Argentina,Grupo Omint,Medicina Prepaga,Warner Music,/awards/fiap/2025/campaigns/the-test-list-grupo-omint-tombrasnina-2025-6/
Fiap,2025,Anuncios,The Test List,Grupo Omint,TombrasNina,TombrasNina,TombrasNina,Television/Cine/Digital - Campanas Bien Publico,Shortlist,Argentina,Grupo Omint,Medicina Prepaga,Warner Music,/awards/fiap/2025/campaigns/the-test-list-grupo-omint-tombrasnina-2025-7/
Fiap,2025,Anuncios,The Test List,Grupo Omint,TombrasNina,TombrasNina,TombrasNina,Salud,Shortlist,Argentina,Grupo Omint,Medicina Prepaga,Warner Music,/awards/fiap/2025/campaigns/the-test-list-grupo-omint-tombrasnina-2025-8/
Fiap,2025,Produccion,The Test List,Grupo Omint,TombrasNina,TombrasNina,TombrasNina,Tecnicas de Produccion de Plataformas Digitales/Redes Sociales,Shortlist,Argentina,Grupo Omint,Medicina Prepaga,Warner Music,/awards/fiap/2025/campaigns/the-test-list-grupo-omint-tombrasnina-2025-9/
Fiap,2025,Produccion,El papel que regala conciencia,Mundo GEA,TombrasNina,TombrasNina,TombrasNina,Tecnicas de Produccion Grafica - Direccion de Arte,Shortlist,Argentina,Mundo GEA,Parque de atracciones,N/A,/awards/fiap/2025/campaigns/el-papel-que-regala-conciencia-mundo-gea-tombrasnina-2025-3/
Fiap,2025,Anuncios,Naughty List,TOYOTA,Conill Advertising,Saatchi & Saatchi,Publicis Groupe,Television/Cine/Digital - Automoviles,Shortlist,USA,Toyota Motor North America USA Inc,TUNDRA,MJZ,/awards/fiap/2025/campaigns/naughty-list-toyota-conill-advertising-2025/
Fiap,2025,Formatos,Eclipsed Legacy,Dante Robino,TombrasNina,TombrasNina,TombrasNina,Uso de Inteligencia Artificial,Shortlist,Argentina,Dante Robino,Bebidas alcoholicas,N/A,/awards/fiap/2025/campaigns/eclipsed-legacy-dante-robino-tombrasnina-2025-2/
Fiap,2025,Produccion,Eclipsed Legacy,Dante Robino,TombrasNina,TombrasNina,TombrasNina,Tecnicas de Produccion Grafica - Direccion de Arte,Shortlist,Argentina,Dante Robino,Bebidas alcoholicas,N/A,/awards/fiap/2025/campaigns/eclipsed-legacy-dante-robino-tombrasnina-2025-3/
Fiap,2025,Anuncios,No es lo mismo sin Heinz,Heinz,Cielito,N/A,N/A,Grafica - Alimentos/Comidas/Bebidas Alcoholicas/No Alcoholicas,Shortlist,Paraguay,Heinz/London Import,Aderezos Heinz Ketchup Mayonesa Mostaza BBQ,Cielito,/awards/fiap/2025/campaigns/no-es-lo-mismo-sin-heinz-heinz-cielito-2025/
Fiap,2025,Formatos,Lost Names,Toyota,Conill Advertising,Saatchi & Saatchi,Publicis Groupe,Mejor Uso de Influencer en cualquier plataforma,Shortlist,USA,Toyota Motor North America USA Inc,Toyota,JAW Productions,/awards/fiap/2025/campaigns/lost-names-toyota-conill-advertising-2025-2/
Fiap,2025,Innovacion,Officially Doomed,Play Anywhere,Bendita Carpeta,N/A,N/A,Estudiantes,Shortlist,Colombia,Xbox,Doom - Office,N/A,/awards/fiap/2025/campaigns/officially-doomed-play-anywhere-bendita-carpeta-2025/
Fiap,2025,Innovacion,Antiface,Knox,Bendita Carpeta,N/A,N/A,Estudiantes,Shortlist,Colombia,Samsung,ANTIFACE,N/A,/awards/fiap/2025/campaigns/antiface-knox-bendita-carpeta-2025/
Fiap,2025,Formatos,Control To Chew,Extra - Orbit,Bendita Carpeta,N/A,N/A,Estudiantes,Shortlist,Colombia,Mars,Control to Chew,N/A,/awards/fiap/2025/campaigns/control-to-chew-extra-orbit-bendita-carpeta-2025/
Fiap,2025,Innovacion,Dolar Diarco,Diarco,BB Agencia,Independiente,Independiente,Innovacion en PR,Shortlist,Argentina,Grupo Goldfarb,Diarco Mayorista,Simio TV,/awards/fiap/2025/campaigns/dolar-diarco-diarco-bb-agencia-2025/
Fiap,2025,Innovacion,Dolar Diarco,Diarco,BB Agencia,Independiente,Independiente,Innovacion en Activaciones,Shortlist,Argentina,Grupo Goldfarb,Diarco Mayorista,Simio TV,/awards/fiap/2025/campaigns/dolar-diarco-diarco-bb-agencia-2025-2/
Fiap,2025,Anuncios,Dolar Diarco,Diarco,BB Agencia,Independiente,Independiente,Mejor Uso de la Cultura Local,Shortlist,Argentina,Grupo Goldfarb,Diarco Mayorista,Simio TV,/awards/fiap/2025/campaigns/dolar-diarco-diarco-bb-agencia-2025-3/
Fiap,2025,Anuncios,Burbujas,Coca-Cola,Miami Ad School,N/A,N/A,Estudiantes,Shortlist,Mexico,Coca-Cola Mexico,Coca-Cola,N/A,/awards/fiap/2025/campaigns/burbujas-coca-cola-miami-ad-school-2025/
Fiap,2025,Formatos,Sunfetti,WindMar Home,JSD Agency,Independiente,Independiente,Live Experience,Shortlist,Puerto Rico,Windmar Home,WindMar Home,JSD Agency,/awards/fiap/2025/campaigns/sunfetti-windmar-home-jsd-agency-2025-2/
Fiap,2025,Formatos,ProtestART,WindMar Home,JSD Agency,Independiente,Independiente,Mejor Uso de Ambient Media,Shortlist,Puerto Rico,WindMar Home,WindMar Home,Raymesh Cintron/Sundries Productions,/awards/fiap/2025/campaigns/protestart-windmar-home-jsd-agency-2025/
Fiap,2025,Anuncios,ProtestART,WindMar Home,JSD Agency,Independiente,Independiente,Mejor Uso de la Cultura Local,Shortlist,Puerto Rico,WindMar Home,WindMar Home,Raymesh Cintron/Sundries Productions,/awards/fiap/2025/campaigns/protestart-windmar-home-jsd-agency-2025-2/
Fiap,2025,Produccion,Lejitos,Super 24,Publicidad Comercial MullenLowe,MullenLowe Group,IPG,Tecnicas de Produccion Audiovisual - Fotografia,Shortlist,Guatemala,Super 24,Lejitos,El Studio,/awards/fiap/2025/campaigns/lejitos-super-24-publicidad-comercial-mullenlowe-2025/
Fiap,2025,Produccion,Legal Tracks,Kwai,BETC Havas,Havas Creative,Havas,Tecnicas de Produccion Audiovisual - Musica Adaptada/Musica Original/Diseno de Sonido/Canciones/Jingles/Audio Logo/Uso de Licencias,Shortlist,Brasil,Kwai,Institucional,Zaine Filmes,/awards/fiap/2025/campaigns/legal-tracks-kwai-betc-havas-2025/
Fiap,2025,Innovacion,Cargando la Conexion,TIM Telecom,BETC Havas,Havas Creative,Havas,Innovacion en Mobile,Shortlist,Brasil,TIM Telecom,Institucional (Un juguete Genius = Simon),Genco,/awards/fiap/2025/campaigns/cargando-la-conexion-tim-telecom-betc-havas-2025-2/
Fiap,2025,Innovacion,TIM Block Pin,TIM Telecom,BETC Havas,Havas Creative,Havas,Innovacion en Tecnologia,Shortlist,Brasil,TIM Telecom,Institucional,Zaine Filmes,/awards/fiap/2025/campaigns/tim-block-pin-tim-telecom-betc-havas-2025-2/
Fiap,2025,Formatos,TIM Block Pin,TIM Telecom,BETC Havas,Havas Creative,Havas,Desarrollo Tecnologico,Shortlist,Brasil,TIM Telecom,Institucional,Zaine Filmes,/awards/fiap/2025/campaigns/tim-block-pin-tim-telecom-betc-havas-2025-3/
Fiap,2025,Formatos,La Mancha Invisible,Vanish,BETC Havas,Havas Creative,Havas,Cortos,Shortlist,Brasil,Reckitt,Concienciacion sobre el bullying,Lobo,/awards/fiap/2025/campaigns/la-mancha-invisible-vanish-betc-havas-2025-2/
Fiap,2025,Produccion,La Mancha Invisible,Vanish,BETC Havas,Havas Creative,Havas,Tecnicas de Produccion Audiovisual - Animacion Computarizada/Efectos Especiales,Shortlist,Brasil,Reckitt,Concienciacion sobre el bullying,Lobo,/awards/fiap/2025/campaigns/la-mancha-invisible-vanish-betc-havas-2025-3/
Fiap,2025,Innovacion,El dia que se cobro el aire,COP16,Inmov - Latir,Independiente,Independiente,Innovacion en Eventos/Experiencia,Shortlist,Colombia,ONU - COP16 primera Conferencia de las Partes realizada en Cali Colombia,Evento COP16,Wonderlust by Inmov,/awards/fiap/2025/campaigns/el-dia-que-se-cobro-el-aire-cop16-inmov-latir-2025/
Fiap,2025,Innovacion,Jugando Contra el Mosquito,Insecticida SBP,BETC Havas,Havas Creative,Havas,Innovacion en PR,Shortlist,Brasil,Reckitt,Insecticida SBP,N/A,/awards/fiap/2025/campaigns/jugando-contra-el-mosquito-insecticida-sbp-betc-havas-2025-2/
Fiap,2025,Anuncios,Legal Tracks,Kwai,BETC Havas,Havas Creative,Havas,Radio - Jingles/Musica Original/Audio logo/Mejor Sound Effect,Shortlist,Brasil,Kwai,Institucional,Zaine Filmes,/awards/fiap/2025/campaigns/legal-tracks-kwai-betc-havas-2025-2/
Fiap,2025,Formatos,Pancakes Contra el Cancer de Seno,Sociedad Americana Contra el Cancer de Puerto Rico,Lopito Ileana & Howie,Independiente,Independiente,Medios Integrados/Contenido 360,Shortlist,Puerto Rico,Sociedad Americana Contra el Cancer,Cancer de Seno,Zulimar Narvaez,/awards/fiap/2025/campaigns/pancakes-contra-el-cancer-de-seno-sociedad-americana-contra-el-cancer-de-puerto-rico-lopito-ileana-and-howie-2025/
Fiap,2025,Produccion,Lejitos,Super 24,Publicidad Comercial MullenLowe,MullenLowe Group,IPG,Tecnicas de Produccion Audiovisual - Direccion General,Shortlist,Guatemala,Super 24,Lejitos,El Studio,/awards/fiap/2025/campaigns/lejitos-super-24-publicidad-comercial-mullenlowe-2025-2/
Fiap,2025,Anuncios,Lejitos,Super 24,Publicidad Comercial MullenLowe,MullenLowe Group,IPG,Television/Cine/Digital - Negocios al publico,Shortlist,Guatemala,Super 24,Lejitos,El Studio,/awards/fiap/2025/campaigns/lejitos-super-24-publicidad-comercial-mullenlowe-2025-3/
Fiap,2025,Anuncios,Lentes del Alma,TIM Telecom,BETC Havas,Havas Creative,Havas,Television/Cine/Digital - Imagen Corporativa,Shortlist,Brasil,TIM Telecom,Institucional,Santeria,/awards/fiap/2025/campaigns/lentes-del-alma-tim-telecom-betc-havas-2025-2/
Fiap,2025,Formatos,Detox BET,Institucional,Tech And Soul,Tech And Soul,Tech And Soul,Advergaming,Shortlist,Brasil,B3 Genial Investimentos IBN,Institucional,Arapiraca,/awards/fiap/2025/campaigns/detox-bet-institucional-tech-and-soul-2025/
Fiap,2025,Innovacion,Detox BET,Institucional,Tech And Soul,Tech And Soul,Tech And Soul,Innovacion en Gaming y Entretenimiento,Shortlist,Brasil,B3 Genial Investimentos IBN,Institucional,Arapiraca,/awards/fiap/2025/campaigns/detox-bet-institucional-tech-and-soul-2025-2/
Fiap,2025,Anuncios,Santa Teresa 1796 Gran Ron Gran Proposito,Santa Teresa,OML,Only Much Louder,Only Much Louder,Television/Cine/Digital - Alimentos/Comidas/Bebidas Alcoholicas/No Alcoholicas,Shortlist,Venezuela,Santa Teresa,Ron Santa Teresa 1796,Black Cat LAB,/awards/fiap/2025/campaigns/santa-teresa-1796-gran-ron-gran-proposito-santa-teresa-oml-2025/
Fiap,2025,Innovacion,Detox BET,Institucional,Tech And Soul,Tech And Soul,Tech And Soul,Innovacion en Activaciones,Shortlist,Brasil,B3 Genial Investimentos IBN,Institucional,Arapiraca,/awards/fiap/2025/campaigns/detox-bet-institucional-tech-and-soul-2025-3/
Fiap,2025,Formatos,Peru conoce a su campeona,plazaVea,Tribeca Media,Independiente,Independiente,Mejor Uso de Ambient Media,Shortlist,Peru,plazaVea,plazaVea,Canica Films,/awards/fiap/2025/campaigns/peru-conoce-a-su-campeona-plazavea-tribeca-media-2025/
Fiap,2025,Innovacion,Peru conoce a su campeona,plazaVea,Tribeca Media,Independiente,Independiente,Innovacion en PR,Shortlist,Peru,plazaVea,plazaVea,Canica Films,/awards/fiap/2025/campaigns/peru-conoce-a-su-campeona-plazavea-tribeca-media-2025-2/
Fiap,2025,Anuncios,Peru conoce a su campeona,plazaVea,Tribeca Media,Independiente,Independiente,Uso Creativo del Espacio en Publicidad de Eventos,Shortlist,Peru,plazaVea,plazaVea,Canica Films,/awards/fiap/2025/campaigns/peru-conoce-a-su-campeona-plazavea-tribeca-media-2025-3/
Fiap,2025,Innovacion,Peru conoce a su campeona,plazaVea,Tribeca Media,Independiente,Independiente,Innovacion en Eventos/Experiencia,Shortlist,Peru,plazaVea,plazaVea,Canica Films,/awards/fiap/2025/campaigns/peru-conoce-a-su-campeona-plazavea-tribeca-media-2025-4/
Fiap,2025,Formatos,The Kimberly price,Plaza Vea,Fahrenheit DDB,DDB Worldwide,Omnicom,Evento en Vivo o Hibrido,Shortlist,Peru,Supermercados Peruanos,Plaza Vea,Canica Films,/awards/fiap/2025/campaigns/the-kimberly-price-plaza-vea-fahrenheit-ddb-2025/
Fiap,2025,Formatos,The Quest,Bradesco Seguros,AlmapBBDO,BBDO Worldwide,Omnicom,Cortos,Shortlist,Brasil,Bradesco Seguros,Institutional,Dont Touch my Soda,/awards/fiap/2025/campaigns/the-quest-bradesco-seguros-almapbbdo-2025/
Fiap,2025,Produccion,The Quest,Bradesco Seguros,AlmapBBDO,BBDO Worldwide,Omnicom,Tecnicas de Produccion Audiovisual - Direccion General,Shortlist,Brasil,Bradesco Seguros,Institutional,Dont Touch my Soda,/awards/fiap/2025/campaigns/the-quest-bradesco-seguros-almapbbdo-2025-2/
Fiap,2025,Produccion,The Quest,Bradesco Seguros,AlmapBBDO,BBDO Worldwide,Omnicom,Tecnicas de Produccion Audiovisual - Animacion Computarizada/Efectos Especiales,Shortlist,Brasil,Bradesco Seguros,Institutional,Dont Touch my Soda,/awards/fiap/2025/campaigns/the-quest-bradesco-seguros-almapbbdo-2025-3/
Fiap,2025,Produccion,The Quest,Bradesco Seguros,AlmapBBDO,BBDO Worldwide,Omnicom,Tecnicas de Produccion Audiovisual - Musica Adaptada/Musica Original/Diseno de Sonido/Canciones/Jingles/Audio Logo/Uso de Licencias,Shortlist,Brasil,Bradesco Seguros,Institutional,Dont Touch my Soda,/awards/fiap/2025/campaigns/the-quest-bradesco-seguros-almapbbdo-2025-4/
Fiap,2025,Formatos,The Quest,Bradesco Seguros,AlmapBBDO,BBDO Worldwide,Omnicom,Online Video,Shortlist,Brasil,Bradesco Seguros,Institutional,Dont Touch my Soda,/awards/fiap/2025/campaigns/the-quest-bradesco-seguros-almapbbdo-2025-5/
Fiap,2025,Anuncios,Hablemos como I=iguales la cafeteri=IA,Gilead,Paraphernalia,Independiente,Independiente,Salud,Shortlist,Espana,Gilead,Awareness VIH,Paraphernalia,/awards/fiap/2025/campaigns/hablemos-como-iiguales-la-cafeteriia-gilead-paraphernalia-2025/
Fiap,2025,Formatos,Un dia por las mujeres,Clinica San Felipe,Always On,Independiente,Independiente,Salud,Shortlist,Peru,Clinica San Felipe,Unidad de la mama,Always On,/awards/fiap/2025/campaigns/un-dia-por-las-mujeres-clinica-san-felipe-always-on-2025/
Fiap,2025,Formatos,Un dia por las mujeres,Clinica San Felipe,Always On,Independiente,Independiente,Mejor Uso de Influencer en cualquier plataforma,Shortlist,Peru,Clinica San Felipe,Unidad de la mama,Always On,/awards/fiap/2025/campaigns/un-dia-por-las-mujeres-clinica-san-felipe-always-on-2025-2/
Fiap,2025,Innovacion,Reforested Billboard La lona que hizo respirar al mundo,Tripictures,El Hombre del Paraguas,Independiente,Independiente,Innovacion en Outdoor/Via publica/Ambient,Shortlist,Espana,Tripictures/Amarillo Yellow,Pelicula Emma y El Jaguar Negro,Sistema del Solar,/awards/fiap/2025/campaigns/reforested-billboard-la-lona-que-hizo-respirar-al-mundo-tripictures-el-hombre-del-paraguas-2025/
Fiap,2025,Formatos,Reforested Billboard La lona que hizo respirar al mundo,Tripictures,El Hombre del Paraguas,Independiente,Independiente,Mejor Uso de Ambient Media,Shortlist,Espana,Tripictures/Amarillo Yellow,Pelicula Emma y El Jaguar Negro,Sistema del Solar,/awards/fiap/2025/campaigns/reforested-billboard-la-lona-que-hizo-respirar-al-mundo-tripictures-el-hombre-del-paraguas-2025-2/
Fiap,2025,Anuncios,Con Salsa todo sabe mejor - Cliente Libbys,Libbys,Hanson,Hanson Channel SL,Hanson Channel SL,Television/Cine/Digital - Alimentos/Comidas/Bebidas Alcoholicas/No Alcoholicas,Shortlist,Espana,Establecimientos Industriales Archipielago SA,Salsa 0 azucares Salsa barbacoa Catchup y Catchup picante,Candilejas Producciones,/awards/fiap/2025/campaigns/con-salsa-todo-sabe-mejor-cliente-libbys-libbys-hanson-2025/
Fiap,2025,Produccion,El copiloto perfecto- Archipielago Renting,Archipielago Renting,Hanson,Hanson Channel SL,Hanson Channel SL,Tecnicas de Produccion Audiovisual - Animacion Computarizada/Efectos Especiales,Shortlist,Espana,Archipielago Renting,Alquiler de Vehiculos de empresa,Hanson Channel SL,/awards/fiap/2025/campaigns/el-copiloto-perfecto-archipielago-renting-archipielago-renting-hanson-2025/
Fiap,2025,Produccion,Crowdfunding Universidad de la Laguna,Universidad de la Laguna,Hanson,Hanson Channel SL,Hanson Channel SL,Tecnicas de Produccion Audiovisual - Animacion Computarizada/Efectos Especiales,Shortlist,Espana,Universidad de la Laguna,Servicios para proyectos,Hanson Channel SL,/awards/fiap/2025/campaigns/crowdfunding-universidad-de-la-laguna-universidad-de-la-laguna-hanson-2025/
Fiap,2025,Anuncios,Y tu? Cuan lejos quieres llegar? - UCAB - Venezuela,UCAB,Goodman Latam,Independiente,Independiente,Television/Cine/Digital - Campanas (Productos/Servicios/Corporativas),Shortlist,Venezuela,Universidad Catolica Andres Bello ï¿½ Caracas Venezuela,Institucional,Enjoy,/awards/fiap/2025/campaigns/y-tu-cuan-lejos-quieres-llegar-ucab-venezuela-ucab-goodman-latam-2025/
Fiap,2025,Anuncios,Y tu? Cuan lejos quieres llegar? - UCAB - Venezuela,UCAB,Goodman Latam,Independiente,Independiente,Mejor Concepto,Shortlist,Venezuela,Universidad Catolica Andres Bello ï¿½ Caracas Venezuela,Institucional,Enjoy,/awards/fiap/2025/campaigns/y-tu-cuan-lejos-quieres-llegar-ucab-venezuela-ucab-goodman-latam-2025-2/
Fiap,2025,Anuncios,Venezuela sabe a PAN,Harina PAN,Robin Strategic Creative Agency,Independiente,Independiente,Mejor Uso de la Cultura Local,Shortlist,Venezuela,Empresas Polar,Harina PAN,robin Agency y Dynapro,/awards/fiap/2025/campaigns/venezuela-sabe-a-pan-harina-pan-robin-strategic-creative-agency-2025/
Fiap,2025,Formatos,Evento de Lanzamiento Estamos en Familia Buchanans,Buchanans Venezuela,Robin Strategic Creative Agency,Independiente,Independiente,Branded Content integrado a otras plataformas,Shortlist,Venezuela,DIAGEO VENEZUELA,Nuevo concepto de marca,robin Agency/Magnishow,/awards/fiap/2025/campaigns/evento-de-lanzamiento-estamos-en-familia-buchanans-buchanans-venezuela-robin-strategic-creative-agency-2025/
Fiap,2025,Innovacion,Leti es Compromiso,GRUPO LETI,Concept McCann,McCann Worldgroup,IPG,Uso de Inteligencia Artificial,Shortlist,Venezuela,Grupo LETI,GRUPO LETI,Suno IA,/awards/fiap/2025/campaigns/leti-es-compromiso-grupo-leti-concept-mccann-2025/
Fiap,2025,Anuncios,Leti es Compromiso,GRUPO LETI,Concept McCann,McCann Worldgroup,IPG,Television/Cine/Digital - Mejor Musica Incidental/Mejor Cancion Original/Mejor Direccion Musical,Shortlist,Venezuela,Grupo LETI,GRUPO LETI,Suno IA,/awards/fiap/2025/campaigns/leti-es-compromiso-grupo-leti-concept-mccann-2025-2/
Fiap,2025,Produccion,Leti es Compromiso,GRUPO LETI,Concept McCann,McCann Worldgroup,IPG,Uso de Inteligencia Artificial,Shortlist,Venezuela,Grupo LETI,GRUPO LETI,Suno IA,/awards/fiap/2025/campaigns/leti-es-compromiso-grupo-leti-concept-mccann-2025-3/
Fiap,2025,Anuncios,Fluvirin Mocobardes,Fluvirin,Concept McCann,McCann Worldgroup,IPG,Uso de Inteligencia Artificial,Shortlist,Venezuela,Grupo LETI,Fluvirin,Ideogram IA,/awards/fiap/2025/campaigns/fluvirin-mocobardes-fluvirin-concept-mccann-2025/
Fiap,2025,Formatos,El Jeep de otras marcas,Jeep,Made,Independiente,Independiente,Via Publica,Shortlist,Mexico,Stellantis,Jeep Wrangler,N/A,/awards/fiap/2025/campaigns/el-jeep-de-otras-marcas-jeep-made-2025/
Fiap,2025,Innovacion,Immortools,RAM,Made,Independiente,Independiente,Innovacion en Marketing Directo,Shortlist,Mexico,Stellantis,Herramientas de trabajo,N/A,/awards/fiap/2025/campaigns/immortools-ram-made-2025/
Fiap,2025,Formatos,El Jeep de otras marcas,Jeep,Made,Independiente,Independiente,Mejor Uso de Ambient Media,Shortlist,Mexico,Stellantis,Jeep Wrangler,N/A,/awards/fiap/2025/campaigns/el-jeep-de-otras-marcas-jeep-made-2025-2/
Fiap,2025,Innovacion,De vuelta a casa,Imperial FIFCO,Joystick FIFCO,Independiente,Independiente,Innovacion en campanas sobre sostenibilidad,Shortlist,Costa Rica,Imperial,Cerveza,Del Mate Producciones Kaiju Creators,/awards/fiap/2025/campaigns/de-vuelta-a-casa-imperial-fifco-joystick-fifco-2025-2/
Fiap,2025,Innovacion,De vuelta a casa,Imperial FIFCO,Joystick FIFCO,Independiente,Independiente,Uso de Inteligencia Artificial,Shortlist,Costa Rica,Imperial,Cerveza,Del Mate Producciones Kaiju Creators,/awards/fiap/2025/campaigns/de-vuelta-a-casa-imperial-fifco-joystick-fifco-2025-3/
Fiap,2025,Innovacion,De vuelta a casa,Imperial FIFCO,Joystick FIFCO,Independiente,Independiente,Innovacion en Tecnologia,Shortlist,Costa Rica,Imperial,Cerveza,Del Mate Producciones Kaiju Creators,/awards/fiap/2025/campaigns/de-vuelta-a-casa-imperial-fifco-joystick-fifco-2025-4/
Fiap,2025,Formatos,De vuelta a casa,Imperial FIFCO,Joystick FIFCO,Independiente,Independiente,Uso de Inteligencia Artificial,Shortlist,Costa Rica,Imperial,Cerveza,Del Mate Producciones Kaiju Creators,/awards/fiap/2025/campaigns/de-vuelta-a-casa-imperial-fifco-joystick-fifco-2025-5/
Fiap,2025,Formatos,De vuelta a casa,Imperial FIFCO,Joystick FIFCO,Independiente,Independiente,Mejor Campana de Sostenibilidad,Shortlist,Costa Rica,Imperial,Cerveza,Del Mate Producciones Kaiju Creators,/awards/fiap/2025/campaigns/de-vuelta-a-casa-imperial-fifco-joystick-fifco-2025-6/
Fiap,2025,Anuncios,De vuelta a casa,Imperial FIFCO,Joystick FIFCO,Independiente,Independiente,Uso de Inteligencia Artificial,Shortlist,Costa Rica,Imperial,Cerveza,Del Mate Producciones Kaiju Creators,/awards/fiap/2025/campaigns/de-vuelta-a-casa-imperial-fifco-joystick-fifco-2025-7/
Fiap,2025,Anuncios,De vuelta a casa,Imperial FIFCO,Joystick FIFCO,Independiente,Independiente,Creatividad Efectiva - Bien Publico,Shortlist,Costa Rica,Imperial,Cerveza,Del Mate Producciones Kaiju Creators,/awards/fiap/2025/campaigns/de-vuelta-a-casa-imperial-fifco-joystick-fifco-2025-8/
Fiap,2025,Anuncios,This is not a game,Movistar,VML,VML,WPP,Television/Cine/Digital - Bien Publico,Shortlist,Mexico,Telefonica,Negocio responsable,Landia,/awards/fiap/2025/campaigns/this-is-not-a-game-movistar-vml-2025/
Fiap,2025,Anuncios,This is not a game,Movistar,VML,VML,WPP,Television/Cine/Digital - Imagen Corporativa,Shortlist,Mexico,Telefonica,Negocio responsable,Landia,/awards/fiap/2025/campaigns/this-is-not-a-game-movistar-vml-2025-2/
Fiap,2025,Formatos,This is not a game,Movistar,VML,VML,WPP,Advergaming,Shortlist,Mexico,Telefonica,Negocio responsable,Landia,/awards/fiap/2025/campaigns/this-is-not-a-game-movistar-vml-2025-3/
Fiap,2025,Formatos,This is not a game,Movistar,VML,VML,WPP,Social Content,Shortlist,Mexico,Telefonica,Negocio responsable,Landia,/awards/fiap/2025/campaigns/this-is-not-a-game-movistar-vml-2025-4/
Fiap,2025,Formatos,This is not a game,Movistar,VML,VML,WPP,Online Video,Shortlist,Mexico,Telefonica,Negocio responsable,Landia,/awards/fiap/2025/campaigns/this-is-not-a-game-movistar-vml-2025-5/
Fiap,2025,Produccion,This is not a game,Movistar,VML,VML,WPP,Tecnicas de Produccion Audiovisual - Direccion General,Shortlist,Mexico,Telefonica,Negocio responsable,Landia,/awards/fiap/2025/campaigns/this-is-not-a-game-movistar-vml-2025-6/
Fiap,2025,Produccion,This is not a game,Movistar,VML,VML,WPP,Tecnicas de Produccion Audiovisual - Direccion de Actores,Shortlist,Mexico,Telefonica,Negocio responsable,Landia,/awards/fiap/2025/campaigns/this-is-not-a-game-movistar-vml-2025-7/
Fiap,2025,Produccion,This is not a game,Movistar,VML,VML,WPP,Tecnicas de Produccion Audiovisual - Edicion,Shortlist,Mexico,Telefonica,Negocio responsable,Landia,/awards/fiap/2025/campaigns/this-is-not-a-game-movistar-vml-2025-8/
Fiap,2025,Innovacion,The Kimberly price,Plaza Vea,Fahrenheit DDB,DDB Worldwide,Omnicom,Innovacion en Eventos/Experiencia,Shortlist,Peru,Supermercados Peruanos,Plaza Vea,Canica Films,/awards/fiap/2025/campaigns/the-kimberly-price-plaza-vea-fahrenheit-ddb-2025-2/
Fiap,2025,Anuncios,The Kimberly price,Plaza Vea,Fahrenheit DDB,DDB Worldwide,Omnicom,Uso Creativo del Espacio en Publicidad de Eventos,Shortlist,Peru,Supermercados Peruanos,Plaza Vea,Canica Films,/awards/fiap/2025/campaigns/the-kimberly-price-plaza-vea-fahrenheit-ddb-2025-3/
Fiap,2025,Anuncios,This is not a game,Movistar,VML,VML,WPP,Mejor Uso de la Cultura Local,Shortlist,Mexico,Telefonica,Negocio responsable,Landia,/awards/fiap/2025/campaigns/this-is-not-a-game-movistar-vml-2025-9/
Fiap,2025,Formatos,Thanks for Coke-Creation,Coca-Cola,VML,VML,WPP,Via Publica,Shortlist,Mexico,Coca-Cola,Coca-Cola,Mango & Chilly Content,/awards/fiap/2025/campaigns/thanks-for-coke-creation-coca-cola-vml-2025/
Fiap,2025,Formatos,Thanks for Coke-Creation,Coca-Cola,VML,VML,WPP,Business to Business Channel o Partner Marketing - B2B,Shortlist,Mexico,Coca-Cola,Coca-Cola,Mango & Chilly Content,/awards/fiap/2025/campaigns/thanks-for-coke-creation-coca-cola-vml-2025-2/
Fiap,2025,Anuncios,Thanks for Coke-Creation,Coca-Cola,VML,VML,WPP,Grafica - Alimentos/Comidas/Bebidas Alcoholicas/No Alcoholicas,Shortlist,Mexico,Coca-Cola,Coca-Cola,Mango & Chilly Content,/awards/fiap/2025/campaigns/thanks-for-coke-creation-coca-cola-vml-2025-3/
Fiap,2025,Anuncios,Thanks for Coke-Creation,Coca-Cola,VML,VML,WPP,Mejor Uso de la Cultura Local,Shortlist,Mexico,Coca-Cola,Coca-Cola,Mango & Chilly Content,/awards/fiap/2025/campaigns/thanks-for-coke-creation-coca-cola-vml-2025-4/
Fiap,2025,Anuncios,Thanks for Coke-Creation,Coca-Cola,VML,VML,WPP,Grafica - Imagen Corporativa/Branding,Shortlist,Mexico,Coca-Cola,Coca-Cola,Mango & Chilly Content,/awards/fiap/2025/campaigns/thanks-for-coke-creation-coca-cola-vml-2025-5/
Fiap,2025,Produccion,Thanks for Coke-Creation,Coca-Cola,VML,VML,WPP,Tecnicas de Produccion Grafica - Direccion de Arte,Shortlist,Mexico,Coca-Cola,Coca-Cola,Mango & Chilly Content,/awards/fiap/2025/campaigns/thanks-for-coke-creation-coca-cola-vml-2025-6/
Fiap,2025,Innovacion,Te lo cuento desde,Banco Guayaquil,Circo,Independiente,Independiente,Innovacion en Redes Sociales,Shortlist,Ecuador,Banco Guayaquil,Banco Guayaquil,La Gallera,/awards/fiap/2025/campaigns/te-lo-cuento-desde-banco-guayaquil-circo-2025/
Fiap,2025,Produccion,Te lo cuento desde,Banco Guayaquil,Circo,Independiente,Independiente,Tecnicas de Produccion de Contenidos,Shortlist,Ecuador,Banco Guayaquil,Banco Guayaquil,La Gallera,/awards/fiap/2025/campaigns/te-lo-cuento-desde-banco-guayaquil-circo-2025-2/
Fiap,2025,Formatos,SubwayTrench,LOreal,Dentsu Creative,Dentsu Group Inc,Dentsu Group,Mejor Campana de Plataforma de Responsabilidad Social,Shortlist,Espana,LOreal Paris (Espana),StandUp,StoryLab,/awards/fiap/2025/campaigns/subwaytrench-loreal-dentsu-creative-2025/
Fiap,2025,Innovacion,subwaytrench,LOreal,Dentsu Creative,Dentsu Group Inc,Dentsu Group,Innovacion en Outdoor/Via publica/Ambient,Shortlist,Espana,LOreal Paris (Espana),StandUp,StoryLab,/awards/fiap/2025/campaigns/subwaytrench-loreal-dentsu-creative-2025-2/
Fiap,2025,Anuncios,SubwayTrench,LOreal,Dentsu Creative,Dentsu Group Inc,Dentsu Group,Transformacion Social - Empresas Privadas,Shortlist,Espana,LOreal Paris (Espana),StandUp,StoryLab,/awards/fiap/2025/campaigns/subwaytrench-loreal-dentsu-creative-2025-3/
Fiap,2025,Anuncios,SubwayTrench,LOreal,Dentsu Creative,Dentsu Group Inc,Dentsu Group,Via Publica - Servicios,Shortlist,Espana,LOreal Paris (Espana),StandUp,StoryLab,/awards/fiap/2025/campaigns/subwaytrench-loreal-dentsu-creative-2025-4/
Fiap,2025,Innovacion,Tu esfuerzo desfila en los juegos olimpicos,Banco Santander,Minerva Marketing,Independiente,Independiente,Innovacion en Eventos/Experiencia,Shortlist,Espana,Banco Santander,Banco Santander,N/A,/awards/fiap/2025/campaigns/tu-esfuerzo-desfila-en-los-juegos-olimpicos-banco-santander-minerva-marketing-2025/
Fiap,2025,Innovacion,Cementerio de flora y fauna,COP16,Inmov - Latir,Independiente,Independiente,Innovacion en Eventos/Experiencia,Shortlist,Colombia,ONU - COP16 primera Conferencia de las Partes realizada en Cali Colombia,Evento COP16,Wonderlust by Inmov,/awards/fiap/2025/campaigns/cementerio-de-flora-y-fauna-cop16-inmov-latir-2025/
Fiap,2025,Innovacion,Cementerio de flora y fauna,COP16,Inmov - Latir,Independiente,Independiente,Mejor Experiencia Interactiva y Creativa en Evento,Shortlist,Colombia,ONU - COP16 primera Conferencia de las Partes realizada en Cali Colombia,Evento COP16,Wonderlust by Inmov,/awards/fiap/2025/campaigns/cementerio-de-flora-y-fauna-cop16-inmov-latir-2025-2/
Fiap,2025,Formatos,Soluciones de mi Gente 3a ed,Sempra Infraestructura,Pulso Agency,Independiente,Independiente,Mejor Campana de Plataforma de Responsabilidad Social,Shortlist,Mexico,Sempra Infraestructura,Soluciones de mi Gente,PULSO Agency,/awards/fiap/2025/campaigns/soluciones-de-mi-gente-3a-ed-sempra-infraestructura-pulso-agency-2025/
Fiap,2025,Anuncios,Jockey Plaza,Jockey Plaza,Burns The Agency,Independiente,Independiente,Television/Cine/Digital - Campanas Bien Publico,Shortlist,Peru,Jockey Plaza,Plataforma Antibullying,The Kubricks,/awards/fiap/2025/campaigns/jockey-plaza-jockey-plaza-burns-the-agency-2025/
Fiap,2025,Anuncios,Radio Prosegur,Prosegur Alarmas,Burns The Agency,Independiente,Independiente,Radio - Campanas Bien Publico,Shortlist,Peru,Prosegur Alarmas,Camaras de Seguridad Prosegur Alarmas,Zava Records Rodolfo Zavalaga,/awards/fiap/2025/campaigns/radio-prosegur-prosegur-alarmas-burns-the-agency-2025/
Fiap,2025,Anuncios,El Chisme del Bueno,Sempra Infraestructura,Pulso Agency,Independiente,Independiente,Television/Cine/Digital - Bajo Presupuesto,Shortlist,Mexico,Sempra Infraestructura,Soluciones de mi Gente,PULSO Agency,/awards/fiap/2025/campaigns/el-chisme-del-bueno-sempra-infraestructura-pulso-agency-2025/
Fiap,2025,Produccion,BBVA - Anaquel de cuentas,BBVA,Ka&O Films and Content,Independiente,Independiente,Tecnicas de Produccion Audiovisual - Direccion General,Shortlist,Peru,BBVA,BBVA - Anaquel de Cuentas,Ka&O Films and Content,/awards/fiap/2025/campaigns/bbva-anaquel-de-cuentas-bbva-ka-and-o-films-and-content-2025/
Fiap,2025,Innovacion,Navega la Vila,La Vila Joiosa,Makinaccion,Makinaccion,Makinaccion,Innovacion en Outdoor/Via publica/Ambient,Shortlist,Espana,Concejalia de turismo del ayuntamiento de La Vila Joiosa,La oferta turistica de La Vila Joiosa,Makinaccion,/awards/fiap/2025/campaigns/navega-la-vila-la-vila-joiosa-makinaccion-2025/
Fiap,2025,Anuncios,Jockey Plaza,Jockey Plaza,Burns The Agency,Independiente,Independiente,Creatividad Efectiva - Bien Publico,Shortlist,Peru,Jockey Plaza,Plataforma Antibullying,The Kubricks,/awards/fiap/2025/campaigns/jockey-plaza-jockey-plaza-burns-the-agency-2025-2/
Fiap,2025,Anuncios,ON510,ON510 Energia positva,Parker,Independiente,Independiente,Mejor Diseno,Shortlist,Espana,Grupo Enhol,Comercializadora electrica,Parker,/awards/fiap/2025/campaigns/on510-on510-energia-positva-parker-2025/
Fiap,2025,Anuncios,ON510,ON510 Energia positva,Parker,Independiente,Independiente,Mejor Concepto,Shortlist,Espana,Grupo Enhol,Comercializadora electrica,Parker,/awards/fiap/2025/campaigns/on510-on510-energia-positva-parker-2025-2/
Fiap,2025,Anuncios,Great ideas,Getty Images,DDB Latina,DDB Worldwide,Omnicom,Grafica - Campanas (Productos/Servicios/Corporativas),Shortlist,Uruguay,Getty Images,Banco de imagenes,DDB Uruguay,/awards/fiap/2025/campaigns/great-ideas-getty-images-ddb-latina-2025/
Fiap,2025,Anuncios,Muy poco viene para lo cerca que lo tienes,Tu Provincia Huesca La Magia,La Colmena Creativa,Hub Of Brands,N/A,Television/Cine/Digital - Recreacion/Placer/Tiempo Libre/Transporte/Viajes/Turismo,Shortlist,Espana,Diputacion Provincial de Huesca,Campana de Turismo,La Colmena Creativa,/awards/fiap/2025/campaigns/muy-poco-viene-para-lo-cerca-que-lo-tienes-tu-provincia-huesca-la-magia-la-colmena-creativa-2025/
Fiap,2025,Anuncios,Marea Purpura,Marea Purpura,Grizzly Brands,Independiente,Independiente,Grafica - Imagen Corporativa/Branding,Shortlist,Colombia,Civix Colombia,Diseno imagen corporativa y Branding,N/A,/awards/fiap/2025/campaigns/marea-purpura-marea-purpura-grizzly-brands-2025/
Fiap,2025,Anuncios,Liderab,Marea Purpura,Grizzly Brands,Independiente,Independiente,Grafica - Imagen Corporativa/Branding,Shortlist,Colombia,Civix Colombia,Diseno imagen corporativa y Branding,N/A,/awards/fiap/2025/campaigns/liderab-marea-purpura-grizzly-brands-2025/
Fiap,2025,Anuncios,Frascos infinitos - Mayonesa Kraft,Mayonesa Kraft,Amarillo Creative Lab,Independiente,Independiente,Radio - Alimentos/Comidas/Bebidas Alcoholicas/No Alcoholicas,Shortlist,Venezuela,Mondelez internacional,Mayonesa Kraft,Piedra Studios,/awards/fiap/2025/campaigns/frascos-infinitos-mayonesa-kraft-mayonesa-kraft-amarillo-creative-lab-2025/
Fiap,2025,Formatos,Frascos infinitos - Mayonesa Kraft,Kraft,Amarillo Creative Lab,Independiente,Independiente,Mejor Campana de Sostenibilidad,Shortlist,Venezuela,Mondelez Internacional,Mayonesa Kraft,Fenix Media,/awards/fiap/2025/campaigns/frascos-infinitos-mayonesa-kraft-kraft-amarillo-creative-lab-2025/
Fiap,2025,Innovacion,Frascos infinitos - Mayonesa Kraft,Kraft,Amarillo Creative Lab,Independiente,Independiente,Innovacion en campanas sobre sostenibilidad,Shortlist,Venezuela,Mondelez Internacional,Mayonesa Kraft,N/A,/awards/fiap/2025/campaigns/frascos-infinitos-mayonesa-kraft-kraft-amarillo-creative-lab-2025-2/
Fiap,2025,Anuncios,Frascos infinitos - Mayonesa Kraft,Mayonesa Kraft,Amarillo Creative Lab,Independiente,Independiente,Mejor Uso de la Cultura Local,Shortlist,Venezuela,Mondelez Internacional,Mayonesa Kraft,Fenix Media,/awards/fiap/2025/campaigns/frascos-infinitos-mayonesa-kraft-mayonesa-kraft-amarillo-creative-lab-2025-2/
Fiap,2025,Formatos,Libres de Trata,Libres de Trata,Amarillo Creative Lab,Independiente,Independiente,Mejor Campana de Plataforma de Responsabilidad Social,Shortlist,Venezuela,Libres de Trata,Libres de Trata,N/A,/awards/fiap/2025/campaigns/libres-de-trata-libres-de-trata-amarillo-creative-lab-2025/
Fiap,2025,Formatos,Libres de Trata,Libres de Trata,Amarillo Creative Lab,Independiente,Independiente,Mejor Uso de Influencer en cualquier plataforma,Shortlist,Venezuela,Libres de Trata,Libres de Trata,N/A,/awards/fiap/2025/campaigns/libres-de-trata-libres-de-trata-amarillo-creative-lab-2025-2/
Fiap,2025,Anuncios,Libres de Trata,Libres de Trata,Amarillo Creative Lab,Independiente,Independiente,Transformacion Social - ONG,Shortlist,Venezuela,Libres de Trata,Libres de Trata,N/A,/awards/fiap/2025/campaigns/libres-de-trata-libres-de-trata-amarillo-creative-lab-2025-3/
Fiap,2025,Formatos,Frascos infinitos - Mayonesa Kraft,Kraft,Amarillo Creative Lab,Independiente,Independiente,Mejor Uso de Influencer en cualquier plataforma,Shortlist,Venezuela,Mondelez Internacional,Mayonesa Kraft,N/A,/awards/fiap/2025/campaigns/frascos-infinitos-mayonesa-kraft-kraft-amarillo-creative-lab-2025-3/
Fiap,2025,Anuncios,Frascos infinitos - Mayonesa Kraft,Kraft,Amarillo Creative Lab,Independiente,Independiente,Campanas Integrales,Shortlist,Venezuela,Mondelez Internacional,Mayonesa Kraft,N/A,/awards/fiap/2025/campaigns/frascos-infinitos-mayonesa-kraft-kraft-amarillo-creative-lab-2025-4/
Fiap,2025,Anuncios,Frascos infinitos - Mayonesa Kraft,Kraft,Amarillo Creative Lab,Independiente,Independiente,Radio - Jingles/Musica Original/Audio logo/Mejor Sound Effect,Shortlist,Venezuela,Mondelez Internacional,MAyonesa Kraft,Piedra Studios,/awards/fiap/2025/campaigns/frascos-infinitos-mayonesa-kraft-kraft-amarillo-creative-lab-2025-5/
