Festival,Year,Track,Category,Title,Agency,Network,Holding,Country,Company,Brand,Product,Producer,Award,Board image,Permalink
FIAP,2025,Innovacion,Innovacion en Campañas Sobre Sostenibilidad,De Vuelta A Casa GS,Joystick Fifco,Agencia Independiente,Agencia Independiente,Costa Rica,Imperial,Imperial Fifco,Cerveza,Del Mate Producciones - Kaiju Creators,Grand Prix,https://www.youtube.com/watch?v=kESndHGUP9U,/awards/fiap/2025/campaigns/de-vuelta-a-casa-gs-imperial-fifco-joystick-fifco-2025/
FIAP,2025,Formatos,Via Publica,Nescafe Decaf Billboards GS,Star5 Creative Inc,Ogilvy,WPP,Panama,Nestle,Nescafe,Cafe Descafeinado,VFX,Grand Prix,https://www.ogilvy.com/work/decaf-billboards,/awards/fiap/2025/campaigns/nescafe-decaf-billboards-gs-nescafe-star5-creative-inc-2025/
FIAP,2025,Anuncios,Grafica - Imagen Corporativa - Branding,Thanks For Coke-Creation GS,VML,VML,WPP,Mexico,Coca-Cola,Coca-Cola,Coca-Cola,Mango & Chilly Content,Grand Prix,https://www.vml.com/work/every-coca-cola-is-welcome,/awards/fiap/2025/campaigns/thanks-for-coke-creation-gs-coca-cola-vml-2025/
FIAP,2025,Produccion,Tecnicas de Produccion Grafica - Direccion de Arte,Thanks For Coke-Creation GS,VML,VML,WPP,Mexico,Coca-Cola,Coca-Cola,Coca-Cola,Mango & Chilly Content,Grand Prix,https://www.vml.com/work/every-coca-cola-is-welcome,/awards/fiap/2025/campaigns/thanks-for-coke-creation-gs-coca-cola-vml-2025-2/
FIAP,2025,Innovacion,Innovacion en PR,De Vuelta A Casa,Joystick Fifco,Agencia Independiente,Agencia Independiente,Costa Rica,Imperial,Imperial Fifco,Cerveza,Del Mate Producciones - Kaiju Creators,Gold,,/awards/fiap/2025/campaigns/de-vuelta-a-casa-imperial-fifco-joystick-fifco-2025/
FIAP,2025,Produccion,Tecnicas de Produccion Audiovisual - Animacion Computarizada - Efectos Especiales,Monstruo Vs Robot,BETC Havas,Havas Creative,Havas,Brasil,Stellantis,Citroën Brasil,Citroën Basalt,Zohar,Gold,,/awards/fiap/2025/campaigns/monstruo-vs-robot-citroen-brasil-betc-havas-2025/
FIAP,2025,Formatos,Salud,La Mancha Invisible,BETC Havas,Havas Creative,Havas,Brasil,Reckitt,Vanish,Concienciacion Sobre El Bullying,Lobo,Gold,,/awards/fiap/2025/campaigns/la-mancha-invisible-vanish-betc-havas-2025/
FIAP,2025,Formatos,Advergaming,Game Guardian,VML,VML,WPP,Argentina,Telefonica,Movistar,Telecomunicaciones,Ladoble,Gold,,/awards/fiap/2025/campaigns/game-guardian-movistar-vml-2025/
FIAP,2025,Innovacion,Innovacion en Activaciones,The Rewards Bag,VML,VML,WPP,Uruguay,Gdn,Tata,Supermercado,VML,Gold,,/awards/fiap/2025/campaigns/the-rewards-bag-tata-vml-2025/
FIAP,2025,Produccion,Tecnicas de Produccion de BTL,Habitaciones Que No Callan,Publicidad Comercial Mullenlowe,Mullenlowe Group,IPG,El Salvador,Movimiento De Valientes Latino America Y El Caribe,Movimiento De Valientes Latino America Y El Caribe,Movimiento De Valientes Latino America Y El Caribe,Mullenlowe Ssp3- Gaspar,Gold,,/awards/fiap/2025/campaigns/habitaciones-que-no-callan-movimiento-de-valientes-latino-america-y-el-caribe-publicidad-comercial-mullenlowe-2025/
FIAP,2025,Produccion,Tecnicas de Produccion Digital - Diseño General,37 Lenguas,Tombrasniña,Tombrasniña,Tombrasniña,Argentina,Grupo Dym - Saiv,37 Lenguas,Ron,N-A,Gold,,/awards/fiap/2025/campaigns/37-lenguas-37-lenguas-tombrasnina-2025/
FIAP,2025,Formatos,Business to Business Channel o Partner Marketing - B2B,Thanks For Coke-Creation,VML,VML,WPP,Mexico,Coca-Cola,Coca-Cola,Coca-Cola,Mango & Chilly Content,Gold,,/awards/fiap/2025/campaigns/thanks-for-coke-creation-coca-cola-vml-2025/
FIAP,2025,Innovacion,Innovacion en Eventos-Experiencia,The Kimberly Price,Fahrenheit DDB,DDB Worldwide,Omnicom,Peru,Supermercados Peruanos,Plaza Vea,Plaza Vea,Canica Films,Gold,,/awards/fiap/2025/campaigns/the-kimberly-price-plaza-vea-fahrenheit-ddb-2025/
FIAP,2025,Anuncios,Uso Creativo del Espacio en Publicidad de Eventos,The Kimberly Price,Fahrenheit DDB,DDB Worldwide,Omnicom,Peru,Supermercados Peruanos,Plaza Vea,Plaza Vea,Canica Films,Gold,,/awards/fiap/2025/campaigns/the-kimberly-price-plaza-vea-fahrenheit-ddb-2025-2/
FIAP,2025,Anuncios,Grafica - Alimentos - Comidas - Bebidas Alcoholicas - No Alcoholicas,Thanks For Coke-Creation,VML,VML,WPP,Mexico,Coca-Cola,Coca-Cola,Coca-Cola,Mango & Chilly Content,Gold,,/awards/fiap/2025/campaigns/thanks-for-coke-creation-coca-cola-vml-2025-2/
FIAP,2025,Anuncios,Mejor Uso de la Cultura Local,Thanks For Coke-Creation,VML,VML,WPP,Mexico,Coca-Cola,Coca-Cola,Coca-Cola,Mango & Chilly Content,Gold,,/awards/fiap/2025/campaigns/thanks-for-coke-creation-coca-cola-vml-2025-3/
FIAP,2025,Anuncios,Grafica - Imagen Corporativa - Branding,Thanks For Coke-Creation,VML,VML,WPP,Mexico,Coca-Cola,Coca-Cola,Coca-Cola,Mango & Chilly Content,Gold,,/awards/fiap/2025/campaigns/thanks-for-coke-creation-coca-cola-vml-2025-4/
FIAP,2025,Produccion,Tecnicas de Produccion Grafica - Direccion de Arte,Thanks For Coke-Creation,VML,VML,WPP,Mexico,Coca-Cola,Coca-Cola,Coca-Cola,Mango & Chilly Content,Gold,,/awards/fiap/2025/campaigns/thanks-for-coke-creation-coca-cola-vml-2025-5/
FIAP,2025,Formatos,Mejor Campaña de Sostenibilidad,De Vuelta A Casa,Joystick Fifco,Agencia Independiente,Agencia Independiente,Costa Rica,Imperial,Imperial Fifco,Cerveza,Del Mate Producciones - Kaiju Creators,Gold,,/awards/fiap/2025/campaigns/de-vuelta-a-casa-imperial-fifco-joystick-fifco-2025-2/
FIAP,2025,Innovacion,Innovacion en Campañas Sobre Sostenibilidad,De Vuelta A Casa,Joystick Fifco,Agencia Independiente,Agencia Independiente,Costa Rica,Imperial,Imperial Fifco,Cerveza,Del Mate Producciones - Kaiju Creators,Gold,,/awards/fiap/2025/campaigns/de-vuelta-a-casa-imperial-fifco-joystick-fifco-2025-3/
FIAP,2025,Formatos,Uso de Inteligencia Artificial,De Vuelta A Casa,Joystick Fifco,Agencia Independiente,Agencia Independiente,Costa Rica,Imperial,Imperial Fifco,Cerveza,Del Mate Producciones - Kaiju Creators,Gold,,/awards/fiap/2025/campaigns/de-vuelta-a-casa-imperial-fifco-joystick-fifco-2025-4/
FIAP,2025,Anuncios,Television - Cine - Digital - Bien Publico,This Is Not A Game,VML,VML,WPP,Mexico,Telefonica,Movistar,Negocio Responsable,Landia,Gold,,/awards/fiap/2025/campaigns/this-is-not-a-game-movistar-vml-2025/
FIAP,2025,Anuncios,Television - Cine - Digital - Imagen Corporativa,This Is Not A Game,VML,VML,WPP,Mexico,Telefonica,Movistar,Negocio Responsable,Landia,Gold,,/awards/fiap/2025/campaigns/this-is-not-a-game-movistar-vml-2025-2/
FIAP,2025,Formatos,Online Video,This Is Not A Game,VML,VML,WPP,Mexico,Telefonica,Movistar,Negocio Responsable,Landia,Gold,,/awards/fiap/2025/campaigns/this-is-not-a-game-movistar-vml-2025-3/
FIAP,2025,Innovacion,Innovacion en Tecnologia,Tim Block Pin,BETC Havas,Havas Creative,Havas,Brasil,Tim Telecom,Tim Telecom,Institucional,Zaine Filmes,Gold,,/awards/fiap/2025/campaigns/tim-block-pin-tim-telecom-betc-havas-2025/
FIAP,2025,Formatos,Desarrollo Tecnologico,Tim Block Pin,BETC Havas,Havas Creative,Havas,Brasil,Tim Telecom,Tim Telecom,Institucional,Zaine Filmes,Gold,,/awards/fiap/2025/campaigns/tim-block-pin-tim-telecom-betc-havas-2025-2/
FIAP,2025,Formatos,Cortos,La Mancha Invisible,BETC Havas,Havas Creative,Havas,Brasil,Reckitt,Vanish,Concienciacion Sobre El Bullying,Lobo,Gold,,/awards/fiap/2025/campaigns/la-mancha-invisible-vanish-betc-havas-2025-2/
FIAP,2025,Formatos,Evento en Vivo o Hibrido,The Kimberly Price,Fahrenheit DDB,DDB Worldwide,Omnicom,Peru,Supermercados Peruanos,Plaza Vea,Plaza Vea,Canica Films,Gold,,/awards/fiap/2025/campaigns/the-kimberly-price-plaza-vea-fahrenheit-ddb-2025-3/
FIAP,2025,Formatos,Live Experience,Le Golle,Mccann Worldgroup,Mccann Worldgroup,IPG,Costa Rica,Gollo,Gollo,Gollo,N-A,Gold,,/awards/fiap/2025/campaigns/le-golle-gollo-mccann-worldgroup-2025/
FIAP,2025,Formatos,Mejor Uso de Influencer en Cualquier Plataforma,Un Contenido Muy Poco Normal,Publicis Dominicana,Publicis Worldwide,Publicis Groupe,Republica Dominicana,Banco BHD,Banco BHD,Segmento Mujer BHD,N-A,Gold,,/awards/fiap/2025/campaigns/un-contenido-muy-poco-normal-banco-bhd-publicis-dominicana-2025/
FIAP,2025,Produccion,Tecnicas de Produccion Audiovisual - Fotografia,Good Max,La Despensa,Agencia Independiente,Agencia Independiente,España,Fundacion Sant Joan De Deu,Fundacion Sant Joan De Deu,Recaudacion Para La Investigacion Del Cancer Infantil,Antiestatico,Gold,,/awards/fiap/2025/campaigns/good-max-fundacion-sant-joan-de-deu-la-despensa-2025/
FIAP,2025,Formatos,Social Content,Community King,BBA,Agencia Independiente,Agencia Independiente,Ecuador,Burger King,Burger King,Burger King,Fabryca,Gold,,/awards/fiap/2025/campaigns/community-king-burger-king-bba-2025/
FIAP,2025,Formatos,Contenido con Mejor Estrategia Digital,Pete Zahat,BBA,Agencia Independiente,Agencia Independiente,Ecuador,Pizza Hut,Pizza Hut,Pizza Hut,Fabryca,Gold,,/awards/fiap/2025/campaigns/pete-zahat-pizza-hut-bba-2025/
FIAP,2025,Formatos,Branded Content Integrado a Otras Plataformas,Un Contenido Muy Poco Normal,Publicis Dominicana,Publicis Worldwide,Publicis Groupe,Republica Dominicana,Banco BHD,Banco BHD,Segmento Mujer BHD,N-A,Gold,,/awards/fiap/2025/campaigns/un-contenido-muy-poco-normal-banco-bhd-publicis-dominicana-2025-2/
FIAP,2025,Formatos,Mejor Uso de Ambient Media,Nescafe Decaf Billboards,Star5 Creative Inc,Ogilvy,WPP,Panama,Nestle,Nescafe,Cafe Descafeinado,VFX,Gold,,/awards/fiap/2025/campaigns/nescafe-decaf-billboards-nescafe-star5-creative-inc-2025/
FIAP,2025,Innovacion,Innovacion en Outdoor-Via Publica-Ambient,Nescafe Decaf Billboards,Star5 Creative Inc,Ogilvy,WPP,Panama,Nestle,Nescafe,Cafe Descafeinado,VFX,Gold,,/awards/fiap/2025/campaigns/nescafe-decaf-billboards-nescafe-star5-creative-inc-2025-2/
FIAP,2025,Formatos,Estudiantes,Mayo Leaks,Bendita Carpeta,Estudiantes,Estudiantes,Colombia,Hellmann´S,Hellmann´S,Hellmann´S,N-A,Gold,,/awards/fiap/2025/campaigns/mayo-leaks-hellmanns-bendita-carpeta-2025/
FIAP,2025,Innovacion,Uso de Inteligencia Artificial,Samsung Impulse,Cheil,Cheil Worldwide,Cheil,España,Samsung Electronics Iberia,Samsung,Galaxy Watch,Somos5,Gold,,/awards/fiap/2025/campaigns/samsung-impulse-samsung-cheil-2025/
FIAP,2025,Formatos,Via Publica,Nescafe Decaf Billboards,Star5 Creative Inc,Ogilvy,WPP,Panama,Nestle,Nescafe,Cafe Descafeinado,VFX,Gold,,/awards/fiap/2025/campaigns/nescafe-decaf-billboards-nescafe-star5-creative-inc-2025-3/
FIAP,2025,Innovacion,Estudiantes,Styled To Stay,Brother,Estudiantes,Estudiantes,Uruguay,Ikea,Ikea,Styled To Stay,N-A,Gold,,/awards/fiap/2025/campaigns/styled-to-stay-ikea-brother-2025/
FIAP,2025,Formatos,Cortos,Lentes Del Alma,BETC Havas,Havas Creative,Havas,Brasil,Tim Telecom,Tim Telecom,Institucional,Santeria,Silver,,/awards/fiap/2025/campaigns/lentes-del-alma-tim-telecom-betc-havas-2025/
FIAP,2025,Anuncios,Television - Cine - Digital - Imagen Corporativa,Ignora Responsablemente,VML,VML,WPP,Argentina,Telefonica,Movistar,Movistar,Landia,Silver,,/awards/fiap/2025/campaigns/ignora-responsablemente-movistar-vml-2025/
FIAP,2025,Formatos,Estudiantes,Complete With Imagination,Bendita Carpeta,Estudiantes,Estudiantes,Colombia,Lego,Lego,Lego,N-A,Silver,,/awards/fiap/2025/campaigns/complete-with-imagination-lego-bendita-carpeta-2025/
FIAP,2025,Produccion,Tecnicas de Produccion de Plataformas Digitales-Redes Sociales,The Test List,Tombrasniña,Tombrasniña,Tombrasniña,Argentina,Grupo Omint,Grupo Omint,Medicina Prepaga,Warner Music,Silver,,/awards/fiap/2025/campaigns/the-test-list-grupo-omint-tombrasnina-2025/
FIAP,2025,Formatos,Mejor Uso de Influencer en Cualquier Plataforma,Lost Names,Conill Advertising,Saatchi & Saatchi,Publicis Groupe,Usa,Toyota Motor North America USA Inc,Toyota,Toyota,Jaw Productions,Silver,,/awards/fiap/2025/campaigns/lost-names-toyota-conill-advertising-2025/
FIAP,2025,Formatos,Mejor Uso de Influencer en Cualquier Plataforma,Undeleted,VML,VML,WPP,Argentina,Unilever,Dove,Desodorante,Mama Hungara,Silver,,/awards/fiap/2025/campaigns/undeleted-dove-vml-2025/
FIAP,2025,Formatos,Evento en Vivo o Hibrido,Undeleted,VML,VML,WPP,Argentina,Unilever,Dove,Desodorante,Mama Hungara,Silver,,/awards/fiap/2025/campaigns/undeleted-dove-vml-2025-2/
FIAP,2025,Anuncios,Creatividad Efectiva - Aporte Cultural y-o Multicultural,Undeleted,VML,VML,WPP,Argentina,Unilever,Dove,Desodorante,Mama Hungara,Silver,,/awards/fiap/2025/campaigns/undeleted-dove-vml-2025-3/
FIAP,2025,Anuncios,Transformacion Social - Empresas Privadas,Undeleted,VML,VML,WPP,Argentina,Unilever,Dove,Desodorante,Mama Hungara,Silver,,/awards/fiap/2025/campaigns/undeleted-dove-vml-2025-4/
FIAP,2025,Formatos,Desarrollo Tecnologico,Game Guardian,VML,VML,WPP,Argentina,Telefonica,Movistar,Telecomunicaciones,Ladoble,Silver,,/awards/fiap/2025/campaigns/game-guardian-movistar-vml-2025-2/
FIAP,2025,Innovacion,Innovacion en Gaming y Entretenimiento,Game Guardian,VML,VML,WPP,Argentina,Telefonica,Movistar,Telecomunicaciones,Ladoble,Silver,,/awards/fiap/2025/campaigns/game-guardian-movistar-vml-2025-3/
FIAP,2025,Innovacion,Uso de Inteligencia Artificial,Game Guardian,VML,VML,WPP,Argentina,Telefonica,Movistar,Telecomunicaciones,Ladoble,Silver,,/awards/fiap/2025/campaigns/game-guardian-movistar-vml-2025-4/
FIAP,2025,Anuncios,Transformacion Social - Empresas Privadas,Game Guardian,VML,VML,WPP,Argentina,Telefonica,Movistar,Telecomunicaciones,Ladoble,Silver,,/awards/fiap/2025/campaigns/game-guardian-movistar-vml-2025-5/
FIAP,2025,Formatos,Branded Content Integrado a Otras Plataformas,The Cheapest Transfers,Teran,Tbwa Worldwide,Omnicom,Mexico,Bodega Aurrera,Bodega Aurrera,Bodega Aurrera,N-A,Silver,,/awards/fiap/2025/campaigns/the-cheapest-transfers-bodega-aurrera-teran-2025/
FIAP,2025,Innovacion,Innovacion en Marketing Directo,The Rewards Bag,VML,VML,WPP,Uruguay,Gdn,Tata,Supermercado,VML,Silver,,/awards/fiap/2025/campaigns/the-rewards-bag-tata-vml-2025-2/
FIAP,2025,Produccion,Tecnicas de Produccion Audiovisual - Fotografia,Overthinking,Lemon,Agencia Independiente,Agencia Independiente,Peru,Peru Rail,Peru Rail,Tren,Manzanon Films,Silver,,/awards/fiap/2025/campaigns/overthinking-peru-rail-lemon-2025/
FIAP,2025,Produccion,Tecnicas de Produccion en PR,Habitaciones Que No Callan,Publicidad Comercial Mullenlowe,Mullenlowe Group,IPG,El Salvador,Movimiento De Valientes Latino America Y El Caribe,Movimiento De Valientes Latino America Y El Caribe,Movimiento De Valientes Latino America Y El Caribe,Mullenlowe Ssp3- Gaspar,Silver,,/awards/fiap/2025/campaigns/habitaciones-que-no-callan-movimiento-de-valientes-latino-america-y-el-caribe-publicidad-comercial-mullenlowe-2025-2/
FIAP,2025,Innovacion,Estudiantes,Player 024,The Atomic Garden,Estudiantes,Estudiantes,España,Gobierno De España,Ministerio De Sanidad,Linea 024 Linea De Atencion A La Conducta Suicida,N-A,Silver,,/awards/fiap/2025/campaigns/player-024-ministerio-de-sanidad-the-atomic-garden-2025/
FIAP,2025,Formatos,Advergaming,The Cheapest Transfers,Teran,Tbwa Worldwide,Omnicom,Mexico,Bodega Aurrera,Bodega Aurrera,Bodega Aurrera,N-A,Silver,,/awards/fiap/2025/campaigns/the-cheapest-transfers-bodega-aurrera-teran-2025-2/
FIAP,2025,Produccion,Tecnicas de Produccion Digital - Diseño de Imagen,37 Lenguas,Tombrasniña,Tombrasniña,Tombrasniña,Argentina,Grupo Dym - Saiv,37 Lenguas,Ron,N-A,Silver,,/awards/fiap/2025/campaigns/37-lenguas-37-lenguas-tombrasnina-2025-2/
FIAP,2025,Produccion,Tecnicas de Produccion Digital - Diseño de Imagen,Emociones,Tombrasniña,Tombrasniña,Tombrasniña,Argentina,Parque De La Costa,Parque De La Costa,Parque De Atracciones,N-A,Silver,,/awards/fiap/2025/campaigns/emociones-parque-de-la-costa-tombrasnina-2025/
FIAP,2025,Innovacion,Estudiantes,Approved By Baby Cows,Furia Escuela Creativa,Estudiantes,Estudiantes,Peru,Grupo Gloria,Gloria,Leche Gloria,N-A,Silver,,/awards/fiap/2025/campaigns/approved-by-baby-cows-gloria-furia-escuela-creativa-2025/
FIAP,2025,Anuncios,Campañas Integrales,El Clima Ideal Cuando Mas Lo Necesitas,Mccann Worldgroup,Mccann Worldgroup,IPG,Argentina,Bgh,Bgh,Aire Acondicionado Inverter,Winona,Silver,,/awards/fiap/2025/campaigns/el-clima-ideal-cuando-mas-lo-necesitas-bgh-mccann-worldgroup-2025/
FIAP,2025,Formatos,Mejor Campaña de Plataforma de Responsabilidad Social,Unforgettable Women,Mullenlowe Delta,Mullenlowe Group,IPG,Ecuador,Banco Pichincha,Banco Pichincha,Institutional,Bang Motions & Films - The Others,Silver,,/awards/fiap/2025/campaigns/unforgettable-women-banco-pichincha-mullenlowe-delta-2025/
FIAP,2025,Formatos,Medios Integrados-Contenido 360,Unrepeatable Ads,Mullenlowe Delta,Mullenlowe Group,IPG,Ecuador,Guitig,Guitig,Guitig Sparkling Water,Ramona,Silver,,/awards/fiap/2025/campaigns/unrepeatable-ads-guitig-mullenlowe-delta-2025/
FIAP,2025,Anuncios,Mejor Uso de la Cultura Local,This Is Not A Game,VML,VML,WPP,Mexico,Telefonica,Movistar,Negocio Responsable,Landia,Silver,,/awards/fiap/2025/campaigns/this-is-not-a-game-movistar-vml-2025-4/
FIAP,2025,Formatos,Via Publica,Thanks For Coke-Creation,VML,VML,WPP,Mexico,Coca-Cola,Coca-Cola,Coca-Cola,Mango & Chilly Content,Silver,,/awards/fiap/2025/campaigns/thanks-for-coke-creation-coca-cola-vml-2025-6/
FIAP,2025,Formatos,Via Publica,El Jeep De Otras Marcas,Made,Agencia Independiente,Agencia Independiente,Mexico,Stellantis,Jeep,Jeep Wrangler,N-A,Silver,,/awards/fiap/2025/campaigns/el-jeep-de-otras-marcas-jeep-made-2025/
FIAP,2025,Innovacion,Uso de Inteligencia Artificial,De Vuelta A Casa,Joystick Fifco,Agencia Independiente,Agencia Independiente,Costa Rica,Imperial,Imperial Fifco,Cerveza,Del Mate Producciones - Kaiju Creators,Silver,,/awards/fiap/2025/campaigns/de-vuelta-a-casa-imperial-fifco-joystick-fifco-2025-5/
FIAP,2025,Innovacion,Innovacion en Tecnologia,De Vuelta A Casa,Joystick Fifco,Agencia Independiente,Agencia Independiente,Costa Rica,Imperial,Imperial Fifco,Cerveza,Del Mate Producciones - Kaiju Creators,Silver,,/awards/fiap/2025/campaigns/de-vuelta-a-casa-imperial-fifco-joystick-fifco-2025-6/
FIAP,2025,Formatos,Mejor Campaña de Plataforma de Responsabilidad Social,#Subwaytrench,Dentsu Creative,Dentsu Group Inc,Dentsu Group,España,LOreal Paris España,LOreal,Standup,Storylab,Silver,,/awards/fiap/2025/campaigns/subwaytrench-loreal-dentsu-creative-2025/
FIAP,2025,Formatos,Advergaming,This Is Not A Game,VML,VML,WPP,Mexico,Telefonica,Movistar,Negocio Responsable,Landia,Silver,,/awards/fiap/2025/campaigns/this-is-not-a-game-movistar-vml-2025-5/
FIAP,2025,Formatos,Social Content,This Is Not A Game,VML,VML,WPP,Mexico,Telefonica,Movistar,Negocio Responsable,Landia,Silver,,/awards/fiap/2025/campaigns/this-is-not-a-game-movistar-vml-2025-6/
FIAP,2025,Innovacion,Innovacion en Gaming y Entretenimiento,Detox Bet,Tech And Soul,Tech And Soul,Tech And Soul,Brasil,B3 Genial Investimentos Ibn,Institucional,Institucional,Arapiraca,Silver,,/awards/fiap/2025/campaigns/detox-bet-institucional-tech-and-soul-2025/
FIAP,2025,Anuncios,Mejor Uso de la Cultura Local,Dolar Diarco,Bb Agencia,Agencia Independiente,Agencia Independiente,Argentina,Grupo Goldfarb,Diarco,Diarco Mayorista,Simio Tv,Silver,,/awards/fiap/2025/campaigns/dolar-diarco-diarco-bb-agencia-2025/
FIAP,2025,Produccion,Tecnicas de Produccion Audiovisual - Animacion Computarizada - Efectos Especiales,La Mancha Invisible,BETC Havas,Havas Creative,Havas,Brasil,Reckitt,Vanish,Concienciacion Sobre El Bullying,Lobo,Silver,,/awards/fiap/2025/campaigns/la-mancha-invisible-vanish-betc-havas-2025-3/
FIAP,2025,Formatos,Salud,Un Dia Por Las Mujeres,Always On,Agencia Independiente,Agencia Independiente,Peru,Clinica San Felipe,Clinica San Felipe,Unidad De La Mama,Always On,Silver,,/awards/fiap/2025/campaigns/un-dia-por-las-mujeres-clinica-san-felipe-always-on-2025/
FIAP,2025,Formatos,Mejor Uso de Influencer en Cualquier Plataforma,Un Dia Por Las Mujeres,Always On,Agencia Independiente,Agencia Independiente,Peru,Clinica San Felipe,Clinica San Felipe,Unidad De La Mama,Always On,Silver,,/awards/fiap/2025/campaigns/un-dia-por-las-mujeres-clinica-san-felipe-always-on-2025-2/
FIAP,2025,Formatos,Mejor Uso de Ambient Media,"Reforested Billboard: ""La Lona Que Hizo Respirar Al Mundo""",El Hombre Del Paraguas,Agencia Independiente,Agencia Independiente,España,Tripictures -Amarillo Yellow,Tripictures,"Pelicula ""Emma Y El Jaguar Negro""",Sistema Del Solar,Silver,,/awards/fiap/2025/campaigns/reforested-billboard-la-lona-que-hizo-respirar-al-mundo-tripictures-el-hombre-del-paraguas-2025/
FIAP,2025,Innovacion,Innovacion en Activaciones,Detox Bet,Tech And Soul,Tech And Soul,Tech And Soul,Brasil,B3 Genial Investimentos Ibn,Institucional,Institucional,Arapiraca,Silver,,/awards/fiap/2025/campaigns/detox-bet-institucional-tech-and-soul-2025-2/
FIAP,2025,Formatos,Mejor Uso de Ambient Media,Peru Conoce A Su Campeona,Tribeca Media,Agencia Independiente,Agencia Independiente,Peru,Plazavea,Plazavea,Plazavea,Canica Films,Silver,,/awards/fiap/2025/campaigns/peru-conoce-a-su-campeona-plazavea-tribeca-media-2025/
FIAP,2025,Innovacion,Innovacion en PR,Peru Conoce A Su Campeona,Tribeca Media,Agencia Independiente,Agencia Independiente,Peru,Plazavea,Plazavea,Plazavea,Canica Films,Silver,,/awards/fiap/2025/campaigns/peru-conoce-a-su-campeona-plazavea-tribeca-media-2025-2/
FIAP,2025,Formatos,Cortos,The Quest,AlmapBBDO,BBDO Worldwide,Omnicom,Brasil,Bradesco Seguros,Bradesco Seguros,Institutional,Don’T Touch My Soda,Silver,,/awards/fiap/2025/campaigns/the-quest-bradesco-seguros-almapbbdo-2025/
FIAP,2025,Anuncios,Television - Cine - Digital - Automoviles,Green Man,Conill Advertising,Saatchi & Saatchi,Publicis Groupe,Usa,Toyota Motor North America USA Inc,Toyota,Electric Bz4X,Not Normal,Silver,,/awards/fiap/2025/campaigns/green-man-toyota-conill-advertising-2025/
FIAP,2025,Formatos,Product Placement - Entretenimiento,Lost Names,Conill Advertising,Saatchi & Saatchi,Publicis Groupe,Usa,Toyota Motor North America USA Inc,Toyota,Toyota,Jaw Productions,Silver,,/awards/fiap/2025/campaigns/lost-names-toyota-conill-advertising-2025-2/
FIAP,2025,Produccion,Tecnicas de Produccion Audiovisual - Fotografia,Rightsizing,Lopez Negrete Communcations,Agencia Independiente,Agencia Independiente,Usa,Hyundai Motor America,Hyundai,Tucson,Madre,Silver,,/awards/fiap/2025/campaigns/rightsizing-hyundai-lopez-negrete-communcations-2025/
FIAP,2025,Produccion,Tecnicas de Produccion Grafica - Direccion de Arte,Porque Si,LLYC,LLYC,N-A,España,Pernod Ricard,SeagramS Gin,Seagram’S Dry Gin,Blur,Silver,,/awards/fiap/2025/campaigns/porque-si-seagrams-gin-llyc-2025/
FIAP,2025,Anuncios,Salud,Allevia Pollen Passport,MRM,Mccann Worldgroup,IPG,España,Opella-Allegra,Allegra,Allegra,N-A,Silver,,/awards/fiap/2025/campaigns/allevia-pollen-passport-allegra-mrm-2025/
FIAP,2025,Formatos,Product Placement - Ficcion,Creditos En Accion,Ernest,Agencia Independiente,Agencia Independiente,España,Abanca,Abanca Seguros,Abanca Seguros,La Remedios,Silver,,/awards/fiap/2025/campaigns/creditos-en-accion-abanca-seguros-ernest-2025/
FIAP,2025,Innovacion,Innovacion en Mobile,Design Your Sleep While You Sleep,MRM,Mccann Worldgroup,IPG,España,Ikea,Ikea Family,Ikea Family,N-A,Silver,,/awards/fiap/2025/campaigns/design-your-sleep-while-you-sleep-ikea-family-mrm-2025/
FIAP,2025,Innovacion,Innovacion en Eventos-Experiencia,Fan Home – El Estadio Que Se Convirtio En Un Verdadero Hogar,Coyote - Reserva Creativa,Agencia Independiente,Agencia Independiente,España,Adevinta,Fotocasa,Patrocinio Atletico De Madrid,Paco Gelardo,Silver,,/awards/fiap/2025/campaigns/fan-home-el-estadio-que-se-convirtio-en-un-verdadero-hogar-fotocasa-coyote-reserva-creativa-2025/
FIAP,2025,Innovacion,Innovacion en Eventos-Experiencia,Escape Room Soledad,Manifiesto,Agencia Independiente,Agencia Independiente,España,"Fundacion ""La Caixa""","Fundacion ""La Caixa""","Fundacion ""La Caixa""",Blua,Silver,,/awards/fiap/2025/campaigns/escape-room-soledad-fundacion-la-caixa-manifiesto-2025/
FIAP,2025,Innovacion,Innovacion en Musica,Autokscuela,Coyote - Reserva Creativa,Agencia Independiente,Agencia Independiente,España,Adevinta,CochesNet,CochesNet,Coyote - Reserva Creativa - SalloIa - Productora Musical Ia,Silver,,/awards/fiap/2025/campaigns/autokscuela-cochesnet-coyote-reserva-creativa-2025/
FIAP,2025,Innovacion,Innovacion en Campañas Sobre Sostenibilidad,The 46% Pine Tree,The Table By De Ferrari Borrell,Agencia Independiente,Agencia Independiente,Republica Dominicana,Soh Conservacion,Soh Conservacion,Pino Criollo,The Table By De Ferrari Borrell,Silver,,/awards/fiap/2025/campaigns/the-46-pine-tree-soh-conservacion-the-table-by-de-ferrari-borrell-2025/
FIAP,2025,Anuncios,Grafica - Higiene Domestica Personal - Belleza - Cosmetica - Perfumeria - Articulos Medicinales y Farmaceuticos,El Primer Tratamiento Oral,Tbs,Agencia Independiente,Agencia Independiente,España,Servier,Daflon,Daflon,Tbs,Silver,,/awards/fiap/2025/campaigns/el-primer-tratamiento-oral-daflon-tbs-2025/
FIAP,2025,Anuncios,Via Publica - Productos,El Primer Tratamiento Oral,Tbs,Agencia Independiente,Agencia Independiente,España,Servier,Daflon,Daflon,Tbs,Silver,,/awards/fiap/2025/campaigns/el-primer-tratamiento-oral-daflon-tbs-2025-2/
FIAP,2025,Formatos,Mejor Uso de Influencer en Cualquier Plataforma,Pete Zahat,BBA,Agencia Independiente,Agencia Independiente,Ecuador,Pizza Hut,Pizza Hut,Pizza Hut,Fabryca,Silver,,/awards/fiap/2025/campaigns/pete-zahat-pizza-hut-bba-2025-2/
FIAP,2025,Innovacion,Innovacion en PR,Community King,BBA,Agencia Independiente,Agencia Independiente,Ecuador,Burger King,Burger King,Burger King,Fabryca,Silver,,/awards/fiap/2025/campaigns/community-king-burger-king-bba-2025-2/
FIAP,2025,Formatos,Mejor Campaña de Sostenibilidad,Divine Donation,VML Norlop Ecuador,VML,WPP,Ecuador,Solca Sociedad De Lucha Contra El Cancer,Solca,Solca,"Mysticpoint
Acme
Swing Music",Silver,,/awards/fiap/2025/campaigns/divine-donation-solca-vml-norlop-ecuador-2025/
FIAP,2025,Formatos,Estudiantes,The Secret Endings,Bendita Carpeta,Estudiantes,Estudiantes,Colombia,Netflix,Netflix,The Secret Endings,N-A,Silver,,/awards/fiap/2025/campaigns/the-secret-endings-netflix-bendita-carpeta-2025/
FIAP,2025,Formatos,Contenido con Mejor Estrategia Digital,Un Contenido Muy Poco Normal,Publicis Dominicana,Publicis Worldwide,Publicis Groupe,Republica Dominicana,Banco BHD,Banco BHD,Segmento Mujer BHD,N-A,Silver,,/awards/fiap/2025/campaigns/un-contenido-muy-poco-normal-banco-bhd-publicis-dominicana-2025-3/
FIAP,2025,Formatos,Social Content,Un Contenido Muy Poco Normal,Publicis Dominicana,Publicis Worldwide,Publicis Groupe,Republica Dominicana,Banco BHD,Banco BHD,Segmento Mujer BHD,N-A,Silver,,/awards/fiap/2025/campaigns/un-contenido-muy-poco-normal-banco-bhd-publicis-dominicana-2025-4/
FIAP,2025,Produccion,Tecnicas de Produccion de BTL,Tres Anuncios En Las Afueras,Ernest,Agencia Independiente,Agencia Independiente,España,Abanca,Abanca Seguros,Abanca Seguros,La Remedios,Silver,,/awards/fiap/2025/campaigns/tres-anuncios-en-las-afueras-abanca-seguros-ernest-2025/
FIAP,2025,Produccion,Tecnicas de Produccion Grafica - Direccion de Arte,Fire Prints,Tech And Soul,Tech And Soul,Tech And Soul,Brasil,Revista Unquiet,Revista Unquiet,Institucional,Tech And Soul,Silver,,/awards/fiap/2025/campaigns/fire-prints-revista-unquiet-tech-and-soul-2025/
FIAP,2025,Formatos,Music Content,Art Hits,Tech And Soul,Tech And Soul,Tech And Soul,Brasil,B3,B3 Pinacoteca Kondzilla,B3 Cultura,Save This Name,Silver,,/awards/fiap/2025/campaigns/art-hits-b3-pinacoteca-kondzilla-tech-and-soul-2025/
FIAP,2025,Anuncios,Radio - Alimentos - Comidas - Bebidas Alcoholicas - No Alcoholicas,Cold Activated Announcers,Alma,DDB Worldwide,Omnicom,Usa,Molson Coors Beverage Company,Coors Light,Coors Light,Omnicom Production - Omnicom Studios - Crown Street Films - Animal Music,Silver,,/awards/fiap/2025/campaigns/cold-activated-announcers-coors-light-alma-2025/
FIAP,2025,Formatos,Live Experience,DesafiA El Nuevo Desafio Pepsi,Becoming Mode & Nro3,Becoming Mode & Nro3,Becoming Mode & Nro3,Argentina,Pepsico,Pepsi,Pepsi Zero,Rebolucion & Macarena,Silver,,/awards/fiap/2025/campaigns/desafia-el-nuevo-desafio-pepsi-pepsi-becoming-mode-and-nro3-2025/
FIAP,2025,Formatos,Uso de Inteligencia Artificial,DesafiA El Nuevo Desafio Pepsi,Becoming Mode & Nro3,Becoming Mode & Nro3,Becoming Mode & Nro3,Argentina,Pepsico,Pepsi,Pepsi Zero,Rebolucion & Macarena,Silver,,/awards/fiap/2025/campaigns/desafia-el-nuevo-desafio-pepsi-pepsi-becoming-mode-and-nro3-2025-2/
FIAP,2025,Formatos,Live Experience,Saving Pelotica De Goma,La Web Figital Agency - Buentipo,Agencia Independiente,Agencia Independiente,Venezuela,Pelotica De Goma,Vacilate Esto,"""Saving Pelotica De Goma""",El Patio Content Sudio-Buentipo,Silver,,/awards/fiap/2025/campaigns/saving-pelotica-de-goma-vacilate-esto-la-web-figital-agency-buentipo-2025/
FIAP,2025,Formatos,Evento en Vivo o Hibrido,Saving Pelotica De Goma,La Web Figital Agency - Buentipo,Agencia Independiente,Agencia Independiente,Venezuela,Pelotica De Goma,Vacilate Esto,"""Saving Pelotica De Goma""",La Web Figital Agency  - Buentipo,Silver,,/awards/fiap/2025/campaigns/saving-pelotica-de-goma-vacilate-esto-la-web-figital-agency-buentipo-2025-2/
FIAP,2025,Innovacion,Estudiantes,Duolobby,Bendita Carpeta,Estudiantes,Estudiantes,Chile,Duolingo,Duolingo,Overlay App,N-A,Silver,,/awards/fiap/2025/campaigns/duolobby-duolingo-bendita-carpeta-2025/
FIAP,2025,Anuncios,Via Publica - Productos,Nescafe Decaf Billboards,Star5 Creative Inc,Ogilvy,WPP,Panama,Nestle,Nescafe,Cafe Descafeinado,VFX,Silver,,/awards/fiap/2025/campaigns/nescafe-decaf-billboards-nescafe-star5-creative-inc-2025-4/
FIAP,2025,Anuncios,Via Publica - Campañas,Nescafe Decaf Billboards,Star5 Creative Inc,Ogilvy,WPP,Panama,Nestle,Nescafe,Cafe Descafeinado,VFX,Silver,,/awards/fiap/2025/campaigns/nescafe-decaf-billboards-nescafe-star5-creative-inc-2025-5/
FIAP,2025,Innovacion,Salud,The Mind Guardian,Cheil,Cheil Worldwide,Cheil,España,Samsung Electronics Iberia,Samsung,Galaxy Tab & Cualquier Tablet Android Independientemente De La Marca,Somos5,Silver,,/awards/fiap/2025/campaigns/the-mind-guardian-samsung-cheil-2025/
FIAP,2025,Produccion,Tecnicas de Produccion Audiovisual - Edicion,Descubre La Guajira,Tornus,Agencia Independiente,Agencia Independiente,Colombia,Gobernacion La Guajira,Discover La Guajira - Dmo Destination Management Office,La Guajira - Territorio Turistico Promocion De Destino,Tornus,Silver,,/awards/fiap/2025/campaigns/descubre-la-guajira-discover-la-guajira-dmo-destination-management-office-tornus-2025/
FIAP,2025,Innovacion,Innovacion en Activaciones,Sweat Store,Rosadotoledo&,Agencia Independiente,Agencia Independiente,Puerto Rico,Pepsico & Cbc,Gatorade,Gatorade,Rosadotoledo&,Silver,,/awards/fiap/2025/campaigns/sweat-store-gatorade-rosadotoledo-and-2025/
FIAP,2025,Formatos,Mejor Campaña de Plataforma de Responsabilidad Social,La Reserva Rosa,Rosadotoledo&,Agencia Independiente,Agencia Independiente,Puerto Rico,Liga Contra El Cancer,Liga Contra El Cancer,Clinica De La Liga Contra El Cancer,Cine 70 - Whisky,Silver,,/awards/fiap/2025/campaigns/la-reserva-rosa-liga-contra-el-cancer-rosadotoledo-and-2025/
FIAP,2025,Innovacion,Innovacion en Outdoor-Via Publica-Ambient,Supporting Numbers,Rosadotoledo&,Agencia Independiente,Agencia Independiente,Puerto Rico,Susan G Komen For The Cure,Susan G Komen For The Cure,Race For The Cure,Rosadotoledo&,Silver,,/awards/fiap/2025/campaigns/supporting-numbers-susan-g-komen-for-the-cure-rosadotoledo-and-2025/
FIAP,2025,Formatos,Mejor Uso de Ambient Media,idolas No Reconocidas,Wmccann,Mccann Worldgroup,IPG,Brasil,Mastercard,Mastercard,Mastercard,Camila Naito,Silver,,/awards/fiap/2025/campaigns/idolas-no-reconocidas-mastercard-wmccann-2025/
FIAP,2025,Anuncios,Campañas Integrales,Identique,This Is Libre - MRM-Lasker,Agencia Independiente,Agencia Independiente,España,Campofrio,Campofrio,Campofrio,Harry,Silver,,/awards/fiap/2025/campaigns/identique-campofrio-this-is-libre-mrm-lasker-2025/
FIAP,2025,Formatos,Medios Integrados-Contenido 360,Identique,This Is Libre - MRM-Lasker,Agencia Independiente,Agencia Independiente,España,Campofrio,Campofrio,Campofrio,Harry,Silver,,/awards/fiap/2025/campaigns/identique-campofrio-this-is-libre-mrm-lasker-2025-2/
FIAP,2025,Formatos,Desarrollo Tecnologico,A Unos Libros De Distancia,This Is Libre - Sound Of Connections - Apple Tree,Agencia Independiente,Agencia Independiente,España,Casa Del Libro,Casa Del Libro,Casa Del Libro,The Lion,Silver,,/awards/fiap/2025/campaigns/a-unos-libros-de-distancia-casa-del-libro-this-is-libre-sound-of-connections-apple-tree-2025/
FIAP,2025,Formatos,Branded Content Integrado a Otras Plataformas,idolas No Reconocidas,Wmccann,Mccann Worldgroup,IPG,Brasil,Mastercard,Mastercard,Mastercard,Piloto,Silver,,/awards/fiap/2025/campaigns/idolas-no-reconocidas-mastercard-wmccann-2025-2/
FIAP,2025,Anuncios,Mejor Uso de la Cultura Local,El Clima Ideal Cuando Mas Lo Necesitas,Mccann Worldgroup,Mccann Worldgroup,IPG,Argentina,Bh,Bgh,Aire Acondicionado Inverter,Winona,Bronce,,/awards/fiap/2025/campaigns/el-clima-ideal-cuando-mas-lo-necesitas-bgh-mccann-worldgroup-2025-2/
FIAP,2025,Formatos,Desarrollo Tecnologico,Cargando La Conexion,BETC Havas,Havas Creative,Havas,Brasil,Tim Telecom,Tim Telecom,Institucional Un Juguete: Genius = Simon,Genco,Bronce,,/awards/fiap/2025/campaigns/cargando-la-conexion-tim-telecom-betc-havas-2025/
FIAP,2025,Formatos,Mejor Uso de Influencer en Cualquier Plataforma,Jugando Contra El Mosquito,BETC Havas,Havas Creative,Havas,Brasil,Reckitt,Insecticida Sbp,Insecticida Sbp,N-A,Bronce,,/awards/fiap/2025/campaigns/jugando-contra-el-mosquito-insecticida-sbp-betc-havas-2025/
FIAP,2025,Innovacion,Innovacion en Medios Impresos,El Papel Que Regala Conciencia,Tombrasniña,Tombrasniña,Tombrasniña,Argentina,Mundo GEA,Mundo GEA,Parque De Atracciones,N-A,Bronce,,/awards/fiap/2025/campaigns/el-papel-que-regala-conciencia-mundo-gea-tombrasnina-2025/
FIAP,2025,Anuncios,Transformacion Social - Empresas Privadas,Caixabank - Algun Dia Aqui Solo Veremos Deporte,Mccann Worldgroup,Mccann Worldgroup,IPG,España,Caixabank,Mccann Worldgroup,"Campaña: ""Algun Aqui Solo Veremos Deporte""",Mccann Worldgroup,Bronce,,/awards/fiap/2025/campaigns/caixabank-algun-dia-aqui-solo-veremos-deporte-mccann-worldgroup-mccann-worldgroup-2025/
FIAP,2025,Formatos,Music Content,The Test List,Tombrasniña,Tombrasniña,Tombrasniña,Argentina,Grupo Omint,Grupo Omint,Medicina Prepaga,Warner Music,Bronce,,/awards/fiap/2025/campaigns/the-test-list-grupo-omint-tombrasnina-2025-2/
FIAP,2025,Anuncios,Salud,The Test List,Tombrasniña,Tombrasniña,Tombrasniña,Argentina,Grupo Omint,Grupo Omint,Medicina Prepaga,Warner Music,Bronce,,/awards/fiap/2025/campaigns/the-test-list-grupo-omint-tombrasnina-2025-3/
FIAP,2025,Formatos,Salud,The Test List,Tombrasniña,Tombrasniña,Tombrasniña,Argentina,Grupo Omint,Grupo Omint,Medicina Prepaga,Warner Music,Bronce,,/awards/fiap/2025/campaigns/the-test-list-grupo-omint-tombrasnina-2025-4/
FIAP,2025,Innovacion,Innovacion en Musica,The Test List,Tombrasniña,Tombrasniña,Tombrasniña,Argentina,Grupo Omint,Grupo Omint,Medicina Prepaga,Warner Music,Bronce,,/awards/fiap/2025/campaigns/the-test-list-grupo-omint-tombrasnina-2025-5/
FIAP,2025,Innovacion,Innovacion en Plataformas Digitales,The Test List,Tombrasniña,Tombrasniña,Tombrasniña,Argentina,Grupo Omint,Grupo Omint,Medicina Prepaga,Warner Music,Bronce,,/awards/fiap/2025/campaigns/the-test-list-grupo-omint-tombrasnina-2025-6/
FIAP,2025,Innovacion,Salud,The Test List,Tombrasniña,Tombrasniña,Tombrasniña,Argentina,Grupo Omint,Grupo Omint,Medicina Prepaga,Warner Music,Bronce,,/awards/fiap/2025/campaigns/the-test-list-grupo-omint-tombrasnina-2025-7/
FIAP,2025,Anuncios,Television - Cine - Digital - Automoviles,Naughty List,Conill Advertising,Saatchi & Saatchi,Publicis Groupe,Usa,Toyota Motor North America USA Inc,Toyota,Tundra,Mjz,Bronce,,/awards/fiap/2025/campaigns/naughty-list-toyota-conill-advertising-2025/
FIAP,2025,Formatos,Uso de Inteligencia Artificial,Eclipsed Legacy,Tombrasniña,Tombrasniña,Tombrasniña,Argentina,Dante Robino,Dante Robino,Bebidas Alcoholicas,N-A,Bronce,,/awards/fiap/2025/campaigns/eclipsed-legacy-dante-robino-tombrasnina-2025/
FIAP,2025,Anuncios,Television - Cine - Digital - Bien Publico,Ignora Responsablemente,VML,VML,WPP,Argentina,Telefonica,Movistar,Movistar,Landia,Bronce,,/awards/fiap/2025/campaigns/ignora-responsablemente-movistar-vml-2025-2/
FIAP,2025,Formatos,Branded Content - Programa de Ficcion,Eclipsed Legacy,Tombrasniña,Tombrasniña,Tombrasniña,Argentina,Dante Robino,Dante Robino,Bebidas Alcoholicas,N-A,Bronce,,/awards/fiap/2025/campaigns/eclipsed-legacy-dante-robino-tombrasnina-2025-2/
FIAP,2025,Anuncios,Mejor Uso de la Cultura Local,Undeleted,VML,VML,WPP,Argentina,Unilever,Dove,Desodorante,Mama Hungara,Bronce,,/awards/fiap/2025/campaigns/undeleted-dove-vml-2025-5/
FIAP,2025,Anuncios,Television - Cine - Digital - Campañas Productos - Servicios - Corporativas,El Clima Ideal Cuando Mas Lo Necesitas,Mccann Worldgroup,Mccann Worldgroup,IPG,Argentina,Bgh,Bgh,Aire Acondicionado Inverter,Winona,Bronce,,/awards/fiap/2025/campaigns/el-clima-ideal-cuando-mas-lo-necesitas-bgh-mccann-worldgroup-2025-3/
FIAP,2025,Anuncios,Television - Cine - Digital - Mejor Musica Incidental - Mejor Cancion Original - Mejor Direccion Musical,Ludopatia,VML,VML,WPP,Argentina,Telefonica,Movistar,Telecomunicaciones,Landia,Bronce,,/awards/fiap/2025/campaigns/ludopatia-movistar-vml-2025/
FIAP,2025,Innovacion,Innovacion en Gaming y Entretenimiento,The Cheapest Transfers,Teran,Tbwa Worldwide,Omnicom,Mexico,Bodega Aurrera,Bodega Aurrera,Bodega Aurrera,N-A,Bronce,,/awards/fiap/2025/campaigns/the-cheapest-transfers-bodega-aurrera-teran-2025-3/
FIAP,2025,Formatos,Mejor Uso de Ambient Media,The Rewards Bag,VML,VML,WPP,Uruguay,Gdn,Tata,Supermercado,VML,Bronce,,/awards/fiap/2025/campaigns/the-rewards-bag-tata-vml-2025-3/
FIAP,2025,Produccion,Tecnicas de Produccion Audiovisual - Direccion General,Nave,Lemon,Agencia Independiente,Agencia Independiente,Peru,Win,Win,Win Tv,Manzanon Films,Bronce,,/awards/fiap/2025/campaigns/nave-win-lemon-2025/
FIAP,2025,Produccion,Tecnicas de Produccion Audiovisual - Direccion de Actores,Nave,Lemon,Agencia Independiente,Agencia Independiente,Peru,Win,Win,Win Tv,Manzanon Films,Bronce,,/awards/fiap/2025/campaigns/nave-win-lemon-2025-2/
FIAP,2025,Innovacion,Innovacion en Redes Sociales,Heinzterception,Teran,Tbwa Worldwide,Omnicom,Mexico,Kraft Heinz Mexico,Heinz,Core,Disco,Bronce,,/awards/fiap/2025/campaigns/heinzterception-heinz-teran-2025/
FIAP,2025,Innovacion,Mejor Experiencia Interactiva y Creativa en Evento,Heinzterception,Teran,Tbwa Worldwide,Omnicom,Mexico,Kraft Heinz Mexico,Heinz,Core,Disco,Bronce,,/awards/fiap/2025/campaigns/heinzterception-heinz-teran-2025-2/
FIAP,2025,Anuncios,Television - Cine - Digital - Electrodomesticos - Muebles - Electronica - Computacion - Audio - Video,El Clima Ideal Cuando Mas Lo Necesitas,Mccann Worldgroup,Mccann Worldgroup,IPG,Argentina,Bgh,Bgh,Aire Acondicionado Inverter,Winona,Bronce,,/awards/fiap/2025/campaigns/el-clima-ideal-cuando-mas-lo-necesitas-bgh-mccann-worldgroup-2025-4/
FIAP,2025,Formatos,Branded Content Integrado a Otras Plataformas,Soundload Tutorials,Ariadna Communications Group,Ariadna,Ariadna Communications Group,Ecuador,Bgr,Bgr,Bgr App,Cat,Bronce,,/awards/fiap/2025/campaigns/soundload-tutorials-bgr-ariadna-communications-group-2025/
FIAP,2025,Innovacion,Innovacion en Radio,Soundload Tutorials,Ariadna Communications Group,Ariadna,Ariadna Communications Group,Ecuador,Banco General Rumiñahui,Banco General Rumiñahui,Bgr Digital,Cat,Bronce,,/awards/fiap/2025/campaigns/soundload-tutorials-banco-general-ruminahui-ariadna-communications-group-2025/
FIAP,2025,Innovacion,Estudiantes,Officially Doomed,Bendita Carpeta,Estudiantes,Estudiantes,Colombia,Xbox,Play Anywhere,Doom - Office,N-A,Bronce,,/awards/fiap/2025/campaigns/officially-doomed-play-anywhere-bendita-carpeta-2025/
FIAP,2025,Formatos,Music Content,Soundload Tutorials,Ariadna Communications Group,Ariadna,Ariadna Communications Group,Ecuador,Bgr,Bgr,Bgr App,Cat,Bronce,,/awards/fiap/2025/campaigns/soundload-tutorials-bgr-ariadna-communications-group-2025-2/
FIAP,2025,Anuncios,Transformacion Social - Empresas Privadas,Unforgettable Women,Mullenlowe Delta,Mullenlowe Group,IPG,Ecuador,Banco Pichincha,Banco Pichincha,Institutional,Bang Motions & Films - The Others,Bronce,,/awards/fiap/2025/campaigns/unforgettable-women-banco-pichincha-mullenlowe-delta-2025-2/
FIAP,2025,Anuncios,Via Publica - Productos,Unrepeatable Ads,Mullenlowe Delta,Mullenlowe Group,IPG,Ecuador,Guitig,Guitig,Guitig Sparkling Water,Ramona,Bronce,,/awards/fiap/2025/campaigns/unrepeatable-ads-guitig-mullenlowe-delta-2025-2/
FIAP,2025,Anuncios,Campañas Integrales,Unrepeatable Ads,Mullenlowe Delta,Mullenlowe Group,IPG,Ecuador,Guitig,Guitig,Guitig Sparkling Water,Ramona,Bronce,,/awards/fiap/2025/campaigns/unrepeatable-ads-guitig-mullenlowe-delta-2025-3/
FIAP,2025,Produccion,Tecnicas de Produccion Audiovisual - Direccion General,This Is Not A Game,VML,VML,WPP,Mexico,Telefonica,Movistar,Negocio Responsable,Landia,Bronce,,/awards/fiap/2025/campaigns/this-is-not-a-game-movistar-vml-2025-7/
FIAP,2025,Produccion,Tecnicas de Produccion Audiovisual - Direccion de Actores,This Is Not A Game,VML,VML,WPP,Mexico,Telefonica,Movistar,Negocio Responsable,Landia,Bronce,,/awards/fiap/2025/campaigns/this-is-not-a-game-movistar-vml-2025-8/
FIAP,2025,Produccion,Tecnicas de Produccion de Contenidos,Te Lo Cuento Desde,Circo,Agencia Independiente,Agencia Independiente,Ecuador,Banco Guayaquil,Banco Guayaquil,Banco Guayaquil,La Gallera,Bronce,,/awards/fiap/2025/campaigns/te-lo-cuento-desde-banco-guayaquil-circo-2025/
FIAP,2025,Formatos,Mejor Uso de Ambient Media,El Jeep De Otras Marcas,Made,Agencia Independiente,Agencia Independiente,Mexico,Stellantis,Jeep,Jeep Wrangler,N-A,Bronce,,/awards/fiap/2025/campaigns/el-jeep-de-otras-marcas-jeep-made-2025-2/
FIAP,2025,Anuncios,Uso de Inteligencia Artificial,De Vuelta A Casa,Joystick Fifco,Agencia Independiente,Agencia Independiente,Costa Rica,Imperial,Imperial Fifco,Cerveza,Del Mate Producciones - Kaiju Creators,Bronce,,/awards/fiap/2025/campaigns/de-vuelta-a-casa-imperial-fifco-joystick-fifco-2025-7/
FIAP,2025,Anuncios,Creatividad Efectiva - Bien Publico,De Vuelta A Casa,Joystick Fifco,Agencia Independiente,Agencia Independiente,Costa Rica,Imperial,Imperial Fifco,Cerveza,Del Mate Producciones - Kaiju Creators,Bronce,,/awards/fiap/2025/campaigns/de-vuelta-a-casa-imperial-fifco-joystick-fifco-2025-8/
FIAP,2025,Innovacion,Innovacion en Outdoor-Via Publica-Ambient,#Subwaytrench,Dentsu Creative,Dentsu Group Inc,Dentsu Group,España,LOreal Paris España,LOreal,Standup,Storylab,Bronce,,/awards/fiap/2025/campaigns/subwaytrench-loreal-dentsu-creative-2025-2/
FIAP,2025,Anuncios,Radio - Campañas Bien Publico,Radio Prosegur,Burns The Agency,Agencia Independiente,Agencia Independiente,Peru,Prosegur Alarmas,Prosegur Alarmas,Camaras De Seguridad Prosegur Alarmas,"Zava Records
Rodolfo Zavalaga",Bronce,,/awards/fiap/2025/campaigns/radio-prosegur-prosegur-alarmas-burns-the-agency-2025/
FIAP,2025,Innovacion,Innovacion en PR,Jugando Contra El Mosquito,BETC Havas,Havas Creative,Havas,Brasil,Reckitt,Insecticida Sbp,Insecticida Sbp,N-A,Bronce,,/awards/fiap/2025/campaigns/jugando-contra-el-mosquito-insecticida-sbp-betc-havas-2025-2/
FIAP,2025,Anuncios,Radio - Jingles - Musica Original - Audio Logo - Mejor Sound Effect,Legal Tracks,BETC Havas,Havas Creative,Havas,Brasil,Kwai,Kwai,Institucional,Zaine Filmes,Bronce,,/awards/fiap/2025/campaigns/legal-tracks-kwai-betc-havas-2025/
FIAP,2025,Formatos,Medios Integrados-Contenido 360,Pancakes Contra El Cancer De Seno,Lopito Ileana & Howie,Agencia Independiente,Agencia Independiente,Puerto Rico,Sociedad Americana Contra El Cancer,Sociedad Americana Contra El Cancer De Puerto Rico,Cancer De Seno,Zulimar Narvaez,Bronce,,/awards/fiap/2025/campaigns/pancakes-contra-el-cancer-de-seno-sociedad-americana-contra-el-cancer-de-puerto-rico-lopito-ileana-and-howie-2025/
FIAP,2025,Produccion,Tecnicas de Produccion Audiovisual - Direccion General,Lejitos,Publicidad Comercial Mullenlowe,Mullenlowe Group,IPG,Guatemala,Super 24,Super 24,Lejitos,El Studio,Bronce,,/awards/fiap/2025/campaigns/lejitos-super-24-publicidad-comercial-mullenlowe-2025/
FIAP,2025,Anuncios,Television - Cine - Digital - Imagen Corporativa,Lentes Del Alma,BETC Havas,Havas Creative,Havas,Brasil,Tim Telecom,Tim Telecom,Institucional,Santeria,Bronce,,/awards/fiap/2025/campaigns/lentes-del-alma-tim-telecom-betc-havas-2025-2/
FIAP,2025,Formatos,Advergaming,Detox Bet,Tech And Soul,Tech And Soul,Tech And Soul,Brasil,B3 Genial Investimentos Ibn,Institucional,Institucional,Arapiraca,Bronce,,/awards/fiap/2025/campaigns/detox-bet-institucional-tech-and-soul-2025-3/
FIAP,2025,Innovacion,Estudiantes,Antiface,Bendita Carpeta,Estudiantes,Estudiantes,Colombia,Samsung,Knox,Antiface,N-A,Bronce,,/awards/fiap/2025/campaigns/antiface-knox-bendita-carpeta-2025/
FIAP,2025,Innovacion,Innovacion en PR,Dolar Diarco,Bb Agencia,Agencia Independiente,Agencia Independiente,Argentina,Grupo Goldfarb,Diarco,Diarco Mayorista,Simio Tv,Bronce,,/awards/fiap/2025/campaigns/dolar-diarco-diarco-bb-agencia-2025-2/
FIAP,2025,Innovacion,Innovacion en Activaciones,Dolar Diarco,Bb Agencia,Agencia Independiente,Agencia Independiente,Argentina,Grupo Goldfarb,Diarco,Diarco Mayorista,Simio Tv,Bronce,,/awards/fiap/2025/campaigns/dolar-diarco-diarco-bb-agencia-2025-3/
FIAP,2025,Formatos,Mejor Uso de Ambient Media,Protestart,Jsd Agency,Agencia Independiente,Agencia Independiente,Puerto Rico,Windmar Home,Windmar Home,Windmar Home,Raymesh Cintron - Sundries Productions,Bronce,,/awards/fiap/2025/campaigns/protestart-windmar-home-jsd-agency-2025/
FIAP,2025,Produccion,Tecnicas de Produccion Audiovisual - Fotografia,Lejitos,Publicidad Comercial Mullenlowe,Mullenlowe Group,IPG,Guatemala,Super 24,Super 24,Lejitos,El Studio,Bronce,,/awards/fiap/2025/campaigns/lejitos-super-24-publicidad-comercial-mullenlowe-2025-2/
FIAP,2025,Produccion,Tecnicas de Produccion Audiovisual - Musica Adaptada - Musica Original - Diseño de Sonido - Canciones - Jingles - Audio Logo - Uso de Licencias,Legal Tracks,BETC Havas,Havas Creative,Havas,Brasil,Kwai,Kwai,Institucional,Zaine Filmes,Bronce,,/awards/fiap/2025/campaigns/legal-tracks-kwai-betc-havas-2025-2/
FIAP,2025,Innovacion,Innovacion en Mobile,Cargando La Conexion,BETC Havas,Havas Creative,Havas,Brasil,Tim Telecom,Tim Telecom,Institucional Un Juguete: Genius = Simon,Genco,Bronce,,/awards/fiap/2025/campaigns/cargando-la-conexion-tim-telecom-betc-havas-2025-2/
FIAP,2025,Formatos,Online Video,The Quest,AlmapBBDO,BBDO Worldwide,Omnicom,Brasil,Bradesco Seguros,Bradesco Seguros,Institutional,Don’T Touch My Soda,Bronce,,/awards/fiap/2025/campaigns/the-quest-bradesco-seguros-almapbbdo-2025-2/
FIAP,2025,Innovacion,Innovacion en Eventos-Experiencia,Peru Conoce A Su Campeona,Tribeca Media,Agencia Independiente,Agencia Independiente,Peru,Plazavea,Plazavea,Plazavea,Canica Films,Bronce,,/awards/fiap/2025/campaigns/peru-conoce-a-su-campeona-plazavea-tribeca-media-2025-3/
FIAP,2025,Formatos,Salud,Allevia Pollen Passport,MRM,Mccann Worldgroup,IPG,España,Opella-Allegra,Allegra,Allegra,N-A,Bronce,,/awards/fiap/2025/campaigns/allevia-pollen-passport-allegra-mrm-2025-2/
FIAP,2025,Anuncios,Grafica - Recreacion - Placer - Tiempo Libre - Transporte - Viajes - Turismo,Llorar De Risa,Conill Advertising,Saatchi & Saatchi,Publicis Groupe,Usa,The Comedy Chateau,The Comedy Chateau,Comedy Chateau Shows,Parana Films,Bronce,,/awards/fiap/2025/campaigns/llorar-de-risa-the-comedy-chateau-conill-advertising-2025/
FIAP,2025,Produccion,Tecnicas de Produccion Grafica - Ilustracion,In Full Character,Lopez Negrete Communcations,Agencia Independiente,Agencia Independiente,Usa,Houston International Film Festival,Worldfest,Worldfest 58Th,N-A,Bronce,,/awards/fiap/2025/campaigns/in-full-character-worldfest-lopez-negrete-communcations-2025/
FIAP,2025,Formatos,Online Video,Cold Activated Announcers,Alma,DDB Worldwide,Omnicom,Usa,Molson Coors Beverage Company,Coors Light,Coors Light,Omnicom Production - Omnicom Studios - Crown Street Films - Animal Music,Bronce,,/awards/fiap/2025/campaigns/cold-activated-announcers-coors-light-alma-2025-2/
FIAP,2025,Formatos,Branded Content - Programa de Entretenimiento,Anty Murphy´S Law Toast,MRM,Mccann Worldgroup,IPG,España,Opella-Enterogermina,Opella,Enterogermina,Cariño Contents,Bronce,,/awards/fiap/2025/campaigns/anty-murphys-law-toast-opella-mrm-2025/
FIAP,2025,Innovacion,Uso de Inteligencia Artificial,The Heist,AlteredLa,Productora,Productora,Usa,La Bru,La Bru,Cerveza La Bru,AlteredLa,Bronce,,/awards/fiap/2025/campaigns/the-heist-la-bru-alteredla-2025/
FIAP,2025,Innovacion,Uso de Inteligencia Artificial,Free The Voices,LLYC,LLYC,N-A,España,Monoceros Labs,Monoceros Labs,Fonos,LLYC,Bronce,,/awards/fiap/2025/campaigns/free-the-voices-monoceros-labs-llyc-2025/
FIAP,2025,Anuncios,Television - Cine - Digital - Campañas Bien Publico,Being Vegan Is Good Sh*T!,Samy Alliance,Agencia Independiente,Agencia Independiente,España,Peta,Peta,Dieta Vegana Y Uno De Sus Principales Beneficios,Flamboyant Paradise,Bronce,,/awards/fiap/2025/campaigns/being-vegan-is-good-sht-peta-samy-alliance-2025/
FIAP,2025,Innovacion,Innovacion en Eventos-Experiencia,Le Golle,Mccann Worldgroup,Mccann Worldgroup,IPG,Costa Rica,Gollo,Gollo,Gollo,N-A,Bronce,,/awards/fiap/2025/campaigns/le-golle-gollo-mccann-worldgroup-2025-2/
FIAP,2025,Formatos,Own Media - Video Plataforma - Audio,La Playlist  De La Victoria,Arena- Jon Lavin - The Lion,Havas Media Network,Havas,España,Cervezas Victoria,Cervezas Victoria,Cervezas Victoria,Lobokane,Bronce,,/awards/fiap/2025/campaigns/la-playlist-de-la-victoria-cervezas-victoria-arena-jon-lavin-the-lion-2025/
FIAP,2025,Innovacion,Innovacion en Outdoor-Via Publica-Ambient,El Futbolin De Las Campeonas,Ernest,Agencia Independiente,Agencia Independiente,España,Abanca,Abanca,Abanca,La Remedios,Bronce,,/awards/fiap/2025/campaigns/el-futbolin-de-las-campeonas-abanca-ernest-2025/
FIAP,2025,Innovacion,Innovacion en Television,Creditos En Accion,Ernest,Agencia Independiente,Agencia Independiente,España,Abanca,Abanca Seguros,Abanca Seguros,La Remedios,Bronce,,/awards/fiap/2025/campaigns/creditos-en-accion-abanca-seguros-ernest-2025-2/
FIAP,2025,Innovacion,Innovacion en Outdoor-Via Publica-Ambient,Tres Anuncios En Las Afueras,Ernest,Agencia Independiente,Agencia Independiente,España,Abanca,Abanca Seguros,Abanca Seguros,La Remedios,Bronce,,/awards/fiap/2025/campaigns/tres-anuncios-en-las-afueras-abanca-seguros-ernest-2025-2/
FIAP,2025,Innovacion,Innovacion en Eventos-Experiencia,Tres Anuncios En Las Afueras,Ernest,Agencia Independiente,Agencia Independiente,España,Abanca,Abanca Seguros,Abanca Seguros,La Remedios,Bronce,,/awards/fiap/2025/campaigns/tres-anuncios-en-las-afueras-abanca-seguros-ernest-2025-3/
FIAP,2025,Innovacion,Innovacion en Medios Impresos,Tres Anuncios En Las Afueras,Ernest,Agencia Independiente,Agencia Independiente,España,Abanca,Abanca Seguros,Abanca Seguros,La Remedios,Bronce,,/awards/fiap/2025/campaigns/tres-anuncios-en-las-afueras-abanca-seguros-ernest-2025-4/
FIAP,2025,Innovacion,Salud,Anty Murphy´S Law Toast,MRM,Mccann Worldgroup,IPG,España,Opella-Enterogermina,Opella,Enterogermina,Cariño Contents,Bronce,,/awards/fiap/2025/campaigns/anty-murphys-law-toast-opella-mrm-2025-2/
FIAP,2025,Innovacion,Innovacion en Activaciones,Design Your Sleep While You Sleep,MRM,Mccann Worldgroup,IPG,España,Ikea,Ikea Family,Ikea Family,N-A,Bronce,,/awards/fiap/2025/campaigns/design-your-sleep-while-you-sleep-ikea-family-mrm-2025-2/
FIAP,2025,Innovacion,Innovacion en Marketing Directo,Design Your Sleep While You Sleep,MRM,Mccann Worldgroup,IPG,España,Ikea,Ikea Family,Ikea Family,N-A,Bronce,,/awards/fiap/2025/campaigns/design-your-sleep-while-you-sleep-ikea-family-mrm-2025-3/
FIAP,2025,Innovacion,Salud,Design Your Sleep While You Sleep,MRM,Mccann Worldgroup,IPG,España,Ikea,Ikea Family,Ikea Family,N-A,Bronce,,/awards/fiap/2025/campaigns/design-your-sleep-while-you-sleep-ikea-family-mrm-2025-4/
FIAP,2025,Innovacion,Innovacion en Tecnologia,Allevia Pollen Passport,MRM,Mccann Worldgroup,IPG,España,Opella-Allegra,Allegra,Allegra,N-A,Bronce,,/awards/fiap/2025/campaigns/allevia-pollen-passport-allegra-mrm-2025-3/
FIAP,2025,Formatos,Branded Content Integrado a Otras Plataformas,A Volta Ao Mundo Em 80000 Km,DOm Solucoes Improvaveis,Grupo Om,Grupo Om,Brasil,Continental Pneus,Ultracontact,Ultracontact Tire,DOm Soluções Improvaveis  -  Ariadna Equador,Bronce,,/awards/fiap/2025/campaigns/a-volta-ao-mundo-em-80000-km-ultracontact-dom-solucoes-improvaveis-2025/
FIAP,2025,Innovacion,Innovacion en Activaciones,Escape Room Soledad,Manifiesto,Agencia Independiente,Agencia Independiente,España,"Fundacion ""La Caixa""","Fundacion ""La Caixa""","Fundacion ""La Caixa""",Blua,Bronce,,/awards/fiap/2025/campaigns/escape-room-soledad-fundacion-la-caixa-manifiesto-2025-2/
FIAP,2025,Anuncios,Television - Cine - Digital - Campañas Bien Publico,El Atraco,La Despensa,Agencia Independiente,Agencia Independiente,España,Amnistia Internacional,Amnistia Internacional,Una Campaña Para Conseguir La Liberacion De Las Personas Condenadas En Rusia Por Protestar Contra La Guerra En Ucrania A Traves De Una Campaña De Recogida De Firmas,Rebolucion Y Mcnulty,Bronce,,/awards/fiap/2025/campaigns/el-atraco-amnistia-internacional-la-despensa-2025/
FIAP,2025,Formatos,Live Experience,Museo Cosplayer,Yoco Agency,Agencia Independiente,Agencia Independiente,Guatemala,Mcdonalds Guatemala,Mcdonalds,Salsa Chili Picante,Yoco,Bronce,,/awards/fiap/2025/campaigns/museo-cosplayer-mcdonalds-yoco-agency-2025/
FIAP,2025,Formatos,Mejor Uso de Influencer en Cualquier Plataforma,La Cancion De Amor Que No Sabias Que Escribiste,Valor,Agencia Independiente,Agencia Independiente,Peru,Alicorp,Amaras,Shampoo Amaras,Ka&O,Bronce,,/awards/fiap/2025/campaigns/la-cancion-de-amor-que-no-sabias-que-escribiste-amaras-valor-2025/
FIAP,2025,Anuncios,Television - Cine - Digital - Higiene Domestica Personal - Belleza - Cosmetica - Perfumeria - Articulos Medicinales y Farmaceuticos,No Seas Paloma!,Digitas,Publicis Worldwide,Publicis Groupe,Peru,Procter And Gamble,Oldspice,Oldpice En Barra,Rebeca,Bronce,,/awards/fiap/2025/campaigns/no-seas-paloma-oldspice-digitas-2025/
FIAP,2025,Anuncios,Grafica - Recreacion - Placer - Tiempo Libre - Transporte - Viajes - Turismo,Fire Prints,Tech And Soul,Tech And Soul,Tech And Soul,Brasil,Revista Unquiet,Revista Unquiet,Institucional,Tech And Soul,Bronce,,/awards/fiap/2025/campaigns/fire-prints-revista-unquiet-tech-and-soul-2025-2/
FIAP,2025,Innovacion,Innovacion en Activaciones,BAR Pilsener,Draftline Abinbev,Abinbev,N-A,Ecuador,Ab-Inbev,Pilsener,Pilsener,Draftline Studios- Productora In-House,Bronce,,/awards/fiap/2025/campaigns/bar-pilsener-pilsener-draftline-abinbev-2025/
FIAP,2025,Innovacion,Innovacion en PR,Habitaciones Que No Callan,Publicidad Comercial Mullenlowe,Mullenlowe Group,IPG,El Salvador,Movimiento De Valientes Latino America Y El Caribe,Movimiento De Valientes Latino America Y El Caribe,Movimiento De Valientes Latino America Y El Caribe,Mullenlowe Ssp3- Gaspar,Bronce,,/awards/fiap/2025/campaigns/habitaciones-que-no-callan-movimiento-de-valientes-latino-america-y-el-caribe-publicidad-comercial-mullenlowe-2025-3/
FIAP,2025,Innovacion,Innovacion en Radio,Vacilate  Ai,La Web Figital Agency,Agencia Independiente,Agencia Independiente,Venezuela,Vacilate Esto,Vacilate Esto,Vacilate Ai,Estrella Rodriguez,Bronce,,/awards/fiap/2025/campaigns/vacilate-ai-vacilate-esto-la-web-figital-agency-2025/
FIAP,2025,Formatos,Social Content,Incomplete Ads,Mccann Worldgroup,Mccann Worldgroup,IPG,Panama,Nestle,Quesos Que Rico!,Quesos Que Rico!,Latido,Bronce,,/awards/fiap/2025/campaigns/incomplete-ads-quesos-que-rico-mccann-worldgroup-2025/
FIAP,2025,Produccion,Mejor Locucion Comercial - Radio,Cold Activated Announcers,Alma,DDB Worldwide,Omnicom,Usa,Molson Coors Beverage Company,Coors Light,Coors Light,Omnicom Production - Omnicom Studios - Crown Street Films - Animal Music,Bronce,,/awards/fiap/2025/campaigns/cold-activated-announcers-coors-light-alma-2025-3/
FIAP,2025,Formatos,Mejor Uso de Influencer en Cualquier Plataforma,"""Saving Pelotica De Goma""",La Web Figital Agency - Buentipo,Agencia Independiente,Agencia Independiente,Venezuela,Vacilate Esto,Pelotica De Goma,Saving Pelotica De Goma - Torneo Pelotica De Goma Vacilate Esto,La Web Figital Agency  - Buentipo,Bronce,,/awards/fiap/2025/campaigns/saving-pelotica-de-goma-pelotica-de-goma-la-web-figital-agency-buentipo-2025/
FIAP,2025,Innovacion,Innovacion en Gaming y Entretenimiento,BAR Pilsener,Draftline Abinbev,Abinbev,N-A,Ecuador,Ab-Inbev,Pilsener,Pilsener,Draftline Studios- Productora In-House,Bronce,,/awards/fiap/2025/campaigns/bar-pilsener-pilsener-draftline-abinbev-2025-2/
FIAP,2025,Innovacion,Innovacion en Medios Impresos,Mujeres Valiosas,Inbrax,Sab Marketing Connections,Agencia Independiente,Chile,Casa De Moneda De Chile,Casa De Moneda De Chile,Impreso Conmemorativo 280 Años,N-A,Bronce,,/awards/fiap/2025/campaigns/mujeres-valiosas-casa-de-moneda-de-chile-inbrax-2025/
FIAP,2025,Formatos,Estudiantes,The Diving Counter,Bendita Carpeta,Estudiantes,Estudiantes,Colombia,Disney+,Disney+,Disney+,N-A,Bronce,,/awards/fiap/2025/campaigns/the-diving-counter-disney-bendita-carpeta-2025/
FIAP,2025,Innovacion,Salud,Unboxer De Prevencion,Inbrax,Sab Marketing Connections,Agencia Independiente,Chile,Chilesincancer,Chilesincancer,Unboxer De Prevencion,Why Not Films,Bronce,,/awards/fiap/2025/campaigns/unboxer-de-prevencion-chilesincancer-inbrax-2025/
FIAP,2025,Formatos,Estudiantes,Duomiles,Bendita Carpeta,Estudiantes,Estudiantes,Colombia,Duolingo,Duolingo,Duolingo,N-A,Bronce,,/awards/fiap/2025/campaigns/duomiles-duolingo-bendita-carpeta-2025/
FIAP,2025,Innovacion,Estudiantes,Hackago,Miami Ad School,Estudiantes,Estudiantes,España,Google Cloud,Google Cloud,Google Cloud,Google,Bronce,,/awards/fiap/2025/campaigns/hackago-google-cloud-miami-ad-school-2025/
FIAP,2025,Produccion,Tecnicas de Produccion Audiovisual - Fotografia,Descubre La Guajira,Tornus,Agencia Independiente,Agencia Independiente,Colombia,Gobernacion La Guajira,Discover La Guajira - Dmo Destination Management Office,La Guajira - Territorio Turistico Promocion De Destino,Tornus,Bronce,,/awards/fiap/2025/campaigns/descubre-la-guajira-discover-la-guajira-dmo-destination-management-office-tornus-2025-2/
FIAP,2025,Formatos,Live Experience,Zero Runs = Pepsi Zero,Rosadotoledo&,Agencia Independiente,Agencia Independiente,Puerto Rico,Pepsi,Pepsi Zero,Pepsi Zero,Rosadotoledo&,Bronce,,/awards/fiap/2025/campaigns/zero-runs-pepsi-zero-pepsi-zero-rosadotoledo-and-2025/
FIAP,2025,Innovacion,Estudiantes,Love Language Lessons,Bendita Carpeta,Estudiantes,Estudiantes,Chile,Duolingo,Duolingo,Love Language Lessons,N-A,Bronce,,/awards/fiap/2025/campaigns/love-language-lessons-duolingo-bendita-carpeta-2025/
FIAP,2025,Innovacion,Innovacion en Musica,Entre Quejios,Ernest,Agencia Independiente,Agencia Independiente,España,Turismo Y Deporte De Andalucia,Turismo Y Deporte De Andalucia,Turismo Y Deporte De Andalucia,La Remedios Casa Limon La Joya,Bronce,,/awards/fiap/2025/campaigns/entre-quejios-turismo-y-deporte-de-andalucia-ernest-2025/
FIAP,2025,Anuncios,Salud,Supporting Numbers,Rosadotoledo&,Agencia Independiente,Agencia Independiente,Puerto Rico,Susan G Komen For The Cure,Susan G Komen For The Cure,Race For The Cure,Rosadotoledo&,Bronce,,/awards/fiap/2025/campaigns/supporting-numbers-susan-g-komen-for-the-cure-rosadotoledo-and-2025-2/
FIAP,2025,Innovacion,Innovacion en Eventos-Experiencia,Supporting Numbers,Rosadotoledo&,Agencia Independiente,Agencia Independiente,Puerto Rico,Susan G Komen For The Cure,Susan G Komen For The Cure,Race For The Cure,Rosadotoledo&,Bronce,,/awards/fiap/2025/campaigns/supporting-numbers-susan-g-komen-for-the-cure-rosadotoledo-and-2025-3/
FIAP,2025,Anuncios,Creatividad Efectiva - Aporte Cultural y-o Multicultural,Identique,This Is Libre - MRM-Lasker,Agencia Independiente,Agencia Independiente,España,Campofrio SL,Campofrio,Campofrio,Harry,Bronce,,/awards/fiap/2025/campaigns/identique-campofrio-this-is-libre-mrm-lasker-2025-3/
FIAP,2025,Anuncios,Mejor Uso de la Cultura Local,Identique,This Is Libre - MRM-Lasker,Agencia Independiente,Agencia Independiente,España,Campofrio,Campofrio,Campofrio,Harry,Bronce,,/awards/fiap/2025/campaigns/identique-campofrio-this-is-libre-mrm-lasker-2025-4/
FIAP,2025,Formatos,Mejor Uso de Ambient Media,A Unos Libros De Distancia,This Is Libre - Sound Of Connections - Apple Tree,Agencia Independiente,Agencia Independiente,España,Casa Del Libro,Casa Del Libro,Casa Del Libro,Essencial Producciones,Bronce,,/awards/fiap/2025/campaigns/a-unos-libros-de-distancia-casa-del-libro-this-is-libre-sound-of-connections-apple-tree-2025-2/
FIAP,2025,Formatos,Contenido con Mejor Estrategia Digital,Realty For Gamers,Garnier BBDO,BBDO Worldwide,Omnicom,Ecuador,Minutocorp,Grand View,Grand View,Bro Group,Shortlist,,/awards/fiap/2025/campaigns/realty-for-gamers-grand-view-garnier-bbdo-2025/
FIAP,2025,Formatos,Advergaming,Realty For Gamers,Garnier BBDO,BBDO Worldwide,Omnicom,Ecuador,Minutocorp,Grand View,Grand View,Bro Group,Shortlist,,/awards/fiap/2025/campaigns/realty-for-gamers-grand-view-garnier-bbdo-2025-2/
FIAP,2025,Formatos,Evento en Vivo o Hibrido,Realty For Gamers,Garnier BBDO,BBDO Worldwide,Omnicom,Ecuador,Minutocorp,Grand View,Grand View,Bro Group,Shortlist,,/awards/fiap/2025/campaigns/realty-for-gamers-grand-view-garnier-bbdo-2025-3/
FIAP,2025,Innovacion,Innovacion en Eventos-Experiencia,Realty For Gamers,Garnier BBDO,BBDO Worldwide,Omnicom,Ecuador,Minutocorp,Grand View,Grand View,Bro Group,Shortlist,,/awards/fiap/2025/campaigns/realty-for-gamers-grand-view-garnier-bbdo-2025-4/
FIAP,2025,Innovacion,Innovacion en Gaming y Entretenimiento,Realty For Gamers,Garnier BBDO,BBDO Worldwide,Omnicom,Ecuador,Minutocorp,Grand View,Grand View,Bro Group,Shortlist,,/awards/fiap/2025/campaigns/realty-for-gamers-grand-view-garnier-bbdo-2025-5/
FIAP,2025,Innovacion,Innovacion en Marketing Directo,Realty For Gamers,Garnier BBDO,BBDO Worldwide,Omnicom,Ecuador,Minutocorp,Grand View,Grand View,Bro Group,Shortlist,,/awards/fiap/2025/campaigns/realty-for-gamers-grand-view-garnier-bbdo-2025-6/
FIAP,2025,Anuncios,Creatividad Efectiva - Aporte Cultural y-o Multicultural,Realty For Gamers,Garnier BBDO,BBDO Worldwide,Omnicom,Ecuador,Minutocorp,Grand View,Grand View,Bro Group,Shortlist,,/awards/fiap/2025/campaigns/realty-for-gamers-grand-view-garnier-bbdo-2025-7/
FIAP,2025,Anuncios,Mejor Uso de la Cultura Local,Realty For Gamers,Garnier BBDO,BBDO Worldwide,Omnicom,Ecuador,Minutocorp,Grand View,Grand View,Bro Group,Shortlist,,/awards/fiap/2025/campaigns/realty-for-gamers-grand-view-garnier-bbdo-2025-8/
FIAP,2025,Produccion,Tecnicas de Produccion Grafica - Fotografia,Victories Are Liquid Glory Is Eternal,Mullenlowe Delta,Mullenlowe Group,IPG,Ecuador,Tesalia Cbc,Gatorade,Gatorade Maracuya,N-A,Shortlist,,/awards/fiap/2025/campaigns/victories-are-liquid-glory-is-eternal-gatorade-mullenlowe-delta-2025/
FIAP,2025,Innovacion,Estudiantes,Second Drop,Miami Ad School,Estudiantes,Estudiantes,España,Depop,Depop,Depop – App De Compraventa De Moda De Segunda Mano,N-A,Shortlist,,/awards/fiap/2025/campaigns/second-drop-depop-miami-ad-school-2025/
FIAP,2025,Anuncios,Salud,Miniso -  La Depresion No Es Una Fantasia,Don Alfaro,Agencia Independiente,Agencia Independiente,Ecuador,Miniso Ecuador,Miniso Ecuador,Miniso Ecuador,Don Alfaro,Shortlist,,/awards/fiap/2025/campaigns/miniso-la-depresion-no-es-una-fantasia-miniso-ecuador-don-alfaro-2025/
FIAP,2025,Innovacion,Innovacion en Activaciones,El Codigo Polar Pilsen,La Web Figital Agency,Agencia Independiente,Agencia Independiente,Venezuela,La Web Figital Agency,Polar Pilsen,Cerveza Polar Pilsen,La Web Figital Agency,Shortlist,,/awards/fiap/2025/campaigns/el-codigo-polar-pilsen-polar-pilsen-la-web-figital-agency-2025/
FIAP,2025,Innovacion,Salud,Categoria Aficionado- Exeltis,Valencia Producciones Fx Sas,Productora,Productora,Colombia,Exeltis Colombia,Exeltis,Categoria Aficionado Exeltis - Smartfilms,Valencia Producciones Fx Sas,Shortlist,,/awards/fiap/2025/campaigns/categoria-aficionado-exeltis-exeltis-valencia-producciones-fx-sas-2025/
FIAP,2025,Anuncios,Mejor Uso de la Cultura Local,Quito Sin Mineria - El Si De La Naturaleza,Don Alfaro,Agencia Independiente,Agencia Independiente,Ecuador,Quito Sin Mineria,Quito Sin Mineria,Consulta Popular,Don Alfaro,Shortlist,,/awards/fiap/2025/campaigns/quito-sin-mineria-el-si-de-la-naturaleza-quito-sin-mineria-don-alfaro-2025/
FIAP,2025,Innovacion,New Business-Nuevos Negocios,Bizum | Clicks Que No Clicks Que Si,Viernes Agencia Creativa,Agencia Independiente,Agencia Independiente,España,Bizum,Bizum,Bizum Pagos Online,Victor Duque,Shortlist,,/awards/fiap/2025/campaigns/bizum-clicks-que-no-clicks-que-si-bizum-viernes-agencia-creativa-2025/
FIAP,2025,Formatos,Salud,Gelocatil 50 Aniversario,Viernes Agencia Creativa,Agencia Independiente,Agencia Independiente,España,Ferrer,Gelocatil,Gelocatil,N-A,Shortlist,,/awards/fiap/2025/campaigns/gelocatil-50-aniversario-gelocatil-viernes-agencia-creativa-2025/
FIAP,2025,Formatos,Product Placement - Entretenimiento,Sunfetti,Jsd Agency,Agencia Independiente,Agencia Independiente,Puerto Rico,Windmar Home,Windmar Home,Windmar Home,Jsd Agency,Shortlist,,/awards/fiap/2025/campaigns/sunfetti-windmar-home-jsd-agency-2025/
FIAP,2025,Innovacion,Uso de Inteligencia Artificial,El ultimo Pinojeda,22 Grados,Agencia Independiente,Agencia Independiente,España,Cabildo De Gran Canaria,Cabildo De Gran Canaria,El ultimo Pinojeda,22Grados,Shortlist,,/awards/fiap/2025/campaigns/el-ultimo-pinojeda-cabildo-de-gran-canaria-22-grados-2025/
FIAP,2025,Formatos,Desarrollo Tecnologico,Pizza Pizza Voice Jumper,Digitas,Publicis Worldwide,Publicis Groupe,Guatemala,Coralsa - Little Caesars Guatemala,Little Caesars,Little Caesars,Pits Guatemala,Shortlist,,/awards/fiap/2025/campaigns/pizza-pizza-voice-jumper-little-caesars-digitas-2025/
FIAP,2025,Anuncios,Grafica - Alimentos - Comidas - Bebidas Alcoholicas - No Alcoholicas,No Es Lo Mismo Sin Heinz,Cielito,Agencia Independiente,Agencia Independiente,Paraguay,Heinz - London Import,Heinz,Aderezos Heinz: Ketchup Mayonesa Mostaza Bbq,Cielito,Shortlist,,/awards/fiap/2025/campaigns/no-es-lo-mismo-sin-heinz-heinz-cielito-2025/
FIAP,2025,Anuncios,Uso Creativo del Espacio en Publicidad de Eventos,Kissn´T Cam,Ufilms,Productora,Productora,Uruguay,Netflix,Envidiosa,Nueva Temporada,Ufilms,Shortlist,,/awards/fiap/2025/campaigns/kissnt-cam-envidiosa-ufilms-2025/
FIAP,2025,Innovacion,Innovacion en Tecnologia,Save The Date,Dentsu Creative,Dentsu Group Inc,Dentsu Group,España,Masorange,Orange,Orange Tv Futbol,Jacaranda Publicidad,Shortlist,,/awards/fiap/2025/campaigns/save-the-date-orange-dentsu-creative-2025/
FIAP,2025,Innovacion,Innovacion en Mobile,Save The Date,Dentsu Creative,Dentsu Group Inc,Dentsu Group,España,Masorange,Orange,Orange Tv Futbol,Jacaranda Publicidad,Shortlist,,/awards/fiap/2025/campaigns/save-the-date-orange-dentsu-creative-2025-2/
FIAP,2025,Formatos,Own Media - Video Plataforma - Video,Soñando Con Didi,Initiative,Mediabrands,IPG,Mexico,Didi Mexico,Didi Rides,Didi Rides,N-A,Shortlist,,/awards/fiap/2025/campaigns/sonando-con-didi-didi-rides-initiative-2025/
FIAP,2025,Innovacion,Estudiantes,The Antidoping Burger,Bendita Carpeta,Estudiantes,Estudiantes,Mexico,Burger King,Burger King,The Impossible Burger,N-A,Shortlist,,/awards/fiap/2025/campaigns/the-antidoping-burger-burger-king-bendita-carpeta-2025/
FIAP,2025,Anuncios,Campañas Integrales,La Campaña Imperfecta,Paradais DDB,DDB Worldwide,Omnicom,Ecuador,Alicorp,Don Vittorio,Don Vittorio,Levector,Shortlist,,/awards/fiap/2025/campaigns/la-campana-imperfecta-don-vittorio-paradais-ddb-2025/
FIAP,2025,Formatos,Mejor Uso de Ambient Media,Beer Refill,Mullenlowe Delta,Mullenlowe Group,IPG,Ecuador,Pilsener,Pilsener,Pilsener Beer,La Gallera,Shortlist,,/awards/fiap/2025/campaigns/beer-refill-pilsener-mullenlowe-delta-2025/
FIAP,2025,Anuncios,Uso Creativo del Espacio en Publicidad de Eventos,Beer Refill,Mullenlowe Delta,Mullenlowe Group,IPG,Ecuador,Pilsener,Pilsener,Pilsener Beer,La Gallera,Shortlist,,/awards/fiap/2025/campaigns/beer-refill-pilsener-mullenlowe-delta-2025-2/
FIAP,2025,Formatos,Branded Content Integrado a Otras Plataformas,El Amor Es Una Montaña Rusa,Tombrasniña,Tombrasniña,Tombrasniña,Argentina,Parque De La Costa,Parque De La Costa,Parque De Atracciones,N-A,Shortlist,,/awards/fiap/2025/campaigns/el-amor-es-una-montana-rusa-parque-de-la-costa-tombrasnina-2025/
FIAP,2025,Anuncios,Television - Cine - Digital - Bancos - Financieras,El Esfuerzo Te Define,Mullenlowe Delta,Mullenlowe Group,IPG,Ecuador,Banco Pichincha,Banco Pichincha,Fomento Deportivo,Akira,Shortlist,,/awards/fiap/2025/campaigns/el-esfuerzo-te-define-banco-pichincha-mullenlowe-delta-2025/
FIAP,2025,Innovacion,Estudiantes,Face Your Burnout,Brother,Estudiantes,Estudiantes,Argentina,Apple,Iphone,Apple Health,N-A,Shortlist,,/awards/fiap/2025/campaigns/face-your-burnout-iphone-brother-2025/
FIAP,2025,Produccion,Tecnicas de Produccion de BTL,The Love-Crafted Campaign,Paradais DDB,DDB Worldwide,Omnicom,Ecuador,Alicorp,Don Vittorio,Don Vittorio,Beicon,Shortlist,,/awards/fiap/2025/campaigns/the-love-crafted-campaign-don-vittorio-paradais-ddb-2025/
FIAP,2025,Innovacion,Innovacion en Outdoor-Via Publica-Ambient,Luces En La Via,Nuno Studio,Agencia Independiente,Agencia Independiente,Ecuador,Itb Instituto Tecnologico Bolivariano De Ecuador,Itb Instituto Tecnologico Bolivariano De Ecuador,Facultad De Mecanica Y Transportacion,Abel Flores,Shortlist,,/awards/fiap/2025/campaigns/luces-en-la-via-itb-instituto-tecnologico-bolivariano-de-ecuador-nuno-studio-2025/
FIAP,2025,Anuncios,Mejor Uso de la Cultura Local,Luces En La Via,Nuno Studio,Agencia Independiente,Agencia Independiente,Ecuador,Itb Instituto Tecnologico Bolivariano De Ecuador,Itb Instituto Tecnologico Bolivariano De Ecuador,Facultad De Mecanica Y Transportacion,Abel Flores,Shortlist,,/awards/fiap/2025/campaigns/luces-en-la-via-itb-instituto-tecnologico-bolivariano-de-ecuador-nuno-studio-2025-2/
FIAP,2025,Anuncios,Uso de Inteligencia Artificial,Fluvirin Mocobardes,Concept Mccann,Mccann Worldgroup,IPG,Venezuela,Grupo Leti,Fluvirin,Fluvirin,Ideogram Ia,Shortlist,,/awards/fiap/2025/campaigns/fluvirin-mocobardes-fluvirin-concept-mccann-2025/
FIAP,2025,Innovacion,Innovacion en Marketing Directo,Immortools,Made,Agencia Independiente,Agencia Independiente,Mexico,Stellantis,Ram,Herramientas De Trabajo,N-A,Shortlist,,/awards/fiap/2025/campaigns/immortools-ram-made-2025/
FIAP,2025,Formatos,Mejor Uso de Influencer en Cualquier Plataforma,Libres De Trata,Amarillo Creative Lab,Agencia Independiente,Agencia Independiente,Venezuela,Libres De Trata,Libres De Trata,Libres De Trata,Amarillo Creative Lab,Shortlist,,/awards/fiap/2025/campaigns/libres-de-trata-libres-de-trata-amarillo-creative-lab-2025/
FIAP,2025,Anuncios,Television - Cine - Digital - Recreacion - Placer - Tiempo Libre - Transporte - Viajes - Turismo,Muy Poco Viene Para Lo Cerca Que Lo Tienes,La Colmena Creativa,Hub Of Brands,Agencia Independiente,España,Diputacion Provincial De Huesca,Tu Provincia Huesca La Magia,Campaña De Turismo,La Colmena Creativa,Shortlist,,/awards/fiap/2025/campaigns/muy-poco-viene-para-lo-cerca-que-lo-tienes-tu-provincia-huesca-la-magia-la-colmena-creativa-2025/
FIAP,2025,Anuncios,Grafica - Imagen Corporativa - Branding,Marea Purpura,Grizzly Brands,Agencia Independiente,Agencia Independiente,Colombia,Civix Colombia,Marea Purpura,Diseño Imagen Corporativa Y Branding,N-A,Shortlist,,/awards/fiap/2025/campaigns/marea-purpura-marea-purpura-grizzly-brands-2025/
FIAP,2025,Anuncios,Grafica - Imagen Corporativa - Branding,Liderab,Grizzly Brands,Agencia Independiente,Agencia Independiente,Colombia,Civix Colombia,Marea Purpura,Diseño Imagen Corporativa Y Branding,N-A,Shortlist,,/awards/fiap/2025/campaigns/liderab-marea-purpura-grizzly-brands-2025/
FIAP,2025,Anuncios,Radio - Alimentos - Comidas - Bebidas Alcoholicas - No Alcoholicas,Frascos Infinitos - Mayonesa Kraft,Amarillo Creative Lab,Agencia Independiente,Agencia Independiente,Venezuela,Mondelez Internacional,Mayonesa Kraft,Mayonesa Kraft,Piedra Studios,Shortlist,,/awards/fiap/2025/campaigns/frascos-infinitos-mayonesa-kraft-mayonesa-kraft-amarillo-creative-lab-2025/
FIAP,2025,Formatos,Mejor Campaña de Sostenibilidad,Frascos Infinitos - Mayonesa Kraft,Amarillo Creative Lab,Agencia Independiente,Agencia Independiente,Venezuela,Mondelez Internacional,Kraft,Mayonesa Kraft,Fenix Media,Shortlist,,/awards/fiap/2025/campaigns/frascos-infinitos-mayonesa-kraft-kraft-amarillo-creative-lab-2025/
FIAP,2025,Innovacion,Innovacion en Campañas Sobre Sostenibilidad,Frascos Infinitos - Mayonesa Kraft,Amarillo Creative Lab,Agencia Independiente,Agencia Independiente,Venezuela,Mondelez Internacional,Kraft,Mayonesa Kraft,Fenix Media,Shortlist,,/awards/fiap/2025/campaigns/frascos-infinitos-mayonesa-kraft-kraft-amarillo-creative-lab-2025-2/
FIAP,2025,Anuncios,Mejor Uso de la Cultura Local,Frascos Infinitos - Mayonesa Kraft,Amarillo Creative Lab,Agencia Independiente,Agencia Independiente,Venezuela,Mondelez Internacional,Mayonesa Kraft,Mayonesa Kraft,Fenix Medio,Shortlist,,/awards/fiap/2025/campaigns/frascos-infinitos-mayonesa-kraft-mayonesa-kraft-amarillo-creative-lab-2025-2/
FIAP,2025,Formatos,Mejor Campaña de Plataforma de Responsabilidad Social,Libres De Trata,Amarillo Creative Lab,Agencia Independiente,Agencia Independiente,Venezuela,Libres De Trata,Libres De Trata,Libres De Trata,Amarillo Creative Lab,Shortlist,,/awards/fiap/2025/campaigns/libres-de-trata-libres-de-trata-amarillo-creative-lab-2025-2/
FIAP,2025,Anuncios,Grafica - Campañas Productos - Servicios - Corporativas,Great Ideas,DDB Latina,DDB Worldwide,Omnicom,Uruguay,Getty Images,Getty Images,Banco De Imagenes,DDB Uruguay,Shortlist,,/awards/fiap/2025/campaigns/great-ideas-getty-images-ddb-latina-2025/
FIAP,2025,Anuncios,Transformacion Social - ONG,Libres De Trata,Amarillo Creative Lab,Agencia Independiente,Agencia Independiente,Venezuela,Libres De Trata,Libres De Trata,Libres De Trata,Amarillo Creative Lab,Shortlist,,/awards/fiap/2025/campaigns/libres-de-trata-libres-de-trata-amarillo-creative-lab-2025-3/
FIAP,2025,Formatos,Mejor Uso de Influencer en Cualquier Plataforma,Frascos Infinitos - Mayonesa Kraft,Amarillo Creative Lab,Agencia Independiente,Agencia Independiente,Venezuela,Mondelez Internacional,Kraft,Mayonesa Kraft,Amarillo Creative Lab,Shortlist,,/awards/fiap/2025/campaigns/frascos-infinitos-mayonesa-kraft-kraft-amarillo-creative-lab-2025-3/
FIAP,2025,Anuncios,Campañas Integrales,Frascos Infinitos - Mayonesa Kraft,Amarillo Creative Lab,Agencia Independiente,Agencia Independiente,Venezuela,Mondelez Internacional,Kraft,Mayonesa Kraft,Fenix Media,Shortlist,,/awards/fiap/2025/campaigns/frascos-infinitos-mayonesa-kraft-kraft-amarillo-creative-lab-2025-4/
FIAP,2025,Anuncios,Radio - Jingles - Musica Original - Audio Logo - Mejor Sound Effect,Frascos Infinitos - Mayonesa Kraft,Amarillo Creative Lab,Agencia Independiente,Agencia Independiente,Venezuela,Mondelez Internacional,Kraft,Mayonesa Kraft,Piedra Studios,Shortlist,,/awards/fiap/2025/campaigns/frascos-infinitos-mayonesa-kraft-kraft-amarillo-creative-lab-2025-5/
FIAP,2025,Innovacion,Innovacion en Eventos-Experiencia,Tu Esfuerzo Desfila En Los Juegos Olimpicos,Minerva Marketing,Agencia Independiente,Agencia Independiente,España,Banco Santander,Banco Santander,Banco Santander,N-A,Shortlist,,/awards/fiap/2025/campaigns/tu-esfuerzo-desfila-en-los-juegos-olimpicos-banco-santander-minerva-marketing-2025/
FIAP,2025,Innovacion,Innovacion en Eventos-Experiencia,Cementerio De Flora Y Fauna,Inmov - Latir,Agencia Independiente,Agencia Independiente,Colombia,Onu - Cop16 Primera Conferencia De Las Partes Realizada En Cali Colombia,Cop16,Evento Cop16,Wonderlust By Inmov,Shortlist,,/awards/fiap/2025/campaigns/cementerio-de-flora-y-fauna-cop16-inmov-latir-2025/
FIAP,2025,Innovacion,Mejor Experiencia Interactiva y Creativa en Evento,Cementerio De Flora Y Fauna,Inmov - Latir,Agencia Independiente,Agencia Independiente,Colombia,Onu - Cop16 Primera Conferencia De Las Partes Realizada En Cali Colombia,Cop16,Evento Cop16,Wonderlust By Inmov,Shortlist,,/awards/fiap/2025/campaigns/cementerio-de-flora-y-fauna-cop16-inmov-latir-2025-2/
FIAP,2025,Formatos,Mejor Campaña de Plataforma de Responsabilidad Social,Soluciones De Mi Gente 3A Ed,Pulso Agency,Agencia Independiente,Agencia Independiente,Mexico,Sempra Infraestructura,Sempra Infraestructura,Soluciones De Mi Gente,Pulso Agency,Shortlist,,/awards/fiap/2025/campaigns/soluciones-de-mi-gente-3a-ed-sempra-infraestructura-pulso-agency-2025/
FIAP,2025,Anuncios,Television - Cine - Digital - Campañas Bien Publico,Jockey Plaza,Burns The Agency,Agencia Independiente,Agencia Independiente,Peru,Jockey Plaza,Jockey Plaza,Plataforma Antibullying,The Kubricks,Shortlist,,/awards/fiap/2025/campaigns/jockey-plaza-jockey-plaza-burns-the-agency-2025/
FIAP,2025,Produccion,Uso de Inteligencia Artificial,Leti Es Compromiso Clone Clone,Concept Mccann,Mccann Worldgroup,IPG,Venezuela,Grupo Leti,Grupo Leti,Grupo Leti,Suno Ia,Shortlist,,/awards/fiap/2025/campaigns/leti-es-compromiso-clone-clone-grupo-leti-concept-mccann-2025/
FIAP,2025,Anuncios,Television - Cine - Digital - Bajo Presupuesto,El Chisme Del Bueno,Pulso Agency,Agencia Independiente,Agencia Independiente,Mexico,Sempra Infraestructura,Sempra Infraestructura,Soluciones De Mi Gente,Pulso Agency,Shortlist,,/awards/fiap/2025/campaigns/el-chisme-del-bueno-sempra-infraestructura-pulso-agency-2025/
FIAP,2025,Produccion,Tecnicas de Produccion Audiovisual - Direccion General,BBVA - Anaquel De Cuentas,Ka&O Films And Content,Productora,Productora,Peru,BBVA,BBVA,BBVA - Anaquel De Cuentas,Ka&O Films And Content,Shortlist,,/awards/fiap/2025/campaigns/bbva-anaquel-de-cuentas-bbva-ka-and-o-films-and-content-2025/
FIAP,2025,Innovacion,Innovacion en Outdoor-Via Publica-Ambient,Navega La Vila,Makinaccion,Agencia Independiente,Agencia Independiente,España,Concejalia De Turismo Del Ayuntamiento De La Vila Joiosa,La Vila Joiosa,La Oferta Turistica De La Vila Joiosa,Makinaccion,Shortlist,,/awards/fiap/2025/campaigns/navega-la-vila-la-vila-joiosa-makinaccion-2025/
FIAP,2025,Anuncios,Creatividad Efectiva - Bien Publico,Jockey Plaza,Burns The Agency,Agencia Independiente,Agencia Independiente,Peru,Jockey Plaza,Jockey Plaza,Plataforma Antibullying,The Kubricks,Shortlist,,/awards/fiap/2025/campaigns/jockey-plaza-jockey-plaza-burns-the-agency-2025-2/
FIAP,2025,Anuncios,Mejor Diseño,On510,Parker,Agencia Independiente,Agencia Independiente,España,Grupo Enhol,On510 Energia Positva,Comercializadora Electrica,Parker,Shortlist,,/awards/fiap/2025/campaigns/on510-on510-energia-positva-parker-2025/
FIAP,2025,Anuncios,Mejor Concepto,On510 Branding,Parker,Agencia Independiente,Agencia Independiente,España,Grupo Enhol,On510 Energia Positva,Comercializadora Electrica,Parker,Shortlist,,/awards/fiap/2025/campaigns/on510-branding-on510-energia-positva-parker-2025/
FIAP,2025,Innovacion,Innovacion en Eventos-Experiencia,El Dia Que Se Cobro El Aire,Inmov - Latir,Agencia Independiente,Agencia Independiente,Colombia,Onu - Cop16 Primera Conferencia De Las Partes Realizada En Cali Colombia,Cop16,Evento Cop16,Wonderlust By Inmov,Shortlist,,/awards/fiap/2025/campaigns/el-dia-que-se-cobro-el-aire-cop16-inmov-latir-2025/
FIAP,2025,Anuncios,Television - Cine - Digital - Alimentos - Comidas - Bebidas Alcoholicas - No Alcoholicas,Santa Teresa 1796 Gran Ron Gran Proposito,Oml,Only Much Louder,Only Much Louder,Venezuela,Santa Teresa,Santa Teresa,Ron Santa Teresa 1796,Black Cat Lab,Shortlist,,/awards/fiap/2025/campaigns/santa-teresa-1796-gran-ron-gran-proposito-santa-teresa-oml-2025/
FIAP,2025,Formatos,Estudiantes,Control To Chew,Bendita Carpeta,Estudiantes,Estudiantes,Colombia,Mars,Extra - Orbit,Control To Chew,N-A,Shortlist,,/awards/fiap/2025/campaigns/control-to-chew-extra-orbit-bendita-carpeta-2025/
FIAP,2025,Anuncios,Estudiantes,Burbujas,Miami Ad School,Estudiantes,Estudiantes,Mexico,Coca-Cola Mexico,Coca-Cola,Coca-Cola,N-A,Shortlist,,/awards/fiap/2025/campaigns/burbujas-coca-cola-miami-ad-school-2025/
FIAP,2025,Formatos,Live Experience,Sunfetti,Jsd Agency,Agencia Independiente,Agencia Independiente,Puerto Rico,Windmar Home,Windmar Home,Windmar Home,Jsd Agency,Shortlist,,/awards/fiap/2025/campaigns/sunfetti-windmar-home-jsd-agency-2025-2/
FIAP,2025,Anuncios,Television - Cine - Digital - Alimentos - Comidas - Bebidas Alcoholicas - No Alcoholicas,"""Con Salsa Todo Sabe Mejor"" - Cliente Libby´S",Hanson,Agencia Independiente,Agencia Independiente,España,Establecimientos Industriales Archipielago SA,Libby´S,Salsa 0 Azucares Salsa Barbacoa Catchup Y Catchup Picante,Candilejas Producciones,Shortlist,,/awards/fiap/2025/campaigns/con-salsa-todo-sabe-mejor-cliente-libbys-libbys-hanson-2025/
FIAP,2025,Anuncios,Salud,Hablemos Como I=Iguales La Cafeteri=Ia,Paraphernalia,Agencia Independiente,Agencia Independiente,España,Gilead,Gilead,Awareness Vih,Paraphernalia,Shortlist,,/awards/fiap/2025/campaigns/hablemos-como-iiguales-la-cafeteriia-gilead-paraphernalia-2025/
FIAP,2025,Produccion,Tecnicas de Produccion Audiovisual - Animacion Computarizada - Efectos Especiales,El Copiloto Perfecto- Archipielago Renting,Hanson,Hanson Channel Sl,Hanson Channel Sl,España,Archipielago Renting,Archipielago Renting,Alquiler De Vehiculos De Empresa,Hanson Channel Sl,Shortlist,,/awards/fiap/2025/campaigns/el-copiloto-perfecto-archipielago-renting-archipielago-renting-hanson-2025/
FIAP,2025,Produccion,Tecnicas de Produccion Audiovisual - Animacion Computarizada - Efectos Especiales,Crowdfunding Universidad De La Laguna,Hanson,Hanson Channel Sl,Hanson Channel Sl,España,Universidad De La Laguna,Universidad De La Laguna,Servicios Para Proyectos,Hanson Channel Sl,Shortlist,,/awards/fiap/2025/campaigns/crowdfunding-universidad-de-la-laguna-universidad-de-la-laguna-hanson-2025/
FIAP,2025,Anuncios,Television - Cine - Digital - Campañas Productos - Servicios - Corporativas,¿Y Tu? ¿Cuan Lejos Quieres Llegar? - Ucab - Venezuela,Goodman Latam,Agencia Independiente,Agencia Independiente,Venezuela,Universidad Catolica Andres Bello – Caracas Venezuela,Ucab,Institucional,Enjoy,Shortlist,,/awards/fiap/2025/campaigns/y-tu-cuan-lejos-quieres-llegar-ucab-venezuela-ucab-goodman-latam-2025/
FIAP,2025,Anuncios,Mejor Concepto,¿Y Tu? ¿Cuan Lejos Quieres Llegar? - Ucab - Venezuela,Goodman Latam,Agencia Independiente,Agencia Independiente,Venezuela,Universidad Catolica Andres Bello – Caracas Venezuela,Ucab,Institucional,Enjoy,Shortlist,,/awards/fiap/2025/campaigns/y-tu-cuan-lejos-quieres-llegar-ucab-venezuela-ucab-goodman-latam-2025-2/
FIAP,2025,Anuncios,Mejor Uso de la Cultura Local,Venezuela Sabe A PAN,Robin Strategic Creative Agency,Agencia Independiente,Agencia Independiente,Venezuela,Empresas Polar,Harina PAN,Harina PAN,Robin Agency Y Dynapro,Shortlist,,/awards/fiap/2025/campaigns/venezuela-sabe-a-pan-harina-pan-robin-strategic-creative-agency-2025/
FIAP,2025,Formatos,Branded Content Integrado a Otras Plataformas,Evento De Lanzamiento “Estamos En Familia” Buchanan’S,Robin Strategic Creative Agency,Agencia Independiente,Agencia Independiente,Venezuela,Diageo Venezuela,Buchanan’S Venezuela,Nuevo Concepto De Marca,Robin Agency - Magnishow,Shortlist,,/awards/fiap/2025/campaigns/evento-de-lanzamiento-estamos-en-familia-buchanans-buchanans-venezuela-robin-strategic-creative-agency-2025/
FIAP,2025,Innovacion,Uso de Inteligencia Artificial,Leti Es Compromiso,Concept Mccann,Mccann Worldgroup,IPG,Venezuela,Grupo Leti,Grupo Leti,Grupo Leti,Suno Ia,Shortlist,,/awards/fiap/2025/campaigns/leti-es-compromiso-grupo-leti-concept-mccann-2025/
FIAP,2025,Anuncios,Television - Cine - Digital - Mejor Musica Incidental - Mejor Cancion Original - Mejor Direccion Musical,Leti Es Compromiso,Concept Mccann,Mccann Worldgroup,IPG,Venezuela,Grupo Leti,Grupo Leti,Grupo Leti,Suno Ia,Shortlist,,/awards/fiap/2025/campaigns/leti-es-compromiso-grupo-leti-concept-mccann-2025-2/
FIAP,2025,Produccion,Tecnicas de Produccion Audiovisual - Musica Adaptada - Musica Original - Diseño de Sonido - Canciones - Jingles - Audio Logo - Uso de Licencias,Es Para Mi,Lopez Negrete Communcations,Agencia Independiente,Agencia Independiente,Usa,H-E-B,H-E-B,H-E-B,N-A,Shortlist,,/awards/fiap/2025/campaigns/es-para-mi-h-e-b-lopez-negrete-communcations-2025/
FIAP,2025,Anuncios,Radio - Jingles - Musica Original - Audio Logo - Mejor Sound Effect,Es Para Mi,Lopez Negrete Communcations,Agencia Independiente,Agencia Independiente,Usa,H-E-B,H-E-B,H-E-B,N-A,Shortlist,,/awards/fiap/2025/campaigns/es-para-mi-h-e-b-lopez-negrete-communcations-2025-2/
FIAP,2025,Anuncios,Creatividad Efectiva - Bien Publico,Inteligencia Emocional,Buppa Comunicacion,Agencia Independiente,Agencia Independiente,Argentina,Coning,Coning,Ong,Buppa Comunicacion,Shortlist,,/awards/fiap/2025/campaigns/inteligencia-emocional-coning-buppa-comunicacion-2025/
FIAP,2025,Anuncios,Television - Cine - Digital - Campañas Bien Publico,Reality Check: Miami Beach,VML,VML,WPP,Usa,Greater Miami Convention & Visitors Bureau,Greater Miami Convention & Visitors Bureau,Greater Miami Convention & Visitors Bureau,AlteredLa,Shortlist,,/awards/fiap/2025/campaigns/reality-check-miami-beach-greater-miami-convention-and-visitors-bureau-vml-2025/
FIAP,2025,Anuncios,Uso de Inteligencia Artificial,Drowsy Prompts - Hamlet,MRM,Mccann Worldgroup,IPG,España,Opella,Allegra,Allegra,N-A,Shortlist,,/awards/fiap/2025/campaigns/drowsy-prompts-hamlet-allegra-mrm-2025/
FIAP,2025,Formatos,Estudiantes,Content Hackers,The Pub School,Estudiantes,Estudiantes,Colombia,Vaselina,Vaselina,Vaselina,N-A,Shortlist,,/awards/fiap/2025/campaigns/content-hackers-vaselina-the-pub-school-2025/
FIAP,2025,Anuncios,Creatividad Efectiva - Aporte Cultural y-o Multicultural,Las Reglas No Escritas Del Futbol En La Conmebol Libertadores,Agencia Tango,Colectivo &C,Colectivo &C,España,Mapfre,Mapfre,Patrocinio Mapfre-Conmebol Libertadores,The Masses,Shortlist,,/awards/fiap/2025/campaigns/las-reglas-no-escritas-del-futbol-en-la-conmebol-libertadores-mapfre-agencia-tango-2025/
FIAP,2025,Innovacion,Estudiantes,Pan De Vida,Miami Ad School,Estudiantes,Estudiantes,Mexico,Unicef,Unicef Mexico,Ong,N-A,Shortlist,,/awards/fiap/2025/campaigns/pan-de-vida-unicef-mexico-miami-ad-school-2025/
FIAP,2025,Anuncios,Via Publica - Productos,Pepsi Sunsets,Valor,Agencia Independiente,Agencia Independiente,Peru,Pepsico,Pepsi,Pepsi,Studio V - Paola Pastrana,Shortlist,,/awards/fiap/2025/campaigns/pepsi-sunsets-pepsi-valor-2025/
FIAP,2025,Anuncios,Salud,Saludo A Las Mamas,D4 Mccann,Mccann Worldgroup,IPG,Guatemala,Tecniscan,Tecniscan,Paquetes Especiales De Mamografias Y Ultrasonidos Mamarios,Impresion: Abg Publicidad,Shortlist,,/awards/fiap/2025/campaigns/saludo-a-las-mamas-tecniscan-d4-mccann-2025/
FIAP,2025,Innovacion,Innovacion en Redes Sociales,Emoji Cocktails,The Table By De Ferrari Borrell,Agencia Independiente,Agencia Independiente,Republica Dominicana,La Aurora,E Leon Jimenes,Ron 1903,The Table By De Ferrari Borrell,Shortlist,,/awards/fiap/2025/campaigns/emoji-cocktails-e-leon-jimenes-the-table-by-de-ferrari-borrell-2025/
FIAP,2025,Anuncios,Via Publica - Productos,Espacios Reducidos,Publicidad Comercial Mullenlowe,Mullenlowe Group,IPG,Nicaragua,Nissan Nicaragua,Nissan,Intelligent Around View Monitor,N-A,Shortlist,,/awards/fiap/2025/campaigns/espacios-reducidos-nissan-publicidad-comercial-mullenlowe-2025/
FIAP,2025,Anuncios,Uso de Inteligencia Artificial,Espacios Reducidos,Publicidad Comercial Mullenlowe,Mullenlowe Group,IPG,Nicaragua,Nissan Nicaragua - Grupoq,Nissan Nicaragua,Intelligent Around View Monitor,N-A,Shortlist,,/awards/fiap/2025/campaigns/espacios-reducidos-nissan-nicaragua-publicidad-comercial-mullenlowe-2025/
FIAP,2025,Produccion,Tecnicas de Produccion Grafica - Direccion de Arte,Espacios Reducidos,Publicidad Comercial Mullenlowe,Mullenlowe Group,IPG,Nicaragua,Nissan Nicaragua,Nissan,Intelligent Around View Monitor,N-A,Shortlist,,/awards/fiap/2025/campaigns/espacios-reducidos-nissan-publicidad-comercial-mullenlowe-2025-2/
FIAP,2025,Formatos,Live Experience,Museo Cajita Feliz,Yoco Agency,Agencia Independiente,Agencia Independiente,Guatemala,Mcdonalds Guatemala,Mcdonalds,Institucional,Yoco,Shortlist,,/awards/fiap/2025/campaigns/museo-cajita-feliz-mcdonalds-yoco-agency-2025/
FIAP,2025,Innovacion,Innovacion en Eventos-Experiencia,Museo Cajita Feliz,Yoco Agency,Agencia Independiente,Agencia Independiente,Guatemala,Mcdonalds Guatemala,Mcdonalds,Institucional,Yoco,Shortlist,,/awards/fiap/2025/campaigns/museo-cajita-feliz-mcdonalds-yoco-agency-2025-2/
FIAP,2025,Produccion,Tecnicas de Produccion en PR,Museo Cajita Feliz,Yoco Agency,Agencia Independiente,Agencia Independiente,Guatemala,Mcdonalds Guatemala,Mcdonalds,Institucional,Yoco,Shortlist,,/awards/fiap/2025/campaigns/museo-cajita-feliz-mcdonalds-yoco-agency-2025-3/
FIAP,2025,Anuncios,Estudiantes,The Illegal Spots,The Pub School,Estudiantes,Estudiantes,Colombia,Vans,Vans,The Illegal Spots,N-A,Shortlist,,/awards/fiap/2025/campaigns/the-illegal-spots-vans-the-pub-school-2025/
FIAP,2025,Formatos,Social Content,Conchita Predictions,Inside Studio,Agencia Independiente,Agencia Independiente,Colombia,Juan Valdez,Juan Valdez,,Zuan Film,Shortlist,,/awards/fiap/2025/campaigns/conchita-predictions-juan-valdez-inside-studio-2025/
FIAP,2025,Innovacion,Estudiantes,Cup Of Duty,Miami Ad School,Estudiantes,Estudiantes,Colombia,Kraft Mac & Cheese,Kraft Mac & Cheese,Mac & Cheese,N-A,Shortlist,,/awards/fiap/2025/campaigns/cup-of-duty-kraft-mac-and-cheese-miami-ad-school-2025/
FIAP,2025,Formatos,Live Experience,Zzztreaming,Digitas,Publicis Worldwide,Publicis Groupe,Peru,Industrias San Miguel,360 Energy Drink,360 Energy Drink Gamer,The Pub,Shortlist,,/awards/fiap/2025/campaigns/zzztreaming-360-energy-drink-digitas-2025/
FIAP,2025,Anuncios,Grafica - Campañas Productos - Servicios - Corporativas,Invertiria Como Ellos,Biedermann Mccann,Mccann Worldgroup,IPG,Paraguay,Valores Casa De Bolsa,Valores Casa De Bolsa,Alianza Inviu,Biedermann,Shortlist,,/awards/fiap/2025/campaigns/invertiria-como-ellos-valores-casa-de-bolsa-biedermann-mccann-2025/
FIAP,2025,Innovacion,Estudiantes,Powerade Reflective Label,No Aplica,Estudiantes,Estudiantes,Peru,Coca Cola,Powerade,Bebida Isotonica,N-A,Shortlist,,/awards/fiap/2025/campaigns/powerade-reflective-label-powerade-no-aplica-2025/
FIAP,2025,Innovacion,Estudiantes,Airbnbees - Luis Artadi & Joan Valenzuela,La Calle Escuela Creativa,Estudiantes,Estudiantes,Peru,No Aplica,Airbnb,No Aplica,N-A,Shortlist,,/awards/fiap/2025/campaigns/airbnbees-luis-artadi-and-joan-valenzuela-airbnb-la-calle-escuela-creativa-2025/
FIAP,2025,Anuncios,Television - Cine - Digital - Alimentos - Comidas - Bebidas Alcoholicas - No Alcoholicas,El Rondon De Polar,Rg2 Fcb,Fcb,IPG,Venezuela,Polar Pilsen,Polar Pilsen,Polar Pilsen,El Living,Shortlist,,/awards/fiap/2025/campaigns/el-rondon-de-polar-polar-pilsen-rg2-fcb-2025/
FIAP,2025,Innovacion,Estudiantes,Grandgamer,Miami Ad School,Estudiantes,Estudiantes,Mexico,Xbox,Xbox,Terapias,Estudiantes,Shortlist,,/awards/fiap/2025/campaigns/grandgamer-xbox-miami-ad-school-2025/
FIAP,2025,Innovacion,Estudiantes,The Missing Team,Miami Ad School,Estudiantes,Estudiantes,Mexico,Sandy Hook Promise,Sandy Hook Promise,Ea Sports College Football 2025,Estudiantes,Shortlist,,/awards/fiap/2025/campaigns/the-missing-team-sandy-hook-promise-miami-ad-school-2025/
FIAP,2025,Formatos,Live Experience,Corona Suntimer,El Taier DDB Centro,DDB Worldwide,Omnicom,Guatemala,Cerveceria Ambev,Cerveza Corona,Cerveza,Mento Media,Shortlist,,/awards/fiap/2025/campaigns/corona-suntimer-cerveza-corona-el-taier-ddb-centro-2025/
FIAP,2025,Formatos,Mejor Uso de Ambient Media,Corona Suntimer,El Taier DDB Centro,DDB Worldwide,Omnicom,Guatemala,Cerveceria Ambev,Cerveza Corona,Cerveza,Mento Media,Shortlist,,/awards/fiap/2025/campaigns/corona-suntimer-cerveza-corona-el-taier-ddb-centro-2025-2/
FIAP,2025,Innovacion,Innovacion en Outdoor-Via Publica-Ambient,Corona Suntimer,El Taier DDB Centro,DDB Worldwide,Omnicom,Guatemala,Cerveceria Ambev,Cerveza Corona,Cerveza,Mento Media,Shortlist,,/awards/fiap/2025/campaigns/corona-suntimer-cerveza-corona-el-taier-ddb-centro-2025-3/
FIAP,2025,Innovacion,Innovacion en Eventos-Experiencia,Corona Suntimer,El Taier DDB Centro,DDB Worldwide,Omnicom,Guatemala,Cerveceria Ambev,Cerveza Corona,Cerveza,Mento Media,Shortlist,,/awards/fiap/2025/campaigns/corona-suntimer-cerveza-corona-el-taier-ddb-centro-2025-4/
FIAP,2025,Innovacion,Innovacion en Activaciones,Corona Suntimer,El Taier DDB Centro,DDB Worldwide,Omnicom,Guatemala,Cerveceria Ambev,Cerveza Corona,Cerveza,Mento Media,Shortlist,,/awards/fiap/2025/campaigns/corona-suntimer-cerveza-corona-el-taier-ddb-centro-2025-5/
FIAP,2025,Innovacion,Innovacion en Marketing Directo,Corona Suntimer,El Taier DDB Centro,DDB Worldwide,Omnicom,Guatemala,Cerveceria Ambev,Cerveza Corona,Cerveza,Mento Media,Shortlist,,/awards/fiap/2025/campaigns/corona-suntimer-cerveza-corona-el-taier-ddb-centro-2025-6/
FIAP,2025,Innovacion,Innovacion en Plataformas Digitales,Leosapp,Filadelfia,Agencia Independiente,Agencia Independiente,Brasil,Sao Salvador Alimentos,Superfrango,Muslos Y Contramuslos De Pollo Deshuesados,Jnto,Shortlist,,/awards/fiap/2025/campaigns/leosapp-superfrango-filadelfia-2025/
FIAP,2025,Anuncios,Uso de Inteligencia Artificial,Leosapp,Filadelfia,Agencia Independiente,Agencia Independiente,Brasil,Sao Salvador Alimentos,Superfrango,Muslos Y Contramuslos De Pollo Deshuesados,Jnto,Shortlist,,/awards/fiap/2025/campaigns/leosapp-superfrango-filadelfia-2025-2/
FIAP,2025,Innovacion,Innovacion en Activaciones,Si Tu No Vas Viene Jim,Ernest,Agencia Independiente,Agencia Independiente,España,Duin Sports Club,Duin Sports Club,Duin Sports Club,La Remedios,Shortlist,,/awards/fiap/2025/campaigns/si-tu-no-vas-viene-jim-duin-sports-club-ernest-2025/
FIAP,2025,Innovacion,Innovacion en PR,Sorry Alex,Ernest,Agencia Independiente,Agencia Independiente,España,Turismo Y Deporte De Andalucia,Turismo Y Deporte De Andalucia,Turismo Y Deporte De Andalucia,La Remedios,Shortlist,,/awards/fiap/2025/campaigns/sorry-alex-turismo-y-deporte-de-andalucia-ernest-2025/
FIAP,2025,Anuncios,Mejor Uso de la Cultura Local,Sorry Alex,Ernest,Agencia Independiente,Agencia Independiente,España,Turismo Y Deporte De Andalucia,Turismo Y Deporte De Andalucia,Turismo Y Deporte De Andalucia,La Remedios,Shortlist,,/awards/fiap/2025/campaigns/sorry-alex-turismo-y-deporte-de-andalucia-ernest-2025-2/
FIAP,2025,Anuncios,Television - Cine - Digital - Alimentos - Comidas - Bebidas Alcoholicas - No Alcoholicas,Llevamos Mas Tiempo Aqui Que Lo Muy De Aqui,This Is Libre,Agencia Independiente,Agencia Independiente,España,Burger King España,Burger King,Burger King,Roma,Shortlist,,/awards/fiap/2025/campaigns/llevamos-mas-tiempo-aqui-que-lo-muy-de-aqui-burger-king-this-is-libre-2025/
FIAP,2025,Anuncios,Mejor Uso de la Cultura Local,Llevamos Mas Tiempo Aqui Que Lo Muy De Aqui,This Is Libre,Agencia Independiente,Agencia Independiente,España,Burger King España,Burger King,Burger King,Roma,Shortlist,,/awards/fiap/2025/campaigns/llevamos-mas-tiempo-aqui-que-lo-muy-de-aqui-burger-king-this-is-libre-2025-2/
FIAP,2025,Formatos,Advergaming,Bis?Controle,Bps Brand Partnership Studio,Amazon Serviços De Varejo Do Brasil Ltda,Amazon,Brasil,Mondelez Lacta Brasil,Lacta Bis,Bis,Brand Partnership Studio,Shortlist,,/awards/fiap/2025/campaigns/biscontrole-lacta-bis-bps-brand-partnership-studio-2025/
FIAP,2025,Formatos,Estudiantes,Amis7Ad Apas10Nada,Brother,Estudiantes,Estudiantes,Argentina,N-A,Schneider,Lata Schneider 710Ml,N-A,Shortlist,,/awards/fiap/2025/campaigns/amis7ad-apas10nada-schneider-brother-2025/
FIAP,2025,Innovacion,Estudiantes,Amis7Ad Apas10Nada,Brother,Estudiantes,Estudiantes,Argentina,N-A,Schneider,Lata Schneider 710Ml,N-A,Shortlist,,/awards/fiap/2025/campaigns/amis7ad-apas10nada-schneider-brother-2025-2/
FIAP,2025,Formatos,Advergaming,Pizza Pizza Voice Jumper,Digitas,Publicis Worldwide,Publicis Groupe,Guatemala,Coralsa - Little Caesars Guatemala,Little Caesars,Little Caesars,Pits Guatemala,Shortlist,,/awards/fiap/2025/campaigns/pizza-pizza-voice-jumper-little-caesars-digitas-2025-2/
FIAP,2025,Anuncios,Via Publica - Servicios,Saludo A Las Mamas,D4 Mccann,Mccann Worldgroup,IPG,Guatemala,Tecniscan,Tecniscan,Paquetes Especiales De Mamografias Y Ultrasonidos Mamarios,Impresion: Abg Publicidad,Shortlist,,/awards/fiap/2025/campaigns/saludo-a-las-mamas-tecniscan-d4-mccann-2025-2/
FIAP,2025,Anuncios,Grafica - Varios,Invertiria Como Ellos,Biedermann Mccann,Mccann Worldgroup,IPG,Paraguay,Valores Casa De Bolsa,Valores Casa De Bolsa,Alianza Inviu,Biedermann,Shortlist,,/awards/fiap/2025/campaigns/invertiria-como-ellos-valores-casa-de-bolsa-biedermann-mccann-2025-2/
FIAP,2025,Formatos,Estudiantes,Duo Grails,Miami Ad School,Estudiantes,Estudiantes,Mexico,Duolingo,Duolingo,Duo Grails,N-A,Shortlist,,/awards/fiap/2025/campaigns/duo-grails-duolingo-miami-ad-school-2025/
FIAP,2025,Formatos,Branded Content - Programa de Entretenimiento,Bis?Controle,Bps Brand Partnership Studio,Amazon Serviços De Varejo Do Brasil Ltda,Amazon,Brasil,Mondelez Lacta Brasil,Lacta Bis,Bis,Brand Partnership Studio,Shortlist,,/awards/fiap/2025/campaigns/biscontrole-lacta-bis-bps-brand-partnership-studio-2025-2/
FIAP,2025,Anuncios,Mejor Uso de la Cultura Local,Tim Block Pin,BETC Havas,Havas Creative,Havas,Brasil,Tim Telecom,Tim Telecom,Institucional,Zaine Filmes,Shortlist,,/awards/fiap/2025/campaigns/tim-block-pin-tim-telecom-betc-havas-2025-3/
FIAP,2025,Innovacion,Innovacion en Campañas Sobre Sostenibilidad,El Papel Que Regala Conciencia,Tombrasniña,Tombrasniña,Tombrasniña,Argentina,Mundo GEA,Mundo GEA,Parque De Atracciones,N-A,Shortlist,,/awards/fiap/2025/campaigns/el-papel-que-regala-conciencia-mundo-gea-tombrasnina-2025-2/
FIAP,2025,Produccion,Tecnicas de Produccion Digital - Diseño General,Emociones,Tombrasniña,Tombrasniña,Tombrasniña,Argentina,Parque De La Costa,Parque De La Costa,Parque De Atracciones,N-A,Shortlist,,/awards/fiap/2025/campaigns/emociones-parque-de-la-costa-tombrasnina-2025-2/
FIAP,2025,Produccion,Tecnicas de Produccion Grafica - Direccion de Arte,Emociones,Tombrasniña,Tombrasniña,Tombrasniña,Argentina,Parque De La Costa,Parque De La Costa,Parque De Atracciones,N-A,Shortlist,,/awards/fiap/2025/campaigns/emociones-parque-de-la-costa-tombrasnina-2025-3/
FIAP,2025,Formatos,Mejor Uso de Influencer en Cualquier Plataforma,The Test List,Tombrasniña,Tombrasniña,Tombrasniña,Argentina,Grupo Omint,Grupo Omint,Medicina Prepaga,Warner Music,Shortlist,,/awards/fiap/2025/campaigns/the-test-list-grupo-omint-tombrasnina-2025-8/
FIAP,2025,Anuncios,Television - Cine - Digital - Campañas Bien Publico,The Test List,Tombrasniña,Tombrasniña,Tombrasniña,Argentina,Grupo Omint,Grupo Omint,Medicina Prepaga,Warner Music,Shortlist,,/awards/fiap/2025/campaigns/the-test-list-grupo-omint-tombrasnina-2025-9/
FIAP,2025,Produccion,Tecnicas de Produccion Grafica - Direccion de Arte,El Papel Que Regala Conciencia,Tombrasniña,Tombrasniña,Tombrasniña,Argentina,Mundo GEA,Mundo GEA,Parque De Atracciones,N-A,Shortlist,,/awards/fiap/2025/campaigns/el-papel-que-regala-conciencia-mundo-gea-tombrasnina-2025-3/
FIAP,2025,Produccion,Tecnicas de Produccion Grafica - Direccion de Arte,Eclipsed Legacy,Tombrasniña,Tombrasniña,Tombrasniña,Argentina,Dante Robino,Dante Robino,Bebidas Alcoholicas,N-A,Shortlist,,/awards/fiap/2025/campaigns/eclipsed-legacy-dante-robino-tombrasnina-2025-3/
FIAP,2025,Produccion,Tecnicas de Produccion Audiovisual - Musica Adaptada - Musica Original - Diseño de Sonido - Canciones - Jingles - Audio Logo - Uso de Licencias,Ludopatia,VML,VML,WPP,Argentina,Telefonica,Movistar,Telecomunicaciones,Landia,Shortlist,,/awards/fiap/2025/campaigns/ludopatia-movistar-vml-2025-2/
FIAP,2025,Produccion,Tecnicas de Produccion Audiovisual - Direccion General,Overthinking,Lemon,Agencia Independiente,Agencia Independiente,Peru,Peru Rail,Peru Rail,Tren,Manzanon Films,Shortlist,,/awards/fiap/2025/campaigns/overthinking-peru-rail-lemon-2025-2/
FIAP,2025,Produccion,Tecnicas de Produccion Audiovisual - Direccion de Arte,Nave,Lemon,Agencia Independiente,Agencia Independiente,Peru,Win,Win,Win Tv,Manzanon Films,Shortlist,,/awards/fiap/2025/campaigns/nave-win-lemon-2025-3/
FIAP,2025,Anuncios,Uso Creativo del Espacio en Publicidad de Eventos,Habitaciones Que No Callan,Publicidad Comercial Mullenlowe,Mullenlowe Group,IPG,El Salvador,Movimiento De Valientes Latino America Y El Caribe,Movimiento De Valientes Latino America Y El Caribe,Movimiento De Valientes Latino America Y El Caribe,Mullenlowe Ssp3- Gaspar,Shortlist,,/awards/fiap/2025/campaigns/habitaciones-que-no-callan-movimiento-de-valientes-latino-america-y-el-caribe-publicidad-comercial-mullenlowe-2025-4/
FIAP,2025,Anuncios,Creatividad Efectiva - Bien Publico,Habitaciones Que No Callan,Publicidad Comercial Mullenlowe,Mullenlowe Group,IPG,El Salvador,Movimiento De Valientes Latino America Y El Caribe,Movimiento De Valientes Latino America Y El Caribe,Movimiento De Valientes Latino America Y El Caribe,Mullenlowe Ssp3- Gaspar,Shortlist,,/awards/fiap/2025/campaigns/habitaciones-que-no-callan-movimiento-de-valientes-latino-america-y-el-caribe-publicidad-comercial-mullenlowe-2025-5/
FIAP,2025,Innovacion,Innovacion en Eventos-Experiencia,Heinzterception,Teran,Tbwa Worldwide,Omnicom,Mexico,Kraft Heinz Mexico,Heinz,Core,Disco,Shortlist,,/awards/fiap/2025/campaigns/heinzterception-heinz-teran-2025-3/
FIAP,2025,Anuncios,Uso Creativo del Espacio en Publicidad de Eventos,BAR Pilsener,Draftline Abinbev,Abinbev,N-A,Ecuador,Ab-Inbev,Pilsener,Pilsener,Draftline Studios- Productora In-House,Shortlist,,/awards/fiap/2025/campaigns/bar-pilsener-pilsener-draftline-abinbev-2025-3/
FIAP,2025,Innovacion,New Business-Nuevos Negocios,37 Lenguas,Tombrasniña,Tombrasniña,Tombrasniña,Argentina,Grupo Dym - Saiv,37 Lenguas,Ron,N-A,Shortlist,,/awards/fiap/2025/campaigns/37-lenguas-37-lenguas-tombrasnina-2025-3/
FIAP,2025,Produccion,Tecnicas de Produccion Audiovisual - Direccion General,Unrepeatable Ads,Mullenlowe Delta,Mullenlowe Group,IPG,Ecuador,Guitig,Guitig,Guitig Sparkling Water,Ramona,Shortlist,,/awards/fiap/2025/campaigns/unrepeatable-ads-guitig-mullenlowe-delta-2025-4/
FIAP,2025,Innovacion,Innovacion en Outdoor-Via Publica-Ambient,Soundload Tutorials,Ariadna Communications Group,Ariadna,Ariadna Communications Group,Ecuador,Banco General Rumiñahui,Banco General Rumiñahui,Bgr Digital,Cat,Shortlist,,/awards/fiap/2025/campaigns/soundload-tutorials-banco-general-ruminahui-ariadna-communications-group-2025-2/
FIAP,2025,Anuncios,Grafica - Alimentos - Comidas - Bebidas Alcoholicas - No Alcoholicas,Unrepeatable Ads,Mullenlowe Delta,Mullenlowe Group,IPG,Ecuador,Guitig,Guitig,Guitig Sparkling Water,Ramona,Shortlist,,/awards/fiap/2025/campaigns/unrepeatable-ads-guitig-mullenlowe-delta-2025-5/
FIAP,2025,Produccion,Tecnicas de Produccion Audiovisual - Edicion,This Is Not A Game,VML,VML,WPP,Mexico,Telefonica,Movistar,Negocio Responsable,Landia,Shortlist,,/awards/fiap/2025/campaigns/this-is-not-a-game-movistar-vml-2025-9/
FIAP,2025,Innovacion,Innovacion en Redes Sociales,Te Lo Cuento Desde,Circo,Agencia Independiente,Agencia Independiente,Ecuador,Banco Guayaquil,Banco Guayaquil,Banco Guayaquil,La Gallera,Shortlist,,/awards/fiap/2025/campaigns/te-lo-cuento-desde-banco-guayaquil-circo-2025-2/
FIAP,2025,Anuncios,Transformacion Social - Empresas Privadas,#Subwaytrench,Dentsu Creative,Dentsu Group Inc,Dentsu Group,España,LOreal Paris España,LOreal,Standup,Storylab,Shortlist,,/awards/fiap/2025/campaigns/subwaytrench-loreal-dentsu-creative-2025-3/
FIAP,2025,Anuncios,Via Publica - Servicios,#Subwaytrench,Dentsu Creative,Dentsu Group Inc,Dentsu Group,España,LOreal Paris España,LOreal,Standup,Storylab,Shortlist,,/awards/fiap/2025/campaigns/subwaytrench-loreal-dentsu-creative-2025-4/
FIAP,2025,Anuncios,Television - Cine - Digital - Negocios al Publico,Lejitos,Publicidad Comercial Mullenlowe,Mullenlowe Group,IPG,Guatemala,Super 24,Super 24,Lejitos,El Studio,Shortlist,,/awards/fiap/2025/campaigns/lejitos-super-24-publicidad-comercial-mullenlowe-2025-3/
FIAP,2025,Anuncios,Mejor Uso de la Cultura Local,Protestart,Jsd Agency,Agencia Independiente,Agencia Independiente,Puerto Rico,Windmar Home,Windmar Home,Windmar Home,Raymesh Cintron - Sundries Productions,Shortlist,,/awards/fiap/2025/campaigns/protestart-windmar-home-jsd-agency-2025-2/
FIAP,2025,Produccion,Tecnicas de Produccion Audiovisual - Animacion Computarizada - Efectos Especiales,The Quest,AlmapBBDO,BBDO Worldwide,Omnicom,Brasil,Bradesco Seguros,Bradesco Seguros,Institutional,Don’T Touch My Soda,Shortlist,,/awards/fiap/2025/campaigns/the-quest-bradesco-seguros-almapbbdo-2025-3/
FIAP,2025,Produccion,Tecnicas de Produccion Audiovisual - Musica Adaptada - Musica Original - Diseño de Sonido - Canciones - Jingles - Audio Logo - Uso de Licencias,The Quest,AlmapBBDO,BBDO Worldwide,Omnicom,Brasil,Bradesco Seguros,Bradesco Seguros,Institutional,Don’T Touch My Soda,Shortlist,,/awards/fiap/2025/campaigns/the-quest-bradesco-seguros-almapbbdo-2025-4/
FIAP,2025,Innovacion,Innovacion en Outdoor-Via Publica-Ambient,"Reforested Billboard: ""La Lona Que Hizo Respirar Al Mundo""",El Hombre Del Paraguas,Agencia Independiente,Agencia Independiente,España,Tripictures -Amarillo Yellow,Tripictures,"Pelicula ""Emma Y El Jaguar Negro""",Sistema Del Solar,Shortlist,,/awards/fiap/2025/campaigns/reforested-billboard-la-lona-que-hizo-respirar-al-mundo-tripictures-el-hombre-del-paraguas-2025-2/
FIAP,2025,Produccion,Tecnicas de Produccion Audiovisual - Direccion General,The Quest,AlmapBBDO,BBDO Worldwide,Omnicom,Brasil,Bradesco Seguros,Bradesco Seguros,Institutional,Don’T Touch My Soda,Shortlist,,/awards/fiap/2025/campaigns/the-quest-bradesco-seguros-almapbbdo-2025-5/
FIAP,2025,Anuncios,Uso Creativo del Espacio en Publicidad de Eventos,Peru Conoce A Su Campeona,Tribeca Media,Agencia Independiente,Agencia Independiente,Peru,Plazavea,Plazavea,Plazavea,Canica Films,Shortlist,,/awards/fiap/2025/campaigns/peru-conoce-a-su-campeona-plazavea-tribeca-media-2025-4/
FIAP,2025,Anuncios,Transformacion Social - ONG,Habitaciones Que No Callan,Publicidad Comercial Mullenlowe,Mullenlowe Group,IPG,El Salvador,Movimiento De Valientes Latino America Y El Caribe,Movimiento De Valientes Latino America Y El Caribe,Movimiento De Valientes Latino America Y El Caribe,Mullenlowe Ssp3- Gaspar,Shortlist,,/awards/fiap/2025/campaigns/habitaciones-que-no-callan-movimiento-de-valientes-latino-america-y-el-caribe-publicidad-comercial-mullenlowe-2025-6/
FIAP,2025,Innovacion,Innovacion en Plataformas Digitales,Design Your Sleep While You Sleep,MRM,Mccann Worldgroup,IPG,España,Ikea,Ikea Family,Ikea Family,N-A,Shortlist,,/awards/fiap/2025/campaigns/design-your-sleep-while-you-sleep-ikea-family-mrm-2025-5/
FIAP,2025,Formatos,Own Media - Video Plataforma - Video,Anty Murphy´S Law Toast,MRM,Mccann Worldgroup,IPG,España,Opella-Enterogermina,Opella,Enterogermina,Cariño Contents,Shortlist,,/awards/fiap/2025/campaigns/anty-murphys-law-toast-opella-mrm-2025-3/
FIAP,2025,Formatos,Contenido con Mejor Estrategia Digital,Anty Murphy´S Law Toast,MRM,Mccann Worldgroup,IPG,España,Opella-Enterogermina,Opella,Enterogermina,Cariño Contents,Shortlist,,/awards/fiap/2025/campaigns/anty-murphys-law-toast-opella-mrm-2025-4/
FIAP,2025,Formatos,Cortos,Anty Murphy´S Law Toast,MRM,Mccann Worldgroup,IPG,España,Opella-Enterogermina,Opella,Enterogermina,Cariño Contents,Shortlist,,/awards/fiap/2025/campaigns/anty-murphys-law-toast-opella-mrm-2025-5/
FIAP,2025,Innovacion,Innovacion en Tecnologia,Free The Voices,LLYC,LLYC,N-A,España,Monoceros Labs,Monoceros Labs,Fonos,LLYC,Shortlist,,/awards/fiap/2025/campaigns/free-the-voices-monoceros-labs-llyc-2025-2/
FIAP,2025,Formatos,Online Video,Anty Murphy´S Law Toast,MRM,Mccann Worldgroup,IPG,España,Opella-Enterogermina,Opella,Enterogermina,Cariño Contents,Shortlist,,/awards/fiap/2025/campaigns/anty-murphys-law-toast-opella-mrm-2025-6/
FIAP,2025,Anuncios,Mejor Uso de la Cultura Local,Le Golle,Mccann Worldgroup,Mccann Worldgroup,IPG,Costa Rica,Gollo,Gollo,Gollo,N-A,Shortlist,,/awards/fiap/2025/campaigns/le-golle-gollo-mccann-worldgroup-2025-3/
FIAP,2025,Innovacion,Innovacion en Marketing Directo,Le Golle,Mccann Worldgroup,Mccann Worldgroup,IPG,Costa Rica,Gollo,Gollo,Gollo,N-A,Shortlist,,/awards/fiap/2025/campaigns/le-golle-gollo-mccann-worldgroup-2025-4/
FIAP,2025,Anuncios,Television - Cine - Digital - Automoviles,Rightsizing,Lopez Negrete Communcations,Agencia Independiente,Agencia Independiente,Usa,Hyundai Motor America,Hyundai,Tucson,Madre,Shortlist,,/awards/fiap/2025/campaigns/rightsizing-hyundai-lopez-negrete-communcations-2025-2/
FIAP,2025,Innovacion,Salud,Allevia Pollen Passport,MRM,Mccann Worldgroup,IPG,España,Opella-Allegra,Allegra,Allegra,N-A,Shortlist,,/awards/fiap/2025/campaigns/allevia-pollen-passport-allegra-mrm-2025-4/
FIAP,2025,Innovacion,Innovacion en Marketing Directo,Allevia Pollen Passport,MRM,Mccann Worldgroup,IPG,España,Opella-Allegra,Allegra,Allegra,N-A,Shortlist,,/awards/fiap/2025/campaigns/allevia-pollen-passport-allegra-mrm-2025-5/
FIAP,2025,Innovacion,Innovacion en Eventos-Experiencia,El Futbolin De Las Campeonas,Ernest,Agencia Independiente,Agencia Independiente,España,Abanca,Abanca,Abanca,La Remedios,Shortlist,,/awards/fiap/2025/campaigns/el-futbolin-de-las-campeonas-abanca-ernest-2025-2/
FIAP,2025,Innovacion,Innovacion en Activaciones,El Futbolin De Las Campeonas,Ernest,Agencia Independiente,Agencia Independiente,España,Abanca,Abanca,Abanca,La Remedios,Shortlist,,/awards/fiap/2025/campaigns/el-futbolin-de-las-campeonas-abanca-ernest-2025-3/
FIAP,2025,Produccion,Tecnicas de Produccion Audiovisual - Musica Adaptada - Musica Original - Diseño de Sonido - Canciones - Jingles - Audio Logo - Uso de Licencias,Anty Murphy´S Law Toast,MRM,Mccann Worldgroup,IPG,España,Opella-Enterogermina,Opella,Enterogermina,Cariño Contents,Shortlist,,/awards/fiap/2025/campaigns/anty-murphys-law-toast-opella-mrm-2025-7/
FIAP,2025,Formatos,Salud,Anty Murphy´S Law Toast,MRM,Mccann Worldgroup,IPG,España,Opella-Enterogermina,Opella,Enterogermina,Cariño Contents,Shortlist,,/awards/fiap/2025/campaigns/anty-murphys-law-toast-opella-mrm-2025-8/
FIAP,2025,Anuncios,Television - Cine - Digital - Higiene Domestica Personal - Belleza - Cosmetica - Perfumeria - Articulos Medicinales y Farmaceuticos,Anty Murphy´S Law Toast,MRM,Mccann Worldgroup,IPG,España,Opella-Enterogermina,Opella,Enterogermina,Cariño Contents,Shortlist,,/awards/fiap/2025/campaigns/anty-murphys-law-toast-opella-mrm-2025-9/
FIAP,2025,Anuncios,Television - Cine - Digital - Mejor Musica Incidental - Mejor Cancion Original - Mejor Direccion Musical,Anty Murphy´S Law Toast,MRM,Mccann Worldgroup,IPG,España,Opella-Enterogermina,Opella,Enterogermina,Cariño Contents,Shortlist,,/awards/fiap/2025/campaigns/anty-murphys-law-toast-opella-mrm-2025-10/
FIAP,2025,Anuncios,Mejor Diseño,Anty Murphy´S Law Toast,MRM,Mccann Worldgroup,IPG,España,Opella-Enterogermina,Opella,Enterogermina,Cariño Contents,Shortlist,,/awards/fiap/2025/campaigns/anty-murphys-law-toast-opella-mrm-2025-11/
FIAP,2025,Anuncios,Salud,Anty Murphy´S Law Toast,MRM,Mccann Worldgroup,IPG,España,Opella-Enterogermina,Opella,Enterogermina,Cariño Contents,Shortlist,,/awards/fiap/2025/campaigns/anty-murphys-law-toast-opella-mrm-2025-12/
FIAP,2025,Produccion,Tecnicas de Produccion Audiovisual - Direccion General,Anty Murphy´S Law Toast,MRM,Mccann Worldgroup,IPG,España,Opella-Enterogermina,Opella,Enterogermina,Cariño Contents,Shortlist,,/awards/fiap/2025/campaigns/anty-murphys-law-toast-opella-mrm-2025-13/
FIAP,2025,Produccion,Tecnicas de Produccion Audiovisual - Edicion,Anty Murphy´S Law Toast,MRM,Mccann Worldgroup,IPG,España,Opella-Enterogermina,Opella,Enterogermina,Cariño Contents,Shortlist,,/awards/fiap/2025/campaigns/anty-murphys-law-toast-opella-mrm-2025-14/
FIAP,2025,Produccion,Mejor Locucion Campaña-Mensaje Internacional - TV - Web - Redes,Anty Murphy´S Law Toast,MRM,Mccann Worldgroup,IPG,España,Opella-Enterogermina,Opella,Enterogermina,Cariño Contents,Shortlist,,/awards/fiap/2025/campaigns/anty-murphys-law-toast-opella-mrm-2025-15/
FIAP,2025,Innovacion,Innovacion en Tecnologia,Design Your Sleep While You Sleep,MRM,Mccann Worldgroup,IPG,España,Ikea,Ikea Family,Ikea Family,N-A,Shortlist,,/awards/fiap/2025/campaigns/design-your-sleep-while-you-sleep-ikea-family-mrm-2025-6/
FIAP,2025,Innovacion,Innovacion en Medios Impresos,A Volta Ao Mundo Em 80000 Km,DOm Solucoes Improvaveis,Grupo Om,Grupo Om,Brasil,Continental Pneus,Ultracontact,Ultracontact Tire,DOm Soluções Improvaveis  -  Ariadna Equador,Shortlist,,/awards/fiap/2025/campaigns/a-volta-ao-mundo-em-80000-km-ultracontact-dom-solucoes-improvaveis-2025-2/
FIAP,2025,Innovacion,Salud,Escape Room Soledad,Manifiesto,Agencia Independiente,Agencia Independiente,España,"Fundacion ""La Caixa""","Fundacion ""La Caixa""","Fundacion ""La Caixa""",Blua,Shortlist,,/awards/fiap/2025/campaigns/escape-room-soledad-fundacion-la-caixa-manifiesto-2025-3/
FIAP,2025,Anuncios,Creatividad Efectiva - Bien Publico,Good Max,La Despensa,Agencia Independiente,Agencia Independiente,España,Fundacion Sant Joan De Deu,Fundacion Sant Joan De Deu,Recaudacion Para La Investigacion Del Cancer Infantil,Antiestatico,Shortlist,,/awards/fiap/2025/campaigns/good-max-fundacion-sant-joan-de-deu-la-despensa-2025-2/
FIAP,2025,Innovacion,Innovacion en Eventos-Experiencia,Museo Cosplayer,Yoco Agency,Agencia Independiente,Agencia Independiente,Guatemala,Mcdonalds Guatemala,Mcdonalds,Salsa Chili Picante,Yoco,Shortlist,,/awards/fiap/2025/campaigns/museo-cosplayer-mcdonalds-yoco-agency-2025-2/
FIAP,2025,Produccion,Tecnicas de Produccion en PR,Museo Cosplayer,Yoco Agency,Agencia Independiente,Agencia Independiente,Guatemala,Mcdonalds Guatemala,Mcdonalds,Salsa Chili Picante,Yoco,Shortlist,,/awards/fiap/2025/campaigns/museo-cosplayer-mcdonalds-yoco-agency-2025-3/
FIAP,2025,Anuncios,Creatividad Efectiva - Bien Publico,Divine Donation,VML Norlop Ecuador,VML,WPP,Ecuador,Solca Sociedad De Lucha Contra El Cancer,Solca,Solca,"Mysticpoint
Acme
Swing Music",Shortlist,,/awards/fiap/2025/campaigns/divine-donation-solca-vml-norlop-ecuador-2025-2/
FIAP,2025,Anuncios,Television - Cine - Digital - Alimentos - Comidas - Bebidas Alcoholicas - No Alcoholicas,BAR Pilsener,Draftline Abinbev,Abinbev,N-A,Ecuador,Ab-Inbev,Pilsener,Pilsener,Draftline Studios- Productora In-House,Shortlist,,/awards/fiap/2025/campaigns/bar-pilsener-pilsener-draftline-abinbev-2025-4/
FIAP,2025,Formatos,Social Content,Art Hits,Tech And Soul,Tech And Soul,Tech And Soul,Brasil,B3,B3 Pinacoteca Kondzilla,B3 Cultura,Save This Name,Shortlist,,/awards/fiap/2025/campaigns/art-hits-b3-pinacoteca-kondzilla-tech-and-soul-2025-2/
FIAP,2025,Innovacion,Innovacion en Redes Sociales,Incomplete Ads,Mccann Worldgroup,Mccann Worldgroup,IPG,Panama,Nestle,Quesos Que Rico!,Quesos Que Rico!,Latido,Shortlist,,/awards/fiap/2025/campaigns/incomplete-ads-quesos-que-rico-mccann-worldgroup-2025-2/
FIAP,2025,Produccion,Mejor Locucion Idioma Extranjero - Excluye Español y Portugues,Cold Activated Announcers,Alma,DDB Worldwide,Omnicom,Usa,Molson Coors Beverage Company,Coors Light,Coors Light,Omnicom Production - Omnicom Studios - Crown Street Films - Animal Music,Shortlist,,/awards/fiap/2025/campaigns/cold-activated-announcers-coors-light-alma-2025-4/
FIAP,2025,Innovacion,Mejor Experiencia Interactiva y Creativa en Evento,DesafiA El Nuevo Desafio Pepsi,Becoming Mode & Nro3,Becoming Mode & Nro3,Becoming Mode & Nro3,Argentina,Pepsico,Pepsi,Pepsi Zero,Rebolucion & Macarena,Shortlist,,/awards/fiap/2025/campaigns/desafia-el-nuevo-desafio-pepsi-pepsi-becoming-mode-and-nro3-2025-3/
FIAP,2025,Anuncios,Mejor Uso de la Cultura Local,Nescafe Decaf Billboards,Star5 Creative Inc,Ogilvy,WPP,Panama,Nestle,Nescafe,Cafe Descafeinado,VFX,Shortlist,,/awards/fiap/2025/campaigns/nescafe-decaf-billboards-nescafe-star5-creative-inc-2025-6/
FIAP,2025,Formatos,Salud,Unboxer De Prevencion,Inbrax,Sab Marketing Connections,Agencia Independiente,Chile,Chilesincancer,Chilesincancer,Unboxer De Prevencion,Why Not Films,Shortlist,,/awards/fiap/2025/campaigns/unboxer-de-prevencion-chilesincancer-inbrax-2025-2/
FIAP,2025,Innovacion,Innovacion en Marketing Directo,Unboxer De Prevencion,Inbrax,Sab Marketing Connections,Agencia Independiente,Chile,Chilesincancer,Chilesincancer,Unboxer De Prevencion,Why Not Films,Shortlist,,/awards/fiap/2025/campaigns/unboxer-de-prevencion-chilesincancer-inbrax-2025-3/
FIAP,2025,Innovacion,Innovacion en Marketing Directo,Habitaciones Que No Callan,Publicidad Comercial Mullenlowe,Mullenlowe Group,IPG,El Salvador,Movimiento De Valientes Latino America Y El Caribe,Movimiento De Valientes Latino America Y El Caribe,Movimiento De Valientes Latino America Y El Caribe,Mullenlowe Ssp3- Gaspar,Shortlist,,/awards/fiap/2025/campaigns/habitaciones-que-no-callan-movimiento-de-valientes-latino-america-y-el-caribe-publicidad-comercial-mullenlowe-2025-7/
FIAP,2025,Innovacion,Innovacion en Eventos-Experiencia,Habitaciones Que No Callan,Publicidad Comercial Mullenlowe,Mullenlowe Group,IPG,El Salvador,Movimiento De Valientes Latino America Y El Caribe,Movimiento De Valientes Latino America Y El Caribe,Movimiento De Valientes Latino America Y El Caribe,Mullenlowe Ssp3- Gaspar,Shortlist,,/awards/fiap/2025/campaigns/habitaciones-que-no-callan-movimiento-de-valientes-latino-america-y-el-caribe-publicidad-comercial-mullenlowe-2025-8/
FIAP,2025,Innovacion,Innovacion en Outdoor-Via Publica-Ambient,A Unos Libros De Distancia,This Is Libre - Sound Of Connections,Agencia Independiente,Agencia Independiente,España,Casa Del Libro,Casa Del Libro,Casa Del Libro,Essencial Producciones,Shortlist,,/awards/fiap/2025/campaigns/a-unos-libros-de-distancia-casa-del-libro-this-is-libre-sound-of-connections-2025/
FIAP,2025,Innovacion,Innovacion en Television,Zero Runs = Pepsi Zero,Rosadotoledo&,Agencia Independiente,Agencia Independiente,Puerto Rico,Pepsi,Pepsi Zero,Pepsi Zero,Rosadotoledo&,Shortlist,,/awards/fiap/2025/campaigns/zero-runs-pepsi-zero-pepsi-zero-rosadotoledo-and-2025-2/
FIAP,2025,Innovacion,Innovacion en Eventos-Experiencia,Zero Runs = Pepsi Zero,Rosadotoledo&,Agencia Independiente,Agencia Independiente,Puerto Rico,Pepsi,Pepsi Zero,Pepsi Zero,Rosadotoledo&,Shortlist,,/awards/fiap/2025/campaigns/zero-runs-pepsi-zero-pepsi-zero-rosadotoledo-and-2025-3/
FIAP,2025,Formatos,Branded Content Integrado a Otras Plataformas,Entre Quejios,Ernest,Agencia Independiente,Agencia Independiente,España,Turismo Y Deporte De Andalucia,Turismo Y Deporte De Andalucia,Turismo Y Deporte De Andalucia,La Remedios Casa Limon La Joya,Shortlist,,/awards/fiap/2025/campaigns/entre-quejios-turismo-y-deporte-de-andalucia-ernest-2025-2/
FIAP,2025,Anuncios,Television - Cine - Digital - Mejor Musica Incidental - Mejor Cancion Original - Mejor Direccion Musical,Entre Quejios,Ernest,Agencia Independiente,Agencia Independiente,España,Turismo Y Deporte De Andalucia,Turismo Y Deporte De Andalucia,Turismo Y Deporte De Andalucia,La Remedios Casa Limon La Joya,Shortlist,,/awards/fiap/2025/campaigns/entre-quejios-turismo-y-deporte-de-andalucia-ernest-2025-3/
FIAP,2025,Anuncios,Creatividad Efectiva - Bien Publico,La Reserva Rosa,Rosadotoledo&,Agencia Independiente,Agencia Independiente,Puerto Rico,Liga Contra El Cancer,Liga Contra El Cancer,Clinica De La Liga Contra El Cancer,Cine 70 - Whisky,Shortlist,,/awards/fiap/2025/campaigns/la-reserva-rosa-liga-contra-el-cancer-rosadotoledo-and-2025-2/
FIAP,2025,Anuncios,Salud,La Reserva Rosa,Rosadotoledo&,Agencia Independiente,Agencia Independiente,Puerto Rico,Liga Contra El Cancer,Liga Contra El Cancer,Clinica De La Liga Contra El Cancer,Cine 70 - Whisky,Shortlist,,/awards/fiap/2025/campaigns/la-reserva-rosa-liga-contra-el-cancer-rosadotoledo-and-2025-3/
FIAP,2025,Anuncios,Mejor Uso de la Cultura Local,La Reserva Rosa,Rosadotoledo&,Agencia Independiente,Agencia Independiente,Puerto Rico,Liga Contra El Cancer,Liga Contra El Cancer,Clinica De La Liga Contra El Cancer,Cine 70 - Whisky,Shortlist,,/awards/fiap/2025/campaigns/la-reserva-rosa-liga-contra-el-cancer-rosadotoledo-and-2025-4/
FIAP,2025,Anuncios,Radio - Negocios al Publico,A Unos Libros De Distancia,This Is Libre - Sound Of Connections,Agencia Independiente,Agencia Independiente,España,Casa Del Libro,Casa Del Libro,Casa Del Libro,The Lobby,Shortlist,,/awards/fiap/2025/campaigns/a-unos-libros-de-distancia-casa-del-libro-this-is-libre-sound-of-connections-2025-2/
FIAP,2025,Anuncios,Uso Creativo del Espacio en Publicidad de Eventos,A Unos Libros De Distancia,This Is Libre - Sound Of Connections - Apple Tree,Agencia Independiente,Agencia Independiente,España,Casa Del Libro,Casa Del Libro,Casa Del Libro,Essencial Producciones,Shortlist,,/awards/fiap/2025/campaigns/a-unos-libros-de-distancia-casa-del-libro-this-is-libre-sound-of-connections-apple-tree-2025-3/
