Festival,Year,Award,Entrant,Entrant City,Country,Track,Sub category,Brand,Title,Corporate Name of Client,Agency,Agency City
LIA Awards,2025,Grand Prix,SERVICEPLAN GERMANY,Munich,GERMANY,Ambient Activation,,Rainbow Wool,Rainbow Wool,Schaferei Stucke,SERVICEPLAN GERMANY,Munich
LIA Awards,2025,Grand Prix,Apple Marcom Cupertino TBWA-Media Arts Lab,Los Angeles,UNITED STATES,Branded Content,,Apple,Submerged,Apple,TBWA-Media Arts Lab,Los Angeles
LIA Awards,2025,Grand Prix,McCann Paris,Paris,FRANCE,Branded Entertainment,,LOreal Paris,The Final Copy of Ilon Specht,LOreal Paris,McCann Paris Paris-McCann Worldgroup,New York
LIA Awards,2025,Grand Prix,AMVBBDO,London,UNITED KINGDOM,Creative Strategy,,Libresse-Bodyform,Livefearless - The Heart Guts Behind The Blood,Essity Bodyform,AMVBBDO,London
LIA Awards,2025,Grand Prix,ATimePlace,Melbourne,AUSTRALIA,Creative Use of Data,,Suzuki,The Suzuki Index,Suzuki Automotive,ATimePlace,Melbourne
LIA Awards,2025,Grand Prix,FP7 McCann,Dubai,UNITED ARAB EMIRATES,Creativity In B2B,,Puck,Recipe for Change,Arla Foods MEA,FP7 McCann,Dubai
LIA Awards,2025,Grand Prix,FCB New York,New York,UNITED STATES,Creativity In PR,,Hyundai Motor Company,Tree Correspondents,Hyundai Motor Company,FCB New York,New York
LIA Awards,2025,Grand Prix,FCB Chicago,Chicago,UNITED STATES,Design,,Caption with Intention,Caption with Intention,Rakish Entertainment,FCB Chicago,Chicago
LIA Awards,2025,Grand Prix,Ogilvy,Singapore,SINGAPORE,Direct,,Unilever - Vaseline,Vaseline Verified,Unilever PLC,Ogilvy Singapore,Singapore
LIA Awards,2025,Grand Prix,Publicis Conseil,Paris,FRANCE,Evolution,,AXA,Three Words,AXA,Publicis Conseil,Paris
LIA Awards,2025,Grand Prix,Ogilvy,Singapore,SINGAPORE,Health Wellness,,Unilever - Vaseline,Vaseline Verified,Unilever PLC,Ogilvy Singapore,Singapore
LIA Awards,2025,Grand Prix,AMVBBDO,London,UNITED KINGDOM,Health Wellness-Craft,,Essity-Bodyform,Never Just A Period,Essity Bodyform,AMVBBDO,London
LIA Awards,2025,Grand Prix,Publicis Conseil,Paris,FRANCE,Integration,,AXA,Three Words,AXA,Publicis Conseil,Paris
LIA Awards,2025,Grand Prix,HeimatTBWA- Germany,Berlin,GERMANY,Music Sound,,HORNBACH,No Project without Drama,HORNBACH Baumarkt AG,HeimatTBWA- Germany,Berlin
LIA Awards,2025,Grand Prix,Publicis Conseil,Paris,FRANCE,Non-Traditional,,AXA,Three Words,AXA,Publicis Conseil,Paris
LIA Awards,2025,Grand Prix,BBDO Bangkok,Bangkok,THAILAND,Online Film,,Five Star,Death of A Salesman,CPF Restaurant and Foods Chain CoLtd,BBDO Bangkok,Bangkok
LIA Awards,2025,Grand Prix,de la Cruz Ogilvy,Puerto Rico,PUERTO RICO,Package Design,,Alivia Health,Glowing Relief,Alivia Health,de la Cruz Ogilvy Puerto Rico-Ogilvy Health,New York
LIA Awards,2025,Grand Prix,de la Cruz Ogilvy,Puerto Rico,PUERTO RICO,Pharma Medical,,Alivia Health,Glowing Relief,Alivia Health,de la Cruz Ogilvy Puerto Rico-Ogilvy Health,New York
LIA Awards,2025,Grand Prix,Leo Dubai,Dubai,UNITED ARAB EMIRATES,Poster,,NBA India - The Great Indian Dunk,Jordan 23,NBA,Leo Dubai,Dubai
LIA Awards,2025,Grand Prix,HeimatTBWA- Germany,Berlin,GERMANY,Production Post-Production,,HORNBACH,No Project without Drama,HORNBACH Baumarkt AG,HeimatTBWA- Germany,Berlin
LIA Awards,2025,Grand Prix,Publicis Conseil,Paris,FRANCE,Transformative Business Impact,,AXA,Three Words,AXA,Publicis Conseil,Paris
LIA Awards,2025,Grand Prix,McCann Paris,Paris,FRANCE,TV Cinema,,LOreal Paris,The Final Copy of Ilon Specht,LOreal Paris,McCann Paris Paris-McCann Worldgroup,New York
LIA Awards,2025,Grand Prix,Ogilvy,Singapore,SINGAPORE,Use of Social Media Influencers,,Unilever - Vaseline,Vaseline Verified,Unilever PLC,Ogilvy Singapore,Singapore
LIA Awards,2025,Gold,Rethink,Toronto,CANADA,Ambient Activation,Use of Social Media,IKEA,U up,IKEA,Rethink,Toronto
LIA Awards,2025,Gold,SERVICEPLAN GERMANY,Munich,GERMANY,Ambient Activation,Creativity in Commerce,Rainbow Wool,Rainbow Wool,Schaferei Stucke,SERVICEPLAN GERMANY,Munich
LIA Awards,2025,Gold,Energy BBDO,Chicago,UNITED STATES,Ambient Activation,Political,Change The Ref,The Final Exam,Change The Ref,Energy BBDO,Chicago
LIA Awards,2025,Gold,Ogilvy Argentina,Buenos Aires,ARGENTINA,Audio Radio,Creativity in Commerce,Calm Is Simple,The Sound of Divorce,Calm es Simple,Ogilvy Argentina,Buenos Aires
LIA Awards,2025,Gold,DAVID,Madrid,SPAIN,Audio Radio,Craft Script Writing,Fusion,High Energy Intern,AMBEV Fusion Energy,DAVID,Madrid
LIA Awards,2025,Gold,Leo Dubai,Dubai,UNITED ARAB EMIRATES,Billboard,Craft Photography Campaign,NBA India - The Great Indian Dunk,Jordan 23 Kobe 08 Lebron 06 Shaq 34,NBA,Leo Dubai,Dubai
LIA Awards,2025,Gold,VCCP,London,UNITED KINGDOM,Billboard,Craft Copywriting Campaign,Cadbury Dairy Milk,Who Cooked Flights Duvet Subscription Who Drove Group Chat Slides Birthdays,Mondelez International,VCCP,London
LIA Awards,2025,Gold,VCCP,London,UNITED KINGDOM,Billboard,Foods Campaign,Cadbury Dairy Milk,Who Cooked Flights Duvet Subscription Who Drove Group Chat Slides Birthdays,Mondelez International,VCCP,London
LIA Awards,2025,Gold,Apple Marcom Cupertino TBWA-Media Arts Lab,Los Angeles,UNITED STATES,Branded Content,Virtual Reality,Apple,Submerged,Apple,TBWA-Media Arts Lab,Los Angeles
LIA Awards,2025,Gold,Ogilvy,New York,UNITED STATES,Branded Content,Online Series,San Pellegrino CIAO,With Love Italy,Nestle,Ogilvy,New York
LIA Awards,2025,Gold,Monks,Buenos Aires,ARGENTINA,Branded Entertainment,Creative Use of Data,Netflix,Sennas Cut,Netflix Latam,Monks,Buenos Aires
LIA Awards,2025,Gold,McCann Paris,Paris,FRANCE,Branded Entertainment,Brand IP,LOreal Paris,The Final Copy of Ilon Specht,LOreal Paris,McCann Paris Paris-McCann Worldgroup,New York
LIA Awards,2025,Gold,McCann Paris,Paris,FRANCE,Branded Entertainment,Documentary Short Film,LOreal Paris,The Final Copy of Ilon Specht,LOreal Paris,McCann Paris Paris-McCann Worldgroup,New York
LIA Awards,2025,Gold,LePub Mexico City,Mexico City,MEXICO,Branded Entertainment,Experiential and Events,Tecate Light,Gulf of Mexico Bar,Heineken Group,LePub Mexico City,Mexico City
LIA Awards,2025,Gold,Motion Sickness,Auckland,NEW ZEALAND,Branded Entertainment,Online Episodes and Specials Series,The New Zealand Herpes Foundation,Make New Zealand The Best Place In The World To Have Herpes,The New Zealand Herpes Foundation,Motion Sickness,Auckland
LIA Awards,2025,Gold,Apple Marcom Cupertino TBWA-Media Arts Lab,Los Angeles,UNITED STATES,Branded Entertainment,Virtual Reality,Apple,Submerged,Apple,TBWA-Media Arts Lab,Los Angeles
LIA Awards,2025,Gold,AlmapBBDO,Sao Paulo,BRAZIL,Creative Strategy,Cultural Insight,Pedigree,Pedigree Caramelo,Mars,AlmapBBDO,Sao Paulo
LIA Awards,2025,Gold,Rethink,Toronto,CANADA,Creative Strategy,Breaking Sector Convention,Molson Coors,Paid Through Parents,Molson Coors Beverage Company,Rethink,Toronto
LIA Awards,2025,Gold,Rethink,Toronto,CANADA,Creative Strategy,CPG-FMCG,Molson Coors,Paid Through Parents,Molson Coors Beverage Company,Rethink,Toronto
LIA Awards,2025,Gold,DDB Colombia,Bogota,COLOMBIA,Creative Strategy,Creative Use of Data,Procolombia,Humanimal Tourism,Jorge Ivan Rueda,DDB Colombia,Bogota
LIA Awards,2025,Gold,Publicis Conseil,Paris,FRANCE,Creative Strategy,Breaking Sector Convention,AXA,Three Words,AXA,Publicis Conseil,Paris
LIA Awards,2025,Gold,Publicis Conseil,Paris,FRANCE,Creative Strategy,Finance,AXA,Three Words,AXA,Publicis Conseil,Paris
LIA Awards,2025,Gold,McCann Paris,Paris,FRANCE,Creative Strategy,Branded Entertainment,LOreal Paris,The Final Copy of Ilon Specht,LOreal Paris,McCann Paris Paris-McCann Worldgroup,New York
LIA Awards,2025,Gold,Ogilvy,Singapore,SINGAPORE,Creative Strategy,Use of Social Media,Unilever - Vaseline,Vaseline Verified,Unilever PLC,Ogilvy Singapore,Singapore
LIA Awards,2025,Gold,Ogilvy UK,London,UNITED KINGDOM,Creative Strategy,Long-term Creative Strategy-Effectiveness,Dove,Real Beauty How A Soap Brand Created A Global Self-Esteem Movement,Unilever,Ogilvy UK,London
LIA Awards,2025,Gold,AMVBBDO,London,UNITED KINGDOM,Creative Strategy,Beauty Well-being,Essity - Bodyform,Never Just A Period,Essity Bodyform,AMVBBDO,London
LIA Awards,2025,Gold,AMVBBDO,London,UNITED KINGDOM,Creative Strategy,Long-term Creative Strategy-Effectiveness,Libresse-Bodyform,Livefearless - The Heart Guts Behind The Blood,Essity Bodyform,AMVBBDO,London
LIA Awards,2025,Gold,The Kitchen North America,Chicago,UNITED STATES,Creative Strategy,Partnership Collaboration,Heinz Mustard,Heinz Mustard x Mustard,Kraft Heinz,Cashmere Los Angeles-The Kitchen North America,Chicago
LIA Awards,2025,Gold,McCann NY,New York,UNITED STATES,Creative Strategy,Cultural Insight,Last Prisoner Project,The Pen to Right History,Last Prisoner Project,McCann NY,New York
LIA Awards,2025,Gold,ATimePlace,Melbourne,AUSTRALIA,Creative Use of Data,Data-Led Creativity,Suzuki,The Suzuki Index,Suzuki Automotive,ATimePlace,Melbourne
LIA Awards,2025,Gold,VML,Dubai,UNITED ARAB EMIRATES,Creative Use of Data,Social-Powered Data,HungerStation,The Social Feed,HungerStation,VML,Dubai
LIA Awards,2025,Gold,Amazon XCM,Santa Monica,UNITED STATES,Creative Use of Data,Data-Led Creativity,Amazon,5-Star Theater with Adam Driver,Amazon,,
LIA Awards,2025,Gold,MRM Germany,Frankfurt,GERMANY,Creativity In B2B,Financial Services,Life Donor Card,Life Donor Card,Mastercard,MRM GERMANY,Frankfurt
LIA Awards,2025,Gold,McCann Worldgroup,Athens,GREECE,Creativity In B2B,Best Local Market,Wikifarmer,The Wedding Rice,Wikifarmer,McCann Worldgroup,Athens
LIA Awards,2025,Gold,LePub,Milan,ITALY,Creativity In B2B,Recruitment,Heineken,Pub Succession,Heineken,LePub Milan-Publicis Dublin,Dublin
LIA Awards,2025,Gold,David,Madrid,SPAIN,Creativity In B2B,Best Regional-National Market,Coca-Cola,Shades of Red,The Coca Cola Company,DAVID,Madrid
LIA Awards,2025,Gold,FP7 McCann,Dubai,UNITED ARAB EMIRATES,Creativity In B2B,Sustainability SDG,Puck,Recipe for Change,Arla Foods MEA,FP7 McCann,Dubai
LIA Awards,2025,Gold,DAVID,Sao Paulo,BRAZIL,Creativity In Media,Use of TV and Other Screens,Heinz,Im Still Here Too,Kraft Heinz,DAVID,Sao Paulo
LIA Awards,2025,Gold,Rethink,Toronto,CANADA,Creativity In Media,Use of Branded Entertainment Content,Kraft Heinz,Cant Unsee It,Kraft Heinz,Rethink,Toronto
LIA Awards,2025,Gold,Ogilvy,Santo Domingo,DOMINICAN REPUBLIC,Creativity In Media,Corporate Purpose-Social Responsibility,Chevrolet,Night Signals,Santo Domingo Motors,Ogilvy,Santo Domingo
LIA Awards,2025,Gold,Ogilvy,Santo Domingo,DOMINICAN REPUBLIC,Creativity In Media,Use of Outdoor,Chevrolet,Night Signals,Santo Domingo Motors,Ogilvy,Santo Domingo
LIA Awards,2025,Gold,Ogilvy,Bengaluru,INDIA,Creativity In Media,Health Pharma,Eye,Eye Test Menu,Titan Company Limited,Ogilvy Bengaluru-Ogilvy,Mumbai
LIA Awards,2025,Gold,LePub Mexico City,Mexico City,MEXICO,Creativity In Media,Use of Events and Stunts,Tecate Light,Gulf of Mexico Bar,Heineken Group,LePub Mexico City,Mexico City
LIA Awards,2025,Gold,DAVID,Madrid,SPAIN,Creativity In Media,B2B,Coca-Cola,Shades of Red,The Coca Cola Company,DAVID,Madrid
LIA Awards,2025,Gold,Zenith,Detroit,UNITED STATES,Creativity In Media,Banking Finance,Rocket,First Ever LIVE Commercial Crossover,Rocket,Mirimar,Venica
LIA Awards,2025,Gold,Ogilvy Australia,,AUSTRALIA,Creativity In PR,Best Local-Regional-National Market,TCCC,Meet me at the Coke Sign,TCCC,Ogilvy,Australia
LIA Awards,2025,Gold,Publicis Conseil,Paris,FRANCE,Creativity In PR,Best Local-Regional-National Market,AXA,Three Words,AXA,Publicis Conseil,Paris
LIA Awards,2025,Gold,Publicis Conseil,Paris,FRANCE,Creativity In PR,Best Product Launch,AXA,Three Words,AXA,Publicis Conseil,Paris
LIA Awards,2025,Gold,Publicis Conseil,Paris,FRANCE,Creativity In PR,Corporate Purpose-Social Responsibility,AXA,Three Words,AXA,Publicis Conseil,Paris
LIA Awards,2025,Gold,McCann Paris,Paris,FRANCE,Creativity In PR,Corporate Purpose-Social Responsibility,LOreal Paris,The Final Copy of Ilon Specht,LOreal Paris,McCann Paris Paris-McCann Worldgroup,New York
LIA Awards,2025,Gold,INNOCEAN,Seoul,KOREA,Creativity In PR,Automotive,IONIQ,Night Fishing,Hyundai Motor Company,INNOCEAN,Seoul
LIA Awards,2025,Gold,INNOCEAN,Seoul,KOREA,Creativity In PR,Best Use of Strategic Partnership,IONIQ,Night Fishing,Hyundai Motor Company,INNOCEAN,Seoul
LIA Awards,2025,Gold,LePub Mexico City,Mexico City,MEXICO,Creativity In PR,Best Local-Regional-National Market,Tecate Light,Gulf of Mexico Bar,Heineken Group,LePub Mexico City,Mexico City
LIA Awards,2025,Gold,LePub Mexico City,Mexico City,MEXICO,Creativity In PR,Best Product Launch,Tecate Light,Gulf of Mexico Bar,Heineken Group,LePub Mexico City,Mexico City
LIA Awards,2025,Gold,LePub Mexico City,Mexico City,MEXICO,Creativity In PR,Best Use of Events and Stunts,Tecate Light,Gulf of Mexico Bar,Heineken Group,LePub Mexico City,Mexico City
LIA Awards,2025,Gold,Ogilvy,Singapore,SINGAPORE,Creativity In PR,Best Use of Social Media,Unilever - Vaseline,Vaseline Verified,Unilever PLC,Ogilvy Singapore,Singapore
LIA Awards,2025,Gold,Ogilvy,Singapore,SINGAPORE,Creativity In PR,Best Use of Strategic Partnership,Unilever - Vaseline,Vaseline Verified,Unilever PLC,Ogilvy Singapore,Singapore
LIA Awards,2025,Gold,VCCP,London,UNITED KINGDOM,Creativity In PR,Technology,O2,Daisy vs Scammers,Virgin Media O2,VCCP,
LIA Awards,2025,Gold,McCann London,London,UNITED KINGDOM,Creativity In PR,Entertainment,Xbox,The Cheeky Controller,Xbox,McCann London,London
LIA Awards,2025,Gold,Energy BBDO,Chicago,UNITED STATES,Creativity In PR,Best Local-Regional-National Market,Change The Ref,The Final Exam,Change The Ref,Energy BBDO,Chicago
LIA Awards,2025,Gold,Energy BBDO,Chicago,UNITED STATES,Creativity In PR,Public and Political Affairs,Change The Ref,The Final Exam,Change The Ref,Energy BBDO,Chicago
LIA Awards,2025,Gold,Energy BBDO,Chicago,UNITED STATES,Creativity In PR,Public Service-Charity-NGO,Change The Ref,The Final Exam,Change The Ref,Energy BBDO,Chicago
LIA Awards,2025,Gold,The Kitchen North America,Chicago,UNITED STATES,Creativity In PR,Best Use of Strategic Partnership,Heinz Mustard,Heinz Mustard x Mustard,Kraft Heinz,Cashmere Los Angeles-The Kitchen North America,Chicago
LIA Awards,2025,Gold,The Kitchen North America,Chicago,UNITED STATES,Creativity In PR,Food and Beverage,Heinz Mustard,Heinz Mustard x Mustard,Kraft Heinz,Cashmere Los Angeles-The Kitchen North America,Chicago
LIA Awards,2025,Gold,FCB New York,New York,UNITED STATES,Creativity In PR,Corporate Purpose-Social Responsibility,Hyundai Motor Company,Tree Correspondents,Hyundai Motor Company,FCB New York,New York
LIA Awards,2025,Gold,FCB New York,New York,UNITED STATES,Creativity In PR,Media Relations,Hyundai Motor Company,Tree Correspondents,Hyundai Motor Company,FCB New York,New York
LIA Awards,2025,Gold,Edelman,New York,UNITED STATES,Creativity In PR,Challenger Brand,Progresso,Progresso Soup Drops,General Mills Inc,Edelman,Chicago
LIA Awards,2025,Gold,Edelman,New York,UNITED STATES,Creativity In PR,Food and Beverage,Progresso,Progresso Soup Drops,General Mills Inc,Edelman,Chicago
LIA Awards,2025,Gold,BBDO China,Shanghai,CHINA,Design,Point-of-Sale,Harbin Beer,The Harbin Back Rack Hack,Anheuser-Busch InBev,BBDO China,Shanghai
LIA Awards,2025,Gold,Ogilvy Shanghai,Shanghai,CHINA,Design,Craft Photography Campaign,Viatris - Make Love Last,The Bedroom The Hotel Room The Living Room,Viatris,Ogilvy Shanghai,Shanghai
LIA Awards,2025,Gold,DAVID,Bogota,COLOMBIA,Design,Challenger Brand,Aguila,Brand of the Match,AB INBEV,DAVID,Bogota
LIA Awards,2025,Gold,W Conran Design,Boulogne-Billancourt,FRANCE,Design,Craft Art Direction,COJOP 2024,Paris 2024 - Designing Paris,COJOP 2024,W Conran Design,Boulogne-Billancourt
LIA Awards,2025,Gold,W Conran Design,Boulogne-Billancourt,FRANCE,Design,Spatial Design,COJOP 2024,Paris 2024 - Designing Paris,COJOP 2024,W Conran Design,Boulogne-Billancourt
LIA Awards,2025,Gold,Dentsu Inc,Tokyo,JAPAN,Design,Craft Art Direction Campaign,NIKKA WHISKY - No Labels,Bar Space Bar Tools Lifestyle Goods,ASAHI BREWERIES LTD-THE NIKKA WHISKY DISTILLING CO LTD,Dentsu Inc,Tokyo
LIA Awards,2025,Gold,VCCP,London,UNITED KINGDOM,Design,Craft Motion Graphics - Animation,Co-op,Owned By You Right By You,Co-op,VCCP,London
LIA Awards,2025,Gold,Wolff Olins,London,UNITED KINGDOM,Design,Best Local Market,Lloyds,A Next Step Forward,Lloyds Banking Group,,
LIA Awards,2025,Gold,Wolff Olins,London,UNITED KINGDOM,Design,Logos,Lloyds,A Next Step Forward,Lloyds Banking Group,,
LIA Awards,2025,Gold,Wolff Olins,London,UNITED KINGDOM,Design,Rebrand,Lloyds,A Next Step Forward,Lloyds Banking Group,,
LIA Awards,2025,Gold,MullenLowe US,New York,UNITED STATES,Design,Craft Visual Design Campaign,Art Directors Club,Be Seen by the Best Eyes Campaign,The One Club for Creativity,MullenLowe US,New York
LIA Awards,2025,Gold,FCB Chicago,Chicago,UNITED STATES,Design,Innovative Use of Design,Caption with Intention,Caption with Intention,Rakish Entertainment,FCB Chicago,Chicago
LIA Awards,2025,Gold,VCCP,London,UNITED KINGDOM,Digital,Corporate Purpose-Social Responsibility,O2,Daisy vs Scammers,Virgin Media O2,VCCP,
LIA Awards,2025,Gold,Energy BBDO,Chicago,UNITED STATES,Digital,Public Service-Charity-NGO,Change The Ref,The Final Exam,Change The Ref,Energy BBDO,Chicago
LIA Awards,2025,Gold,VML,New York,UNITED STATES,Digital,Creativity in Commerce,Ziploc,Preserved Promos,SC Johnson,VML New York-Obviously,New York
LIA Awards,2025,Gold,Leo Australia,Sydney,AUSTRALIA,Direct,Digital,Suncorp Insurance,Suncorp Haven,Suncorp Insurance,Leo Australia,Sydney
LIA Awards,2025,Gold,MRM Brazil,Sao Paulo,BRAZIL,Direct,Innovation,Mastercard,Makeup Payment,Mastercard,MRM Brazil,Sao Paulo
LIA Awards,2025,Gold,MRM Germany,Frankfurt,GERMANY,Direct,B2B,Life Donor Card,Life Donor Card,Mastercard,MRM GERMANY,Frankfurt
LIA Awards,2025,Gold,SERVICEPLAN GERMANY,Munich,GERMANY,Direct,Out of Home - Instore and Transit,PENNY,Price Packs,PENNY,SERVICEPLAN GERMANY,Munich
LIA Awards,2025,Gold,Ogilvy,Singapore,SINGAPORE,Direct,Use of Social Media,Unilever - Vaseline,Vaseline Verified,Unilever PLC,Ogilvy Singapore,Singapore
LIA Awards,2025,Gold,FCB Chicago,Chicago,UNITED STATES,Direct,Craft Visual Design,Caption with Intention,Caption with Intention,Rakish Entertainment,FCB Chicago,Chicago
LIA Awards,2025,Gold,McCann NY,New York,UNITED STATES,Direct,Creativity on a Budget,Last Prisoner Project,The Pen to Right History,Last Prisoner Project,McCann NY,New York
LIA Awards,2025,Gold,Publicis Conseil,Paris,FRANCE,Evolution,Brand Action,AXA,Three Words,AXA,Publicis Conseil,Paris
LIA Awards,2025,Gold,LePub Mexico City,Mexico City,MEXICO,Evolution,Brand Action,Tecate Light,Gulf of Mexico Bar,Heineken Group,LePub Mexico City,Mexico City
LIA Awards,2025,Gold,Ogilvy,Singapore,SINGAPORE,Evolution,Use of Social Media,Unilever - Vaseline,Vaseline Verified,Unilever PLC,Ogilvy Singapore,Singapore
LIA Awards,2025,Gold,Leo Sweden,Stockholm,SWEDEN,Evolution,Creativity in Commerce,Elgiganten,GamePay,Elkjoep - Curries,Leo Sweden,Stockholm
LIA Awards,2025,Gold,FCB Canada,Toronto,CANADA,Health Wellness,Public Service-Charity-NGO,SickKids Foundation,The Count,SickKids Foundation,FCB,Toronto
LIA Awards,2025,Gold,Havas Paris,Puteaux,FRANCE,Health Wellness,Tech and Personal Devices,Streetco,StreetNav,StreetCo,Havas Paris,Puteaux
LIA Awards,2025,Gold,DDB Mudra Group,Mumbai,INDIA,Health Wellness,Education and Services,Stayfree,Son Get Stayfree,Kenvue,DDB Mudra Group,Mumbai
LIA Awards,2025,Gold,Motion Sickness,Auckland,NEW ZEALAND,Health Wellness,Education and Services Campaign,The New Zealand Herpes Foundation,Make New Zealand The Best Place in the World to Have Herpes,The New Zealand Herpes Foundation,Motion Sickness,Auckland
LIA Awards,2025,Gold,Ogilvy,Singapore,SINGAPORE,Health Wellness,Use of Social Media Campaign,Unilever - Vaseline,Vaseline Verified,Unilever PLC,Ogilvy Singapore,Singapore
LIA Awards,2025,Gold,Klick Health,Toronto,CANADA,Health Wellness-Craft,Stop-Frame Animation,Second Nurture,18 Months,Second Nurture,Klick Health,Toronto
LIA Awards,2025,Gold,FCB Canada,Toronto,CANADA,Health Wellness-Craft,Direction,SickKids Foundation,The Count,SickKids Foundation,FCB,Toronto
LIA Awards,2025,Gold,FCB Canada,Toronto,CANADA,Health Wellness-Craft,Editing,SickKids Foundation,The Count,SickKids Foundation,FCB,Toronto
LIA Awards,2025,Gold,FCB Canada,Toronto,CANADA,Health Wellness-Craft,Performance-Casting,SickKids Foundation,The Count,SickKids Foundation,FCB,Toronto
LIA Awards,2025,Gold,FCB Canada,Toronto,CANADA,Health Wellness-Craft,Sound Design,SickKids Foundation,The Count,SickKids Foundation,FCB,Toronto
LIA Awards,2025,Gold,AMVBBDO,London,UNITED KINGDOM,Health Wellness-Craft,Art Direction,Essity-Bodyform,Never Just A Period,Essity Bodyform,AMVBBDO,London
LIA Awards,2025,Gold,AMVBBDO,London,UNITED KINGDOM,Health Wellness-Craft,Direction,Essity-Bodyform,Never Just A Period,Essity Bodyform,AMVBBDO,London
LIA Awards,2025,Gold,AMVBBDO,London,UNITED KINGDOM,Health Wellness-Craft,Editing,Essity-Bodyform,Never Just A Period,Essity Bodyform,AMVBBDO,London
LIA Awards,2025,Gold,AMVBBDO,London,UNITED KINGDOM,Health Wellness-Craft,Music Adaptation - Song,Essity-Bodyform,Never Just A Period,Essity Bodyform,AMVBBDO,London
LIA Awards,2025,Gold,AMVBBDO,London,UNITED KINGDOM,Health Wellness-Craft,Production Design,Essity-Bodyform,Never Just A Period,Essity Bodyform,AMVBBDO,London
LIA Awards,2025,Gold,AMVBBDO,London,UNITED KINGDOM,Health Wellness-Craft,Sound Design,Essity-Bodyform,Never Just A Period,Essity Bodyform,AMVBBDO,London
LIA Awards,2025,Gold,Area 23 an IPG Health Company,New York,UNITED STATES,Health Wellness-Craft,UI - User Interface Navigation,Equality Health Foundation,Zip Code Exam,Equality Health Foundation,Area 23 an IPG Health Company,New York
LIA Awards,2025,Gold,Area 23 an IPG Health Company,New York,UNITED STATES,Health Wellness-Craft,Music Adaptation - Song,Mollies Fund - Mollies Melanoma Awareness,You Are My Sunshine - Film,Mollies Fund,Area 23 an IPG Health Company,New York
LIA Awards,2025,Gold,Leo Australia,Sydney,AUSTRALIA,Integration,Creative Use of Data,Suncorp Insurance,Suncorp Haven,Suncorp Insurance,Leo Australia,Sydney
LIA Awards,2025,Gold,Rethink,Toronto,CANADA,Integration,Beverages,Molson Coors,Paid Through Parents,Molson Coors Beverage Company,Rethink,Toronto
LIA Awards,2025,Gold,Publicis Conseil,Paris,FRANCE,Integration,Corporate Purpose-Social Responsibility,AXA,Three Words,AXA,Publicis Conseil,Paris
LIA Awards,2025,Gold,Havas Play,Puteaux,FRANCE,Integration,Fashion Accessories,LVMH,The Partnership That Changed Everything,LVMH,Havas Play - Havas Events - Havas Paris,Puteaux
LIA Awards,2025,Gold,SERVICEPLAN GERMANY,Munich,GERMANY,Integration,Best Regional-National Market,Herconomy,Breastmilk Money,Herconomy,SERVICEPLAN GERMANY,Munich
LIA Awards,2025,Gold,Motion Sickness,Auckland,NEW ZEALAND,Integration,Health Pharma,The New Zealand Herpes Foundation,Make New Zealand The Best Place In The World To Have Herpes,The New Zealand Herpes Foundation,Motion Sickness,Auckland
LIA Awards,2025,Gold,Ogilvy,Singapore,SINGAPORE,Integration,Use of Social Media,Unilever - Vaseline,Vaseline Verified,Unilever PLC,Ogilvy Singapore,Singapore
LIA Awards,2025,Gold,DAVID New York,New York,UNITED STATES,Integration,Best Use of Real Time Advertising,Clash of Clans,Clash the WWE,Supercell,DAVID New York,New York
LIA Awards,2025,Gold,HeimatTBWA- Germany,Berlin,GERMANY,Music Sound,Sound Editing,HORNBACH,No Project without Drama,HORNBACH Baumarkt AG,HeimatTBWA- Germany,Berlin
LIA Awards,2025,Gold,BigTime Creative Shop,Riyadh,SAUDI ARABIA,Music Sound,Music Adaptation - Song,General Entertainment Authority,Obsession,General Entertainment Authority,BigTime Creative Shop,Riyadh
LIA Awards,2025,Gold,AMVBBDO,London,UNITED KINGDOM,Music Sound,Music Adaptation - Instrumental,Essity-Bodyform,Never Just a Period,Essity Bodyform,AMVBBDO,London
LIA Awards,2025,Gold,750mph,London,UNITED KINGDOM,Music Sound,Sound Mixing,Riyadh Season,Fury vs Usyk,Riyadh Season,BigTime Creative Shop,Riyadh
LIA Awards,2025,Gold,750mph,London,UNITED KINGDOM,Music Sound,Sound Mixing,Riyadh Season,Call Of The Kings,Riyadh Season,BigTime Creative Shop,Riyadh
LIA Awards,2025,Gold,The Music Playground,New York,UNITED STATES,Music Sound,Original Music with Lyrics,LifeBridge Health,Stop The Iron Pipeline,LifeBridge Health,Strawberry Frog,New York
LIA Awards,2025,Gold,FCB Health New York an IPG Health Company,New York,UNITED STATES,Music Sound,Use of Licensed Music,SAFE Project,The Snowball,SAFE Project,FCB Health New York an IPG Health Company,New York
LIA Awards,2025,Gold,Sound Lounge,New York,UNITED STATES,Music Sound,Sound Mixing,Tonal,Future of Fitness,Quality Experience,Quality Experience,New York
LIA Awards,2025,Gold,LePub,Milan,ITALY,Music Video,Best Music Video,Desperados,Guao Guao,Desperados,LePub,Milan
LIA Awards,2025,Gold,TBWA-Media Arts Lab,Los Angeles,UNITED STATES,Music Video,Production Design,Ivan Cornejo,Intercambio Injusto,Apple,TBWA-Media Arts Lab,LATAM
LIA Awards,2025,Gold,PRETTYBIRD,Culver City,UNITED STATES,Music Video,Direction,Kendrick Lamar,Squabble Up,Kendrick Lamar,,
LIA Awards,2025,Gold,Publicis Conseil,Paris,FRANCE,Non-Traditional,Corporate Purpose-Social Responsibility,AXA,Three Words,AXA,Publicis Conseil,Paris
LIA Awards,2025,Gold,BETC,Paris,FRANCE,Non-Traditional,Live Events - Beyond Advertising,EDF,The Flame That Wasnt A Flame,EDF,BETC,Paris
LIA Awards,2025,Gold,Saatchi Saatchi France,Paris,FRANCE,Non-Traditional,Creativity on a Budget,Omni,Omnilivery,Omni,Saatchi Saatchi France,Paris
LIA Awards,2025,Gold,LePub Mexico City,Mexico City,MEXICO,Non-Traditional,Media,Tecate Light,Gulf of Mexico Bar,Heineken Group,LePub Mexico City,Mexico City
LIA Awards,2025,Gold,Motion Sickness,Auckland,NEW ZEALAND,Non-Traditional,Health Pharma,The New Zealand Herpes Foundation,Make New Zealand The Best Place In The World To Have Herpes,The New Zealand Herpes Foundation,Motion Sickness,Auckland
LIA Awards,2025,Gold,Ogilvy,Singapore,SINGAPORE,Non-Traditional,Use of Social Media,Unilever - Vaseline,Vaseline Verified,Unilever PLC,Ogilvy Singapore,Singapore
LIA Awards,2025,Gold,Publicis London,London,UNITED KINGDOM,Non-Traditional,Sports,Heineken,HeineCare,Heineken,Publicis London London-LePub,Amsterdam
LIA Awards,2025,Gold,McCann Paris,Paris,FRANCE,Online Film,Branded Content,LOreal Paris,The Final Copy of Ilon Specht,LOreal Paris,McCann Paris Paris-McCann Worldgroup,New York
LIA Awards,2025,Gold,McCann Paris,Paris,FRANCE,Online Film,Tagline-Endline,LOreal Paris,The Final Copy of Ilon Specht,LOreal Paris,McCann Paris Paris-McCann Worldgroup,New York
LIA Awards,2025,Gold,LePub,Milan,ITALY,Online Film,Use of Social Media,Toblerone,Tantrum Girl,Modelez,LePub,Milan
LIA Awards,2025,Gold,Grey Mexico,Mexico City,MEXICO,Online Film,Corporate Purpose-Social Responsibility,Newspaper la Union y Articulo 19,The Shooting,Newspaper la Union y Articulo 19,Grey Mexico,Mexico City
LIA Awards,2025,Gold,Motion Sickness,Auckland,NEW ZEALAND,Online Film,Health Pharma Campaign,The New Zealand Herpes Foundation,Intro - Sir Graham Henry,The New Zealand Herpes Foundation,Motion Sickness,Auckland
LIA Awards,2025,Gold,BBDO Bangkok,Bangkok,THAILAND,Online Film,Branded Content,Five Star,Death of A Salesman,CPF Restaurant and Foods Chain CoLtd,BBDO Bangkok,Bangkok
LIA Awards,2025,Gold,BBDO Bangkok,Bangkok,THAILAND,Online Film,Humor,Five Star,Death of A Salesman,CPF Restaurant and Foods Chain CoLtd,BBDO Bangkok,Bangkok
LIA Awards,2025,Gold,BBDO Bangkok,Bangkok,THAILAND,Online Film,Retail,Five Star,Death of A Salesman,CPF Restaurant and Foods Chain CoLtd,BBDO Bangkok,Bangkok
LIA Awards,2025,Gold,SERVICEPLAN GERMANY,Munich,GERMANY,Package Design,Best Regional-National Market,PENNY,Price Packs,PENNY,SERVICEPLAN GERMANY,Munich
LIA Awards,2025,Gold,de la Cruz Ogilvy,Puerto Rico,PUERTO RICO,Package Design,Health Pharma,Alivia Health,Glowing Relief,Alivia Health,de la Cruz Ogilvy Puerto Rico-Ogilvy Health,New York
LIA Awards,2025,Gold,VCCP,London,UNITED KINGDOM,Package Design,Craft Copywriting,Cadbury Dairy Milk,Made to Share,Mondelez International,VCCP,London
LIA Awards,2025,Gold,Klick Health,Toronto,CANADA,Pharma Medical,Branded Devices and Diagnostics Campaign,Zimmer Biomet - Youll Be Back,Can Not Cannot Dont Give In Overcome the Fear,Zimmer Biomet,Klick Health,Toronto
LIA Awards,2025,Gold,de la Cruz Ogilvy,Puerto Rico,PUERTO RICO,Pharma Medical,Branded Product Design,Alivia Health,Glowing Relief,Alivia Health,de la Cruz Ogilvy Puerto Rico-Ogilvy Health,New York
LIA Awards,2025,Gold,VML Spain,Madrid,SPAIN,Pharma Medical,Branded AI-Enabled Pharma Medical,PainVisible,PainVisible,Aritium,VML Spain Madrid-VML,New York
LIA Awards,2025,Gold,Ogilvy Health New York,New York,UNITED STATES,Pharma Medical,Branded Devices and Diagnostics,Eurofarma,Baby Minder,Eurofarma,Ogilvy Health,New York
LIA Awards,2025,Gold,Ogilvy Health New York,New York,UNITED STATES,Pharma Medical,Branded Prototype,Eurofarma,Baby Minder,Eurofarma,Ogilvy Health,New York
LIA Awards,2025,Gold,21Grams,New York,UNITED STATES,Pharma Medical,Branded Use of Social Media Campaign,SKYCLARYS,Friedreichs Back Campaign,Biogen,21Grams,New York
LIA Awards,2025,Gold,VML Spain,Madrid,SPAIN,Pharma Medical-Craft,Cinematography,Friedreich I,Friedreich I,Biogen,VML Spain,Madrid
LIA Awards,2025,Gold,Leo Dubai,Dubai,UNITED ARAB EMIRATES,Poster,Craft Photography Campaign,NBA India - The Great Indian Dunk,Jordan 23 Kobe 08 Lebron 06 Shaq 34,NBA,Leo Dubai,Dubai
LIA Awards,2025,Gold,Leo Dubai,Dubai,UNITED ARAB EMIRATES,Print,Craft Photography Campaign,NBA India - The Great Indian Dunk,Jordan 23 Kobe 08 Lebron 06 Shaq 34,NBA,Leo Dubai,Dubai
LIA Awards,2025,Gold,Ogilvy New York,New York,UNITED STATES,Print,Beauty Well-being Campaign,Dove - Get Unready,Carnaval Holi Mardi Gras New Years St Patricks,Unilever,Ogilvy,New York
LIA Awards,2025,Gold,HeimatTBWA- Germany,Berlin,GERMANY,Production Post-Production,Direction,HORNBACH,No Project without Drama,HORNBACH Baumarkt AG,HeimatTBWA- Germany,Berlin
LIA Awards,2025,Gold,HeimatTBWA- Germany,Berlin,GERMANY,Production Post-Production,Editing,HORNBACH,No Project without Drama,HORNBACH Baumarkt AG,HeimatTBWA- Germany,Berlin
LIA Awards,2025,Gold,HeimatTBWA- Germany,Berlin,GERMANY,Production Post-Production,Performance-Casting,HORNBACH,No Project without Drama,HORNBACH Baumarkt AG,HeimatTBWA- Germany,Berlin
LIA Awards,2025,Gold,HeimatTBWA- Germany,Berlin,GERMANY,Production Post-Production,Production Design,HORNBACH,No Project without Drama,HORNBACH Baumarkt AG,HeimatTBWA- Germany,Berlin
LIA Awards,2025,Gold,Filmakademie Baden-Wurttemberg,Ludwigsburg,GERMANY,Production Post-Production,New Director,Voices of Children,If I Could Fly,Voices of children,,
LIA Awards,2025,Gold,LePub,Milan,ITALY,Production Post-Production,Cinematography,Desperados,Guao Guao,Desperados,LePub,Milan
LIA Awards,2025,Gold,LePub,Milan,ITALY,Production Post-Production,Performance-Casting,Desperados,Guao Guao,Desperados,LePub,Milan
LIA Awards,2025,Gold,Grey Mexico,Mexico City,MEXICO,Production Post-Production,Cinematography,Newspaper la Union y Articulo 19,The Shooting,Newspaper la Union y Articulo 19,Grey Mexico,Mexico City
LIA Awards,2025,Gold,Grey Mexico,Mexico City,MEXICO,Production Post-Production,Direction,Newspaper la Union y Articulo 19,The Shooting,Newspaper la Union y Articulo 19,Grey Mexico,Mexico City
LIA Awards,2025,Gold,SAMY Alliance,Madrid,SPAIN,Production Post-Production,2D Animation,PETA,Being Vegan is Good Sht,PETA,SAMY Alliance,Madrid Spain
LIA Awards,2025,Gold,FCB London,London,UNITED KINGDOM,Production Post-Production,Direction,Andrex - Get Comfortable,First School Poo,Kimberly-Clark,FCB London,London
LIA Awards,2025,Gold,AMVBBDO,London,UNITED KINGDOM,Production Post-Production,Editing,Essity-Bodyform,Never Just a Period,Essity Bodyform,AMVBBDO,London
LIA Awards,2025,Gold,TBWA-Media Arts Lab,Los Angeles,UNITED STATES,Production Post-Production,CGI Animation,Apple,Flock,Apple,TBWA-Media Arts Lab,Los Angeles
LIA Awards,2025,Gold,TBWA-Media Arts Lab,Los Angeles,UNITED STATES,Production Post-Production,Visual Effects,Apple,Flock,Apple,TBWA-Media Arts Lab,Los Angeles
LIA Awards,2025,Gold,DDB Colombia,Bogota,COLOMBIA,Transformative Business Impact,Data and Analytics,Procolombia,Humanimal Tourism,Jorge Ivan Rueda,DDB Colombia,Bogota
LIA Awards,2025,Gold,Publicis Conseil,Paris,FRANCE,Transformative Business Impact,Brand Purpose,AXA,Three Words,AXA,Publicis Conseil,Paris
LIA Awards,2025,Gold,Publicis Conseil,Paris,FRANCE,Transformative Business Impact,Creative Operational Transformation,AXA,Three Words,AXA,Publicis Conseil,Paris
LIA Awards,2025,Gold,Publicis Conseil,Paris,FRANCE,Transformative Business Impact,Service Experience,AXA,Three Words,AXA,Publicis Conseil,Paris
LIA Awards,2025,Gold,FCB Chicago,Chicago,UNITED STATES,Transformative Business Impact,Community Experience,Caption with Intention,Caption with Intention,Rakish Entertainment,FCB Chicago,Chicago
LIA Awards,2025,Gold,FCB Chicago,Chicago,UNITED STATES,Transformative Business Impact,Product Design,Caption with Intention,Caption with Intention,Rakish Entertainment,FCB Chicago,Chicago
LIA Awards,2025,Gold,VML,Paris,FRANCE,TV Cinema,Banking Finance,AXA,Group Therapy,AXA,VML,Paris
LIA Awards,2025,Gold,McCann Paris,Paris,FRANCE,TV Cinema,Branded Content,LOreal Paris,The Final Copy of Ilon Specht,LOreal Paris,McCann Paris Paris-McCann Worldgroup,New York
LIA Awards,2025,Gold,McCann Paris,Paris,FRANCE,TV Cinema,Tagline-Endline,LOreal Paris,The Final Copy of Ilon Specht,LOreal Paris,McCann Paris Paris-McCann Worldgroup,New York
LIA Awards,2025,Gold,Grey Mexico,Mexico City,MEXICO,TV Cinema,Corporate Purpose-Social Responsibility,Newspaper la Union y Articulo 19,The Shooting,Newspaper la Union y Articulo 19,Grey Mexico,Mexico City
LIA Awards,2025,Gold,Grey Mexico,Mexico City,MEXICO,TV Cinema,Media,Newspaper la Union y Articulo 19,The Shooting,Newspaper la Union y Articulo 19,Grey Mexico,Mexico City
LIA Awards,2025,Gold,Droga5 ANZ Part of Accenture Song,Sydney,AUSTRALIA,Use of Social Media Influencers,Zeitgeist,Australian Lamb,The Comments Section,Nathan Low,Droga5 Australia Part of Accenture Song Sydney-Droga5 Australia Part of Accenture Song,Melbourne
LIA Awards,2025,Gold,Rethink,Toronto,CANADA,Use of Social Media Influencers,Use of Instagram,IKEA,U up,IKEA,Rethink,Toronto
LIA Awards,2025,Gold,LePub,Milan,ITALY,Use of Social Media Influencers,Craft Original Music,Desperados,Guao Guao,Desperados,LePub,Milan
LIA Awards,2025,Gold,LePub Mexico City,Mexico City,MEXICO,Use of Social Media Influencers,Best Use of Real Time Advertising,Tecate Light,Gulf of Mexico Bar,Heineken Group,LePub Mexico City,Mexico City
LIA Awards,2025,Gold,Ogilvy,Singapore,SINGAPORE,Use of Social Media Influencers,Creativity in Commerce,Unilever - Vaseline,Vaseline Verified,Unilever PLC,Ogilvy Singapore,Singapore
LIA Awards,2025,Gold,Ogilvy,Singapore,SINGAPORE,Use of Social Media Influencers,Innovative Use of Social or Influencer,Unilever - Vaseline,Vaseline Verified,Unilever PLC,Ogilvy Singapore,Singapore
LIA Awards,2025,Gold,TBWA-Media Arts Lab,Los Angeles,UNITED STATES,Use of Social Media Influencers,Zeitgeist,Apple,Someday,Apple,TBWA-Media Arts Lab,Los Angeles
LIA Awards,2025,Silver,TBWA-Melbourne,Melbourne,AUSTRALIA,Ambient Activation,Best Use of Real Time Advertising,Specsavers,Welcome to Melbourne,Specsavers ANZ,TBWA-Melbourne,Melbourne
LIA Awards,2025,Silver,Rethink,Toronto,CANADA,Ambient Activation,Foods,Kraft Heinz,Cant Unsee It,Kraft Heinz,Rethink,Toronto
LIA Awards,2025,Silver,BETC,Paris,FRANCE,Ambient Activation,Challenger Brand,Heetch,Choose Uber,Heetch,BETC,Paris
LIA Awards,2025,Silver,Saatchi Saatchi Germany,Dusseldorf,GERMANY,Ambient Activation,Direct Marketing - Consumer,Oreo,Oreo Square Cookie,Mondelez International,Saatchi Saatchi Germany,
LIA Awards,2025,Silver,Saatchi Saatchi Germany,Dusseldorf,GERMANY,Ambient Activation,Gaming,Oreo,Oreo Square Cookie,Mondelez International,Saatchi Saatchi Germany,
LIA Awards,2025,Silver,SERVICEPLAN GERMANY,Munich,GERMANY,Ambient Activation,Fashion Accessories,Rainbow Wool,Rainbow Wool,Schaferei Stucke,SERVICEPLAN GERMANY,Munich
LIA Awards,2025,Silver,LePub,Milan,ITALY,Ambient Activation,Zeitgeist,Heineken,Pub Succession,Heineken,LePub Milan-Publicis Dublin,Dublin
LIA Awards,2025,Silver,LePub Mexico City,Mexico City,MEXICO,Ambient Activation,Beverages,Tecate Light,Gulf of Mexico Bar,Heineken Group,LePub Mexico City,Mexico City
LIA Awards,2025,Silver,Havas Creative,,SPAIN,Ambient Activation,Corporate Purpose-Social Responsibility,Atletico de Madrid - AFEAM,Marino Uriel The unforgettable Legend,Atletico de Madrid - AFEAM,Havas Creative,Spain
LIA Awards,2025,Silver,Ogilvy UK,London,UNITED KINGDOM,Ambient Activation,Best Use of Real Time Advertising,Hellmanns,Club Classic,Unilever,Ogilvy UK,London
LIA Awards,2025,Silver,Energy BBDO,Chicago,UNITED STATES,Ambient Activation,Public Service-Charity-NGO,Change The Ref,The Final Exam,Change The Ref,Energy BBDO,Chicago
LIA Awards,2025,Silver,BETC,Paris,FRANCE,Audio Radio,Best Local Market,So Foot,Football Lover FM,So Foot,BETC,Paris
LIA Awards,2025,Silver,SERVICEPLAN GERMANY,Munich,GERMANY,Audio Radio,Utilities Campaign,Techem,Ding Dong - Thong Ding Dong - Mask Ding Dong - Beard,Techem Energy Services,SERVICEPLAN GERMANY,Munich
LIA Awards,2025,Silver,Ogilvy,Mumbai,INDIA,Audio Radio,Innovative Use of Audio Radio,Brooke Bond Taj Mahal Tea,Chai Bansuri - The Tea Flute,Brooke Bond Taj Mahal Tea,Ogilvy,Mumbai
LIA Awards,2025,Silver,Droga5 Dublin Part of Accenture Song,Dublin,IRELAND,Audio Radio,Public Service-Charity-NGO Campaign,Samaritans,26 Minutes,Samaritans Dublin,Droga5 Dublin Part of Accenture Song,Dublin
LIA Awards,2025,Silver,DAVID New York,New York,UNITED STATES,Audio Radio,Podcasts,Clash of Clans,Hammerless,Supercell,DAVID New York,New York
LIA Awards,2025,Silver,GREY,New York,UNITED STATES,Audio Radio,Beverages Campaign,Minute Maid,Birthday Doctor Family,The Coca-Cola Company,GREY,New York
LIA Awards,2025,Silver,VML,New York,UNITED STATES,Audio Radio,Creativity in Commerce,OREO,Name This OREO,Mondelez,VML,New York
LIA Awards,2025,Silver,No Fixed Address,Toronto,CANADA,Billboard,Best Use of Real Time Advertising,Greenfield Natural Meat Co,The Sizzle Board,Greenfield Natural Meat Co,No Fixed Address,Toronto
LIA Awards,2025,Silver,Ogilvy New York,New York,UNITED STATES,Billboard,Beauty Well-being Campaign,Dove - Get Unready,Carnaval Holi Mardi Gras New Years St Patricks,Unilever,Ogilvy,New York
LIA Awards,2025,Silver,Ogilvy New York,New York,UNITED STATES,Billboard,Craft Photography Campaign,Dove - Get Unready,Carnaval Holi Mardi Gras New Years St Patricks,Unilever,Ogilvy,New York
LIA Awards,2025,Silver,Droga5 ANZ Part of Accenture Song,Sydney,AUSTRALIA,Branded Content,Use of Social Media,Australian Lamb,The Comments Section,Nathan Low,Droga5 Australia Part of Accenture Song Sydney-Droga5 Australia Part of Accenture Song,Melbourne
LIA Awards,2025,Silver,Ogilvy Brasil,Sao Paulo,BRAZIL,Branded Content,Creative Use of Data,Hasbro Brasil,DungeonsDragons The Lost Episode,Hasbro Brasil,Ogilvy Brasil,Sao Paulo
LIA Awards,2025,Silver,Grey Mexico,Mexico City,MEXICO,Branded Content,Scripted Short Film,Newspaper la Union y Articulo 19,The Shooting,Newspaper la Union y Articulo 19,Grey Mexico,Mexico City
LIA Awards,2025,Silver,GIGIL,Manila,PHILIPPINES,Branded Content,Creativity on a Budget,Mandaue Foam Home Store,Steal,Mandaue Foam Home Store,GIGIL,Manila
LIA Awards,2025,Silver,Area 23 an IPG Health Company,New York,UNITED STATES,Branded Content,Documentary Short Film,Gaviao Kyikateje FC,Kyikateje,Gaviao Kyikateje FC,Area 23 an IPG Health Company,New York
LIA Awards,2025,Silver,Klick Health,Toronto,CANADA,Branded Entertainment,Scripted Short Film,Second Nurture,18 Months,Second Nurture,Klick Health,Toronto
LIA Awards,2025,Silver,VML,Paris,FRANCE,Branded Entertainment,Reality-Unscripted-Alternative Programming,AXA,Group Therapy,AXA,VML,Paris
LIA Awards,2025,Silver,LePub,Milan,ITALY,Branded Entertainment,Music Videos,Desperados,Guao Guao,Desperados,LePub,Milan
LIA Awards,2025,Silver,INNOCEAN,Seoul,KOREA,Branded Entertainment,Scripted Short Film,IONIQ,Night Fishing,Hyundai Motor Company,INNOCEAN,Seoul
LIA Awards,2025,Silver,McCann NY,New York,UNITED STATES,Branded Entertainment,Music Videos,Mastercard,From Fan to Featured,Mastercard,McCann XBC,New York
LIA Awards,2025,Silver,Leo Australia,Sydney,AUSTRALIA,Creative Strategy,Long-term Creative Strategy-Effectiveness,Suncorp Insurance,Building A More Resilient Australia,Suncorp Insurance,Leo Australia,Sydney
LIA Awards,2025,Silver,Rethink,Toronto,CANADA,Creative Strategy,Partnership Collaboration,Molson Coors,Paid Through Parents,Molson Coors Beverage Company,Rethink,Toronto
LIA Awards,2025,Silver,DDB Colombia,Bogota,COLOMBIA,Creative Strategy,Original Thinking,Procolombia,Humanimal Tourism,Jorge Ivan Rueda,DDB Colombia,Bogota
LIA Awards,2025,Silver,BETC,Paris,FRANCE,Creative Strategy,Breaking Sector Convention,Heetch,Choose Uber,Heetch,BETC,Paris
LIA Awards,2025,Silver,Publicis Conseil,,FRANCE,Creative Strategy,Breaking Sector Convention,Renault,Long-term,Renault,Publicis Conseil,Paris
LIA Awards,2025,Silver,Publicis Conseil,,FRANCE,Creative Strategy,Long-term Creative Strategy-Effectiveness,Renault,Long-term,Renault,Publicis Conseil,Paris
LIA Awards,2025,Silver,SERVICEPLAN GERMANY,Munich,GERMANY,Creative Strategy,Retail,PENNY,Price Packs,PENNY,SERVICEPLAN GERMANY,Munich
LIA Awards,2025,Silver,INNOCEAN,Seoul,KOREA,Creative Strategy,Branded Entertainment,IONIQ,Night Fishing,Hyundai Motor Company,INNOCEAN,Seoul
LIA Awards,2025,Silver,Havas HOY,Mexico City,MEXICO,Creative Strategy,Contextual Insight,Volaris Airlines,W1NG COD3S,Volaris Airlines,Havas HOY,Mexico City
LIA Awards,2025,Silver,DAVID,Madrid,SPAIN,Creative Strategy,Real-Time Marketing,Netflix,Alcaraz Tattoo Reveal,Netflix Spain,DAVID,Madrid
LIA Awards,2025,Silver,DAVID New York,New York,UNITED STATES,Creative Strategy,Partnership Collaboration,Clash of Clans,Clash the WWE,Supercell,DAVID New York,New York
LIA Awards,2025,Silver,GUT,Los Angeles,UNITED STATES,Creative Strategy,Long-term Creative Strategy-Effectiveness,DoorDash,Flowers Are For Everyone,DoorDash,GUT LA,Los Angeles
LIA Awards,2025,Silver,Leo Australia,Sydney,AUSTRALIA,Creative Use of Data,Data-Led Creativity,Suncorp Insurance,Suncorp Haven,Suncorp Insurance,Leo Australia,Sydney
LIA Awards,2025,Silver,GForce Grey,Almaty,KAZAKHSTAN,Creative Use of Data,Real-Time Data,Citix,Saltanat Light,Citix,GForce Grey,Almaty
LIA Awards,2025,Silver,VML,New York,UNITED STATES,Creative Use of Data,Real-Time Data,Ziploc,Preserved Promos,SC Johnson,VML New York-Obviously,New York
LIA Awards,2025,Silver,Publicis Conseil,Paris,FRANCE,Creativity In B2B,Health Pharma,Working with Cancer,Screening Time-Off,Working with Cancer,Publicis Conseil,Paris
LIA Awards,2025,Silver,LePub,Milan,ITALY,Creativity In B2B,Best Use of Direct Marketing,Heineken,Pub Succession,Heineken,LePub Milan-Publicis Dublin,Dublin
LIA Awards,2025,Silver,LePub,Milan,ITALY,Creativity In B2B,Best Global Market,Heineken,Starring Bars,Heineken,LePub Milan-LePub Singapore,Singapore
LIA Awards,2025,Silver,David,Madrid,SPAIN,Creativity In B2B,Storytelling and Content,Coca-Cola,Shades of Red,The Coca Cola Company,DAVID,Madrid
LIA Awards,2025,Silver,McCann,London,UNITED KINGDOM,Creativity In B2B,Corporate Purpose-Social Responsibility,Reef Protection Factor,Reef Protection Factor,Stream2Sea,McCann,London
LIA Awards,2025,Silver,Droga5 ANZ Part of Accenture Song,Sydney,AUSTRALIA,Creativity In Media,Challenger Brand,Special Broadcasting Service,The Ad That Could Only Be Seen On SBS,Special Broadcasting Service,Droga5 ANZ Part of Accenture Song,Sydney
LIA Awards,2025,Silver,Ogilvy Australia,,AUSTRALIA,Creativity In Media,Multi-Channel Media,TCCC,Meet me at the Coke Sign,TCCC,Ogilvy,Australia
LIA Awards,2025,Silver,BETC,Paris,FRANCE,Creativity In Media,Automotive,Citroen,Bumpboards,Stellantis,BETC,Paris
LIA Awards,2025,Silver,Ogilvy Guatemala,Guatemala,GUATEMALA,Creativity In Media,Corporate Purpose-Social Responsibility,Shell,Stay Tuned Stay Awake,Shell,Ogilvy,Guatemala
LIA Awards,2025,Silver,Ogilvy Guatemala,Guatemala,GUATEMALA,Creativity In Media,Use of Audio Platforms,Shell,Stay Tuned Stay Awake,Shell,Ogilvy,Guatemala
LIA Awards,2025,Silver,Ogilvy,Bengaluru,INDIA,Creativity In Media,Corporate Purpose-Social Responsibility,Eye,Eye Test Menu,Titan Company Limited,Ogilvy Bengaluru-Ogilvy,Mumbai
LIA Awards,2025,Silver,LePub Mexico City,Mexico City,MEXICO,Creativity In Media,Use of Ambient Media,Tecate Light,Gulf of Mexico Bar,Heineken Group,LePub Mexico City,Mexico City
LIA Awards,2025,Silver,Havas HOY,Mexico City,MEXICO,Creativity In Media,Use of Ambient Media,Volaris Airlines,W1NG COD3S,Volaris Airlines,Havas HOY,Mexico City
LIA Awards,2025,Silver,DAVID,Madrid,SPAIN,Creativity In Media,Corporate Purpose-Social Responsibility,JCDecaux,Still Open,JCDecaux Spain,DAVID,Madrid
LIA Awards,2025,Silver,DAVID,Madrid,SPAIN,Creativity In Media,Use of Outdoor,JCDecaux,Still Open,JCDecaux Spain,DAVID,Madrid
LIA Awards,2025,Silver,Grey,New York,UNITED STATES,Creativity In Media,Use of TV and Other Screens,Angel Soft,Pottytunities,Georgia Pacific Llc,Grey,New York
LIA Awards,2025,Silver,Area 23 an IPG Health Company,New York,UNITED STATES,Creativity In Media,Use of Outdoor,Equality Health Foundation,Zip Code Exam,Equality Health Foundation,Area 23 an IPG Health Company,New York
LIA Awards,2025,Silver,Zenith,Detroit,UNITED STATES,Creativity In Media,Use of Events and Stunts,Rocket,First Ever LIVE Commercial Crossover,Rocket,Mirimar,Venica
LIA Awards,2025,Silver,Don by Havas,Buenos Aires,ARGENTINA,Creativity In PR,Best Local-Regional-National Market,Newsan - Philco,Chainsaw and Blender,Newsan SA,Don by Havas,Buenos Aires
LIA Awards,2025,Silver,Grey Brasil,Sao Paulo,BRAZIL,Creativity In PR,Best Use of Events and Stunts,Corona Brasil,Sun Reserve,AB INBEV,Grey Brasil,Sao Paulo
LIA Awards,2025,Silver,Rethink,Toronto,CANADA,Creativity In PR,Food and Beverage,Kraft Heinz,Cant Unsee It,Kraft Heinz,Rethink,Toronto
LIA Awards,2025,Silver,TOPic,Beijing,CHINA,Creativity In PR,Brand PR,Yili,Twin Sister of Olympic,Yili,,
LIA Awards,2025,Silver,Ogilvy Denmark,Copenhagen,DENMARK,Creativity In PR,Best Local-Regional-National Market,Greater Copenhagen Region,Life Quality Insurance,Copenhagen Capacity,Ogilvy Denmark,Copenhagen
LIA Awards,2025,Silver,BETC,Paris,FRANCE,Creativity In PR,Automotive,Citroen,Bumpboards,Stellantis,BETC,Paris
LIA Awards,2025,Silver,BETC,Paris,FRANCE,Creativity In PR,Best Use of Events and Stunts,EDF,The Flame That Wasnt A Flame,EDF,BETC,Paris
LIA Awards,2025,Silver,LePub,Milan,ITALY,Creativity In PR,Best Global Market,Heineken,Pub Succession,Heineken,LePub Milan-Publicis Dublin,Dublin
LIA Awards,2025,Silver,LePub,Milan,ITALY,Creativity In PR,Food and Beverage,Heineken,Pub Succession,Heineken,LePub Milan-Publicis Dublin,Dublin
LIA Awards,2025,Silver,LePub,Milan,ITALY,Creativity In PR,B2B,Heineken,Starring Bars,Heineken,LePub Milan-LePub Singapore,Singapore
LIA Awards,2025,Silver,Edelman,Johannesburg,SOUTH AFRICA,Creativity In PR,Public Service-Charity-NGO,Women For Change,The Unburied Casket,Women For Change,Edelman,Johannesburg Dubai
LIA Awards,2025,Silver,Havas Creative Spain,Madrid,SPAIN,Creativity In PR,Corporate Purpose-Social Responsibility,Atletico de Madrid - AFEAM,Marino Uriel The unforgettable Legend,Atletico de Madrid,Havas Creative Spain,Madrid
LIA Awards,2025,Silver,MC Saatchi Sport Entertainment UK,London,UNITED KINGDOM,Creativity In PR,Best Product Launch,Lego Technic,The Impossible Drive,The LEGO Group,MC Saatchi Sport Entertainment UK,London
LIA Awards,2025,Silver,VCCP,London,UNITED KINGDOM,Creativity In PR,Corporate Purpose-Social Responsibility,O2,Daisy vs Scammers,Virgin Media O2,VCCP,
LIA Awards,2025,Silver,DAVID New York,New York,UNITED STATES,Creativity In PR,Best Use of Sponsorship,Clash of Clans,Clash the WWE,Supercell,DAVID New York,New York
LIA Awards,2025,Silver,Dentsu Creative US,New York,UNITED STATES,Creativity In PR,Media Relations,Crayola,Returning Creativity,Crayola,Dentsu Creative US,New York
LIA Awards,2025,Silver,Area 23 an IPG Health Company,New York,UNITED STATES,Creativity In PR,Best Use of Sponsorship,Melanoma Awareness,Unnoticed Sponsorship,Instituto Melanoma Brasil,Area 23 an IPG Health Company,New York
LIA Awards,2025,Silver,Ogilvy,New York,UNITED STATES,Creativity In PR,Best Use of Sponsorship,Powerade,The Athletes Code,The Coca-Cola Company,Ogilvy,New York
LIA Awards,2025,Silver,Havas NY,New York,UNITED STATES,Creativity In PR,Public Service-Charity-NGO,Us Weekly x the harris project,The Missing Issue,Us Weekly,Havas NY,New York
LIA Awards,2025,Silver,Klick Health,Toronto,CANADA,Design,Craft Motion Graphics - Animation,Second Nurture,18 Months,Second Nurture,Klick Health,Toronto
LIA Awards,2025,Silver,TBWA-Group China,Shanghai,CHINA,Design,Best Local Market,Yangzhou Municipal Bureau of Culture Radio TV and Tourism,The Yangzhou Qiao Bei Musical Suite,Yangzhou Municipal Bureau of Culture Radio TV and Tourism,TBWA-Group China,Shanghai
LIA Awards,2025,Silver,ROSA Paris,Paris,FRANCE,Design,Craft Illustration,OUIGO,Muted 16 Games for Children Designed for Parents Peace of Mind,OUIGO,ROSA Paris,Paris
LIA Awards,2025,Silver,Scholz Friends,Berlin,GERMANY,Design,Poster Campaign,Berliner Philharmoniker,Stage Floor Great Hall,Berliner Philharmonie gGmbH,Scholz Friends,Berlin
LIA Awards,2025,Silver,HeimatTBWA-Berlin,Berlin,GERMANY,Design,Creativity on a Budget,Correctiv - Recherchen fur die Gesellschaft,Adopt A Fact,Correctiv - Recherchen fur die Gesellschaft,HeimatTBWA-Berlin,Berlin
LIA Awards,2025,Silver,SERVICEPLAN GERMANY,Munich,GERMANY,Design,Limited-Special Editions,Lufthansa,Allegris First Class x Sho Shibuya,Deutsche Lufthansa AG,SERVICEPLAN GERMANY,Munich
LIA Awards,2025,Silver,Scholz Friends,Berlin,GERMANY,Design,Best Regional-National Market,Tiroler Festspiele Erl,Brand Design,Tiroler Festspiele Erl,Scholz Friends Berlin-Scholz Friends,Vienna
LIA Awards,2025,Silver,NNNNNNN,Hong Kong,HONG KONG,Design,Displays Installations,HSBC Hong Kong,HSBC 160th Anniversary Rube Goldberg Machine,HSBC Hong Kong,NNNNNNN Hong Kong-Omnicom Media Group,Hong Kong
LIA Awards,2025,Silver,Dentsu Inc,Tokyo,JAPAN,Design,Not-for-Profit,VISIONGRAM,VISIONGRAM,Japan Blind Judo Federation,Dentsu Inc,Tokyo
LIA Awards,2025,Silver,INNOCEAN,Seoul,KOREA,Design,Public Service-Charity-NGO,Iljuk Bathhouse,Life-Saving Bathhouse,Anseong City,INNOCEAN,Seoul
LIA Awards,2025,Silver,Saatchi Saatchi ME,Dubai,UNITED ARAB EMIRATES,Design,Editorial Design,Nana,Ruby Blooms,Essity Nana,Saatchi Saatchi ME,Dubai
LIA Awards,2025,Silver,MullenLowe US,New York,UNITED STATES,Design,Craft Art Direction Campaign,Art Directors Club,Be Seen by the Best Eyes Campaign,The One Club for Creativity,MullenLowe US,New York
LIA Awards,2025,Silver,FCB Chicago,Chicago,UNITED STATES,Design,Craft Typography,Caption with Intention,Caption with Intention,Rakish Entertainment,FCB Chicago,Chicago
LIA Awards,2025,Silver,FCB Chicago,Chicago,UNITED STATES,Design,Craft Visual Design,Caption with Intention,Caption with Intention,Rakish Entertainment,FCB Chicago,Chicago
LIA Awards,2025,Silver,Ogilvy,Chicago,UNITED STATES,Design,Craft Art Direction,Chicago International Film Festival,60 Years of Film,Chicago International Film Festival,Ogilvy,Chicago
LIA Awards,2025,Silver,Area 23 an IPG Health Company,New York,UNITED STATES,Design,Creative Use of Data,Equality Health Foundation,Zip Code Exam,Equality Health Foundation,Area 23 an IPG Health Company,New York
LIA Awards,2025,Silver,Area 23 an IPG Health Company,New York,UNITED STATES,Design,Data Visualization,Equality Health Foundation,Zip Code Exam,Equality Health Foundation,Area 23 an IPG Health Company,New York
LIA Awards,2025,Silver,DAVID,Sao Paulo,BRAZIL,Digital,Branded Entertainment,BIS,The WhatsApp Saga,Mondelez,DAVID,Sao Paulo
LIA Awards,2025,Silver,Rethink,Toronto,CANADA,Digital,Creativity on a Budget,IKEA,U up,IKEA,Rethink,Toronto
LIA Awards,2025,Silver,DDB Colombia,Bogota,COLOMBIA,Digital,Travel Tourism,Procolombia,Humanimal Tourism,Jorge Ivan Rueda,DDB Colombia,Bogota
LIA Awards,2025,Silver,Marcel,Paris,FRANCE,Digital,Retail,Lidl,Lidlize,Lidl,Marcel Paris-Publicis Groupe,Paris
LIA Awards,2025,Silver,Cheil,Hong Kong,HONG KONG,Digital,Public Service-Charity-NGO,Save the Children,Safe Sketch,Save the Children,Cheil,Hong Kong
LIA Awards,2025,Silver,BigTime Creative Shop,Riyadh,SAUDI ARABIA,Digital,Sports,The Ring,4th Judge,The Ring,BigTime Creative Shop,Riyadh
LIA Awards,2025,Silver,VCCP,London,UNITED KINGDOM,Digital,Technology Tech Equipment,O2,Daisy vs Scammers,Virgin Media O2,VCCP,
LIA Awards,2025,Silver,MullenLowe US,New York,UNITED STATES,Digital,Craft Art Direction,Art Directors Club,Be Seen By The Best Eyes,The One Club for Creativity,MullenLowe US,New York
LIA Awards,2025,Silver,Energy BBDO,Chicago,UNITED STATES,Digital,Branded Entertainment,Change The Ref,The Final Exam,Change The Ref,Energy BBDO,Chicago
LIA Awards,2025,Silver,Energy BBDO,Chicago,UNITED STATES,Digital,Gaming,Change The Ref,The Final Exam,Change The Ref,Energy BBDO,Chicago
LIA Awards,2025,Silver,VML,New York,UNITED STATES,Digital,Tone of Voice,OREO,Name This OREO,Mondelez,VML,New York
LIA Awards,2025,Silver,Rethink,Toronto,CANADA,Direct,Use of Social Media,IKEA,U up,IKEA,Rethink,Toronto
LIA Awards,2025,Silver,SERVICEPLAN GERMANY,Munich,GERMANY,Direct,Good and Purpose,Herconomy,Breastmilk Money,Herconomy,SERVICEPLAN GERMANY,Munich
LIA Awards,2025,Silver,MRM Germany,Frankfurt,GERMANY,Direct,Good and Purpose,Life Donor Card,Life Donor Card,Mastercard,MRM GERMANY,Frankfurt
LIA Awards,2025,Silver,LePub,Milan,ITALY,Direct,B2B,Heineken,Pub Succession,Heineken,LePub Milan-Publicis Dublin,Dublin
LIA Awards,2025,Silver,DDB Group Aotearoa,Auckland,NEW ZEALAND,Direct,Out of Home - Instore and Transit,Vogels,Breadywear,Goodman Fielder,DDB Group Aotearoa,Auckland
LIA Awards,2025,Silver,DDB Group Aotearoa,Auckland,NEW ZEALAND,Direct,Out of Home - Instore and Transit,Vogels,Certified Toasters,Goodman Fielder,DDB Group Aotearoa,Auckland
LIA Awards,2025,Silver,Ogilvy Spain,Barcelona,SPAIN,Direct,Good and Purpose,adELA,My Voice My Vote,adELA Asociacion Espanola de Esclerosis Lateral Amiotrofica,Ogilvy Spain,Barcelona
LIA Awards,2025,Silver,Ogilvy,Colombo,SRI LANKA,Direct,Creativity on a Budget,Promate,Second Life Notebooks,PrintXcel Pvt Ltd,Ogilvy,Colombo
LIA Awards,2025,Silver,McCann NY,New York,UNITED STATES,Direct,Good and Purpose,Last Prisoner Project,The Pen to Right History,Last Prisoner Project,McCann NY,New York
LIA Awards,2025,Silver,VML,Dallas,UNITED STATES,Direct,Use of Social Media,US Navy,Navy SubReddit Hunt,US Navy,VML,Dallas
LIA Awards,2025,Silver,VML,Kansas City,UNITED STATES,Direct,Out of Home - Instore and Transit,Wendys,Wendys Frosty Fix,The Wendys Company,VML,Kansas City
LIA Awards,2025,Silver,Publicis Conseil,Paris,FRANCE,Evolution,Product Innovation,AXA,Three Words,AXA,Publicis Conseil,Paris
LIA Awards,2025,Silver,MRM Germany,Frankfurt,GERMANY,Evolution,Product Innovation,Life Donor Card,Life Donor Card,Mastercard,MRM GERMANY,Frankfurt
LIA Awards,2025,Silver,LePub Mexico City,Mexico City,MEXICO,Evolution,Experiential-Live Events,Tecate Light,Gulf of Mexico Bar,Heineken Group,LePub Mexico City,Mexico City
LIA Awards,2025,Silver,Havas Lynx,Manchester,UNITED KINGDOM,Evolution,Product Innovation,Nutri Ice,Creamotherapy,My Doctors Recipe,Havas Lynx,Manchester
LIA Awards,2025,Silver,Energy BBDO,Chicago,UNITED STATES,Evolution,CSR DEI Non-Profit SDG,Change The Ref,The Final Exam,Change The Ref,Energy BBDO,Chicago
LIA Awards,2025,Silver,VML,Paris,FRANCE,Health Wellness,Insurance,AXA,Group Therapy,AXA,VML,Paris
LIA Awards,2025,Silver,Saatchi Saatchi France,Omni,FRANCE,Health Wellness,Devices and Diagnostics,Omni,Omnilivery,Omni,Saatchi Saatchi France,Paris
LIA Awards,2025,Silver,MRM Germany,Frankfurt,GERMANY,Health Wellness,Corporate Communication,Life Donor Card,Life Donor Card,Mastercard,MRM GERMANY,Frankfurt
LIA Awards,2025,Silver,Godrej Creative Lab,Mumbai,INDIA,Health Wellness,Public Service-Charity-NGO,Eyebetes,The Naga Saint Eye Test,Eyebetes Foundation,Godrej Creative Lab,Mumbai
LIA Awards,2025,Silver,DDB Mudra Group,Mumbai,INDIA,Health Wellness,Corporate Communication,Stayfree,Son Get Stayfree,Kenvue,DDB Mudra Group,Mumbai
LIA Awards,2025,Silver,Ogilvy,Bengaluru,INDIA,Health Wellness,Health Institutions,Titan Eye,Eye Test Menu,Titan Company Limited,Ogilvy Bengaluru-Ogilvy,Mumbai
LIA Awards,2025,Silver,Energy BBDO,Chicago,UNITED STATES,Health Wellness,Public Service-Charity-NGO,Change The Ref,The Final Exam,Change The Ref,Energy BBDO,Chicago
LIA Awards,2025,Silver,Area 23 an IPG Health Company,New York,UNITED STATES,Health Wellness,Creative Use of Data,Equality Health Foundation,Zip Code Exam,Equality Health Foundation,Area 23 an IPG Health Company,New York
LIA Awards,2025,Silver,Area 23 an IPG Health Company,New York,UNITED STATES,Health Wellness,Public Service-Charity-NGO,Equality Health Foundation,Zip Code Exam,Equality Health Foundation,Area 23 an IPG Health Company,New York
LIA Awards,2025,Silver,Ogilvy Canada,Toronto,CANADA,Health Wellness-Craft,Cinematography,Dove,Most Likely To,Unilever,Ogilvy Canada,Toronto
LIA Awards,2025,Silver,Ogilvy Canada,Toronto,CANADA,Health Wellness-Craft,Direction,Dove,Most Likely To,Unilever,Ogilvy Canada,Toronto
LIA Awards,2025,Silver,Klick Health,Toronto,CANADA,Health Wellness-Craft,Art Direction,Second Nurture,18 Months,Second Nurture,Klick Health,Toronto
LIA Awards,2025,Silver,Klick Health,Toronto,CANADA,Health Wellness-Craft,Sound Mixing,Second Nurture,18 Months,Second Nurture,Klick Health,Toronto
LIA Awards,2025,Silver,FCB Canada,Toronto,CANADA,Health Wellness-Craft,Production Design,SickKids Foundation,The Count,SickKids Foundation,FCB,Toronto
LIA Awards,2025,Silver,Grey Mexico,Mexico City,MEXICO,Health Wellness-Craft,Cinematography,Femess Mexico Vivo - The Trevor Project Sico and Gilead,More Than Words,Femess y Mexico Vivo,Grey Mexico,Mexico City
LIA Awards,2025,Silver,Grey Mexico,Mexico City,MEXICO,Health Wellness-Craft,Direction,Femess Mexico Vivo - The Trevor Project Sico and Gilead,More Than Words,Femess y Mexico Vivo,Grey Mexico,Mexico City
LIA Awards,2025,Silver,TP,London,UNITED KINGDOM,Health Wellness-Craft,Original Music with Lyrics,Campaign Against Living Miserably CALM,This Is Not A Drill,Campaign Against Living Miserably CALM,TP,London
LIA Awards,2025,Silver,Area 23 an IPG Health Company,New York,UNITED STATES,Health Wellness-Craft,2D Animation,Advocacy For Ethical Egg Production and Humane Treatment of Chickens,Cracked,Mercy for Animals,Area 23 an IPG Health Company,New York
LIA Awards,2025,Silver,Area 23 an IPG Health Company,New York,UNITED STATES,Health Wellness-Craft,Art Direction,Advocacy For Ethical Egg Production and Humane Treatment of Chickens,Cracked,Mercy for Animals,Area 23 an IPG Health Company,New York
LIA Awards,2025,Silver,Area 23 an IPG Health Company,New York,UNITED STATES,Health Wellness-Craft,Stop-Frame Animation,Advocacy For Ethical Egg Production and Humane Treatment of Chickens,Cracked,Mercy for Animals,Area 23 an IPG Health Company,New York
LIA Awards,2025,Silver,Area 23 an IPG Health Company,New York,UNITED STATES,Health Wellness-Craft,Use of Licensed Music,Advocacy For Ethical Egg Production and Humane Treatment of Chickens,Cracked,Mercy for Animals,Area 23 an IPG Health Company,New York
LIA Awards,2025,Silver,FCB Health New York an IPG Health Company,New York,UNITED STATES,Health Wellness-Craft,AI,SAFE Project,The Snowball,SAFE Project,FCB Health New York an IPG Health Company,New York
LIA Awards,2025,Silver,Leo Australia,Sydney,AUSTRALIA,Integration,Corporate Purpose-Social Responsibility,Suncorp Insurance,Suncorp Haven,Suncorp Insurance,Leo Australia,Sydney
LIA Awards,2025,Silver,AlmapBBDO,Sao Paulo,BRAZIL,Integration,Corporate Purpose-Social Responsibility,Pedigree,Pedigree Caramelo,Mars,AlmapBBDO,Sao Paulo
LIA Awards,2025,Silver,Rethink,Toronto,CANADA,Integration,Use of Social Media,IKEA,U up,IKEA,Rethink,Toronto
LIA Awards,2025,Silver,Havas Play,Puteaux,FRANCE,Integration,Sports,LVMH,The Partnership That Changed Everything,LVMH,Havas Play - Havas Events - Havas Paris,Puteaux
LIA Awards,2025,Silver,SERVICEPLAN GERMANY,Munich,GERMANY,Integration,Banking Finance,Herconomy,Breastmilk Money,Herconomy,SERVICEPLAN GERMANY,Munich
LIA Awards,2025,Silver,Saatchi Saatchi Germany,Dusseldorf,GERMANY,Integration,Direct Marketing,Oreo,Oreo Square Cookie,Mondelez International,Saatchi Saatchi Germany,
LIA Awards,2025,Silver,LePub,Milan,ITALY,Integration,Branded Entertainment,Desperados,Guao Guao,Desperados,LePub,Milan
LIA Awards,2025,Silver,HERALBONY,Morioka-Iwate,JAPAN,Integration,Corporate Purpose-Social Responsibility,Creative Business Transformation - Customer Experience Design,HERALBONY,Multiple Clients,,
LIA Awards,2025,Silver,Ketchum UK,London,UNITED KINGDOM,Integration,Public Service-Charity-NGO,a bespoke dominoes set,Liming with Gran,Genomics England and University of Cambridge,Ketchum UK,London
LIA Awards,2025,Silver,DAVID New York,New York,UNITED STATES,Integration,Gaming,Clash of Clans,Clash the WWE,Supercell,DAVID New York,New York
LIA Awards,2025,Silver,Ambassadors Berlin,Berlin,GERMANY,Music Sound,Original Music - Score,checkyourbreaststoday,Feel,checkyourbreaststoday,,
LIA Awards,2025,Silver,HeimatTBWA- Germany,Berlin,GERMANY,Music Sound,Sound Design,HORNBACH,No Project without Drama,HORNBACH Baumarkt AG,HeimatTBWA- Germany,Berlin
LIA Awards,2025,Silver,Subhajit Mukherjee,Mumbai,INDIA,Music Sound,Sound Editing,Star Cement,Rise Like A Star - Lovelina Borgohain,Star Cement Ltd,VML India,Kolkata
LIA Awards,2025,Silver,LePub,Milan,ITALY,Music Sound,Original Music with Lyrics,Desperados,Guao Guao,Desperados,LePub,Milan
LIA Awards,2025,Silver,BigTime Creative Shop,Riyadh,SAUDI ARABIA,Music Sound,Use of Licensed Music,General Entertainment Authority,Everything or Nothing,General Entertainment Authority,BigTime Creative Shop,Riyadh
LIA Awards,2025,Silver,750mph,London,UNITED KINGDOM,Music Sound,Sound Design,Riyadh Season,Call Of The Kings,Riyadh Season,BigTime Creative Shop,Riyadh
LIA Awards,2025,Silver,Johannes Leonardo,New York,UNITED STATES,Music Sound,Use of Licensed Music,adidas Football,Hey Jude,adidas,Johannes Leonardo,New York
LIA Awards,2025,Silver,WoW Studios,Chicago,UNITED STATES,Music Sound,Original Music with Lyrics,KitchenAid 360 Max JetsTM Third Rack Dishwashers,Love the Racks,Whirlpool Corporation,,
LIA Awards,2025,Silver,Wave Studios NY,New York,UNITED STATES,Music Sound,Sound Mixing,Xbox,Wake Up,Xbox,Accenture Song,New York
LIA Awards,2025,Silver,Wanda Productions,Paris,FRANCE,Music Video,Cinematography,Sam Fender,People Watching,Sam Fender,,
LIA Awards,2025,Silver,Wanda Productions,Paris,FRANCE,Music Video,Direction,Sam Fender,People Watching,Sam Fender,,
LIA Awards,2025,Silver,TBWA-Media Arts Lab,Los Angeles,UNITED STATES,Music Video,Cinematography,Ivan Cornejo,Intercambio Injusto,Apple,TBWA-Media Arts Lab,LATAM
LIA Awards,2025,Silver,TBWA-Media Arts Lab,Los Angeles,UNITED STATES,Music Video,Direction,Ivan Cornejo,Intercambio Injusto,Apple,TBWA-Media Arts Lab,LATAM
LIA Awards,2025,Silver,SpecialGuest,Brooklyn,UNITED STATES,Music Video,Best Music Video,OK Go,Love,OK Go Ray-Ban Meta,SpecialGuest,Brooklyn
LIA Awards,2025,Silver,AlmapBBDO,Sao Paulo,BRAZIL,Non-Traditional,Corporate Purpose-Social Responsibility,Pedigree,Pedigree Caramelo,Mars,AlmapBBDO,Sao Paulo
LIA Awards,2025,Silver,Rethink,Toronto,CANADA,Non-Traditional,Use of Social Media,IKEA,U up,IKEA,Rethink,Toronto
LIA Awards,2025,Silver,Publicis Conseil,Paris,FRANCE,Non-Traditional,Banking Financial,AXA,Three Words,AXA,Publicis Conseil,Paris
LIA Awards,2025,Silver,Saatchi Saatchi France,Paris,FRANCE,Non-Traditional,Guerrilla Marketing,Omni,Omnilivery,Omni,Saatchi Saatchi France,Paris
LIA Awards,2025,Silver,LePub,Milan,ITALY,Non-Traditional,Beverages,Heineken,Pub Succession,Heineken,LePub Milan-Publicis Dublin,Dublin
LIA Awards,2025,Silver,LePub,Milan,ITALY,Non-Traditional,Direct Marketing,Heineken,Pub Succession,Heineken,LePub Milan-Publicis Dublin,Dublin
LIA Awards,2025,Silver,LePub,Milan,ITALY,Non-Traditional,B2B,Heineken,Starring Bars,Heineken,LePub Milan-LePub Singapore,Singapore
LIA Awards,2025,Silver,LePub,Milan,ITALY,Non-Traditional,Beverages,Heineken,Starring Bars,Heineken,LePub Milan-LePub Singapore,Singapore
LIA Awards,2025,Silver,HERALBONY,Morioka-Iwate,JAPAN,Non-Traditional,Corporate Purpose-Social Responsibility,Creative Business Transformation - Customer Experience Design,HERALBONY,Multiple Clients,,
LIA Awards,2025,Silver,LePub Mexico City,Mexico City,MEXICO,Non-Traditional,Experiential,Tecate Light,Gulf of Mexico Bar,Heineken Group,LePub Mexico City,Mexico City
LIA Awards,2025,Silver,DDB Group Aotearoa,Auckland,NEW ZEALAND,Non-Traditional,Creativity in Commerce,Vogels,Certified Toasters,Goodman Fielder,DDB Group Aotearoa,Auckland
LIA Awards,2025,Silver,BigTime Creative Shop,Riyadh,SAUDI ARABIA,Non-Traditional,Creative Use of Data,The Ring,4th Judge,The Ring,BigTime Creative Shop,Riyadh
LIA Awards,2025,Silver,FCB Chicago,Chicago,UNITED STATES,Non-Traditional,Entertainment,Caption with Intention,Caption with Intention,Rakish Entertainment,FCB Chicago,Chicago
LIA Awards,2025,Silver,R-GA,,UNITED STATES,Non-Traditional,Direct Marketing,Gatorade,Cool Seats,PepsiCo,R-GA,Americas
LIA Awards,2025,Silver,Ogilvy Canada,Toronto,CANADA,Online Film,Zeitgeist,Dove,Most Likely To,Unilever,Ogilvy Canada,Toronto
LIA Awards,2025,Silver,Klick Health,Toronto,CANADA,Online Film,Branded Content,Second Nurture,18 Months,Second Nurture,Klick Health,Toronto
LIA Awards,2025,Silver,Klick Health,Toronto,CANADA,Online Film,Public Service-Charity-NGO,Second Nurture,18 Months,Second Nurture,Klick Health,Toronto
LIA Awards,2025,Silver,FCB Canada,Toronto,CANADA,Online Film,Public Service-Charity-NGO,SickKids Foundation,The Count,SickKids Foundation,FCB,Toronto
LIA Awards,2025,Silver,Ogilvy Shanghai,Shanghai,CHINA,Online Film,Health Pharma Campaign,Viatris - Make Love Last,The Bedroom The Hotel Room The Living Room,Viatris,Ogilvy Shanghai,Shanghai
LIA Awards,2025,Silver,HeimatTBWA- Germany,Berlin,GERMANY,Online Film,Retail,HORNBACH,No Project without Drama,HORNBACH Baumarkt AG,HeimatTBWA- Germany,Berlin
LIA Awards,2025,Silver,LePub,Milan,ITALY,Online Film,Social Media Platforms,Toblerone,Tantrum Girl,Modelez,LePub,Milan
LIA Awards,2025,Silver,BBDO Bangkok,Bangkok,THAILAND,Online Film,Retail Campaign,Club 21 Thailand,Liar Mad Lover No Manner,CLUB 21 THAILAND CO LTD,BBDO Bangkok,Bangkok
LIA Awards,2025,Silver,TBWA-Media Arts Lab,Los Angeles,UNITED STATES,Online Film,Technology Tech Equipment,Apple,Flock,Apple,TBWA-Media Arts Lab,Los Angeles
LIA Awards,2025,Silver,McCann NY,New York,UNITED STATES,Online Film,Use of Social Media,Mastercard,From Fan to Featured,Mastercard,McCann XBC,New York
LIA Awards,2025,Silver,SERVICEPLAN GERMANY,Munich,GERMANY,Package Design,Retailer Packaging,PENNY,Price Packs,PENNY,SERVICEPLAN GERMANY,Munich
LIA Awards,2025,Silver,DDB Group Italy,Milan,ITALY,Package Design,Limited-Special Editions,Bennet,Good To Read Packs,Bennet,DDB Group Italy,Milano
LIA Awards,2025,Silver,Cloud8 Inc,Tokyo,JAPAN,Package Design,Liquors Wines,KUBOTA GIN,KUBOTA GIN,Asahi-Shuzo Sake Brewing Co Ltd,,
LIA Awards,2025,Silver,VCCP,London,UNITED KINGDOM,Package Design,Limited-Special Editions,Cadbury Dairy Milk,Made to Share,Mondelez International,VCCP,London
LIA Awards,2025,Silver,Ogilvy Shanghai,Shanghai,CHINA,Pharma Medical,Unbranded Pharmaceuticals and Vaccines Campaign,Viatris - Make Love Last,The Bedroom The Hotel Room The Living Room,Viatris,Ogilvy Shanghai,Shanghai
LIA Awards,2025,Silver,Godrej Creative Lab,Mumbai,INDIA,Pharma Medical,Social Responsibility-Awareness,Eyebetes,The Naga Saint Eye Test,Eyebetes Foundation,Godrej Creative Lab,Mumbai
LIA Awards,2025,Silver,de la Cruz Ogilvy,Puerto Rico,PUERTO RICO,Pharma Medical,Branded Corporate Communication,Alivia Health,Glowing Relief,Alivia Health,de la Cruz Ogilvy Puerto Rico-Ogilvy Health,New York
LIA Awards,2025,Silver,de la Cruz Ogilvy,Puerto Rico,PUERTO RICO,Pharma Medical,Branded Patient Engagement,Alivia Health,Glowing Relief,Alivia Health,de la Cruz Ogilvy Puerto Rico-Ogilvy Health,New York
LIA Awards,2025,Silver,VML Spain,Madrid,SPAIN,Pharma Medical,Branded Devices and Diagnostics,PainVisible,PainVisible,Aritium,VML Spain Madrid-VML,New York
LIA Awards,2025,Silver,Area 23 an IPG Health Company,New York,UNITED STATES,Pharma Medical,Branded Creative Use of Data,EarliPointTM Evaluation for Autism Spectrum Disorder,The EarliShow,EarliTec Diagnostics,Area 23 an IPG Health Company IPG Health Canada,New York
LIA Awards,2025,Silver,Area 23 an IPG Health Company,New York,UNITED STATES,Pharma Medical,Branded Devices and Diagnostics,EarliPointTM Evaluation for Autism Spectrum Disorder,The EarliShow,EarliTec Diagnostics,Area 23 an IPG Health Company IPG Health Canada,New York
LIA Awards,2025,Silver,Ogilvy Health,New York,UNITED STATES,Pharma Medical,Branded Creative Use of Data,Eurofarma,Baby Minder,Eurofarma,Ogilvy Health,New York
LIA Awards,2025,Silver,Ogilvy Shanghai,Shanghai,CHINA,Pharma Medical-Craft,Photography Campaign,Viatris - Make Love Last,The Bedroom The Hotel Room The Living Room,Viatris,Ogilvy Shanghai,Shanghai
LIA Awards,2025,Silver,Havas Lynx,Manchester,UNITED KINGDOM,Pharma Medical-Craft,Production Design,Disease Awareness for Hidradenitis Suppurativa HS,The Unbearable Home,UCB,Havas Lynx,Manchester
LIA Awards,2025,Silver,VML,Chicago,UNITED STATES,Pharma Medical-Craft,Direction,Abbott Libre,Above The Bias,Abbott Laboratories,VML,Chicago
LIA Awards,2025,Silver,Ogilvy Group Germany,Frankfurt,GERMANY,Poster,Craft Visual Design Campaign,German Rail - Connecting Europe,Netherlands Austria Denmark Spain,German Rail,Ogilvy Group Germany,Frankfurt
LIA Awards,2025,Silver,David,Madrid,SPAIN,Poster,Beverages Campaign,Coca-Cola,Mimi Awning El Campo Awning Prado Awning,The Coca-Cola Company,DAVID,Madrid
LIA Awards,2025,Silver,Leo Dubai,Dubai,UNITED ARAB EMIRATES,Poster,Craft Art Direction Campaign,NBA India - The Great Indian Dunk,Jordan 23 Kobe 08 Lebron 06 Shaq 34,NBA,Leo Dubai,Dubai
LIA Awards,2025,Silver,Leo Dubai,Dubai,UNITED ARAB EMIRATES,Poster,Sports Campaign,NBA India - The Great Indian Dunk,Jordan 23 Kobe 08 Lebron 06 Shaq 34,NBA,Leo Dubai,Dubai
LIA Awards,2025,Silver,Scholz Friends,Berlin,GERMANY,Print,Craft Art Direction Campaign,Berliner Philharmoniker,Stage Floor Great Hall,Berliner Philharmonie gGmbH,Scholz Friends,Berlin
LIA Awards,2025,Silver,Leo Dubai,Dubai,UNITED ARAB EMIRATES,Print,Craft Art Direction Campaign,NBA India - The Great Indian Dunk,Jordan 23 Kobe 08 Lebron 06 Shaq 34,NBA,Leo Dubai,Dubai
LIA Awards,2025,Silver,Leo Dubai,Dubai,UNITED ARAB EMIRATES,Print,Sports Campaign,NBA India - The Great Indian Dunk,Jordan 23 Kobe 08 Lebron 06 Shaq 34,NBA,Leo Dubai,Dubai
LIA Awards,2025,Silver,DAVID,Miami,UNITED STATES,Print,Craft Photography Campaign,Corona - Corona Eclipse,Uruguay Brazil Argentina,AB INBEV,DAVID,Miami
LIA Awards,2025,Silver,Ogilvy New York,New York,UNITED STATES,Print,Craft Photography Campaign,Dove - Get Unready,Carnaval Holi Mardi Gras New Years St Patricks,Unilever,Ogilvy,New York
LIA Awards,2025,Silver,VML,New York,UNITED STATES,Print,Beverages Campaign,The Coca-Cola Company,Classic - 1 Classic - 2,The Coca-Cola Company,VML,New York
LIA Awards,2025,Silver,FINCH,Sydney,AUSTRALIA,Production Post-Production,Direction Campaign,The New Zealand Herpes Foundation,Make New Zealand The Best Place in the World to Have Herpes,The New Zealand Herpes Foundation,Motion Sickness,Auckland
LIA Awards,2025,Silver,Klick Health,Toronto,CANADA,Production Post-Production,Stop-Frame Animation,Second Nurture,18 Months,Second Nurture,Klick Health,Toronto
LIA Awards,2025,Silver,FCB Canada,Toronto,CANADA,Production Post-Production,Direction,SickKids Foundation,The Count,SickKids Foundation,FCB,Toronto
LIA Awards,2025,Silver,Breakfast Helsinki,Helsinki,FINLAND,Production Post-Production,Performance-Casting,Love Anarchy Helsinki International Film Festival,Pulp Gospel,Love Anarchy Helsinki International Film Festival,,
LIA Awards,2025,Silver,Publicis Conseil,Paris,FRANCE,Production Post-Production,Cinematography,Renault,Argentina,Renault,Publicis Conseil,Paris
LIA Awards,2025,Silver,HeimatTBWA- Germany,Berlin,GERMANY,Production Post-Production,Cinematography,HORNBACH,No Project without Drama,HORNBACH Baumarkt AG,HeimatTBWA- Germany,Berlin
LIA Awards,2025,Silver,HeimatTBWA- Germany,Berlin,GERMANY,Production Post-Production,Direction,HORNBACH Baumarkt,Obey Your Hands,HORNBACH Baumarkt AG,HeimatTBWA- Berlin,Berlin
LIA Awards,2025,Silver,HeimatTBWA- Germany,Berlin,GERMANY,Production Post-Production,Performance-Casting,HORNBACH Baumarkt,Obey Your Hands,HORNBACH Baumarkt AG,HeimatTBWA- Berlin,Berlin
LIA Awards,2025,Silver,Studio Eeksaurus Productions,Mumbai,INDIA,Production Post-Production,Stop-Frame Animation,Centre for Pastoralism,Desi Oon,Centre for Pastoralism,Studio Eeksaurus Productions,Mumbai
LIA Awards,2025,Silver,Grey Mexico,Mexico City,MEXICO,Production Post-Production,Editing,Newspaper la Union y Articulo 19,The Shooting,Newspaper la Union y Articulo 19,Grey Mexico,Mexico City
LIA Awards,2025,Silver,BigTime Creative Shop,Riyadh,SAUDI ARABIA,Production Post-Production,Cinematography,General Entertainment Authority,Everything or Nothing,General Entertainment Authority,BigTime Creative Shop,Riyadh
LIA Awards,2025,Silver,BigTime Creative Shop,Riyadh,SAUDI ARABIA,Production Post-Production,Direction,General Entertainment Authority,Everything or Nothing,General Entertainment Authority,BigTime Creative Shop,Riyadh
LIA Awards,2025,Silver,Biscuit Filmworks,London,UNITED KINGDOM,Production Post-Production,Direction,Channel 4,Paris Paralympics 2024 Considering What,Channel 4,4creative,London
LIA Awards,2025,Silver,VCCP,London,UNITED KINGDOM,Production Post-Production,2D Animation,Co-op,Owned By You Right By You,Co-op,VCCP,London
LIA Awards,2025,Silver,21Grams,London,UNITED KINGDOM,Production Post-Production,CGI Animation,Covid Awareness,Covidball,AstraZeneca,21Grams,London
LIA Awards,2025,Silver,AMVBBDO,London,UNITED KINGDOM,Production Post-Production,Direction,Essity-Bodyform,Never Just a Period,Essity Bodyform,AMVBBDO,London
LIA Awards,2025,Silver,AMVBBDO,London,UNITED KINGDOM,Production Post-Production,Production Design,Essity-Bodyform,Never Just a Period,Essity Bodyform,AMVBBDO,London
LIA Awards,2025,Silver,Disney,Los Angeles,UNITED STATES,Production Post-Production,CGI Animation,Disney,The Boy The Octopus,Disney,adameveDDB London-adameveDDB New York-adameveDDB,Los Angeles
LIA Awards,2025,Silver,Havas NY,New York,UNITED STATES,Production Post-Production,Performance-Casting Campaign,Mikes Amazing Foods,Group Therapy Backyard BBQ,Chefler Foods,Havas NY,New York
LIA Awards,2025,Silver,Publicis,Toronto,CANADA,Transformative Business Impact,Creative Operational Transformation,Rogers Bank,Welcome Card,Rogers,Publicis,Toronto
LIA Awards,2025,Silver,Publicis,Toronto,CANADA,Transformative Business Impact,Service Experience,Rogers Bank,Welcome Card,Rogers,Publicis,Toronto
LIA Awards,2025,Silver,Publicis Conseil,Paris,FRANCE,Transformative Business Impact,Brand Manifestations,AXA,Three Words,AXA,Publicis Conseil,Paris
LIA Awards,2025,Silver,Publicis Conseil,Paris,FRANCE,Transformative Business Impact,Customer Experience,AXA,Three Words,AXA,Publicis Conseil,Paris
LIA Awards,2025,Silver,MRM Germany,Frankfurt,GERMANY,Transformative Business Impact,Brand Purpose,Life Donor Card,Life Donor Card,Mastercard,MRM GERMANY,Frankfurt
LIA Awards,2025,Silver,ATimePlace,Melbourne,AUSTRALIA,TV Cinema,Beverages - Alcoholic,Balter Brewing Company,Beers Do Come True,Balter Brewery,ATimePlace,Melbourne
LIA Awards,2025,Silver,Bear Meets Eagle on Fire,Sydney,AUSTRALIA,TV Cinema,Banking Finance Campaign,Bankwest,Best Friend Romance Cheese Award Board,Bankwest,Bear Meets Eagle On Fire,Sydney
LIA Awards,2025,Silver,BETC,Paris,FRANCE,TV Cinema,Automotive,Citroen,The Alien,Citroen,BETC,Paris
LIA Awards,2025,Silver,BETC,Paris,FRANCE,TV Cinema,Humor,Citroen,The Alien,Citroen,BETC,Paris
LIA Awards,2025,Silver,HeimatTBWA- Germany,Berlin,GERMANY,TV Cinema,Retail,HORNBACH,No Project without Drama,HORNBACH Baumarkt AG,HeimatTBWA- Germany,Berlin
LIA Awards,2025,Silver,TBWA-Media Arts Lab,Los Angeles,UNITED STATES,TV Cinema,Technology Tech Equipment,Apple,Flock,Apple,TBWA-Media Arts Lab,Los Angeles
LIA Awards,2025,Silver,Droga5 ANZ Part of Accenture Song,Sydney,AUSTRALIA,Use of Social Media Influencers,Craft Copywriting,Australian Lamb,The Comments Section,Nathan Low,Droga5 Australia Part of Accenture Song Sydney-Droga5 Australia Part of Accenture Song,Melbourne
LIA Awards,2025,Silver,AlmapBBDO,Sao Paulo,BRAZIL,Use of Social Media Influencers,Sustainability SDG,Pedigree,Pedigree Caramelo,Mars,AlmapBBDO,Sao Paulo
LIA Awards,2025,Silver,Rethink,Toronto,CANADA,Use of Social Media Influencers,Creativity in Commerce,IKEA,U up,IKEA,Rethink,Toronto
LIA Awards,2025,Silver,Rethink,Toronto,CANADA,Use of Social Media Influencers,Sports,Molson Coors,Paid Through Parents,Molson Coors Beverage Company,Rethink,Toronto
LIA Awards,2025,Silver,GUDberlin,Berlin,GERMANY,Use of Social Media Influencers,Craft Tone of Voice,BVG,The BVG TikTok Puppet Show,Berliner Verkehrsbetriebe BVG - AoR -,GUDberlin,Berlin
LIA Awards,2025,Silver,SERVICEPLAN GERMANY,Munich,GERMANY,Use of Social Media Influencers,Fashion Accessories,Rainbow Wool,Rainbow Wool,Schaferei Stucke,SERVICEPLAN GERMANY,Munich
LIA Awards,2025,Silver,Amazon XCM,Santa Monica,UNITED STATES,Use of Social Media Influencers,Humor,Amazon,5-Star Theater with Adam Driver,Amazon,,
LIA Awards,2025,Silver,DAVID,Miami,UNITED STATES,Use of Social Media Influencers,Best Use of Real Time Advertising,Corona,Eclipse,AB INBEV,DAVID,Miami
LIA Awards,2025,Bronze,Publicis,Toronto,CANADA,Ambient Activation,Public Service-Charity-NGO,Matties Place,Pet-ition,Matties Place,Publicis,Toronto
LIA Awards,2025,Bronze,DAVID,Bogota,COLOMBIA,Ambient Activation,Challenger Brand,Aguila,Brand of the Match,AB INBEV,DAVID,Bogota
LIA Awards,2025,Bronze,DDB Colombia,Bogota,COLOMBIA,Ambient Activation,Creative Use of Data,Procolombia,Humanimal Tourism,Jorge Ivan Rueda,DDB Colombia,Bogota
LIA Awards,2025,Bronze,Saatchi Saatchi Germany,Dusseldorf,GERMANY,Ambient Activation,Foods,Oreo,Oreo Square Cookie,Mondelez International,Saatchi Saatchi Germany,
LIA Awards,2025,Bronze,McCann Worldgroup,Athens,GREECE,Ambient Activation,Creativity in Commerce,Wikifarmer,The Wedding Rice,Wikifarmer,McCann Worldgroup,Athens
LIA Awards,2025,Bronze,Ogilvy,Mumbai,INDIA,Ambient Activation,Corporate Purpose-Social Responsibility,Vi Vodafone Idea,Vi Guardian Beads,Vi Vodafone Idea,Ogilvy,Mumbai
LIA Awards,2025,Bronze,LePub,Milan,ITALY,Ambient Activation,B2B,Heineken,Starring Bars,Heineken,LePub Milan-LePub Singapore,Singapore
LIA Awards,2025,Bronze,LePub,Milan,ITALY,Ambient Activation,Corporate Purpose-Social Responsibility,Heineken,Starring Bars,Heineken,LePub Milan-LePub Singapore,Singapore
LIA Awards,2025,Bronze,Leo Sweden,Stockholm,SWEDEN,Ambient Activation,Creativity in Commerce,Elgiganten,GamePay,Elkjoep - Curries,Leo Sweden,Stockholm
LIA Awards,2025,Bronze,Energy BBDO,Chicago,UNITED STATES,Ambient Activation,Gaming,Change The Ref,The Final Exam,Change The Ref,Energy BBDO,Chicago
LIA Awards,2025,Bronze,Energy BBDO,Chicago,UNITED STATES,Ambient Activation,Sustainability SDG,Change The Ref,The Final Exam,Change The Ref,Energy BBDO,Chicago
LIA Awards,2025,Bronze,VML,Detroit,UNITED STATES,Ambient Activation,Corporate Purpose-Social Responsibility,Ford,SupportBelt,Ford,VML,Detroit
LIA Awards,2025,Bronze,Ogilvy,New York,UNITED STATES,Ambient Activation,Corporate Purpose-Social Responsibility,Powerade,The Athletes Code,The Coca-Cola Company,Ogilvy,New York
LIA Awards,2025,Bronze,Ogilvy Argentina,Buenos Aires,ARGENTINA,Audio Radio,Humor,Calm Is Simple,The Sound of Divorce,Calm es Simple,Ogilvy Argentina,Buenos Aires
LIA Awards,2025,Bronze,Ogilvy Argentina,Buenos Aires,ARGENTINA,Audio Radio,Innovative Use of Audio Radio,Calm Is Simple,The Sound of Divorce,Calm es Simple,Ogilvy Argentina,Buenos Aires
LIA Awards,2025,Bronze,BETC,Paris,FRANCE,Audio Radio,Humor,So Foot,Football Lover FM,So Foot,BETC,Paris
LIA Awards,2025,Bronze,SERVICEPLAN GERMANY,Munich,GERMANY,Audio Radio,Humor Campaign,Techem,Ding Dong - Thong Ding Dong - Mask Ding Dong - Beard,Techem Energy Services,SERVICEPLAN GERMANY,Munich
LIA Awards,2025,Bronze,Indiana Production,Milan,ITALY,Audio Radio,Innovative Use of Audio Radio,Amplifon,The Special Hearing Test,Amplifon,SMALL,New York
LIA Awards,2025,Bronze,BBDO Guerrero,Makati,PHILIPPINES,Audio Radio,Beverages Campaign,Mountain Dew,Fighter Zombie Racing,PepsiCo Philippines,BBDO Guerrero,Makati
LIA Awards,2025,Bronze,Global Media Entertainment,London,UNITED KINGDOM,Audio Radio,Craft Performance-Casting,Admiral,Empty Words,Admiral Insurance,Global Creative,London
LIA Awards,2025,Bronze,DAVID New York,New York,UNITED STATES,Audio Radio,Branded Entertainment,Clash of Clans,Hammerless,Supercell,DAVID New York,New York
LIA Awards,2025,Bronze,Area 23 an IPG Health Company,New York,UNITED STATES,Audio Radio,Health Pharma,Eurofarma-Unicorns Unicorns-Cherab Foundation,Autism Rocks,Eurofarma-Cherab Foundation,Area 23 an IPG Health Company,New York
LIA Awards,2025,Bronze,Area 23 an IPG Health Company,New York,UNITED STATES,Audio Radio,Craft Music Adaptation - Song,Mollies Fund - Mollies Melanoma Awareness,You Are My Sunshine - Radio,Mollies Fund,Area 23 an IPG Health Company,New York
LIA Awards,2025,Bronze,Ogilvy Group Germany,Frankfurt,GERMANY,Billboard,Craft Art Direction Campaign,German Rail - Connecting Europe,Netherlands Austria Denmark Spain,German Rail,Ogilvy Group Germany,Frankfurt
LIA Awards,2025,Bronze,David,Madrid,SPAIN,Billboard,Craft Art Direction Campaign,Coca-Cola,Mimi Awning El Campo Awning Prado Awning,The Coca-Cola Company,DAVID,Madrid
LIA Awards,2025,Bronze,DAVID,Madrid,SPAIN,Billboard,B2B Campaign,JCDecaux - Still Open,Rafa de 3 Imprenta,JCDecaux Spain,DAVID,Madrid
LIA Awards,2025,Bronze,Leo Dubai,Dubai,UNITED ARAB EMIRATES,Billboard,Craft Art Direction Campaign,NBA India - The Great Indian Dunk,Jordan 23 Kobe 08 Lebron 06 Shaq 34,NBA,Leo Dubai,Dubai
LIA Awards,2025,Bronze,Leo Dubai,Dubai,UNITED ARAB EMIRATES,Billboard,Sports Campaign,NBA India - The Great Indian Dunk,Jordan 23 Kobe 08 Lebron 06 Shaq 34,NBA,Leo Dubai,Dubai
LIA Awards,2025,Bronze,DAVID,Miami,UNITED STATES,Billboard,Craft Photography Campaign,Corona - Corona Eclipse,Uruguay Brazil Argentina,AB INBEV,DAVID,Miami
LIA Awards,2025,Bronze,Area 23 an IPG Health Company,New York,UNITED STATES,Billboard,Creative Use of Data Campaign,Equality Health Foundation - Zip Code Exam,Outdoor Houston Outdoor New York Outdoor Phoenix,Equality Health Foundation,Area 23 an IPG Health Company,New York
LIA Awards,2025,Bronze,FCB Chicago,Chicago,UNITED STATES,Billboard,Health Pharma,Goodys Pain Powder,Smile 20,Prestige Consumer Healthcare,FCB Chicago,Chicago
LIA Awards,2025,Bronze,FCB Chicago,Chicago,UNITED STATES,Billboard,Innovative Use of Billboard,Goodys Pain Powder,Smile 20,Prestige Consumer Healthcare,FCB Chicago,Chicago
LIA Awards,2025,Bronze,Ogilvy Brasil,Sao Paulo,BRAZIL,Branded Content,Scripted Short Film,Hasbro Brasil,DungeonsDragons The Lost Episode,Hasbro Brasil,Ogilvy Brasil,Sao Paulo
LIA Awards,2025,Bronze,Rethink,Toronto,CANADA,Branded Content,Use of Social Media,Kraft Heinz,Cant Unsee It,Kraft Heinz,Rethink,Toronto
LIA Awards,2025,Bronze,Klick Health,Toronto,CANADA,Branded Content,Scripted Short Film,Second Nurture,18 Months,Second Nurture,Klick Health,Toronto
LIA Awards,2025,Bronze,INNOCEAN,Seoul,KOREA,Branded Content,Scripted Short Film,IONIQ,Night Fishing,Hyundai Motor Company,INNOCEAN,Seoul
LIA Awards,2025,Bronze,MRM Spain,Madrid,SPAIN,Branded Content,Documentary Short Film,Opella-Enterogermina,The Anti Murphy s Law Toast,Opella-Enterogermina,MRM Spain,Madrid
LIA Awards,2025,Bronze,adameveDDB US,New York,UNITED STATES,Branded Content,Scripted Short Film,Disney,The Boy The Octopus,Disney,adameveDDB London-adameveDDB New York-adameveDDB,Los Angeles
LIA Awards,2025,Bronze,Apple Marcom Cupertino TBWA-Media Arts Lab,Los Angeles,UNITED STATES,Branded Entertainment,Scripted Short Film,Apple,Submerged,Apple,TBWA-Media Arts Lab,Los Angeles
LIA Awards,2025,Bronze,Energy BBDO,Chicago,UNITED STATES,Branded Entertainment,Zeitgeist,Change The Ref,The Final Exam,Change The Ref,Energy BBDO,Chicago
LIA Awards,2025,Bronze,GUT,Buenos Aires,ARGENTINA,Creative Strategy,Experiential,PedidosYa,Never Stop Ordering,Delivery Hero,GUT,Buenos Aires
LIA Awards,2025,Bronze,TOPic,Beijing,CHINA,Creative Strategy,Contextual Insight,Yili,Twin Sister of Olympic,Yili,,
LIA Awards,2025,Bronze,Buzzman,Paris,FRANCE,Creative Strategy,Partnership Collaboration,Burger King France,BK x KFC The Impossible Collab,Burger King and KFC,Buzzman Paris-Havas,Puteaux
LIA Awards,2025,Bronze,Havas Play,Puteaux,FRANCE,Creative Strategy,Partnership Collaboration,LVMH,The Partnership That Changed Everything,LVMH,Havas Play Puteaux-Havas Events Puteaux-Havas Paris,Puteaux
LIA Awards,2025,Bronze,Prime Weber Shandwick,Stockholm,SWEDEN,Creative Strategy,Breaking Sector Convention,Komatsu Demining Cambodia,Stories of Gentle Giants,Komatsu,,
LIA Awards,2025,Bronze,BBDO New York,New York,UNITED STATES,Creative Strategy,Long-term Creative Strategy-Effectiveness,Sandy Hook Promise,Know The Signs,Sandy Hook Promise,BBDO New York,New York
LIA Awards,2025,Bronze,DDB Colombia,Bogota,COLOMBIA,Creative Use of Data,Data-Led Targeting,Procolombia,Humanimal Tourism,Jorge Ivan Rueda,DDB Colombia,Bogota
LIA Awards,2025,Bronze,MRM Germany,Frankfurt,GERMANY,Creative Use of Data,Data Collection and Research,Life Donor Card,Life Donor Card,Mastercard,MRM GERMANY,Frankfurt
LIA Awards,2025,Bronze,DDB Group Aotearoa,Auckland,NEW ZEALAND,Creative Use of Data,Data Visualization,Samsung,Worst Childrens Library,Samsung New Zealand,DDB Group Aotearoa,
LIA Awards,2025,Bronze,VML,Riyadh,SAUDI ARABIA,Creative Use of Data,Real-Time Data,Hungerstation,The Shaded Route,Hungerstation,VML,Riyadh
LIA Awards,2025,Bronze,Area 23 an IPG Health Company,New York,UNITED STATES,Creative Use of Data,Data Visualization,Equality Health Foundation,Zip Code Exam,Equality Health Foundation,Area 23 an IPG Health Company,New York
LIA Awards,2025,Bronze,Publicis Conseil,Paris,FRANCE,Creativity In B2B,Corporate Purpose-Social Responsibility,Working with Cancer,Screening Time-Off,Working with Cancer,Publicis Conseil,Paris
LIA Awards,2025,Bronze,Ogilvy Group Germany,Frankfurt,GERMANY,Creativity In B2B,B2B Craft,German Rail,Connecting Europe,German Rail,Ogilvy Group Germany,Frankfurt
LIA Awards,2025,Bronze,LePub,Milan,ITALY,Creativity In B2B,Corporate Purpose-Social Responsibility,Heineken,Starring Bars,Heineken,LePub Milan-LePub Singapore,Singapore
LIA Awards,2025,Bronze,Area 23 an IPG Health Company,New York,UNITED STATES,Creativity In B2B,B2B Craft,Gaviao Kyikateje FC,Kyikateje,Gaviao Kyikateje FC,Area 23 an IPG Health Company,New York
LIA Awards,2025,Bronze,Area 23 an IPG Health Company,New York,UNITED STATES,Creativity In B2B,Best Local Market,Gaviao Kyikateje FC,Kyikateje,Gaviao Kyikateje FC,Area 23 an IPG Health Company,New York
LIA Awards,2025,Bronze,Mercado McCann,Buenos Aires,ARGENTINA,Creativity In Media,Challenger Brand,Schneider,The Lucky Sponsor,CCU,Mercado McCann Buenos Aires-McCann Worldgroup,New York
LIA Awards,2025,Bronze,Artplan,Sao Paulo,BRAZIL,Creativity In Media,Corporate Purpose-Social Responsibility,Vtex,Re-commerce Atacama,Vtex,Artplan,Sao Paulo
LIA Awards,2025,Bronze,Publicis,Toronto,CANADA,Creativity In Media,Use of Ambient Media,Dairy Queen,Big Red Spoons,Dairy Queen,Publicis,Toronto
LIA Awards,2025,Bronze,DAVID,Bogota,COLOMBIA,Creativity In Media,Use of Events and Stunts,Aguila,Stadium Roulette,AB INBEV,DAVID,Bogota
LIA Awards,2025,Bronze,DAVID,Bogota,COLOMBIA,Creativity In Media,B2B,Aguila,Unmelting Loyalty,AB InBev,DAVID,Bogota
LIA Awards,2025,Bronze,DDB Colombia,Bogota,COLOMBIA,Creativity In Media,Use of Data Analytics,Procolombia,Humanimal Tourism,Jorge Ivan Rueda,DDB Colombia,Bogota
LIA Awards,2025,Bronze,BETC,Paris,FRANCE,Creativity In Media,Use of Outdoor,Citroen,Bumpboards,Stellantis,BETC,Paris
LIA Awards,2025,Bronze,McCann Paris,Paris,FRANCE,Creativity In Media,Use of Events and Stunts,Saforelle,Skincare For Down There,Biocodex,McCann Paris Paris-McCann Health London An IPG Health Company,London
LIA Awards,2025,Bronze,Saatchi Saatchi Germany,Dusseldorf,GERMANY,Creativity In Media,Consumer Packaged Goods-FMCG,Oreo,Oreo Square Cookie,Mondelez International,Saatchi Saatchi Germany,
LIA Awards,2025,Bronze,Ogilvy,Mumbai,INDIA,Creativity In Media,Creating Culture,Vi Vodafone Idea,Vi Guardian Beads,Vi Vodafone Idea,Ogilvy,Mumbai
LIA Awards,2025,Bronze,Droga5 Dublin Part of Accenture Song,Dublin,IRELAND,Creativity In Media,Non-Profit,Samaritans Dublin,26 Minutes,Samaritans Dublin,Droga5 Dublin Part of Accenture Song,Dublin
LIA Awards,2025,Bronze,LePub,Milan,ITALY,Creativity In Media,Use of Events and Stunts,Toblerone,Tantrum Girl,Modelez,LePub,Milan
LIA Awards,2025,Bronze,DDB Group Aotearoa,Auckland,NEW ZEALAND,Creativity In Media,Use of Retail Media,Vogels,Certified Toasters,Goodman Fielder,DDB Group Aotearoa,Auckland
LIA Awards,2025,Bronze,Star5,Panama,PANAMA,Creativity In Media,Use of Outdoor,Nescafe,Decaf Billboards,Nestle,Star5 Ogilvy,Panama
LIA Awards,2025,Bronze,DAVID,Madrid,SPAIN,Creativity In Media,Use of Outdoor,Coca-Cola,Shades of Red,The Coca Cola Company,DAVID,Madrid
LIA Awards,2025,Bronze,DAVID,Madrid,SPAIN,Creativity In Media,B2B,JCDecaux,Still Open,JCDecaux Spain,DAVID,Madrid
LIA Awards,2025,Bronze,JONGLUCKDEE,Bangkok,THAILAND,Creativity In Media,Use of Events and Stunts,Netflix,Young-Hee Freezes Bangkok,Netflix Thailand,JONGLUCKDEE,Bangkok
LIA Awards,2025,Bronze,Initiative UK,London,UNITED KINGDOM,Creativity In Media,Health Pharma,Bupa Health Insurance,Health Is,Bupa,Momentum Worldwide,London
LIA Awards,2025,Bronze,VML,New York,UNITED STATES,Creativity In Media,Multi-Channel Media,Foundation to Combat Antisemitism FCAS,Timeout Against Hate,Foundation to Combat Antisemitism,VML,New York
LIA Awards,2025,Bronze,FCB Chicago,Chicago,UNITED STATES,Creativity In Media,Health Pharma,Goodys Pain Powder,Smile 20,Prestige Consumer Healthcare,FCB Chicago,Chicago
LIA Awards,2025,Bronze,VML,New York,UNITED STATES,Creativity In Media,Consumer Packaged Goods-FMCG,Kleenex,Kleenex Score,Kimberly-Clark,VML,New York
LIA Awards,2025,Bronze,VML,Montevideo,URUGUAY,Creativity In Media,Retail E-Commerce,TaTa,The Rewards Bag,GDN,VML,Montevideo
LIA Awards,2025,Bronze,Cappuccino,Sao Paulo,BRAZIL,Creativity In PR,Public Service-Charity-NGO,NGO Maes da Se,T-SEARCH,NGO Maes da Se,Cappuccino,Sao Paulo
LIA Awards,2025,Bronze,AlmapBBDO,Sao Paulo,BRAZIL,Creativity In PR,Corporate Purpose-Social Responsibility,Pedigree,Pedigree Caramelo,Mars,AlmapBBDO,Sao Paulo
LIA Awards,2025,Bronze,Artplan,Sao Paulo,BRAZIL,Creativity In PR,Best Local-Regional-National Market,Vtex,Re-commerce Atacama,Vtex,Artplan,Sao Paulo
LIA Awards,2025,Bronze,Rethink,Toronto,CANADA,Creativity In PR,Best Use of Sponsorship,Kraft Heinz,Cant Unsee It,Kraft Heinz,Rethink,Toronto
LIA Awards,2025,Bronze,Sancho BBDO,Bogota,COLOMBIA,Creativity In PR,Best Local-Regional-National Market,Netflix,The Self Lawsuit,Netflix,Sancho BBDO,Bogota
LIA Awards,2025,Bronze,Sancho BBDO,Bogota,COLOMBIA,Creativity In PR,Influencer Marketing,Netflix,The Self Lawsuit,Netflix,Sancho BBDO,Bogota
LIA Awards,2025,Bronze,BETC,Paris,FRANCE,Creativity In PR,Best Local-Regional-National Market,Heetch,Choose Uber,Heetch,BETC,Paris
LIA Awards,2025,Bronze,BETC,Paris,FRANCE,Creativity In PR,Challenger Brand,Heetch,Choose Uber,Heetch,BETC,Paris
LIA Awards,2025,Bronze,Publicis Conseil,Paris,FRANCE,Creativity In PR,Automotive,Renault,Safety Car,Renault,Publicis Conseil,Paris
LIA Awards,2025,Bronze,Publicis Conseil,Paris,FRANCE,Creativity In PR,Health Care Services,Working with Cancer,Screening Time-Off,Working with Cancer,Publicis Conseil,Paris
LIA Awards,2025,Bronze,LePub,Milan,ITALY,Creativity In PR,Corporate Purpose-Social Responsibility,Heineken,Pub Succession,Heineken,LePub Milan-Publicis Dublin,Dublin
LIA Awards,2025,Bronze,LePub,Milan,ITALY,Creativity In PR,Best Global Market,Heineken,Starring Bars,Heineken,LePub Milan-LePub Singapore,Singapore
LIA Awards,2025,Bronze,LePub,Milan,ITALY,Creativity In PR,Food and Beverage,Heineken,Starring Bars,Heineken,LePub Milan-LePub Singapore,Singapore
LIA Awards,2025,Bronze,Leo Manila,Makati,PHILIPPINES,Creativity In PR,Corporate Purpose-Social Responsibility,McDonalds,Night Classroom,McDonalds Philippines,Leo Manila,Makati
LIA Awards,2025,Bronze,Sips Bites,London,UNITED KINGDOM,Creativity In PR,Best Use of Sponsorship,Doritos,Doritos Square,PepsiCo,Sips Bites,London
LIA Awards,2025,Bronze,Publicis London,London,UNITED KINGDOM,Creativity In PR,Best Local-Regional-National Market,Heineken,HeineCare,Heineken,Publicis London London-LePub,Amsterdam
LIA Awards,2025,Bronze,Edelman,London,UNITED KINGDOM,Creativity In PR,Food and Beverage,Hellmanns Mayonnaise,Mayo Exchange,Unilever,Edelman,London
LIA Awards,2025,Bronze,Edelman,New York,UNITED STATES,Creativity In PR,Best Use of Sponsorship,Allegra,Pit Shop,Opella,Edelman,New York
LIA Awards,2025,Bronze,Dentsu Creative US,New York,UNITED STATES,Creativity In PR,Best Local-Regional-National Market,Crayola,Returning Creativity,Crayola,Dentsu Creative US,New York
LIA Awards,2025,Bronze,Area 23 an IPG Health Company,New York,UNITED STATES,Creativity In PR,Public and Political Affairs,Equality Health Foundation,Zip Code Exam,Equality Health Foundation,Area 23 an IPG Health Company,New York
LIA Awards,2025,Bronze,Area 23 an IPG Health Company,New York,UNITED STATES,Creativity In PR,Best Use of Sponsorship,Gaviao Kyikateje FC,Kyikateje,Gaviao Kyikateje FC,Area 23 an IPG Health Company,New York
LIA Awards,2025,Bronze,Colle McVoy,Minneapolis,UNITED STATES,Creativity In PR,Media Relations,La-Z-Boy,Ban Reclining,La-Z-Boy Incorporated,Colle McVoy,Minneapolis
LIA Awards,2025,Bronze,Havas NY,New York,UNITED STATES,Creativity In PR,Corporate Purpose-Social Responsibility,Us Weekly x the harris project,The Missing Issue,Us Weekly,Havas NY,New York
LIA Awards,2025,Bronze,Havas NY,New York,UNITED STATES,Creativity In PR,Health Care Services,Us Weekly x the harris project,The Missing Issue,Us Weekly,Havas NY,New York
LIA Awards,2025,Bronze,Artplan,Sao Paulo,BRAZIL,Design,Craft Art Direction,Idomed - Instituto Yduqs,Nigrum Corpus,Idomed-Instituto Yduqs,Artplan,Sao Paulo
LIA Awards,2025,Bronze,Artplan,Sao Paulo,BRAZIL,Design,Editorial Design,Idomed - Instituto Yduqs,Nigrum Corpus,Idomed-Instituto Yduqs,Artplan,Sao Paulo
LIA Awards,2025,Bronze,Grey Brasil,Sao Paulo,BRAZIL,Design,Innovative Use of Design,Zespri,The 100 Home Compostable Sticker,Zespri International Limited,Grey Brasil,Sao Paulo
LIA Awards,2025,Bronze,Klick Health,Toronto,CANADA,Design,Product Design,Infinito Mare,Self-Healing Float,Infinito Mare,Klick Health,Toronto
LIA Awards,2025,Bronze,Klick Health,Toronto,CANADA,Design,Public Service-Charity-NGO,Second Nurture,18 Months,Second Nurture,Klick Health,Toronto
LIA Awards,2025,Bronze,Marcel,Paris,FRANCE,Design,Craft Typography,Kiehls,Pubic Service Announcement,LOreal,Marcel,Paris
LIA Awards,2025,Bronze,Scholz Friends,Berlin,GERMANY,Design,Craft Art Direction Campaign,Berliner Philharmoniker,Stage Floor Great Hall,Berliner Philharmonie gGmbH,Scholz Friends,Berlin
LIA Awards,2025,Bronze,Scholz Friends,Berlin,GERMANY,Design,Logos,Tiroler Festspiele Erl,Brand Design,Tiroler Festspiele Erl,Scholz Friends Berlin-Scholz Friends,Vienna
LIA Awards,2025,Bronze,Accenture Song Germany,Hamburg,GERMANY,Design,Data Visualization,WWF Germany,GhostNetZero,WWF Germany,Accenture Song Germany,Hamburg
LIA Awards,2025,Bronze,Accenture Song Germany,Hamburg,GERMANY,Design,Sustainable Design SDG,WWF Germany,GhostNetZero,WWF Germany,Accenture Song Germany,Hamburg
LIA Awards,2025,Bronze,Ogilvy Hong Kong,Hong Kong,HONG KONG,Design,Craft Visual Design Campaign,Coca-Cola - Year of the Snake,Bus Train Street Skate Dress,The Coca-Cola Company,Ogilvy Singapore Singapore-Ogilvy Hong Kong Hong Kong-Ogilvy Shanghai,Shanghai
LIA Awards,2025,Bronze,NNNNNNN,Hong Kong,HONG KONG,Design,Experiential Design,HSBC Hong Kong,HSBC 160th Anniversary Rube Goldberg Machine,HSBC Hong Kong,NNNNNNN Hong Kong-Omnicom Media Group,Hong Kong
LIA Awards,2025,Bronze,TBWA-Hakuhodo Inc,Tokyo,JAPAN,Design,Prototype,Nissan Motor Co Ltd,INTELLIGENT PUPPET IRUYO,Nissan Motor Co Ltd,TBWA-Hakuhodo Inc,Tokyo
LIA Awards,2025,Bronze,INNOCEAN,Seoul,KOREA,Design,Spatial Design,Iljuk Bathhouse,Life-Saving Bathhouse,Anseong City,INNOCEAN,Seoul
LIA Awards,2025,Bronze,Ogilvy,Colombo,SRI LANKA,Design,Creativity on a Budget,Promate,Second Life Notebooks,PrintXcel Pvt Ltd,Ogilvy,Colombo
LIA Awards,2025,Bronze,LePub,Amsterdam,THE NETHERLANDS,Design,Prototype,Heineken,The Flipper,Heineken,LePub Amsterdam-LePub,Milan
LIA Awards,2025,Bronze,LePub,Amsterdam,THE NETHERLANDS,Design,Sustainable Design SDG,Philips,Fixables,Philips,LePub Amsterdam-LePub,Milan
LIA Awards,2025,Bronze,Leo Dubai,Dubai,UNITED ARAB EMIRATES,Design,Craft Art Direction Campaign,NBA India - The Great Indian Dunk,Jordan 23 Kobe 08 Lebron 06 Shaq 34,NBA,Leo Dubai,Dubai
LIA Awards,2025,Bronze,Leo Dubai,Dubai,UNITED ARAB EMIRATES,Design,Craft Photography Campaign,NBA India - The Great Indian Dunk,Jordan 23 Kobe 08 Lebron 06 Shaq 34,NBA,Leo Dubai,Dubai
LIA Awards,2025,Bronze,MullenLowe US,New York,UNITED STATES,Design,Poster Campaign,Art Directors Club,Be Seen by the Best Eyes Campaign,The One Club for Creativity,MullenLowe US,New York
LIA Awards,2025,Bronze,FCB Chicago,Chicago,UNITED STATES,Design,Zeitgeist,Caption with Intention,Caption with Intention,Rakish Entertainment,FCB Chicago,Chicago
LIA Awards,2025,Bronze,Ogilvy,Chicago,UNITED STATES,Design,Craft Typography,Chicago International Film Festival,60 Years of Film,Chicago International Film Festival,Ogilvy,Chicago
LIA Awards,2025,Bronze,Ogilvy New York,New York,UNITED STATES,Design,Craft Photography Campaign,Dove - Get Unready,Carnaval Holi Mardi Gras New Years St Patricks,Unilever,Ogilvy,New York
LIA Awards,2025,Bronze,VML,Detroit,UNITED STATES,Design,Product Design,Ford,SupportBelt,Ford,VML,Detroit
LIA Awards,2025,Bronze,FCB New York,New York,UNITED STATES,Design,Creative Use of Data,Hyundai Motor Company,Tree Correspondents,Hyundai Motor Company,FCB New York,New York
LIA Awards,2025,Bronze,Leo Australia,Sydney,AUSTRALIA,Digital,Corporate Purpose-Social Responsibility,Suncorp Insurance,Suncorp Haven,Suncorp Insurance,Leo Australia,Sydney
LIA Awards,2025,Bronze,DAVID,Sao Paulo,BRAZIL,Digital,Gaming,BIS,The WhatsApp Saga,Mondelez Brasil Ltda,DAVID,Sao Paulo
LIA Awards,2025,Bronze,INNOCEAN,Berlin,GERMANY,Digital,Apps,Billy Boy,Camdom The First Digital Condom,BILLY BOY,INNOCEAN,Berlin
LIA Awards,2025,Bronze,SERVICEPLAN GERMANY,Munich,GERMANY,Digital,Banking Finance,Herconomy,Breastmilk Money,Herconomy,SERVICEPLAN GERMANY,Munich
LIA Awards,2025,Bronze,Ogilvy Group Germany,Hamburg,GERMANY,Digital,Craft Art Direction,Namae Koi,Namae Koi,Artist,loved,Hamburg
LIA Awards,2025,Bronze,Saatchi Saatchi Germany,Dusseldorf,GERMANY,Digital,Mobile Advertising,Oreo,Oreo Square Cookie,Mondelez International,Saatchi Saatchi Germany,
LIA Awards,2025,Bronze,BigTime Creative Shop,Riyadh,SAUDI ARABIA,Digital,Creative Use of Data,The Ring,4th Judge,The Ring,BigTime Creative Shop,Riyadh
LIA Awards,2025,Bronze,Publicis Middle East,Dubai,UNITED ARAB EMIRATES,Digital,Creativity on a Budget,KitKat,Auto Reply-Break,Nestle Middle East,Publicis Middle East,Dubai
LIA Awards,2025,Bronze,McCann London,London,UNITED KINGDOM,Digital,Entertainment,Xbox,The Cheeky Controller,Xbox,McCann London,London
LIA Awards,2025,Bronze,MullenLowe US,New York,UNITED STATES,Digital,Craft Animation-Motion Graphics,Art Directors Club,Be Seen By The Best Eyes,The One Club for Creativity,MullenLowe US,New York
LIA Awards,2025,Bronze,VML,New York,UNITED STATES,Digital,Branded Content,Kleenex,Kleenex Score,Kimberly-Clark,VML,New York
LIA Awards,2025,Bronze,McCann NY,New York,UNITED STATES,Digital,Use of Social Media,Mastercard,From Fan to Featured,Mastercard,McCann XBC,New York
LIA Awards,2025,Bronze,Ogilvy,Chicago,UNITED STATES,Digital,Sustainability SDG,SC Johnson,Zuzu,SC Johnson,Ogilvy,Chicago
LIA Awards,2025,Bronze,DAVID Buenos Aires,Buenos Aires,ARGENTINA,Direct,Out of Home - Instore and Transit,Cerveza Aguila,Antenaguila,AB InBev,DAVID Buenos Aires Buenos Aires-DAVID Bogota,Bogota
LIA Awards,2025,Bronze,AlmapBBDO,Sao Paulo,BRAZIL,Direct,Good and Purpose,Pedigree,Pedigree Caramelo,Mars,AlmapBBDO,Sao Paulo
LIA Awards,2025,Bronze,Artplan,Sao Paulo,BRAZIL,Direct,Digital,Vtex,Re-commerce Atacama,Vtex,Artplan,Sao Paulo
LIA Awards,2025,Bronze,DAVID,Bogota,COLOMBIA,Direct,Loyalty Programs,Aguila,Unmelting Loyalty,AB InBev,DAVID,Bogota
LIA Awards,2025,Bronze,Ogilvy,Santo Domingo,DOMINICAN REPUBLIC,Direct,Out of Home - Instore and Transit,Chevrolet,Night Signals,Santo Domingo Motors,Ogilvy,Santo Domingo
LIA Awards,2025,Bronze,Buzzman,Paris,FRANCE,Direct,Out of Home - Instore and Transit,Musee de lArmee,See Them for Real,Musee de lArmee,Buzzman,Paris
LIA Awards,2025,Bronze,SERVICEPLAN GERMANY,Munich,GERMANY,Direct,Digital,Herconomy,Breastmilk Money,Herconomy,SERVICEPLAN GERMANY,Munich
LIA Awards,2025,Bronze,SERVICEPLAN GERMANY,Munich,GERMANY,Direct,Craft Art Direction,PENNY,Price Packs,PENNY,SERVICEPLAN GERMANY,Munich
LIA Awards,2025,Bronze,Ogilvy,Mumbai,INDIA,Direct,Good and Purpose,Vi Vodafone Idea,Vi Guardian Beads,Vi Vodafone Idea,Ogilvy,Mumbai
LIA Awards,2025,Bronze,DDB Group Aotearia,Auckland,NEW ZEALAND,Direct,Direct Mail,Vogels Very Thin,Toastcards,Goodman Fielder,DDB Group Aotearoa,Auckland
LIA Awards,2025,Bronze,LePub,Amsterdam,THE NETHERLANDS,Direct,Innovation,Philips,Fixables,Philips,LePub Amsterdam-LePub,Milan
LIA Awards,2025,Bronze,DAVID,Miami,UNITED STATES,Direct,Craft Photography,Corona,Eclipse,AB INBEV,DAVID,Miami
LIA Awards,2025,Bronze,VML,New York,UNITED STATES,Direct,Digital,Ziploc,Preserved Promos,SC Johnson,VML New York-Obviously,New York
LIA Awards,2025,Bronze,Grey Brasil,Sao Paulo,BRAZIL,Evolution,Brand Action,Corona Brasil,Sun Reserve,AB INBEV,Grey Brasil,Sao Paulo
LIA Awards,2025,Bronze,McCann,London,UNITED KINGDOM,Evolution,Product Innovation,Reef Protection Factor,Reef Protection Factor,Stream2Sea,McCann,London
LIA Awards,2025,Bronze,VML,New York,UNITED STATES,Evolution,Creativity in Commerce,Ziploc,Preserved Promos,SC Johnson,VML New York-Obviously,New York
LIA Awards,2025,Bronze,Artplan,Sao Paulo,BRAZIL,Health Wellness,Education and Services,Idomed - Instituto Yduqs,Nigrum Corpus,Idomed-Instituto Yduqs,Artplan,Sao Paulo
LIA Awards,2025,Bronze,Publicis Toronto,Toronto,CANADA,Health Wellness,Animal Health,Matties Place,Pet-ition,Matties Place,Publicis,Toronto
LIA Awards,2025,Bronze,Ogilvy Colombia,Bogota,COLOMBIA,Health Wellness,Creative Use of Data,Nestle CAM,Low Hanging Nutrients,Nestle CAM,Ogilvy Colombia,Bogota
LIA Awards,2025,Bronze,BETC,Paris,FRANCE,Health Wellness,Tech and Personal Devices,Laboratoire Gallia,Mommyphone,Danone,BETC,Paris
LIA Awards,2025,Bronze,BETC,Paris,FRANCE,Health Wellness,Creativity on a Budget,Seconde Chance,The Black Dogs,Seconde Chance,BETC,Paris
LIA Awards,2025,Bronze,SERVICEPLAN GERMANY,Munich,GERMANY,Health Wellness,Innovation,Herconomy,Breastmilk Money,Herconomy,SERVICEPLAN GERMANY,Munich
LIA Awards,2025,Bronze,Cheil,Hong Kong,HONG KONG,Health Wellness,Innovation,Save the Children,Safe Sketch,Save the Children,Cheil,Hong Kong
LIA Awards,2025,Bronze,VML,Riyadh,SAUDI ARABIA,Health Wellness,AI-Enabled Health Wellness,Hungerstation,The Shaded Route,Hungerstation,VML,Riyadh
LIA Awards,2025,Bronze,Ogilvy Bangkok,Bangkok,THAILAND,Health Wellness,Health Institutions Campaign,MedPark Hospital,Daughter Grandma Girlfriend,MedPark Hospital,Ogilvy Bangkok,Bangkok
LIA Awards,2025,Bronze,Saatchi Saatchi ME,Dubai,UNITED ARAB EMIRATES,Health Wellness,Education and Services,Nana,Ruby Blooms,Essity Nana,Saatchi Saatchi ME,Dubai
LIA Awards,2025,Bronze,AMVBBDO,London,UNITED KINGDOM,Health Wellness,Corporate Communication,Essity-Bodyform,Never Just A Period,Essity Bodyform,AMVBBDO,London
LIA Awards,2025,Bronze,Ogilvy UK,London,UNITED KINGDOM,Health Wellness,Creativity on a Budget,Great Ormond Street Hospital Charity,Just Make It,Great Ormond Street Hospital Charity,Ogilvy UK,London
LIA Awards,2025,Bronze,Havas Lynx,Manchester,UNITED KINGDOM,Health Wellness,Innovation,Nutri Ice,Creamotherapy,My Doctors Recipe,Havas Lynx,Manchester
LIA Awards,2025,Bronze,Treace Medical Concepts,Ponte Vedra Beach,UNITED STATES,Health Wellness,Product Design,Comeback Kicks,Comeback Kicks,Treace Medical Concepts Dovetail Therapeutics,21GRAMS part of Real Chemistry,New York
LIA Awards,2025,Bronze,Area 23 an IPG Health Company,New York,UNITED STATES,Health Wellness,Creative Use of Data Campaign,Equality Health Foundation - Inequality Boards,Outdoor Houston Outdoor New York Outdoor Phoenix,Equality Health Foundation,Area 23 an IPG Health Company,New York
LIA Awards,2025,Bronze,Area 23 an IPG Health Company,New York,UNITED STATES,Health Wellness,Public Service-Charity-NGO Campaign,Equality Health Foundation - Inequality Boards,Outdoor Houston Outdoor New York Outdoor Phoenix,Equality Health Foundation,Area 23 an IPG Health Company,New York
LIA Awards,2025,Bronze,FCB Chicago,Chicago,UNITED STATES,Health Wellness,OTC - Over-the-Counter,Goodys Pain Powder,Smile 20,Prestige Consumer Healthcare,FCB Chicago,Chicago
LIA Awards,2025,Bronze,Area 23 an IPG Health Company,New York,UNITED STATES,Health Wellness,Education and Services Campaign,Melanoma Awareness,Unnoticed Sponsorship,Instituto Melanoma Brasil,Area 23 an IPG Health Company,New York
LIA Awards,2025,Bronze,21GRAMS,New York,UNITED STATES,Health Wellness,Education and Services,Sober Sidekick,Cancer Chips,Sober Sidekick,21GRAMS,New York City
LIA Awards,2025,Bronze,TBS,Madrid,SPAIN,Health Wellness-Craft,Art Direction,Daflon,First Oral Treatment,Servier,TBS,Madrid
LIA Awards,2025,Bronze,Havas Lynx,Manchester,UNITED KINGDOM,Health Wellness-Craft,Art Direction Campaign,The Lady Garden Foundation,Blooming Vulva OOHBlooming Vulva SocialBlooming Vulva Digital,The Lady Garden Foundation,Havas Lynx,Manchester
LIA Awards,2025,Bronze,Leo Chicago,Chicago,UNITED STATES,Health Wellness-Craft,Performance-Casting,Huggies,Little Fighter,Kimberly-Clark,Leo Chicago Chicago-Le Truc New York-Publicis Groupe,Chicago
LIA Awards,2025,Bronze,FCB Health New York an IPG Health Company,New York,UNITED STATES,Health Wellness-Craft,Art Direction,SAFE Project,The Snowball,SAFE Project,FCB Health New York an IPG Health Company,New York
LIA Awards,2025,Bronze,FCB Health New York an IPG Health Company,New York,UNITED STATES,Health Wellness-Craft,Music Adaptation - Song,SAFE Project,The Snowball,SAFE Project,FCB Health New York an IPG Health Company,New York
LIA Awards,2025,Bronze,ATimePlace,Melbourne,AUSTRALIA,Integration,Automotive,Suzuki,The Suzuki Index,Suzuki Automotive,ATimePlace,Melbourne
LIA Awards,2025,Bronze,ATimePlace,Melbourne,AUSTRALIA,Integration,Creative Use of Data,Suzuki,The Suzuki Index,Suzuki Automotive,ATimePlace,Melbourne
LIA Awards,2025,Bronze,McCann Paris,Paris,FRANCE,Integration,Branded Entertainment,LOreal Paris,The Final Copy of Ilon Specht,LOreal Paris,McCann Paris Paris-McCann Worldgroup,New York
LIA Awards,2025,Bronze,HeimatTBWA- Germany,Berlin,GERMANY,Integration,Challenger Brand,Freie Demokraten FDP,Europa Wahlkampagne,Freie Demokraten FDP,HeimatTBWA- Germany,Berlin
LIA Awards,2025,Bronze,Saatchi Saatchi Germany,Dusseldorf,GERMANY,Integration,Gaming,Oreo,Oreo Square Cookie,Mondelez International,Saatchi Saatchi Germany,
LIA Awards,2025,Bronze,LePub Mexico City,Mexico City,MEXICO,Integration,Zeitgeist,Tecate Light,Gulf of Mexico Bar,Heineken Group,LePub Mexico City,Mexico City
LIA Awards,2025,Bronze,David,Madrid,SPAIN,Integration,Beverages,Coca-Cola,Shades of Red,The Coca Cola Company,DAVID,Madrid
LIA Awards,2025,Bronze,Beijing 20k Miles Culture Communications CoLtd,Beijing,CHINA,Music Sound,Sound Design,HUAWEI,HUAWEI Care,VISUAL SIGNALTAO,,
LIA Awards,2025,Bronze,Saatchi Saatchi Germany,Dusseldorf,GERMANY,Music Sound,Music Adaptation - Song,Deutsche Telekom,Bubbles,Deutsche Telekom,Saatchi Saatchi Germany-MUW Saatchi Saatchi Bratislava,
LIA Awards,2025,Bronze,Ogilvy,Mumbai,INDIA,Music Sound,Experiential Use of Music Sound,Brooke Bond Taj Mahal Tea,Chai Bansuri - The Tea Flute,Brooke Bond Taj Mahal Tea,Ogilvy,Mumbai
LIA Awards,2025,Bronze,Grey Mexico,Mexico City,MEXICO,Music Sound,Sound Design,Newspaper la Union y Articulo 19,The Shooting,Newspaper la Union y Articulo 19,Grey Mexico,Mexico City
LIA Awards,2025,Bronze,750mph,London,UNITED KINGDOM,Music Sound,Sound Mixing,Amazon Books,Bring a Book to Life,Amazon,Droga5 Part of Accenture Song,London
LIA Awards,2025,Bronze,Biscuit Filmworks,London,UNITED KINGDOM,Music Sound,Sound Design,Channel 4,Paris Paralympics 2024 Considering What,Channel 4,4creative,London
LIA Awards,2025,Bronze,750mph,London,UNITED KINGDOM,Music Sound,Sound Design,Netflix,Youre Not Ready,Netflix,Wieden Kennedy,Portland
LIA Awards,2025,Bronze,750mph,London,UNITED KINGDOM,Music Sound,Sound Mixing,Netflix,Youre Not Ready,Netflix,Wieden Kennedy,Portland
LIA Awards,2025,Bronze,The Elements Music,Los Angeles,UNITED STATES,Music Sound,Music Adaptation - Song,General Motors,Crafting the One,General Motors,Droga5 Part of Accenture Song,New York
LIA Awards,2025,Bronze,LePub,Milan,ITALY,Music Video,Cinematography,Desperados,Guao Guao,Desperados,LePub,Milan
LIA Awards,2025,Bronze,Rethink,Toronto,CANADA,Non-Traditional,Direct Marketing,IKEA,U up,IKEA,Rethink,Toronto
LIA Awards,2025,Bronze,Rethink,Toronto,CANADA,Non-Traditional,Beverages,Molson Coors,Paid Through Parents,Molson Coors Beverage Company,Rethink,Toronto
LIA Awards,2025,Bronze,Publicis Toronto,Toronto,CANADA,Non-Traditional,Banking Financial,Rogers Bank,Welcome Card,Rogers,Publicis,Toronto
LIA Awards,2025,Bronze,Publicis Conseil,Paris,FRANCE,Non-Traditional,Sustainability SDG,AXA,Three Words,AXA,Publicis Conseil,Paris
LIA Awards,2025,Bronze,Marcel,Paris,FRANCE,Non-Traditional,Use of Social Media,Lidl,Lidlize,Lidl,Marcel Paris-Publicis Groupe,Paris
LIA Awards,2025,Bronze,SERVICEPLAN GERMANY,Munich,GERMANY,Non-Traditional,Corporate Purpose-Social Responsibility,Herconomy,Breastmilk Money,Herconomy,SERVICEPLAN GERMANY,Munich
LIA Awards,2025,Bronze,MRM Germany,Frankfurt,GERMANY,Non-Traditional,Corporate Purpose-Social Responsibility,Life Donor Card,Life Donor Card,Mastercard,MRM GERMANY,Frankfurt
LIA Awards,2025,Bronze,LePub,Milan,ITALY,Non-Traditional,Corporate Purpose-Social Responsibility,Heineken,Pub Succession,Heineken,LePub Milan-Publicis Dublin,Dublin
LIA Awards,2025,Bronze,LePub,Milan,ITALY,Non-Traditional,Corporate Purpose-Social Responsibility,Heineken,Starring Bars,Heineken,LePub Milan-LePub Singapore,Singapore
LIA Awards,2025,Bronze,BigTime Creative Shop,Riyadh,SAUDI ARABIA,Non-Traditional,Sports,The Ring,4th Judge,The Ring,BigTime Creative Shop,Riyadh
LIA Awards,2025,Bronze,Publicis London,London,UNITED KINGDOM,Non-Traditional,Entertainment,Heineken,HeineCare,Heineken,Publicis London London-LePub,Amsterdam
LIA Awards,2025,Bronze,Ogilvy,New York,UNITED STATES,Non-Traditional,Health Pharma,Powerade,The Athletes Code,The Coca-Cola Company,Ogilvy,New York
LIA Awards,2025,Bronze,Ogilvy,New York,UNITED STATES,Non-Traditional,Sports,Powerade,The Athletes Code,The Coca-Cola Company,Ogilvy,New York
LIA Awards,2025,Bronze,LePub,Milan,ITALY,Online Film,Beverages - Alcoholic,Desperados,Guao Guao,Desperados,LePub,Milan
LIA Awards,2025,Bronze,VML Ogilvy Japan,Tokyo,JAPAN,Online Film,Humor Campaign,Fanta,Mr Drone Mr Wild Ms Hot Spring,The Coca-Cola Company,VML Ogilvy Japan,Tokyo
LIA Awards,2025,Bronze,GIGIL,Manila,PHILIPPINES,Online Film,Branded Entertainment,RC Cola,Miracle,ARC Refreshments Corporation,GIGIL,Manila
LIA Awards,2025,Bronze,Bananas,Johannesburg,SOUTH AFRICA,Online Film,Retail,KFC,Let There Be Cake,YUM BRANDS,Bananas Johannesburg-Brains Brawn,Johannesburg
LIA Awards,2025,Bronze,SAMY Alliance,Madrid,SPAIN,Online Film,Public Service-Charity-NGO,PETA,Being Vegan is Good Sht,PETA,SAMY Alliance,Madrid Spain
LIA Awards,2025,Bronze,Leo Thailand,Bangkok,THAILAND,Online Film,Humor,Krungsri First Choice,Patient,Ayudhya Capital Services Co Ltd,Leo Thailand,Bangkok
LIA Awards,2025,Bronze,AMVBBDO,London,UNITED KINGDOM,Online Film,Beauty Well-being,Essity-Bodyform,Never Just a Period,Essity Bodyform,AMVBBDO,London
LIA Awards,2025,Bronze,Amazon XCM,Santa Monica,UNITED STATES,Online Film,Branded Content Campaign,Amazon - 5-Star Theater with Adam Driver,Banana Slicer,Amazon,,
LIA Awards,2025,Bronze,Amazon XCM,Santa Monica,UNITED STATES,Online Film,Creativity in Commerce Campaign,Amazon - 5-Star Theater with Adam Driver,Banana Slicer,Amazon,,
LIA Awards,2025,Bronze,TBWA-Media Arts Lab,Los Angeles,UNITED STATES,Online Film,Technology Tech Equipment,Apple,Someday,Apple,TBWA-Media Arts Lab,Los Angeles
LIA Awards,2025,Bronze,Disney,Los Angeles,UNITED STATES,Online Film,Branded Entertainment,Disney,The Boy The Octopus,Disney,adameveDDB London-adameveDDB New York-adameveDDB,Los Angeles
LIA Awards,2025,Bronze,Arnold Worldwide,Boston,UNITED STATES,Online Film,B2B,Toast,One of Those Nights,Toast,Arnold,Boston
LIA Awards,2025,Bronze,Cheil Worldwide,Seoul,KOREA,Package Design,Promotional Packaging,GS25,Lifeguard Snack,GS25 Retail,Cheil Worldwide,Seoul
LIA Awards,2025,Bronze,VCCP,London,UNITED KINGDOM,Package Design,Foods,Cadbury Dairy Milk,Made to Share,Mondelez International,VCCP,London
LIA Awards,2025,Bronze,BBDO New York,New York,UNITED STATES,Package Design,Sustainable Packaging SDG,BACARDI Sugarcane Vinyl,Sugarcane Vinyl,BACARDI,BBDO New York,New York
LIA Awards,2025,Bronze,adameveDDB New York,New York,UNITED STATES,Package Design,Health Pharma,Gift of Life Marrow Registry - Doublemint,Hero Gum,Gift of Life Marrow Registry,adameveDDB New York,New York
LIA Awards,2025,Bronze,Godrej Creative Lab,Mumbai,INDIA,Pharma Medical,Branded Education and Services,Eyebetes,The Naga Saint Eye Test,Eyebetes Foundation,Godrej Creative Lab,Mumbai
LIA Awards,2025,Bronze,Ogilvy UK,London,UNITED KINGDOM,Pharma Medical,Branded Patient Engagement,Alexion,Rare Toys,AstraZeneca,Ogilvy UK,London
LIA Awards,2025,Bronze,Weber Shandwick,New York,UNITED STATES,Pharma Medical,Branded Pharmaceuticals and Vaccines Campaign,Abrysvo,Rated RSV Fireplace Rated RSV Bubble Bath,Pfizer,Weber Shandwick,New York
LIA Awards,2025,Bronze,Area 23 an IPG Health Company,New York,UNITED STATES,Pharma Medical,Unbranded Physicians and Healthcare Providers - Professional Services Campaign,Apfed - American Partnership for Eosinophilic Disorders,Diagnose This Film,Apfed - American Partnership for Eosinophilic Disorders,Area 23 an IPG Health Company,New York
LIA Awards,2025,Bronze,FCB Health New York an IPG Health Company,New York,UNITED STATES,Pharma Medical,Branded Use of Social Media,Cologuard,White Knight,Exact Sciences,FCB Health New York an IPG Health Company,New York
LIA Awards,2025,Bronze,FCB Health New York an IPG Health Company,New York,UNITED STATES,Pharma Medical,Branded Devices and Diagnostics Campaign,Cologuard,White Knight,Exact Sciences,FCB Health New York an IPG Health Company,New York
LIA Awards,2025,Bronze,Ogilvy Health,New York,UNITED STATES,Pharma Medical,Branded AI-Enabled Pharma Medical,Eurofarma,Baby Minder,Eurofarma,Ogilvy Health,New York
LIA Awards,2025,Bronze,Area 23 an IPG Health Company,New York,UNITED STATES,Pharma Medical,Unbranded Patient Engagement,Eurofarma-Unicorns Unicorns-Cherab Foundation,Autism Rocks,Eurofarma-Cherab Foundation,Area 23 an IPG Health Company,New York
LIA Awards,2025,Bronze,Novo Nordisk,Bagsvaerd,DENMARK,Pharma Medical-Craft,Cinematography,Novo Nordisk Heart Disease Research,The Broken Heart,Novo Nordisk,,
LIA Awards,2025,Bronze,Novo Nordisk,Bagsvaerd,DENMARK,Pharma Medical-Craft,Direction,Novo Nordisk Heart Disease Research,The Broken Heart,Novo Nordisk,,
LIA Awards,2025,Bronze,VML Spain,Madrid,SPAIN,Pharma Medical-Craft,Production Design,Friedreich I,Friedreich I,Biogen,VML Spain,Madrid
LIA Awards,2025,Bronze,VML Spain,Madrid,SPAIN,Pharma Medical-Craft,UX - User Experience,PainVisible,PainVisible,Aritium,VML Spain Madrid-VML,New York
LIA Awards,2025,Bronze,21Grams,London,UNITED KINGDOM,Pharma Medical-Craft,CGI Animation,Covid Awareness,Covidball,AstraZeneca,21Grams,London
LIA Awards,2025,Bronze,21Grams,London,UNITED KINGDOM,Pharma Medical-Craft,Sound Design,Covid Awareness,Covidball,AstraZeneca,21Grams,London
LIA Awards,2025,Bronze,Area 23 an IPG Health Company,New York,UNITED STATES,Pharma Medical-Craft,UI - User Interface Navigation,Apfed - American Partnership for Eosinophilic Disorders,Diagnose This Film,Apfed - American Partnership for Eosinophilic Disorders,Area 23 an IPG Health Company,New York
LIA Awards,2025,Bronze,Area 23 an IPG Health Company,New York,UNITED STATES,Pharma Medical-Craft,CGI Animation,Apfed - American Partnership for Eosinophilic Disorders,The End of the Internet,Apfed - American Partnership for Eosinophilic Disorders,Area 23 an IPG Health Company,New York
LIA Awards,2025,Bronze,Area 23 an IPG Health Company,New York,UNITED STATES,Pharma Medical-Craft,UX - User Experience,Eurofarma-Unicorns Unicorns-Cherab Foundation,Autism Rocks,Eurofarma-Cherab Foundation,Area 23 an IPG Health Company,New York
LIA Awards,2025,Bronze,21Grams,New York,UNITED STATES,Pharma Medical-Craft,Cinematography,HEMLIBRA,Orbit,Genentech,21Grams,New York
LIA Awards,2025,Bronze,Marcel,Paris,FRANCE,Poster,Beauty Well-being,Kiehls,Pubic Service Announcement,LOreal,Marcel,Paris
LIA Awards,2025,Bronze,Ogilvy Group Germany,Frankfurt,GERMANY,Poster,Craft Art Direction Campaign,German Rail - Connecting Europe,Netherlands Austria Denmark Spain,German Rail,Ogilvy Group Germany,Frankfurt
LIA Awards,2025,Bronze,DAVID,Miami,UNITED STATES,Poster,Craft Photography Campaign,Corona - Corona Eclipse,Uruguay Brazil Argentina,AB INBEV,DAVID,Miami
LIA Awards,2025,Bronze,The Nine,Shanghai,CHINA,Print,Craft Photography Campaign,Yotkan Ancient City in Xinjiang China,Magnificent Campaign,Yotkan Ancient City in Xinjiang China,The Nine,Shanghai
LIA Awards,2025,Bronze,VML,Prague,CZECH REPUBLIC,Print,Zeitgeist Campaign,KitKat,Crowd Street Public Transport,Nestle,VML,Prague
LIA Awards,2025,Bronze,Marcel,Paris,FRANCE,Print,Craft Typography,Kiehls,Pubic Service Announcement,LOreal,Marcel,Paris
LIA Awards,2025,Bronze,Akestam Holst NoA,Stockholm,SWEDEN,Print,Retail,IKEA,Blackout Ad,IKEA,Akestam Holst NoA,Stockholm
LIA Awards,2025,Bronze,Grey London,London,UNITED KINGDOM,Print,Beverages Campaign,Stella Artois,The Sip of Sanctuary The Protector of the Chalice Happiness Within Chaos,AB InBev,Grey London,London
LIA Awards,2025,Bronze,DAVID,Miami,UNITED STATES,Print,Beverages Campaign,Corona - Corona Eclipse,Uruguay Brazil Argentina,AB INBEV,DAVID,Miami
LIA Awards,2025,Bronze,Ogilvy New York,New York,UNITED STATES,Print,Beverages Campaign,Stella Artois - Hiders Keepers,Birthday Party Dinner Game Day,AB inBev,Ogilvy,New York
LIA Awards,2025,Bronze,FINCH,Sydney,AUSTRALIA,Production Post-Production,Cinematography,Samsung,Let Go,Samsung Electronics Co Ltd,DDB Aotearoa,Auckland
LIA Awards,2025,Bronze,Revolver,Sydney,AUSTRALIA,Production Post-Production,Direction,Telstra,Donkey,Telstra Group Limited,Bear Meets Eagle on Fire,Sydney
LIA Awards,2025,Bronze,Altvfx,Brisbane,AUSTRALIA,Production Post-Production,CGI Animation Campaign,Telstra,Four Legged Friend Mirror Mirror Magnetic Boy,Telstra,Bear Meets Eagle on Fire,
LIA Awards,2025,Bronze,Bear Meets Eagle On Fire,Sydney,AUSTRALIA,Production Post-Production,Performance-Casting Campaign,Telstra,Scamageddon Deceiver Lever Scamalanche Villains BTS,Alita McMenamin,Bear Meets Eagle On Fire,Sydney
LIA Awards,2025,Bronze,Revolver,Sydney,AUSTRALIA,Production Post-Production,Production Design,Telstra,Shoemaker,Telstra Group Limited,Bear Meets Eagle On Fire,Sydney
LIA Awards,2025,Bronze,Mutant,Antwerp,BELGIUM,Production Post-Production,CGI Animation,De Warmste Week,De Warmste Week 2024 - Fighting Against Loneliness,VRT,Mutant,Antwerp
LIA Awards,2025,Bronze,Mutant,Antwerp,BELGIUM,Production Post-Production,Editing,Paralympic Team Belgium,The Empty Seat,Paralympic Team Belgium,Mutant,Antwerp
LIA Awards,2025,Bronze,FCB Canada,Toronto,CANADA,Production Post-Production,Performance-Casting,SickKids Foundation,The Count,SickKids Foundation,FCB,Toronto
LIA Awards,2025,Bronze,Salt XC,Toronto,CANADA,Production Post-Production,AI,Visa Play and Stay,Field the Future,Visa,Salt XC,Toronto
LIA Awards,2025,Bronze,Saatchi Saatchi Germany,Dusseldorf,GERMANY,Production Post-Production,Cinematography,Deutsche Telekom,Bubbles,Deutsche Telekom,Saatchi Saatchi Germany-MUW Saatchi Saatchi Bratislava,
LIA Awards,2025,Bronze,SERVICEPLAN GERMANY,Munich,GERMANY,Production Post-Production,Editing,Lufthansa,All It Takes Is A Yes,Deutsche Lufthansa AG,SERVICEPLAN GERMANY,Munich
LIA Awards,2025,Bronze,Studio Eeksaurus Productions,Mumbai,INDIA,Production Post-Production,Production Design,Centre for Pastoralism,Desi Oon,Centre for Pastoralism,Studio Eeksaurus Productions,Mumbai
LIA Awards,2025,Bronze,SIX inc,Tokyo,JAPAN,Production Post-Production,Visual Effects,Toyota Gazoo Racing,Go GR Supra Safety Car,TOYOTA MOTOR CORPORATION,SIX inc,Tokyo
LIA Awards,2025,Bronze,BigTime Creative Shop,Riyadh,SAUDI ARABIA,Production Post-Production,Performance-Casting,General Entertainment Authority,Everything or Nothing,General Entertainment Authority,BigTime Creative Shop,Riyadh
LIA Awards,2025,Bronze,BigTime Creative Shop,Riyadh,SAUDI ARABIA,Production Post-Production,Cinematography,General Entertainment Authority,Obsession,General Entertainment Authority,BigTime Creative Shop,Riyadh
LIA Awards,2025,Bronze,BigTime Creative Shop,Riyadh,SAUDI ARABIA,Production Post-Production,Visual Effects,General Entertainment Authority,Obsession,General Entertainment Authority,BigTime Creative Shop,Riyadh
LIA Awards,2025,Bronze,Ogilvy Taipei,Taipei,TAIWAN,Production Post-Production,Direction Campaign,104 Job Bank - 104 Dream Jobs Unlimited,Window Grille Maker-Chiu Hung-yi Prison Administrator-Lin Wen-wei Font Designer-Tseng Kuo-rong,104 Job Bank,Ogilvy Taipei,Taipei
LIA Awards,2025,Bronze,FCB London,London,UNITED KINGDOM,Production Post-Production,Editing,Andrex - Get Comfortable,First School Poo,Kimberly-Clark,FCB London,London
LIA Awards,2025,Bronze,Riff Raff Films,London,UNITED KINGDOM,Production Post-Production,Production Design,Retail,The Gifting Hour,John Lewis,Saatchi Saatchi,London
LIA Awards,2025,Bronze,Time Based Arts,London,UNITED KINGDOM,Production Post-Production,Visual Effects,Revolut,Money Possibilities,Revolut,Anomaly UK,London
LIA Awards,2025,Bronze,The Martin Agency,Richmond,UNITED STATES,Production Post-Production,Stop-Frame Animation Campaign,Cinnamon Toast Crunch Cereal - Must Cinnadust Campaign,Fridge Alley Last Piece Plastic Sheet Spoon Swim BTS,General Mills,The Martin Agency,Richmond
LIA Awards,2025,Bronze,Disney,Los Angeles,UNITED STATES,Production Post-Production,Direction,Disney,The Boy The Octopus,Disney,adameveDDB London-adameveDDB New York-adameveDDB,Los Angeles
LIA Awards,2025,Bronze,Biscuit Filmworks,Los Angeles,UNITED STATES,Production Post-Production,Direction,Squarespace,A Tale As Old As Websites,Squarespace,,
LIA Awards,2025,Bronze,AlmapBBDO,Sao Paulo,BRAZIL,Transformative Business Impact,Brand Purpose,Pedigree,Pedigree Caramelo,Mars,AlmapBBDO,Sao Paulo
LIA Awards,2025,Bronze,FP7 McCann,Dubai,UNITED ARAB EMIRATES,Transformative Business Impact,Brand Purpose,Puck,Recipe for Change,Arla Foods MEA,FP7 McCann,Dubai
LIA Awards,2025,Bronze,Bear Meets Eagle On Fire,Sydney,AUSTRALIA,TV Cinema,Utilities,Telstra,Together is For Christmas,Telstra,Bear Meets Eagle On Fire,Sydney
LIA Awards,2025,Bronze,Bear Meets Eagle On Fire,Sydney,AUSTRALIA,TV Cinema,B2B,Telstra,Wherever Your Business Goes,Telstra,Bear Meets Eagle On Fire,Sydney
LIA Awards,2025,Bronze,LG2,Montreal,CANADA,TV Cinema,Branded Content,Fondation CHU Sainte-Justine,The Orange,Fondation CHU Sainte-Justine,LG2,
LIA Awards,2025,Bronze,Klick Health,Toronto,CANADA,TV Cinema,Branded Entertainment,Second Nurture,18 Months,Second Nurture,Klick Health,Toronto
LIA Awards,2025,Bronze,Klick Health,Toronto,CANADA,TV Cinema,Public Service-Charity-NGO,Second Nurture,18 Months,Second Nurture,Klick Health,Toronto
LIA Awards,2025,Bronze,VML Ogilvy Japan,Tokyo,JAPAN,TV Cinema,Humor Campaign,Fanta,Mr Drone Mr Wild Ms Hot Spring,The Coca-Cola Company,VML Ogilvy Japan,Tokyo
LIA Awards,2025,Bronze,Made Mexico,Mexico City,MEXICO,TV Cinema,Public Service-Charity-NGO,ILAS,The Ugliest Sweater,ILAS,Made Mexico,Mexico City
LIA Awards,2025,Bronze,Try,Oslo,NORWAY,TV Cinema,Copywriting Campaign,IKEA,Hope Mornings Picky Awake,IKEA,Try,Oslo
LIA Awards,2025,Bronze,Ogilvy Bangkok,Bangkok,THAILAND,TV Cinema,Banking Finance,Thai Life Insurance,Unfading Love,Thai Life Insurance Public Company Limited,Ogilvy Bangkok,Bangkok
LIA Awards,2025,Bronze,TBWA-Media Arts Lab,Los Angeles,UNITED STATES,TV Cinema,Technology Tech Equipment,Apple,Someday,Apple,TBWA-Media Arts Lab,Los Angeles
LIA Awards,2025,Bronze,Rethink,Toronto,CANADA,Use of Social Media Influencers,Retail,IKEA,U up,IKEA,Rethink,Toronto
LIA Awards,2025,Bronze,Rethink,Toronto,CANADA,Use of Social Media Influencers,Beverages,Molson Coors,Paid Through Parents,Molson Coors Beverage Company,Rethink,Toronto
LIA Awards,2025,Bronze,Sancho BBDO,Bogota,COLOMBIA,Use of Social Media Influencers,Innovative Use of Social or Influencer,Netflix,The Self Lawsuit,Netflix,Sancho BBDO,Bogota
LIA Awards,2025,Bronze,LePub Mexico City,Mexico City,MEXICO,Use of Social Media Influencers,Best Use of Real Time Advertising,Tecate,All In For Macario,Nicolas Alvarez Schiano,LePub Mexico City,Mexico City
LIA Awards,2025,Bronze,LePub Mexico City,Mexico City,MEXICO,Use of Social Media Influencers,Beverages,Tecate Light,Gulf of Mexico Bar,Heineken Group,LePub Mexico City,Mexico City
LIA Awards,2025,Bronze,Leo,London,UNITED KINGDOM,Use of Social Media Influencers,Automotive,Skoda UK,The Redditor Edit,Skoda UK,Leo,London
LIA Awards,2025,Bronze,McCann London,London,UNITED KINGDOM,Use of Social Media Influencers,Gaming,Xbox,The Cheeky Controller,Xbox,McCann London,London
LIA Awards,2025,Bronze,Amazon XCM,Santa Monica,UNITED STATES,Use of Social Media Influencers,Branded Content,Amazon,5-Star Theater with Adam Driver,Amazon,,
LIA Awards,2025,Bronze,MC Saatchi North America,New York,UNITED STATES,Use of Social Media Influencers,Travel Tourism,Business Iceland,Love Iceland,Business Iceland,MC Saatchi North America,New York
LIA Awards,2025,Bronze,DAVID New York,New York,UNITED STATES,Use of Social Media Influencers,Branded Entertainment,Clash of Clans,Hammerless,Supercell,DAVID New York,New York
LIA Awards,2025,Bronze,DAVID New York,New York,UNITED STATES,Use of Social Media Influencers,Gaming,Clash Royale,The Royale Will,Supercell,DAVID New York,New York
LIA Awards,2025,Bronze,Mojo Supermarket,New York,UNITED STATES,Use of Social Media Influencers,Use of Facebook,Facebook Marketplace,Haunted Marketplace,Creative X - Meta,Mojo Supermarket,New York
LIA Awards,2025,Bronze,Ogilvy,New York,UNITED STATES,Use of Social Media Influencers,Branded Entertainment,San Pellegrino CIAO,With Love Italy,Nestle,Ogilvy,New York
LIA Awards,2025,Bronze,Ogilvy,Chicago,UNITED STATES,Use of Social Media Influencers,Sustainability SDG,SC Johnson,Zuzu,SC Johnson,Ogilvy,Chicago
LIA Awards,2025,Finalist,Marcel,Paris,FRANCE,Ambient Activation,Creativity in Commerce,Lidl,Lidlize,Lidl,Marcel Paris-Publicis Groupe,Paris
LIA Awards,2025,Finalist,Saatchi Saatchi France,Paris,FRANCE,Ambient Activation,Corporate Purpose-Social Responsibility,Omni,Omnilivery,Omni,Saatchi Saatchi France,Paris
LIA Awards,2025,Finalist,LePub,Milan,ITALY,Ambient Activation,Direct Marketing - Consumer,Heineken,Pub Succession,Heineken,LePub Milan-Publicis Dublin,Dublin
LIA Awards,2025,Finalist,Ogilvy,Mexico City,MEXICO,Ambient Activation,Travel Tourism,Aeromexico,Aeromexicanos,Aeromexico,OGILVY,Mexico
LIA Awards,2025,Finalist,VML,Riyadh,SAUDI ARABIA,Ambient Activation,Creative Use of Data,Hungerstation,The Shaded Route,Hungerstation,VML,Riyadh
LIA Awards,2025,Finalist,LePub APAC,Singapore,SINGAPORE,Ambient Activation,Creativity in Commerce,Heineken,Trust Bars,Nalini Bhagwandin,LePub Singapore-LePub,Milan
LIA Awards,2025,Finalist,Saatchi Saatchi ME,Dubai,UNITED ARAB EMIRATES,Ambient Activation,Beauty Well-being,NIVEA,Sun Courts,NIVEA,Saatchi Saatchi ME,Dubai
LIA Awards,2025,Finalist,Ogilvy UK,London,UNITED KINGDOM,Ambient Activation,Creativity on a Budget,Hellmanns,Club Classic,Unilever,Ogilvy UK,London
LIA Awards,2025,Finalist,Edelman,London,UNITED KINGDOM,Ambient Activation,Foods,Hellmanns Mayonnaise,Mayo Exchange,Unilever,Edelman,London
LIA Awards,2025,Finalist,Arnold Worldwide,Boston,UNITED STATES,Ambient Activation,B2B,Toast,One of Those Nights,Toast,Arnold,Boston
LIA Awards,2025,Finalist,Thinkerbell,Melbourne,AUSTRALIA,Audio Radio,Craft Sound Design,Transport Accident Commission TAC,Australias Deadliest Predator,Transport Accident Commission TAC,Thinkerbell Melbourne-Thinkerbell,Sydney
LIA Awards,2025,Finalist,LePub Bogota,Bogota,COLOMBIA,Audio Radio,Use of Social Media,Mondelez Oreo,Oreo Voice Notes,Pablo Tibaldi,LePub,Bogota
LIA Awards,2025,Finalist,SERVICEPLAN GERMANY,Munich,GERMANY,Audio Radio,Craft Performance-Casting,Techem,Ding Dong - Thong,Techem Energy Services,SERVICEPLAN GERMANY,Munich
LIA Awards,2025,Finalist,Colenso BBDO,Auckland,NEW ZEALAND,Audio Radio,Craft Script Writing,Delivereasy,Crippled Pigeons,Delivereasy,Colenso BBDO,Auckland
LIA Awards,2025,Finalist,Colenso BBDO,Auckland,NEW ZEALAND,Audio Radio,Humor Campaign,Delivereasy,Killer Bees Crippled Pigeons Street Condoms,Delivereasy,Colenso BBDO,Auckland
LIA Awards,2025,Finalist,Ogilvy Canada,Toronto,CANADA,Billboard,Banking Finance,TD Wealth,Fractional Window Shopping,TD,Ogilvy Canada,Toronto
LIA Awards,2025,Finalist,VML,Prague,CZECH REPUBLIC,Billboard,Foods Campaign,KitKat,Crowd Street Public Transport,Nestle,VML,Prague
LIA Awards,2025,Finalist,VML,Prague,CZECH REPUBLIC,Billboard,Zeitgeist Campaign,KitKat,Crowd Street Public Transport,Nestle,VML,Prague
LIA Awards,2025,Finalist,Ogilvy Paris,Paris,FRANCE,Billboard,Beverages Campaign,Maison Perrier Chic,Taxi Driver Pilots Fireman Surgeon,Maison Perrier,Ogilvy Paris,Levallois Perret
LIA Awards,2025,Finalist,Ogilvy,Mexico City,MEXICO,Billboard,Travel Tourism Campaign,Aeromexico,Aeromexicanos Campaign,Aeromexico,OGILVY,Mexico
LIA Awards,2025,Finalist,David,Madrid,SPAIN,Billboard,Beverages Campaign,Coca-Cola,Mimi Awning El Campo Awning Prado Awning,The Coca-Cola Company,DAVID,Madrid
LIA Awards,2025,Finalist,MullenLowe,London,UNITED KINGDOM,Billboard,Home Products Campaign,Persil Dirt Is Good,Football Kick Boxing Running,Unilever,MullenLowe,London
LIA Awards,2025,Finalist,DAVID,Miami,UNITED STATES,Billboard,Beverages Campaign,Corona - Corona Eclipse,Uruguay Brazil Argentina,AB INBEV,DAVID,Miami
LIA Awards,2025,Finalist,Klick Health,Toronto,CANADA,Branded Content,Creative Use of Data,All In Action Fund,The Trial,All In Action Fund,Klick Health,Toronto
LIA Awards,2025,Finalist,TBWA-Group China,Shanghai,CHINA,Branded Content,Audio,Yangzhou Municipal Bureau of Culture Radio TV and Tourism,The Yangzhou Qiao Bei Musical Suite,Yangzhou Municipal Bureau of Culture Radio TV and Tourism,TBWA-Group China,Shanghai
LIA Awards,2025,Finalist,Ogilvy,Mexico City,MEXICO,Branded Content,Experiential and Events,Aeromeixco,Aeromexicanos,Aeromexico,OGILVY,Mexico
LIA Awards,2025,Finalist,Apple Marcom Cupertino TBWA-Media Arts Lab,Los Angeles,UNITED STATES,Branded Content,Scripted Short Film,Apple,Submerged,Apple,TBWA-Media Arts Lab,Los Angeles
LIA Awards,2025,Finalist,DAVID New York,New York,UNITED STATES,Branded Content,Multi-Channel Storytelling,Clash of Clans,Clash the WWE,Supercell,DAVID New York,New York
LIA Awards,2025,Finalist,Dentsu Creative US,Chicago,UNITED STATES,Branded Content,Use of Social Media,Oreo,Oreo Empire,Mondelez International,Dentsu Creative US,Chicago
LIA Awards,2025,Finalist,MRM Spain,Madrid,SPAIN,Branded Entertainment,Documentary Short Film,Opella-Enterogermina,The Anti Murphy s Law Toast,Opella-Enterogermina,MRM Spain,Madrid
LIA Awards,2025,Finalist,TBWA-Media Arts Lab,Los Angeles,UNITED STATES,Branded Entertainment,Scripted Short Film,Apple,Someday,Apple,TBWA-Media Arts Lab,Los Angeles
LIA Awards,2025,Finalist,Energy BBDO,Chicago,UNITED STATES,Branded Entertainment,Creative Use of Data,Change The Ref,The Final Exam,Change The Ref,Energy BBDO,Chicago
LIA Awards,2025,Finalist,Energy BBDO,Chicago,UNITED STATES,Branded Entertainment,Gaming,Change The Ref,The Final Exam,Change The Ref,Energy BBDO,Chicago
LIA Awards,2025,Finalist,GUT,Buenos Aires,ARGENTINA,Creative Strategy,Use of Media,Mercado Libre,Boxed Ads,Mercado Libre,GUT,Buenos Aires
LIA Awards,2025,Finalist,Leo Australia,Sydney,AUSTRALIA,Creative Strategy,Creative Use of Data,Suncorp Insurance,Suncorp Haven,Suncorp Insurance,Leo Australia,Sydney
LIA Awards,2025,Finalist,Ogilvy Australia,,AUSTRALIA,Creative Strategy,Contextual Insight,TCCC,Meet me at the Coke Sign,TCCC,Ogilvy,Australia
LIA Awards,2025,Finalist,FCB,Toronto,CANADA,Creative Strategy,Health Care and Pharmaceuticals,SickKids Foundation,Fight for Every Birthday,SickKids Foundation,FCB,Toronto
LIA Awards,2025,Finalist,BETC,Paris,FRANCE,Creative Strategy,Consumer Insight,Laboratoire Gallia,Mommyphone,Danone,BETC,Paris
LIA Awards,2025,Finalist,Publicis Conseil,,FRANCE,Creative Strategy,Automotive,Renault,Long-term,Renault,Publicis Conseil,Paris
LIA Awards,2025,Finalist,SERVICEPLAN GERMANY,Munich,GERMANY,Creative Strategy,Finance,Herconomy,Breastmilk Money,Herconomy,SERVICEPLAN GERMANY,Munich
LIA Awards,2025,Finalist,Leo Manila,Makati,PHILIPPINES,Creative Strategy,Cultural Insight,McDonalds,Night Classroom,McDonalds Philippines,Leo Manila,Makati
LIA Awards,2025,Finalist,VML Singapore,Singapore,SINGAPORE,Creative Strategy,Cultural Insight,LUX,LUX Reclaim Her Name,Unilever,VML,Singapore
LIA Awards,2025,Finalist,POVEM Communication and Business Consulting,Ljubljana,SLOVENIA,Creative Strategy,Finance,Mastercard,Sign of inclusion,Mastercard Europe SA Slovenian Branch,POVEM Communication and Business Consulting,Ljubljana
LIA Awards,2025,Finalist,DAVID,Madrid,SPAIN,Creative Strategy,Cultural Insight,Coca-Cola,Shades of Red,The Coca Cola Company,DAVID,Madrid
LIA Awards,2025,Finalist,Ogilvy,Colombo,SRI LANKA,Creative Strategy,Original Thinking,Promate,Second Life Notebooks,PrintXcel Pvt Ltd,Ogilvy,Colombo
LIA Awards,2025,Finalist,Prime Weber Shandwick,Stockholm,SWEDEN,Creative Strategy,Branded Content,Komatsu Demining Cambodia,Stories of Gentle Giants,Komatsu,,
LIA Awards,2025,Finalist,Valtech RADON,Stockholm,SWEDEN,Creative Strategy,Use of Social Media,RFSU,Just Give a Fck,RFSU AB,Valtech RADON,Stockholm
LIA Awards,2025,Finalist,LePub,Amsterdam,THE NETHERLANDS,Creative Strategy,Original Thinking,Philips,Fixables,Philips,LePub Amsterdam-LePub,Milan
LIA Awards,2025,Finalist,Publicis Middle East,Dubai,UNITED ARAB EMIRATES,Creative Strategy,Use of Media,Home Centre,There We Are,Landmark Group,Publicis Middle East,Dubai
LIA Awards,2025,Finalist,FCB Health New York an IPG Health Company,New York,UNITED STATES,Creative Strategy,Customer Targeting,Sanofi,Badge of Honor,Sanofi,FCB Health New York an IPG Health Company,New York
LIA Awards,2025,Finalist,Monks,Buenos Aires,ARGENTINA,Creative Use of Data,Data-Led Creativity,Netflix,Sennas Cut,Netflix Latam,Monks,Buenos Aires
LIA Awards,2025,Finalist,Ampfy,Sao Paulo,BRAZIL,Creative Use of Data,Data Visualization,Piracanjuba,The Missing Portraits,Piracanjuba,Ampfy,Sao Paulo
LIA Awards,2025,Finalist,SERVICEPLAN GERMANY,Munich,GERMANY,Creative Use of Data,Data-Led Creativity,Herconomy,Breastmilk Money,Herconomy,SERVICEPLAN GERMANY,Munich
LIA Awards,2025,Finalist,GREY,New York,UNITED STATES,Creative Use of Data,Data-Led Creativity,Angel Soft,Pottytunities,Georgia Pacific Llc,GREY,New York
LIA Awards,2025,Finalist,Area 23 an IPG Health Company,New York,UNITED STATES,Creative Use of Data,Data Collection and Research,Equality Health Foundation,Zip Code Exam,Equality Health Foundation,Area 23 an IPG Health Company,New York
LIA Awards,2025,Finalist,McCann,London,UNITED KINGDOM,Creativity In B2B,Sustainability SDG,Reef Protection Factor,Reef Protection Factor,Stream2Sea,McCann,London
LIA Awards,2025,Finalist,Area 23 an IPG Health Company,New York,UNITED STATES,Creativity In B2B,Best Use of Earned Media,Gaviao Kyikateje FC,Kyikateje,Gaviao Kyikateje FC,Area 23 an IPG Health Company,New York
LIA Awards,2025,Finalist,Ogilvy Argentina,Buenos Aires,ARGENTINA,Creativity In Media,Use of Audio Platforms,Calm Is Simple,The Sound of Divorce,Calm es Simple,Ogilvy Argentina,Buenos Aires
LIA Awards,2025,Finalist,VML,Sydney,AUSTRALIA,Creativity In Media,Use of Retail Media,Legacy Club Services,Legacy Lager,Legacy Club Services,VML,Sydney
LIA Awards,2025,Finalist,BETC HAVAS,Sao Paulo,BRAZIL,Creativity In Media,Use of Outdoor,Eletromidia,The Restless Posters,Eletromidia,BETC HAVAS,Sao Paulo
LIA Awards,2025,Finalist,Publicis,Toronto,CANADA,Creativity In Media,Restaurant Fast Food Food Service,Dairy Queen,Big Red Spoons,Dairy Queen,Publicis,Toronto
LIA Awards,2025,Finalist,Publicis,Toronto,CANADA,Creativity In Media,Use of Events and Stunts,Dairy Queen,Big Red Spoons,Dairy Queen,Publicis,Toronto
LIA Awards,2025,Finalist,Leo China,Shanghai,CHINA,Creativity In Media,Use of Retail Media,McDonalds,Found in the Shadows,M China Co Ltd,Leo China,Shanghai
LIA Awards,2025,Finalist,DAVID,Bogota,COLOMBIA,Creativity In Media,Use of Ambient Media,Aguila,Brand of the Match,AB INBEV,DAVID,Bogota
LIA Awards,2025,Finalist,DAVID,Bogota,COLOMBIA,Creativity In Media,Use of Retail Media,Aguila,Unmelting Loyalty,AB InBev,DAVID,Bogota
LIA Awards,2025,Finalist,Buzzman,Paris,FRANCE,Creativity In Media,Use of Outdoor,Musee de lArmee,See Them for Real,Musee de lArmee,Buzzman,Paris
LIA Awards,2025,Finalist,Havas Play,Puteaux,FRANCE,Creativity In Media,Use of Digital Social and Gaming Platforms,Renault,Modder5,Renault,Havas Play,Puteaux
LIA Awards,2025,Finalist,SERVICEPLAN GERMANY,Munich,GERMANY,Creativity In Media,Retail E-Commerce,PENNY,Price Packs,PENNY,SERVICEPLAN GERMANY,Munich
LIA Awards,2025,Finalist,Hakuhodo,Tokyo,JAPAN,Creativity In Media,Use of Outdoor,Tokucha,The Sync Ad,Suntory Holdings,Hakuhodo Tokyo-TBWA Hakuhodo Tokyo-Hakuhodo Kettle Tokyo-Signing,Tokyo
LIA Awards,2025,Finalist,Cheil Worldwide,Seoul,KOREA,Creativity In Media,Non-Profit,WWF Korea,ANISTAY,WWF Korea,Cheil Worldwide,Seoul
LIA Awards,2025,Finalist,DAVID,Madrid,SPAIN,Creativity In Media,Use of TV and Other Screens,Netflix,Alcaraz Tattoo Reveal,Netflix Spain,DAVID,Madrid
LIA Awards,2025,Finalist,Ogilvy UK,London,UNITED KINGDOM,Creativity In Media,Use of Ambient Media,Hellmanns,Club Classic,Unilever,Ogilvy UK,London
LIA Awards,2025,Finalist,Area 23 an IPG Health Company,New York,UNITED STATES,Creativity In Media,Non-Profit,Equality Health Foundation,Zip Code Exam,Equality Health Foundation,Area 23 an IPG Health Company,New York
LIA Awards,2025,Finalist,VML,Dallas,UNITED STATES,Creativity In Media,Use of Digital Social and Gaming Platforms,US Navy,Navy SubReddit Hunt,US Navy,VML,Dallas
LIA Awards,2025,Finalist,Publicis,Toronto,CANADA,Creativity In PR,Corporate Purpose-Social Responsibility,Rogers,Wildfire Watchtowers,Rogers,Publicis,Toronto
LIA Awards,2025,Finalist,Publicis Conseil,Paris,FRANCE,Creativity In PR,Automotive,Renault,UNPatent,Renault,Publicis Conseil,Paris
LIA Awards,2025,Finalist,LePub,Milan,ITALY,Creativity In PR,Corporate Purpose-Social Responsibility,Heineken,Starring Bars,Heineken,LePub Milan-LePub Singapore,Singapore
LIA Awards,2025,Finalist,LePub,Milan,ITALY,Creativity In PR,Brand PR,Toblerone,Tantrum Girl,Modelez,LePub,Milan
LIA Awards,2025,Finalist,LePub,Milan,ITALY,Creativity In PR,Food and Beverage,Toblerone,Tantrum Girl,Modelez,LePub,Milan
LIA Awards,2025,Finalist,Leo Manila,Makati,PHILIPPINES,Creativity In PR,Best Local-Regional-National Market,McDonalds,Night Classroom,McDonalds Philippines,Leo Manila,Makati
LIA Awards,2025,Finalist,NORD DDB,Stockholm,SWEDEN,Creativity In PR,Best Local-Regional-National Market,Nordea,The Parental Leave Mortgage,Nordea,NORD DDB,Stockholm
LIA Awards,2025,Finalist,Publicis London,London,UNITED KINGDOM,Creativity In PR,Automotive,Renault Scenic,Relationship Breakdown Cover,Renault UK,Publicis London,London
LIA Awards,2025,Finalist,Area 23 an IPG Health Company,New York,UNITED STATES,Creativity In PR,Public Service-Charity-NGO,Equality Health Foundation,Zip Code Exam,Equality Health Foundation,Area 23 an IPG Health Company,New York
LIA Awards,2025,Finalist,The Kitchen North America,Chicago,UNITED STATES,Creativity In PR,Best Use of Sponsorship,Kraft Heinz,Heir Richie x March Madness,Kraft Heinz,,
LIA Awards,2025,Finalist,Grey Brasil,Sao Paulo,BRAZIL,Design,Sustainable Design SDG,Zespri,The 100 Home Compostable Sticker,Zespri International Limited,Grey Brasil,Sao Paulo
LIA Awards,2025,Finalist,Juice An Omnicom Group Company and a conflict brand within TBWA,New Delhi,INDIA,Design,Best Regional-National Market,Air India Express Dictionary,The Inglish Dictionary,Air India Express,Juice An Omnicom Group Company and a conflict brand within TBWA,New Delhi
LIA Awards,2025,Finalist,Ogilvy,Bengaluru,INDIA,Design,Direct Marketing - Consumer Campaign,Titan Eye - Eye Test Menu,Hindi Set 1 Hindi Set 2 Gurmukhi Kannada Tamil English,Titan Company Limited,Ogilvy Bengaluru-Ogilvy,Mumbai
LIA Awards,2025,Finalist,TBWA-Hakuhodo Inc,Tokyo,JAPAN,Design,Data Visualization,Japan Philharmonic Orchestra,The Symphony Plotter,Japan Philharmonic Orchestra,TBWA-Hakuhodo Inc,Tokyo
LIA Awards,2025,Finalist,SIX inc,Tokyo,JAPAN,Design,Craft Motion Graphics - Animation,Toyota Gazoo Racing,Go GR Supra Safety Car,TOYOTA MOTOR CORPORATION,SIX inc,Tokyo
LIA Awards,2025,Finalist,TBWA-CHIAT-DAY,Los Angeles,UNITED STATES,Design,Rebrand,CANJA Audio Culture,Branding by Stereo,CANJA Audio Culture,TBWA-Chiat-Day LA,Los Angeles
LIA Awards,2025,Finalist,DAVID,Miami,UNITED STATES,Design,Craft Photography Campaign,Corona - Corona Eclipse,Uruguay Brazil Argentina,AB INBEV,DAVID,Miami
LIA Awards,2025,Finalist,McCann NY,New York,UNITED STATES,Design,Creativity on a Budget,Last Prisoner Project,The Pen to Right History,Last Prisoner Project,McCann NY,New York
LIA Awards,2025,Finalist,FCB Health New York an IPG Health Company,New York,UNITED STATES,Design,Craft Art Direction,SAFE Project,The Snowball,SAFE Project,FCB Health New York an IPG Health Company,New York
LIA Awards,2025,Finalist,LC,New York,UNITED STATES,Design,Brand-Corporate ID,Tiffany Co,1837 Tiffany Blue Conservation,Tiffany Co,LC,New York City
LIA Awards,2025,Finalist,Klick Health,Toronto,CANADA,Digital,Branded Content,All In Action Fund,The Trial,All In Action Fund,Klick Health,Toronto
LIA Awards,2025,Finalist,Klick Health,Toronto,CANADA,Digital,Public Service-Charity-NGO,All In Action Fund,The Trial,All In Action Fund,Klick Health,Toronto
LIA Awards,2025,Finalist,Ogilvy Colombia,Bogota,COLOMBIA,Digital,Foods,Nestle CAM,Low Hanging Nutrients,Nestle CAM,Ogilvy Colombia,Bogota
LIA Awards,2025,Finalist,DDB Colombia,Bogota,COLOMBIA,Digital,Creative Use of Data,Procolombia,Humanimal Tourism,Jorge Ivan Rueda,DDB Colombia,Bogota
LIA Awards,2025,Finalist,INNOCEAN,Berlin,GERMANY,Digital,Innovative Use of Digital,Billy Boy,Camdom The First Digital Condom,BILLY BOY,INNOCEAN,Berlin
LIA Awards,2025,Finalist,Grabarz Partner,Hamburg,GERMANY,Digital,Sustainability SDG,Deutsche Telekom,Warmland,Deutsche Telekom AG,Grabarz Partner,Hamburg
LIA Awards,2025,Finalist,SERVICEPLAN GERMANY,Munich,GERMANY,Digital,Corporate Purpose-Social Responsibility,Herconomy,Breastmilk Money,Herconomy,SERVICEPLAN GERMANY,Munich
LIA Awards,2025,Finalist,Saatchi Saatchi Germany,Dusseldorf,GERMANY,Digital,Gaming,Oreo,Oreo Square Cookie,Mondelez International,Saatchi Saatchi Germany,
LIA Awards,2025,Finalist,MullenLowe US,New York,UNITED STATES,Digital,Craft Visual Design,Art Directors Club,Be Seen By The Best Eyes,The One Club for Creativity,MullenLowe US,New York
LIA Awards,2025,Finalist,Leo,Toronto,CANADA,Direct,Creativity on a Budget,Jif Peanut Butter,Text Peanut 1300 Times,Smucker Foods of Canada Corp,Leo,Toronto
LIA Awards,2025,Finalist,LePub,Milan,ITALY,Direct,B2B,Heineken,Starring Bars,Heineken,LePub Milan-LePub Singapore,Singapore
LIA Awards,2025,Finalist,LePub APAC,Singapore,SINGAPORE,Direct,Experiential and Events,Heineken,Trust Bars,Nalini Bhagwandin,LePub Singapore-LePub,Milan
LIA Awards,2025,Finalist,David,Madrid,SPAIN,Direct,Integrated,Coca-Cola,Shades of Red,The Coca Cola Company,DAVID,Madrid
LIA Awards,2025,Finalist,DAVID,Madrid,SPAIN,Direct,B2B,JCDecaux,Still Open,JCDecaux Spain,DAVID,Madrid
LIA Awards,2025,Finalist,DAVID,Madrid,SPAIN,Direct,Out of Home - Instore and Transit,JCDecaux,Still Open,JCDecaux Spain,DAVID,Madrid
LIA Awards,2025,Finalist,Dentsu Creative Thailand,Bangkok,THAILAND,Direct,Out of Home - Instore and Transit,Thai Health Promotion Foundation,The Seasoning of Change,Thai Health Promotion Foundation,Dentsu Creative Thailand Bangkok-Dentsu One Bangkok,Bangkok
LIA Awards,2025,Finalist,Ogilvy UK,London,UNITED KINGDOM,Direct,Experiential and Events,Hellmanns,Club Classic,Unilever,Ogilvy UK,London
LIA Awards,2025,Finalist,INNOCEAN,Berlin,GERMANY,Evolution,Creative Technology,Billy Boy,Camdom The first digital condom,BILLY BOY,INNOCEAN,Berlin
LIA Awards,2025,Finalist,Energy BBDO,Chicago,UNITED STATES,Evolution,Gaming,Change The Ref,The Final Exam,Change The Ref,Energy BBDO,Chicago
LIA Awards,2025,Finalist,TBWA-Melbourne,Melbourne,AUSTRALIA,Health Wellness,Devices and Diagnostics Campaign,Specsavers ANZ,Welcome to Melbourne Welcome to Sydney Welcome to Perth Welcome to Adelaide Welcome to Darwin,Specsavers ANZ,TBWA-Melbourne,Melbourne
LIA Awards,2025,Finalist,Klick Health,Toronto,CANADA,Health Wellness,Public Service-Charity-NGO,All In Action Fund,The Trial,All In Action Fund,Klick Health,Toronto
LIA Awards,2025,Finalist,Klick Health,Toronto,CANADA,Health Wellness,OTC - Over-the-Counter,Bayer,See Your Risks,Bayer,Klick Health,Toronto
LIA Awards,2025,Finalist,john st,Toronto,CANADA,Health Wellness,Public Service-Charity-NGO Campaign,Canadian Stuttering Association,Repetition - stutterca Prolongation - stutterca Pauses - stutterca,Canadian Stuttering Association,john st,Toronto
LIA Awards,2025,Finalist,Klick Health,Toronto,CANADA,Health Wellness,Innovation,Infinito Mare,Self-Healing Float,Infinito Mare,Klick Health,Toronto
LIA Awards,2025,Finalist,FCB,Toronto,CANADA,Health Wellness,Public Service-Charity-NGO Campaign,SickKids Foundation,Fight For Every Birthday The Count,SickKids Foundation,FCB,Toronto
LIA Awards,2025,Finalist,Dentsu Creative France,Paris,FRANCE,Health Wellness,Animal Health,Generali,Urban Doggy Fit,Generali,Dentsu Creative France,Paris
LIA Awards,2025,Finalist,Saatchi Saatchi France,Omni,FRANCE,Health Wellness,Innovation,Omni,Omnilivery,Omni,Saatchi Saatchi France,Paris
LIA Awards,2025,Finalist,TBS,Madrid,SPAIN,Health Wellness,OTC - Over-the-Counter,Daflon,First Oral Treatment,Servier,TBS,Madrid
LIA Awards,2025,Finalist,LLYC,Madrid,SPAIN,Health Wellness,Use of Social Media,Multiopticas,Kid Walkers,Multiopticas,LLYC,Madrid
LIA Awards,2025,Finalist,McCann Worldgroup,Madrid,SPAIN,Health Wellness,Environmental Health Campaign,Right to Health - Weather Is Not A Small Talk,Elevator Office,Right to Health,McCann,Madrid
LIA Awards,2025,Finalist,Publicis Middle East,Dubai,UNITED ARAB EMIRATES,Health Wellness,Health Institutions,King Faisal Specialist Hospital Research Centre,Strangers,King Faisal Specialist Hospital Research Centre,Publicis Middle East,Dubai
LIA Awards,2025,Finalist,adameveDDB New York,New York,UNITED STATES,Health Wellness,Innovation Campaign,Gift of Life Marrow Registry - Doublemint,Hero Gum,Gift of Life Marrow Registry,adameveDDB New York,New York
LIA Awards,2025,Finalist,Weber Shandwick,New York,UNITED STATES,Health Wellness,Education and Services Campaign,MSI Reproductive Choices - Vagina Privacy Network,MSI Reproductive Choices - Vagina Privacy Network,MSI Reproductive Choices,Weber Shandwick,New York
LIA Awards,2025,Finalist,VML,Sydney,AUSTRALIA,Health Wellness-Craft,Art Direction Campaign,1001 Optometry - The Hidden Eye Test,Eye Test Eye Scan Eyecare,1001 Optometry,VML,Sydney
LIA Awards,2025,Finalist,Klick Health,Toronto,CANADA,Health Wellness-Craft,Cinematography,All In Action Fund,The Trial,All In Action Fund,Klick Health,Toronto
LIA Awards,2025,Finalist,Klick Health,Toronto,CANADA,Health Wellness-Craft,Direction,All In Action Fund,The Trial,All In Action Fund,Klick Health,Toronto
LIA Awards,2025,Finalist,Klick Health,Toronto,CANADA,Health Wellness-Craft,Performance-Casting,All In Action Fund,The Trial,All In Action Fund,Klick Health,Toronto
LIA Awards,2025,Finalist,Klick Health,Toronto,CANADA,Health Wellness-Craft,Production Design,All In Action Fund,The Trial,All In Action Fund,Klick Health,Toronto
LIA Awards,2025,Finalist,TBWA-Media Arts Lab,Los Angeles,UNITED STATES,Health Wellness-Craft,Sound Design,Apple,Heartstrings,Apple,TBWA-Media Arts Lab,Los Angeles
LIA Awards,2025,Finalist,Leo Chicago,Chicago,UNITED STATES,Health Wellness-Craft,Cinematography,Huggies,Little Fighter,Kimberly-Clark,Leo Chicago Chicago-Le Truc New York-Publicis Groupe,Chicago
LIA Awards,2025,Finalist,Leo Chicago,Chicago,UNITED STATES,Health Wellness-Craft,Direction,Huggies,Little Fighter,Kimberly-Clark,Leo Chicago Chicago-Le Truc New York-Publicis Groupe,Chicago
LIA Awards,2025,Finalist,Area 23 an IPG Health Company,New York,UNITED STATES,Health Wellness-Craft,Sound Design,Mollies Fund - Mollies Melanoma Awareness,You Are My Sunshine - Radio,Mollies Fund,Area 23 an IPG Health Company,New York
LIA Awards,2025,Finalist,No Fixed Address,Toronto,CANADA,Integration,Best Use of Real Time Advertising,Maple Leaf Foods,Look for the Leaf,Maple Leaf Foods,No Fixed Address,Toronto
LIA Awards,2025,Finalist,Rethink,Toronto,CANADA,Integration,Use of Social Media,Molson Coors,Paid Through Parents,Molson Coors Beverage Company,Rethink,Toronto
LIA Awards,2025,Finalist,DAVID,Madrid,SPAIN,Integration,Direct Marketing,Tingly Teds by Ed Sheeran Limited,Ed-Ible Autographs,Kraft Heinz,DAVID,Madrid
LIA Awards,2025,Finalist,MullenLowe,London,UNITED KINGDOM,Integration,Sports,Persil Dirt Is Good,Its Part Of The Game,Unilever,MullenLowe,London
LIA Awards,2025,Finalist,DAVID New York,New York,UNITED STATES,Integration,Gaming,Clash of Clans,Hammerless,Supercell,DAVID New York,New York
LIA Awards,2025,Finalist,Arnold Worldwide,Boston,UNITED STATES,Integration,Best Regional-National Market,Progressive Insurance,Un-becoming Your Parents in Paris,Progressive Insurance,Arnold Worldwide,
LIA Awards,2025,Finalist,VML,New York,UNITED STATES,Integration,Best Local Market,Refisal,Bad Luck Reverser,Brinsa,VML New York VML,Bogota
LIA Awards,2025,Finalist,LC,New York,UNITED STATES,Integration,Sustainability SDG,Tiffany Co,1837 Tiffany Blue Conservation,Tiffany Co,LC,New York City
LIA Awards,2025,Finalist,Vapor Music Group,Toronto,CANADA,Music Sound,Music Adaptation - Instrumental,KFC Canada,Sorry Manners,KFC Canada,Courage,Toronto
LIA Awards,2025,Finalist,750mph,London,UNITED KINGDOM,Music Sound,Sound Mixing,Riyadh Season,Everything or Nothing,Riyadh Season,Bigtime Creative Shop,Riyadh Saudi Arabia
LIA Awards,2025,Finalist,750mph,London,UNITED KINGDOM,Music Sound,Sound Editing,Visit Britain,Starring GREAT Britain - The Movie,Visit Britain,Pablo,London
LIA Awards,2025,Finalist,750mph,London,UNITED KINGDOM,Music Sound,Sound Mixing,Visit Britain,Starring GREAT Britain - The Movie,Visit Britain,Pablo,London
LIA Awards,2025,Finalist,Barking Owl,Los Angeles,UNITED STATES,Music Sound,Original Music with Lyrics,MGA Entertainment,Diss-Mas,MGA Entertainment,VIRTUE Worldwide,New York
LIA Awards,2025,Finalist,VML,Kansas City,UNITED STATES,Music Sound,Experiential Use of Music Sound,Tennessee Department of Tourist Development,Tennessee Sound Sites,Tennessee Department of Tourist Development,VML,Kansas City
LIA Awards,2025,Finalist,DAVID Buenos Aires,Buenos Aires,ARGENTINA,Non-Traditional,Beverages,Cerveza Aguila,Antenaguila,AB InBev,DAVID Buenos Aires Buenos Aires-DAVID Bogota,Bogota
LIA Awards,2025,Finalist,Rethink,Toronto,CANADA,Non-Traditional,Creativity in Commerce,IKEA,U up,IKEA,Rethink,Toronto
LIA Awards,2025,Finalist,Publicis,Toronto,CANADA,Non-Traditional,Public Service-Charity-NGO,Matties Place,Pet-ition,Matties Place,Publicis,Toronto
LIA Awards,2025,Finalist,Publicis,Toronto,CANADA,Non-Traditional,Sustainability SDG,Rogers,Wildfire Watchtowers,Rogers,Publicis,Toronto
LIA Awards,2025,Finalist,DAVID,Bogota,COLOMBIA,Non-Traditional,Best Use of Real Time Advertising,Aguila,Stadium Roulette,AB INBEV,DAVID,Bogota
LIA Awards,2025,Finalist,Publicis Conseil,Paris,FRANCE,Non-Traditional,Corporate Purpose-Social Responsibility,Renault,UNPatent,Renault,Publicis Conseil,Paris
LIA Awards,2025,Finalist,SERVICEPLAN GERMANY,Munich,GERMANY,Non-Traditional,Banking Financial,Herconomy,Breastmilk Money,Herconomy,SERVICEPLAN GERMANY,Munich
LIA Awards,2025,Finalist,LePub,Milan,ITALY,Non-Traditional,Zeitgeist,Heineken,Pub Succession,Heineken,LePub Milan-Publicis Dublin,Dublin
LIA Awards,2025,Finalist,LePub Mexico City,Mexico City,MEXICO,Non-Traditional,Live Events - Beyond Advertising,Tecate Light,Gulf of Mexico Bar,Heineken Group,LePub Mexico City,Mexico City
LIA Awards,2025,Finalist,Havas HOY,Mexico City,MEXICO,Non-Traditional,Creativity on a Budget,Volaris Airlines,W1NG COD3S,Volaris Airlines,Havas HOY,Mexico City
LIA Awards,2025,Finalist,BLKJ Havas,Singapore,SINGAPORE,Non-Traditional,Gaming,Haraku Ramen,One Noodle,Haraku Ramen,BLKJ Havas,Singapore
LIA Awards,2025,Finalist,Ogilvy,Colombo,SRI LANKA,Non-Traditional,Sustainability SDG,Promate,Second Life Notebooks,PrintXcel Pvt Ltd,Ogilvy,Colombo
LIA Awards,2025,Finalist,Ketchum UK,London,UNITED KINGDOM,Non-Traditional,Public Service-Charity-NGO,a bespoke dominoes set,Liming with Gran,Genomics England and University of Cambridge,Ketchum UK,London
LIA Awards,2025,Finalist,FCB Chicago,Chicago,UNITED STATES,Non-Traditional,Interactive Installations,Goodys Pain Powder,Smile 20,Prestige Consumer Healthcare,FCB Chicago,Chicago
LIA Awards,2025,Finalist,LC,New York,UNITED STATES,Non-Traditional,Sustainability SDG,Tiffany Co,1837 Tiffany Blue Conservation,Tiffany Co,LC,New York City
LIA Awards,2025,Finalist,JOAN Creative,New York,UNITED STATES,Non-Traditional,Sports,WNBA,Line Em Up,WNBA,JOAN Creative,New York
LIA Awards,2025,Finalist,Wolf BKK,Bangkok,THAILAND,Online Film,Humor,CP-Meiji,Sliding Mom,CP-Meiji Co Ltd,Wolf BKK,Bangkok
LIA Awards,2025,Finalist,Ogilvy UK,London,UNITED KINGDOM,Online Film,Creativity on a Budget,Great Ormond Street Hospital Charity,Just Make It,Great Ormond Street Hospital Charity,Ogilvy UK,London
LIA Awards,2025,Finalist,Artists Equity,Los Angeles,UNITED STATES,Online Film,Humor,Stella Artois,David and Dave,Stella Artois,Artists Equity,Los Angeles
LIA Awards,2025,Finalist,Ogilvy New York,New York,UNITED STATES,Online Film,Zeitgeist Campaign,Stella Artois - Hiders Keepers,Birthday Party Dinner Game Day Carousel,AB inBev,Ogilvy,New York
LIA Awards,2025,Finalist,Cheil Worldwide,Seoul,KOREA,Package Design,Retailer Packaging,GS25,Lifeguard Snack,GS25 Retail,Cheil Worldwide,Seoul
LIA Awards,2025,Finalist,Lowe Lintas,Mumbai,INDIA,Pharma Medical,Branded AI-Enabled Pharma Medical,Alkem Laboratories,DawAI reader,Alkem Laboratories,Lowe Lintas,Mumbai
LIA Awards,2025,Finalist,FCB Health Vybe an IPG Health Company,Milan,ITALY,Pharma Medical,Branded Education and Services,Lilly,The Impossible Gym,Eli Lilly Italia SpA,FCB Health Vybe an IPG Health Company,Milan
LIA Awards,2025,Finalist,TBWA-Hakuhodo Inc,Tokyo,JAPAN,Pharma Medical,Branded Devices and Diagnostics,Smart Eye Camera,Smart Eye Camera,OUI Inc,TBWA-Hakuhodo Inc,Tokyo
LIA Awards,2025,Finalist,VML Spain,Madrid,SPAIN,Pharma Medical,Unbranded Education and Services Campaign,Friedreich I,Friedreich I,Biogen,VML,Spain
LIA Awards,2025,Finalist,FCB Health New York an IPG Health Company,New York,UNITED STATES,Pharma Medical,Branded Patient Engagement,Cologuard,White Knight,Exact Sciences,FCB Health New York an IPG Health Company,New York
LIA Awards,2025,Finalist,Rise Run an IPG Health Company,New York,UNITED STATES,Pharma Medical,Branded Use of Social Media Campaign,Cosentyx,PsO Peptalk PsO Longform PsO Vocab HS Treatment Goals AS Longform,Novartis Pharmaceuticals,Rise Run an IPG Health Company,New York
LIA Awards,2025,Finalist,EVERSANA INTOUCH,New York,UNITED STATES,Pharma Medical,Social Responsibility-Awareness,Wisp,No More Hippocrites,Wisp,EVERSANA INTOUCH,New York
LIA Awards,2025,Finalist,Publicis Middle East,Dubai,UNITED ARAB EMIRATES,Pharma Medical-Craft,Direction,King Faisal Specialist Hospital Research Centre,Strangers,King Faisal Specialist Hospital Research Centre,Publicis Middle East,Dubai
LIA Awards,2025,Finalist,Havas Lynx,Manchester,UNITED KINGDOM,Pharma Medical-Craft,Visual Effects,Living with PN,Scratched Out,Sanofi Regeneron,Havas Lynx,Manchester
LIA Awards,2025,Finalist,Area 23 an IPG Health Company,New York,UNITED STATES,Pharma Medical-Craft,Original Music with Lyrics,Apfed - American Partnership for Eosinophilic Disorders,The End of the Internet,Apfed - American Partnership for Eosinophilic Disorders,Area 23 an IPG Health Company,New York
LIA Awards,2025,Finalist,21Grams,New York,UNITED STATES,Pharma Medical-Craft,Performance-Casting,SKYCLARYS,Friedreichs Back,Biogen,21Grams,New York
LIA Awards,2025,Finalist,EVERSANA INTOUCH,New York,UNITED STATES,Pharma Medical-Craft,Direction,Wisp,No More Hippocrites,Wisp,EVERSANA INTOUCH,New York
LIA Awards,2025,Finalist,Ogilvy Shanghai,Shanghai,CHINA,Poster,Craft Photography Campaign,Viatris - Make Love Last,The Bedroom The Hotel Room The Living Room,Viatris,Ogilvy Shanghai,Shanghai
LIA Awards,2025,Finalist,DAVID,Miami,UNITED STATES,Poster,Beverages Campaign,Corona - Corona Eclipse,Uruguay Brazil Argentina,AB INBEV,DAVID,Miami
LIA Awards,2025,Finalist,VML,New York,UNITED STATES,Poster,Craft Art Direction Campaign,The Coca-Cola Company,Classic - 1 Classic - 2,The Coca-Cola Company,VML,New York
LIA Awards,2025,Finalist,VML,Sao Paulo,BRAZIL,Print,Craft Visual Design,BIC Cristal,The Shakespeare Bic,Grupo Bic,VML,Sao Paulo
LIA Awards,2025,Finalist,INGO Hamburg,Hamburg,GERMANY,Print,Technology Tech Equipment Campaign,Canon - The Full Picture,Ice Cream First Day of School Swimming Pool,Canon Emirates LLC Dubai,INGO Hamburg Hamburg-Memac Ogilvy Dubai,Dubai
LIA Awards,2025,Finalist,Ogilvy Group Germany,Frankfurt,GERMANY,Print,Craft Art Direction Campaign,German Rail - Connecting Europe,Netherlands Austria Denmark Spain,German Rail,Ogilvy Group Germany,Frankfurt
LIA Awards,2025,Finalist,VML,New York,UNITED STATES,Print,Craft Art Direction Campaign,The Coca-Cola Company,Classic - 1 Classic - 2,The Coca-Cola Company,VML,New York
LIA Awards,2025,Finalist,Revolver,Sydney,AUSTRALIA,Production Post-Production,Production Design,Telstra,Donkey,Telstra Group Limited,Bear Meets Eagle on Fire,Sydney
LIA Awards,2025,Finalist,Altvfx,Brisbane,AUSTRALIA,Production Post-Production,Visual Effects Campaign,Telstra,Four Legged Friend Mirror Mirror Magnetic Boy,Telstra,Bear Meets Eagle on Fire,
LIA Awards,2025,Finalist,Bear Meets Eagle On Fire,Sydney,AUSTRALIA,Production Post-Production,Direction Campaign,Telstra,Scamageddon Deceiver Lever Scamalanche Villains BTS,Alita McMenamin,Bear Meets Eagle On Fire,Sydney
LIA Awards,2025,Finalist,Bear Meets Eagle On Fire,Sydney,AUSTRALIA,Production Post-Production,Production Design Campaign,Telstra,Scamageddon Deceiver Lever Scamalanche Villains BTS,Alita McMenamin,Bear Meets Eagle On Fire,Sydney
LIA Awards,2025,Finalist,Bear Meets Eagle On Fire,Sydney,AUSTRALIA,Production Post-Production,CGI Animation,Telstra,wherever we go - Duet,Telstra,Bear Meets Eagle On Fire,Sydney
LIA Awards,2025,Finalist,FCB Canada,Toronto,CANADA,Production Post-Production,Editing,SickKids Foundation,The Count,SickKids Foundation,FCB,Toronto
LIA Awards,2025,Finalist,Publicis Conseil,Paris,FRANCE,Production Post-Production,Production Design,Cancer Careers,Strings,Cancer Careers,Publicis Conseil,Paris
LIA Awards,2025,Finalist,Publicis Conseil,Paris,FRANCE,Production Post-Production,Direction,Renault,Argentina,Renault,Publicis Conseil,Paris
LIA Awards,2025,Finalist,Saatchi Saatchi Germany,Dusseldorf,GERMANY,Production Post-Production,Production Design,Deutsche Telekom,Bubbles,Deutsche Telekom,Saatchi Saatchi Germany-MUW Saatchi Saatchi Bratislava,
LIA Awards,2025,Finalist,HeimatTBWA- Germany,Berlin,GERMANY,Production Post-Production,Production Design,HORNBACH Baumarkt,Feel Like A Kid Again,HORNBACH Baumarkt AG,HeimatTBWA- Germany,Berlin
LIA Awards,2025,Finalist,BigTime Creative Shop,Riyadh,SAUDI ARABIA,Production Post-Production,Direction,General Entertainment Authority,Obsession,General Entertainment Authority,BigTime Creative Shop,Riyadh
LIA Awards,2025,Finalist,Ogilvy Bangkok,Bangkok,THAILAND,Production Post-Production,Direction,Thai Life Insurance,Unfading Love,Thai Life Insurance Public Company Limited,Ogilvy Bangkok,Bangkok
LIA Awards,2025,Finalist,Area 23 an IPG Health Company,New York,UNITED STATES,Production Post-Production,Stop-Frame Animation,Advocacy For Ethical Egg Production and Humane Treatment of Chickens,Cracked,Mercy for Animals,Area 23 an IPG Health Company,New York
LIA Awards,2025,Finalist,JAMM Visual,Culver City,UNITED STATES,Production Post-Production,CGI Animation,Amazon x Hyundai,Add to Cart,Amazon x Hyundai,Innocean,
LIA Awards,2025,Finalist,TBWA-Media Arts Lab,Los Angeles,UNITED STATES,Production Post-Production,Visual Effects,Apple,No Sweat,Apple,TBWA-Media Arts Lab,Los Angeles
LIA Awards,2025,Finalist,Biscuit Filmworks,Los Angeles,UNITED STATES,Production Post-Production,Production Design,Squarespace,A Tale As Old As Websites,Squarespace,,
LIA Awards,2025,Finalist,Bear Meets Eagle On Fire,Sydney,AUSTRALIA,TV Cinema,Utilities Campaign,Telstra,Silent Films Four Legged Friend Mirror Mirror,Telstra,Bear Meets Eagle On Fire,Sydney
LIA Awards,2025,Finalist,BETC HAVAS,Sao Paulo,BRAZIL,TV Cinema,Corporate Purpose-Social Responsibility,Reckitt - Vanish,Invisible Stain,Reckitt - Vanish,BETC HAVAS,Sao Paulo
LIA Awards,2025,Finalist,INNOCEAN,Seoul,KOREA,TV Cinema,Branded Entertainment,IONIQ,Night Fishing,Hyundai Motor Company,INNOCEAN,Seoul
LIA Awards,2025,Finalist,Try,Oslo,NORWAY,TV Cinema,Retail Campaign,IKEA,Hope Mornings Picky Awake,IKEA,Try,Oslo
LIA Awards,2025,Finalist,FCB London,London,UNITED KINGDOM,TV Cinema,Humor,Andrex - Get Comfortable,First School Poo,Kimberly-Clark,FCB London,London
LIA Awards,2025,Finalist,TBWA-Media Arts Lab,Los Angeles,UNITED STATES,TV Cinema,Technology Tech Equipment,Apple,Heartstrings,Apple,TBWA-Media Arts Lab,Los Angeles
LIA Awards,2025,Finalist,Ogilvy Argentina,Buenos Aires,ARGENTINA,Use of Social Media Influencers,Home Products,Calm Is Simple,The Sound of Divorce,Calm es Simple,Ogilvy Argentina,Buenos Aires
LIA Awards,2025,Finalist,VML,Buenos Aires,ARGENTINA,Use of Social Media Influencers,Beauty Well-being,Dove,Undeleted,Unilever,VML,Argentina
LIA Awards,2025,Finalist,DAVID,Sao Paulo,BRAZIL,Use of Social Media Influencers,Gaming,BIS,The WhatsApp Saga,Mondelez,DAVID,Sao Paulo
LIA Awards,2025,Finalist,Rethink,Toronto,CANADA,Use of Social Media Influencers,Foods,Kraft Heinz,Cant Unsee It,Kraft Heinz,Rethink,Toronto
LIA Awards,2025,Finalist,Rethink,Toronto,CANADA,Use of Social Media Influencers,Craft Tone of Voice,Molson Coors,Paid Through Parents,Molson Coors Beverage Company,Rethink,Toronto
LIA Awards,2025,Finalist,LePub,Milan,ITALY,Use of Social Media Influencers,Branded Entertainment,Desperados,Guao Guao,Desperados,LePub,Milan
LIA Awards,2025,Finalist,LePub Mexico,Mexico City,MEXICO,Use of Social Media Influencers,Challenger Brand,Carta Blanca,Cheers Deivid,Heineken Group,LePub Mexico,Mexico City
LIA Awards,2025,Finalist,Havas HOY,Mexico City,MEXICO,Use of Social Media Influencers,Creativity in Commerce,Volaris Airlines,W1NG COD3S,Volaris Airlines,Havas HOY,Mexico City
LIA Awards,2025,Finalist,DAVID,Madrid,SPAIN,Use of Social Media Influencers,Innovative Use of Social or Influencer,Netflix,Alcaraz Tattoo Reveal,Netflix Spain,DAVID,Madrid
LIA Awards,2025,Finalist,Amazon XCM,Santa Monica,UNITED STATES,Use of Social Media Influencers,Craft Original Music,Amazon Prime Day,Megan Thee ----,Amazon,,
LIA Awards,2025,Finalist,McCann NY,New York,UNITED STATES,Use of Social Media Influencers,Innovative Use of Social or Influencer,Mastercard,From Fan to Featured,Mastercard,McCann XBC,New York
