Festival,Year,Award,Entrant,Entrant City,Country,Track,Sub category,Brand,Title,Corporate Name of Client,Agency,Agency City,Permalink
LIA Awards,2025,Grand Prix,SERVICEPLAN GERMANY,Munich,GERMANY,Ambient Activation,,Rainbow Wool,Rainbow Wool,Schaferei Stucke,SERVICEPLAN GERMANY,Munich,/awards/lia_awards/2025/campaigns/rainbow-wool-rainbow-wool-serviceplan-germany-2025/
LIA Awards,2025,Grand Prix,Apple Marcom Cupertino TBWA-Media Arts Lab,Los Angeles,UNITED STATES,Branded Content,,Apple,Submerged,Apple,TBWA-Media Arts Lab,Los Angeles,/awards/lia_awards/2025/campaigns/submerged-apple-tbwa-media-arts-lab-2025/
LIA Awards,2025,Grand Prix,McCann Paris,Paris,FRANCE,Branded Entertainment,,LOreal Paris,The Final Copy of Ilon Specht,LOreal Paris,McCann Paris Paris-McCann Worldgroup,New York,/awards/lia_awards/2025/campaigns/the-final-copy-of-ilon-specht-loreal-paris-mccann-paris-paris-mccann-worldgroup-2025/
LIA Awards,2025,Grand Prix,AMVBBDO,London,UNITED KINGDOM,Creative Strategy,,Libresse-Bodyform,Livefearless - The Heart Guts Behind The Blood,Essity Bodyform,AMVBBDO,London,/awards/lia_awards/2025/campaigns/livefearless-the-heart-guts-behind-the-blood-libresse-bodyform-amvbbdo-2025/
LIA Awards,2025,Grand Prix,ATimePlace,Melbourne,AUSTRALIA,Creative Use of Data,,Suzuki,The Suzuki Index,Suzuki Automotive,ATimePlace,Melbourne,/awards/lia_awards/2025/campaigns/the-suzuki-index-suzuki-atimeplace-2025/
LIA Awards,2025,Grand Prix,FP7 McCann,Dubai,UNITED ARAB EMIRATES,Creativity In B2B,,Puck,Recipe for Change,Arla Foods MEA,FP7 McCann,Dubai,/awards/lia_awards/2025/campaigns/recipe-for-change-puck-fp7-mccann-2025/
LIA Awards,2025,Grand Prix,FCB New York,New York,UNITED STATES,Creativity In PR,,Hyundai Motor Company,Tree Correspondents,Hyundai Motor Company,FCB New York,New York,/awards/lia_awards/2025/campaigns/tree-correspondents-hyundai-motor-company-fcb-new-york-2025/
LIA Awards,2025,Grand Prix,FCB Chicago,Chicago,UNITED STATES,Design,,Caption with Intention,Caption with Intention,Rakish Entertainment,FCB Chicago,Chicago,/awards/lia_awards/2025/campaigns/caption-with-intention-caption-with-intention-fcb-chicago-2025/
LIA Awards,2025,Grand Prix,Ogilvy,Singapore,SINGAPORE,Direct,,Unilever - Vaseline,Vaseline Verified,Unilever PLC,Ogilvy Singapore,Singapore,/awards/lia_awards/2025/campaigns/vaseline-verified-unilever-vaseline-ogilvy-singapore-2025/
LIA Awards,2025,Grand Prix,Publicis Conseil,Paris,FRANCE,Evolution,,AXA,Three Words,AXA,Publicis Conseil,Paris,/awards/lia_awards/2025/campaigns/three-words-axa-publicis-conseil-2025/
LIA Awards,2025,Grand Prix,Ogilvy,Singapore,SINGAPORE,Health Wellness,,Unilever - Vaseline,Vaseline Verified,Unilever PLC,Ogilvy Singapore,Singapore,/awards/lia_awards/2025/campaigns/vaseline-verified-unilever-vaseline-ogilvy-singapore-2025-2/
LIA Awards,2025,Grand Prix,AMVBBDO,London,UNITED KINGDOM,Health Wellness-Craft,,Essity-Bodyform,Never Just A Period,Essity Bodyform,AMVBBDO,London,/awards/lia_awards/2025/campaigns/never-just-a-period-essity-bodyform-amvbbdo-2025/
LIA Awards,2025,Grand Prix,Publicis Conseil,Paris,FRANCE,Integration,,AXA,Three Words,AXA,Publicis Conseil,Paris,/awards/lia_awards/2025/campaigns/three-words-axa-publicis-conseil-2025-2/
LIA Awards,2025,Grand Prix,HeimatTBWA- Germany,Berlin,GERMANY,Music Sound,,HORNBACH,No Project without Drama,HORNBACH Baumarkt AG,HeimatTBWA- Germany,Berlin,/awards/lia_awards/2025/campaigns/no-project-without-drama-hornbach-heimattbwa-germany-2025/
LIA Awards,2025,Grand Prix,Publicis Conseil,Paris,FRANCE,Non-Traditional,,AXA,Three Words,AXA,Publicis Conseil,Paris,/awards/lia_awards/2025/campaigns/three-words-axa-publicis-conseil-2025-3/
LIA Awards,2025,Grand Prix,BBDO Bangkok,Bangkok,THAILAND,Online Film,,Five Star,Death of A Salesman,CPF Restaurant and Foods Chain CoLtd,BBDO Bangkok,Bangkok,/awards/lia_awards/2025/campaigns/death-of-a-salesman-five-star-bbdo-bangkok-2025/
LIA Awards,2025,Grand Prix,de la Cruz Ogilvy,Puerto Rico,PUERTO RICO,Package Design,,Alivia Health,Glowing Relief,Alivia Health,de la Cruz Ogilvy Puerto Rico-Ogilvy Health,New York,/awards/lia_awards/2025/campaigns/glowing-relief-alivia-health-de-la-cruz-ogilvy-puerto-rico-ogilvy-health-2025/
LIA Awards,2025,Grand Prix,de la Cruz Ogilvy,Puerto Rico,PUERTO RICO,Pharma Medical,,Alivia Health,Glowing Relief,Alivia Health,de la Cruz Ogilvy Puerto Rico-Ogilvy Health,New York,/awards/lia_awards/2025/campaigns/glowing-relief-alivia-health-de-la-cruz-ogilvy-puerto-rico-ogilvy-health-2025-2/
LIA Awards,2025,Grand Prix,Leo Dubai,Dubai,UNITED ARAB EMIRATES,Poster,,NBA India - The Great Indian Dunk,Jordan 23,NBA,Leo Dubai,Dubai,/awards/lia_awards/2025/campaigns/jordan-23-nba-india-the-great-indian-dunk-leo-dubai-2025/
LIA Awards,2025,Grand Prix,HeimatTBWA- Germany,Berlin,GERMANY,Production Post-Production,,HORNBACH,No Project without Drama,HORNBACH Baumarkt AG,HeimatTBWA- Germany,Berlin,/awards/lia_awards/2025/campaigns/no-project-without-drama-hornbach-heimattbwa-germany-2025-2/
LIA Awards,2025,Grand Prix,Publicis Conseil,Paris,FRANCE,Transformative Business Impact,,AXA,Three Words,AXA,Publicis Conseil,Paris,/awards/lia_awards/2025/campaigns/three-words-axa-publicis-conseil-2025-4/
LIA Awards,2025,Grand Prix,McCann Paris,Paris,FRANCE,TV Cinema,,LOreal Paris,The Final Copy of Ilon Specht,LOreal Paris,McCann Paris Paris-McCann Worldgroup,New York,/awards/lia_awards/2025/campaigns/the-final-copy-of-ilon-specht-loreal-paris-mccann-paris-paris-mccann-worldgroup-2025-2/
LIA Awards,2025,Grand Prix,Ogilvy,Singapore,SINGAPORE,Use of Social Media Influencers,,Unilever - Vaseline,Vaseline Verified,Unilever PLC,Ogilvy Singapore,Singapore,/awards/lia_awards/2025/campaigns/vaseline-verified-unilever-vaseline-ogilvy-singapore-2025-3/
LIA Awards,2025,Gold,Rethink,Toronto,CANADA,Ambient Activation,Use of Social Media,IKEA,U up,IKEA,Rethink,Toronto,/awards/lia_awards/2025/campaigns/u-up-ikea-rethink-2025/
LIA Awards,2025,Gold,SERVICEPLAN GERMANY,Munich,GERMANY,Ambient Activation,Creativity in Commerce,Rainbow Wool,Rainbow Wool,Schaferei Stucke,SERVICEPLAN GERMANY,Munich,/awards/lia_awards/2025/campaigns/rainbow-wool-rainbow-wool-serviceplan-germany-2025-2/
LIA Awards,2025,Gold,Energy BBDO,Chicago,UNITED STATES,Ambient Activation,Political,Change The Ref,The Final Exam,Change The Ref,Energy BBDO,Chicago,/awards/lia_awards/2025/campaigns/the-final-exam-change-the-ref-energy-bbdo-2025/
LIA Awards,2025,Gold,Ogilvy Argentina,Buenos Aires,ARGENTINA,Audio Radio,Creativity in Commerce,Calm Is Simple,The Sound of Divorce,Calm es Simple,Ogilvy Argentina,Buenos Aires,/awards/lia_awards/2025/campaigns/the-sound-of-divorce-calm-is-simple-ogilvy-argentina-2025/
LIA Awards,2025,Gold,DAVID,Madrid,SPAIN,Audio Radio,Craft Script Writing,Fusion,High Energy Intern,AMBEV Fusion Energy,DAVID,Madrid,/awards/lia_awards/2025/campaigns/high-energy-intern-fusion-david-2025/
LIA Awards,2025,Gold,Leo Dubai,Dubai,UNITED ARAB EMIRATES,Billboard,Craft Photography Campaign,NBA India - The Great Indian Dunk,Jordan 23 Kobe 08 Lebron 06 Shaq 34,NBA,Leo Dubai,Dubai,/awards/lia_awards/2025/campaigns/jordan-23-kobe-08-lebron-06-shaq-34-nba-india-the-great-indian-dunk-leo-dubai-2025/
LIA Awards,2025,Gold,VCCP,London,UNITED KINGDOM,Billboard,Craft Copywriting Campaign,Cadbury Dairy Milk,Who Cooked Flights Duvet Subscription Who Drove Group Chat Slides Birthdays,Mondelez International,VCCP,London,/awards/lia_awards/2025/campaigns/who-cooked-flights-duvet-subscription-who-drove-group-chat-slides-birthdays-cadbury-dairy-milk-vccp-2025/
LIA Awards,2025,Gold,VCCP,London,UNITED KINGDOM,Billboard,Foods Campaign,Cadbury Dairy Milk,Who Cooked Flights Duvet Subscription Who Drove Group Chat Slides Birthdays,Mondelez International,VCCP,London,/awards/lia_awards/2025/campaigns/who-cooked-flights-duvet-subscription-who-drove-group-chat-slides-birthdays-cadbury-dairy-milk-vccp-2025-2/
LIA Awards,2025,Gold,Apple Marcom Cupertino TBWA-Media Arts Lab,Los Angeles,UNITED STATES,Branded Content,Virtual Reality,Apple,Submerged,Apple,TBWA-Media Arts Lab,Los Angeles,/awards/lia_awards/2025/campaigns/submerged-apple-tbwa-media-arts-lab-2025-2/
LIA Awards,2025,Gold,Ogilvy,New York,UNITED STATES,Branded Content,Online Series,San Pellegrino CIAO,With Love Italy,Nestle,Ogilvy,New York,/awards/lia_awards/2025/campaigns/with-love-italy-san-pellegrino-ciao-ogilvy-2025/
LIA Awards,2025,Gold,Monks,Buenos Aires,ARGENTINA,Branded Entertainment,Creative Use of Data,Netflix,Sennas Cut,Netflix Latam,Monks,Buenos Aires,/awards/lia_awards/2025/campaigns/sennas-cut-netflix-monks-2025/
LIA Awards,2025,Gold,McCann Paris,Paris,FRANCE,Branded Entertainment,Brand IP,LOreal Paris,The Final Copy of Ilon Specht,LOreal Paris,McCann Paris Paris-McCann Worldgroup,New York,/awards/lia_awards/2025/campaigns/the-final-copy-of-ilon-specht-loreal-paris-mccann-paris-paris-mccann-worldgroup-2025-3/
LIA Awards,2025,Gold,McCann Paris,Paris,FRANCE,Branded Entertainment,Documentary Short Film,LOreal Paris,The Final Copy of Ilon Specht,LOreal Paris,McCann Paris Paris-McCann Worldgroup,New York,/awards/lia_awards/2025/campaigns/the-final-copy-of-ilon-specht-loreal-paris-mccann-paris-paris-mccann-worldgroup-2025-4/
LIA Awards,2025,Gold,LePub Mexico City,Mexico City,MEXICO,Branded Entertainment,Experiential and Events,Tecate Light,Gulf of Mexico Bar,Heineken Group,LePub Mexico City,Mexico City,/awards/lia_awards/2025/campaigns/gulf-of-mexico-bar-tecate-light-lepub-mexico-city-2025/
LIA Awards,2025,Gold,Motion Sickness,Auckland,NEW ZEALAND,Branded Entertainment,Online Episodes and Specials Series,The New Zealand Herpes Foundation,Make New Zealand The Best Place In The World To Have Herpes,The New Zealand Herpes Foundation,Motion Sickness,Auckland,/awards/lia_awards/2025/campaigns/make-new-zealand-the-best-place-in-the-world-to-have-herpes-the-new-zealand-herpes-foundation-motion-sickness-2025/
LIA Awards,2025,Gold,Apple Marcom Cupertino TBWA-Media Arts Lab,Los Angeles,UNITED STATES,Branded Entertainment,Virtual Reality,Apple,Submerged,Apple,TBWA-Media Arts Lab,Los Angeles,/awards/lia_awards/2025/campaigns/submerged-apple-tbwa-media-arts-lab-2025-3/
LIA Awards,2025,Gold,AlmapBBDO,Sao Paulo,BRAZIL,Creative Strategy,Cultural Insight,Pedigree,Pedigree Caramelo,Mars,AlmapBBDO,Sao Paulo,/awards/lia_awards/2025/campaigns/pedigree-caramelo-pedigree-almapbbdo-2025/
LIA Awards,2025,Gold,Rethink,Toronto,CANADA,Creative Strategy,Breaking Sector Convention,Molson Coors,Paid Through Parents,Molson Coors Beverage Company,Rethink,Toronto,/awards/lia_awards/2025/campaigns/paid-through-parents-molson-coors-rethink-2025/
LIA Awards,2025,Gold,Rethink,Toronto,CANADA,Creative Strategy,CPG-FMCG,Molson Coors,Paid Through Parents,Molson Coors Beverage Company,Rethink,Toronto,/awards/lia_awards/2025/campaigns/paid-through-parents-molson-coors-rethink-2025-2/
LIA Awards,2025,Gold,DDB Colombia,Bogota,COLOMBIA,Creative Strategy,Creative Use of Data,Procolombia,Humanimal Tourism,Jorge Ivan Rueda,DDB Colombia,Bogota,/awards/lia_awards/2025/campaigns/humanimal-tourism-procolombia-ddb-colombia-2025/
LIA Awards,2025,Gold,Publicis Conseil,Paris,FRANCE,Creative Strategy,Breaking Sector Convention,AXA,Three Words,AXA,Publicis Conseil,Paris,/awards/lia_awards/2025/campaigns/three-words-axa-publicis-conseil-2025-5/
LIA Awards,2025,Gold,Publicis Conseil,Paris,FRANCE,Creative Strategy,Finance,AXA,Three Words,AXA,Publicis Conseil,Paris,/awards/lia_awards/2025/campaigns/three-words-axa-publicis-conseil-2025-6/
LIA Awards,2025,Gold,McCann Paris,Paris,FRANCE,Creative Strategy,Branded Entertainment,LOreal Paris,The Final Copy of Ilon Specht,LOreal Paris,McCann Paris Paris-McCann Worldgroup,New York,/awards/lia_awards/2025/campaigns/the-final-copy-of-ilon-specht-loreal-paris-mccann-paris-paris-mccann-worldgroup-2025-5/
LIA Awards,2025,Gold,Ogilvy,Singapore,SINGAPORE,Creative Strategy,Use of Social Media,Unilever - Vaseline,Vaseline Verified,Unilever PLC,Ogilvy Singapore,Singapore,/awards/lia_awards/2025/campaigns/vaseline-verified-unilever-vaseline-ogilvy-singapore-2025-4/
LIA Awards,2025,Gold,Ogilvy UK,London,UNITED KINGDOM,Creative Strategy,Long-term Creative Strategy-Effectiveness,Dove,Real Beauty How A Soap Brand Created A Global Self-Esteem Movement,Unilever,Ogilvy UK,London,/awards/lia_awards/2025/campaigns/real-beauty-how-a-soap-brand-created-a-global-self-esteem-movement-dove-ogilvy-uk-2025/
LIA Awards,2025,Gold,AMVBBDO,London,UNITED KINGDOM,Creative Strategy,Beauty Well-being,Essity - Bodyform,Never Just A Period,Essity Bodyform,AMVBBDO,London,/awards/lia_awards/2025/campaigns/never-just-a-period-essity-bodyform-amvbbdo-2025-2/
LIA Awards,2025,Gold,AMVBBDO,London,UNITED KINGDOM,Creative Strategy,Long-term Creative Strategy-Effectiveness,Libresse-Bodyform,Livefearless - The Heart Guts Behind The Blood,Essity Bodyform,AMVBBDO,London,/awards/lia_awards/2025/campaigns/livefearless-the-heart-guts-behind-the-blood-libresse-bodyform-amvbbdo-2025-2/
LIA Awards,2025,Gold,The Kitchen North America,Chicago,UNITED STATES,Creative Strategy,Partnership Collaboration,Heinz Mustard,Heinz Mustard x Mustard,Kraft Heinz,Cashmere Los Angeles-The Kitchen North America,Chicago,/awards/lia_awards/2025/campaigns/heinz-mustard-x-mustard-heinz-mustard-cashmere-los-angeles-the-kitchen-north-america-2025/
LIA Awards,2025,Gold,McCann NY,New York,UNITED STATES,Creative Strategy,Cultural Insight,Last Prisoner Project,The Pen to Right History,Last Prisoner Project,McCann NY,New York,/awards/lia_awards/2025/campaigns/the-pen-to-right-history-last-prisoner-project-mccann-ny-2025/
LIA Awards,2025,Gold,ATimePlace,Melbourne,AUSTRALIA,Creative Use of Data,Data-Led Creativity,Suzuki,The Suzuki Index,Suzuki Automotive,ATimePlace,Melbourne,/awards/lia_awards/2025/campaigns/the-suzuki-index-suzuki-atimeplace-2025-2/
LIA Awards,2025,Gold,VML,Dubai,UNITED ARAB EMIRATES,Creative Use of Data,Social-Powered Data,HungerStation,The Social Feed,HungerStation,VML,Dubai,/awards/lia_awards/2025/campaigns/the-social-feed-hungerstation-vml-2025/
LIA Awards,2025,Gold,Amazon XCM,Santa Monica,UNITED STATES,Creative Use of Data,Data-Led Creativity,Amazon,5-Star Theater with Adam Driver,Amazon,,,/awards/lia_awards/2025/campaigns/5-star-theater-with-adam-driver-amazon-2025/
LIA Awards,2025,Gold,MRM Germany,Frankfurt,GERMANY,Creativity In B2B,Financial Services,Life Donor Card,Life Donor Card,Mastercard,MRM GERMANY,Frankfurt,/awards/lia_awards/2025/campaigns/life-donor-card-life-donor-card-mrm-germany-2025/
LIA Awards,2025,Gold,McCann Worldgroup,Athens,GREECE,Creativity In B2B,Best Local Market,Wikifarmer,The Wedding Rice,Wikifarmer,McCann Worldgroup,Athens,/awards/lia_awards/2025/campaigns/the-wedding-rice-wikifarmer-mccann-worldgroup-2025/
LIA Awards,2025,Gold,LePub,Milan,ITALY,Creativity In B2B,Recruitment,Heineken,Pub Succession,Heineken,LePub Milan-Publicis Dublin,Dublin,/awards/lia_awards/2025/campaigns/pub-succession-heineken-lepub-milan-publicis-dublin-2025/
LIA Awards,2025,Gold,David,Madrid,SPAIN,Creativity In B2B,Best Regional-National Market,Coca-Cola,Shades of Red,The Coca Cola Company,DAVID,Madrid,/awards/lia_awards/2025/campaigns/shades-of-red-coca-cola-david-2025/
LIA Awards,2025,Gold,FP7 McCann,Dubai,UNITED ARAB EMIRATES,Creativity In B2B,Sustainability SDG,Puck,Recipe for Change,Arla Foods MEA,FP7 McCann,Dubai,/awards/lia_awards/2025/campaigns/recipe-for-change-puck-fp7-mccann-2025-2/
LIA Awards,2025,Gold,DAVID,Sao Paulo,BRAZIL,Creativity In Media,Use of TV and Other Screens,Heinz,Im Still Here Too,Kraft Heinz,DAVID,Sao Paulo,/awards/lia_awards/2025/campaigns/im-still-here-too-heinz-david-2025/
LIA Awards,2025,Gold,Rethink,Toronto,CANADA,Creativity In Media,Use of Branded Entertainment Content,Kraft Heinz,Cant Unsee It,Kraft Heinz,Rethink,Toronto,/awards/lia_awards/2025/campaigns/cant-unsee-it-kraft-heinz-rethink-2025/
LIA Awards,2025,Gold,Ogilvy,Santo Domingo,DOMINICAN REPUBLIC,Creativity In Media,Corporate Purpose-Social Responsibility,Chevrolet,Night Signals,Santo Domingo Motors,Ogilvy,Santo Domingo,/awards/lia_awards/2025/campaigns/night-signals-chevrolet-ogilvy-2025/
LIA Awards,2025,Gold,Ogilvy,Santo Domingo,DOMINICAN REPUBLIC,Creativity In Media,Use of Outdoor,Chevrolet,Night Signals,Santo Domingo Motors,Ogilvy,Santo Domingo,/awards/lia_awards/2025/campaigns/night-signals-chevrolet-ogilvy-2025-2/
LIA Awards,2025,Gold,Ogilvy,Bengaluru,INDIA,Creativity In Media,Health Pharma,Eye,Eye Test Menu,Titan Company Limited,Ogilvy Bengaluru-Ogilvy,Mumbai,/awards/lia_awards/2025/campaigns/eye-test-menu-eye-ogilvy-bengaluru-ogilvy-2025/
LIA Awards,2025,Gold,LePub Mexico City,Mexico City,MEXICO,Creativity In Media,Use of Events and Stunts,Tecate Light,Gulf of Mexico Bar,Heineken Group,LePub Mexico City,Mexico City,/awards/lia_awards/2025/campaigns/gulf-of-mexico-bar-tecate-light-lepub-mexico-city-2025-2/
LIA Awards,2025,Gold,DAVID,Madrid,SPAIN,Creativity In Media,B2B,Coca-Cola,Shades of Red,The Coca Cola Company,DAVID,Madrid,/awards/lia_awards/2025/campaigns/shades-of-red-coca-cola-david-2025-2/
LIA Awards,2025,Gold,Zenith,Detroit,UNITED STATES,Creativity In Media,Banking Finance,Rocket,First Ever LIVE Commercial Crossover,Rocket,Mirimar,Venica,/awards/lia_awards/2025/campaigns/first-ever-live-commercial-crossover-rocket-mirimar-2025/
LIA Awards,2025,Gold,Ogilvy Australia,,AUSTRALIA,Creativity In PR,Best Local-Regional-National Market,TCCC,Meet me at the Coke Sign,TCCC,Ogilvy,Australia,/awards/lia_awards/2025/campaigns/meet-me-at-the-coke-sign-tccc-ogilvy-2025/
LIA Awards,2025,Gold,Publicis Conseil,Paris,FRANCE,Creativity In PR,Best Local-Regional-National Market,AXA,Three Words,AXA,Publicis Conseil,Paris,/awards/lia_awards/2025/campaigns/three-words-axa-publicis-conseil-2025-7/
LIA Awards,2025,Gold,Publicis Conseil,Paris,FRANCE,Creativity In PR,Best Product Launch,AXA,Three Words,AXA,Publicis Conseil,Paris,/awards/lia_awards/2025/campaigns/three-words-axa-publicis-conseil-2025-8/
LIA Awards,2025,Gold,Publicis Conseil,Paris,FRANCE,Creativity In PR,Corporate Purpose-Social Responsibility,AXA,Three Words,AXA,Publicis Conseil,Paris,/awards/lia_awards/2025/campaigns/three-words-axa-publicis-conseil-2025-9/
LIA Awards,2025,Gold,McCann Paris,Paris,FRANCE,Creativity In PR,Corporate Purpose-Social Responsibility,LOreal Paris,The Final Copy of Ilon Specht,LOreal Paris,McCann Paris Paris-McCann Worldgroup,New York,/awards/lia_awards/2025/campaigns/the-final-copy-of-ilon-specht-loreal-paris-mccann-paris-paris-mccann-worldgroup-2025-6/
LIA Awards,2025,Gold,INNOCEAN,Seoul,KOREA,Creativity In PR,Automotive,IONIQ,Night Fishing,Hyundai Motor Company,INNOCEAN,Seoul,/awards/lia_awards/2025/campaigns/night-fishing-ioniq-innocean-2025/
LIA Awards,2025,Gold,INNOCEAN,Seoul,KOREA,Creativity In PR,Best Use of Strategic Partnership,IONIQ,Night Fishing,Hyundai Motor Company,INNOCEAN,Seoul,/awards/lia_awards/2025/campaigns/night-fishing-ioniq-innocean-2025-2/
LIA Awards,2025,Gold,LePub Mexico City,Mexico City,MEXICO,Creativity In PR,Best Local-Regional-National Market,Tecate Light,Gulf of Mexico Bar,Heineken Group,LePub Mexico City,Mexico City,/awards/lia_awards/2025/campaigns/gulf-of-mexico-bar-tecate-light-lepub-mexico-city-2025-3/
LIA Awards,2025,Gold,LePub Mexico City,Mexico City,MEXICO,Creativity In PR,Best Product Launch,Tecate Light,Gulf of Mexico Bar,Heineken Group,LePub Mexico City,Mexico City,/awards/lia_awards/2025/campaigns/gulf-of-mexico-bar-tecate-light-lepub-mexico-city-2025-4/
LIA Awards,2025,Gold,LePub Mexico City,Mexico City,MEXICO,Creativity In PR,Best Use of Events and Stunts,Tecate Light,Gulf of Mexico Bar,Heineken Group,LePub Mexico City,Mexico City,/awards/lia_awards/2025/campaigns/gulf-of-mexico-bar-tecate-light-lepub-mexico-city-2025-5/
LIA Awards,2025,Gold,Ogilvy,Singapore,SINGAPORE,Creativity In PR,Best Use of Social Media,Unilever - Vaseline,Vaseline Verified,Unilever PLC,Ogilvy Singapore,Singapore,/awards/lia_awards/2025/campaigns/vaseline-verified-unilever-vaseline-ogilvy-singapore-2025-5/
LIA Awards,2025,Gold,Ogilvy,Singapore,SINGAPORE,Creativity In PR,Best Use of Strategic Partnership,Unilever - Vaseline,Vaseline Verified,Unilever PLC,Ogilvy Singapore,Singapore,/awards/lia_awards/2025/campaigns/vaseline-verified-unilever-vaseline-ogilvy-singapore-2025-6/
LIA Awards,2025,Gold,VCCP,London,UNITED KINGDOM,Creativity In PR,Technology,O2,Daisy vs Scammers,Virgin Media O2,VCCP,,/awards/lia_awards/2025/campaigns/daisy-vs-scammers-o2-vccp-2025/
LIA Awards,2025,Gold,McCann London,London,UNITED KINGDOM,Creativity In PR,Entertainment,Xbox,The Cheeky Controller,Xbox,McCann London,London,/awards/lia_awards/2025/campaigns/the-cheeky-controller-xbox-mccann-london-2025/
LIA Awards,2025,Gold,Energy BBDO,Chicago,UNITED STATES,Creativity In PR,Best Local-Regional-National Market,Change The Ref,The Final Exam,Change The Ref,Energy BBDO,Chicago,/awards/lia_awards/2025/campaigns/the-final-exam-change-the-ref-energy-bbdo-2025-2/
LIA Awards,2025,Gold,Energy BBDO,Chicago,UNITED STATES,Creativity In PR,Public and Political Affairs,Change The Ref,The Final Exam,Change The Ref,Energy BBDO,Chicago,/awards/lia_awards/2025/campaigns/the-final-exam-change-the-ref-energy-bbdo-2025-3/
LIA Awards,2025,Gold,Energy BBDO,Chicago,UNITED STATES,Creativity In PR,Public Service-Charity-NGO,Change The Ref,The Final Exam,Change The Ref,Energy BBDO,Chicago,/awards/lia_awards/2025/campaigns/the-final-exam-change-the-ref-energy-bbdo-2025-4/
LIA Awards,2025,Gold,The Kitchen North America,Chicago,UNITED STATES,Creativity In PR,Best Use of Strategic Partnership,Heinz Mustard,Heinz Mustard x Mustard,Kraft Heinz,Cashmere Los Angeles-The Kitchen North America,Chicago,/awards/lia_awards/2025/campaigns/heinz-mustard-x-mustard-heinz-mustard-cashmere-los-angeles-the-kitchen-north-america-2025-2/
LIA Awards,2025,Gold,The Kitchen North America,Chicago,UNITED STATES,Creativity In PR,Food and Beverage,Heinz Mustard,Heinz Mustard x Mustard,Kraft Heinz,Cashmere Los Angeles-The Kitchen North America,Chicago,/awards/lia_awards/2025/campaigns/heinz-mustard-x-mustard-heinz-mustard-cashmere-los-angeles-the-kitchen-north-america-2025-3/
LIA Awards,2025,Gold,FCB New York,New York,UNITED STATES,Creativity In PR,Corporate Purpose-Social Responsibility,Hyundai Motor Company,Tree Correspondents,Hyundai Motor Company,FCB New York,New York,/awards/lia_awards/2025/campaigns/tree-correspondents-hyundai-motor-company-fcb-new-york-2025-2/
LIA Awards,2025,Gold,FCB New York,New York,UNITED STATES,Creativity In PR,Media Relations,Hyundai Motor Company,Tree Correspondents,Hyundai Motor Company,FCB New York,New York,/awards/lia_awards/2025/campaigns/tree-correspondents-hyundai-motor-company-fcb-new-york-2025-3/
LIA Awards,2025,Gold,Edelman,New York,UNITED STATES,Creativity In PR,Challenger Brand,Progresso,Progresso Soup Drops,General Mills Inc,Edelman,Chicago,/awards/lia_awards/2025/campaigns/progresso-soup-drops-progresso-edelman-2025/
LIA Awards,2025,Gold,Edelman,New York,UNITED STATES,Creativity In PR,Food and Beverage,Progresso,Progresso Soup Drops,General Mills Inc,Edelman,Chicago,/awards/lia_awards/2025/campaigns/progresso-soup-drops-progresso-edelman-2025-2/
LIA Awards,2025,Gold,BBDO China,Shanghai,CHINA,Design,Point-of-Sale,Harbin Beer,The Harbin Back Rack Hack,Anheuser-Busch InBev,BBDO China,Shanghai,/awards/lia_awards/2025/campaigns/the-harbin-back-rack-hack-harbin-beer-bbdo-china-2025/
LIA Awards,2025,Gold,Ogilvy Shanghai,Shanghai,CHINA,Design,Craft Photography Campaign,Viatris - Make Love Last,The Bedroom The Hotel Room The Living Room,Viatris,Ogilvy Shanghai,Shanghai,/awards/lia_awards/2025/campaigns/the-bedroom-the-hotel-room-the-living-room-viatris-make-love-last-ogilvy-shanghai-2025/
LIA Awards,2025,Gold,DAVID,Bogota,COLOMBIA,Design,Challenger Brand,Aguila,Brand of the Match,AB INBEV,DAVID,Bogota,/awards/lia_awards/2025/campaigns/brand-of-the-match-aguila-david-2025/
LIA Awards,2025,Gold,W Conran Design,Boulogne-Billancourt,FRANCE,Design,Craft Art Direction,COJOP 2024,Paris 2024 - Designing Paris,COJOP 2024,W Conran Design,Boulogne-Billancourt,/awards/lia_awards/2025/campaigns/paris-2024-designing-paris-cojop-2024-w-conran-design-2025/
LIA Awards,2025,Gold,W Conran Design,Boulogne-Billancourt,FRANCE,Design,Spatial Design,COJOP 2024,Paris 2024 - Designing Paris,COJOP 2024,W Conran Design,Boulogne-Billancourt,/awards/lia_awards/2025/campaigns/paris-2024-designing-paris-cojop-2024-w-conran-design-2025-2/
LIA Awards,2025,Gold,Dentsu Inc,Tokyo,JAPAN,Design,Craft Art Direction Campaign,NIKKA WHISKY - No Labels,Bar Space Bar Tools Lifestyle Goods,ASAHI BREWERIES LTD-THE NIKKA WHISKY DISTILLING CO LTD,Dentsu Inc,Tokyo,/awards/lia_awards/2025/campaigns/bar-space-bar-tools-lifestyle-goods-nikka-whisky-no-labels-dentsu-inc-2025/
LIA Awards,2025,Gold,VCCP,London,UNITED KINGDOM,Design,Craft Motion Graphics - Animation,Co-op,Owned By You Right By You,Co-op,VCCP,London,/awards/lia_awards/2025/campaigns/owned-by-you-right-by-you-co-op-vccp-2025/
LIA Awards,2025,Gold,Wolff Olins,London,UNITED KINGDOM,Design,Best Local Market,Lloyds,A Next Step Forward,Lloyds Banking Group,,,/awards/lia_awards/2025/campaigns/a-next-step-forward-lloyds-2025/
LIA Awards,2025,Gold,Wolff Olins,London,UNITED KINGDOM,Design,Logos,Lloyds,A Next Step Forward,Lloyds Banking Group,,,/awards/lia_awards/2025/campaigns/a-next-step-forward-lloyds-2025-2/
LIA Awards,2025,Gold,Wolff Olins,London,UNITED KINGDOM,Design,Rebrand,Lloyds,A Next Step Forward,Lloyds Banking Group,,,/awards/lia_awards/2025/campaigns/a-next-step-forward-lloyds-2025-3/
LIA Awards,2025,Gold,MullenLowe US,New York,UNITED STATES,Design,Craft Visual Design Campaign,Art Directors Club,Be Seen by the Best Eyes Campaign,The One Club for Creativity,MullenLowe US,New York,/awards/lia_awards/2025/campaigns/be-seen-by-the-best-eyes-campaign-art-directors-club-mullenlowe-us-2025/
LIA Awards,2025,Gold,FCB Chicago,Chicago,UNITED STATES,Design,Innovative Use of Design,Caption with Intention,Caption with Intention,Rakish Entertainment,FCB Chicago,Chicago,/awards/lia_awards/2025/campaigns/caption-with-intention-caption-with-intention-fcb-chicago-2025-2/
LIA Awards,2025,Gold,VCCP,London,UNITED KINGDOM,Digital,Corporate Purpose-Social Responsibility,O2,Daisy vs Scammers,Virgin Media O2,VCCP,,/awards/lia_awards/2025/campaigns/daisy-vs-scammers-o2-vccp-2025-2/
LIA Awards,2025,Gold,Energy BBDO,Chicago,UNITED STATES,Digital,Public Service-Charity-NGO,Change The Ref,The Final Exam,Change The Ref,Energy BBDO,Chicago,/awards/lia_awards/2025/campaigns/the-final-exam-change-the-ref-energy-bbdo-2025-5/
LIA Awards,2025,Gold,VML,New York,UNITED STATES,Digital,Creativity in Commerce,Ziploc,Preserved Promos,SC Johnson,VML New York-Obviously,New York,/awards/lia_awards/2025/campaigns/preserved-promos-ziploc-vml-new-york-obviously-2025/
LIA Awards,2025,Gold,Leo Australia,Sydney,AUSTRALIA,Direct,Digital,Suncorp Insurance,Suncorp Haven,Suncorp Insurance,Leo Australia,Sydney,/awards/lia_awards/2025/campaigns/suncorp-haven-suncorp-insurance-leo-australia-2025/
LIA Awards,2025,Gold,MRM Brazil,Sao Paulo,BRAZIL,Direct,Innovation,Mastercard,Makeup Payment,Mastercard,MRM Brazil,Sao Paulo,/awards/lia_awards/2025/campaigns/makeup-payment-mastercard-mrm-brazil-2025/
LIA Awards,2025,Gold,MRM Germany,Frankfurt,GERMANY,Direct,B2B,Life Donor Card,Life Donor Card,Mastercard,MRM GERMANY,Frankfurt,/awards/lia_awards/2025/campaigns/life-donor-card-life-donor-card-mrm-germany-2025-2/
LIA Awards,2025,Gold,SERVICEPLAN GERMANY,Munich,GERMANY,Direct,Out of Home - Instore and Transit,PENNY,Price Packs,PENNY,SERVICEPLAN GERMANY,Munich,/awards/lia_awards/2025/campaigns/price-packs-penny-serviceplan-germany-2025/
LIA Awards,2025,Gold,Ogilvy,Singapore,SINGAPORE,Direct,Use of Social Media,Unilever - Vaseline,Vaseline Verified,Unilever PLC,Ogilvy Singapore,Singapore,/awards/lia_awards/2025/campaigns/vaseline-verified-unilever-vaseline-ogilvy-singapore-2025-7/
LIA Awards,2025,Gold,FCB Chicago,Chicago,UNITED STATES,Direct,Craft Visual Design,Caption with Intention,Caption with Intention,Rakish Entertainment,FCB Chicago,Chicago,/awards/lia_awards/2025/campaigns/caption-with-intention-caption-with-intention-fcb-chicago-2025-3/
LIA Awards,2025,Gold,McCann NY,New York,UNITED STATES,Direct,Creativity on a Budget,Last Prisoner Project,The Pen to Right History,Last Prisoner Project,McCann NY,New York,/awards/lia_awards/2025/campaigns/the-pen-to-right-history-last-prisoner-project-mccann-ny-2025-2/
LIA Awards,2025,Gold,Publicis Conseil,Paris,FRANCE,Evolution,Brand Action,AXA,Three Words,AXA,Publicis Conseil,Paris,/awards/lia_awards/2025/campaigns/three-words-axa-publicis-conseil-2025-10/
LIA Awards,2025,Gold,LePub Mexico City,Mexico City,MEXICO,Evolution,Brand Action,Tecate Light,Gulf of Mexico Bar,Heineken Group,LePub Mexico City,Mexico City,/awards/lia_awards/2025/campaigns/gulf-of-mexico-bar-tecate-light-lepub-mexico-city-2025-6/
LIA Awards,2025,Gold,Ogilvy,Singapore,SINGAPORE,Evolution,Use of Social Media,Unilever - Vaseline,Vaseline Verified,Unilever PLC,Ogilvy Singapore,Singapore,/awards/lia_awards/2025/campaigns/vaseline-verified-unilever-vaseline-ogilvy-singapore-2025-8/
LIA Awards,2025,Gold,Leo Sweden,Stockholm,SWEDEN,Evolution,Creativity in Commerce,Elgiganten,GamePay,Elkjoep - Curries,Leo Sweden,Stockholm,/awards/lia_awards/2025/campaigns/gamepay-elgiganten-leo-sweden-2025/
LIA Awards,2025,Gold,FCB Canada,Toronto,CANADA,Health Wellness,Public Service-Charity-NGO,SickKids Foundation,The Count,SickKids Foundation,FCB,Toronto,/awards/lia_awards/2025/campaigns/the-count-sickkids-foundation-fcb-2025/
LIA Awards,2025,Gold,Havas Paris,Puteaux,FRANCE,Health Wellness,Tech and Personal Devices,Streetco,StreetNav,StreetCo,Havas Paris,Puteaux,/awards/lia_awards/2025/campaigns/streetnav-streetco-havas-paris-2025/
LIA Awards,2025,Gold,DDB Mudra Group,Mumbai,INDIA,Health Wellness,Education and Services,Stayfree,Son Get Stayfree,Kenvue,DDB Mudra Group,Mumbai,/awards/lia_awards/2025/campaigns/son-get-stayfree-stayfree-ddb-mudra-group-2025/
LIA Awards,2025,Gold,Motion Sickness,Auckland,NEW ZEALAND,Health Wellness,Education and Services Campaign,The New Zealand Herpes Foundation,Make New Zealand The Best Place in the World to Have Herpes,The New Zealand Herpes Foundation,Motion Sickness,Auckland,/awards/lia_awards/2025/campaigns/make-new-zealand-the-best-place-in-the-world-to-have-herpes-the-new-zealand-herpes-foundation-motion-sickness-2025-2/
LIA Awards,2025,Gold,Ogilvy,Singapore,SINGAPORE,Health Wellness,Use of Social Media Campaign,Unilever - Vaseline,Vaseline Verified,Unilever PLC,Ogilvy Singapore,Singapore,/awards/lia_awards/2025/campaigns/vaseline-verified-unilever-vaseline-ogilvy-singapore-2025-9/
LIA Awards,2025,Gold,Klick Health,Toronto,CANADA,Health Wellness-Craft,Stop-Frame Animation,Second Nurture,18 Months,Second Nurture,Klick Health,Toronto,/awards/lia_awards/2025/campaigns/18-months-second-nurture-klick-health-2025/
LIA Awards,2025,Gold,FCB Canada,Toronto,CANADA,Health Wellness-Craft,Direction,SickKids Foundation,The Count,SickKids Foundation,FCB,Toronto,/awards/lia_awards/2025/campaigns/the-count-sickkids-foundation-fcb-2025-2/
LIA Awards,2025,Gold,FCB Canada,Toronto,CANADA,Health Wellness-Craft,Editing,SickKids Foundation,The Count,SickKids Foundation,FCB,Toronto,/awards/lia_awards/2025/campaigns/the-count-sickkids-foundation-fcb-2025-3/
LIA Awards,2025,Gold,FCB Canada,Toronto,CANADA,Health Wellness-Craft,Performance-Casting,SickKids Foundation,The Count,SickKids Foundation,FCB,Toronto,/awards/lia_awards/2025/campaigns/the-count-sickkids-foundation-fcb-2025-4/
LIA Awards,2025,Gold,FCB Canada,Toronto,CANADA,Health Wellness-Craft,Sound Design,SickKids Foundation,The Count,SickKids Foundation,FCB,Toronto,/awards/lia_awards/2025/campaigns/the-count-sickkids-foundation-fcb-2025-5/
LIA Awards,2025,Gold,AMVBBDO,London,UNITED KINGDOM,Health Wellness-Craft,Art Direction,Essity-Bodyform,Never Just A Period,Essity Bodyform,AMVBBDO,London,/awards/lia_awards/2025/campaigns/never-just-a-period-essity-bodyform-amvbbdo-2025-3/
LIA Awards,2025,Gold,AMVBBDO,London,UNITED KINGDOM,Health Wellness-Craft,Direction,Essity-Bodyform,Never Just A Period,Essity Bodyform,AMVBBDO,London,/awards/lia_awards/2025/campaigns/never-just-a-period-essity-bodyform-amvbbdo-2025-4/
LIA Awards,2025,Gold,AMVBBDO,London,UNITED KINGDOM,Health Wellness-Craft,Editing,Essity-Bodyform,Never Just A Period,Essity Bodyform,AMVBBDO,London,/awards/lia_awards/2025/campaigns/never-just-a-period-essity-bodyform-amvbbdo-2025-5/
LIA Awards,2025,Gold,AMVBBDO,London,UNITED KINGDOM,Health Wellness-Craft,Music Adaptation - Song,Essity-Bodyform,Never Just A Period,Essity Bodyform,AMVBBDO,London,/awards/lia_awards/2025/campaigns/never-just-a-period-essity-bodyform-amvbbdo-2025-6/
LIA Awards,2025,Gold,AMVBBDO,London,UNITED KINGDOM,Health Wellness-Craft,Production Design,Essity-Bodyform,Never Just A Period,Essity Bodyform,AMVBBDO,London,/awards/lia_awards/2025/campaigns/never-just-a-period-essity-bodyform-amvbbdo-2025-7/
LIA Awards,2025,Gold,AMVBBDO,London,UNITED KINGDOM,Health Wellness-Craft,Sound Design,Essity-Bodyform,Never Just A Period,Essity Bodyform,AMVBBDO,London,/awards/lia_awards/2025/campaigns/never-just-a-period-essity-bodyform-amvbbdo-2025-8/
LIA Awards,2025,Gold,Area 23 an IPG Health Company,New York,UNITED STATES,Health Wellness-Craft,UI - User Interface Navigation,Equality Health Foundation,Zip Code Exam,Equality Health Foundation,Area 23 an IPG Health Company,New York,/awards/lia_awards/2025/campaigns/zip-code-exam-equality-health-foundation-area-23-an-ipg-health-company-2025/
LIA Awards,2025,Gold,Area 23 an IPG Health Company,New York,UNITED STATES,Health Wellness-Craft,Music Adaptation - Song,Mollies Fund - Mollies Melanoma Awareness,You Are My Sunshine - Film,Mollies Fund,Area 23 an IPG Health Company,New York,/awards/lia_awards/2025/campaigns/you-are-my-sunshine-film-mollies-fund-mollies-melanoma-awareness-area-23-an-ipg-health-company-2025/
LIA Awards,2025,Gold,Leo Australia,Sydney,AUSTRALIA,Integration,Creative Use of Data,Suncorp Insurance,Suncorp Haven,Suncorp Insurance,Leo Australia,Sydney,/awards/lia_awards/2025/campaigns/suncorp-haven-suncorp-insurance-leo-australia-2025-2/
LIA Awards,2025,Gold,Rethink,Toronto,CANADA,Integration,Beverages,Molson Coors,Paid Through Parents,Molson Coors Beverage Company,Rethink,Toronto,/awards/lia_awards/2025/campaigns/paid-through-parents-molson-coors-rethink-2025-3/
LIA Awards,2025,Gold,Publicis Conseil,Paris,FRANCE,Integration,Corporate Purpose-Social Responsibility,AXA,Three Words,AXA,Publicis Conseil,Paris,/awards/lia_awards/2025/campaigns/three-words-axa-publicis-conseil-2025-11/
LIA Awards,2025,Gold,Havas Play,Puteaux,FRANCE,Integration,Fashion Accessories,LVMH,The Partnership That Changed Everything,LVMH,Havas Play - Havas Events - Havas Paris,Puteaux,/awards/lia_awards/2025/campaigns/the-partnership-that-changed-everything-lvmh-havas-play-havas-events-havas-paris-2025/
LIA Awards,2025,Gold,SERVICEPLAN GERMANY,Munich,GERMANY,Integration,Best Regional-National Market,Herconomy,Breastmilk Money,Herconomy,SERVICEPLAN GERMANY,Munich,/awards/lia_awards/2025/campaigns/breastmilk-money-herconomy-serviceplan-germany-2025/
LIA Awards,2025,Gold,Motion Sickness,Auckland,NEW ZEALAND,Integration,Health Pharma,The New Zealand Herpes Foundation,Make New Zealand The Best Place In The World To Have Herpes,The New Zealand Herpes Foundation,Motion Sickness,Auckland,/awards/lia_awards/2025/campaigns/make-new-zealand-the-best-place-in-the-world-to-have-herpes-the-new-zealand-herpes-foundation-motion-sickness-2025-3/
LIA Awards,2025,Gold,Ogilvy,Singapore,SINGAPORE,Integration,Use of Social Media,Unilever - Vaseline,Vaseline Verified,Unilever PLC,Ogilvy Singapore,Singapore,/awards/lia_awards/2025/campaigns/vaseline-verified-unilever-vaseline-ogilvy-singapore-2025-10/
LIA Awards,2025,Gold,DAVID New York,New York,UNITED STATES,Integration,Best Use of Real Time Advertising,Clash of Clans,Clash the WWE,Supercell,DAVID New York,New York,/awards/lia_awards/2025/campaigns/clash-the-wwe-clash-of-clans-david-new-york-2025/
LIA Awards,2025,Gold,HeimatTBWA- Germany,Berlin,GERMANY,Music Sound,Sound Editing,HORNBACH,No Project without Drama,HORNBACH Baumarkt AG,HeimatTBWA- Germany,Berlin,/awards/lia_awards/2025/campaigns/no-project-without-drama-hornbach-heimattbwa-germany-2025-3/
LIA Awards,2025,Gold,BigTime Creative Shop,Riyadh,SAUDI ARABIA,Music Sound,Music Adaptation - Song,General Entertainment Authority,Obsession,General Entertainment Authority,BigTime Creative Shop,Riyadh,/awards/lia_awards/2025/campaigns/obsession-general-entertainment-authority-bigtime-creative-shop-2025/
LIA Awards,2025,Gold,AMVBBDO,London,UNITED KINGDOM,Music Sound,Music Adaptation - Instrumental,Essity-Bodyform,Never Just a Period,Essity Bodyform,AMVBBDO,London,/awards/lia_awards/2025/campaigns/never-just-a-period-essity-bodyform-amvbbdo-2025-9/
LIA Awards,2025,Gold,750mph,London,UNITED KINGDOM,Music Sound,Sound Mixing,Riyadh Season,Fury vs Usyk,Riyadh Season,BigTime Creative Shop,Riyadh,/awards/lia_awards/2025/campaigns/fury-vs-usyk-riyadh-season-bigtime-creative-shop-2025/
LIA Awards,2025,Gold,750mph,London,UNITED KINGDOM,Music Sound,Sound Mixing,Riyadh Season,Call Of The Kings,Riyadh Season,BigTime Creative Shop,Riyadh,/awards/lia_awards/2025/campaigns/call-of-the-kings-riyadh-season-bigtime-creative-shop-2025/
LIA Awards,2025,Gold,The Music Playground,New York,UNITED STATES,Music Sound,Original Music with Lyrics,LifeBridge Health,Stop The Iron Pipeline,LifeBridge Health,Strawberry Frog,New York,/awards/lia_awards/2025/campaigns/stop-the-iron-pipeline-lifebridge-health-strawberry-frog-2025/
LIA Awards,2025,Gold,FCB Health New York an IPG Health Company,New York,UNITED STATES,Music Sound,Use of Licensed Music,SAFE Project,The Snowball,SAFE Project,FCB Health New York an IPG Health Company,New York,/awards/lia_awards/2025/campaigns/the-snowball-safe-project-fcb-health-new-york-an-ipg-health-company-2025/
LIA Awards,2025,Gold,Sound Lounge,New York,UNITED STATES,Music Sound,Sound Mixing,Tonal,Future of Fitness,Quality Experience,Quality Experience,New York,/awards/lia_awards/2025/campaigns/future-of-fitness-tonal-quality-experience-2025/
LIA Awards,2025,Gold,LePub,Milan,ITALY,Music Video,Best Music Video,Desperados,Guao Guao,Desperados,LePub,Milan,/awards/lia_awards/2025/campaigns/guao-guao-desperados-lepub-2025/
LIA Awards,2025,Gold,TBWA-Media Arts Lab,Los Angeles,UNITED STATES,Music Video,Production Design,Ivan Cornejo,Intercambio Injusto,Apple,TBWA-Media Arts Lab,LATAM,/awards/lia_awards/2025/campaigns/intercambio-injusto-ivan-cornejo-tbwa-media-arts-lab-2025/
LIA Awards,2025,Gold,PRETTYBIRD,Culver City,UNITED STATES,Music Video,Direction,Kendrick Lamar,Squabble Up,Kendrick Lamar,,,/awards/lia_awards/2025/campaigns/squabble-up-kendrick-lamar-2025/
LIA Awards,2025,Gold,Publicis Conseil,Paris,FRANCE,Non-Traditional,Corporate Purpose-Social Responsibility,AXA,Three Words,AXA,Publicis Conseil,Paris,/awards/lia_awards/2025/campaigns/three-words-axa-publicis-conseil-2025-12/
LIA Awards,2025,Gold,BETC,Paris,FRANCE,Non-Traditional,Live Events - Beyond Advertising,EDF,The Flame That Wasnt A Flame,EDF,BETC,Paris,/awards/lia_awards/2025/campaigns/the-flame-that-wasnt-a-flame-edf-betc-2025/
LIA Awards,2025,Gold,Saatchi Saatchi France,Paris,FRANCE,Non-Traditional,Creativity on a Budget,Omni,Omnilivery,Omni,Saatchi Saatchi France,Paris,/awards/lia_awards/2025/campaigns/omnilivery-omni-saatchi-saatchi-france-2025/
LIA Awards,2025,Gold,LePub Mexico City,Mexico City,MEXICO,Non-Traditional,Media,Tecate Light,Gulf of Mexico Bar,Heineken Group,LePub Mexico City,Mexico City,/awards/lia_awards/2025/campaigns/gulf-of-mexico-bar-tecate-light-lepub-mexico-city-2025-7/
LIA Awards,2025,Gold,Motion Sickness,Auckland,NEW ZEALAND,Non-Traditional,Health Pharma,The New Zealand Herpes Foundation,Make New Zealand The Best Place In The World To Have Herpes,The New Zealand Herpes Foundation,Motion Sickness,Auckland,/awards/lia_awards/2025/campaigns/make-new-zealand-the-best-place-in-the-world-to-have-herpes-the-new-zealand-herpes-foundation-motion-sickness-2025-4/
LIA Awards,2025,Gold,Ogilvy,Singapore,SINGAPORE,Non-Traditional,Use of Social Media,Unilever - Vaseline,Vaseline Verified,Unilever PLC,Ogilvy Singapore,Singapore,/awards/lia_awards/2025/campaigns/vaseline-verified-unilever-vaseline-ogilvy-singapore-2025-11/
LIA Awards,2025,Gold,Publicis London,London,UNITED KINGDOM,Non-Traditional,Sports,Heineken,HeineCare,Heineken,Publicis London London-LePub,Amsterdam,/awards/lia_awards/2025/campaigns/heinecare-heineken-publicis-london-london-lepub-2025/
LIA Awards,2025,Gold,McCann Paris,Paris,FRANCE,Online Film,Branded Content,LOreal Paris,The Final Copy of Ilon Specht,LOreal Paris,McCann Paris Paris-McCann Worldgroup,New York,/awards/lia_awards/2025/campaigns/the-final-copy-of-ilon-specht-loreal-paris-mccann-paris-paris-mccann-worldgroup-2025-7/
LIA Awards,2025,Gold,McCann Paris,Paris,FRANCE,Online Film,Tagline-Endline,LOreal Paris,The Final Copy of Ilon Specht,LOreal Paris,McCann Paris Paris-McCann Worldgroup,New York,/awards/lia_awards/2025/campaigns/the-final-copy-of-ilon-specht-loreal-paris-mccann-paris-paris-mccann-worldgroup-2025-8/
LIA Awards,2025,Gold,LePub,Milan,ITALY,Online Film,Use of Social Media,Toblerone,Tantrum Girl,Modelez,LePub,Milan,/awards/lia_awards/2025/campaigns/tantrum-girl-toblerone-lepub-2025/
LIA Awards,2025,Gold,Grey Mexico,Mexico City,MEXICO,Online Film,Corporate Purpose-Social Responsibility,Newspaper la Union y Articulo 19,The Shooting,Newspaper la Union y Articulo 19,Grey Mexico,Mexico City,/awards/lia_awards/2025/campaigns/the-shooting-newspaper-la-union-y-articulo-19-grey-mexico-2025/
LIA Awards,2025,Gold,Motion Sickness,Auckland,NEW ZEALAND,Online Film,Health Pharma Campaign,The New Zealand Herpes Foundation,Intro - Sir Graham Henry,The New Zealand Herpes Foundation,Motion Sickness,Auckland,/awards/lia_awards/2025/campaigns/intro-sir-graham-henry-the-new-zealand-herpes-foundation-motion-sickness-2025/
LIA Awards,2025,Gold,BBDO Bangkok,Bangkok,THAILAND,Online Film,Branded Content,Five Star,Death of A Salesman,CPF Restaurant and Foods Chain CoLtd,BBDO Bangkok,Bangkok,/awards/lia_awards/2025/campaigns/death-of-a-salesman-five-star-bbdo-bangkok-2025-2/
LIA Awards,2025,Gold,BBDO Bangkok,Bangkok,THAILAND,Online Film,Humor,Five Star,Death of A Salesman,CPF Restaurant and Foods Chain CoLtd,BBDO Bangkok,Bangkok,/awards/lia_awards/2025/campaigns/death-of-a-salesman-five-star-bbdo-bangkok-2025-3/
LIA Awards,2025,Gold,BBDO Bangkok,Bangkok,THAILAND,Online Film,Retail,Five Star,Death of A Salesman,CPF Restaurant and Foods Chain CoLtd,BBDO Bangkok,Bangkok,/awards/lia_awards/2025/campaigns/death-of-a-salesman-five-star-bbdo-bangkok-2025-4/
LIA Awards,2025,Gold,SERVICEPLAN GERMANY,Munich,GERMANY,Package Design,Best Regional-National Market,PENNY,Price Packs,PENNY,SERVICEPLAN GERMANY,Munich,/awards/lia_awards/2025/campaigns/price-packs-penny-serviceplan-germany-2025-2/
LIA Awards,2025,Gold,de la Cruz Ogilvy,Puerto Rico,PUERTO RICO,Package Design,Health Pharma,Alivia Health,Glowing Relief,Alivia Health,de la Cruz Ogilvy Puerto Rico-Ogilvy Health,New York,/awards/lia_awards/2025/campaigns/glowing-relief-alivia-health-de-la-cruz-ogilvy-puerto-rico-ogilvy-health-2025-3/
LIA Awards,2025,Gold,VCCP,London,UNITED KINGDOM,Package Design,Craft Copywriting,Cadbury Dairy Milk,Made to Share,Mondelez International,VCCP,London,/awards/lia_awards/2025/campaigns/made-to-share-cadbury-dairy-milk-vccp-2025/
LIA Awards,2025,Gold,Klick Health,Toronto,CANADA,Pharma Medical,Branded Devices and Diagnostics Campaign,Zimmer Biomet - Youll Be Back,Can Not Cannot Dont Give In Overcome the Fear,Zimmer Biomet,Klick Health,Toronto,/awards/lia_awards/2025/campaigns/can-not-cannot-dont-give-in-overcome-the-fear-zimmer-biomet-youll-be-back-klick-health-2025/
LIA Awards,2025,Gold,de la Cruz Ogilvy,Puerto Rico,PUERTO RICO,Pharma Medical,Branded Product Design,Alivia Health,Glowing Relief,Alivia Health,de la Cruz Ogilvy Puerto Rico-Ogilvy Health,New York,/awards/lia_awards/2025/campaigns/glowing-relief-alivia-health-de-la-cruz-ogilvy-puerto-rico-ogilvy-health-2025-4/
LIA Awards,2025,Gold,VML Spain,Madrid,SPAIN,Pharma Medical,Branded AI-Enabled Pharma Medical,PainVisible,PainVisible,Aritium,VML Spain Madrid-VML,New York,/awards/lia_awards/2025/campaigns/painvisible-painvisible-vml-spain-madrid-vml-2025/
LIA Awards,2025,Gold,Ogilvy Health New York,New York,UNITED STATES,Pharma Medical,Branded Devices and Diagnostics,Eurofarma,Baby Minder,Eurofarma,Ogilvy Health,New York,/awards/lia_awards/2025/campaigns/baby-minder-eurofarma-ogilvy-health-2025/
LIA Awards,2025,Gold,Ogilvy Health New York,New York,UNITED STATES,Pharma Medical,Branded Prototype,Eurofarma,Baby Minder,Eurofarma,Ogilvy Health,New York,/awards/lia_awards/2025/campaigns/baby-minder-eurofarma-ogilvy-health-2025-2/
LIA Awards,2025,Gold,21Grams,New York,UNITED STATES,Pharma Medical,Branded Use of Social Media Campaign,SKYCLARYS,Friedreichs Back Campaign,Biogen,21Grams,New York,/awards/lia_awards/2025/campaigns/friedreichs-back-campaign-skyclarys-21grams-2025/
LIA Awards,2025,Gold,VML Spain,Madrid,SPAIN,Pharma Medical-Craft,Cinematography,Friedreich I,Friedreich I,Biogen,VML Spain,Madrid,/awards/lia_awards/2025/campaigns/friedreich-i-friedreich-i-vml-spain-2025/
LIA Awards,2025,Gold,Leo Dubai,Dubai,UNITED ARAB EMIRATES,Poster,Craft Photography Campaign,NBA India - The Great Indian Dunk,Jordan 23 Kobe 08 Lebron 06 Shaq 34,NBA,Leo Dubai,Dubai,/awards/lia_awards/2025/campaigns/jordan-23-kobe-08-lebron-06-shaq-34-nba-india-the-great-indian-dunk-leo-dubai-2025-2/
LIA Awards,2025,Gold,Leo Dubai,Dubai,UNITED ARAB EMIRATES,Print,Craft Photography Campaign,NBA India - The Great Indian Dunk,Jordan 23 Kobe 08 Lebron 06 Shaq 34,NBA,Leo Dubai,Dubai,/awards/lia_awards/2025/campaigns/jordan-23-kobe-08-lebron-06-shaq-34-nba-india-the-great-indian-dunk-leo-dubai-2025-3/
LIA Awards,2025,Gold,Ogilvy New York,New York,UNITED STATES,Print,Beauty Well-being Campaign,Dove - Get Unready,Carnaval Holi Mardi Gras New Years St Patricks,Unilever,Ogilvy,New York,/awards/lia_awards/2025/campaigns/carnaval-holi-mardi-gras-new-years-st-patricks-dove-get-unready-ogilvy-2025/
LIA Awards,2025,Gold,HeimatTBWA- Germany,Berlin,GERMANY,Production Post-Production,Direction,HORNBACH,No Project without Drama,HORNBACH Baumarkt AG,HeimatTBWA- Germany,Berlin,/awards/lia_awards/2025/campaigns/no-project-without-drama-hornbach-heimattbwa-germany-2025-4/
LIA Awards,2025,Gold,HeimatTBWA- Germany,Berlin,GERMANY,Production Post-Production,Editing,HORNBACH,No Project without Drama,HORNBACH Baumarkt AG,HeimatTBWA- Germany,Berlin,/awards/lia_awards/2025/campaigns/no-project-without-drama-hornbach-heimattbwa-germany-2025-5/
LIA Awards,2025,Gold,HeimatTBWA- Germany,Berlin,GERMANY,Production Post-Production,Performance-Casting,HORNBACH,No Project without Drama,HORNBACH Baumarkt AG,HeimatTBWA- Germany,Berlin,/awards/lia_awards/2025/campaigns/no-project-without-drama-hornbach-heimattbwa-germany-2025-6/
LIA Awards,2025,Gold,HeimatTBWA- Germany,Berlin,GERMANY,Production Post-Production,Production Design,HORNBACH,No Project without Drama,HORNBACH Baumarkt AG,HeimatTBWA- Germany,Berlin,/awards/lia_awards/2025/campaigns/no-project-without-drama-hornbach-heimattbwa-germany-2025-7/
LIA Awards,2025,Gold,Filmakademie Baden-Wurttemberg,Ludwigsburg,GERMANY,Production Post-Production,New Director,Voices of Children,If I Could Fly,Voices of children,,,/awards/lia_awards/2025/campaigns/if-i-could-fly-voices-of-children-2025/
LIA Awards,2025,Gold,LePub,Milan,ITALY,Production Post-Production,Cinematography,Desperados,Guao Guao,Desperados,LePub,Milan,/awards/lia_awards/2025/campaigns/guao-guao-desperados-lepub-2025-2/
LIA Awards,2025,Gold,LePub,Milan,ITALY,Production Post-Production,Performance-Casting,Desperados,Guao Guao,Desperados,LePub,Milan,/awards/lia_awards/2025/campaigns/guao-guao-desperados-lepub-2025-3/
LIA Awards,2025,Gold,Grey Mexico,Mexico City,MEXICO,Production Post-Production,Cinematography,Newspaper la Union y Articulo 19,The Shooting,Newspaper la Union y Articulo 19,Grey Mexico,Mexico City,/awards/lia_awards/2025/campaigns/the-shooting-newspaper-la-union-y-articulo-19-grey-mexico-2025-2/
LIA Awards,2025,Gold,Grey Mexico,Mexico City,MEXICO,Production Post-Production,Direction,Newspaper la Union y Articulo 19,The Shooting,Newspaper la Union y Articulo 19,Grey Mexico,Mexico City,/awards/lia_awards/2025/campaigns/the-shooting-newspaper-la-union-y-articulo-19-grey-mexico-2025-3/
LIA Awards,2025,Gold,SAMY Alliance,Madrid,SPAIN,Production Post-Production,2D Animation,PETA,Being Vegan is Good Sht,PETA,SAMY Alliance,Madrid Spain,/awards/lia_awards/2025/campaigns/being-vegan-is-good-sht-peta-samy-alliance-2025/
LIA Awards,2025,Gold,FCB London,London,UNITED KINGDOM,Production Post-Production,Direction,Andrex - Get Comfortable,First School Poo,Kimberly-Clark,FCB London,London,/awards/lia_awards/2025/campaigns/first-school-poo-andrex-get-comfortable-fcb-london-2025/
LIA Awards,2025,Gold,AMVBBDO,London,UNITED KINGDOM,Production Post-Production,Editing,Essity-Bodyform,Never Just a Period,Essity Bodyform,AMVBBDO,London,/awards/lia_awards/2025/campaigns/never-just-a-period-essity-bodyform-amvbbdo-2025-10/
LIA Awards,2025,Gold,TBWA-Media Arts Lab,Los Angeles,UNITED STATES,Production Post-Production,CGI Animation,Apple,Flock,Apple,TBWA-Media Arts Lab,Los Angeles,/awards/lia_awards/2025/campaigns/flock-apple-tbwa-media-arts-lab-2025/
LIA Awards,2025,Gold,TBWA-Media Arts Lab,Los Angeles,UNITED STATES,Production Post-Production,Visual Effects,Apple,Flock,Apple,TBWA-Media Arts Lab,Los Angeles,/awards/lia_awards/2025/campaigns/flock-apple-tbwa-media-arts-lab-2025-2/
LIA Awards,2025,Gold,DDB Colombia,Bogota,COLOMBIA,Transformative Business Impact,Data and Analytics,Procolombia,Humanimal Tourism,Jorge Ivan Rueda,DDB Colombia,Bogota,/awards/lia_awards/2025/campaigns/humanimal-tourism-procolombia-ddb-colombia-2025-2/
LIA Awards,2025,Gold,Publicis Conseil,Paris,FRANCE,Transformative Business Impact,Brand Purpose,AXA,Three Words,AXA,Publicis Conseil,Paris,/awards/lia_awards/2025/campaigns/three-words-axa-publicis-conseil-2025-13/
LIA Awards,2025,Gold,Publicis Conseil,Paris,FRANCE,Transformative Business Impact,Creative Operational Transformation,AXA,Three Words,AXA,Publicis Conseil,Paris,/awards/lia_awards/2025/campaigns/three-words-axa-publicis-conseil-2025-14/
LIA Awards,2025,Gold,Publicis Conseil,Paris,FRANCE,Transformative Business Impact,Service Experience,AXA,Three Words,AXA,Publicis Conseil,Paris,/awards/lia_awards/2025/campaigns/three-words-axa-publicis-conseil-2025-15/
LIA Awards,2025,Gold,FCB Chicago,Chicago,UNITED STATES,Transformative Business Impact,Community Experience,Caption with Intention,Caption with Intention,Rakish Entertainment,FCB Chicago,Chicago,/awards/lia_awards/2025/campaigns/caption-with-intention-caption-with-intention-fcb-chicago-2025-4/
LIA Awards,2025,Gold,FCB Chicago,Chicago,UNITED STATES,Transformative Business Impact,Product Design,Caption with Intention,Caption with Intention,Rakish Entertainment,FCB Chicago,Chicago,/awards/lia_awards/2025/campaigns/caption-with-intention-caption-with-intention-fcb-chicago-2025-5/
LIA Awards,2025,Gold,VML,Paris,FRANCE,TV Cinema,Banking Finance,AXA,Group Therapy,AXA,VML,Paris,/awards/lia_awards/2025/campaigns/group-therapy-axa-vml-2025/
LIA Awards,2025,Gold,McCann Paris,Paris,FRANCE,TV Cinema,Branded Content,LOreal Paris,The Final Copy of Ilon Specht,LOreal Paris,McCann Paris Paris-McCann Worldgroup,New York,/awards/lia_awards/2025/campaigns/the-final-copy-of-ilon-specht-loreal-paris-mccann-paris-paris-mccann-worldgroup-2025-9/
LIA Awards,2025,Gold,McCann Paris,Paris,FRANCE,TV Cinema,Tagline-Endline,LOreal Paris,The Final Copy of Ilon Specht,LOreal Paris,McCann Paris Paris-McCann Worldgroup,New York,/awards/lia_awards/2025/campaigns/the-final-copy-of-ilon-specht-loreal-paris-mccann-paris-paris-mccann-worldgroup-2025-10/
LIA Awards,2025,Gold,Grey Mexico,Mexico City,MEXICO,TV Cinema,Corporate Purpose-Social Responsibility,Newspaper la Union y Articulo 19,The Shooting,Newspaper la Union y Articulo 19,Grey Mexico,Mexico City,/awards/lia_awards/2025/campaigns/the-shooting-newspaper-la-union-y-articulo-19-grey-mexico-2025-4/
LIA Awards,2025,Gold,Grey Mexico,Mexico City,MEXICO,TV Cinema,Media,Newspaper la Union y Articulo 19,The Shooting,Newspaper la Union y Articulo 19,Grey Mexico,Mexico City,/awards/lia_awards/2025/campaigns/the-shooting-newspaper-la-union-y-articulo-19-grey-mexico-2025-5/
LIA Awards,2025,Gold,Droga5 ANZ Part of Accenture Song,Sydney,AUSTRALIA,Use of Social Media Influencers,Zeitgeist,Australian Lamb,The Comments Section,Nathan Low,Droga5 Australia Part of Accenture Song Sydney-Droga5 Australia Part of Accenture Song,Melbourne,/awards/lia_awards/2025/campaigns/the-comments-section-australian-lamb-droga5-australia-part-of-accenture-song-sydney-droga5-australia-part-of-accenture-s/
LIA Awards,2025,Gold,Rethink,Toronto,CANADA,Use of Social Media Influencers,Use of Instagram,IKEA,U up,IKEA,Rethink,Toronto,/awards/lia_awards/2025/campaigns/u-up-ikea-rethink-2025-2/
LIA Awards,2025,Gold,LePub,Milan,ITALY,Use of Social Media Influencers,Craft Original Music,Desperados,Guao Guao,Desperados,LePub,Milan,/awards/lia_awards/2025/campaigns/guao-guao-desperados-lepub-2025-4/
LIA Awards,2025,Gold,LePub Mexico City,Mexico City,MEXICO,Use of Social Media Influencers,Best Use of Real Time Advertising,Tecate Light,Gulf of Mexico Bar,Heineken Group,LePub Mexico City,Mexico City,/awards/lia_awards/2025/campaigns/gulf-of-mexico-bar-tecate-light-lepub-mexico-city-2025-8/
LIA Awards,2025,Gold,Ogilvy,Singapore,SINGAPORE,Use of Social Media Influencers,Creativity in Commerce,Unilever - Vaseline,Vaseline Verified,Unilever PLC,Ogilvy Singapore,Singapore,/awards/lia_awards/2025/campaigns/vaseline-verified-unilever-vaseline-ogilvy-singapore-2025-12/
LIA Awards,2025,Gold,Ogilvy,Singapore,SINGAPORE,Use of Social Media Influencers,Innovative Use of Social or Influencer,Unilever - Vaseline,Vaseline Verified,Unilever PLC,Ogilvy Singapore,Singapore,/awards/lia_awards/2025/campaigns/vaseline-verified-unilever-vaseline-ogilvy-singapore-2025-13/
LIA Awards,2025,Gold,TBWA-Media Arts Lab,Los Angeles,UNITED STATES,Use of Social Media Influencers,Zeitgeist,Apple,Someday,Apple,TBWA-Media Arts Lab,Los Angeles,/awards/lia_awards/2025/campaigns/someday-apple-tbwa-media-arts-lab-2025/
LIA Awards,2025,Silver,TBWA-Melbourne,Melbourne,AUSTRALIA,Ambient Activation,Best Use of Real Time Advertising,Specsavers,Welcome to Melbourne,Specsavers ANZ,TBWA-Melbourne,Melbourne,/awards/lia_awards/2025/campaigns/welcome-to-melbourne-specsavers-tbwa-melbourne-2025/
LIA Awards,2025,Silver,Rethink,Toronto,CANADA,Ambient Activation,Foods,Kraft Heinz,Cant Unsee It,Kraft Heinz,Rethink,Toronto,/awards/lia_awards/2025/campaigns/cant-unsee-it-kraft-heinz-rethink-2025-2/
LIA Awards,2025,Silver,BETC,Paris,FRANCE,Ambient Activation,Challenger Brand,Heetch,Choose Uber,Heetch,BETC,Paris,/awards/lia_awards/2025/campaigns/choose-uber-heetch-betc-2025/
LIA Awards,2025,Silver,Saatchi Saatchi Germany,Dusseldorf,GERMANY,Ambient Activation,Direct Marketing - Consumer,Oreo,Oreo Square Cookie,Mondelez International,Saatchi Saatchi Germany,,/awards/lia_awards/2025/campaigns/oreo-square-cookie-oreo-saatchi-saatchi-germany-2025/
LIA Awards,2025,Silver,Saatchi Saatchi Germany,Dusseldorf,GERMANY,Ambient Activation,Gaming,Oreo,Oreo Square Cookie,Mondelez International,Saatchi Saatchi Germany,,/awards/lia_awards/2025/campaigns/oreo-square-cookie-oreo-saatchi-saatchi-germany-2025-2/
LIA Awards,2025,Silver,SERVICEPLAN GERMANY,Munich,GERMANY,Ambient Activation,Fashion Accessories,Rainbow Wool,Rainbow Wool,Schaferei Stucke,SERVICEPLAN GERMANY,Munich,/awards/lia_awards/2025/campaigns/rainbow-wool-rainbow-wool-serviceplan-germany-2025-3/
LIA Awards,2025,Silver,LePub,Milan,ITALY,Ambient Activation,Zeitgeist,Heineken,Pub Succession,Heineken,LePub Milan-Publicis Dublin,Dublin,/awards/lia_awards/2025/campaigns/pub-succession-heineken-lepub-milan-publicis-dublin-2025-2/
LIA Awards,2025,Silver,LePub Mexico City,Mexico City,MEXICO,Ambient Activation,Beverages,Tecate Light,Gulf of Mexico Bar,Heineken Group,LePub Mexico City,Mexico City,/awards/lia_awards/2025/campaigns/gulf-of-mexico-bar-tecate-light-lepub-mexico-city-2025-9/
LIA Awards,2025,Silver,Havas Creative,,SPAIN,Ambient Activation,Corporate Purpose-Social Responsibility,Atletico de Madrid - AFEAM,Marino Uriel The unforgettable Legend,Atletico de Madrid - AFEAM,Havas Creative,Spain,/awards/lia_awards/2025/campaigns/marino-uriel-the-unforgettable-legend-atletico-de-madrid-afeam-havas-creative-2025/
LIA Awards,2025,Silver,Ogilvy UK,London,UNITED KINGDOM,Ambient Activation,Best Use of Real Time Advertising,Hellmanns,Club Classic,Unilever,Ogilvy UK,London,/awards/lia_awards/2025/campaigns/club-classic-hellmanns-ogilvy-uk-2025/
LIA Awards,2025,Silver,Energy BBDO,Chicago,UNITED STATES,Ambient Activation,Public Service-Charity-NGO,Change The Ref,The Final Exam,Change The Ref,Energy BBDO,Chicago,/awards/lia_awards/2025/campaigns/the-final-exam-change-the-ref-energy-bbdo-2025-6/
LIA Awards,2025,Silver,BETC,Paris,FRANCE,Audio Radio,Best Local Market,So Foot,Football Lover FM,So Foot,BETC,Paris,/awards/lia_awards/2025/campaigns/football-lover-fm-so-foot-betc-2025/
LIA Awards,2025,Silver,SERVICEPLAN GERMANY,Munich,GERMANY,Audio Radio,Utilities Campaign,Techem,Ding Dong - Thong Ding Dong - Mask Ding Dong - Beard,Techem Energy Services,SERVICEPLAN GERMANY,Munich,/awards/lia_awards/2025/campaigns/ding-dong-thong-ding-dong-mask-ding-dong-beard-techem-serviceplan-germany-2025/
LIA Awards,2025,Silver,Ogilvy,Mumbai,INDIA,Audio Radio,Innovative Use of Audio Radio,Brooke Bond Taj Mahal Tea,Chai Bansuri - The Tea Flute,Brooke Bond Taj Mahal Tea,Ogilvy,Mumbai,/awards/lia_awards/2025/campaigns/chai-bansuri-the-tea-flute-brooke-bond-taj-mahal-tea-ogilvy-2025/
LIA Awards,2025,Silver,Droga5 Dublin Part of Accenture Song,Dublin,IRELAND,Audio Radio,Public Service-Charity-NGO Campaign,Samaritans,26 Minutes,Samaritans Dublin,Droga5 Dublin Part of Accenture Song,Dublin,/awards/lia_awards/2025/campaigns/26-minutes-samaritans-droga5-dublin-part-of-accenture-song-2025/
LIA Awards,2025,Silver,DAVID New York,New York,UNITED STATES,Audio Radio,Podcasts,Clash of Clans,Hammerless,Supercell,DAVID New York,New York,/awards/lia_awards/2025/campaigns/hammerless-clash-of-clans-david-new-york-2025/
LIA Awards,2025,Silver,GREY,New York,UNITED STATES,Audio Radio,Beverages Campaign,Minute Maid,Birthday Doctor Family,The Coca-Cola Company,GREY,New York,/awards/lia_awards/2025/campaigns/birthday-doctor-family-minute-maid-grey-2025/
LIA Awards,2025,Silver,VML,New York,UNITED STATES,Audio Radio,Creativity in Commerce,OREO,Name This OREO,Mondelez,VML,New York,/awards/lia_awards/2025/campaigns/name-this-oreo-oreo-vml-2025/
LIA Awards,2025,Silver,No Fixed Address,Toronto,CANADA,Billboard,Best Use of Real Time Advertising,Greenfield Natural Meat Co,The Sizzle Board,Greenfield Natural Meat Co,No Fixed Address,Toronto,/awards/lia_awards/2025/campaigns/the-sizzle-board-greenfield-natural-meat-co-no-fixed-address-2025/
LIA Awards,2025,Silver,Ogilvy New York,New York,UNITED STATES,Billboard,Beauty Well-being Campaign,Dove - Get Unready,Carnaval Holi Mardi Gras New Years St Patricks,Unilever,Ogilvy,New York,/awards/lia_awards/2025/campaigns/carnaval-holi-mardi-gras-new-years-st-patricks-dove-get-unready-ogilvy-2025-2/
LIA Awards,2025,Silver,Ogilvy New York,New York,UNITED STATES,Billboard,Craft Photography Campaign,Dove - Get Unready,Carnaval Holi Mardi Gras New Years St Patricks,Unilever,Ogilvy,New York,/awards/lia_awards/2025/campaigns/carnaval-holi-mardi-gras-new-years-st-patricks-dove-get-unready-ogilvy-2025-3/
LIA Awards,2025,Silver,Droga5 ANZ Part of Accenture Song,Sydney,AUSTRALIA,Branded Content,Use of Social Media,Australian Lamb,The Comments Section,Nathan Low,Droga5 Australia Part of Accenture Song Sydney-Droga5 Australia Part of Accenture Song,Melbourne,/awards/lia_awards/2025/campaigns/the-comments-section-australian-lamb-droga5-australia-part-of-accenture-song-sydney-droga5-australia-part-of-accenture-2/
LIA Awards,2025,Silver,Ogilvy Brasil,Sao Paulo,BRAZIL,Branded Content,Creative Use of Data,Hasbro Brasil,DungeonsDragons The Lost Episode,Hasbro Brasil,Ogilvy Brasil,Sao Paulo,/awards/lia_awards/2025/campaigns/dungeonsdragons-the-lost-episode-hasbro-brasil-ogilvy-brasil-2025/
LIA Awards,2025,Silver,Grey Mexico,Mexico City,MEXICO,Branded Content,Scripted Short Film,Newspaper la Union y Articulo 19,The Shooting,Newspaper la Union y Articulo 19,Grey Mexico,Mexico City,/awards/lia_awards/2025/campaigns/the-shooting-newspaper-la-union-y-articulo-19-grey-mexico-2025-6/
LIA Awards,2025,Silver,GIGIL,Manila,PHILIPPINES,Branded Content,Creativity on a Budget,Mandaue Foam Home Store,Steal,Mandaue Foam Home Store,GIGIL,Manila,/awards/lia_awards/2025/campaigns/steal-mandaue-foam-home-store-gigil-2025/
LIA Awards,2025,Silver,Area 23 an IPG Health Company,New York,UNITED STATES,Branded Content,Documentary Short Film,Gaviao Kyikateje FC,Kyikateje,Gaviao Kyikateje FC,Area 23 an IPG Health Company,New York,/awards/lia_awards/2025/campaigns/kyikateje-gaviao-kyikateje-fc-area-23-an-ipg-health-company-2025/
LIA Awards,2025,Silver,Klick Health,Toronto,CANADA,Branded Entertainment,Scripted Short Film,Second Nurture,18 Months,Second Nurture,Klick Health,Toronto,/awards/lia_awards/2025/campaigns/18-months-second-nurture-klick-health-2025-2/
LIA Awards,2025,Silver,VML,Paris,FRANCE,Branded Entertainment,Reality-Unscripted-Alternative Programming,AXA,Group Therapy,AXA,VML,Paris,/awards/lia_awards/2025/campaigns/group-therapy-axa-vml-2025-2/
LIA Awards,2025,Silver,LePub,Milan,ITALY,Branded Entertainment,Music Videos,Desperados,Guao Guao,Desperados,LePub,Milan,/awards/lia_awards/2025/campaigns/guao-guao-desperados-lepub-2025-5/
LIA Awards,2025,Silver,INNOCEAN,Seoul,KOREA,Branded Entertainment,Scripted Short Film,IONIQ,Night Fishing,Hyundai Motor Company,INNOCEAN,Seoul,/awards/lia_awards/2025/campaigns/night-fishing-ioniq-innocean-2025-3/
LIA Awards,2025,Silver,McCann NY,New York,UNITED STATES,Branded Entertainment,Music Videos,Mastercard,From Fan to Featured,Mastercard,McCann XBC,New York,/awards/lia_awards/2025/campaigns/from-fan-to-featured-mastercard-mccann-xbc-2025/
LIA Awards,2025,Silver,Leo Australia,Sydney,AUSTRALIA,Creative Strategy,Long-term Creative Strategy-Effectiveness,Suncorp Insurance,Building A More Resilient Australia,Suncorp Insurance,Leo Australia,Sydney,/awards/lia_awards/2025/campaigns/building-a-more-resilient-australia-suncorp-insurance-leo-australia-2025/
LIA Awards,2025,Silver,Rethink,Toronto,CANADA,Creative Strategy,Partnership Collaboration,Molson Coors,Paid Through Parents,Molson Coors Beverage Company,Rethink,Toronto,/awards/lia_awards/2025/campaigns/paid-through-parents-molson-coors-rethink-2025-4/
LIA Awards,2025,Silver,DDB Colombia,Bogota,COLOMBIA,Creative Strategy,Original Thinking,Procolombia,Humanimal Tourism,Jorge Ivan Rueda,DDB Colombia,Bogota,/awards/lia_awards/2025/campaigns/humanimal-tourism-procolombia-ddb-colombia-2025-3/
LIA Awards,2025,Silver,BETC,Paris,FRANCE,Creative Strategy,Breaking Sector Convention,Heetch,Choose Uber,Heetch,BETC,Paris,/awards/lia_awards/2025/campaigns/choose-uber-heetch-betc-2025-2/
LIA Awards,2025,Silver,Publicis Conseil,,FRANCE,Creative Strategy,Breaking Sector Convention,Renault,Long-term,Renault,Publicis Conseil,Paris,/awards/lia_awards/2025/campaigns/long-term-renault-publicis-conseil-2025/
LIA Awards,2025,Silver,Publicis Conseil,,FRANCE,Creative Strategy,Long-term Creative Strategy-Effectiveness,Renault,Long-term,Renault,Publicis Conseil,Paris,/awards/lia_awards/2025/campaigns/long-term-renault-publicis-conseil-2025-2/
LIA Awards,2025,Silver,SERVICEPLAN GERMANY,Munich,GERMANY,Creative Strategy,Retail,PENNY,Price Packs,PENNY,SERVICEPLAN GERMANY,Munich,/awards/lia_awards/2025/campaigns/price-packs-penny-serviceplan-germany-2025-3/
LIA Awards,2025,Silver,INNOCEAN,Seoul,KOREA,Creative Strategy,Branded Entertainment,IONIQ,Night Fishing,Hyundai Motor Company,INNOCEAN,Seoul,/awards/lia_awards/2025/campaigns/night-fishing-ioniq-innocean-2025-4/
LIA Awards,2025,Silver,Havas HOY,Mexico City,MEXICO,Creative Strategy,Contextual Insight,Volaris Airlines,W1NG COD3S,Volaris Airlines,Havas HOY,Mexico City,/awards/lia_awards/2025/campaigns/w1ng-cod3s-volaris-airlines-havas-hoy-2025/
LIA Awards,2025,Silver,DAVID,Madrid,SPAIN,Creative Strategy,Real-Time Marketing,Netflix,Alcaraz Tattoo Reveal,Netflix Spain,DAVID,Madrid,/awards/lia_awards/2025/campaigns/alcaraz-tattoo-reveal-netflix-david-2025/
LIA Awards,2025,Silver,DAVID New York,New York,UNITED STATES,Creative Strategy,Partnership Collaboration,Clash of Clans,Clash the WWE,Supercell,DAVID New York,New York,/awards/lia_awards/2025/campaigns/clash-the-wwe-clash-of-clans-david-new-york-2025-2/
LIA Awards,2025,Silver,GUT,Los Angeles,UNITED STATES,Creative Strategy,Long-term Creative Strategy-Effectiveness,DoorDash,Flowers Are For Everyone,DoorDash,GUT LA,Los Angeles,/awards/lia_awards/2025/campaigns/flowers-are-for-everyone-doordash-gut-la-2025/
LIA Awards,2025,Silver,Leo Australia,Sydney,AUSTRALIA,Creative Use of Data,Data-Led Creativity,Suncorp Insurance,Suncorp Haven,Suncorp Insurance,Leo Australia,Sydney,/awards/lia_awards/2025/campaigns/suncorp-haven-suncorp-insurance-leo-australia-2025-3/
LIA Awards,2025,Silver,GForce Grey,Almaty,KAZAKHSTAN,Creative Use of Data,Real-Time Data,Citix,Saltanat Light,Citix,GForce Grey,Almaty,/awards/lia_awards/2025/campaigns/saltanat-light-citix-gforce-grey-2025/
LIA Awards,2025,Silver,VML,New York,UNITED STATES,Creative Use of Data,Real-Time Data,Ziploc,Preserved Promos,SC Johnson,VML New York-Obviously,New York,/awards/lia_awards/2025/campaigns/preserved-promos-ziploc-vml-new-york-obviously-2025-2/
LIA Awards,2025,Silver,Publicis Conseil,Paris,FRANCE,Creativity In B2B,Health Pharma,Working with Cancer,Screening Time-Off,Working with Cancer,Publicis Conseil,Paris,/awards/lia_awards/2025/campaigns/screening-time-off-working-with-cancer-publicis-conseil-2025/
LIA Awards,2025,Silver,LePub,Milan,ITALY,Creativity In B2B,Best Use of Direct Marketing,Heineken,Pub Succession,Heineken,LePub Milan-Publicis Dublin,Dublin,/awards/lia_awards/2025/campaigns/pub-succession-heineken-lepub-milan-publicis-dublin-2025-3/
LIA Awards,2025,Silver,LePub,Milan,ITALY,Creativity In B2B,Best Global Market,Heineken,Starring Bars,Heineken,LePub Milan-LePub Singapore,Singapore,/awards/lia_awards/2025/campaigns/starring-bars-heineken-lepub-milan-lepub-singapore-2025/
LIA Awards,2025,Silver,David,Madrid,SPAIN,Creativity In B2B,Storytelling and Content,Coca-Cola,Shades of Red,The Coca Cola Company,DAVID,Madrid,/awards/lia_awards/2025/campaigns/shades-of-red-coca-cola-david-2025-3/
LIA Awards,2025,Silver,McCann,London,UNITED KINGDOM,Creativity In B2B,Corporate Purpose-Social Responsibility,Reef Protection Factor,Reef Protection Factor,Stream2Sea,McCann,London,/awards/lia_awards/2025/campaigns/reef-protection-factor-reef-protection-factor-mccann-2025/
LIA Awards,2025,Silver,Droga5 ANZ Part of Accenture Song,Sydney,AUSTRALIA,Creativity In Media,Challenger Brand,Special Broadcasting Service,The Ad That Could Only Be Seen On SBS,Special Broadcasting Service,Droga5 ANZ Part of Accenture Song,Sydney,/awards/lia_awards/2025/campaigns/the-ad-that-could-only-be-seen-on-sbs-special-broadcasting-service-droga5-anz-part-of-accenture-song-2025/
LIA Awards,2025,Silver,Ogilvy Australia,,AUSTRALIA,Creativity In Media,Multi-Channel Media,TCCC,Meet me at the Coke Sign,TCCC,Ogilvy,Australia,/awards/lia_awards/2025/campaigns/meet-me-at-the-coke-sign-tccc-ogilvy-2025-2/
LIA Awards,2025,Silver,BETC,Paris,FRANCE,Creativity In Media,Automotive,Citroen,Bumpboards,Stellantis,BETC,Paris,/awards/lia_awards/2025/campaigns/bumpboards-citroen-betc-2025/
LIA Awards,2025,Silver,Ogilvy Guatemala,Guatemala,GUATEMALA,Creativity In Media,Corporate Purpose-Social Responsibility,Shell,Stay Tuned Stay Awake,Shell,Ogilvy,Guatemala,/awards/lia_awards/2025/campaigns/stay-tuned-stay-awake-shell-ogilvy-2025/
LIA Awards,2025,Silver,Ogilvy Guatemala,Guatemala,GUATEMALA,Creativity In Media,Use of Audio Platforms,Shell,Stay Tuned Stay Awake,Shell,Ogilvy,Guatemala,/awards/lia_awards/2025/campaigns/stay-tuned-stay-awake-shell-ogilvy-2025-2/
LIA Awards,2025,Silver,Ogilvy,Bengaluru,INDIA,Creativity In Media,Corporate Purpose-Social Responsibility,Eye,Eye Test Menu,Titan Company Limited,Ogilvy Bengaluru-Ogilvy,Mumbai,/awards/lia_awards/2025/campaigns/eye-test-menu-eye-ogilvy-bengaluru-ogilvy-2025-2/
LIA Awards,2025,Silver,LePub Mexico City,Mexico City,MEXICO,Creativity In Media,Use of Ambient Media,Tecate Light,Gulf of Mexico Bar,Heineken Group,LePub Mexico City,Mexico City,/awards/lia_awards/2025/campaigns/gulf-of-mexico-bar-tecate-light-lepub-mexico-city-2025-10/
LIA Awards,2025,Silver,Havas HOY,Mexico City,MEXICO,Creativity In Media,Use of Ambient Media,Volaris Airlines,W1NG COD3S,Volaris Airlines,Havas HOY,Mexico City,/awards/lia_awards/2025/campaigns/w1ng-cod3s-volaris-airlines-havas-hoy-2025-2/
LIA Awards,2025,Silver,DAVID,Madrid,SPAIN,Creativity In Media,Corporate Purpose-Social Responsibility,JCDecaux,Still Open,JCDecaux Spain,DAVID,Madrid,/awards/lia_awards/2025/campaigns/still-open-jcdecaux-david-2025/
LIA Awards,2025,Silver,DAVID,Madrid,SPAIN,Creativity In Media,Use of Outdoor,JCDecaux,Still Open,JCDecaux Spain,DAVID,Madrid,/awards/lia_awards/2025/campaigns/still-open-jcdecaux-david-2025-2/
LIA Awards,2025,Silver,Grey,New York,UNITED STATES,Creativity In Media,Use of TV and Other Screens,Angel Soft,Pottytunities,Georgia Pacific Llc,Grey,New York,/awards/lia_awards/2025/campaigns/pottytunities-angel-soft-grey-2025/
LIA Awards,2025,Silver,Area 23 an IPG Health Company,New York,UNITED STATES,Creativity In Media,Use of Outdoor,Equality Health Foundation,Zip Code Exam,Equality Health Foundation,Area 23 an IPG Health Company,New York,/awards/lia_awards/2025/campaigns/zip-code-exam-equality-health-foundation-area-23-an-ipg-health-company-2025-2/
LIA Awards,2025,Silver,Zenith,Detroit,UNITED STATES,Creativity In Media,Use of Events and Stunts,Rocket,First Ever LIVE Commercial Crossover,Rocket,Mirimar,Venica,/awards/lia_awards/2025/campaigns/first-ever-live-commercial-crossover-rocket-mirimar-2025-2/
LIA Awards,2025,Silver,Don by Havas,Buenos Aires,ARGENTINA,Creativity In PR,Best Local-Regional-National Market,Newsan - Philco,Chainsaw and Blender,Newsan SA,Don by Havas,Buenos Aires,/awards/lia_awards/2025/campaigns/chainsaw-and-blender-newsan-philco-don-by-havas-2025/
LIA Awards,2025,Silver,Grey Brasil,Sao Paulo,BRAZIL,Creativity In PR,Best Use of Events and Stunts,Corona Brasil,Sun Reserve,AB INBEV,Grey Brasil,Sao Paulo,/awards/lia_awards/2025/campaigns/sun-reserve-corona-brasil-grey-brasil-2025/
LIA Awards,2025,Silver,Rethink,Toronto,CANADA,Creativity In PR,Food and Beverage,Kraft Heinz,Cant Unsee It,Kraft Heinz,Rethink,Toronto,/awards/lia_awards/2025/campaigns/cant-unsee-it-kraft-heinz-rethink-2025-3/
LIA Awards,2025,Silver,TOPic,Beijing,CHINA,Creativity In PR,Brand PR,Yili,Twin Sister of Olympic,Yili,,,/awards/lia_awards/2025/campaigns/twin-sister-of-olympic-yili-2025/
LIA Awards,2025,Silver,Ogilvy Denmark,Copenhagen,DENMARK,Creativity In PR,Best Local-Regional-National Market,Greater Copenhagen Region,Life Quality Insurance,Copenhagen Capacity,Ogilvy Denmark,Copenhagen,/awards/lia_awards/2025/campaigns/life-quality-insurance-greater-copenhagen-region-ogilvy-denmark-2025/
LIA Awards,2025,Silver,BETC,Paris,FRANCE,Creativity In PR,Automotive,Citroen,Bumpboards,Stellantis,BETC,Paris,/awards/lia_awards/2025/campaigns/bumpboards-citroen-betc-2025-2/
LIA Awards,2025,Silver,BETC,Paris,FRANCE,Creativity In PR,Best Use of Events and Stunts,EDF,The Flame That Wasnt A Flame,EDF,BETC,Paris,/awards/lia_awards/2025/campaigns/the-flame-that-wasnt-a-flame-edf-betc-2025-2/
LIA Awards,2025,Silver,LePub,Milan,ITALY,Creativity In PR,Best Global Market,Heineken,Pub Succession,Heineken,LePub Milan-Publicis Dublin,Dublin,/awards/lia_awards/2025/campaigns/pub-succession-heineken-lepub-milan-publicis-dublin-2025-4/
LIA Awards,2025,Silver,LePub,Milan,ITALY,Creativity In PR,Food and Beverage,Heineken,Pub Succession,Heineken,LePub Milan-Publicis Dublin,Dublin,/awards/lia_awards/2025/campaigns/pub-succession-heineken-lepub-milan-publicis-dublin-2025-5/
LIA Awards,2025,Silver,LePub,Milan,ITALY,Creativity In PR,B2B,Heineken,Starring Bars,Heineken,LePub Milan-LePub Singapore,Singapore,/awards/lia_awards/2025/campaigns/starring-bars-heineken-lepub-milan-lepub-singapore-2025-2/
LIA Awards,2025,Silver,Edelman,Johannesburg,SOUTH AFRICA,Creativity In PR,Public Service-Charity-NGO,Women For Change,The Unburied Casket,Women For Change,Edelman,Johannesburg Dubai,/awards/lia_awards/2025/campaigns/the-unburied-casket-women-for-change-edelman-2025/
LIA Awards,2025,Silver,Havas Creative Spain,Madrid,SPAIN,Creativity In PR,Corporate Purpose-Social Responsibility,Atletico de Madrid - AFEAM,Marino Uriel The unforgettable Legend,Atletico de Madrid,Havas Creative Spain,Madrid,/awards/lia_awards/2025/campaigns/marino-uriel-the-unforgettable-legend-atletico-de-madrid-afeam-havas-creative-spain-2025/
LIA Awards,2025,Silver,MC Saatchi Sport Entertainment UK,London,UNITED KINGDOM,Creativity In PR,Best Product Launch,Lego Technic,The Impossible Drive,The LEGO Group,MC Saatchi Sport Entertainment UK,London,/awards/lia_awards/2025/campaigns/the-impossible-drive-lego-technic-mc-saatchi-sport-entertainment-uk-2025/
LIA Awards,2025,Silver,VCCP,London,UNITED KINGDOM,Creativity In PR,Corporate Purpose-Social Responsibility,O2,Daisy vs Scammers,Virgin Media O2,VCCP,,/awards/lia_awards/2025/campaigns/daisy-vs-scammers-o2-vccp-2025-3/
LIA Awards,2025,Silver,DAVID New York,New York,UNITED STATES,Creativity In PR,Best Use of Sponsorship,Clash of Clans,Clash the WWE,Supercell,DAVID New York,New York,/awards/lia_awards/2025/campaigns/clash-the-wwe-clash-of-clans-david-new-york-2025-3/
LIA Awards,2025,Silver,Dentsu Creative US,New York,UNITED STATES,Creativity In PR,Media Relations,Crayola,Returning Creativity,Crayola,Dentsu Creative US,New York,/awards/lia_awards/2025/campaigns/returning-creativity-crayola-dentsu-creative-us-2025/
LIA Awards,2025,Silver,Area 23 an IPG Health Company,New York,UNITED STATES,Creativity In PR,Best Use of Sponsorship,Melanoma Awareness,Unnoticed Sponsorship,Instituto Melanoma Brasil,Area 23 an IPG Health Company,New York,/awards/lia_awards/2025/campaigns/unnoticed-sponsorship-melanoma-awareness-area-23-an-ipg-health-company-2025/
LIA Awards,2025,Silver,Ogilvy,New York,UNITED STATES,Creativity In PR,Best Use of Sponsorship,Powerade,The Athletes Code,The Coca-Cola Company,Ogilvy,New York,/awards/lia_awards/2025/campaigns/the-athletes-code-powerade-ogilvy-2025/
LIA Awards,2025,Silver,Havas NY,New York,UNITED STATES,Creativity In PR,Public Service-Charity-NGO,Us Weekly x the harris project,The Missing Issue,Us Weekly,Havas NY,New York,/awards/lia_awards/2025/campaigns/the-missing-issue-us-weekly-x-the-harris-project-havas-ny-2025/
LIA Awards,2025,Silver,Klick Health,Toronto,CANADA,Design,Craft Motion Graphics - Animation,Second Nurture,18 Months,Second Nurture,Klick Health,Toronto,/awards/lia_awards/2025/campaigns/18-months-second-nurture-klick-health-2025-3/
LIA Awards,2025,Silver,TBWA-Group China,Shanghai,CHINA,Design,Best Local Market,Yangzhou Municipal Bureau of Culture Radio TV and Tourism,The Yangzhou Qiao Bei Musical Suite,Yangzhou Municipal Bureau of Culture Radio TV and Tourism,TBWA-Group China,Shanghai,/awards/lia_awards/2025/campaigns/the-yangzhou-qiao-bei-musical-suite-yangzhou-municipal-bureau-of-culture-radio-tv-and-tourism-tbwa-group-china-2025/
LIA Awards,2025,Silver,ROSA Paris,Paris,FRANCE,Design,Craft Illustration,OUIGO,Muted 16 Games for Children Designed for Parents Peace of Mind,OUIGO,ROSA Paris,Paris,/awards/lia_awards/2025/campaigns/muted-16-games-for-children-designed-for-parents-peace-of-mind-ouigo-rosa-paris-2025/
LIA Awards,2025,Silver,Scholz Friends,Berlin,GERMANY,Design,Poster Campaign,Berliner Philharmoniker,Stage Floor Great Hall,Berliner Philharmonie gGmbH,Scholz Friends,Berlin,/awards/lia_awards/2025/campaigns/stage-floor-great-hall-berliner-philharmoniker-scholz-friends-2025/
LIA Awards,2025,Silver,HeimatTBWA-Berlin,Berlin,GERMANY,Design,Creativity on a Budget,Correctiv - Recherchen fur die Gesellschaft,Adopt A Fact,Correctiv - Recherchen fur die Gesellschaft,HeimatTBWA-Berlin,Berlin,/awards/lia_awards/2025/campaigns/adopt-a-fact-correctiv-recherchen-fur-die-gesellschaft-heimattbwa-berlin-2025/
LIA Awards,2025,Silver,SERVICEPLAN GERMANY,Munich,GERMANY,Design,Limited-Special Editions,Lufthansa,Allegris First Class x Sho Shibuya,Deutsche Lufthansa AG,SERVICEPLAN GERMANY,Munich,/awards/lia_awards/2025/campaigns/allegris-first-class-x-sho-shibuya-lufthansa-serviceplan-germany-2025/
LIA Awards,2025,Silver,Scholz Friends,Berlin,GERMANY,Design,Best Regional-National Market,Tiroler Festspiele Erl,Brand Design,Tiroler Festspiele Erl,Scholz Friends Berlin-Scholz Friends,Vienna,/awards/lia_awards/2025/campaigns/brand-design-tiroler-festspiele-erl-scholz-friends-berlin-scholz-friends-2025/
LIA Awards,2025,Silver,NNNNNNN,Hong Kong,HONG KONG,Design,Displays Installations,HSBC Hong Kong,HSBC 160th Anniversary Rube Goldberg Machine,HSBC Hong Kong,NNNNNNN Hong Kong-Omnicom Media Group,Hong Kong,/awards/lia_awards/2025/campaigns/hsbc-160th-anniversary-rube-goldberg-machine-hsbc-hong-kong-nnnnnnn-hong-kong-omnicom-media-group-2025/
LIA Awards,2025,Silver,Dentsu Inc,Tokyo,JAPAN,Design,Not-for-Profit,VISIONGRAM,VISIONGRAM,Japan Blind Judo Federation,Dentsu Inc,Tokyo,/awards/lia_awards/2025/campaigns/visiongram-visiongram-dentsu-inc-2025/
LIA Awards,2025,Silver,INNOCEAN,Seoul,KOREA,Design,Public Service-Charity-NGO,Iljuk Bathhouse,Life-Saving Bathhouse,Anseong City,INNOCEAN,Seoul,/awards/lia_awards/2025/campaigns/life-saving-bathhouse-iljuk-bathhouse-innocean-2025/
LIA Awards,2025,Silver,Saatchi Saatchi ME,Dubai,UNITED ARAB EMIRATES,Design,Editorial Design,Nana,Ruby Blooms,Essity Nana,Saatchi Saatchi ME,Dubai,/awards/lia_awards/2025/campaigns/ruby-blooms-nana-saatchi-saatchi-me-2025/
LIA Awards,2025,Silver,MullenLowe US,New York,UNITED STATES,Design,Craft Art Direction Campaign,Art Directors Club,Be Seen by the Best Eyes Campaign,The One Club for Creativity,MullenLowe US,New York,/awards/lia_awards/2025/campaigns/be-seen-by-the-best-eyes-campaign-art-directors-club-mullenlowe-us-2025-2/
LIA Awards,2025,Silver,FCB Chicago,Chicago,UNITED STATES,Design,Craft Typography,Caption with Intention,Caption with Intention,Rakish Entertainment,FCB Chicago,Chicago,/awards/lia_awards/2025/campaigns/caption-with-intention-caption-with-intention-fcb-chicago-2025-6/
LIA Awards,2025,Silver,FCB Chicago,Chicago,UNITED STATES,Design,Craft Visual Design,Caption with Intention,Caption with Intention,Rakish Entertainment,FCB Chicago,Chicago,/awards/lia_awards/2025/campaigns/caption-with-intention-caption-with-intention-fcb-chicago-2025-7/
LIA Awards,2025,Silver,Ogilvy,Chicago,UNITED STATES,Design,Craft Art Direction,Chicago International Film Festival,60 Years of Film,Chicago International Film Festival,Ogilvy,Chicago,/awards/lia_awards/2025/campaigns/60-years-of-film-chicago-international-film-festival-ogilvy-2025/
LIA Awards,2025,Silver,Area 23 an IPG Health Company,New York,UNITED STATES,Design,Creative Use of Data,Equality Health Foundation,Zip Code Exam,Equality Health Foundation,Area 23 an IPG Health Company,New York,/awards/lia_awards/2025/campaigns/zip-code-exam-equality-health-foundation-area-23-an-ipg-health-company-2025-3/
LIA Awards,2025,Silver,Area 23 an IPG Health Company,New York,UNITED STATES,Design,Data Visualization,Equality Health Foundation,Zip Code Exam,Equality Health Foundation,Area 23 an IPG Health Company,New York,/awards/lia_awards/2025/campaigns/zip-code-exam-equality-health-foundation-area-23-an-ipg-health-company-2025-4/
LIA Awards,2025,Silver,DAVID,Sao Paulo,BRAZIL,Digital,Branded Entertainment,BIS,The WhatsApp Saga,Mondelez,DAVID,Sao Paulo,/awards/lia_awards/2025/campaigns/the-whatsapp-saga-bis-david-2025/
LIA Awards,2025,Silver,Rethink,Toronto,CANADA,Digital,Creativity on a Budget,IKEA,U up,IKEA,Rethink,Toronto,/awards/lia_awards/2025/campaigns/u-up-ikea-rethink-2025-3/
LIA Awards,2025,Silver,DDB Colombia,Bogota,COLOMBIA,Digital,Travel Tourism,Procolombia,Humanimal Tourism,Jorge Ivan Rueda,DDB Colombia,Bogota,/awards/lia_awards/2025/campaigns/humanimal-tourism-procolombia-ddb-colombia-2025-4/
LIA Awards,2025,Silver,Marcel,Paris,FRANCE,Digital,Retail,Lidl,Lidlize,Lidl,Marcel Paris-Publicis Groupe,Paris,/awards/lia_awards/2025/campaigns/lidlize-lidl-marcel-paris-publicis-groupe-2025/
LIA Awards,2025,Silver,Cheil,Hong Kong,HONG KONG,Digital,Public Service-Charity-NGO,Save the Children,Safe Sketch,Save the Children,Cheil,Hong Kong,/awards/lia_awards/2025/campaigns/safe-sketch-save-the-children-cheil-2025/
LIA Awards,2025,Silver,BigTime Creative Shop,Riyadh,SAUDI ARABIA,Digital,Sports,The Ring,4th Judge,The Ring,BigTime Creative Shop,Riyadh,/awards/lia_awards/2025/campaigns/4th-judge-the-ring-bigtime-creative-shop-2025/
LIA Awards,2025,Silver,VCCP,London,UNITED KINGDOM,Digital,Technology Tech Equipment,O2,Daisy vs Scammers,Virgin Media O2,VCCP,,/awards/lia_awards/2025/campaigns/daisy-vs-scammers-o2-vccp-2025-4/
LIA Awards,2025,Silver,MullenLowe US,New York,UNITED STATES,Digital,Craft Art Direction,Art Directors Club,Be Seen By The Best Eyes,The One Club for Creativity,MullenLowe US,New York,/awards/lia_awards/2025/campaigns/be-seen-by-the-best-eyes-art-directors-club-mullenlowe-us-2025/
LIA Awards,2025,Silver,Energy BBDO,Chicago,UNITED STATES,Digital,Branded Entertainment,Change The Ref,The Final Exam,Change The Ref,Energy BBDO,Chicago,/awards/lia_awards/2025/campaigns/the-final-exam-change-the-ref-energy-bbdo-2025-7/
LIA Awards,2025,Silver,Energy BBDO,Chicago,UNITED STATES,Digital,Gaming,Change The Ref,The Final Exam,Change The Ref,Energy BBDO,Chicago,/awards/lia_awards/2025/campaigns/the-final-exam-change-the-ref-energy-bbdo-2025-8/
LIA Awards,2025,Silver,VML,New York,UNITED STATES,Digital,Tone of Voice,OREO,Name This OREO,Mondelez,VML,New York,/awards/lia_awards/2025/campaigns/name-this-oreo-oreo-vml-2025-2/
LIA Awards,2025,Silver,Rethink,Toronto,CANADA,Direct,Use of Social Media,IKEA,U up,IKEA,Rethink,Toronto,/awards/lia_awards/2025/campaigns/u-up-ikea-rethink-2025-4/
LIA Awards,2025,Silver,SERVICEPLAN GERMANY,Munich,GERMANY,Direct,Good and Purpose,Herconomy,Breastmilk Money,Herconomy,SERVICEPLAN GERMANY,Munich,/awards/lia_awards/2025/campaigns/breastmilk-money-herconomy-serviceplan-germany-2025-2/
LIA Awards,2025,Silver,MRM Germany,Frankfurt,GERMANY,Direct,Good and Purpose,Life Donor Card,Life Donor Card,Mastercard,MRM GERMANY,Frankfurt,/awards/lia_awards/2025/campaigns/life-donor-card-life-donor-card-mrm-germany-2025-3/
LIA Awards,2025,Silver,LePub,Milan,ITALY,Direct,B2B,Heineken,Pub Succession,Heineken,LePub Milan-Publicis Dublin,Dublin,/awards/lia_awards/2025/campaigns/pub-succession-heineken-lepub-milan-publicis-dublin-2025-6/
LIA Awards,2025,Silver,DDB Group Aotearoa,Auckland,NEW ZEALAND,Direct,Out of Home - Instore and Transit,Vogels,Breadywear,Goodman Fielder,DDB Group Aotearoa,Auckland,/awards/lia_awards/2025/campaigns/breadywear-vogels-ddb-group-aotearoa-2025/
LIA Awards,2025,Silver,DDB Group Aotearoa,Auckland,NEW ZEALAND,Direct,Out of Home - Instore and Transit,Vogels,Certified Toasters,Goodman Fielder,DDB Group Aotearoa,Auckland,/awards/lia_awards/2025/campaigns/certified-toasters-vogels-ddb-group-aotearoa-2025/
LIA Awards,2025,Silver,Ogilvy Spain,Barcelona,SPAIN,Direct,Good and Purpose,adELA,My Voice My Vote,adELA Asociacion Espanola de Esclerosis Lateral Amiotrofica,Ogilvy Spain,Barcelona,/awards/lia_awards/2025/campaigns/my-voice-my-vote-adela-ogilvy-spain-2025/
LIA Awards,2025,Silver,Ogilvy,Colombo,SRI LANKA,Direct,Creativity on a Budget,Promate,Second Life Notebooks,PrintXcel Pvt Ltd,Ogilvy,Colombo,/awards/lia_awards/2025/campaigns/second-life-notebooks-promate-ogilvy-2025/
LIA Awards,2025,Silver,McCann NY,New York,UNITED STATES,Direct,Good and Purpose,Last Prisoner Project,The Pen to Right History,Last Prisoner Project,McCann NY,New York,/awards/lia_awards/2025/campaigns/the-pen-to-right-history-last-prisoner-project-mccann-ny-2025-3/
LIA Awards,2025,Silver,VML,Dallas,UNITED STATES,Direct,Use of Social Media,US Navy,Navy SubReddit Hunt,US Navy,VML,Dallas,/awards/lia_awards/2025/campaigns/navy-subreddit-hunt-us-navy-vml-2025/
LIA Awards,2025,Silver,VML,Kansas City,UNITED STATES,Direct,Out of Home - Instore and Transit,Wendys,Wendys Frosty Fix,The Wendys Company,VML,Kansas City,/awards/lia_awards/2025/campaigns/wendys-frosty-fix-wendys-vml-2025/
LIA Awards,2025,Silver,Publicis Conseil,Paris,FRANCE,Evolution,Product Innovation,AXA,Three Words,AXA,Publicis Conseil,Paris,/awards/lia_awards/2025/campaigns/three-words-axa-publicis-conseil-2025-16/
LIA Awards,2025,Silver,MRM Germany,Frankfurt,GERMANY,Evolution,Product Innovation,Life Donor Card,Life Donor Card,Mastercard,MRM GERMANY,Frankfurt,/awards/lia_awards/2025/campaigns/life-donor-card-life-donor-card-mrm-germany-2025-4/
LIA Awards,2025,Silver,LePub Mexico City,Mexico City,MEXICO,Evolution,Experiential-Live Events,Tecate Light,Gulf of Mexico Bar,Heineken Group,LePub Mexico City,Mexico City,/awards/lia_awards/2025/campaigns/gulf-of-mexico-bar-tecate-light-lepub-mexico-city-2025-11/
LIA Awards,2025,Silver,Havas Lynx,Manchester,UNITED KINGDOM,Evolution,Product Innovation,Nutri Ice,Creamotherapy,My Doctors Recipe,Havas Lynx,Manchester,/awards/lia_awards/2025/campaigns/creamotherapy-nutri-ice-havas-lynx-2025/
LIA Awards,2025,Silver,Energy BBDO,Chicago,UNITED STATES,Evolution,CSR DEI Non-Profit SDG,Change The Ref,The Final Exam,Change The Ref,Energy BBDO,Chicago,/awards/lia_awards/2025/campaigns/the-final-exam-change-the-ref-energy-bbdo-2025-9/
LIA Awards,2025,Silver,VML,Paris,FRANCE,Health Wellness,Insurance,AXA,Group Therapy,AXA,VML,Paris,/awards/lia_awards/2025/campaigns/group-therapy-axa-vml-2025-3/
LIA Awards,2025,Silver,Saatchi Saatchi France,Omni,FRANCE,Health Wellness,Devices and Diagnostics,Omni,Omnilivery,Omni,Saatchi Saatchi France,Paris,/awards/lia_awards/2025/campaigns/omnilivery-omni-saatchi-saatchi-france-2025-2/
LIA Awards,2025,Silver,MRM Germany,Frankfurt,GERMANY,Health Wellness,Corporate Communication,Life Donor Card,Life Donor Card,Mastercard,MRM GERMANY,Frankfurt,/awards/lia_awards/2025/campaigns/life-donor-card-life-donor-card-mrm-germany-2025-5/
LIA Awards,2025,Silver,Godrej Creative Lab,Mumbai,INDIA,Health Wellness,Public Service-Charity-NGO,Eyebetes,The Naga Saint Eye Test,Eyebetes Foundation,Godrej Creative Lab,Mumbai,/awards/lia_awards/2025/campaigns/the-naga-saint-eye-test-eyebetes-godrej-creative-lab-2025/
LIA Awards,2025,Silver,DDB Mudra Group,Mumbai,INDIA,Health Wellness,Corporate Communication,Stayfree,Son Get Stayfree,Kenvue,DDB Mudra Group,Mumbai,/awards/lia_awards/2025/campaigns/son-get-stayfree-stayfree-ddb-mudra-group-2025-2/
LIA Awards,2025,Silver,Ogilvy,Bengaluru,INDIA,Health Wellness,Health Institutions,Titan Eye,Eye Test Menu,Titan Company Limited,Ogilvy Bengaluru-Ogilvy,Mumbai,/awards/lia_awards/2025/campaigns/eye-test-menu-titan-eye-ogilvy-bengaluru-ogilvy-2025/
LIA Awards,2025,Silver,Energy BBDO,Chicago,UNITED STATES,Health Wellness,Public Service-Charity-NGO,Change The Ref,The Final Exam,Change The Ref,Energy BBDO,Chicago,/awards/lia_awards/2025/campaigns/the-final-exam-change-the-ref-energy-bbdo-2025-10/
LIA Awards,2025,Silver,Area 23 an IPG Health Company,New York,UNITED STATES,Health Wellness,Creative Use of Data,Equality Health Foundation,Zip Code Exam,Equality Health Foundation,Area 23 an IPG Health Company,New York,/awards/lia_awards/2025/campaigns/zip-code-exam-equality-health-foundation-area-23-an-ipg-health-company-2025-5/
LIA Awards,2025,Silver,Area 23 an IPG Health Company,New York,UNITED STATES,Health Wellness,Public Service-Charity-NGO,Equality Health Foundation,Zip Code Exam,Equality Health Foundation,Area 23 an IPG Health Company,New York,/awards/lia_awards/2025/campaigns/zip-code-exam-equality-health-foundation-area-23-an-ipg-health-company-2025-6/
LIA Awards,2025,Silver,Ogilvy Canada,Toronto,CANADA,Health Wellness-Craft,Cinematography,Dove,Most Likely To,Unilever,Ogilvy Canada,Toronto,/awards/lia_awards/2025/campaigns/most-likely-to-dove-ogilvy-canada-2025/
LIA Awards,2025,Silver,Ogilvy Canada,Toronto,CANADA,Health Wellness-Craft,Direction,Dove,Most Likely To,Unilever,Ogilvy Canada,Toronto,/awards/lia_awards/2025/campaigns/most-likely-to-dove-ogilvy-canada-2025-2/
LIA Awards,2025,Silver,Klick Health,Toronto,CANADA,Health Wellness-Craft,Art Direction,Second Nurture,18 Months,Second Nurture,Klick Health,Toronto,/awards/lia_awards/2025/campaigns/18-months-second-nurture-klick-health-2025-4/
LIA Awards,2025,Silver,Klick Health,Toronto,CANADA,Health Wellness-Craft,Sound Mixing,Second Nurture,18 Months,Second Nurture,Klick Health,Toronto,/awards/lia_awards/2025/campaigns/18-months-second-nurture-klick-health-2025-5/
LIA Awards,2025,Silver,FCB Canada,Toronto,CANADA,Health Wellness-Craft,Production Design,SickKids Foundation,The Count,SickKids Foundation,FCB,Toronto,/awards/lia_awards/2025/campaigns/the-count-sickkids-foundation-fcb-2025-6/
LIA Awards,2025,Silver,Grey Mexico,Mexico City,MEXICO,Health Wellness-Craft,Cinematography,Femess Mexico Vivo - The Trevor Project Sico and Gilead,More Than Words,Femess y Mexico Vivo,Grey Mexico,Mexico City,/awards/lia_awards/2025/campaigns/more-than-words-femess-mexico-vivo-the-trevor-project-sico-and-gilead-grey-mexico-2025/
LIA Awards,2025,Silver,Grey Mexico,Mexico City,MEXICO,Health Wellness-Craft,Direction,Femess Mexico Vivo - The Trevor Project Sico and Gilead,More Than Words,Femess y Mexico Vivo,Grey Mexico,Mexico City,/awards/lia_awards/2025/campaigns/more-than-words-femess-mexico-vivo-the-trevor-project-sico-and-gilead-grey-mexico-2025-2/
LIA Awards,2025,Silver,TP,London,UNITED KINGDOM,Health Wellness-Craft,Original Music with Lyrics,Campaign Against Living Miserably CALM,This Is Not A Drill,Campaign Against Living Miserably CALM,TP,London,/awards/lia_awards/2025/campaigns/this-is-not-a-drill-campaign-against-living-miserably-calm-tp-2025/
LIA Awards,2025,Silver,Area 23 an IPG Health Company,New York,UNITED STATES,Health Wellness-Craft,2D Animation,Advocacy For Ethical Egg Production and Humane Treatment of Chickens,Cracked,Mercy for Animals,Area 23 an IPG Health Company,New York,/awards/lia_awards/2025/campaigns/cracked-advocacy-for-ethical-egg-production-and-humane-treatment-of-chickens-area-23-an-ipg-health-company-2025/
LIA Awards,2025,Silver,Area 23 an IPG Health Company,New York,UNITED STATES,Health Wellness-Craft,Art Direction,Advocacy For Ethical Egg Production and Humane Treatment of Chickens,Cracked,Mercy for Animals,Area 23 an IPG Health Company,New York,/awards/lia_awards/2025/campaigns/cracked-advocacy-for-ethical-egg-production-and-humane-treatment-of-chickens-area-23-an-ipg-health-company-2025-2/
LIA Awards,2025,Silver,Area 23 an IPG Health Company,New York,UNITED STATES,Health Wellness-Craft,Stop-Frame Animation,Advocacy For Ethical Egg Production and Humane Treatment of Chickens,Cracked,Mercy for Animals,Area 23 an IPG Health Company,New York,/awards/lia_awards/2025/campaigns/cracked-advocacy-for-ethical-egg-production-and-humane-treatment-of-chickens-area-23-an-ipg-health-company-2025-3/
LIA Awards,2025,Silver,Area 23 an IPG Health Company,New York,UNITED STATES,Health Wellness-Craft,Use of Licensed Music,Advocacy For Ethical Egg Production and Humane Treatment of Chickens,Cracked,Mercy for Animals,Area 23 an IPG Health Company,New York,/awards/lia_awards/2025/campaigns/cracked-advocacy-for-ethical-egg-production-and-humane-treatment-of-chickens-area-23-an-ipg-health-company-2025-4/
LIA Awards,2025,Silver,FCB Health New York an IPG Health Company,New York,UNITED STATES,Health Wellness-Craft,AI,SAFE Project,The Snowball,SAFE Project,FCB Health New York an IPG Health Company,New York,/awards/lia_awards/2025/campaigns/the-snowball-safe-project-fcb-health-new-york-an-ipg-health-company-2025-2/
LIA Awards,2025,Silver,Leo Australia,Sydney,AUSTRALIA,Integration,Corporate Purpose-Social Responsibility,Suncorp Insurance,Suncorp Haven,Suncorp Insurance,Leo Australia,Sydney,/awards/lia_awards/2025/campaigns/suncorp-haven-suncorp-insurance-leo-australia-2025-4/
LIA Awards,2025,Silver,AlmapBBDO,Sao Paulo,BRAZIL,Integration,Corporate Purpose-Social Responsibility,Pedigree,Pedigree Caramelo,Mars,AlmapBBDO,Sao Paulo,/awards/lia_awards/2025/campaigns/pedigree-caramelo-pedigree-almapbbdo-2025-2/
LIA Awards,2025,Silver,Rethink,Toronto,CANADA,Integration,Use of Social Media,IKEA,U up,IKEA,Rethink,Toronto,/awards/lia_awards/2025/campaigns/u-up-ikea-rethink-2025-5/
LIA Awards,2025,Silver,Havas Play,Puteaux,FRANCE,Integration,Sports,LVMH,The Partnership That Changed Everything,LVMH,Havas Play - Havas Events - Havas Paris,Puteaux,/awards/lia_awards/2025/campaigns/the-partnership-that-changed-everything-lvmh-havas-play-havas-events-havas-paris-2025-2/
LIA Awards,2025,Silver,SERVICEPLAN GERMANY,Munich,GERMANY,Integration,Banking Finance,Herconomy,Breastmilk Money,Herconomy,SERVICEPLAN GERMANY,Munich,/awards/lia_awards/2025/campaigns/breastmilk-money-herconomy-serviceplan-germany-2025-3/
LIA Awards,2025,Silver,Saatchi Saatchi Germany,Dusseldorf,GERMANY,Integration,Direct Marketing,Oreo,Oreo Square Cookie,Mondelez International,Saatchi Saatchi Germany,,/awards/lia_awards/2025/campaigns/oreo-square-cookie-oreo-saatchi-saatchi-germany-2025-3/
LIA Awards,2025,Silver,LePub,Milan,ITALY,Integration,Branded Entertainment,Desperados,Guao Guao,Desperados,LePub,Milan,/awards/lia_awards/2025/campaigns/guao-guao-desperados-lepub-2025-6/
LIA Awards,2025,Silver,HERALBONY,Morioka-Iwate,JAPAN,Integration,Corporate Purpose-Social Responsibility,Creative Business Transformation - Customer Experience Design,HERALBONY,Multiple Clients,,,/awards/lia_awards/2025/campaigns/heralbony-creative-business-transformation-customer-experience-design-2025/
LIA Awards,2025,Silver,Ketchum UK,London,UNITED KINGDOM,Integration,Public Service-Charity-NGO,a bespoke dominoes set,Liming with Gran,Genomics England and University of Cambridge,Ketchum UK,London,/awards/lia_awards/2025/campaigns/liming-with-gran-a-bespoke-dominoes-set-ketchum-uk-2025/
LIA Awards,2025,Silver,DAVID New York,New York,UNITED STATES,Integration,Gaming,Clash of Clans,Clash the WWE,Supercell,DAVID New York,New York,/awards/lia_awards/2025/campaigns/clash-the-wwe-clash-of-clans-david-new-york-2025-4/
LIA Awards,2025,Silver,Ambassadors Berlin,Berlin,GERMANY,Music Sound,Original Music - Score,checkyourbreaststoday,Feel,checkyourbreaststoday,,,/awards/lia_awards/2025/campaigns/feel-checkyourbreaststoday-2025/
LIA Awards,2025,Silver,HeimatTBWA- Germany,Berlin,GERMANY,Music Sound,Sound Design,HORNBACH,No Project without Drama,HORNBACH Baumarkt AG,HeimatTBWA- Germany,Berlin,/awards/lia_awards/2025/campaigns/no-project-without-drama-hornbach-heimattbwa-germany-2025-8/
LIA Awards,2025,Silver,Subhajit Mukherjee,Mumbai,INDIA,Music Sound,Sound Editing,Star Cement,Rise Like A Star - Lovelina Borgohain,Star Cement Ltd,VML India,Kolkata,/awards/lia_awards/2025/campaigns/rise-like-a-star-lovelina-borgohain-star-cement-vml-india-2025/
LIA Awards,2025,Silver,LePub,Milan,ITALY,Music Sound,Original Music with Lyrics,Desperados,Guao Guao,Desperados,LePub,Milan,/awards/lia_awards/2025/campaigns/guao-guao-desperados-lepub-2025-7/
LIA Awards,2025,Silver,BigTime Creative Shop,Riyadh,SAUDI ARABIA,Music Sound,Use of Licensed Music,General Entertainment Authority,Everything or Nothing,General Entertainment Authority,BigTime Creative Shop,Riyadh,/awards/lia_awards/2025/campaigns/everything-or-nothing-general-entertainment-authority-bigtime-creative-shop-2025/
LIA Awards,2025,Silver,750mph,London,UNITED KINGDOM,Music Sound,Sound Design,Riyadh Season,Call Of The Kings,Riyadh Season,BigTime Creative Shop,Riyadh,/awards/lia_awards/2025/campaigns/call-of-the-kings-riyadh-season-bigtime-creative-shop-2025-2/
LIA Awards,2025,Silver,Johannes Leonardo,New York,UNITED STATES,Music Sound,Use of Licensed Music,adidas Football,Hey Jude,adidas,Johannes Leonardo,New York,/awards/lia_awards/2025/campaigns/hey-jude-adidas-football-johannes-leonardo-2025/
LIA Awards,2025,Silver,WoW Studios,Chicago,UNITED STATES,Music Sound,Original Music with Lyrics,KitchenAid 360 Max JetsTM Third Rack Dishwashers,Love the Racks,Whirlpool Corporation,,,/awards/lia_awards/2025/campaigns/love-the-racks-kitchenaid-360-max-jetstm-third-rack-dishwashers-2025/
LIA Awards,2025,Silver,Wave Studios NY,New York,UNITED STATES,Music Sound,Sound Mixing,Xbox,Wake Up,Xbox,Accenture Song,New York,/awards/lia_awards/2025/campaigns/wake-up-xbox-accenture-song-2025/
LIA Awards,2025,Silver,Wanda Productions,Paris,FRANCE,Music Video,Cinematography,Sam Fender,People Watching,Sam Fender,,,/awards/lia_awards/2025/campaigns/people-watching-sam-fender-2025/
LIA Awards,2025,Silver,Wanda Productions,Paris,FRANCE,Music Video,Direction,Sam Fender,People Watching,Sam Fender,,,/awards/lia_awards/2025/campaigns/people-watching-sam-fender-2025-2/
LIA Awards,2025,Silver,TBWA-Media Arts Lab,Los Angeles,UNITED STATES,Music Video,Cinematography,Ivan Cornejo,Intercambio Injusto,Apple,TBWA-Media Arts Lab,LATAM,/awards/lia_awards/2025/campaigns/intercambio-injusto-ivan-cornejo-tbwa-media-arts-lab-2025-2/
LIA Awards,2025,Silver,TBWA-Media Arts Lab,Los Angeles,UNITED STATES,Music Video,Direction,Ivan Cornejo,Intercambio Injusto,Apple,TBWA-Media Arts Lab,LATAM,/awards/lia_awards/2025/campaigns/intercambio-injusto-ivan-cornejo-tbwa-media-arts-lab-2025-3/
LIA Awards,2025,Silver,SpecialGuest,Brooklyn,UNITED STATES,Music Video,Best Music Video,OK Go,Love,OK Go Ray-Ban Meta,SpecialGuest,Brooklyn,/awards/lia_awards/2025/campaigns/love-ok-go-specialguest-2025/
LIA Awards,2025,Silver,AlmapBBDO,Sao Paulo,BRAZIL,Non-Traditional,Corporate Purpose-Social Responsibility,Pedigree,Pedigree Caramelo,Mars,AlmapBBDO,Sao Paulo,/awards/lia_awards/2025/campaigns/pedigree-caramelo-pedigree-almapbbdo-2025-3/
LIA Awards,2025,Silver,Rethink,Toronto,CANADA,Non-Traditional,Use of Social Media,IKEA,U up,IKEA,Rethink,Toronto,/awards/lia_awards/2025/campaigns/u-up-ikea-rethink-2025-6/
LIA Awards,2025,Silver,Publicis Conseil,Paris,FRANCE,Non-Traditional,Banking Financial,AXA,Three Words,AXA,Publicis Conseil,Paris,/awards/lia_awards/2025/campaigns/three-words-axa-publicis-conseil-2025-17/
LIA Awards,2025,Silver,Saatchi Saatchi France,Paris,FRANCE,Non-Traditional,Guerrilla Marketing,Omni,Omnilivery,Omni,Saatchi Saatchi France,Paris,/awards/lia_awards/2025/campaigns/omnilivery-omni-saatchi-saatchi-france-2025-3/
LIA Awards,2025,Silver,LePub,Milan,ITALY,Non-Traditional,Beverages,Heineken,Pub Succession,Heineken,LePub Milan-Publicis Dublin,Dublin,/awards/lia_awards/2025/campaigns/pub-succession-heineken-lepub-milan-publicis-dublin-2025-7/
LIA Awards,2025,Silver,LePub,Milan,ITALY,Non-Traditional,Direct Marketing,Heineken,Pub Succession,Heineken,LePub Milan-Publicis Dublin,Dublin,/awards/lia_awards/2025/campaigns/pub-succession-heineken-lepub-milan-publicis-dublin-2025-8/
LIA Awards,2025,Silver,LePub,Milan,ITALY,Non-Traditional,B2B,Heineken,Starring Bars,Heineken,LePub Milan-LePub Singapore,Singapore,/awards/lia_awards/2025/campaigns/starring-bars-heineken-lepub-milan-lepub-singapore-2025-3/
LIA Awards,2025,Silver,LePub,Milan,ITALY,Non-Traditional,Beverages,Heineken,Starring Bars,Heineken,LePub Milan-LePub Singapore,Singapore,/awards/lia_awards/2025/campaigns/starring-bars-heineken-lepub-milan-lepub-singapore-2025-4/
LIA Awards,2025,Silver,HERALBONY,Morioka-Iwate,JAPAN,Non-Traditional,Corporate Purpose-Social Responsibility,Creative Business Transformation - Customer Experience Design,HERALBONY,Multiple Clients,,,/awards/lia_awards/2025/campaigns/heralbony-creative-business-transformation-customer-experience-design-2025-2/
LIA Awards,2025,Silver,LePub Mexico City,Mexico City,MEXICO,Non-Traditional,Experiential,Tecate Light,Gulf of Mexico Bar,Heineken Group,LePub Mexico City,Mexico City,/awards/lia_awards/2025/campaigns/gulf-of-mexico-bar-tecate-light-lepub-mexico-city-2025-12/
LIA Awards,2025,Silver,DDB Group Aotearoa,Auckland,NEW ZEALAND,Non-Traditional,Creativity in Commerce,Vogels,Certified Toasters,Goodman Fielder,DDB Group Aotearoa,Auckland,/awards/lia_awards/2025/campaigns/certified-toasters-vogels-ddb-group-aotearoa-2025-2/
LIA Awards,2025,Silver,BigTime Creative Shop,Riyadh,SAUDI ARABIA,Non-Traditional,Creative Use of Data,The Ring,4th Judge,The Ring,BigTime Creative Shop,Riyadh,/awards/lia_awards/2025/campaigns/4th-judge-the-ring-bigtime-creative-shop-2025-2/
LIA Awards,2025,Silver,FCB Chicago,Chicago,UNITED STATES,Non-Traditional,Entertainment,Caption with Intention,Caption with Intention,Rakish Entertainment,FCB Chicago,Chicago,/awards/lia_awards/2025/campaigns/caption-with-intention-caption-with-intention-fcb-chicago-2025-8/
LIA Awards,2025,Silver,R-GA,,UNITED STATES,Non-Traditional,Direct Marketing,Gatorade,Cool Seats,PepsiCo,R-GA,Americas,/awards/lia_awards/2025/campaigns/cool-seats-gatorade-r-ga-2025/
LIA Awards,2025,Silver,Ogilvy Canada,Toronto,CANADA,Online Film,Zeitgeist,Dove,Most Likely To,Unilever,Ogilvy Canada,Toronto,/awards/lia_awards/2025/campaigns/most-likely-to-dove-ogilvy-canada-2025-3/
LIA Awards,2025,Silver,Klick Health,Toronto,CANADA,Online Film,Branded Content,Second Nurture,18 Months,Second Nurture,Klick Health,Toronto,/awards/lia_awards/2025/campaigns/18-months-second-nurture-klick-health-2025-6/
LIA Awards,2025,Silver,Klick Health,Toronto,CANADA,Online Film,Public Service-Charity-NGO,Second Nurture,18 Months,Second Nurture,Klick Health,Toronto,/awards/lia_awards/2025/campaigns/18-months-second-nurture-klick-health-2025-7/
LIA Awards,2025,Silver,FCB Canada,Toronto,CANADA,Online Film,Public Service-Charity-NGO,SickKids Foundation,The Count,SickKids Foundation,FCB,Toronto,/awards/lia_awards/2025/campaigns/the-count-sickkids-foundation-fcb-2025-7/
LIA Awards,2025,Silver,Ogilvy Shanghai,Shanghai,CHINA,Online Film,Health Pharma Campaign,Viatris - Make Love Last,The Bedroom The Hotel Room The Living Room,Viatris,Ogilvy Shanghai,Shanghai,/awards/lia_awards/2025/campaigns/the-bedroom-the-hotel-room-the-living-room-viatris-make-love-last-ogilvy-shanghai-2025-2/
LIA Awards,2025,Silver,HeimatTBWA- Germany,Berlin,GERMANY,Online Film,Retail,HORNBACH,No Project without Drama,HORNBACH Baumarkt AG,HeimatTBWA- Germany,Berlin,/awards/lia_awards/2025/campaigns/no-project-without-drama-hornbach-heimattbwa-germany-2025-9/
LIA Awards,2025,Silver,LePub,Milan,ITALY,Online Film,Social Media Platforms,Toblerone,Tantrum Girl,Modelez,LePub,Milan,/awards/lia_awards/2025/campaigns/tantrum-girl-toblerone-lepub-2025-2/
LIA Awards,2025,Silver,BBDO Bangkok,Bangkok,THAILAND,Online Film,Retail Campaign,Club 21 Thailand,Liar Mad Lover No Manner,CLUB 21 THAILAND CO LTD,BBDO Bangkok,Bangkok,/awards/lia_awards/2025/campaigns/liar-mad-lover-no-manner-club-21-thailand-bbdo-bangkok-2025/
LIA Awards,2025,Silver,TBWA-Media Arts Lab,Los Angeles,UNITED STATES,Online Film,Technology Tech Equipment,Apple,Flock,Apple,TBWA-Media Arts Lab,Los Angeles,/awards/lia_awards/2025/campaigns/flock-apple-tbwa-media-arts-lab-2025-3/
LIA Awards,2025,Silver,McCann NY,New York,UNITED STATES,Online Film,Use of Social Media,Mastercard,From Fan to Featured,Mastercard,McCann XBC,New York,/awards/lia_awards/2025/campaigns/from-fan-to-featured-mastercard-mccann-xbc-2025-2/
LIA Awards,2025,Silver,SERVICEPLAN GERMANY,Munich,GERMANY,Package Design,Retailer Packaging,PENNY,Price Packs,PENNY,SERVICEPLAN GERMANY,Munich,/awards/lia_awards/2025/campaigns/price-packs-penny-serviceplan-germany-2025-4/
LIA Awards,2025,Silver,DDB Group Italy,Milan,ITALY,Package Design,Limited-Special Editions,Bennet,Good To Read Packs,Bennet,DDB Group Italy,Milano,/awards/lia_awards/2025/campaigns/good-to-read-packs-bennet-ddb-group-italy-2025/
LIA Awards,2025,Silver,Cloud8 Inc,Tokyo,JAPAN,Package Design,Liquors Wines,KUBOTA GIN,KUBOTA GIN,Asahi-Shuzo Sake Brewing Co Ltd,,,/awards/lia_awards/2025/campaigns/kubota-gin-kubota-gin-2025/
LIA Awards,2025,Silver,VCCP,London,UNITED KINGDOM,Package Design,Limited-Special Editions,Cadbury Dairy Milk,Made to Share,Mondelez International,VCCP,London,/awards/lia_awards/2025/campaigns/made-to-share-cadbury-dairy-milk-vccp-2025-2/
LIA Awards,2025,Silver,Ogilvy Shanghai,Shanghai,CHINA,Pharma Medical,Unbranded Pharmaceuticals and Vaccines Campaign,Viatris - Make Love Last,The Bedroom The Hotel Room The Living Room,Viatris,Ogilvy Shanghai,Shanghai,/awards/lia_awards/2025/campaigns/the-bedroom-the-hotel-room-the-living-room-viatris-make-love-last-ogilvy-shanghai-2025-3/
LIA Awards,2025,Silver,Godrej Creative Lab,Mumbai,INDIA,Pharma Medical,Social Responsibility-Awareness,Eyebetes,The Naga Saint Eye Test,Eyebetes Foundation,Godrej Creative Lab,Mumbai,/awards/lia_awards/2025/campaigns/the-naga-saint-eye-test-eyebetes-godrej-creative-lab-2025-2/
LIA Awards,2025,Silver,de la Cruz Ogilvy,Puerto Rico,PUERTO RICO,Pharma Medical,Branded Corporate Communication,Alivia Health,Glowing Relief,Alivia Health,de la Cruz Ogilvy Puerto Rico-Ogilvy Health,New York,/awards/lia_awards/2025/campaigns/glowing-relief-alivia-health-de-la-cruz-ogilvy-puerto-rico-ogilvy-health-2025-5/
LIA Awards,2025,Silver,de la Cruz Ogilvy,Puerto Rico,PUERTO RICO,Pharma Medical,Branded Patient Engagement,Alivia Health,Glowing Relief,Alivia Health,de la Cruz Ogilvy Puerto Rico-Ogilvy Health,New York,/awards/lia_awards/2025/campaigns/glowing-relief-alivia-health-de-la-cruz-ogilvy-puerto-rico-ogilvy-health-2025-6/
LIA Awards,2025,Silver,VML Spain,Madrid,SPAIN,Pharma Medical,Branded Devices and Diagnostics,PainVisible,PainVisible,Aritium,VML Spain Madrid-VML,New York,/awards/lia_awards/2025/campaigns/painvisible-painvisible-vml-spain-madrid-vml-2025-2/
LIA Awards,2025,Silver,Area 23 an IPG Health Company,New York,UNITED STATES,Pharma Medical,Branded Creative Use of Data,EarliPointTM Evaluation for Autism Spectrum Disorder,The EarliShow,EarliTec Diagnostics,Area 23 an IPG Health Company IPG Health Canada,New York,/awards/lia_awards/2025/campaigns/the-earlishow-earlipointtm-evaluation-for-autism-spectrum-disorder-area-23-an-ipg-health-company-ipg-health-canada-2025/
LIA Awards,2025,Silver,Area 23 an IPG Health Company,New York,UNITED STATES,Pharma Medical,Branded Devices and Diagnostics,EarliPointTM Evaluation for Autism Spectrum Disorder,The EarliShow,EarliTec Diagnostics,Area 23 an IPG Health Company IPG Health Canada,New York,/awards/lia_awards/2025/campaigns/the-earlishow-earlipointtm-evaluation-for-autism-spectrum-disorder-area-23-an-ipg-health-company-ipg-health-canada-202-2/
LIA Awards,2025,Silver,Ogilvy Health,New York,UNITED STATES,Pharma Medical,Branded Creative Use of Data,Eurofarma,Baby Minder,Eurofarma,Ogilvy Health,New York,/awards/lia_awards/2025/campaigns/baby-minder-eurofarma-ogilvy-health-2025-3/
LIA Awards,2025,Silver,Ogilvy Shanghai,Shanghai,CHINA,Pharma Medical-Craft,Photography Campaign,Viatris - Make Love Last,The Bedroom The Hotel Room The Living Room,Viatris,Ogilvy Shanghai,Shanghai,/awards/lia_awards/2025/campaigns/the-bedroom-the-hotel-room-the-living-room-viatris-make-love-last-ogilvy-shanghai-2025-4/
LIA Awards,2025,Silver,Havas Lynx,Manchester,UNITED KINGDOM,Pharma Medical-Craft,Production Design,Disease Awareness for Hidradenitis Suppurativa HS,The Unbearable Home,UCB,Havas Lynx,Manchester,/awards/lia_awards/2025/campaigns/the-unbearable-home-disease-awareness-for-hidradenitis-suppurativa-hs-havas-lynx-2025/
LIA Awards,2025,Silver,VML,Chicago,UNITED STATES,Pharma Medical-Craft,Direction,Abbott Libre,Above The Bias,Abbott Laboratories,VML,Chicago,/awards/lia_awards/2025/campaigns/above-the-bias-abbott-libre-vml-2025/
LIA Awards,2025,Silver,Ogilvy Group Germany,Frankfurt,GERMANY,Poster,Craft Visual Design Campaign,German Rail - Connecting Europe,Netherlands Austria Denmark Spain,German Rail,Ogilvy Group Germany,Frankfurt,/awards/lia_awards/2025/campaigns/netherlands-austria-denmark-spain-german-rail-connecting-europe-ogilvy-group-germany-2025/
LIA Awards,2025,Silver,David,Madrid,SPAIN,Poster,Beverages Campaign,Coca-Cola,Mimi Awning El Campo Awning Prado Awning,The Coca-Cola Company,DAVID,Madrid,/awards/lia_awards/2025/campaigns/mimi-awning-el-campo-awning-prado-awning-coca-cola-david-2025/
LIA Awards,2025,Silver,Leo Dubai,Dubai,UNITED ARAB EMIRATES,Poster,Craft Art Direction Campaign,NBA India - The Great Indian Dunk,Jordan 23 Kobe 08 Lebron 06 Shaq 34,NBA,Leo Dubai,Dubai,/awards/lia_awards/2025/campaigns/jordan-23-kobe-08-lebron-06-shaq-34-nba-india-the-great-indian-dunk-leo-dubai-2025-4/
LIA Awards,2025,Silver,Leo Dubai,Dubai,UNITED ARAB EMIRATES,Poster,Sports Campaign,NBA India - The Great Indian Dunk,Jordan 23 Kobe 08 Lebron 06 Shaq 34,NBA,Leo Dubai,Dubai,/awards/lia_awards/2025/campaigns/jordan-23-kobe-08-lebron-06-shaq-34-nba-india-the-great-indian-dunk-leo-dubai-2025-5/
LIA Awards,2025,Silver,Scholz Friends,Berlin,GERMANY,Print,Craft Art Direction Campaign,Berliner Philharmoniker,Stage Floor Great Hall,Berliner Philharmonie gGmbH,Scholz Friends,Berlin,/awards/lia_awards/2025/campaigns/stage-floor-great-hall-berliner-philharmoniker-scholz-friends-2025-2/
LIA Awards,2025,Silver,Leo Dubai,Dubai,UNITED ARAB EMIRATES,Print,Craft Art Direction Campaign,NBA India - The Great Indian Dunk,Jordan 23 Kobe 08 Lebron 06 Shaq 34,NBA,Leo Dubai,Dubai,/awards/lia_awards/2025/campaigns/jordan-23-kobe-08-lebron-06-shaq-34-nba-india-the-great-indian-dunk-leo-dubai-2025-6/
LIA Awards,2025,Silver,Leo Dubai,Dubai,UNITED ARAB EMIRATES,Print,Sports Campaign,NBA India - The Great Indian Dunk,Jordan 23 Kobe 08 Lebron 06 Shaq 34,NBA,Leo Dubai,Dubai,/awards/lia_awards/2025/campaigns/jordan-23-kobe-08-lebron-06-shaq-34-nba-india-the-great-indian-dunk-leo-dubai-2025-7/
LIA Awards,2025,Silver,DAVID,Miami,UNITED STATES,Print,Craft Photography Campaign,Corona - Corona Eclipse,Uruguay Brazil Argentina,AB INBEV,DAVID,Miami,/awards/lia_awards/2025/campaigns/uruguay-brazil-argentina-corona-corona-eclipse-david-2025/
LIA Awards,2025,Silver,Ogilvy New York,New York,UNITED STATES,Print,Craft Photography Campaign,Dove - Get Unready,Carnaval Holi Mardi Gras New Years St Patricks,Unilever,Ogilvy,New York,/awards/lia_awards/2025/campaigns/carnaval-holi-mardi-gras-new-years-st-patricks-dove-get-unready-ogilvy-2025-4/
LIA Awards,2025,Silver,VML,New York,UNITED STATES,Print,Beverages Campaign,The Coca-Cola Company,Classic - 1 Classic - 2,The Coca-Cola Company,VML,New York,/awards/lia_awards/2025/campaigns/classic-1-classic-2-the-coca-cola-company-vml-2025/
LIA Awards,2025,Silver,FINCH,Sydney,AUSTRALIA,Production Post-Production,Direction Campaign,The New Zealand Herpes Foundation,Make New Zealand The Best Place in the World to Have Herpes,The New Zealand Herpes Foundation,Motion Sickness,Auckland,/awards/lia_awards/2025/campaigns/make-new-zealand-the-best-place-in-the-world-to-have-herpes-the-new-zealand-herpes-foundation-motion-sickness-2025-5/
LIA Awards,2025,Silver,Klick Health,Toronto,CANADA,Production Post-Production,Stop-Frame Animation,Second Nurture,18 Months,Second Nurture,Klick Health,Toronto,/awards/lia_awards/2025/campaigns/18-months-second-nurture-klick-health-2025-8/
LIA Awards,2025,Silver,FCB Canada,Toronto,CANADA,Production Post-Production,Direction,SickKids Foundation,The Count,SickKids Foundation,FCB,Toronto,/awards/lia_awards/2025/campaigns/the-count-sickkids-foundation-fcb-2025-8/
LIA Awards,2025,Silver,Breakfast Helsinki,Helsinki,FINLAND,Production Post-Production,Performance-Casting,Love Anarchy Helsinki International Film Festival,Pulp Gospel,Love Anarchy Helsinki International Film Festival,,,/awards/lia_awards/2025/campaigns/pulp-gospel-love-anarchy-helsinki-international-film-festival-2025/
LIA Awards,2025,Silver,Publicis Conseil,Paris,FRANCE,Production Post-Production,Cinematography,Renault,Argentina,Renault,Publicis Conseil,Paris,/awards/lia_awards/2025/campaigns/argentina-renault-publicis-conseil-2025/
LIA Awards,2025,Silver,HeimatTBWA- Germany,Berlin,GERMANY,Production Post-Production,Cinematography,HORNBACH,No Project without Drama,HORNBACH Baumarkt AG,HeimatTBWA- Germany,Berlin,/awards/lia_awards/2025/campaigns/no-project-without-drama-hornbach-heimattbwa-germany-2025-10/
LIA Awards,2025,Silver,HeimatTBWA- Germany,Berlin,GERMANY,Production Post-Production,Direction,HORNBACH Baumarkt,Obey Your Hands,HORNBACH Baumarkt AG,HeimatTBWA- Berlin,Berlin,/awards/lia_awards/2025/campaigns/obey-your-hands-hornbach-baumarkt-heimattbwa-berlin-2025/
LIA Awards,2025,Silver,HeimatTBWA- Germany,Berlin,GERMANY,Production Post-Production,Performance-Casting,HORNBACH Baumarkt,Obey Your Hands,HORNBACH Baumarkt AG,HeimatTBWA- Berlin,Berlin,/awards/lia_awards/2025/campaigns/obey-your-hands-hornbach-baumarkt-heimattbwa-berlin-2025-2/
LIA Awards,2025,Silver,Studio Eeksaurus Productions,Mumbai,INDIA,Production Post-Production,Stop-Frame Animation,Centre for Pastoralism,Desi Oon,Centre for Pastoralism,Studio Eeksaurus Productions,Mumbai,/awards/lia_awards/2025/campaigns/desi-oon-centre-for-pastoralism-studio-eeksaurus-productions-2025/
LIA Awards,2025,Silver,Grey Mexico,Mexico City,MEXICO,Production Post-Production,Editing,Newspaper la Union y Articulo 19,The Shooting,Newspaper la Union y Articulo 19,Grey Mexico,Mexico City,/awards/lia_awards/2025/campaigns/the-shooting-newspaper-la-union-y-articulo-19-grey-mexico-2025-7/
LIA Awards,2025,Silver,BigTime Creative Shop,Riyadh,SAUDI ARABIA,Production Post-Production,Cinematography,General Entertainment Authority,Everything or Nothing,General Entertainment Authority,BigTime Creative Shop,Riyadh,/awards/lia_awards/2025/campaigns/everything-or-nothing-general-entertainment-authority-bigtime-creative-shop-2025-2/
LIA Awards,2025,Silver,BigTime Creative Shop,Riyadh,SAUDI ARABIA,Production Post-Production,Direction,General Entertainment Authority,Everything or Nothing,General Entertainment Authority,BigTime Creative Shop,Riyadh,/awards/lia_awards/2025/campaigns/everything-or-nothing-general-entertainment-authority-bigtime-creative-shop-2025-3/
LIA Awards,2025,Silver,Biscuit Filmworks,London,UNITED KINGDOM,Production Post-Production,Direction,Channel 4,Paris Paralympics 2024 Considering What,Channel 4,4creative,London,/awards/lia_awards/2025/campaigns/paris-paralympics-2024-considering-what-channel-4-4creative-2025/
LIA Awards,2025,Silver,VCCP,London,UNITED KINGDOM,Production Post-Production,2D Animation,Co-op,Owned By You Right By You,Co-op,VCCP,London,/awards/lia_awards/2025/campaigns/owned-by-you-right-by-you-co-op-vccp-2025-2/
LIA Awards,2025,Silver,21Grams,London,UNITED KINGDOM,Production Post-Production,CGI Animation,Covid Awareness,Covidball,AstraZeneca,21Grams,London,/awards/lia_awards/2025/campaigns/covidball-covid-awareness-21grams-2025/
LIA Awards,2025,Silver,AMVBBDO,London,UNITED KINGDOM,Production Post-Production,Direction,Essity-Bodyform,Never Just a Period,Essity Bodyform,AMVBBDO,London,/awards/lia_awards/2025/campaigns/never-just-a-period-essity-bodyform-amvbbdo-2025-11/
LIA Awards,2025,Silver,AMVBBDO,London,UNITED KINGDOM,Production Post-Production,Production Design,Essity-Bodyform,Never Just a Period,Essity Bodyform,AMVBBDO,London,/awards/lia_awards/2025/campaigns/never-just-a-period-essity-bodyform-amvbbdo-2025-12/
LIA Awards,2025,Silver,Disney,Los Angeles,UNITED STATES,Production Post-Production,CGI Animation,Disney,The Boy The Octopus,Disney,adameveDDB London-adameveDDB New York-adameveDDB,Los Angeles,/awards/lia_awards/2025/campaigns/the-boy-the-octopus-disney-adameveddb-london-adameveddb-new-york-adameveddb-2025/
LIA Awards,2025,Silver,Havas NY,New York,UNITED STATES,Production Post-Production,Performance-Casting Campaign,Mikes Amazing Foods,Group Therapy Backyard BBQ,Chefler Foods,Havas NY,New York,/awards/lia_awards/2025/campaigns/group-therapy-backyard-bbq-mikes-amazing-foods-havas-ny-2025/
LIA Awards,2025,Silver,Publicis,Toronto,CANADA,Transformative Business Impact,Creative Operational Transformation,Rogers Bank,Welcome Card,Rogers,Publicis,Toronto,/awards/lia_awards/2025/campaigns/welcome-card-rogers-bank-publicis-2025/
LIA Awards,2025,Silver,Publicis,Toronto,CANADA,Transformative Business Impact,Service Experience,Rogers Bank,Welcome Card,Rogers,Publicis,Toronto,/awards/lia_awards/2025/campaigns/welcome-card-rogers-bank-publicis-2025-2/
LIA Awards,2025,Silver,Publicis Conseil,Paris,FRANCE,Transformative Business Impact,Brand Manifestations,AXA,Three Words,AXA,Publicis Conseil,Paris,/awards/lia_awards/2025/campaigns/three-words-axa-publicis-conseil-2025-18/
LIA Awards,2025,Silver,Publicis Conseil,Paris,FRANCE,Transformative Business Impact,Customer Experience,AXA,Three Words,AXA,Publicis Conseil,Paris,/awards/lia_awards/2025/campaigns/three-words-axa-publicis-conseil-2025-19/
LIA Awards,2025,Silver,MRM Germany,Frankfurt,GERMANY,Transformative Business Impact,Brand Purpose,Life Donor Card,Life Donor Card,Mastercard,MRM GERMANY,Frankfurt,/awards/lia_awards/2025/campaigns/life-donor-card-life-donor-card-mrm-germany-2025-6/
LIA Awards,2025,Silver,ATimePlace,Melbourne,AUSTRALIA,TV Cinema,Beverages - Alcoholic,Balter Brewing Company,Beers Do Come True,Balter Brewery,ATimePlace,Melbourne,/awards/lia_awards/2025/campaigns/beers-do-come-true-balter-brewing-company-atimeplace-2025/
LIA Awards,2025,Silver,Bear Meets Eagle on Fire,Sydney,AUSTRALIA,TV Cinema,Banking Finance Campaign,Bankwest,Best Friend Romance Cheese Award Board,Bankwest,Bear Meets Eagle On Fire,Sydney,/awards/lia_awards/2025/campaigns/best-friend-romance-cheese-award-board-bankwest-bear-meets-eagle-on-fire-2025/
LIA Awards,2025,Silver,BETC,Paris,FRANCE,TV Cinema,Automotive,Citroen,The Alien,Citroen,BETC,Paris,/awards/lia_awards/2025/campaigns/the-alien-citroen-betc-2025/
LIA Awards,2025,Silver,BETC,Paris,FRANCE,TV Cinema,Humor,Citroen,The Alien,Citroen,BETC,Paris,/awards/lia_awards/2025/campaigns/the-alien-citroen-betc-2025-2/
LIA Awards,2025,Silver,HeimatTBWA- Germany,Berlin,GERMANY,TV Cinema,Retail,HORNBACH,No Project without Drama,HORNBACH Baumarkt AG,HeimatTBWA- Germany,Berlin,/awards/lia_awards/2025/campaigns/no-project-without-drama-hornbach-heimattbwa-germany-2025-11/
LIA Awards,2025,Silver,TBWA-Media Arts Lab,Los Angeles,UNITED STATES,TV Cinema,Technology Tech Equipment,Apple,Flock,Apple,TBWA-Media Arts Lab,Los Angeles,/awards/lia_awards/2025/campaigns/flock-apple-tbwa-media-arts-lab-2025-4/
LIA Awards,2025,Silver,Droga5 ANZ Part of Accenture Song,Sydney,AUSTRALIA,Use of Social Media Influencers,Craft Copywriting,Australian Lamb,The Comments Section,Nathan Low,Droga5 Australia Part of Accenture Song Sydney-Droga5 Australia Part of Accenture Song,Melbourne,/awards/lia_awards/2025/campaigns/the-comments-section-australian-lamb-droga5-australia-part-of-accenture-song-sydney-droga5-australia-part-of-accenture-3/
LIA Awards,2025,Silver,AlmapBBDO,Sao Paulo,BRAZIL,Use of Social Media Influencers,Sustainability SDG,Pedigree,Pedigree Caramelo,Mars,AlmapBBDO,Sao Paulo,/awards/lia_awards/2025/campaigns/pedigree-caramelo-pedigree-almapbbdo-2025-4/
LIA Awards,2025,Silver,Rethink,Toronto,CANADA,Use of Social Media Influencers,Creativity in Commerce,IKEA,U up,IKEA,Rethink,Toronto,/awards/lia_awards/2025/campaigns/u-up-ikea-rethink-2025-7/
LIA Awards,2025,Silver,Rethink,Toronto,CANADA,Use of Social Media Influencers,Sports,Molson Coors,Paid Through Parents,Molson Coors Beverage Company,Rethink,Toronto,/awards/lia_awards/2025/campaigns/paid-through-parents-molson-coors-rethink-2025-5/
LIA Awards,2025,Silver,GUDberlin,Berlin,GERMANY,Use of Social Media Influencers,Craft Tone of Voice,BVG,The BVG TikTok Puppet Show,Berliner Verkehrsbetriebe BVG - AoR -,GUDberlin,Berlin,/awards/lia_awards/2025/campaigns/the-bvg-tiktok-puppet-show-bvg-gudberlin-2025/
LIA Awards,2025,Silver,SERVICEPLAN GERMANY,Munich,GERMANY,Use of Social Media Influencers,Fashion Accessories,Rainbow Wool,Rainbow Wool,Schaferei Stucke,SERVICEPLAN GERMANY,Munich,/awards/lia_awards/2025/campaigns/rainbow-wool-rainbow-wool-serviceplan-germany-2025-4/
LIA Awards,2025,Silver,Amazon XCM,Santa Monica,UNITED STATES,Use of Social Media Influencers,Humor,Amazon,5-Star Theater with Adam Driver,Amazon,,,/awards/lia_awards/2025/campaigns/5-star-theater-with-adam-driver-amazon-2025-2/
LIA Awards,2025,Silver,DAVID,Miami,UNITED STATES,Use of Social Media Influencers,Best Use of Real Time Advertising,Corona,Eclipse,AB INBEV,DAVID,Miami,/awards/lia_awards/2025/campaigns/eclipse-corona-david-2025/
LIA Awards,2025,Bronze,Publicis,Toronto,CANADA,Ambient Activation,Public Service-Charity-NGO,Matties Place,Pet-ition,Matties Place,Publicis,Toronto,/awards/lia_awards/2025/campaigns/pet-ition-matties-place-publicis-2025/
LIA Awards,2025,Bronze,DAVID,Bogota,COLOMBIA,Ambient Activation,Challenger Brand,Aguila,Brand of the Match,AB INBEV,DAVID,Bogota,/awards/lia_awards/2025/campaigns/brand-of-the-match-aguila-david-2025-2/
LIA Awards,2025,Bronze,DDB Colombia,Bogota,COLOMBIA,Ambient Activation,Creative Use of Data,Procolombia,Humanimal Tourism,Jorge Ivan Rueda,DDB Colombia,Bogota,/awards/lia_awards/2025/campaigns/humanimal-tourism-procolombia-ddb-colombia-2025-5/
LIA Awards,2025,Bronze,Saatchi Saatchi Germany,Dusseldorf,GERMANY,Ambient Activation,Foods,Oreo,Oreo Square Cookie,Mondelez International,Saatchi Saatchi Germany,,/awards/lia_awards/2025/campaigns/oreo-square-cookie-oreo-saatchi-saatchi-germany-2025-4/
LIA Awards,2025,Bronze,McCann Worldgroup,Athens,GREECE,Ambient Activation,Creativity in Commerce,Wikifarmer,The Wedding Rice,Wikifarmer,McCann Worldgroup,Athens,/awards/lia_awards/2025/campaigns/the-wedding-rice-wikifarmer-mccann-worldgroup-2025-2/
LIA Awards,2025,Bronze,Ogilvy,Mumbai,INDIA,Ambient Activation,Corporate Purpose-Social Responsibility,Vi Vodafone Idea,Vi Guardian Beads,Vi Vodafone Idea,Ogilvy,Mumbai,/awards/lia_awards/2025/campaigns/vi-guardian-beads-vi-vodafone-idea-ogilvy-2025/
LIA Awards,2025,Bronze,LePub,Milan,ITALY,Ambient Activation,B2B,Heineken,Starring Bars,Heineken,LePub Milan-LePub Singapore,Singapore,/awards/lia_awards/2025/campaigns/starring-bars-heineken-lepub-milan-lepub-singapore-2025-5/
LIA Awards,2025,Bronze,LePub,Milan,ITALY,Ambient Activation,Corporate Purpose-Social Responsibility,Heineken,Starring Bars,Heineken,LePub Milan-LePub Singapore,Singapore,/awards/lia_awards/2025/campaigns/starring-bars-heineken-lepub-milan-lepub-singapore-2025-6/
LIA Awards,2025,Bronze,Leo Sweden,Stockholm,SWEDEN,Ambient Activation,Creativity in Commerce,Elgiganten,GamePay,Elkjoep - Curries,Leo Sweden,Stockholm,/awards/lia_awards/2025/campaigns/gamepay-elgiganten-leo-sweden-2025-2/
LIA Awards,2025,Bronze,Energy BBDO,Chicago,UNITED STATES,Ambient Activation,Gaming,Change The Ref,The Final Exam,Change The Ref,Energy BBDO,Chicago,/awards/lia_awards/2025/campaigns/the-final-exam-change-the-ref-energy-bbdo-2025-11/
LIA Awards,2025,Bronze,Energy BBDO,Chicago,UNITED STATES,Ambient Activation,Sustainability SDG,Change The Ref,The Final Exam,Change The Ref,Energy BBDO,Chicago,/awards/lia_awards/2025/campaigns/the-final-exam-change-the-ref-energy-bbdo-2025-12/
LIA Awards,2025,Bronze,VML,Detroit,UNITED STATES,Ambient Activation,Corporate Purpose-Social Responsibility,Ford,SupportBelt,Ford,VML,Detroit,/awards/lia_awards/2025/campaigns/supportbelt-ford-vml-2025/
LIA Awards,2025,Bronze,Ogilvy,New York,UNITED STATES,Ambient Activation,Corporate Purpose-Social Responsibility,Powerade,The Athletes Code,The Coca-Cola Company,Ogilvy,New York,/awards/lia_awards/2025/campaigns/the-athletes-code-powerade-ogilvy-2025-2/
LIA Awards,2025,Bronze,Ogilvy Argentina,Buenos Aires,ARGENTINA,Audio Radio,Humor,Calm Is Simple,The Sound of Divorce,Calm es Simple,Ogilvy Argentina,Buenos Aires,/awards/lia_awards/2025/campaigns/the-sound-of-divorce-calm-is-simple-ogilvy-argentina-2025-2/
LIA Awards,2025,Bronze,Ogilvy Argentina,Buenos Aires,ARGENTINA,Audio Radio,Innovative Use of Audio Radio,Calm Is Simple,The Sound of Divorce,Calm es Simple,Ogilvy Argentina,Buenos Aires,/awards/lia_awards/2025/campaigns/the-sound-of-divorce-calm-is-simple-ogilvy-argentina-2025-3/
LIA Awards,2025,Bronze,BETC,Paris,FRANCE,Audio Radio,Humor,So Foot,Football Lover FM,So Foot,BETC,Paris,/awards/lia_awards/2025/campaigns/football-lover-fm-so-foot-betc-2025-2/
LIA Awards,2025,Bronze,SERVICEPLAN GERMANY,Munich,GERMANY,Audio Radio,Humor Campaign,Techem,Ding Dong - Thong Ding Dong - Mask Ding Dong - Beard,Techem Energy Services,SERVICEPLAN GERMANY,Munich,/awards/lia_awards/2025/campaigns/ding-dong-thong-ding-dong-mask-ding-dong-beard-techem-serviceplan-germany-2025-2/
LIA Awards,2025,Bronze,Indiana Production,Milan,ITALY,Audio Radio,Innovative Use of Audio Radio,Amplifon,The Special Hearing Test,Amplifon,SMALL,New York,/awards/lia_awards/2025/campaigns/the-special-hearing-test-amplifon-small-2025/
LIA Awards,2025,Bronze,BBDO Guerrero,Makati,PHILIPPINES,Audio Radio,Beverages Campaign,Mountain Dew,Fighter Zombie Racing,PepsiCo Philippines,BBDO Guerrero,Makati,/awards/lia_awards/2025/campaigns/fighter-zombie-racing-mountain-dew-bbdo-guerrero-2025/
LIA Awards,2025,Bronze,Global Media Entertainment,London,UNITED KINGDOM,Audio Radio,Craft Performance-Casting,Admiral,Empty Words,Admiral Insurance,Global Creative,London,/awards/lia_awards/2025/campaigns/empty-words-admiral-global-creative-2025/
LIA Awards,2025,Bronze,DAVID New York,New York,UNITED STATES,Audio Radio,Branded Entertainment,Clash of Clans,Hammerless,Supercell,DAVID New York,New York,/awards/lia_awards/2025/campaigns/hammerless-clash-of-clans-david-new-york-2025-2/
LIA Awards,2025,Bronze,Area 23 an IPG Health Company,New York,UNITED STATES,Audio Radio,Health Pharma,Eurofarma-Unicorns Unicorns-Cherab Foundation,Autism Rocks,Eurofarma-Cherab Foundation,Area 23 an IPG Health Company,New York,/awards/lia_awards/2025/campaigns/autism-rocks-eurofarma-unicorns-unicorns-cherab-foundation-area-23-an-ipg-health-company-2025/
LIA Awards,2025,Bronze,Area 23 an IPG Health Company,New York,UNITED STATES,Audio Radio,Craft Music Adaptation - Song,Mollies Fund - Mollies Melanoma Awareness,You Are My Sunshine - Radio,Mollies Fund,Area 23 an IPG Health Company,New York,/awards/lia_awards/2025/campaigns/you-are-my-sunshine-radio-mollies-fund-mollies-melanoma-awareness-area-23-an-ipg-health-company-2025/
LIA Awards,2025,Bronze,Ogilvy Group Germany,Frankfurt,GERMANY,Billboard,Craft Art Direction Campaign,German Rail - Connecting Europe,Netherlands Austria Denmark Spain,German Rail,Ogilvy Group Germany,Frankfurt,/awards/lia_awards/2025/campaigns/netherlands-austria-denmark-spain-german-rail-connecting-europe-ogilvy-group-germany-2025-2/
LIA Awards,2025,Bronze,David,Madrid,SPAIN,Billboard,Craft Art Direction Campaign,Coca-Cola,Mimi Awning El Campo Awning Prado Awning,The Coca-Cola Company,DAVID,Madrid,/awards/lia_awards/2025/campaigns/mimi-awning-el-campo-awning-prado-awning-coca-cola-david-2025-2/
LIA Awards,2025,Bronze,DAVID,Madrid,SPAIN,Billboard,B2B Campaign,JCDecaux - Still Open,Rafa de 3 Imprenta,JCDecaux Spain,DAVID,Madrid,/awards/lia_awards/2025/campaigns/rafa-de-3-imprenta-jcdecaux-still-open-david-2025/
LIA Awards,2025,Bronze,Leo Dubai,Dubai,UNITED ARAB EMIRATES,Billboard,Craft Art Direction Campaign,NBA India - The Great Indian Dunk,Jordan 23 Kobe 08 Lebron 06 Shaq 34,NBA,Leo Dubai,Dubai,/awards/lia_awards/2025/campaigns/jordan-23-kobe-08-lebron-06-shaq-34-nba-india-the-great-indian-dunk-leo-dubai-2025-8/
LIA Awards,2025,Bronze,Leo Dubai,Dubai,UNITED ARAB EMIRATES,Billboard,Sports Campaign,NBA India - The Great Indian Dunk,Jordan 23 Kobe 08 Lebron 06 Shaq 34,NBA,Leo Dubai,Dubai,/awards/lia_awards/2025/campaigns/jordan-23-kobe-08-lebron-06-shaq-34-nba-india-the-great-indian-dunk-leo-dubai-2025-9/
LIA Awards,2025,Bronze,DAVID,Miami,UNITED STATES,Billboard,Craft Photography Campaign,Corona - Corona Eclipse,Uruguay Brazil Argentina,AB INBEV,DAVID,Miami,/awards/lia_awards/2025/campaigns/uruguay-brazil-argentina-corona-corona-eclipse-david-2025-2/
LIA Awards,2025,Bronze,Area 23 an IPG Health Company,New York,UNITED STATES,Billboard,Creative Use of Data Campaign,Equality Health Foundation - Zip Code Exam,Outdoor Houston Outdoor New York Outdoor Phoenix,Equality Health Foundation,Area 23 an IPG Health Company,New York,/awards/lia_awards/2025/campaigns/outdoor-houston-outdoor-new-york-outdoor-phoenix-equality-health-foundation-zip-code-exam-area-23-an-ipg-health-company/
LIA Awards,2025,Bronze,FCB Chicago,Chicago,UNITED STATES,Billboard,Health Pharma,Goodys Pain Powder,Smile 20,Prestige Consumer Healthcare,FCB Chicago,Chicago,/awards/lia_awards/2025/campaigns/smile-20-goodys-pain-powder-fcb-chicago-2025/
LIA Awards,2025,Bronze,FCB Chicago,Chicago,UNITED STATES,Billboard,Innovative Use of Billboard,Goodys Pain Powder,Smile 20,Prestige Consumer Healthcare,FCB Chicago,Chicago,/awards/lia_awards/2025/campaigns/smile-20-goodys-pain-powder-fcb-chicago-2025-2/
LIA Awards,2025,Bronze,Ogilvy Brasil,Sao Paulo,BRAZIL,Branded Content,Scripted Short Film,Hasbro Brasil,DungeonsDragons The Lost Episode,Hasbro Brasil,Ogilvy Brasil,Sao Paulo,/awards/lia_awards/2025/campaigns/dungeonsdragons-the-lost-episode-hasbro-brasil-ogilvy-brasil-2025-2/
LIA Awards,2025,Bronze,Rethink,Toronto,CANADA,Branded Content,Use of Social Media,Kraft Heinz,Cant Unsee It,Kraft Heinz,Rethink,Toronto,/awards/lia_awards/2025/campaigns/cant-unsee-it-kraft-heinz-rethink-2025-4/
LIA Awards,2025,Bronze,Klick Health,Toronto,CANADA,Branded Content,Scripted Short Film,Second Nurture,18 Months,Second Nurture,Klick Health,Toronto,/awards/lia_awards/2025/campaigns/18-months-second-nurture-klick-health-2025-9/
LIA Awards,2025,Bronze,INNOCEAN,Seoul,KOREA,Branded Content,Scripted Short Film,IONIQ,Night Fishing,Hyundai Motor Company,INNOCEAN,Seoul,/awards/lia_awards/2025/campaigns/night-fishing-ioniq-innocean-2025-5/
LIA Awards,2025,Bronze,MRM Spain,Madrid,SPAIN,Branded Content,Documentary Short Film,Opella-Enterogermina,The Anti Murphy s Law Toast,Opella-Enterogermina,MRM Spain,Madrid,/awards/lia_awards/2025/campaigns/the-anti-murphy-s-law-toast-opella-enterogermina-mrm-spain-2025/
LIA Awards,2025,Bronze,adameveDDB US,New York,UNITED STATES,Branded Content,Scripted Short Film,Disney,The Boy The Octopus,Disney,adameveDDB London-adameveDDB New York-adameveDDB,Los Angeles,/awards/lia_awards/2025/campaigns/the-boy-the-octopus-disney-adameveddb-london-adameveddb-new-york-adameveddb-2025-2/
LIA Awards,2025,Bronze,Apple Marcom Cupertino TBWA-Media Arts Lab,Los Angeles,UNITED STATES,Branded Entertainment,Scripted Short Film,Apple,Submerged,Apple,TBWA-Media Arts Lab,Los Angeles,/awards/lia_awards/2025/campaigns/submerged-apple-tbwa-media-arts-lab-2025-4/
LIA Awards,2025,Bronze,Energy BBDO,Chicago,UNITED STATES,Branded Entertainment,Zeitgeist,Change The Ref,The Final Exam,Change The Ref,Energy BBDO,Chicago,/awards/lia_awards/2025/campaigns/the-final-exam-change-the-ref-energy-bbdo-2025-13/
LIA Awards,2025,Bronze,GUT,Buenos Aires,ARGENTINA,Creative Strategy,Experiential,PedidosYa,Never Stop Ordering,Delivery Hero,GUT,Buenos Aires,/awards/lia_awards/2025/campaigns/never-stop-ordering-pedidosya-gut-2025/
LIA Awards,2025,Bronze,TOPic,Beijing,CHINA,Creative Strategy,Contextual Insight,Yili,Twin Sister of Olympic,Yili,,,/awards/lia_awards/2025/campaigns/twin-sister-of-olympic-yili-2025-2/
LIA Awards,2025,Bronze,Buzzman,Paris,FRANCE,Creative Strategy,Partnership Collaboration,Burger King France,BK x KFC The Impossible Collab,Burger King and KFC,Buzzman Paris-Havas,Puteaux,/awards/lia_awards/2025/campaigns/bk-x-kfc-the-impossible-collab-burger-king-france-buzzman-paris-havas-2025/
LIA Awards,2025,Bronze,Havas Play,Puteaux,FRANCE,Creative Strategy,Partnership Collaboration,LVMH,The Partnership That Changed Everything,LVMH,Havas Play Puteaux-Havas Events Puteaux-Havas Paris,Puteaux,/awards/lia_awards/2025/campaigns/the-partnership-that-changed-everything-lvmh-havas-play-puteaux-havas-events-puteaux-havas-paris-2025/
LIA Awards,2025,Bronze,Prime Weber Shandwick,Stockholm,SWEDEN,Creative Strategy,Breaking Sector Convention,Komatsu Demining Cambodia,Stories of Gentle Giants,Komatsu,,,/awards/lia_awards/2025/campaigns/stories-of-gentle-giants-komatsu-demining-cambodia-2025/
LIA Awards,2025,Bronze,BBDO New York,New York,UNITED STATES,Creative Strategy,Long-term Creative Strategy-Effectiveness,Sandy Hook Promise,Know The Signs,Sandy Hook Promise,BBDO New York,New York,/awards/lia_awards/2025/campaigns/know-the-signs-sandy-hook-promise-bbdo-new-york-2025/
LIA Awards,2025,Bronze,DDB Colombia,Bogota,COLOMBIA,Creative Use of Data,Data-Led Targeting,Procolombia,Humanimal Tourism,Jorge Ivan Rueda,DDB Colombia,Bogota,/awards/lia_awards/2025/campaigns/humanimal-tourism-procolombia-ddb-colombia-2025-6/
LIA Awards,2025,Bronze,MRM Germany,Frankfurt,GERMANY,Creative Use of Data,Data Collection and Research,Life Donor Card,Life Donor Card,Mastercard,MRM GERMANY,Frankfurt,/awards/lia_awards/2025/campaigns/life-donor-card-life-donor-card-mrm-germany-2025-7/
LIA Awards,2025,Bronze,DDB Group Aotearoa,Auckland,NEW ZEALAND,Creative Use of Data,Data Visualization,Samsung,Worst Childrens Library,Samsung New Zealand,DDB Group Aotearoa,,/awards/lia_awards/2025/campaigns/worst-childrens-library-samsung-ddb-group-aotearoa-2025/
LIA Awards,2025,Bronze,VML,Riyadh,SAUDI ARABIA,Creative Use of Data,Real-Time Data,Hungerstation,The Shaded Route,Hungerstation,VML,Riyadh,/awards/lia_awards/2025/campaigns/the-shaded-route-hungerstation-vml-2025/
LIA Awards,2025,Bronze,Area 23 an IPG Health Company,New York,UNITED STATES,Creative Use of Data,Data Visualization,Equality Health Foundation,Zip Code Exam,Equality Health Foundation,Area 23 an IPG Health Company,New York,/awards/lia_awards/2025/campaigns/zip-code-exam-equality-health-foundation-area-23-an-ipg-health-company-2025-7/
LIA Awards,2025,Bronze,Publicis Conseil,Paris,FRANCE,Creativity In B2B,Corporate Purpose-Social Responsibility,Working with Cancer,Screening Time-Off,Working with Cancer,Publicis Conseil,Paris,/awards/lia_awards/2025/campaigns/screening-time-off-working-with-cancer-publicis-conseil-2025-2/
LIA Awards,2025,Bronze,Ogilvy Group Germany,Frankfurt,GERMANY,Creativity In B2B,B2B Craft,German Rail,Connecting Europe,German Rail,Ogilvy Group Germany,Frankfurt,/awards/lia_awards/2025/campaigns/connecting-europe-german-rail-ogilvy-group-germany-2025/
LIA Awards,2025,Bronze,LePub,Milan,ITALY,Creativity In B2B,Corporate Purpose-Social Responsibility,Heineken,Starring Bars,Heineken,LePub Milan-LePub Singapore,Singapore,/awards/lia_awards/2025/campaigns/starring-bars-heineken-lepub-milan-lepub-singapore-2025-7/
LIA Awards,2025,Bronze,Area 23 an IPG Health Company,New York,UNITED STATES,Creativity In B2B,B2B Craft,Gaviao Kyikateje FC,Kyikateje,Gaviao Kyikateje FC,Area 23 an IPG Health Company,New York,/awards/lia_awards/2025/campaigns/kyikateje-gaviao-kyikateje-fc-area-23-an-ipg-health-company-2025-2/
LIA Awards,2025,Bronze,Area 23 an IPG Health Company,New York,UNITED STATES,Creativity In B2B,Best Local Market,Gaviao Kyikateje FC,Kyikateje,Gaviao Kyikateje FC,Area 23 an IPG Health Company,New York,/awards/lia_awards/2025/campaigns/kyikateje-gaviao-kyikateje-fc-area-23-an-ipg-health-company-2025-3/
LIA Awards,2025,Bronze,Mercado McCann,Buenos Aires,ARGENTINA,Creativity In Media,Challenger Brand,Schneider,The Lucky Sponsor,CCU,Mercado McCann Buenos Aires-McCann Worldgroup,New York,/awards/lia_awards/2025/campaigns/the-lucky-sponsor-schneider-mercado-mccann-buenos-aires-mccann-worldgroup-2025/
LIA Awards,2025,Bronze,Artplan,Sao Paulo,BRAZIL,Creativity In Media,Corporate Purpose-Social Responsibility,Vtex,Re-commerce Atacama,Vtex,Artplan,Sao Paulo,/awards/lia_awards/2025/campaigns/re-commerce-atacama-vtex-artplan-2025/
LIA Awards,2025,Bronze,Publicis,Toronto,CANADA,Creativity In Media,Use of Ambient Media,Dairy Queen,Big Red Spoons,Dairy Queen,Publicis,Toronto,/awards/lia_awards/2025/campaigns/big-red-spoons-dairy-queen-publicis-2025/
LIA Awards,2025,Bronze,DAVID,Bogota,COLOMBIA,Creativity In Media,Use of Events and Stunts,Aguila,Stadium Roulette,AB INBEV,DAVID,Bogota,/awards/lia_awards/2025/campaigns/stadium-roulette-aguila-david-2025/
LIA Awards,2025,Bronze,DAVID,Bogota,COLOMBIA,Creativity In Media,B2B,Aguila,Unmelting Loyalty,AB InBev,DAVID,Bogota,/awards/lia_awards/2025/campaigns/unmelting-loyalty-aguila-david-2025/
LIA Awards,2025,Bronze,DDB Colombia,Bogota,COLOMBIA,Creativity In Media,Use of Data Analytics,Procolombia,Humanimal Tourism,Jorge Ivan Rueda,DDB Colombia,Bogota,/awards/lia_awards/2025/campaigns/humanimal-tourism-procolombia-ddb-colombia-2025-7/
LIA Awards,2025,Bronze,BETC,Paris,FRANCE,Creativity In Media,Use of Outdoor,Citroen,Bumpboards,Stellantis,BETC,Paris,/awards/lia_awards/2025/campaigns/bumpboards-citroen-betc-2025-3/
LIA Awards,2025,Bronze,McCann Paris,Paris,FRANCE,Creativity In Media,Use of Events and Stunts,Saforelle,Skincare For Down There,Biocodex,McCann Paris Paris-McCann Health London An IPG Health Company,London,/awards/lia_awards/2025/campaigns/skincare-for-down-there-saforelle-mccann-paris-paris-mccann-health-london-an-ipg-health-company-2025/
LIA Awards,2025,Bronze,Saatchi Saatchi Germany,Dusseldorf,GERMANY,Creativity In Media,Consumer Packaged Goods-FMCG,Oreo,Oreo Square Cookie,Mondelez International,Saatchi Saatchi Germany,,/awards/lia_awards/2025/campaigns/oreo-square-cookie-oreo-saatchi-saatchi-germany-2025-5/
LIA Awards,2025,Bronze,Ogilvy,Mumbai,INDIA,Creativity In Media,Creating Culture,Vi Vodafone Idea,Vi Guardian Beads,Vi Vodafone Idea,Ogilvy,Mumbai,/awards/lia_awards/2025/campaigns/vi-guardian-beads-vi-vodafone-idea-ogilvy-2025-2/
LIA Awards,2025,Bronze,Droga5 Dublin Part of Accenture Song,Dublin,IRELAND,Creativity In Media,Non-Profit,Samaritans Dublin,26 Minutes,Samaritans Dublin,Droga5 Dublin Part of Accenture Song,Dublin,/awards/lia_awards/2025/campaigns/26-minutes-samaritans-dublin-droga5-dublin-part-of-accenture-song-2025/
LIA Awards,2025,Bronze,LePub,Milan,ITALY,Creativity In Media,Use of Events and Stunts,Toblerone,Tantrum Girl,Modelez,LePub,Milan,/awards/lia_awards/2025/campaigns/tantrum-girl-toblerone-lepub-2025-3/
LIA Awards,2025,Bronze,DDB Group Aotearoa,Auckland,NEW ZEALAND,Creativity In Media,Use of Retail Media,Vogels,Certified Toasters,Goodman Fielder,DDB Group Aotearoa,Auckland,/awards/lia_awards/2025/campaigns/certified-toasters-vogels-ddb-group-aotearoa-2025-3/
LIA Awards,2025,Bronze,Star5,Panama,PANAMA,Creativity In Media,Use of Outdoor,Nescafe,Decaf Billboards,Nestle,Star5 Ogilvy,Panama,/awards/lia_awards/2025/campaigns/decaf-billboards-nescafe-star5-ogilvy-2025/
LIA Awards,2025,Bronze,DAVID,Madrid,SPAIN,Creativity In Media,Use of Outdoor,Coca-Cola,Shades of Red,The Coca Cola Company,DAVID,Madrid,/awards/lia_awards/2025/campaigns/shades-of-red-coca-cola-david-2025-4/
LIA Awards,2025,Bronze,DAVID,Madrid,SPAIN,Creativity In Media,B2B,JCDecaux,Still Open,JCDecaux Spain,DAVID,Madrid,/awards/lia_awards/2025/campaigns/still-open-jcdecaux-david-2025-3/
LIA Awards,2025,Bronze,JONGLUCKDEE,Bangkok,THAILAND,Creativity In Media,Use of Events and Stunts,Netflix,Young-Hee Freezes Bangkok,Netflix Thailand,JONGLUCKDEE,Bangkok,/awards/lia_awards/2025/campaigns/young-hee-freezes-bangkok-netflix-jongluckdee-2025/
LIA Awards,2025,Bronze,Initiative UK,London,UNITED KINGDOM,Creativity In Media,Health Pharma,Bupa Health Insurance,Health Is,Bupa,Momentum Worldwide,London,/awards/lia_awards/2025/campaigns/health-is-bupa-health-insurance-momentum-worldwide-2025/
LIA Awards,2025,Bronze,VML,New York,UNITED STATES,Creativity In Media,Multi-Channel Media,Foundation to Combat Antisemitism FCAS,Timeout Against Hate,Foundation to Combat Antisemitism,VML,New York,/awards/lia_awards/2025/campaigns/timeout-against-hate-foundation-to-combat-antisemitism-fcas-vml-2025/
LIA Awards,2025,Bronze,FCB Chicago,Chicago,UNITED STATES,Creativity In Media,Health Pharma,Goodys Pain Powder,Smile 20,Prestige Consumer Healthcare,FCB Chicago,Chicago,/awards/lia_awards/2025/campaigns/smile-20-goodys-pain-powder-fcb-chicago-2025-3/
LIA Awards,2025,Bronze,VML,New York,UNITED STATES,Creativity In Media,Consumer Packaged Goods-FMCG,Kleenex,Kleenex Score,Kimberly-Clark,VML,New York,/awards/lia_awards/2025/campaigns/kleenex-score-kleenex-vml-2025/
LIA Awards,2025,Bronze,VML,Montevideo,URUGUAY,Creativity In Media,Retail E-Commerce,TaTa,The Rewards Bag,GDN,VML,Montevideo,/awards/lia_awards/2025/campaigns/the-rewards-bag-tata-vml-2025/
LIA Awards,2025,Bronze,Cappuccino,Sao Paulo,BRAZIL,Creativity In PR,Public Service-Charity-NGO,NGO Maes da Se,T-SEARCH,NGO Maes da Se,Cappuccino,Sao Paulo,/awards/lia_awards/2025/campaigns/t-search-ngo-maes-da-se-cappuccino-2025/
LIA Awards,2025,Bronze,AlmapBBDO,Sao Paulo,BRAZIL,Creativity In PR,Corporate Purpose-Social Responsibility,Pedigree,Pedigree Caramelo,Mars,AlmapBBDO,Sao Paulo,/awards/lia_awards/2025/campaigns/pedigree-caramelo-pedigree-almapbbdo-2025-5/
LIA Awards,2025,Bronze,Artplan,Sao Paulo,BRAZIL,Creativity In PR,Best Local-Regional-National Market,Vtex,Re-commerce Atacama,Vtex,Artplan,Sao Paulo,/awards/lia_awards/2025/campaigns/re-commerce-atacama-vtex-artplan-2025-2/
LIA Awards,2025,Bronze,Rethink,Toronto,CANADA,Creativity In PR,Best Use of Sponsorship,Kraft Heinz,Cant Unsee It,Kraft Heinz,Rethink,Toronto,/awards/lia_awards/2025/campaigns/cant-unsee-it-kraft-heinz-rethink-2025-5/
LIA Awards,2025,Bronze,Sancho BBDO,Bogota,COLOMBIA,Creativity In PR,Best Local-Regional-National Market,Netflix,The Self Lawsuit,Netflix,Sancho BBDO,Bogota,/awards/lia_awards/2025/campaigns/the-self-lawsuit-netflix-sancho-bbdo-2025/
LIA Awards,2025,Bronze,Sancho BBDO,Bogota,COLOMBIA,Creativity In PR,Influencer Marketing,Netflix,The Self Lawsuit,Netflix,Sancho BBDO,Bogota,/awards/lia_awards/2025/campaigns/the-self-lawsuit-netflix-sancho-bbdo-2025-2/
LIA Awards,2025,Bronze,BETC,Paris,FRANCE,Creativity In PR,Best Local-Regional-National Market,Heetch,Choose Uber,Heetch,BETC,Paris,/awards/lia_awards/2025/campaigns/choose-uber-heetch-betc-2025-3/
LIA Awards,2025,Bronze,BETC,Paris,FRANCE,Creativity In PR,Challenger Brand,Heetch,Choose Uber,Heetch,BETC,Paris,/awards/lia_awards/2025/campaigns/choose-uber-heetch-betc-2025-4/
LIA Awards,2025,Bronze,Publicis Conseil,Paris,FRANCE,Creativity In PR,Automotive,Renault,Safety Car,Renault,Publicis Conseil,Paris,/awards/lia_awards/2025/campaigns/safety-car-renault-publicis-conseil-2025/
LIA Awards,2025,Bronze,Publicis Conseil,Paris,FRANCE,Creativity In PR,Health Care Services,Working with Cancer,Screening Time-Off,Working with Cancer,Publicis Conseil,Paris,/awards/lia_awards/2025/campaigns/screening-time-off-working-with-cancer-publicis-conseil-2025-3/
LIA Awards,2025,Bronze,LePub,Milan,ITALY,Creativity In PR,Corporate Purpose-Social Responsibility,Heineken,Pub Succession,Heineken,LePub Milan-Publicis Dublin,Dublin,/awards/lia_awards/2025/campaigns/pub-succession-heineken-lepub-milan-publicis-dublin-2025-9/
LIA Awards,2025,Bronze,LePub,Milan,ITALY,Creativity In PR,Best Global Market,Heineken,Starring Bars,Heineken,LePub Milan-LePub Singapore,Singapore,/awards/lia_awards/2025/campaigns/starring-bars-heineken-lepub-milan-lepub-singapore-2025-8/
LIA Awards,2025,Bronze,LePub,Milan,ITALY,Creativity In PR,Food and Beverage,Heineken,Starring Bars,Heineken,LePub Milan-LePub Singapore,Singapore,/awards/lia_awards/2025/campaigns/starring-bars-heineken-lepub-milan-lepub-singapore-2025-9/
LIA Awards,2025,Bronze,Leo Manila,Makati,PHILIPPINES,Creativity In PR,Corporate Purpose-Social Responsibility,McDonalds,Night Classroom,McDonalds Philippines,Leo Manila,Makati,/awards/lia_awards/2025/campaigns/night-classroom-mcdonalds-leo-manila-2025/
LIA Awards,2025,Bronze,Sips Bites,London,UNITED KINGDOM,Creativity In PR,Best Use of Sponsorship,Doritos,Doritos Square,PepsiCo,Sips Bites,London,/awards/lia_awards/2025/campaigns/doritos-square-doritos-sips-bites-2025/
LIA Awards,2025,Bronze,Publicis London,London,UNITED KINGDOM,Creativity In PR,Best Local-Regional-National Market,Heineken,HeineCare,Heineken,Publicis London London-LePub,Amsterdam,/awards/lia_awards/2025/campaigns/heinecare-heineken-publicis-london-london-lepub-2025-2/
LIA Awards,2025,Bronze,Edelman,London,UNITED KINGDOM,Creativity In PR,Food and Beverage,Hellmanns Mayonnaise,Mayo Exchange,Unilever,Edelman,London,/awards/lia_awards/2025/campaigns/mayo-exchange-hellmanns-mayonnaise-edelman-2025/
LIA Awards,2025,Bronze,Edelman,New York,UNITED STATES,Creativity In PR,Best Use of Sponsorship,Allegra,Pit Shop,Opella,Edelman,New York,/awards/lia_awards/2025/campaigns/pit-shop-allegra-edelman-2025/
LIA Awards,2025,Bronze,Dentsu Creative US,New York,UNITED STATES,Creativity In PR,Best Local-Regional-National Market,Crayola,Returning Creativity,Crayola,Dentsu Creative US,New York,/awards/lia_awards/2025/campaigns/returning-creativity-crayola-dentsu-creative-us-2025-2/
LIA Awards,2025,Bronze,Area 23 an IPG Health Company,New York,UNITED STATES,Creativity In PR,Public and Political Affairs,Equality Health Foundation,Zip Code Exam,Equality Health Foundation,Area 23 an IPG Health Company,New York,/awards/lia_awards/2025/campaigns/zip-code-exam-equality-health-foundation-area-23-an-ipg-health-company-2025-8/
LIA Awards,2025,Bronze,Area 23 an IPG Health Company,New York,UNITED STATES,Creativity In PR,Best Use of Sponsorship,Gaviao Kyikateje FC,Kyikateje,Gaviao Kyikateje FC,Area 23 an IPG Health Company,New York,/awards/lia_awards/2025/campaigns/kyikateje-gaviao-kyikateje-fc-area-23-an-ipg-health-company-2025-4/
LIA Awards,2025,Bronze,Colle McVoy,Minneapolis,UNITED STATES,Creativity In PR,Media Relations,La-Z-Boy,Ban Reclining,La-Z-Boy Incorporated,Colle McVoy,Minneapolis,/awards/lia_awards/2025/campaigns/ban-reclining-la-z-boy-colle-mcvoy-2025/
LIA Awards,2025,Bronze,Havas NY,New York,UNITED STATES,Creativity In PR,Corporate Purpose-Social Responsibility,Us Weekly x the harris project,The Missing Issue,Us Weekly,Havas NY,New York,/awards/lia_awards/2025/campaigns/the-missing-issue-us-weekly-x-the-harris-project-havas-ny-2025-2/
LIA Awards,2025,Bronze,Havas NY,New York,UNITED STATES,Creativity In PR,Health Care Services,Us Weekly x the harris project,The Missing Issue,Us Weekly,Havas NY,New York,/awards/lia_awards/2025/campaigns/the-missing-issue-us-weekly-x-the-harris-project-havas-ny-2025-3/
LIA Awards,2025,Bronze,Artplan,Sao Paulo,BRAZIL,Design,Craft Art Direction,Idomed - Instituto Yduqs,Nigrum Corpus,Idomed-Instituto Yduqs,Artplan,Sao Paulo,/awards/lia_awards/2025/campaigns/nigrum-corpus-idomed-instituto-yduqs-artplan-2025/
LIA Awards,2025,Bronze,Artplan,Sao Paulo,BRAZIL,Design,Editorial Design,Idomed - Instituto Yduqs,Nigrum Corpus,Idomed-Instituto Yduqs,Artplan,Sao Paulo,/awards/lia_awards/2025/campaigns/nigrum-corpus-idomed-instituto-yduqs-artplan-2025-2/
LIA Awards,2025,Bronze,Grey Brasil,Sao Paulo,BRAZIL,Design,Innovative Use of Design,Zespri,The 100 Home Compostable Sticker,Zespri International Limited,Grey Brasil,Sao Paulo,/awards/lia_awards/2025/campaigns/the-100-home-compostable-sticker-zespri-grey-brasil-2025/
LIA Awards,2025,Bronze,Klick Health,Toronto,CANADA,Design,Product Design,Infinito Mare,Self-Healing Float,Infinito Mare,Klick Health,Toronto,/awards/lia_awards/2025/campaigns/self-healing-float-infinito-mare-klick-health-2025/
LIA Awards,2025,Bronze,Klick Health,Toronto,CANADA,Design,Public Service-Charity-NGO,Second Nurture,18 Months,Second Nurture,Klick Health,Toronto,/awards/lia_awards/2025/campaigns/18-months-second-nurture-klick-health-2025-10/
LIA Awards,2025,Bronze,Marcel,Paris,FRANCE,Design,Craft Typography,Kiehls,Pubic Service Announcement,LOreal,Marcel,Paris,/awards/lia_awards/2025/campaigns/pubic-service-announcement-kiehls-marcel-2025/
LIA Awards,2025,Bronze,Scholz Friends,Berlin,GERMANY,Design,Craft Art Direction Campaign,Berliner Philharmoniker,Stage Floor Great Hall,Berliner Philharmonie gGmbH,Scholz Friends,Berlin,/awards/lia_awards/2025/campaigns/stage-floor-great-hall-berliner-philharmoniker-scholz-friends-2025-3/
LIA Awards,2025,Bronze,Scholz Friends,Berlin,GERMANY,Design,Logos,Tiroler Festspiele Erl,Brand Design,Tiroler Festspiele Erl,Scholz Friends Berlin-Scholz Friends,Vienna,/awards/lia_awards/2025/campaigns/brand-design-tiroler-festspiele-erl-scholz-friends-berlin-scholz-friends-2025-2/
LIA Awards,2025,Bronze,Accenture Song Germany,Hamburg,GERMANY,Design,Data Visualization,WWF Germany,GhostNetZero,WWF Germany,Accenture Song Germany,Hamburg,/awards/lia_awards/2025/campaigns/ghostnetzero-wwf-germany-accenture-song-germany-2025/
LIA Awards,2025,Bronze,Accenture Song Germany,Hamburg,GERMANY,Design,Sustainable Design SDG,WWF Germany,GhostNetZero,WWF Germany,Accenture Song Germany,Hamburg,/awards/lia_awards/2025/campaigns/ghostnetzero-wwf-germany-accenture-song-germany-2025-2/
LIA Awards,2025,Bronze,Ogilvy Hong Kong,Hong Kong,HONG KONG,Design,Craft Visual Design Campaign,Coca-Cola - Year of the Snake,Bus Train Street Skate Dress,The Coca-Cola Company,Ogilvy Singapore Singapore-Ogilvy Hong Kong Hong Kong-Ogilvy Shanghai,Shanghai,/awards/lia_awards/2025/campaigns/bus-train-street-skate-dress-coca-cola-year-of-the-snake-ogilvy-singapore-singapore-ogilvy-hong-kong-hong-kong-ogilvy-sh/
LIA Awards,2025,Bronze,NNNNNNN,Hong Kong,HONG KONG,Design,Experiential Design,HSBC Hong Kong,HSBC 160th Anniversary Rube Goldberg Machine,HSBC Hong Kong,NNNNNNN Hong Kong-Omnicom Media Group,Hong Kong,/awards/lia_awards/2025/campaigns/hsbc-160th-anniversary-rube-goldberg-machine-hsbc-hong-kong-nnnnnnn-hong-kong-omnicom-media-group-2025-2/
LIA Awards,2025,Bronze,TBWA-Hakuhodo Inc,Tokyo,JAPAN,Design,Prototype,Nissan Motor Co Ltd,INTELLIGENT PUPPET IRUYO,Nissan Motor Co Ltd,TBWA-Hakuhodo Inc,Tokyo,/awards/lia_awards/2025/campaigns/intelligent-puppet-iruyo-nissan-motor-co-ltd-tbwa-hakuhodo-inc-2025/
LIA Awards,2025,Bronze,INNOCEAN,Seoul,KOREA,Design,Spatial Design,Iljuk Bathhouse,Life-Saving Bathhouse,Anseong City,INNOCEAN,Seoul,/awards/lia_awards/2025/campaigns/life-saving-bathhouse-iljuk-bathhouse-innocean-2025-2/
LIA Awards,2025,Bronze,Ogilvy,Colombo,SRI LANKA,Design,Creativity on a Budget,Promate,Second Life Notebooks,PrintXcel Pvt Ltd,Ogilvy,Colombo,/awards/lia_awards/2025/campaigns/second-life-notebooks-promate-ogilvy-2025-2/
LIA Awards,2025,Bronze,LePub,Amsterdam,THE NETHERLANDS,Design,Prototype,Heineken,The Flipper,Heineken,LePub Amsterdam-LePub,Milan,/awards/lia_awards/2025/campaigns/the-flipper-heineken-lepub-amsterdam-lepub-2025/
LIA Awards,2025,Bronze,LePub,Amsterdam,THE NETHERLANDS,Design,Sustainable Design SDG,Philips,Fixables,Philips,LePub Amsterdam-LePub,Milan,/awards/lia_awards/2025/campaigns/fixables-philips-lepub-amsterdam-lepub-2025/
LIA Awards,2025,Bronze,Leo Dubai,Dubai,UNITED ARAB EMIRATES,Design,Craft Art Direction Campaign,NBA India - The Great Indian Dunk,Jordan 23 Kobe 08 Lebron 06 Shaq 34,NBA,Leo Dubai,Dubai,/awards/lia_awards/2025/campaigns/jordan-23-kobe-08-lebron-06-shaq-34-nba-india-the-great-indian-dunk-leo-dubai-2025-10/
LIA Awards,2025,Bronze,Leo Dubai,Dubai,UNITED ARAB EMIRATES,Design,Craft Photography Campaign,NBA India - The Great Indian Dunk,Jordan 23 Kobe 08 Lebron 06 Shaq 34,NBA,Leo Dubai,Dubai,/awards/lia_awards/2025/campaigns/jordan-23-kobe-08-lebron-06-shaq-34-nba-india-the-great-indian-dunk-leo-dubai-2025-11/
LIA Awards,2025,Bronze,MullenLowe US,New York,UNITED STATES,Design,Poster Campaign,Art Directors Club,Be Seen by the Best Eyes Campaign,The One Club for Creativity,MullenLowe US,New York,/awards/lia_awards/2025/campaigns/be-seen-by-the-best-eyes-campaign-art-directors-club-mullenlowe-us-2025-3/
LIA Awards,2025,Bronze,FCB Chicago,Chicago,UNITED STATES,Design,Zeitgeist,Caption with Intention,Caption with Intention,Rakish Entertainment,FCB Chicago,Chicago,/awards/lia_awards/2025/campaigns/caption-with-intention-caption-with-intention-fcb-chicago-2025-9/
LIA Awards,2025,Bronze,Ogilvy,Chicago,UNITED STATES,Design,Craft Typography,Chicago International Film Festival,60 Years of Film,Chicago International Film Festival,Ogilvy,Chicago,/awards/lia_awards/2025/campaigns/60-years-of-film-chicago-international-film-festival-ogilvy-2025-2/
LIA Awards,2025,Bronze,Ogilvy New York,New York,UNITED STATES,Design,Craft Photography Campaign,Dove - Get Unready,Carnaval Holi Mardi Gras New Years St Patricks,Unilever,Ogilvy,New York,/awards/lia_awards/2025/campaigns/carnaval-holi-mardi-gras-new-years-st-patricks-dove-get-unready-ogilvy-2025-5/
LIA Awards,2025,Bronze,VML,Detroit,UNITED STATES,Design,Product Design,Ford,SupportBelt,Ford,VML,Detroit,/awards/lia_awards/2025/campaigns/supportbelt-ford-vml-2025-2/
LIA Awards,2025,Bronze,FCB New York,New York,UNITED STATES,Design,Creative Use of Data,Hyundai Motor Company,Tree Correspondents,Hyundai Motor Company,FCB New York,New York,/awards/lia_awards/2025/campaigns/tree-correspondents-hyundai-motor-company-fcb-new-york-2025-4/
LIA Awards,2025,Bronze,Leo Australia,Sydney,AUSTRALIA,Digital,Corporate Purpose-Social Responsibility,Suncorp Insurance,Suncorp Haven,Suncorp Insurance,Leo Australia,Sydney,/awards/lia_awards/2025/campaigns/suncorp-haven-suncorp-insurance-leo-australia-2025-5/
LIA Awards,2025,Bronze,DAVID,Sao Paulo,BRAZIL,Digital,Gaming,BIS,The WhatsApp Saga,Mondelez Brasil Ltda,DAVID,Sao Paulo,/awards/lia_awards/2025/campaigns/the-whatsapp-saga-bis-david-2025-2/
LIA Awards,2025,Bronze,INNOCEAN,Berlin,GERMANY,Digital,Apps,Billy Boy,Camdom The First Digital Condom,BILLY BOY,INNOCEAN,Berlin,/awards/lia_awards/2025/campaigns/camdom-the-first-digital-condom-billy-boy-innocean-2025/
LIA Awards,2025,Bronze,SERVICEPLAN GERMANY,Munich,GERMANY,Digital,Banking Finance,Herconomy,Breastmilk Money,Herconomy,SERVICEPLAN GERMANY,Munich,/awards/lia_awards/2025/campaigns/breastmilk-money-herconomy-serviceplan-germany-2025-4/
LIA Awards,2025,Bronze,Ogilvy Group Germany,Hamburg,GERMANY,Digital,Craft Art Direction,Namae Koi,Namae Koi,Artist,loved,Hamburg,/awards/lia_awards/2025/campaigns/namae-koi-namae-koi-loved-2025/
LIA Awards,2025,Bronze,Saatchi Saatchi Germany,Dusseldorf,GERMANY,Digital,Mobile Advertising,Oreo,Oreo Square Cookie,Mondelez International,Saatchi Saatchi Germany,,/awards/lia_awards/2025/campaigns/oreo-square-cookie-oreo-saatchi-saatchi-germany-2025-6/
LIA Awards,2025,Bronze,BigTime Creative Shop,Riyadh,SAUDI ARABIA,Digital,Creative Use of Data,The Ring,4th Judge,The Ring,BigTime Creative Shop,Riyadh,/awards/lia_awards/2025/campaigns/4th-judge-the-ring-bigtime-creative-shop-2025-3/
LIA Awards,2025,Bronze,Publicis Middle East,Dubai,UNITED ARAB EMIRATES,Digital,Creativity on a Budget,KitKat,Auto Reply-Break,Nestle Middle East,Publicis Middle East,Dubai,/awards/lia_awards/2025/campaigns/auto-reply-break-kitkat-publicis-middle-east-2025/
LIA Awards,2025,Bronze,McCann London,London,UNITED KINGDOM,Digital,Entertainment,Xbox,The Cheeky Controller,Xbox,McCann London,London,/awards/lia_awards/2025/campaigns/the-cheeky-controller-xbox-mccann-london-2025-2/
LIA Awards,2025,Bronze,MullenLowe US,New York,UNITED STATES,Digital,Craft Animation-Motion Graphics,Art Directors Club,Be Seen By The Best Eyes,The One Club for Creativity,MullenLowe US,New York,/awards/lia_awards/2025/campaigns/be-seen-by-the-best-eyes-art-directors-club-mullenlowe-us-2025-2/
LIA Awards,2025,Bronze,VML,New York,UNITED STATES,Digital,Branded Content,Kleenex,Kleenex Score,Kimberly-Clark,VML,New York,/awards/lia_awards/2025/campaigns/kleenex-score-kleenex-vml-2025-2/
LIA Awards,2025,Bronze,McCann NY,New York,UNITED STATES,Digital,Use of Social Media,Mastercard,From Fan to Featured,Mastercard,McCann XBC,New York,/awards/lia_awards/2025/campaigns/from-fan-to-featured-mastercard-mccann-xbc-2025-3/
LIA Awards,2025,Bronze,Ogilvy,Chicago,UNITED STATES,Digital,Sustainability SDG,SC Johnson,Zuzu,SC Johnson,Ogilvy,Chicago,/awards/lia_awards/2025/campaigns/zuzu-sc-johnson-ogilvy-2025/
LIA Awards,2025,Bronze,DAVID Buenos Aires,Buenos Aires,ARGENTINA,Direct,Out of Home - Instore and Transit,Cerveza Aguila,Antenaguila,AB InBev,DAVID Buenos Aires Buenos Aires-DAVID Bogota,Bogota,/awards/lia_awards/2025/campaigns/antenaguila-cerveza-aguila-david-buenos-aires-buenos-aires-david-bogota-2025/
LIA Awards,2025,Bronze,AlmapBBDO,Sao Paulo,BRAZIL,Direct,Good and Purpose,Pedigree,Pedigree Caramelo,Mars,AlmapBBDO,Sao Paulo,/awards/lia_awards/2025/campaigns/pedigree-caramelo-pedigree-almapbbdo-2025-6/
LIA Awards,2025,Bronze,Artplan,Sao Paulo,BRAZIL,Direct,Digital,Vtex,Re-commerce Atacama,Vtex,Artplan,Sao Paulo,/awards/lia_awards/2025/campaigns/re-commerce-atacama-vtex-artplan-2025-3/
LIA Awards,2025,Bronze,DAVID,Bogota,COLOMBIA,Direct,Loyalty Programs,Aguila,Unmelting Loyalty,AB InBev,DAVID,Bogota,/awards/lia_awards/2025/campaigns/unmelting-loyalty-aguila-david-2025-2/
LIA Awards,2025,Bronze,Ogilvy,Santo Domingo,DOMINICAN REPUBLIC,Direct,Out of Home - Instore and Transit,Chevrolet,Night Signals,Santo Domingo Motors,Ogilvy,Santo Domingo,/awards/lia_awards/2025/campaigns/night-signals-chevrolet-ogilvy-2025-3/
LIA Awards,2025,Bronze,Buzzman,Paris,FRANCE,Direct,Out of Home - Instore and Transit,Musee de lArmee,See Them for Real,Musee de lArmee,Buzzman,Paris,/awards/lia_awards/2025/campaigns/see-them-for-real-musee-de-larmee-buzzman-2025/
LIA Awards,2025,Bronze,SERVICEPLAN GERMANY,Munich,GERMANY,Direct,Digital,Herconomy,Breastmilk Money,Herconomy,SERVICEPLAN GERMANY,Munich,/awards/lia_awards/2025/campaigns/breastmilk-money-herconomy-serviceplan-germany-2025-5/
LIA Awards,2025,Bronze,SERVICEPLAN GERMANY,Munich,GERMANY,Direct,Craft Art Direction,PENNY,Price Packs,PENNY,SERVICEPLAN GERMANY,Munich,/awards/lia_awards/2025/campaigns/price-packs-penny-serviceplan-germany-2025-5/
LIA Awards,2025,Bronze,Ogilvy,Mumbai,INDIA,Direct,Good and Purpose,Vi Vodafone Idea,Vi Guardian Beads,Vi Vodafone Idea,Ogilvy,Mumbai,/awards/lia_awards/2025/campaigns/vi-guardian-beads-vi-vodafone-idea-ogilvy-2025-3/
LIA Awards,2025,Bronze,DDB Group Aotearia,Auckland,NEW ZEALAND,Direct,Direct Mail,Vogels Very Thin,Toastcards,Goodman Fielder,DDB Group Aotearoa,Auckland,/awards/lia_awards/2025/campaigns/toastcards-vogels-very-thin-ddb-group-aotearoa-2025/
LIA Awards,2025,Bronze,LePub,Amsterdam,THE NETHERLANDS,Direct,Innovation,Philips,Fixables,Philips,LePub Amsterdam-LePub,Milan,/awards/lia_awards/2025/campaigns/fixables-philips-lepub-amsterdam-lepub-2025-2/
LIA Awards,2025,Bronze,DAVID,Miami,UNITED STATES,Direct,Craft Photography,Corona,Eclipse,AB INBEV,DAVID,Miami,/awards/lia_awards/2025/campaigns/eclipse-corona-david-2025-2/
LIA Awards,2025,Bronze,VML,New York,UNITED STATES,Direct,Digital,Ziploc,Preserved Promos,SC Johnson,VML New York-Obviously,New York,/awards/lia_awards/2025/campaigns/preserved-promos-ziploc-vml-new-york-obviously-2025-3/
LIA Awards,2025,Bronze,Grey Brasil,Sao Paulo,BRAZIL,Evolution,Brand Action,Corona Brasil,Sun Reserve,AB INBEV,Grey Brasil,Sao Paulo,/awards/lia_awards/2025/campaigns/sun-reserve-corona-brasil-grey-brasil-2025-2/
LIA Awards,2025,Bronze,McCann,London,UNITED KINGDOM,Evolution,Product Innovation,Reef Protection Factor,Reef Protection Factor,Stream2Sea,McCann,London,/awards/lia_awards/2025/campaigns/reef-protection-factor-reef-protection-factor-mccann-2025-2/
LIA Awards,2025,Bronze,VML,New York,UNITED STATES,Evolution,Creativity in Commerce,Ziploc,Preserved Promos,SC Johnson,VML New York-Obviously,New York,/awards/lia_awards/2025/campaigns/preserved-promos-ziploc-vml-new-york-obviously-2025-4/
LIA Awards,2025,Bronze,Artplan,Sao Paulo,BRAZIL,Health Wellness,Education and Services,Idomed - Instituto Yduqs,Nigrum Corpus,Idomed-Instituto Yduqs,Artplan,Sao Paulo,/awards/lia_awards/2025/campaigns/nigrum-corpus-idomed-instituto-yduqs-artplan-2025-3/
LIA Awards,2025,Bronze,Publicis Toronto,Toronto,CANADA,Health Wellness,Animal Health,Matties Place,Pet-ition,Matties Place,Publicis,Toronto,/awards/lia_awards/2025/campaigns/pet-ition-matties-place-publicis-2025-2/
LIA Awards,2025,Bronze,Ogilvy Colombia,Bogota,COLOMBIA,Health Wellness,Creative Use of Data,Nestle CAM,Low Hanging Nutrients,Nestle CAM,Ogilvy Colombia,Bogota,/awards/lia_awards/2025/campaigns/low-hanging-nutrients-nestle-cam-ogilvy-colombia-2025/
LIA Awards,2025,Bronze,BETC,Paris,FRANCE,Health Wellness,Tech and Personal Devices,Laboratoire Gallia,Mommyphone,Danone,BETC,Paris,/awards/lia_awards/2025/campaigns/mommyphone-laboratoire-gallia-betc-2025/
LIA Awards,2025,Bronze,BETC,Paris,FRANCE,Health Wellness,Creativity on a Budget,Seconde Chance,The Black Dogs,Seconde Chance,BETC,Paris,/awards/lia_awards/2025/campaigns/the-black-dogs-seconde-chance-betc-2025/
LIA Awards,2025,Bronze,SERVICEPLAN GERMANY,Munich,GERMANY,Health Wellness,Innovation,Herconomy,Breastmilk Money,Herconomy,SERVICEPLAN GERMANY,Munich,/awards/lia_awards/2025/campaigns/breastmilk-money-herconomy-serviceplan-germany-2025-6/
LIA Awards,2025,Bronze,Cheil,Hong Kong,HONG KONG,Health Wellness,Innovation,Save the Children,Safe Sketch,Save the Children,Cheil,Hong Kong,/awards/lia_awards/2025/campaigns/safe-sketch-save-the-children-cheil-2025-2/
LIA Awards,2025,Bronze,VML,Riyadh,SAUDI ARABIA,Health Wellness,AI-Enabled Health Wellness,Hungerstation,The Shaded Route,Hungerstation,VML,Riyadh,/awards/lia_awards/2025/campaigns/the-shaded-route-hungerstation-vml-2025-2/
LIA Awards,2025,Bronze,Ogilvy Bangkok,Bangkok,THAILAND,Health Wellness,Health Institutions Campaign,MedPark Hospital,Daughter Grandma Girlfriend,MedPark Hospital,Ogilvy Bangkok,Bangkok,/awards/lia_awards/2025/campaigns/daughter-grandma-girlfriend-medpark-hospital-ogilvy-bangkok-2025/
LIA Awards,2025,Bronze,Saatchi Saatchi ME,Dubai,UNITED ARAB EMIRATES,Health Wellness,Education and Services,Nana,Ruby Blooms,Essity Nana,Saatchi Saatchi ME,Dubai,/awards/lia_awards/2025/campaigns/ruby-blooms-nana-saatchi-saatchi-me-2025-2/
LIA Awards,2025,Bronze,AMVBBDO,London,UNITED KINGDOM,Health Wellness,Corporate Communication,Essity-Bodyform,Never Just A Period,Essity Bodyform,AMVBBDO,London,/awards/lia_awards/2025/campaigns/never-just-a-period-essity-bodyform-amvbbdo-2025-13/
LIA Awards,2025,Bronze,Ogilvy UK,London,UNITED KINGDOM,Health Wellness,Creativity on a Budget,Great Ormond Street Hospital Charity,Just Make It,Great Ormond Street Hospital Charity,Ogilvy UK,London,/awards/lia_awards/2025/campaigns/just-make-it-great-ormond-street-hospital-charity-ogilvy-uk-2025/
LIA Awards,2025,Bronze,Havas Lynx,Manchester,UNITED KINGDOM,Health Wellness,Innovation,Nutri Ice,Creamotherapy,My Doctors Recipe,Havas Lynx,Manchester,/awards/lia_awards/2025/campaigns/creamotherapy-nutri-ice-havas-lynx-2025-2/
LIA Awards,2025,Bronze,Treace Medical Concepts,Ponte Vedra Beach,UNITED STATES,Health Wellness,Product Design,Comeback Kicks,Comeback Kicks,Treace Medical Concepts Dovetail Therapeutics,21GRAMS part of Real Chemistry,New York,/awards/lia_awards/2025/campaigns/comeback-kicks-comeback-kicks-21grams-part-of-real-chemistry-2025/
LIA Awards,2025,Bronze,Area 23 an IPG Health Company,New York,UNITED STATES,Health Wellness,Creative Use of Data Campaign,Equality Health Foundation - Inequality Boards,Outdoor Houston Outdoor New York Outdoor Phoenix,Equality Health Foundation,Area 23 an IPG Health Company,New York,/awards/lia_awards/2025/campaigns/outdoor-houston-outdoor-new-york-outdoor-phoenix-equality-health-foundation-inequality-boards-area-23-an-ipg-health-comp/
LIA Awards,2025,Bronze,Area 23 an IPG Health Company,New York,UNITED STATES,Health Wellness,Public Service-Charity-NGO Campaign,Equality Health Foundation - Inequality Boards,Outdoor Houston Outdoor New York Outdoor Phoenix,Equality Health Foundation,Area 23 an IPG Health Company,New York,/awards/lia_awards/2025/campaigns/outdoor-houston-outdoor-new-york-outdoor-phoenix-equality-health-foundation-inequality-boards-area-23-an-ipg-health-co-2/
LIA Awards,2025,Bronze,FCB Chicago,Chicago,UNITED STATES,Health Wellness,OTC - Over-the-Counter,Goodys Pain Powder,Smile 20,Prestige Consumer Healthcare,FCB Chicago,Chicago,/awards/lia_awards/2025/campaigns/smile-20-goodys-pain-powder-fcb-chicago-2025-4/
LIA Awards,2025,Bronze,Area 23 an IPG Health Company,New York,UNITED STATES,Health Wellness,Education and Services Campaign,Melanoma Awareness,Unnoticed Sponsorship,Instituto Melanoma Brasil,Area 23 an IPG Health Company,New York,/awards/lia_awards/2025/campaigns/unnoticed-sponsorship-melanoma-awareness-area-23-an-ipg-health-company-2025-2/
LIA Awards,2025,Bronze,21GRAMS,New York,UNITED STATES,Health Wellness,Education and Services,Sober Sidekick,Cancer Chips,Sober Sidekick,21GRAMS,New York City,/awards/lia_awards/2025/campaigns/cancer-chips-sober-sidekick-21grams-2025/
LIA Awards,2025,Bronze,TBS,Madrid,SPAIN,Health Wellness-Craft,Art Direction,Daflon,First Oral Treatment,Servier,TBS,Madrid,/awards/lia_awards/2025/campaigns/first-oral-treatment-daflon-tbs-2025/
LIA Awards,2025,Bronze,Havas Lynx,Manchester,UNITED KINGDOM,Health Wellness-Craft,Art Direction Campaign,The Lady Garden Foundation,Blooming Vulva OOHBlooming Vulva SocialBlooming Vulva Digital,The Lady Garden Foundation,Havas Lynx,Manchester,/awards/lia_awards/2025/campaigns/blooming-vulva-oohblooming-vulva-socialblooming-vulva-digital-the-lady-garden-foundation-havas-lynx-2025/
LIA Awards,2025,Bronze,Leo Chicago,Chicago,UNITED STATES,Health Wellness-Craft,Performance-Casting,Huggies,Little Fighter,Kimberly-Clark,Leo Chicago Chicago-Le Truc New York-Publicis Groupe,Chicago,/awards/lia_awards/2025/campaigns/little-fighter-huggies-leo-chicago-chicago-le-truc-new-york-publicis-groupe-2025/
LIA Awards,2025,Bronze,FCB Health New York an IPG Health Company,New York,UNITED STATES,Health Wellness-Craft,Art Direction,SAFE Project,The Snowball,SAFE Project,FCB Health New York an IPG Health Company,New York,/awards/lia_awards/2025/campaigns/the-snowball-safe-project-fcb-health-new-york-an-ipg-health-company-2025-3/
LIA Awards,2025,Bronze,FCB Health New York an IPG Health Company,New York,UNITED STATES,Health Wellness-Craft,Music Adaptation - Song,SAFE Project,The Snowball,SAFE Project,FCB Health New York an IPG Health Company,New York,/awards/lia_awards/2025/campaigns/the-snowball-safe-project-fcb-health-new-york-an-ipg-health-company-2025-4/
LIA Awards,2025,Bronze,ATimePlace,Melbourne,AUSTRALIA,Integration,Automotive,Suzuki,The Suzuki Index,Suzuki Automotive,ATimePlace,Melbourne,/awards/lia_awards/2025/campaigns/the-suzuki-index-suzuki-atimeplace-2025-3/
LIA Awards,2025,Bronze,ATimePlace,Melbourne,AUSTRALIA,Integration,Creative Use of Data,Suzuki,The Suzuki Index,Suzuki Automotive,ATimePlace,Melbourne,/awards/lia_awards/2025/campaigns/the-suzuki-index-suzuki-atimeplace-2025-4/
LIA Awards,2025,Bronze,McCann Paris,Paris,FRANCE,Integration,Branded Entertainment,LOreal Paris,The Final Copy of Ilon Specht,LOreal Paris,McCann Paris Paris-McCann Worldgroup,New York,/awards/lia_awards/2025/campaigns/the-final-copy-of-ilon-specht-loreal-paris-mccann-paris-paris-mccann-worldgroup-2025-11/
LIA Awards,2025,Bronze,HeimatTBWA- Germany,Berlin,GERMANY,Integration,Challenger Brand,Freie Demokraten FDP,Europa Wahlkampagne,Freie Demokraten FDP,HeimatTBWA- Germany,Berlin,/awards/lia_awards/2025/campaigns/europa-wahlkampagne-freie-demokraten-fdp-heimattbwa-germany-2025/
LIA Awards,2025,Bronze,Saatchi Saatchi Germany,Dusseldorf,GERMANY,Integration,Gaming,Oreo,Oreo Square Cookie,Mondelez International,Saatchi Saatchi Germany,,/awards/lia_awards/2025/campaigns/oreo-square-cookie-oreo-saatchi-saatchi-germany-2025-7/
LIA Awards,2025,Bronze,LePub Mexico City,Mexico City,MEXICO,Integration,Zeitgeist,Tecate Light,Gulf of Mexico Bar,Heineken Group,LePub Mexico City,Mexico City,/awards/lia_awards/2025/campaigns/gulf-of-mexico-bar-tecate-light-lepub-mexico-city-2025-13/
LIA Awards,2025,Bronze,David,Madrid,SPAIN,Integration,Beverages,Coca-Cola,Shades of Red,The Coca Cola Company,DAVID,Madrid,/awards/lia_awards/2025/campaigns/shades-of-red-coca-cola-david-2025-5/
LIA Awards,2025,Bronze,Beijing 20k Miles Culture Communications CoLtd,Beijing,CHINA,Music Sound,Sound Design,HUAWEI,HUAWEI Care,VISUAL SIGNALTAO,,,/awards/lia_awards/2025/campaigns/huawei-care-huawei-2025/
LIA Awards,2025,Bronze,Saatchi Saatchi Germany,Dusseldorf,GERMANY,Music Sound,Music Adaptation - Song,Deutsche Telekom,Bubbles,Deutsche Telekom,Saatchi Saatchi Germany-MUW Saatchi Saatchi Bratislava,,/awards/lia_awards/2025/campaigns/bubbles-deutsche-telekom-saatchi-saatchi-germany-muw-saatchi-saatchi-bratislava-2025/
LIA Awards,2025,Bronze,Ogilvy,Mumbai,INDIA,Music Sound,Experiential Use of Music Sound,Brooke Bond Taj Mahal Tea,Chai Bansuri - The Tea Flute,Brooke Bond Taj Mahal Tea,Ogilvy,Mumbai,/awards/lia_awards/2025/campaigns/chai-bansuri-the-tea-flute-brooke-bond-taj-mahal-tea-ogilvy-2025-2/
LIA Awards,2025,Bronze,Grey Mexico,Mexico City,MEXICO,Music Sound,Sound Design,Newspaper la Union y Articulo 19,The Shooting,Newspaper la Union y Articulo 19,Grey Mexico,Mexico City,/awards/lia_awards/2025/campaigns/the-shooting-newspaper-la-union-y-articulo-19-grey-mexico-2025-8/
LIA Awards,2025,Bronze,750mph,London,UNITED KINGDOM,Music Sound,Sound Mixing,Amazon Books,Bring a Book to Life,Amazon,Droga5 Part of Accenture Song,London,/awards/lia_awards/2025/campaigns/bring-a-book-to-life-amazon-books-droga5-part-of-accenture-song-2025/
LIA Awards,2025,Bronze,Biscuit Filmworks,London,UNITED KINGDOM,Music Sound,Sound Design,Channel 4,Paris Paralympics 2024 Considering What,Channel 4,4creative,London,/awards/lia_awards/2025/campaigns/paris-paralympics-2024-considering-what-channel-4-4creative-2025-2/
LIA Awards,2025,Bronze,750mph,London,UNITED KINGDOM,Music Sound,Sound Design,Netflix,Youre Not Ready,Netflix,Wieden Kennedy,Portland,/awards/lia_awards/2025/campaigns/youre-not-ready-netflix-wieden-kennedy-2025/
LIA Awards,2025,Bronze,750mph,London,UNITED KINGDOM,Music Sound,Sound Mixing,Netflix,Youre Not Ready,Netflix,Wieden Kennedy,Portland,/awards/lia_awards/2025/campaigns/youre-not-ready-netflix-wieden-kennedy-2025-2/
LIA Awards,2025,Bronze,The Elements Music,Los Angeles,UNITED STATES,Music Sound,Music Adaptation - Song,General Motors,Crafting the One,General Motors,Droga5 Part of Accenture Song,New York,/awards/lia_awards/2025/campaigns/crafting-the-one-general-motors-droga5-part-of-accenture-song-2025/
LIA Awards,2025,Bronze,LePub,Milan,ITALY,Music Video,Cinematography,Desperados,Guao Guao,Desperados,LePub,Milan,/awards/lia_awards/2025/campaigns/guao-guao-desperados-lepub-2025-8/
LIA Awards,2025,Bronze,Rethink,Toronto,CANADA,Non-Traditional,Direct Marketing,IKEA,U up,IKEA,Rethink,Toronto,/awards/lia_awards/2025/campaigns/u-up-ikea-rethink-2025-8/
LIA Awards,2025,Bronze,Rethink,Toronto,CANADA,Non-Traditional,Beverages,Molson Coors,Paid Through Parents,Molson Coors Beverage Company,Rethink,Toronto,/awards/lia_awards/2025/campaigns/paid-through-parents-molson-coors-rethink-2025-6/
LIA Awards,2025,Bronze,Publicis Toronto,Toronto,CANADA,Non-Traditional,Banking Financial,Rogers Bank,Welcome Card,Rogers,Publicis,Toronto,/awards/lia_awards/2025/campaigns/welcome-card-rogers-bank-publicis-2025-3/
LIA Awards,2025,Bronze,Publicis Conseil,Paris,FRANCE,Non-Traditional,Sustainability SDG,AXA,Three Words,AXA,Publicis Conseil,Paris,/awards/lia_awards/2025/campaigns/three-words-axa-publicis-conseil-2025-20/
LIA Awards,2025,Bronze,Marcel,Paris,FRANCE,Non-Traditional,Use of Social Media,Lidl,Lidlize,Lidl,Marcel Paris-Publicis Groupe,Paris,/awards/lia_awards/2025/campaigns/lidlize-lidl-marcel-paris-publicis-groupe-2025-2/
LIA Awards,2025,Bronze,SERVICEPLAN GERMANY,Munich,GERMANY,Non-Traditional,Corporate Purpose-Social Responsibility,Herconomy,Breastmilk Money,Herconomy,SERVICEPLAN GERMANY,Munich,/awards/lia_awards/2025/campaigns/breastmilk-money-herconomy-serviceplan-germany-2025-7/
LIA Awards,2025,Bronze,MRM Germany,Frankfurt,GERMANY,Non-Traditional,Corporate Purpose-Social Responsibility,Life Donor Card,Life Donor Card,Mastercard,MRM GERMANY,Frankfurt,/awards/lia_awards/2025/campaigns/life-donor-card-life-donor-card-mrm-germany-2025-8/
LIA Awards,2025,Bronze,LePub,Milan,ITALY,Non-Traditional,Corporate Purpose-Social Responsibility,Heineken,Pub Succession,Heineken,LePub Milan-Publicis Dublin,Dublin,/awards/lia_awards/2025/campaigns/pub-succession-heineken-lepub-milan-publicis-dublin-2025-10/
LIA Awards,2025,Bronze,LePub,Milan,ITALY,Non-Traditional,Corporate Purpose-Social Responsibility,Heineken,Starring Bars,Heineken,LePub Milan-LePub Singapore,Singapore,/awards/lia_awards/2025/campaigns/starring-bars-heineken-lepub-milan-lepub-singapore-2025-10/
LIA Awards,2025,Bronze,BigTime Creative Shop,Riyadh,SAUDI ARABIA,Non-Traditional,Sports,The Ring,4th Judge,The Ring,BigTime Creative Shop,Riyadh,/awards/lia_awards/2025/campaigns/4th-judge-the-ring-bigtime-creative-shop-2025-4/
LIA Awards,2025,Bronze,Publicis London,London,UNITED KINGDOM,Non-Traditional,Entertainment,Heineken,HeineCare,Heineken,Publicis London London-LePub,Amsterdam,/awards/lia_awards/2025/campaigns/heinecare-heineken-publicis-london-london-lepub-2025-3/
LIA Awards,2025,Bronze,Ogilvy,New York,UNITED STATES,Non-Traditional,Health Pharma,Powerade,The Athletes Code,The Coca-Cola Company,Ogilvy,New York,/awards/lia_awards/2025/campaigns/the-athletes-code-powerade-ogilvy-2025-3/
LIA Awards,2025,Bronze,Ogilvy,New York,UNITED STATES,Non-Traditional,Sports,Powerade,The Athletes Code,The Coca-Cola Company,Ogilvy,New York,/awards/lia_awards/2025/campaigns/the-athletes-code-powerade-ogilvy-2025-4/
LIA Awards,2025,Bronze,LePub,Milan,ITALY,Online Film,Beverages - Alcoholic,Desperados,Guao Guao,Desperados,LePub,Milan,/awards/lia_awards/2025/campaigns/guao-guao-desperados-lepub-2025-9/
LIA Awards,2025,Bronze,VML Ogilvy Japan,Tokyo,JAPAN,Online Film,Humor Campaign,Fanta,Mr Drone Mr Wild Ms Hot Spring,The Coca-Cola Company,VML Ogilvy Japan,Tokyo,/awards/lia_awards/2025/campaigns/mr-drone-mr-wild-ms-hot-spring-fanta-vml-ogilvy-japan-2025/
LIA Awards,2025,Bronze,GIGIL,Manila,PHILIPPINES,Online Film,Branded Entertainment,RC Cola,Miracle,ARC Refreshments Corporation,GIGIL,Manila,/awards/lia_awards/2025/campaigns/miracle-rc-cola-gigil-2025/
LIA Awards,2025,Bronze,Bananas,Johannesburg,SOUTH AFRICA,Online Film,Retail,KFC,Let There Be Cake,YUM BRANDS,Bananas Johannesburg-Brains Brawn,Johannesburg,/awards/lia_awards/2025/campaigns/let-there-be-cake-kfc-bananas-johannesburg-brains-brawn-2025/
LIA Awards,2025,Bronze,SAMY Alliance,Madrid,SPAIN,Online Film,Public Service-Charity-NGO,PETA,Being Vegan is Good Sht,PETA,SAMY Alliance,Madrid Spain,/awards/lia_awards/2025/campaigns/being-vegan-is-good-sht-peta-samy-alliance-2025-2/
LIA Awards,2025,Bronze,Leo Thailand,Bangkok,THAILAND,Online Film,Humor,Krungsri First Choice,Patient,Ayudhya Capital Services Co Ltd,Leo Thailand,Bangkok,/awards/lia_awards/2025/campaigns/patient-krungsri-first-choice-leo-thailand-2025/
LIA Awards,2025,Bronze,AMVBBDO,London,UNITED KINGDOM,Online Film,Beauty Well-being,Essity-Bodyform,Never Just a Period,Essity Bodyform,AMVBBDO,London,/awards/lia_awards/2025/campaigns/never-just-a-period-essity-bodyform-amvbbdo-2025-14/
LIA Awards,2025,Bronze,Amazon XCM,Santa Monica,UNITED STATES,Online Film,Branded Content Campaign,Amazon - 5-Star Theater with Adam Driver,Banana Slicer,Amazon,,,/awards/lia_awards/2025/campaigns/banana-slicer-amazon-5-star-theater-with-adam-driver-2025/
LIA Awards,2025,Bronze,Amazon XCM,Santa Monica,UNITED STATES,Online Film,Creativity in Commerce Campaign,Amazon - 5-Star Theater with Adam Driver,Banana Slicer,Amazon,,,/awards/lia_awards/2025/campaigns/banana-slicer-amazon-5-star-theater-with-adam-driver-2025-2/
LIA Awards,2025,Bronze,TBWA-Media Arts Lab,Los Angeles,UNITED STATES,Online Film,Technology Tech Equipment,Apple,Someday,Apple,TBWA-Media Arts Lab,Los Angeles,/awards/lia_awards/2025/campaigns/someday-apple-tbwa-media-arts-lab-2025-2/
LIA Awards,2025,Bronze,Disney,Los Angeles,UNITED STATES,Online Film,Branded Entertainment,Disney,The Boy The Octopus,Disney,adameveDDB London-adameveDDB New York-adameveDDB,Los Angeles,/awards/lia_awards/2025/campaigns/the-boy-the-octopus-disney-adameveddb-london-adameveddb-new-york-adameveddb-2025-3/
LIA Awards,2025,Bronze,Arnold Worldwide,Boston,UNITED STATES,Online Film,B2B,Toast,One of Those Nights,Toast,Arnold,Boston,/awards/lia_awards/2025/campaigns/one-of-those-nights-toast-arnold-2025/
LIA Awards,2025,Bronze,Cheil Worldwide,Seoul,KOREA,Package Design,Promotional Packaging,GS25,Lifeguard Snack,GS25 Retail,Cheil Worldwide,Seoul,/awards/lia_awards/2025/campaigns/lifeguard-snack-gs25-cheil-worldwide-2025/
LIA Awards,2025,Bronze,VCCP,London,UNITED KINGDOM,Package Design,Foods,Cadbury Dairy Milk,Made to Share,Mondelez International,VCCP,London,/awards/lia_awards/2025/campaigns/made-to-share-cadbury-dairy-milk-vccp-2025-3/
LIA Awards,2025,Bronze,BBDO New York,New York,UNITED STATES,Package Design,Sustainable Packaging SDG,BACARDI Sugarcane Vinyl,Sugarcane Vinyl,BACARDI,BBDO New York,New York,/awards/lia_awards/2025/campaigns/sugarcane-vinyl-bacardi-sugarcane-vinyl-bbdo-new-york-2025/
LIA Awards,2025,Bronze,adameveDDB New York,New York,UNITED STATES,Package Design,Health Pharma,Gift of Life Marrow Registry - Doublemint,Hero Gum,Gift of Life Marrow Registry,adameveDDB New York,New York,/awards/lia_awards/2025/campaigns/hero-gum-gift-of-life-marrow-registry-doublemint-adameveddb-new-york-2025/
LIA Awards,2025,Bronze,Godrej Creative Lab,Mumbai,INDIA,Pharma Medical,Branded Education and Services,Eyebetes,The Naga Saint Eye Test,Eyebetes Foundation,Godrej Creative Lab,Mumbai,/awards/lia_awards/2025/campaigns/the-naga-saint-eye-test-eyebetes-godrej-creative-lab-2025-3/
LIA Awards,2025,Bronze,Ogilvy UK,London,UNITED KINGDOM,Pharma Medical,Branded Patient Engagement,Alexion,Rare Toys,AstraZeneca,Ogilvy UK,London,/awards/lia_awards/2025/campaigns/rare-toys-alexion-ogilvy-uk-2025/
LIA Awards,2025,Bronze,Weber Shandwick,New York,UNITED STATES,Pharma Medical,Branded Pharmaceuticals and Vaccines Campaign,Abrysvo,Rated RSV Fireplace Rated RSV Bubble Bath,Pfizer,Weber Shandwick,New York,/awards/lia_awards/2025/campaigns/rated-rsv-fireplace-rated-rsv-bubble-bath-abrysvo-weber-shandwick-2025/
LIA Awards,2025,Bronze,Area 23 an IPG Health Company,New York,UNITED STATES,Pharma Medical,Unbranded Physicians and Healthcare Providers - Professional Services Campaign,Apfed - American Partnership for Eosinophilic Disorders,Diagnose This Film,Apfed - American Partnership for Eosinophilic Disorders,Area 23 an IPG Health Company,New York,/awards/lia_awards/2025/campaigns/diagnose-this-film-apfed-american-partnership-for-eosinophilic-disorders-area-23-an-ipg-health-company-2025/
LIA Awards,2025,Bronze,FCB Health New York an IPG Health Company,New York,UNITED STATES,Pharma Medical,Branded Use of Social Media,Cologuard,White Knight,Exact Sciences,FCB Health New York an IPG Health Company,New York,/awards/lia_awards/2025/campaigns/white-knight-cologuard-fcb-health-new-york-an-ipg-health-company-2025/
LIA Awards,2025,Bronze,FCB Health New York an IPG Health Company,New York,UNITED STATES,Pharma Medical,Branded Devices and Diagnostics Campaign,Cologuard,White Knight,Exact Sciences,FCB Health New York an IPG Health Company,New York,/awards/lia_awards/2025/campaigns/white-knight-cologuard-fcb-health-new-york-an-ipg-health-company-2025-2/
LIA Awards,2025,Bronze,Ogilvy Health,New York,UNITED STATES,Pharma Medical,Branded AI-Enabled Pharma Medical,Eurofarma,Baby Minder,Eurofarma,Ogilvy Health,New York,/awards/lia_awards/2025/campaigns/baby-minder-eurofarma-ogilvy-health-2025-4/
LIA Awards,2025,Bronze,Area 23 an IPG Health Company,New York,UNITED STATES,Pharma Medical,Unbranded Patient Engagement,Eurofarma-Unicorns Unicorns-Cherab Foundation,Autism Rocks,Eurofarma-Cherab Foundation,Area 23 an IPG Health Company,New York,/awards/lia_awards/2025/campaigns/autism-rocks-eurofarma-unicorns-unicorns-cherab-foundation-area-23-an-ipg-health-company-2025-2/
LIA Awards,2025,Bronze,Novo Nordisk,Bagsvaerd,DENMARK,Pharma Medical-Craft,Cinematography,Novo Nordisk Heart Disease Research,The Broken Heart,Novo Nordisk,,,/awards/lia_awards/2025/campaigns/the-broken-heart-novo-nordisk-heart-disease-research-2025/
LIA Awards,2025,Bronze,Novo Nordisk,Bagsvaerd,DENMARK,Pharma Medical-Craft,Direction,Novo Nordisk Heart Disease Research,The Broken Heart,Novo Nordisk,,,/awards/lia_awards/2025/campaigns/the-broken-heart-novo-nordisk-heart-disease-research-2025-2/
LIA Awards,2025,Bronze,VML Spain,Madrid,SPAIN,Pharma Medical-Craft,Production Design,Friedreich I,Friedreich I,Biogen,VML Spain,Madrid,/awards/lia_awards/2025/campaigns/friedreich-i-friedreich-i-vml-spain-2025-2/
LIA Awards,2025,Bronze,VML Spain,Madrid,SPAIN,Pharma Medical-Craft,UX - User Experience,PainVisible,PainVisible,Aritium,VML Spain Madrid-VML,New York,/awards/lia_awards/2025/campaigns/painvisible-painvisible-vml-spain-madrid-vml-2025-3/
LIA Awards,2025,Bronze,21Grams,London,UNITED KINGDOM,Pharma Medical-Craft,CGI Animation,Covid Awareness,Covidball,AstraZeneca,21Grams,London,/awards/lia_awards/2025/campaigns/covidball-covid-awareness-21grams-2025-2/
LIA Awards,2025,Bronze,21Grams,London,UNITED KINGDOM,Pharma Medical-Craft,Sound Design,Covid Awareness,Covidball,AstraZeneca,21Grams,London,/awards/lia_awards/2025/campaigns/covidball-covid-awareness-21grams-2025-3/
LIA Awards,2025,Bronze,Area 23 an IPG Health Company,New York,UNITED STATES,Pharma Medical-Craft,UI - User Interface Navigation,Apfed - American Partnership for Eosinophilic Disorders,Diagnose This Film,Apfed - American Partnership for Eosinophilic Disorders,Area 23 an IPG Health Company,New York,/awards/lia_awards/2025/campaigns/diagnose-this-film-apfed-american-partnership-for-eosinophilic-disorders-area-23-an-ipg-health-company-2025-2/
LIA Awards,2025,Bronze,Area 23 an IPG Health Company,New York,UNITED STATES,Pharma Medical-Craft,CGI Animation,Apfed - American Partnership for Eosinophilic Disorders,The End of the Internet,Apfed - American Partnership for Eosinophilic Disorders,Area 23 an IPG Health Company,New York,/awards/lia_awards/2025/campaigns/the-end-of-the-internet-apfed-american-partnership-for-eosinophilic-disorders-area-23-an-ipg-health-company-2025/
LIA Awards,2025,Bronze,Area 23 an IPG Health Company,New York,UNITED STATES,Pharma Medical-Craft,UX - User Experience,Eurofarma-Unicorns Unicorns-Cherab Foundation,Autism Rocks,Eurofarma-Cherab Foundation,Area 23 an IPG Health Company,New York,/awards/lia_awards/2025/campaigns/autism-rocks-eurofarma-unicorns-unicorns-cherab-foundation-area-23-an-ipg-health-company-2025-3/
LIA Awards,2025,Bronze,21Grams,New York,UNITED STATES,Pharma Medical-Craft,Cinematography,HEMLIBRA,Orbit,Genentech,21Grams,New York,/awards/lia_awards/2025/campaigns/orbit-hemlibra-21grams-2025/
LIA Awards,2025,Bronze,Marcel,Paris,FRANCE,Poster,Beauty Well-being,Kiehls,Pubic Service Announcement,LOreal,Marcel,Paris,/awards/lia_awards/2025/campaigns/pubic-service-announcement-kiehls-marcel-2025-2/
LIA Awards,2025,Bronze,Ogilvy Group Germany,Frankfurt,GERMANY,Poster,Craft Art Direction Campaign,German Rail - Connecting Europe,Netherlands Austria Denmark Spain,German Rail,Ogilvy Group Germany,Frankfurt,/awards/lia_awards/2025/campaigns/netherlands-austria-denmark-spain-german-rail-connecting-europe-ogilvy-group-germany-2025-3/
LIA Awards,2025,Bronze,DAVID,Miami,UNITED STATES,Poster,Craft Photography Campaign,Corona - Corona Eclipse,Uruguay Brazil Argentina,AB INBEV,DAVID,Miami,/awards/lia_awards/2025/campaigns/uruguay-brazil-argentina-corona-corona-eclipse-david-2025-3/
LIA Awards,2025,Bronze,The Nine,Shanghai,CHINA,Print,Craft Photography Campaign,Yotkan Ancient City in Xinjiang China,Magnificent Campaign,Yotkan Ancient City in Xinjiang China,The Nine,Shanghai,/awards/lia_awards/2025/campaigns/magnificent-campaign-yotkan-ancient-city-in-xinjiang-china-the-nine-2025/
LIA Awards,2025,Bronze,VML,Prague,CZECH REPUBLIC,Print,Zeitgeist Campaign,KitKat,Crowd Street Public Transport,Nestle,VML,Prague,/awards/lia_awards/2025/campaigns/crowd-street-public-transport-kitkat-vml-2025/
LIA Awards,2025,Bronze,Marcel,Paris,FRANCE,Print,Craft Typography,Kiehls,Pubic Service Announcement,LOreal,Marcel,Paris,/awards/lia_awards/2025/campaigns/pubic-service-announcement-kiehls-marcel-2025-3/
LIA Awards,2025,Bronze,Akestam Holst NoA,Stockholm,SWEDEN,Print,Retail,IKEA,Blackout Ad,IKEA,Akestam Holst NoA,Stockholm,/awards/lia_awards/2025/campaigns/blackout-ad-ikea-akestam-holst-noa-2025/
LIA Awards,2025,Bronze,Grey London,London,UNITED KINGDOM,Print,Beverages Campaign,Stella Artois,The Sip of Sanctuary The Protector of the Chalice Happiness Within Chaos,AB InBev,Grey London,London,/awards/lia_awards/2025/campaigns/the-sip-of-sanctuary-the-protector-of-the-chalice-happiness-within-chaos-stella-artois-grey-london-2025/
LIA Awards,2025,Bronze,DAVID,Miami,UNITED STATES,Print,Beverages Campaign,Corona - Corona Eclipse,Uruguay Brazil Argentina,AB INBEV,DAVID,Miami,/awards/lia_awards/2025/campaigns/uruguay-brazil-argentina-corona-corona-eclipse-david-2025-4/
LIA Awards,2025,Bronze,Ogilvy New York,New York,UNITED STATES,Print,Beverages Campaign,Stella Artois - Hiders Keepers,Birthday Party Dinner Game Day,AB inBev,Ogilvy,New York,/awards/lia_awards/2025/campaigns/birthday-party-dinner-game-day-stella-artois-hiders-keepers-ogilvy-2025/
LIA Awards,2025,Bronze,FINCH,Sydney,AUSTRALIA,Production Post-Production,Cinematography,Samsung,Let Go,Samsung Electronics Co Ltd,DDB Aotearoa,Auckland,/awards/lia_awards/2025/campaigns/let-go-samsung-ddb-aotearoa-2025/
LIA Awards,2025,Bronze,Revolver,Sydney,AUSTRALIA,Production Post-Production,Direction,Telstra,Donkey,Telstra Group Limited,Bear Meets Eagle on Fire,Sydney,/awards/lia_awards/2025/campaigns/donkey-telstra-bear-meets-eagle-on-fire-2025/
LIA Awards,2025,Bronze,Altvfx,Brisbane,AUSTRALIA,Production Post-Production,CGI Animation Campaign,Telstra,Four Legged Friend Mirror Mirror Magnetic Boy,Telstra,Bear Meets Eagle on Fire,,/awards/lia_awards/2025/campaigns/four-legged-friend-mirror-mirror-magnetic-boy-telstra-bear-meets-eagle-on-fire-2025/
LIA Awards,2025,Bronze,Bear Meets Eagle On Fire,Sydney,AUSTRALIA,Production Post-Production,Performance-Casting Campaign,Telstra,Scamageddon Deceiver Lever Scamalanche Villains BTS,Alita McMenamin,Bear Meets Eagle On Fire,Sydney,/awards/lia_awards/2025/campaigns/scamageddon-deceiver-lever-scamalanche-villains-bts-telstra-bear-meets-eagle-on-fire-2025/
LIA Awards,2025,Bronze,Revolver,Sydney,AUSTRALIA,Production Post-Production,Production Design,Telstra,Shoemaker,Telstra Group Limited,Bear Meets Eagle On Fire,Sydney,/awards/lia_awards/2025/campaigns/shoemaker-telstra-bear-meets-eagle-on-fire-2025/
LIA Awards,2025,Bronze,Mutant,Antwerp,BELGIUM,Production Post-Production,CGI Animation,De Warmste Week,De Warmste Week 2024 - Fighting Against Loneliness,VRT,Mutant,Antwerp,/awards/lia_awards/2025/campaigns/de-warmste-week-2024-fighting-against-loneliness-de-warmste-week-mutant-2025/
LIA Awards,2025,Bronze,Mutant,Antwerp,BELGIUM,Production Post-Production,Editing,Paralympic Team Belgium,The Empty Seat,Paralympic Team Belgium,Mutant,Antwerp,/awards/lia_awards/2025/campaigns/the-empty-seat-paralympic-team-belgium-mutant-2025/
LIA Awards,2025,Bronze,FCB Canada,Toronto,CANADA,Production Post-Production,Performance-Casting,SickKids Foundation,The Count,SickKids Foundation,FCB,Toronto,/awards/lia_awards/2025/campaigns/the-count-sickkids-foundation-fcb-2025-9/
LIA Awards,2025,Bronze,Salt XC,Toronto,CANADA,Production Post-Production,AI,Visa Play and Stay,Field the Future,Visa,Salt XC,Toronto,/awards/lia_awards/2025/campaigns/field-the-future-visa-play-and-stay-salt-xc-2025/
LIA Awards,2025,Bronze,Saatchi Saatchi Germany,Dusseldorf,GERMANY,Production Post-Production,Cinematography,Deutsche Telekom,Bubbles,Deutsche Telekom,Saatchi Saatchi Germany-MUW Saatchi Saatchi Bratislava,,/awards/lia_awards/2025/campaigns/bubbles-deutsche-telekom-saatchi-saatchi-germany-muw-saatchi-saatchi-bratislava-2025-2/
LIA Awards,2025,Bronze,SERVICEPLAN GERMANY,Munich,GERMANY,Production Post-Production,Editing,Lufthansa,All It Takes Is A Yes,Deutsche Lufthansa AG,SERVICEPLAN GERMANY,Munich,/awards/lia_awards/2025/campaigns/all-it-takes-is-a-yes-lufthansa-serviceplan-germany-2025/
LIA Awards,2025,Bronze,Studio Eeksaurus Productions,Mumbai,INDIA,Production Post-Production,Production Design,Centre for Pastoralism,Desi Oon,Centre for Pastoralism,Studio Eeksaurus Productions,Mumbai,/awards/lia_awards/2025/campaigns/desi-oon-centre-for-pastoralism-studio-eeksaurus-productions-2025-2/
LIA Awards,2025,Bronze,SIX inc,Tokyo,JAPAN,Production Post-Production,Visual Effects,Toyota Gazoo Racing,Go GR Supra Safety Car,TOYOTA MOTOR CORPORATION,SIX inc,Tokyo,/awards/lia_awards/2025/campaigns/go-gr-supra-safety-car-toyota-gazoo-racing-six-inc-2025/
LIA Awards,2025,Bronze,BigTime Creative Shop,Riyadh,SAUDI ARABIA,Production Post-Production,Performance-Casting,General Entertainment Authority,Everything or Nothing,General Entertainment Authority,BigTime Creative Shop,Riyadh,/awards/lia_awards/2025/campaigns/everything-or-nothing-general-entertainment-authority-bigtime-creative-shop-2025-4/
LIA Awards,2025,Bronze,BigTime Creative Shop,Riyadh,SAUDI ARABIA,Production Post-Production,Cinematography,General Entertainment Authority,Obsession,General Entertainment Authority,BigTime Creative Shop,Riyadh,/awards/lia_awards/2025/campaigns/obsession-general-entertainment-authority-bigtime-creative-shop-2025-2/
LIA Awards,2025,Bronze,BigTime Creative Shop,Riyadh,SAUDI ARABIA,Production Post-Production,Visual Effects,General Entertainment Authority,Obsession,General Entertainment Authority,BigTime Creative Shop,Riyadh,/awards/lia_awards/2025/campaigns/obsession-general-entertainment-authority-bigtime-creative-shop-2025-3/
LIA Awards,2025,Bronze,Ogilvy Taipei,Taipei,TAIWAN,Production Post-Production,Direction Campaign,104 Job Bank - 104 Dream Jobs Unlimited,Window Grille Maker-Chiu Hung-yi Prison Administrator-Lin Wen-wei Font Designer-Tseng Kuo-rong,104 Job Bank,Ogilvy Taipei,Taipei,/awards/lia_awards/2025/campaigns/window-grille-maker-chiu-hung-yi-prison-administrator-lin-wen-wei-font-designer-tseng-kuo-rong-104-job-bank-104-dream-jo/
LIA Awards,2025,Bronze,FCB London,London,UNITED KINGDOM,Production Post-Production,Editing,Andrex - Get Comfortable,First School Poo,Kimberly-Clark,FCB London,London,/awards/lia_awards/2025/campaigns/first-school-poo-andrex-get-comfortable-fcb-london-2025-2/
LIA Awards,2025,Bronze,Riff Raff Films,London,UNITED KINGDOM,Production Post-Production,Production Design,Retail,The Gifting Hour,John Lewis,Saatchi Saatchi,London,/awards/lia_awards/2025/campaigns/the-gifting-hour-retail-saatchi-saatchi-2025/
LIA Awards,2025,Bronze,Time Based Arts,London,UNITED KINGDOM,Production Post-Production,Visual Effects,Revolut,Money Possibilities,Revolut,Anomaly UK,London,/awards/lia_awards/2025/campaigns/money-possibilities-revolut-anomaly-uk-2025/
LIA Awards,2025,Bronze,The Martin Agency,Richmond,UNITED STATES,Production Post-Production,Stop-Frame Animation Campaign,Cinnamon Toast Crunch Cereal - Must Cinnadust Campaign,Fridge Alley Last Piece Plastic Sheet Spoon Swim BTS,General Mills,The Martin Agency,Richmond,/awards/lia_awards/2025/campaigns/fridge-alley-last-piece-plastic-sheet-spoon-swim-bts-cinnamon-toast-crunch-cereal-must-cinnadust-campaign-the-martin-age/
LIA Awards,2025,Bronze,Disney,Los Angeles,UNITED STATES,Production Post-Production,Direction,Disney,The Boy The Octopus,Disney,adameveDDB London-adameveDDB New York-adameveDDB,Los Angeles,/awards/lia_awards/2025/campaigns/the-boy-the-octopus-disney-adameveddb-london-adameveddb-new-york-adameveddb-2025-4/
LIA Awards,2025,Bronze,Biscuit Filmworks,Los Angeles,UNITED STATES,Production Post-Production,Direction,Squarespace,A Tale As Old As Websites,Squarespace,,,/awards/lia_awards/2025/campaigns/a-tale-as-old-as-websites-squarespace-2025/
LIA Awards,2025,Bronze,AlmapBBDO,Sao Paulo,BRAZIL,Transformative Business Impact,Brand Purpose,Pedigree,Pedigree Caramelo,Mars,AlmapBBDO,Sao Paulo,/awards/lia_awards/2025/campaigns/pedigree-caramelo-pedigree-almapbbdo-2025-7/
LIA Awards,2025,Bronze,FP7 McCann,Dubai,UNITED ARAB EMIRATES,Transformative Business Impact,Brand Purpose,Puck,Recipe for Change,Arla Foods MEA,FP7 McCann,Dubai,/awards/lia_awards/2025/campaigns/recipe-for-change-puck-fp7-mccann-2025-3/
LIA Awards,2025,Bronze,Bear Meets Eagle On Fire,Sydney,AUSTRALIA,TV Cinema,Utilities,Telstra,Together is For Christmas,Telstra,Bear Meets Eagle On Fire,Sydney,/awards/lia_awards/2025/campaigns/together-is-for-christmas-telstra-bear-meets-eagle-on-fire-2025/
LIA Awards,2025,Bronze,Bear Meets Eagle On Fire,Sydney,AUSTRALIA,TV Cinema,B2B,Telstra,Wherever Your Business Goes,Telstra,Bear Meets Eagle On Fire,Sydney,/awards/lia_awards/2025/campaigns/wherever-your-business-goes-telstra-bear-meets-eagle-on-fire-2025/
LIA Awards,2025,Bronze,LG2,Montreal,CANADA,TV Cinema,Branded Content,Fondation CHU Sainte-Justine,The Orange,Fondation CHU Sainte-Justine,LG2,,/awards/lia_awards/2025/campaigns/the-orange-fondation-chu-sainte-justine-lg2-2025/
LIA Awards,2025,Bronze,Klick Health,Toronto,CANADA,TV Cinema,Branded Entertainment,Second Nurture,18 Months,Second Nurture,Klick Health,Toronto,/awards/lia_awards/2025/campaigns/18-months-second-nurture-klick-health-2025-11/
LIA Awards,2025,Bronze,Klick Health,Toronto,CANADA,TV Cinema,Public Service-Charity-NGO,Second Nurture,18 Months,Second Nurture,Klick Health,Toronto,/awards/lia_awards/2025/campaigns/18-months-second-nurture-klick-health-2025-12/
LIA Awards,2025,Bronze,VML Ogilvy Japan,Tokyo,JAPAN,TV Cinema,Humor Campaign,Fanta,Mr Drone Mr Wild Ms Hot Spring,The Coca-Cola Company,VML Ogilvy Japan,Tokyo,/awards/lia_awards/2025/campaigns/mr-drone-mr-wild-ms-hot-spring-fanta-vml-ogilvy-japan-2025-2/
LIA Awards,2025,Bronze,Made Mexico,Mexico City,MEXICO,TV Cinema,Public Service-Charity-NGO,ILAS,The Ugliest Sweater,ILAS,Made Mexico,Mexico City,/awards/lia_awards/2025/campaigns/the-ugliest-sweater-ilas-made-mexico-2025/
LIA Awards,2025,Bronze,Try,Oslo,NORWAY,TV Cinema,Copywriting Campaign,IKEA,Hope Mornings Picky Awake,IKEA,Try,Oslo,/awards/lia_awards/2025/campaigns/hope-mornings-picky-awake-ikea-try-2025/
LIA Awards,2025,Bronze,Ogilvy Bangkok,Bangkok,THAILAND,TV Cinema,Banking Finance,Thai Life Insurance,Unfading Love,Thai Life Insurance Public Company Limited,Ogilvy Bangkok,Bangkok,/awards/lia_awards/2025/campaigns/unfading-love-thai-life-insurance-ogilvy-bangkok-2025/
LIA Awards,2025,Bronze,TBWA-Media Arts Lab,Los Angeles,UNITED STATES,TV Cinema,Technology Tech Equipment,Apple,Someday,Apple,TBWA-Media Arts Lab,Los Angeles,/awards/lia_awards/2025/campaigns/someday-apple-tbwa-media-arts-lab-2025-3/
LIA Awards,2025,Bronze,Rethink,Toronto,CANADA,Use of Social Media Influencers,Retail,IKEA,U up,IKEA,Rethink,Toronto,/awards/lia_awards/2025/campaigns/u-up-ikea-rethink-2025-9/
LIA Awards,2025,Bronze,Rethink,Toronto,CANADA,Use of Social Media Influencers,Beverages,Molson Coors,Paid Through Parents,Molson Coors Beverage Company,Rethink,Toronto,/awards/lia_awards/2025/campaigns/paid-through-parents-molson-coors-rethink-2025-7/
LIA Awards,2025,Bronze,Sancho BBDO,Bogota,COLOMBIA,Use of Social Media Influencers,Innovative Use of Social or Influencer,Netflix,The Self Lawsuit,Netflix,Sancho BBDO,Bogota,/awards/lia_awards/2025/campaigns/the-self-lawsuit-netflix-sancho-bbdo-2025-3/
LIA Awards,2025,Bronze,LePub Mexico City,Mexico City,MEXICO,Use of Social Media Influencers,Best Use of Real Time Advertising,Tecate,All In For Macario,Nicolas Alvarez Schiano,LePub Mexico City,Mexico City,/awards/lia_awards/2025/campaigns/all-in-for-macario-tecate-lepub-mexico-city-2025/
LIA Awards,2025,Bronze,LePub Mexico City,Mexico City,MEXICO,Use of Social Media Influencers,Beverages,Tecate Light,Gulf of Mexico Bar,Heineken Group,LePub Mexico City,Mexico City,/awards/lia_awards/2025/campaigns/gulf-of-mexico-bar-tecate-light-lepub-mexico-city-2025-14/
LIA Awards,2025,Bronze,Leo,London,UNITED KINGDOM,Use of Social Media Influencers,Automotive,Skoda UK,The Redditor Edit,Skoda UK,Leo,London,/awards/lia_awards/2025/campaigns/the-redditor-edit-skoda-uk-leo-2025/
LIA Awards,2025,Bronze,McCann London,London,UNITED KINGDOM,Use of Social Media Influencers,Gaming,Xbox,The Cheeky Controller,Xbox,McCann London,London,/awards/lia_awards/2025/campaigns/the-cheeky-controller-xbox-mccann-london-2025-3/
LIA Awards,2025,Bronze,Amazon XCM,Santa Monica,UNITED STATES,Use of Social Media Influencers,Branded Content,Amazon,5-Star Theater with Adam Driver,Amazon,,,/awards/lia_awards/2025/campaigns/5-star-theater-with-adam-driver-amazon-2025-3/
LIA Awards,2025,Bronze,MC Saatchi North America,New York,UNITED STATES,Use of Social Media Influencers,Travel Tourism,Business Iceland,Love Iceland,Business Iceland,MC Saatchi North America,New York,/awards/lia_awards/2025/campaigns/love-iceland-business-iceland-mc-saatchi-north-america-2025/
LIA Awards,2025,Bronze,DAVID New York,New York,UNITED STATES,Use of Social Media Influencers,Branded Entertainment,Clash of Clans,Hammerless,Supercell,DAVID New York,New York,/awards/lia_awards/2025/campaigns/hammerless-clash-of-clans-david-new-york-2025-3/
LIA Awards,2025,Bronze,DAVID New York,New York,UNITED STATES,Use of Social Media Influencers,Gaming,Clash Royale,The Royale Will,Supercell,DAVID New York,New York,/awards/lia_awards/2025/campaigns/the-royale-will-clash-royale-david-new-york-2025/
LIA Awards,2025,Bronze,Mojo Supermarket,New York,UNITED STATES,Use of Social Media Influencers,Use of Facebook,Facebook Marketplace,Haunted Marketplace,Creative X - Meta,Mojo Supermarket,New York,/awards/lia_awards/2025/campaigns/haunted-marketplace-facebook-marketplace-mojo-supermarket-2025/
LIA Awards,2025,Bronze,Ogilvy,New York,UNITED STATES,Use of Social Media Influencers,Branded Entertainment,San Pellegrino CIAO,With Love Italy,Nestle,Ogilvy,New York,/awards/lia_awards/2025/campaigns/with-love-italy-san-pellegrino-ciao-ogilvy-2025-2/
LIA Awards,2025,Bronze,Ogilvy,Chicago,UNITED STATES,Use of Social Media Influencers,Sustainability SDG,SC Johnson,Zuzu,SC Johnson,Ogilvy,Chicago,/awards/lia_awards/2025/campaigns/zuzu-sc-johnson-ogilvy-2025-2/
LIA Awards,2025,Finalist,Marcel,Paris,FRANCE,Ambient Activation,Creativity in Commerce,Lidl,Lidlize,Lidl,Marcel Paris-Publicis Groupe,Paris,/awards/lia_awards/2025/campaigns/lidlize-lidl-marcel-paris-publicis-groupe-2025-3/
LIA Awards,2025,Finalist,Saatchi Saatchi France,Paris,FRANCE,Ambient Activation,Corporate Purpose-Social Responsibility,Omni,Omnilivery,Omni,Saatchi Saatchi France,Paris,/awards/lia_awards/2025/campaigns/omnilivery-omni-saatchi-saatchi-france-2025-4/
LIA Awards,2025,Finalist,LePub,Milan,ITALY,Ambient Activation,Direct Marketing - Consumer,Heineken,Pub Succession,Heineken,LePub Milan-Publicis Dublin,Dublin,/awards/lia_awards/2025/campaigns/pub-succession-heineken-lepub-milan-publicis-dublin-2025-11/
LIA Awards,2025,Finalist,Ogilvy,Mexico City,MEXICO,Ambient Activation,Travel Tourism,Aeromexico,Aeromexicanos,Aeromexico,OGILVY,Mexico,/awards/lia_awards/2025/campaigns/aeromexicanos-aeromexico-ogilvy-2025/
LIA Awards,2025,Finalist,VML,Riyadh,SAUDI ARABIA,Ambient Activation,Creative Use of Data,Hungerstation,The Shaded Route,Hungerstation,VML,Riyadh,/awards/lia_awards/2025/campaigns/the-shaded-route-hungerstation-vml-2025-3/
LIA Awards,2025,Finalist,LePub APAC,Singapore,SINGAPORE,Ambient Activation,Creativity in Commerce,Heineken,Trust Bars,Nalini Bhagwandin,LePub Singapore-LePub,Milan,/awards/lia_awards/2025/campaigns/trust-bars-heineken-lepub-singapore-lepub-2025/
LIA Awards,2025,Finalist,Saatchi Saatchi ME,Dubai,UNITED ARAB EMIRATES,Ambient Activation,Beauty Well-being,NIVEA,Sun Courts,NIVEA,Saatchi Saatchi ME,Dubai,/awards/lia_awards/2025/campaigns/sun-courts-nivea-saatchi-saatchi-me-2025/
LIA Awards,2025,Finalist,Ogilvy UK,London,UNITED KINGDOM,Ambient Activation,Creativity on a Budget,Hellmanns,Club Classic,Unilever,Ogilvy UK,London,/awards/lia_awards/2025/campaigns/club-classic-hellmanns-ogilvy-uk-2025-2/
LIA Awards,2025,Finalist,Edelman,London,UNITED KINGDOM,Ambient Activation,Foods,Hellmanns Mayonnaise,Mayo Exchange,Unilever,Edelman,London,/awards/lia_awards/2025/campaigns/mayo-exchange-hellmanns-mayonnaise-edelman-2025-2/
LIA Awards,2025,Finalist,Arnold Worldwide,Boston,UNITED STATES,Ambient Activation,B2B,Toast,One of Those Nights,Toast,Arnold,Boston,/awards/lia_awards/2025/campaigns/one-of-those-nights-toast-arnold-2025-2/
LIA Awards,2025,Finalist,Thinkerbell,Melbourne,AUSTRALIA,Audio Radio,Craft Sound Design,Transport Accident Commission TAC,Australias Deadliest Predator,Transport Accident Commission TAC,Thinkerbell Melbourne-Thinkerbell,Sydney,/awards/lia_awards/2025/campaigns/australias-deadliest-predator-transport-accident-commission-tac-thinkerbell-melbourne-thinkerbell-2025/
LIA Awards,2025,Finalist,LePub Bogota,Bogota,COLOMBIA,Audio Radio,Use of Social Media,Mondelez Oreo,Oreo Voice Notes,Pablo Tibaldi,LePub,Bogota,/awards/lia_awards/2025/campaigns/oreo-voice-notes-mondelez-oreo-lepub-2025/
LIA Awards,2025,Finalist,SERVICEPLAN GERMANY,Munich,GERMANY,Audio Radio,Craft Performance-Casting,Techem,Ding Dong - Thong,Techem Energy Services,SERVICEPLAN GERMANY,Munich,/awards/lia_awards/2025/campaigns/ding-dong-thong-techem-serviceplan-germany-2025/
LIA Awards,2025,Finalist,Colenso BBDO,Auckland,NEW ZEALAND,Audio Radio,Craft Script Writing,Delivereasy,Crippled Pigeons,Delivereasy,Colenso BBDO,Auckland,/awards/lia_awards/2025/campaigns/crippled-pigeons-delivereasy-colenso-bbdo-2025/
LIA Awards,2025,Finalist,Colenso BBDO,Auckland,NEW ZEALAND,Audio Radio,Humor Campaign,Delivereasy,Killer Bees Crippled Pigeons Street Condoms,Delivereasy,Colenso BBDO,Auckland,/awards/lia_awards/2025/campaigns/killer-bees-crippled-pigeons-street-condoms-delivereasy-colenso-bbdo-2025/
LIA Awards,2025,Finalist,Ogilvy Canada,Toronto,CANADA,Billboard,Banking Finance,TD Wealth,Fractional Window Shopping,TD,Ogilvy Canada,Toronto,/awards/lia_awards/2025/campaigns/fractional-window-shopping-td-wealth-ogilvy-canada-2025/
LIA Awards,2025,Finalist,VML,Prague,CZECH REPUBLIC,Billboard,Foods Campaign,KitKat,Crowd Street Public Transport,Nestle,VML,Prague,/awards/lia_awards/2025/campaigns/crowd-street-public-transport-kitkat-vml-2025-2/
LIA Awards,2025,Finalist,VML,Prague,CZECH REPUBLIC,Billboard,Zeitgeist Campaign,KitKat,Crowd Street Public Transport,Nestle,VML,Prague,/awards/lia_awards/2025/campaigns/crowd-street-public-transport-kitkat-vml-2025-3/
LIA Awards,2025,Finalist,Ogilvy Paris,Paris,FRANCE,Billboard,Beverages Campaign,Maison Perrier Chic,Taxi Driver Pilots Fireman Surgeon,Maison Perrier,Ogilvy Paris,Levallois Perret,/awards/lia_awards/2025/campaigns/taxi-driver-pilots-fireman-surgeon-maison-perrier-chic-ogilvy-paris-2025/
LIA Awards,2025,Finalist,Ogilvy,Mexico City,MEXICO,Billboard,Travel Tourism Campaign,Aeromexico,Aeromexicanos Campaign,Aeromexico,OGILVY,Mexico,/awards/lia_awards/2025/campaigns/aeromexicanos-campaign-aeromexico-ogilvy-2025/
LIA Awards,2025,Finalist,David,Madrid,SPAIN,Billboard,Beverages Campaign,Coca-Cola,Mimi Awning El Campo Awning Prado Awning,The Coca-Cola Company,DAVID,Madrid,/awards/lia_awards/2025/campaigns/mimi-awning-el-campo-awning-prado-awning-coca-cola-david-2025-3/
LIA Awards,2025,Finalist,MullenLowe,London,UNITED KINGDOM,Billboard,Home Products Campaign,Persil Dirt Is Good,Football Kick Boxing Running,Unilever,MullenLowe,London,/awards/lia_awards/2025/campaigns/football-kick-boxing-running-persil-dirt-is-good-mullenlowe-2025/
LIA Awards,2025,Finalist,DAVID,Miami,UNITED STATES,Billboard,Beverages Campaign,Corona - Corona Eclipse,Uruguay Brazil Argentina,AB INBEV,DAVID,Miami,/awards/lia_awards/2025/campaigns/uruguay-brazil-argentina-corona-corona-eclipse-david-2025-5/
LIA Awards,2025,Finalist,Klick Health,Toronto,CANADA,Branded Content,Creative Use of Data,All In Action Fund,The Trial,All In Action Fund,Klick Health,Toronto,/awards/lia_awards/2025/campaigns/the-trial-all-in-action-fund-klick-health-2025/
LIA Awards,2025,Finalist,TBWA-Group China,Shanghai,CHINA,Branded Content,Audio,Yangzhou Municipal Bureau of Culture Radio TV and Tourism,The Yangzhou Qiao Bei Musical Suite,Yangzhou Municipal Bureau of Culture Radio TV and Tourism,TBWA-Group China,Shanghai,/awards/lia_awards/2025/campaigns/the-yangzhou-qiao-bei-musical-suite-yangzhou-municipal-bureau-of-culture-radio-tv-and-tourism-tbwa-group-china-2025-2/
LIA Awards,2025,Finalist,Ogilvy,Mexico City,MEXICO,Branded Content,Experiential and Events,Aeromeixco,Aeromexicanos,Aeromexico,OGILVY,Mexico,/awards/lia_awards/2025/campaigns/aeromexicanos-aeromeixco-ogilvy-2025/
LIA Awards,2025,Finalist,Apple Marcom Cupertino TBWA-Media Arts Lab,Los Angeles,UNITED STATES,Branded Content,Scripted Short Film,Apple,Submerged,Apple,TBWA-Media Arts Lab,Los Angeles,/awards/lia_awards/2025/campaigns/submerged-apple-tbwa-media-arts-lab-2025-5/
LIA Awards,2025,Finalist,DAVID New York,New York,UNITED STATES,Branded Content,Multi-Channel Storytelling,Clash of Clans,Clash the WWE,Supercell,DAVID New York,New York,/awards/lia_awards/2025/campaigns/clash-the-wwe-clash-of-clans-david-new-york-2025-5/
LIA Awards,2025,Finalist,Dentsu Creative US,Chicago,UNITED STATES,Branded Content,Use of Social Media,Oreo,Oreo Empire,Mondelez International,Dentsu Creative US,Chicago,/awards/lia_awards/2025/campaigns/oreo-empire-oreo-dentsu-creative-us-2025/
LIA Awards,2025,Finalist,MRM Spain,Madrid,SPAIN,Branded Entertainment,Documentary Short Film,Opella-Enterogermina,The Anti Murphy s Law Toast,Opella-Enterogermina,MRM Spain,Madrid,/awards/lia_awards/2025/campaigns/the-anti-murphy-s-law-toast-opella-enterogermina-mrm-spain-2025-2/
LIA Awards,2025,Finalist,TBWA-Media Arts Lab,Los Angeles,UNITED STATES,Branded Entertainment,Scripted Short Film,Apple,Someday,Apple,TBWA-Media Arts Lab,Los Angeles,/awards/lia_awards/2025/campaigns/someday-apple-tbwa-media-arts-lab-2025-4/
LIA Awards,2025,Finalist,Energy BBDO,Chicago,UNITED STATES,Branded Entertainment,Creative Use of Data,Change The Ref,The Final Exam,Change The Ref,Energy BBDO,Chicago,/awards/lia_awards/2025/campaigns/the-final-exam-change-the-ref-energy-bbdo-2025-14/
LIA Awards,2025,Finalist,Energy BBDO,Chicago,UNITED STATES,Branded Entertainment,Gaming,Change The Ref,The Final Exam,Change The Ref,Energy BBDO,Chicago,/awards/lia_awards/2025/campaigns/the-final-exam-change-the-ref-energy-bbdo-2025-15/
LIA Awards,2025,Finalist,GUT,Buenos Aires,ARGENTINA,Creative Strategy,Use of Media,Mercado Libre,Boxed Ads,Mercado Libre,GUT,Buenos Aires,/awards/lia_awards/2025/campaigns/boxed-ads-mercado-libre-gut-2025/
LIA Awards,2025,Finalist,Leo Australia,Sydney,AUSTRALIA,Creative Strategy,Creative Use of Data,Suncorp Insurance,Suncorp Haven,Suncorp Insurance,Leo Australia,Sydney,/awards/lia_awards/2025/campaigns/suncorp-haven-suncorp-insurance-leo-australia-2025-6/
LIA Awards,2025,Finalist,Ogilvy Australia,,AUSTRALIA,Creative Strategy,Contextual Insight,TCCC,Meet me at the Coke Sign,TCCC,Ogilvy,Australia,/awards/lia_awards/2025/campaigns/meet-me-at-the-coke-sign-tccc-ogilvy-2025-3/
LIA Awards,2025,Finalist,FCB,Toronto,CANADA,Creative Strategy,Health Care and Pharmaceuticals,SickKids Foundation,Fight for Every Birthday,SickKids Foundation,FCB,Toronto,/awards/lia_awards/2025/campaigns/fight-for-every-birthday-sickkids-foundation-fcb-2025/
LIA Awards,2025,Finalist,BETC,Paris,FRANCE,Creative Strategy,Consumer Insight,Laboratoire Gallia,Mommyphone,Danone,BETC,Paris,/awards/lia_awards/2025/campaigns/mommyphone-laboratoire-gallia-betc-2025-2/
LIA Awards,2025,Finalist,Publicis Conseil,,FRANCE,Creative Strategy,Automotive,Renault,Long-term,Renault,Publicis Conseil,Paris,/awards/lia_awards/2025/campaigns/long-term-renault-publicis-conseil-2025-3/
LIA Awards,2025,Finalist,SERVICEPLAN GERMANY,Munich,GERMANY,Creative Strategy,Finance,Herconomy,Breastmilk Money,Herconomy,SERVICEPLAN GERMANY,Munich,/awards/lia_awards/2025/campaigns/breastmilk-money-herconomy-serviceplan-germany-2025-8/
LIA Awards,2025,Finalist,Leo Manila,Makati,PHILIPPINES,Creative Strategy,Cultural Insight,McDonalds,Night Classroom,McDonalds Philippines,Leo Manila,Makati,/awards/lia_awards/2025/campaigns/night-classroom-mcdonalds-leo-manila-2025-2/
LIA Awards,2025,Finalist,VML Singapore,Singapore,SINGAPORE,Creative Strategy,Cultural Insight,LUX,LUX Reclaim Her Name,Unilever,VML,Singapore,/awards/lia_awards/2025/campaigns/lux-reclaim-her-name-lux-vml-2025/
LIA Awards,2025,Finalist,POVEM Communication and Business Consulting,Ljubljana,SLOVENIA,Creative Strategy,Finance,Mastercard,Sign of inclusion,Mastercard Europe SA Slovenian Branch,POVEM Communication and Business Consulting,Ljubljana,/awards/lia_awards/2025/campaigns/sign-of-inclusion-mastercard-povem-communication-and-business-consulting-2025/
LIA Awards,2025,Finalist,DAVID,Madrid,SPAIN,Creative Strategy,Cultural Insight,Coca-Cola,Shades of Red,The Coca Cola Company,DAVID,Madrid,/awards/lia_awards/2025/campaigns/shades-of-red-coca-cola-david-2025-6/
LIA Awards,2025,Finalist,Ogilvy,Colombo,SRI LANKA,Creative Strategy,Original Thinking,Promate,Second Life Notebooks,PrintXcel Pvt Ltd,Ogilvy,Colombo,/awards/lia_awards/2025/campaigns/second-life-notebooks-promate-ogilvy-2025-3/
LIA Awards,2025,Finalist,Prime Weber Shandwick,Stockholm,SWEDEN,Creative Strategy,Branded Content,Komatsu Demining Cambodia,Stories of Gentle Giants,Komatsu,,,/awards/lia_awards/2025/campaigns/stories-of-gentle-giants-komatsu-demining-cambodia-2025-2/
LIA Awards,2025,Finalist,Valtech RADON,Stockholm,SWEDEN,Creative Strategy,Use of Social Media,RFSU,Just Give a Fck,RFSU AB,Valtech RADON,Stockholm,/awards/lia_awards/2025/campaigns/just-give-a-fck-rfsu-valtech-radon-2025/
LIA Awards,2025,Finalist,LePub,Amsterdam,THE NETHERLANDS,Creative Strategy,Original Thinking,Philips,Fixables,Philips,LePub Amsterdam-LePub,Milan,/awards/lia_awards/2025/campaigns/fixables-philips-lepub-amsterdam-lepub-2025-3/
LIA Awards,2025,Finalist,Publicis Middle East,Dubai,UNITED ARAB EMIRATES,Creative Strategy,Use of Media,Home Centre,There We Are,Landmark Group,Publicis Middle East,Dubai,/awards/lia_awards/2025/campaigns/there-we-are-home-centre-publicis-middle-east-2025/
LIA Awards,2025,Finalist,FCB Health New York an IPG Health Company,New York,UNITED STATES,Creative Strategy,Customer Targeting,Sanofi,Badge of Honor,Sanofi,FCB Health New York an IPG Health Company,New York,/awards/lia_awards/2025/campaigns/badge-of-honor-sanofi-fcb-health-new-york-an-ipg-health-company-2025/
LIA Awards,2025,Finalist,Monks,Buenos Aires,ARGENTINA,Creative Use of Data,Data-Led Creativity,Netflix,Sennas Cut,Netflix Latam,Monks,Buenos Aires,/awards/lia_awards/2025/campaigns/sennas-cut-netflix-monks-2025-2/
LIA Awards,2025,Finalist,Ampfy,Sao Paulo,BRAZIL,Creative Use of Data,Data Visualization,Piracanjuba,The Missing Portraits,Piracanjuba,Ampfy,Sao Paulo,/awards/lia_awards/2025/campaigns/the-missing-portraits-piracanjuba-ampfy-2025/
LIA Awards,2025,Finalist,SERVICEPLAN GERMANY,Munich,GERMANY,Creative Use of Data,Data-Led Creativity,Herconomy,Breastmilk Money,Herconomy,SERVICEPLAN GERMANY,Munich,/awards/lia_awards/2025/campaigns/breastmilk-money-herconomy-serviceplan-germany-2025-9/
LIA Awards,2025,Finalist,GREY,New York,UNITED STATES,Creative Use of Data,Data-Led Creativity,Angel Soft,Pottytunities,Georgia Pacific Llc,GREY,New York,/awards/lia_awards/2025/campaigns/pottytunities-angel-soft-grey-2025-2/
LIA Awards,2025,Finalist,Area 23 an IPG Health Company,New York,UNITED STATES,Creative Use of Data,Data Collection and Research,Equality Health Foundation,Zip Code Exam,Equality Health Foundation,Area 23 an IPG Health Company,New York,/awards/lia_awards/2025/campaigns/zip-code-exam-equality-health-foundation-area-23-an-ipg-health-company-2025-9/
LIA Awards,2025,Finalist,McCann,London,UNITED KINGDOM,Creativity In B2B,Sustainability SDG,Reef Protection Factor,Reef Protection Factor,Stream2Sea,McCann,London,/awards/lia_awards/2025/campaigns/reef-protection-factor-reef-protection-factor-mccann-2025-3/
LIA Awards,2025,Finalist,Area 23 an IPG Health Company,New York,UNITED STATES,Creativity In B2B,Best Use of Earned Media,Gaviao Kyikateje FC,Kyikateje,Gaviao Kyikateje FC,Area 23 an IPG Health Company,New York,/awards/lia_awards/2025/campaigns/kyikateje-gaviao-kyikateje-fc-area-23-an-ipg-health-company-2025-5/
LIA Awards,2025,Finalist,Ogilvy Argentina,Buenos Aires,ARGENTINA,Creativity In Media,Use of Audio Platforms,Calm Is Simple,The Sound of Divorce,Calm es Simple,Ogilvy Argentina,Buenos Aires,/awards/lia_awards/2025/campaigns/the-sound-of-divorce-calm-is-simple-ogilvy-argentina-2025-4/
LIA Awards,2025,Finalist,VML,Sydney,AUSTRALIA,Creativity In Media,Use of Retail Media,Legacy Club Services,Legacy Lager,Legacy Club Services,VML,Sydney,/awards/lia_awards/2025/campaigns/legacy-lager-legacy-club-services-vml-2025/
LIA Awards,2025,Finalist,BETC HAVAS,Sao Paulo,BRAZIL,Creativity In Media,Use of Outdoor,Eletromidia,The Restless Posters,Eletromidia,BETC HAVAS,Sao Paulo,/awards/lia_awards/2025/campaigns/the-restless-posters-eletromidia-betc-havas-2025/
LIA Awards,2025,Finalist,Publicis,Toronto,CANADA,Creativity In Media,Restaurant Fast Food Food Service,Dairy Queen,Big Red Spoons,Dairy Queen,Publicis,Toronto,/awards/lia_awards/2025/campaigns/big-red-spoons-dairy-queen-publicis-2025-2/
LIA Awards,2025,Finalist,Publicis,Toronto,CANADA,Creativity In Media,Use of Events and Stunts,Dairy Queen,Big Red Spoons,Dairy Queen,Publicis,Toronto,/awards/lia_awards/2025/campaigns/big-red-spoons-dairy-queen-publicis-2025-3/
LIA Awards,2025,Finalist,Leo China,Shanghai,CHINA,Creativity In Media,Use of Retail Media,McDonalds,Found in the Shadows,M China Co Ltd,Leo China,Shanghai,/awards/lia_awards/2025/campaigns/found-in-the-shadows-mcdonalds-leo-china-2025/
LIA Awards,2025,Finalist,DAVID,Bogota,COLOMBIA,Creativity In Media,Use of Ambient Media,Aguila,Brand of the Match,AB INBEV,DAVID,Bogota,/awards/lia_awards/2025/campaigns/brand-of-the-match-aguila-david-2025-3/
LIA Awards,2025,Finalist,DAVID,Bogota,COLOMBIA,Creativity In Media,Use of Retail Media,Aguila,Unmelting Loyalty,AB InBev,DAVID,Bogota,/awards/lia_awards/2025/campaigns/unmelting-loyalty-aguila-david-2025-3/
LIA Awards,2025,Finalist,Buzzman,Paris,FRANCE,Creativity In Media,Use of Outdoor,Musee de lArmee,See Them for Real,Musee de lArmee,Buzzman,Paris,/awards/lia_awards/2025/campaigns/see-them-for-real-musee-de-larmee-buzzman-2025-2/
LIA Awards,2025,Finalist,Havas Play,Puteaux,FRANCE,Creativity In Media,Use of Digital Social and Gaming Platforms,Renault,Modder5,Renault,Havas Play,Puteaux,/awards/lia_awards/2025/campaigns/modder5-renault-havas-play-2025/
LIA Awards,2025,Finalist,SERVICEPLAN GERMANY,Munich,GERMANY,Creativity In Media,Retail E-Commerce,PENNY,Price Packs,PENNY,SERVICEPLAN GERMANY,Munich,/awards/lia_awards/2025/campaigns/price-packs-penny-serviceplan-germany-2025-6/
LIA Awards,2025,Finalist,Hakuhodo,Tokyo,JAPAN,Creativity In Media,Use of Outdoor,Tokucha,The Sync Ad,Suntory Holdings,Hakuhodo Tokyo-TBWA Hakuhodo Tokyo-Hakuhodo Kettle Tokyo-Signing,Tokyo,/awards/lia_awards/2025/campaigns/the-sync-ad-tokucha-hakuhodo-tokyo-tbwa-hakuhodo-tokyo-hakuhodo-kettle-tokyo-signing-2025/
LIA Awards,2025,Finalist,Cheil Worldwide,Seoul,KOREA,Creativity In Media,Non-Profit,WWF Korea,ANISTAY,WWF Korea,Cheil Worldwide,Seoul,/awards/lia_awards/2025/campaigns/anistay-wwf-korea-cheil-worldwide-2025/
LIA Awards,2025,Finalist,DAVID,Madrid,SPAIN,Creativity In Media,Use of TV and Other Screens,Netflix,Alcaraz Tattoo Reveal,Netflix Spain,DAVID,Madrid,/awards/lia_awards/2025/campaigns/alcaraz-tattoo-reveal-netflix-david-2025-2/
LIA Awards,2025,Finalist,Ogilvy UK,London,UNITED KINGDOM,Creativity In Media,Use of Ambient Media,Hellmanns,Club Classic,Unilever,Ogilvy UK,London,/awards/lia_awards/2025/campaigns/club-classic-hellmanns-ogilvy-uk-2025-3/
LIA Awards,2025,Finalist,Area 23 an IPG Health Company,New York,UNITED STATES,Creativity In Media,Non-Profit,Equality Health Foundation,Zip Code Exam,Equality Health Foundation,Area 23 an IPG Health Company,New York,/awards/lia_awards/2025/campaigns/zip-code-exam-equality-health-foundation-area-23-an-ipg-health-company-2025-10/
LIA Awards,2025,Finalist,VML,Dallas,UNITED STATES,Creativity In Media,Use of Digital Social and Gaming Platforms,US Navy,Navy SubReddit Hunt,US Navy,VML,Dallas,/awards/lia_awards/2025/campaigns/navy-subreddit-hunt-us-navy-vml-2025-2/
LIA Awards,2025,Finalist,Publicis,Toronto,CANADA,Creativity In PR,Corporate Purpose-Social Responsibility,Rogers,Wildfire Watchtowers,Rogers,Publicis,Toronto,/awards/lia_awards/2025/campaigns/wildfire-watchtowers-rogers-publicis-2025/
LIA Awards,2025,Finalist,Publicis Conseil,Paris,FRANCE,Creativity In PR,Automotive,Renault,UNPatent,Renault,Publicis Conseil,Paris,/awards/lia_awards/2025/campaigns/unpatent-renault-publicis-conseil-2025/
LIA Awards,2025,Finalist,LePub,Milan,ITALY,Creativity In PR,Corporate Purpose-Social Responsibility,Heineken,Starring Bars,Heineken,LePub Milan-LePub Singapore,Singapore,/awards/lia_awards/2025/campaigns/starring-bars-heineken-lepub-milan-lepub-singapore-2025-11/
LIA Awards,2025,Finalist,LePub,Milan,ITALY,Creativity In PR,Brand PR,Toblerone,Tantrum Girl,Modelez,LePub,Milan,/awards/lia_awards/2025/campaigns/tantrum-girl-toblerone-lepub-2025-4/
LIA Awards,2025,Finalist,LePub,Milan,ITALY,Creativity In PR,Food and Beverage,Toblerone,Tantrum Girl,Modelez,LePub,Milan,/awards/lia_awards/2025/campaigns/tantrum-girl-toblerone-lepub-2025-5/
LIA Awards,2025,Finalist,Leo Manila,Makati,PHILIPPINES,Creativity In PR,Best Local-Regional-National Market,McDonalds,Night Classroom,McDonalds Philippines,Leo Manila,Makati,/awards/lia_awards/2025/campaigns/night-classroom-mcdonalds-leo-manila-2025-3/
LIA Awards,2025,Finalist,NORD DDB,Stockholm,SWEDEN,Creativity In PR,Best Local-Regional-National Market,Nordea,The Parental Leave Mortgage,Nordea,NORD DDB,Stockholm,/awards/lia_awards/2025/campaigns/the-parental-leave-mortgage-nordea-nord-ddb-2025/
LIA Awards,2025,Finalist,Publicis London,London,UNITED KINGDOM,Creativity In PR,Automotive,Renault Scenic,Relationship Breakdown Cover,Renault UK,Publicis London,London,/awards/lia_awards/2025/campaigns/relationship-breakdown-cover-renault-scenic-publicis-london-2025/
LIA Awards,2025,Finalist,Area 23 an IPG Health Company,New York,UNITED STATES,Creativity In PR,Public Service-Charity-NGO,Equality Health Foundation,Zip Code Exam,Equality Health Foundation,Area 23 an IPG Health Company,New York,/awards/lia_awards/2025/campaigns/zip-code-exam-equality-health-foundation-area-23-an-ipg-health-company-2025-11/
LIA Awards,2025,Finalist,The Kitchen North America,Chicago,UNITED STATES,Creativity In PR,Best Use of Sponsorship,Kraft Heinz,Heir Richie x March Madness,Kraft Heinz,,,/awards/lia_awards/2025/campaigns/heir-richie-x-march-madness-kraft-heinz-2025/
LIA Awards,2025,Finalist,Grey Brasil,Sao Paulo,BRAZIL,Design,Sustainable Design SDG,Zespri,The 100 Home Compostable Sticker,Zespri International Limited,Grey Brasil,Sao Paulo,/awards/lia_awards/2025/campaigns/the-100-home-compostable-sticker-zespri-grey-brasil-2025-2/
LIA Awards,2025,Finalist,Juice An Omnicom Group Company and a conflict brand within TBWA,New Delhi,INDIA,Design,Best Regional-National Market,Air India Express Dictionary,The Inglish Dictionary,Air India Express,Juice An Omnicom Group Company and a conflict brand within TBWA,New Delhi,/awards/lia_awards/2025/campaigns/the-inglish-dictionary-air-india-express-dictionary-juice-an-omnicom-group-company-and-a-conflict-brand-within-tbwa-2025/
LIA Awards,2025,Finalist,Ogilvy,Bengaluru,INDIA,Design,Direct Marketing - Consumer Campaign,Titan Eye - Eye Test Menu,Hindi Set 1 Hindi Set 2 Gurmukhi Kannada Tamil English,Titan Company Limited,Ogilvy Bengaluru-Ogilvy,Mumbai,/awards/lia_awards/2025/campaigns/hindi-set-1-hindi-set-2-gurmukhi-kannada-tamil-english-titan-eye-eye-test-menu-ogilvy-bengaluru-ogilvy-2025/
LIA Awards,2025,Finalist,TBWA-Hakuhodo Inc,Tokyo,JAPAN,Design,Data Visualization,Japan Philharmonic Orchestra,The Symphony Plotter,Japan Philharmonic Orchestra,TBWA-Hakuhodo Inc,Tokyo,/awards/lia_awards/2025/campaigns/the-symphony-plotter-japan-philharmonic-orchestra-tbwa-hakuhodo-inc-2025/
LIA Awards,2025,Finalist,SIX inc,Tokyo,JAPAN,Design,Craft Motion Graphics - Animation,Toyota Gazoo Racing,Go GR Supra Safety Car,TOYOTA MOTOR CORPORATION,SIX inc,Tokyo,/awards/lia_awards/2025/campaigns/go-gr-supra-safety-car-toyota-gazoo-racing-six-inc-2025-2/
LIA Awards,2025,Finalist,TBWA-CHIAT-DAY,Los Angeles,UNITED STATES,Design,Rebrand,CANJA Audio Culture,Branding by Stereo,CANJA Audio Culture,TBWA-Chiat-Day LA,Los Angeles,/awards/lia_awards/2025/campaigns/branding-by-stereo-canja-audio-culture-tbwa-chiat-day-la-2025/
LIA Awards,2025,Finalist,DAVID,Miami,UNITED STATES,Design,Craft Photography Campaign,Corona - Corona Eclipse,Uruguay Brazil Argentina,AB INBEV,DAVID,Miami,/awards/lia_awards/2025/campaigns/uruguay-brazil-argentina-corona-corona-eclipse-david-2025-6/
LIA Awards,2025,Finalist,McCann NY,New York,UNITED STATES,Design,Creativity on a Budget,Last Prisoner Project,The Pen to Right History,Last Prisoner Project,McCann NY,New York,/awards/lia_awards/2025/campaigns/the-pen-to-right-history-last-prisoner-project-mccann-ny-2025-4/
LIA Awards,2025,Finalist,FCB Health New York an IPG Health Company,New York,UNITED STATES,Design,Craft Art Direction,SAFE Project,The Snowball,SAFE Project,FCB Health New York an IPG Health Company,New York,/awards/lia_awards/2025/campaigns/the-snowball-safe-project-fcb-health-new-york-an-ipg-health-company-2025-5/
LIA Awards,2025,Finalist,LC,New York,UNITED STATES,Design,Brand-Corporate ID,Tiffany Co,1837 Tiffany Blue Conservation,Tiffany Co,LC,New York City,/awards/lia_awards/2025/campaigns/1837-tiffany-blue-conservation-tiffany-co-lc-2025/
LIA Awards,2025,Finalist,Klick Health,Toronto,CANADA,Digital,Branded Content,All In Action Fund,The Trial,All In Action Fund,Klick Health,Toronto,/awards/lia_awards/2025/campaigns/the-trial-all-in-action-fund-klick-health-2025-2/
LIA Awards,2025,Finalist,Klick Health,Toronto,CANADA,Digital,Public Service-Charity-NGO,All In Action Fund,The Trial,All In Action Fund,Klick Health,Toronto,/awards/lia_awards/2025/campaigns/the-trial-all-in-action-fund-klick-health-2025-3/
LIA Awards,2025,Finalist,Ogilvy Colombia,Bogota,COLOMBIA,Digital,Foods,Nestle CAM,Low Hanging Nutrients,Nestle CAM,Ogilvy Colombia,Bogota,/awards/lia_awards/2025/campaigns/low-hanging-nutrients-nestle-cam-ogilvy-colombia-2025-2/
LIA Awards,2025,Finalist,DDB Colombia,Bogota,COLOMBIA,Digital,Creative Use of Data,Procolombia,Humanimal Tourism,Jorge Ivan Rueda,DDB Colombia,Bogota,/awards/lia_awards/2025/campaigns/humanimal-tourism-procolombia-ddb-colombia-2025-8/
LIA Awards,2025,Finalist,INNOCEAN,Berlin,GERMANY,Digital,Innovative Use of Digital,Billy Boy,Camdom The First Digital Condom,BILLY BOY,INNOCEAN,Berlin,/awards/lia_awards/2025/campaigns/camdom-the-first-digital-condom-billy-boy-innocean-2025-2/
LIA Awards,2025,Finalist,Grabarz Partner,Hamburg,GERMANY,Digital,Sustainability SDG,Deutsche Telekom,Warmland,Deutsche Telekom AG,Grabarz Partner,Hamburg,/awards/lia_awards/2025/campaigns/warmland-deutsche-telekom-grabarz-partner-2025/
LIA Awards,2025,Finalist,SERVICEPLAN GERMANY,Munich,GERMANY,Digital,Corporate Purpose-Social Responsibility,Herconomy,Breastmilk Money,Herconomy,SERVICEPLAN GERMANY,Munich,/awards/lia_awards/2025/campaigns/breastmilk-money-herconomy-serviceplan-germany-2025-10/
LIA Awards,2025,Finalist,Saatchi Saatchi Germany,Dusseldorf,GERMANY,Digital,Gaming,Oreo,Oreo Square Cookie,Mondelez International,Saatchi Saatchi Germany,,/awards/lia_awards/2025/campaigns/oreo-square-cookie-oreo-saatchi-saatchi-germany-2025-8/
LIA Awards,2025,Finalist,MullenLowe US,New York,UNITED STATES,Digital,Craft Visual Design,Art Directors Club,Be Seen By The Best Eyes,The One Club for Creativity,MullenLowe US,New York,/awards/lia_awards/2025/campaigns/be-seen-by-the-best-eyes-art-directors-club-mullenlowe-us-2025-3/
LIA Awards,2025,Finalist,Leo,Toronto,CANADA,Direct,Creativity on a Budget,Jif Peanut Butter,Text Peanut 1300 Times,Smucker Foods of Canada Corp,Leo,Toronto,/awards/lia_awards/2025/campaigns/text-peanut-1300-times-jif-peanut-butter-leo-2025/
LIA Awards,2025,Finalist,LePub,Milan,ITALY,Direct,B2B,Heineken,Starring Bars,Heineken,LePub Milan-LePub Singapore,Singapore,/awards/lia_awards/2025/campaigns/starring-bars-heineken-lepub-milan-lepub-singapore-2025-12/
LIA Awards,2025,Finalist,LePub APAC,Singapore,SINGAPORE,Direct,Experiential and Events,Heineken,Trust Bars,Nalini Bhagwandin,LePub Singapore-LePub,Milan,/awards/lia_awards/2025/campaigns/trust-bars-heineken-lepub-singapore-lepub-2025-2/
LIA Awards,2025,Finalist,David,Madrid,SPAIN,Direct,Integrated,Coca-Cola,Shades of Red,The Coca Cola Company,DAVID,Madrid,/awards/lia_awards/2025/campaigns/shades-of-red-coca-cola-david-2025-7/
LIA Awards,2025,Finalist,DAVID,Madrid,SPAIN,Direct,B2B,JCDecaux,Still Open,JCDecaux Spain,DAVID,Madrid,/awards/lia_awards/2025/campaigns/still-open-jcdecaux-david-2025-4/
LIA Awards,2025,Finalist,DAVID,Madrid,SPAIN,Direct,Out of Home - Instore and Transit,JCDecaux,Still Open,JCDecaux Spain,DAVID,Madrid,/awards/lia_awards/2025/campaigns/still-open-jcdecaux-david-2025-5/
LIA Awards,2025,Finalist,Dentsu Creative Thailand,Bangkok,THAILAND,Direct,Out of Home - Instore and Transit,Thai Health Promotion Foundation,The Seasoning of Change,Thai Health Promotion Foundation,Dentsu Creative Thailand Bangkok-Dentsu One Bangkok,Bangkok,/awards/lia_awards/2025/campaigns/the-seasoning-of-change-thai-health-promotion-foundation-dentsu-creative-thailand-bangkok-dentsu-one-bangkok-2025/
LIA Awards,2025,Finalist,Ogilvy UK,London,UNITED KINGDOM,Direct,Experiential and Events,Hellmanns,Club Classic,Unilever,Ogilvy UK,London,/awards/lia_awards/2025/campaigns/club-classic-hellmanns-ogilvy-uk-2025-4/
LIA Awards,2025,Finalist,INNOCEAN,Berlin,GERMANY,Evolution,Creative Technology,Billy Boy,Camdom The first digital condom,BILLY BOY,INNOCEAN,Berlin,/awards/lia_awards/2025/campaigns/camdom-the-first-digital-condom-billy-boy-innocean-2025-3/
LIA Awards,2025,Finalist,Energy BBDO,Chicago,UNITED STATES,Evolution,Gaming,Change The Ref,The Final Exam,Change The Ref,Energy BBDO,Chicago,/awards/lia_awards/2025/campaigns/the-final-exam-change-the-ref-energy-bbdo-2025-16/
LIA Awards,2025,Finalist,TBWA-Melbourne,Melbourne,AUSTRALIA,Health Wellness,Devices and Diagnostics Campaign,Specsavers ANZ,Welcome to Melbourne Welcome to Sydney Welcome to Perth Welcome to Adelaide Welcome to Darwin,Specsavers ANZ,TBWA-Melbourne,Melbourne,/awards/lia_awards/2025/campaigns/welcome-to-melbourne-welcome-to-sydney-welcome-to-perth-welcome-to-adelaide-welcome-to-darwin-specsavers-anz-tbwa-melbou/
LIA Awards,2025,Finalist,Klick Health,Toronto,CANADA,Health Wellness,Public Service-Charity-NGO,All In Action Fund,The Trial,All In Action Fund,Klick Health,Toronto,/awards/lia_awards/2025/campaigns/the-trial-all-in-action-fund-klick-health-2025-4/
LIA Awards,2025,Finalist,Klick Health,Toronto,CANADA,Health Wellness,OTC - Over-the-Counter,Bayer,See Your Risks,Bayer,Klick Health,Toronto,/awards/lia_awards/2025/campaigns/see-your-risks-bayer-klick-health-2025/
LIA Awards,2025,Finalist,john st,Toronto,CANADA,Health Wellness,Public Service-Charity-NGO Campaign,Canadian Stuttering Association,Repetition - stutterca Prolongation - stutterca Pauses - stutterca,Canadian Stuttering Association,john st,Toronto,/awards/lia_awards/2025/campaigns/repetition-stutterca-prolongation-stutterca-pauses-stutterca-canadian-stuttering-association-john-st-2025/
LIA Awards,2025,Finalist,Klick Health,Toronto,CANADA,Health Wellness,Innovation,Infinito Mare,Self-Healing Float,Infinito Mare,Klick Health,Toronto,/awards/lia_awards/2025/campaigns/self-healing-float-infinito-mare-klick-health-2025-2/
LIA Awards,2025,Finalist,FCB,Toronto,CANADA,Health Wellness,Public Service-Charity-NGO Campaign,SickKids Foundation,Fight For Every Birthday The Count,SickKids Foundation,FCB,Toronto,/awards/lia_awards/2025/campaigns/fight-for-every-birthday-the-count-sickkids-foundation-fcb-2025/
LIA Awards,2025,Finalist,Dentsu Creative France,Paris,FRANCE,Health Wellness,Animal Health,Generali,Urban Doggy Fit,Generali,Dentsu Creative France,Paris,/awards/lia_awards/2025/campaigns/urban-doggy-fit-generali-dentsu-creative-france-2025/
LIA Awards,2025,Finalist,Saatchi Saatchi France,Omni,FRANCE,Health Wellness,Innovation,Omni,Omnilivery,Omni,Saatchi Saatchi France,Paris,/awards/lia_awards/2025/campaigns/omnilivery-omni-saatchi-saatchi-france-2025-5/
LIA Awards,2025,Finalist,TBS,Madrid,SPAIN,Health Wellness,OTC - Over-the-Counter,Daflon,First Oral Treatment,Servier,TBS,Madrid,/awards/lia_awards/2025/campaigns/first-oral-treatment-daflon-tbs-2025-2/
LIA Awards,2025,Finalist,LLYC,Madrid,SPAIN,Health Wellness,Use of Social Media,Multiopticas,Kid Walkers,Multiopticas,LLYC,Madrid,/awards/lia_awards/2025/campaigns/kid-walkers-multiopticas-llyc-2025/
LIA Awards,2025,Finalist,McCann Worldgroup,Madrid,SPAIN,Health Wellness,Environmental Health Campaign,Right to Health - Weather Is Not A Small Talk,Elevator Office,Right to Health,McCann,Madrid,/awards/lia_awards/2025/campaigns/elevator-office-right-to-health-weather-is-not-a-small-talk-mccann-2025/
LIA Awards,2025,Finalist,Publicis Middle East,Dubai,UNITED ARAB EMIRATES,Health Wellness,Health Institutions,King Faisal Specialist Hospital Research Centre,Strangers,King Faisal Specialist Hospital Research Centre,Publicis Middle East,Dubai,/awards/lia_awards/2025/campaigns/strangers-king-faisal-specialist-hospital-research-centre-publicis-middle-east-2025/
LIA Awards,2025,Finalist,adameveDDB New York,New York,UNITED STATES,Health Wellness,Innovation Campaign,Gift of Life Marrow Registry - Doublemint,Hero Gum,Gift of Life Marrow Registry,adameveDDB New York,New York,/awards/lia_awards/2025/campaigns/hero-gum-gift-of-life-marrow-registry-doublemint-adameveddb-new-york-2025-2/
LIA Awards,2025,Finalist,Weber Shandwick,New York,UNITED STATES,Health Wellness,Education and Services Campaign,MSI Reproductive Choices - Vagina Privacy Network,MSI Reproductive Choices - Vagina Privacy Network,MSI Reproductive Choices,Weber Shandwick,New York,/awards/lia_awards/2025/campaigns/msi-reproductive-choices-vagina-privacy-network-msi-reproductive-choices-vagina-privacy-network-weber-shandwick-2025/
LIA Awards,2025,Finalist,VML,Sydney,AUSTRALIA,Health Wellness-Craft,Art Direction Campaign,1001 Optometry - The Hidden Eye Test,Eye Test Eye Scan Eyecare,1001 Optometry,VML,Sydney,/awards/lia_awards/2025/campaigns/eye-test-eye-scan-eyecare-1001-optometry-the-hidden-eye-test-vml-2025/
LIA Awards,2025,Finalist,Klick Health,Toronto,CANADA,Health Wellness-Craft,Cinematography,All In Action Fund,The Trial,All In Action Fund,Klick Health,Toronto,/awards/lia_awards/2025/campaigns/the-trial-all-in-action-fund-klick-health-2025-5/
LIA Awards,2025,Finalist,Klick Health,Toronto,CANADA,Health Wellness-Craft,Direction,All In Action Fund,The Trial,All In Action Fund,Klick Health,Toronto,/awards/lia_awards/2025/campaigns/the-trial-all-in-action-fund-klick-health-2025-6/
LIA Awards,2025,Finalist,Klick Health,Toronto,CANADA,Health Wellness-Craft,Performance-Casting,All In Action Fund,The Trial,All In Action Fund,Klick Health,Toronto,/awards/lia_awards/2025/campaigns/the-trial-all-in-action-fund-klick-health-2025-7/
LIA Awards,2025,Finalist,Klick Health,Toronto,CANADA,Health Wellness-Craft,Production Design,All In Action Fund,The Trial,All In Action Fund,Klick Health,Toronto,/awards/lia_awards/2025/campaigns/the-trial-all-in-action-fund-klick-health-2025-8/
LIA Awards,2025,Finalist,TBWA-Media Arts Lab,Los Angeles,UNITED STATES,Health Wellness-Craft,Sound Design,Apple,Heartstrings,Apple,TBWA-Media Arts Lab,Los Angeles,/awards/lia_awards/2025/campaigns/heartstrings-apple-tbwa-media-arts-lab-2025/
LIA Awards,2025,Finalist,Leo Chicago,Chicago,UNITED STATES,Health Wellness-Craft,Cinematography,Huggies,Little Fighter,Kimberly-Clark,Leo Chicago Chicago-Le Truc New York-Publicis Groupe,Chicago,/awards/lia_awards/2025/campaigns/little-fighter-huggies-leo-chicago-chicago-le-truc-new-york-publicis-groupe-2025-2/
LIA Awards,2025,Finalist,Leo Chicago,Chicago,UNITED STATES,Health Wellness-Craft,Direction,Huggies,Little Fighter,Kimberly-Clark,Leo Chicago Chicago-Le Truc New York-Publicis Groupe,Chicago,/awards/lia_awards/2025/campaigns/little-fighter-huggies-leo-chicago-chicago-le-truc-new-york-publicis-groupe-2025-3/
LIA Awards,2025,Finalist,Area 23 an IPG Health Company,New York,UNITED STATES,Health Wellness-Craft,Sound Design,Mollies Fund - Mollies Melanoma Awareness,You Are My Sunshine - Radio,Mollies Fund,Area 23 an IPG Health Company,New York,/awards/lia_awards/2025/campaigns/you-are-my-sunshine-radio-mollies-fund-mollies-melanoma-awareness-area-23-an-ipg-health-company-2025-2/
LIA Awards,2025,Finalist,No Fixed Address,Toronto,CANADA,Integration,Best Use of Real Time Advertising,Maple Leaf Foods,Look for the Leaf,Maple Leaf Foods,No Fixed Address,Toronto,/awards/lia_awards/2025/campaigns/look-for-the-leaf-maple-leaf-foods-no-fixed-address-2025/
LIA Awards,2025,Finalist,Rethink,Toronto,CANADA,Integration,Use of Social Media,Molson Coors,Paid Through Parents,Molson Coors Beverage Company,Rethink,Toronto,/awards/lia_awards/2025/campaigns/paid-through-parents-molson-coors-rethink-2025-8/
LIA Awards,2025,Finalist,DAVID,Madrid,SPAIN,Integration,Direct Marketing,Tingly Teds by Ed Sheeran Limited,Ed-Ible Autographs,Kraft Heinz,DAVID,Madrid,/awards/lia_awards/2025/campaigns/ed-ible-autographs-tingly-teds-by-ed-sheeran-limited-david-2025/
LIA Awards,2025,Finalist,MullenLowe,London,UNITED KINGDOM,Integration,Sports,Persil Dirt Is Good,Its Part Of The Game,Unilever,MullenLowe,London,/awards/lia_awards/2025/campaigns/its-part-of-the-game-persil-dirt-is-good-mullenlowe-2025/
LIA Awards,2025,Finalist,DAVID New York,New York,UNITED STATES,Integration,Gaming,Clash of Clans,Hammerless,Supercell,DAVID New York,New York,/awards/lia_awards/2025/campaigns/hammerless-clash-of-clans-david-new-york-2025-4/
LIA Awards,2025,Finalist,Arnold Worldwide,Boston,UNITED STATES,Integration,Best Regional-National Market,Progressive Insurance,Un-becoming Your Parents in Paris,Progressive Insurance,Arnold Worldwide,,/awards/lia_awards/2025/campaigns/un-becoming-your-parents-in-paris-progressive-insurance-arnold-worldwide-2025/
LIA Awards,2025,Finalist,VML,New York,UNITED STATES,Integration,Best Local Market,Refisal,Bad Luck Reverser,Brinsa,VML New York VML,Bogota,/awards/lia_awards/2025/campaigns/bad-luck-reverser-refisal-vml-new-york-vml-2025/
LIA Awards,2025,Finalist,LC,New York,UNITED STATES,Integration,Sustainability SDG,Tiffany Co,1837 Tiffany Blue Conservation,Tiffany Co,LC,New York City,/awards/lia_awards/2025/campaigns/1837-tiffany-blue-conservation-tiffany-co-lc-2025-2/
LIA Awards,2025,Finalist,Vapor Music Group,Toronto,CANADA,Music Sound,Music Adaptation - Instrumental,KFC Canada,Sorry Manners,KFC Canada,Courage,Toronto,/awards/lia_awards/2025/campaigns/sorry-manners-kfc-canada-courage-2025/
LIA Awards,2025,Finalist,750mph,London,UNITED KINGDOM,Music Sound,Sound Mixing,Riyadh Season,Everything or Nothing,Riyadh Season,Bigtime Creative Shop,Riyadh Saudi Arabia,/awards/lia_awards/2025/campaigns/everything-or-nothing-riyadh-season-bigtime-creative-shop-2025/
LIA Awards,2025,Finalist,750mph,London,UNITED KINGDOM,Music Sound,Sound Editing,Visit Britain,Starring GREAT Britain - The Movie,Visit Britain,Pablo,London,/awards/lia_awards/2025/campaigns/starring-great-britain-the-movie-visit-britain-pablo-2025/
LIA Awards,2025,Finalist,750mph,London,UNITED KINGDOM,Music Sound,Sound Mixing,Visit Britain,Starring GREAT Britain - The Movie,Visit Britain,Pablo,London,/awards/lia_awards/2025/campaigns/starring-great-britain-the-movie-visit-britain-pablo-2025-2/
LIA Awards,2025,Finalist,Barking Owl,Los Angeles,UNITED STATES,Music Sound,Original Music with Lyrics,MGA Entertainment,Diss-Mas,MGA Entertainment,VIRTUE Worldwide,New York,/awards/lia_awards/2025/campaigns/diss-mas-mga-entertainment-virtue-worldwide-2025/
LIA Awards,2025,Finalist,VML,Kansas City,UNITED STATES,Music Sound,Experiential Use of Music Sound,Tennessee Department of Tourist Development,Tennessee Sound Sites,Tennessee Department of Tourist Development,VML,Kansas City,/awards/lia_awards/2025/campaigns/tennessee-sound-sites-tennessee-department-of-tourist-development-vml-2025/
LIA Awards,2025,Finalist,DAVID Buenos Aires,Buenos Aires,ARGENTINA,Non-Traditional,Beverages,Cerveza Aguila,Antenaguila,AB InBev,DAVID Buenos Aires Buenos Aires-DAVID Bogota,Bogota,/awards/lia_awards/2025/campaigns/antenaguila-cerveza-aguila-david-buenos-aires-buenos-aires-david-bogota-2025-2/
LIA Awards,2025,Finalist,Rethink,Toronto,CANADA,Non-Traditional,Creativity in Commerce,IKEA,U up,IKEA,Rethink,Toronto,/awards/lia_awards/2025/campaigns/u-up-ikea-rethink-2025-10/
LIA Awards,2025,Finalist,Publicis,Toronto,CANADA,Non-Traditional,Public Service-Charity-NGO,Matties Place,Pet-ition,Matties Place,Publicis,Toronto,/awards/lia_awards/2025/campaigns/pet-ition-matties-place-publicis-2025-3/
LIA Awards,2025,Finalist,Publicis,Toronto,CANADA,Non-Traditional,Sustainability SDG,Rogers,Wildfire Watchtowers,Rogers,Publicis,Toronto,/awards/lia_awards/2025/campaigns/wildfire-watchtowers-rogers-publicis-2025-2/
LIA Awards,2025,Finalist,DAVID,Bogota,COLOMBIA,Non-Traditional,Best Use of Real Time Advertising,Aguila,Stadium Roulette,AB INBEV,DAVID,Bogota,/awards/lia_awards/2025/campaigns/stadium-roulette-aguila-david-2025-2/
LIA Awards,2025,Finalist,Publicis Conseil,Paris,FRANCE,Non-Traditional,Corporate Purpose-Social Responsibility,Renault,UNPatent,Renault,Publicis Conseil,Paris,/awards/lia_awards/2025/campaigns/unpatent-renault-publicis-conseil-2025-2/
LIA Awards,2025,Finalist,SERVICEPLAN GERMANY,Munich,GERMANY,Non-Traditional,Banking Financial,Herconomy,Breastmilk Money,Herconomy,SERVICEPLAN GERMANY,Munich,/awards/lia_awards/2025/campaigns/breastmilk-money-herconomy-serviceplan-germany-2025-11/
LIA Awards,2025,Finalist,LePub,Milan,ITALY,Non-Traditional,Zeitgeist,Heineken,Pub Succession,Heineken,LePub Milan-Publicis Dublin,Dublin,/awards/lia_awards/2025/campaigns/pub-succession-heineken-lepub-milan-publicis-dublin-2025-12/
LIA Awards,2025,Finalist,LePub Mexico City,Mexico City,MEXICO,Non-Traditional,Live Events - Beyond Advertising,Tecate Light,Gulf of Mexico Bar,Heineken Group,LePub Mexico City,Mexico City,/awards/lia_awards/2025/campaigns/gulf-of-mexico-bar-tecate-light-lepub-mexico-city-2025-15/
LIA Awards,2025,Finalist,Havas HOY,Mexico City,MEXICO,Non-Traditional,Creativity on a Budget,Volaris Airlines,W1NG COD3S,Volaris Airlines,Havas HOY,Mexico City,/awards/lia_awards/2025/campaigns/w1ng-cod3s-volaris-airlines-havas-hoy-2025-3/
LIA Awards,2025,Finalist,BLKJ Havas,Singapore,SINGAPORE,Non-Traditional,Gaming,Haraku Ramen,One Noodle,Haraku Ramen,BLKJ Havas,Singapore,/awards/lia_awards/2025/campaigns/one-noodle-haraku-ramen-blkj-havas-2025/
LIA Awards,2025,Finalist,Ogilvy,Colombo,SRI LANKA,Non-Traditional,Sustainability SDG,Promate,Second Life Notebooks,PrintXcel Pvt Ltd,Ogilvy,Colombo,/awards/lia_awards/2025/campaigns/second-life-notebooks-promate-ogilvy-2025-4/
LIA Awards,2025,Finalist,Ketchum UK,London,UNITED KINGDOM,Non-Traditional,Public Service-Charity-NGO,a bespoke dominoes set,Liming with Gran,Genomics England and University of Cambridge,Ketchum UK,London,/awards/lia_awards/2025/campaigns/liming-with-gran-a-bespoke-dominoes-set-ketchum-uk-2025-2/
LIA Awards,2025,Finalist,FCB Chicago,Chicago,UNITED STATES,Non-Traditional,Interactive Installations,Goodys Pain Powder,Smile 20,Prestige Consumer Healthcare,FCB Chicago,Chicago,/awards/lia_awards/2025/campaigns/smile-20-goodys-pain-powder-fcb-chicago-2025-5/
LIA Awards,2025,Finalist,LC,New York,UNITED STATES,Non-Traditional,Sustainability SDG,Tiffany Co,1837 Tiffany Blue Conservation,Tiffany Co,LC,New York City,/awards/lia_awards/2025/campaigns/1837-tiffany-blue-conservation-tiffany-co-lc-2025-3/
LIA Awards,2025,Finalist,JOAN Creative,New York,UNITED STATES,Non-Traditional,Sports,WNBA,Line Em Up,WNBA,JOAN Creative,New York,/awards/lia_awards/2025/campaigns/line-em-up-wnba-joan-creative-2025/
LIA Awards,2025,Finalist,Wolf BKK,Bangkok,THAILAND,Online Film,Humor,CP-Meiji,Sliding Mom,CP-Meiji Co Ltd,Wolf BKK,Bangkok,/awards/lia_awards/2025/campaigns/sliding-mom-cp-meiji-wolf-bkk-2025/
LIA Awards,2025,Finalist,Ogilvy UK,London,UNITED KINGDOM,Online Film,Creativity on a Budget,Great Ormond Street Hospital Charity,Just Make It,Great Ormond Street Hospital Charity,Ogilvy UK,London,/awards/lia_awards/2025/campaigns/just-make-it-great-ormond-street-hospital-charity-ogilvy-uk-2025-2/
LIA Awards,2025,Finalist,Artists Equity,Los Angeles,UNITED STATES,Online Film,Humor,Stella Artois,David and Dave,Stella Artois,Artists Equity,Los Angeles,/awards/lia_awards/2025/campaigns/david-and-dave-stella-artois-artists-equity-2025/
LIA Awards,2025,Finalist,Ogilvy New York,New York,UNITED STATES,Online Film,Zeitgeist Campaign,Stella Artois - Hiders Keepers,Birthday Party Dinner Game Day Carousel,AB inBev,Ogilvy,New York,/awards/lia_awards/2025/campaigns/birthday-party-dinner-game-day-carousel-stella-artois-hiders-keepers-ogilvy-2025/
LIA Awards,2025,Finalist,Cheil Worldwide,Seoul,KOREA,Package Design,Retailer Packaging,GS25,Lifeguard Snack,GS25 Retail,Cheil Worldwide,Seoul,/awards/lia_awards/2025/campaigns/lifeguard-snack-gs25-cheil-worldwide-2025-2/
LIA Awards,2025,Finalist,Lowe Lintas,Mumbai,INDIA,Pharma Medical,Branded AI-Enabled Pharma Medical,Alkem Laboratories,DawAI reader,Alkem Laboratories,Lowe Lintas,Mumbai,/awards/lia_awards/2025/campaigns/dawai-reader-alkem-laboratories-lowe-lintas-2025/
LIA Awards,2025,Finalist,FCB Health Vybe an IPG Health Company,Milan,ITALY,Pharma Medical,Branded Education and Services,Lilly,The Impossible Gym,Eli Lilly Italia SpA,FCB Health Vybe an IPG Health Company,Milan,/awards/lia_awards/2025/campaigns/the-impossible-gym-lilly-fcb-health-vybe-an-ipg-health-company-2025/
LIA Awards,2025,Finalist,TBWA-Hakuhodo Inc,Tokyo,JAPAN,Pharma Medical,Branded Devices and Diagnostics,Smart Eye Camera,Smart Eye Camera,OUI Inc,TBWA-Hakuhodo Inc,Tokyo,/awards/lia_awards/2025/campaigns/smart-eye-camera-smart-eye-camera-tbwa-hakuhodo-inc-2025/
LIA Awards,2025,Finalist,VML Spain,Madrid,SPAIN,Pharma Medical,Unbranded Education and Services Campaign,Friedreich I,Friedreich I,Biogen,VML,Spain,/awards/lia_awards/2025/campaigns/friedreich-i-friedreich-i-vml-2025/
LIA Awards,2025,Finalist,FCB Health New York an IPG Health Company,New York,UNITED STATES,Pharma Medical,Branded Patient Engagement,Cologuard,White Knight,Exact Sciences,FCB Health New York an IPG Health Company,New York,/awards/lia_awards/2025/campaigns/white-knight-cologuard-fcb-health-new-york-an-ipg-health-company-2025-3/
LIA Awards,2025,Finalist,Rise Run an IPG Health Company,New York,UNITED STATES,Pharma Medical,Branded Use of Social Media Campaign,Cosentyx,PsO Peptalk PsO Longform PsO Vocab HS Treatment Goals AS Longform,Novartis Pharmaceuticals,Rise Run an IPG Health Company,New York,/awards/lia_awards/2025/campaigns/pso-peptalk-pso-longform-pso-vocab-hs-treatment-goals-as-longform-cosentyx-rise-run-an-ipg-health-company-2025/
LIA Awards,2025,Finalist,EVERSANA INTOUCH,New York,UNITED STATES,Pharma Medical,Social Responsibility-Awareness,Wisp,No More Hippocrites,Wisp,EVERSANA INTOUCH,New York,/awards/lia_awards/2025/campaigns/no-more-hippocrites-wisp-eversana-intouch-2025/
LIA Awards,2025,Finalist,Publicis Middle East,Dubai,UNITED ARAB EMIRATES,Pharma Medical-Craft,Direction,King Faisal Specialist Hospital Research Centre,Strangers,King Faisal Specialist Hospital Research Centre,Publicis Middle East,Dubai,/awards/lia_awards/2025/campaigns/strangers-king-faisal-specialist-hospital-research-centre-publicis-middle-east-2025-2/
LIA Awards,2025,Finalist,Havas Lynx,Manchester,UNITED KINGDOM,Pharma Medical-Craft,Visual Effects,Living with PN,Scratched Out,Sanofi Regeneron,Havas Lynx,Manchester,/awards/lia_awards/2025/campaigns/scratched-out-living-with-pn-havas-lynx-2025/
LIA Awards,2025,Finalist,Area 23 an IPG Health Company,New York,UNITED STATES,Pharma Medical-Craft,Original Music with Lyrics,Apfed - American Partnership for Eosinophilic Disorders,The End of the Internet,Apfed - American Partnership for Eosinophilic Disorders,Area 23 an IPG Health Company,New York,/awards/lia_awards/2025/campaigns/the-end-of-the-internet-apfed-american-partnership-for-eosinophilic-disorders-area-23-an-ipg-health-company-2025-2/
LIA Awards,2025,Finalist,21Grams,New York,UNITED STATES,Pharma Medical-Craft,Performance-Casting,SKYCLARYS,Friedreichs Back,Biogen,21Grams,New York,/awards/lia_awards/2025/campaigns/friedreichs-back-skyclarys-21grams-2025/
LIA Awards,2025,Finalist,EVERSANA INTOUCH,New York,UNITED STATES,Pharma Medical-Craft,Direction,Wisp,No More Hippocrites,Wisp,EVERSANA INTOUCH,New York,/awards/lia_awards/2025/campaigns/no-more-hippocrites-wisp-eversana-intouch-2025-2/
LIA Awards,2025,Finalist,Ogilvy Shanghai,Shanghai,CHINA,Poster,Craft Photography Campaign,Viatris - Make Love Last,The Bedroom The Hotel Room The Living Room,Viatris,Ogilvy Shanghai,Shanghai,/awards/lia_awards/2025/campaigns/the-bedroom-the-hotel-room-the-living-room-viatris-make-love-last-ogilvy-shanghai-2025-5/
LIA Awards,2025,Finalist,DAVID,Miami,UNITED STATES,Poster,Beverages Campaign,Corona - Corona Eclipse,Uruguay Brazil Argentina,AB INBEV,DAVID,Miami,/awards/lia_awards/2025/campaigns/uruguay-brazil-argentina-corona-corona-eclipse-david-2025-7/
LIA Awards,2025,Finalist,VML,New York,UNITED STATES,Poster,Craft Art Direction Campaign,The Coca-Cola Company,Classic - 1 Classic - 2,The Coca-Cola Company,VML,New York,/awards/lia_awards/2025/campaigns/classic-1-classic-2-the-coca-cola-company-vml-2025-2/
LIA Awards,2025,Finalist,VML,Sao Paulo,BRAZIL,Print,Craft Visual Design,BIC Cristal,The Shakespeare Bic,Grupo Bic,VML,Sao Paulo,/awards/lia_awards/2025/campaigns/the-shakespeare-bic-bic-cristal-vml-2025/
LIA Awards,2025,Finalist,INGO Hamburg,Hamburg,GERMANY,Print,Technology Tech Equipment Campaign,Canon - The Full Picture,Ice Cream First Day of School Swimming Pool,Canon Emirates LLC Dubai,INGO Hamburg Hamburg-Memac Ogilvy Dubai,Dubai,/awards/lia_awards/2025/campaigns/ice-cream-first-day-of-school-swimming-pool-canon-the-full-picture-ingo-hamburg-hamburg-memac-ogilvy-dubai-2025/
LIA Awards,2025,Finalist,Ogilvy Group Germany,Frankfurt,GERMANY,Print,Craft Art Direction Campaign,German Rail - Connecting Europe,Netherlands Austria Denmark Spain,German Rail,Ogilvy Group Germany,Frankfurt,/awards/lia_awards/2025/campaigns/netherlands-austria-denmark-spain-german-rail-connecting-europe-ogilvy-group-germany-2025-4/
LIA Awards,2025,Finalist,VML,New York,UNITED STATES,Print,Craft Art Direction Campaign,The Coca-Cola Company,Classic - 1 Classic - 2,The Coca-Cola Company,VML,New York,/awards/lia_awards/2025/campaigns/classic-1-classic-2-the-coca-cola-company-vml-2025-3/
LIA Awards,2025,Finalist,Revolver,Sydney,AUSTRALIA,Production Post-Production,Production Design,Telstra,Donkey,Telstra Group Limited,Bear Meets Eagle on Fire,Sydney,/awards/lia_awards/2025/campaigns/donkey-telstra-bear-meets-eagle-on-fire-2025-2/
LIA Awards,2025,Finalist,Altvfx,Brisbane,AUSTRALIA,Production Post-Production,Visual Effects Campaign,Telstra,Four Legged Friend Mirror Mirror Magnetic Boy,Telstra,Bear Meets Eagle on Fire,,/awards/lia_awards/2025/campaigns/four-legged-friend-mirror-mirror-magnetic-boy-telstra-bear-meets-eagle-on-fire-2025-2/
LIA Awards,2025,Finalist,Bear Meets Eagle On Fire,Sydney,AUSTRALIA,Production Post-Production,Direction Campaign,Telstra,Scamageddon Deceiver Lever Scamalanche Villains BTS,Alita McMenamin,Bear Meets Eagle On Fire,Sydney,/awards/lia_awards/2025/campaigns/scamageddon-deceiver-lever-scamalanche-villains-bts-telstra-bear-meets-eagle-on-fire-2025-2/
LIA Awards,2025,Finalist,Bear Meets Eagle On Fire,Sydney,AUSTRALIA,Production Post-Production,Production Design Campaign,Telstra,Scamageddon Deceiver Lever Scamalanche Villains BTS,Alita McMenamin,Bear Meets Eagle On Fire,Sydney,/awards/lia_awards/2025/campaigns/scamageddon-deceiver-lever-scamalanche-villains-bts-telstra-bear-meets-eagle-on-fire-2025-3/
LIA Awards,2025,Finalist,Bear Meets Eagle On Fire,Sydney,AUSTRALIA,Production Post-Production,CGI Animation,Telstra,wherever we go - Duet,Telstra,Bear Meets Eagle On Fire,Sydney,/awards/lia_awards/2025/campaigns/wherever-we-go-duet-telstra-bear-meets-eagle-on-fire-2025/
LIA Awards,2025,Finalist,FCB Canada,Toronto,CANADA,Production Post-Production,Editing,SickKids Foundation,The Count,SickKids Foundation,FCB,Toronto,/awards/lia_awards/2025/campaigns/the-count-sickkids-foundation-fcb-2025-10/
LIA Awards,2025,Finalist,Publicis Conseil,Paris,FRANCE,Production Post-Production,Production Design,Cancer Careers,Strings,Cancer Careers,Publicis Conseil,Paris,/awards/lia_awards/2025/campaigns/strings-cancer-careers-publicis-conseil-2025/
LIA Awards,2025,Finalist,Publicis Conseil,Paris,FRANCE,Production Post-Production,Direction,Renault,Argentina,Renault,Publicis Conseil,Paris,/awards/lia_awards/2025/campaigns/argentina-renault-publicis-conseil-2025-2/
LIA Awards,2025,Finalist,Saatchi Saatchi Germany,Dusseldorf,GERMANY,Production Post-Production,Production Design,Deutsche Telekom,Bubbles,Deutsche Telekom,Saatchi Saatchi Germany-MUW Saatchi Saatchi Bratislava,,/awards/lia_awards/2025/campaigns/bubbles-deutsche-telekom-saatchi-saatchi-germany-muw-saatchi-saatchi-bratislava-2025-3/
LIA Awards,2025,Finalist,HeimatTBWA- Germany,Berlin,GERMANY,Production Post-Production,Production Design,HORNBACH Baumarkt,Feel Like A Kid Again,HORNBACH Baumarkt AG,HeimatTBWA- Germany,Berlin,/awards/lia_awards/2025/campaigns/feel-like-a-kid-again-hornbach-baumarkt-heimattbwa-germany-2025/
LIA Awards,2025,Finalist,BigTime Creative Shop,Riyadh,SAUDI ARABIA,Production Post-Production,Direction,General Entertainment Authority,Obsession,General Entertainment Authority,BigTime Creative Shop,Riyadh,/awards/lia_awards/2025/campaigns/obsession-general-entertainment-authority-bigtime-creative-shop-2025-4/
LIA Awards,2025,Finalist,Ogilvy Bangkok,Bangkok,THAILAND,Production Post-Production,Direction,Thai Life Insurance,Unfading Love,Thai Life Insurance Public Company Limited,Ogilvy Bangkok,Bangkok,/awards/lia_awards/2025/campaigns/unfading-love-thai-life-insurance-ogilvy-bangkok-2025-2/
LIA Awards,2025,Finalist,Area 23 an IPG Health Company,New York,UNITED STATES,Production Post-Production,Stop-Frame Animation,Advocacy For Ethical Egg Production and Humane Treatment of Chickens,Cracked,Mercy for Animals,Area 23 an IPG Health Company,New York,/awards/lia_awards/2025/campaigns/cracked-advocacy-for-ethical-egg-production-and-humane-treatment-of-chickens-area-23-an-ipg-health-company-2025-5/
LIA Awards,2025,Finalist,JAMM Visual,Culver City,UNITED STATES,Production Post-Production,CGI Animation,Amazon x Hyundai,Add to Cart,Amazon x Hyundai,Innocean,,/awards/lia_awards/2025/campaigns/add-to-cart-amazon-x-hyundai-innocean-2025/
LIA Awards,2025,Finalist,TBWA-Media Arts Lab,Los Angeles,UNITED STATES,Production Post-Production,Visual Effects,Apple,No Sweat,Apple,TBWA-Media Arts Lab,Los Angeles,/awards/lia_awards/2025/campaigns/no-sweat-apple-tbwa-media-arts-lab-2025/
LIA Awards,2025,Finalist,Biscuit Filmworks,Los Angeles,UNITED STATES,Production Post-Production,Production Design,Squarespace,A Tale As Old As Websites,Squarespace,,,/awards/lia_awards/2025/campaigns/a-tale-as-old-as-websites-squarespace-2025-2/
LIA Awards,2025,Finalist,Bear Meets Eagle On Fire,Sydney,AUSTRALIA,TV Cinema,Utilities Campaign,Telstra,Silent Films Four Legged Friend Mirror Mirror,Telstra,Bear Meets Eagle On Fire,Sydney,/awards/lia_awards/2025/campaigns/silent-films-four-legged-friend-mirror-mirror-telstra-bear-meets-eagle-on-fire-2025/
LIA Awards,2025,Finalist,BETC HAVAS,Sao Paulo,BRAZIL,TV Cinema,Corporate Purpose-Social Responsibility,Reckitt - Vanish,Invisible Stain,Reckitt - Vanish,BETC HAVAS,Sao Paulo,/awards/lia_awards/2025/campaigns/invisible-stain-reckitt-vanish-betc-havas-2025/
LIA Awards,2025,Finalist,INNOCEAN,Seoul,KOREA,TV Cinema,Branded Entertainment,IONIQ,Night Fishing,Hyundai Motor Company,INNOCEAN,Seoul,/awards/lia_awards/2025/campaigns/night-fishing-ioniq-innocean-2025-6/
LIA Awards,2025,Finalist,Try,Oslo,NORWAY,TV Cinema,Retail Campaign,IKEA,Hope Mornings Picky Awake,IKEA,Try,Oslo,/awards/lia_awards/2025/campaigns/hope-mornings-picky-awake-ikea-try-2025-2/
LIA Awards,2025,Finalist,FCB London,London,UNITED KINGDOM,TV Cinema,Humor,Andrex - Get Comfortable,First School Poo,Kimberly-Clark,FCB London,London,/awards/lia_awards/2025/campaigns/first-school-poo-andrex-get-comfortable-fcb-london-2025-3/
LIA Awards,2025,Finalist,TBWA-Media Arts Lab,Los Angeles,UNITED STATES,TV Cinema,Technology Tech Equipment,Apple,Heartstrings,Apple,TBWA-Media Arts Lab,Los Angeles,/awards/lia_awards/2025/campaigns/heartstrings-apple-tbwa-media-arts-lab-2025-2/
LIA Awards,2025,Finalist,Ogilvy Argentina,Buenos Aires,ARGENTINA,Use of Social Media Influencers,Home Products,Calm Is Simple,The Sound of Divorce,Calm es Simple,Ogilvy Argentina,Buenos Aires,/awards/lia_awards/2025/campaigns/the-sound-of-divorce-calm-is-simple-ogilvy-argentina-2025-5/
LIA Awards,2025,Finalist,VML,Buenos Aires,ARGENTINA,Use of Social Media Influencers,Beauty Well-being,Dove,Undeleted,Unilever,VML,Argentina,/awards/lia_awards/2025/campaigns/undeleted-dove-vml-2025/
LIA Awards,2025,Finalist,DAVID,Sao Paulo,BRAZIL,Use of Social Media Influencers,Gaming,BIS,The WhatsApp Saga,Mondelez,DAVID,Sao Paulo,/awards/lia_awards/2025/campaigns/the-whatsapp-saga-bis-david-2025-3/
LIA Awards,2025,Finalist,Rethink,Toronto,CANADA,Use of Social Media Influencers,Foods,Kraft Heinz,Cant Unsee It,Kraft Heinz,Rethink,Toronto,/awards/lia_awards/2025/campaigns/cant-unsee-it-kraft-heinz-rethink-2025-6/
LIA Awards,2025,Finalist,Rethink,Toronto,CANADA,Use of Social Media Influencers,Craft Tone of Voice,Molson Coors,Paid Through Parents,Molson Coors Beverage Company,Rethink,Toronto,/awards/lia_awards/2025/campaigns/paid-through-parents-molson-coors-rethink-2025-9/
LIA Awards,2025,Finalist,LePub,Milan,ITALY,Use of Social Media Influencers,Branded Entertainment,Desperados,Guao Guao,Desperados,LePub,Milan,/awards/lia_awards/2025/campaigns/guao-guao-desperados-lepub-2025-10/
LIA Awards,2025,Finalist,LePub Mexico,Mexico City,MEXICO,Use of Social Media Influencers,Challenger Brand,Carta Blanca,Cheers Deivid,Heineken Group,LePub Mexico,Mexico City,/awards/lia_awards/2025/campaigns/cheers-deivid-carta-blanca-lepub-mexico-2025/
LIA Awards,2025,Finalist,Havas HOY,Mexico City,MEXICO,Use of Social Media Influencers,Creativity in Commerce,Volaris Airlines,W1NG COD3S,Volaris Airlines,Havas HOY,Mexico City,/awards/lia_awards/2025/campaigns/w1ng-cod3s-volaris-airlines-havas-hoy-2025-4/
LIA Awards,2025,Finalist,DAVID,Madrid,SPAIN,Use of Social Media Influencers,Innovative Use of Social or Influencer,Netflix,Alcaraz Tattoo Reveal,Netflix Spain,DAVID,Madrid,/awards/lia_awards/2025/campaigns/alcaraz-tattoo-reveal-netflix-david-2025-3/
LIA Awards,2025,Finalist,Amazon XCM,Santa Monica,UNITED STATES,Use of Social Media Influencers,Craft Original Music,Amazon Prime Day,Megan Thee ----,Amazon,,,/awards/lia_awards/2025/campaigns/megan-thee-amazon-prime-day-2025/
LIA Awards,2025,Finalist,McCann NY,New York,UNITED STATES,Use of Social Media Influencers,Innovative Use of Social or Influencer,Mastercard,From Fan to Featured,Mastercard,McCann XBC,New York,/awards/lia_awards/2025/campaigns/from-fan-to-featured-mastercard-mccann-xbc-2025-4/
