Festival,Year,Track,Title,Brand,Agency,Category,Country,Award
El Ojo de Iberoamerica,2025,CONTENIDO,Aeromexicanos,Aeromexico de Aeromexico,Ogilvy Mexico,Eventos y acciones,Mexico,Shortlist
El Ojo de Iberoamerica,2025,CONTENIDO,Aeromexicanos,Aeromexico de Aeromexico,Ogilvy Mexico,Responsabilidad Social Empresarial (RSE),Mexico,Shortlist
El Ojo de Iberoamerica,2025,CONTENIDO,The trial,All* In Action Fund de All* In Action Fund,Klick Health Brasil (Brasil),Bien publico y mensajes gubernamentales,Estados Unidos,Shortlist
El Ojo de Iberoamerica,2025,CONTENIDO,Watch that stain,Andino Ultra de Unacem Peru,Fahrenheit DDB (Peru),Marca local y mercado especifico,Peru,Shortlist
El Ojo de Iberoamerica,2025,CONTENIDO,The Shooting,Diario La Union de Articulo 19,Grey Mexico,Productos y Servicios,Mexico,Shortlist
El Ojo de Iberoamerica,2025,CONTENIDO,The Shooting,Diario La Union de Articulo 19,Grey Mexico,Plataformas audiovisuales,Mexico,Shortlist
El Ojo de Iberoamerica,2025,CONTENIDO,The Shooting,Diario La Union de Articulo 19,Grey Mexico,Responsabilidad Social Empresarial (RSE),Mexico,Shortlist
El Ojo de Iberoamerica,2025,CONTENIDO,The Shooting,Diario La Union de Articulo 19,Grey Mexico,Marca local y mercado especifico,Mexico,Shortlist
El Ojo de Iberoamerica,2025,CONTENIDO,Tracking Bad Bunny,Bad Bunny de Rimas Entertainment,DDB Latina Puerto Rico,Plataformas digitales y sociales,Puerto Rico,Shortlist
El Ojo de Iberoamerica,2025,CONTENIDO,Tracking Bad Bunny,Bad Bunny de Rimas Entertainment,DDB Latina Puerto Rico,Influencers & Co-creacion de contenido,Puerto Rico,Shortlist
El Ojo de Iberoamerica,2025,CONTENIDO,Tracking Bad Bunny,Bad Bunny de Rimas Entertainment,DDB Latina Puerto Rico,Nuevas realidades y tecnologias emergentes,Puerto Rico,Shortlist
El Ojo de Iberoamerica,2025,CONTENIDO,Tracking Bad Bunny,Bad Bunny de Rimas Entertainment,DDB Latina Puerto Rico,Experiencia de marca,Puerto Rico,Shortlist
El Ojo de Iberoamerica,2025,CONTENIDO,Tracking Bad Bunny,Bad Bunny de Rimas Entertainment,DDB Latina Puerto Rico,Marca local y mercado especifico,Puerto Rico,Shortlist
El Ojo de Iberoamerica,2025,CONTENIDO,The cheapest transfers,Bodega Aurrera de Walmart Mexico,TERAN TBWA\ (Mexico),Gaming & E-Sports,Mexico,Shortlist
El Ojo de Iberoamerica,2025,CONTENIDO,Community King,Burger King de Burger King Ecuador,BBA (Ecuador),Plataformas digitales y sociales,Ecuador,Shortlist
El Ojo de Iberoamerica,2025,CONTENIDO,Don’t stop motion,CENABAST de Gobierno de Chile,VML Chile,Experiencia de marca,Chile,Shortlist
El Ojo de Iberoamerica,2025,CONTENIDO,American cancer story,Change the Ref de Change the Ref,Klick Health Brasil,Bien publico y mensajes gubernamentales,Estados Unidos,Shortlist
El Ojo de Iberoamerica,2025,CONTENIDO,GUAC Play,Change the Ref de Change the Ref,Alma DDB (Estados Unidos),Bien publico y mensajes gubernamentales,Estados Unidos,Shortlist
El Ojo de Iberoamerica,2025,CONTENIDO,GUAC Play,Change the Ref de Change the Ref,Alma DDB (Estados Unidos),Eventos y acciones,Estados Unidos,Shortlist
El Ojo de Iberoamerica,2025,CONTENIDO,GUAC Play,Change the Ref de Change the Ref,Alma DDB (Estados Unidos),Experiencia de marca,Estados Unidos,Shortlist
El Ojo de Iberoamerica,2025,CONTENIDO,GUAC Play,Change the Ref de Change the Ref,Alma DDB (Estados Unidos),Marca local y mercado especifico,Estados Unidos,Shortlist
El Ojo de Iberoamerica,2025,CONTENIDO,Anti Murphy´s law toast,Enterogermina de Opella Brasil,MRM Spain,Productos y Servicios,Brasil,Shortlist
El Ojo de Iberoamerica,2025,CONTENIDO,Anti Murphy´s law toast,Enterogermina de Opella Brasil,MRM Spain,Plataformas audiovisuales,Brasil,Shortlist
El Ojo de Iberoamerica,2025,CONTENIDO,El lazo de Petra,iPhone de Apple ALAC/Mexico,TBWA\ Media Arts Lab Miami (Estados Unidos),Plataformas audiovisuales,Mexico,Shortlist
El Ojo de Iberoamerica,2025,CONTENIDO,No frame missed,iPhone de Apple Estados Unidos,TBWA\ Media Arts Lab Miami (Estados Unidos),Productos y Servicios,Estados Unidos,Shortlist
El Ojo de Iberoamerica,2025,CONTENIDO,No frame missed,iPhone de Apple Estados Unidos,TBWA\ Media Arts Lab Miami (Estados Unidos),Plataformas audiovisuales,Estados Unidos,Shortlist
El Ojo de Iberoamerica,2025,CONTENIDO,No frame missed,iPhone de Apple Estados Unidos,TBWA\ Media Arts Lab Miami (Estados Unidos),Marca local y mercado especifico,Estados Unidos,Shortlist
El Ojo de Iberoamerica,2025,CONTENIDO,Cartas de Simone,Itau de Itau Unibanco Brasil,Africa Creative (Brasil) / Atenas.ag (Brasil),Eventos y acciones,Brasil,Shortlist
El Ojo de Iberoamerica,2025,CONTENIDO,Cartas de Simone,Itau de Itau Unibanco Brasil,Africa Creative (Brasil) / Atenas.ag (Brasil),Responsabilidad Social Empresarial (RSE),Brasil,Shortlist
El Ojo de Iberoamerica,2025,CONTENIDO,Avatars of hope,Mães da Se de Mães da Se,Druid Creative Gaming Brasil (Brasil),Influencers & Co-creacion de contenido,Brasil,Shortlist
El Ojo de Iberoamerica,2025,CONTENIDO,Avatars of hope,Mães da Se de Mães da Se,Druid Creative Gaming Brasil,Gaming & E-Sports,Brasil,Shortlist
El Ojo de Iberoamerica,2025,CONTENIDO,Shaveable island,Manscaped de Manscaped Estados Unidos,Druid Creative Gaming Brasil (Brasil),Gaming & E-Sports,Estados Unidos,Shortlist
El Ojo de Iberoamerica,2025,CONTENIDO,McDelivery FM,McDonald’s de McDonald’s Paraguay,Oniria\TBWA (Paraguay),Plataformas de Audio y Sonido,Paraguay,Shortlist
El Ojo de Iberoamerica,2025,CONTENIDO,Darkminito,Netflix de Netflix Argentina,Monks (Argentina),Eventos y acciones,Argentina,Shortlist
El Ojo de Iberoamerica,2025,CONTENIDO,Bring Korea to the world,Netflix de Netflix Estados Unidos,Founders Agency (Argentina),Eventos y acciones,Estados Unidos,Shortlist
El Ojo de Iberoamerica,2025,CONTENIDO,Me feat. Me,Nosotras de Essity Chile,DDB Chile (Chile),Plataformas de Audio y Sonido,Chile,Shortlist
El Ojo de Iberoamerica,2025,CONTENIDO,Me feat. Me,Nosotras de Essity Chile,DDB Chile (Chile),Contenidos impulsados por la musica,Chile,Shortlist
El Ojo de Iberoamerica,2025,CONTENIDO,Me feat. Me,Nosotras de Essity Chile,DDB Chile,Responsabilidad Social Empresarial (RSE),Chile,Shortlist
El Ojo de Iberoamerica,2025,CONTENIDO,Piecito,NubankPartnerships de Nubank Mexico,Nu Creative Hub (Mexico),Productos y Servicios,Mexico,Shortlist
El Ojo de Iberoamerica,2025,CONTENIDO,Responde con barras,Pepsi Black de GEPP Mexico,BBDO Mexico,Contenidos impulsados por la musica,Mexico,Shortlist
El Ojo de Iberoamerica,2025,CONTENIDO,Good shit,PETA de PETA Global,SAMY España,Bien publico y mensajes gubernamentales,España,Shortlist
El Ojo de Iberoamerica,2025,CONTENIDO,The mind guardian,Samsung de Samsung España,Cheil España,Nuevas realidades y tecnologias emergentes,España,Shortlist
El Ojo de Iberoamerica,2025,CONTENIDO,Doom fryer seara,Seara de Seara,Druid Creative Gaming Brasil,Eventos y acciones,Brasil,Shortlist
El Ojo de Iberoamerica,2025,CONTENIDO,Fictional insurance,Seguros del Estado RCN Television de Seguros del Estado / RCN Television,DDB Colombia,Productos y Servicios,Colombia,Shortlist
El Ojo de Iberoamerica,2025,CONTENIDO,Fictional insurance,Seguros del Estado RCN Television de Seguros del Estado / RCN Television,DDB Colombia (Colombia),Experiencia de marca,Colombia,Shortlist
El Ojo de Iberoamerica,2025,CONTENIDO,Stay tuned stay awake,Shell de Shell Guatemala,Ogilvy Guatemala,Plataformas de Audio y Sonido,Guatemala,Shortlist
El Ojo de Iberoamerica,2025,CONTENIDO,W1ng cod3s,Volaris Airlines de Volaris Airlines,Havas HOY (Mexico),Influencers & Co-creacion de contenido,Mexico,Shortlist
El Ojo de Iberoamerica,2025,CONTENIDO,Dancing washers,Whirlpool de Whirlpool Mexico,VML Mexico,Contenidos impulsados por la musica,Mexico,Shortlist
El Ojo de Iberoamerica,2025,CONTENIDO,Dancing washers,Whirlpool de Whirlpool Mexico,VML Mexico,Plataformas digitales y sociales,Mexico,Shortlist
El Ojo de Iberoamerica,2025,DESIGN,El complemento perfecto,Aceites de Oliva de España de Aceites de Oliva de España,CYW / Acentoenlace,Diseño de producto,España,Shortlist
El Ojo de Iberoamerica,2025,DESIGN,Glowing relief,Alivia Health de Alivia Health,De la Cruz/ Ogilvy,Packaging,Puerto Rico,Shortlist
El Ojo de Iberoamerica,2025,DESIGN,The shooting – Print,Diario La Union de Articulo 19,Grey Mexico,Afiches y publicaciones,Mexico,Shortlist
El Ojo de Iberoamerica,2025,DESIGN,Breathless billboards,Astrazeneca de Astrazeneca Colombia,Leo,Afiches y publicaciones,Colombia,Shortlist
El Ojo de Iberoamerica,2025,DESIGN,The Shakespeare BIC,Bic Cristal Dura+ de BIC,VML Brasil,Diseño editorial,Brasil,Shortlist
El Ojo de Iberoamerica,2025,DESIGN,The Shakespeare BIC,Bic Cristal Dura+ de BIC,VML Brasil,Instalaciones y articulos promocionales,Brasil,Shortlist
El Ojo de Iberoamerica,2025,DESIGN,The Shakespeare BIC,Bic Cristal Dura+ de BIC,VML Brasil,Diseño de experiencia de marca,Brasil,Shortlist
El Ojo de Iberoamerica,2025,DESIGN,Canja new vis ID,Canja Audio Culture de Canja Audio Culture,TBWA Chiat Day LA,Identidad y construccion de marca,Brasil,Shortlist
El Ojo de Iberoamerica,2025,DESIGN,Rompe los patrones,Cartama de N/A,Creamos Agencia,Identidad y construccion de marca,Colombia,Shortlist
El Ojo de Iberoamerica,2025,DESIGN,Depressed bedrooms,Casaideas de Casaideas Peru,Boost Brand Accelerator,Instalaciones y articulos promocionales,Peru,Shortlist
El Ojo de Iberoamerica,2025,DESIGN,Corona Suntimer,Corona de Cerveceria Ambev Guatemala,el taier DDB Centro,Diseño de producto,Guatemala,Shortlist
El Ojo de Iberoamerica,2025,DESIGN,Estudiantes es La Plata,Estudiantes de La Plata,TombrasNiña,Identidad y construccion de marca,Argentina,Shortlist
El Ojo de Iberoamerica,2025,DESIGN,Justice by her type,Grupo de Familias Sobreviviendo al Feminicidio de Grupo de Familias Sobreviviendo al Feminicidio,GarnierBBDO / SHIFT Porter Novelli,Diseño inclusivo,Costa Rica,Shortlist
El Ojo de Iberoamerica,2025,DESIGN,Priceless walls,Home Vega de Home Vega,BeFlamingo,Diseño para plataformas sociales,Ecuador,Shortlist
El Ojo de Iberoamerica,2025,DESIGN,Nigrum corpus,IDOMED/ Instituto Yduqs de IDOMED / Instituto Yduqs,Artplan,Diseño editorial,Brasil,Shortlist
El Ojo de Iberoamerica,2025,DESIGN,Nigrum corpus,IDOMED/ Instituto Yduqs de IDOMED / Instituto Yduqs,Artplan,Diseño inclusivo,Brasil,Shortlist
El Ojo de Iberoamerica,2025,DESIGN,Bouillon bag,Knorr de Unilever Global,MullenLowe Global,Instalaciones y articulos promocionales,Estados Unidos,Shortlist
El Ojo de Iberoamerica,2025,DESIGN,Bouillon bag,Knorr de Unilever Global,MullenLowe Global,Packaging,Estados Unidos,Shortlist
El Ojo de Iberoamerica,2025,DESIGN,See through banners,L1 Max de 1190 Sports,Leo Lima,Diseño de experiencia de marca,Peru,Shortlist
El Ojo de Iberoamerica,2025,DESIGN,Maker’s Mark,Maker’s Mark de N/A,Publicis Brasil,Afiches y publicaciones,Brasil,Shortlist
El Ojo de Iberoamerica,2025,DESIGN,Found in translation,Medalla Light de Compañia Cervecera de Puerto Rico,DDB Latina Puerto Rico,Diseño editorial,Estados Unidos,Shortlist
El Ojo de Iberoamerica,2025,DESIGN,Her touch,O Boticario de O Boticario,Almap BBDO,Diseño editorial,Brasil,Shortlist
El Ojo de Iberoamerica,2025,DESIGN,Allevia pollen passport,Opella de Opella-Allegra,MRM Spain,Diseño de experiencia de marca,Brasil,Shortlist
El Ojo de Iberoamerica,2025,DESIGN,Sentir los colores,Pilsen de AB InBev Paraguay,Koku,Diseño inclusivo,Paraguay,Shortlist
El Ojo de Iberoamerica,2025,DESIGN,Bad luck reverser,Refisal de Brinsa,Name / VML New York,Packaging,Colombia,Shortlist
El Ojo de Iberoamerica,2025,DESIGN,Impulse,Samsung de Samsung España,Cheil España,Diseño inclusivo,España,Shortlist
El Ojo de Iberoamerica,2025,DESIGN,Rock & ride,Uber/ Quilmes de Uber Argentina / Cerveceria y Malteria Quilmes,Wieden+Kennedy São Paulo / Wieden+Kennedy,Diseño de experiencia de marca,Argentina,Shortlist
El Ojo de Iberoamerica,2025,DESIGN,Sticky habits,Unicef de Unicef Colombia,Findasense Colombia,Diseño de experiencia de marca,Colombia,Shortlist
El Ojo de Iberoamerica,2025,DESIGN,Un festival de historias,WorldFest Houston de Houston International Film Festival,Lopez Negrete,Afiches y publicaciones,Estados Unidos,Shortlist
El Ojo de Iberoamerica,2025,DIRECTO,Glowing relief,Alivia Health de Alivia Health,De la Cruz/ Ogilvy,Marca local,Puerto Rico,Shortlist
El Ojo de Iberoamerica,2025,DIRECTO,Marino Uriel. Una leyenda (in)olvidable,Atletico de Madrid / AFEAM ,Havas Creative Spain,Responsabilidad Social Empresarial (RSE),España,Shortlist
El Ojo de Iberoamerica,2025,DIRECTO,Tracking Bad Bunny,Bad Bunny de Rimas Entertainment,DDB Latina Puerto Rico,Uso de plataformas digitales,Puerto Rico,Shortlist
El Ojo de Iberoamerica,2025,DIRECTO,Tracking Bad Bunny,Bad Bunny de Rimas Entertainment,DDB Latina Puerto Rico,Acciones en plataformas sociales y co-creacion de contenido,Puerto Rico,Shortlist
El Ojo de Iberoamerica,2025,DIRECTO,Tracking Bad Bunny,Bad Bunny de Rimas Entertainment,DDB Latina Puerto Rico,Eventos y acciones,Puerto Rico,Shortlist
El Ojo de Iberoamerica,2025,DIRECTO,Tracking Bad Bunny,Bad Bunny de Rimas Entertainment,DDB Latina Puerto Rico,Lanzamiento y activacion de marca,Puerto Rico,Shortlist
El Ojo de Iberoamerica,2025,DIRECTO,Tracking Bad Bunny,Bad Bunny de Rimas Entertainment,DDB Latina Puerto Rico,Mercado especifico,Puerto Rico,Shortlist
El Ojo de Iberoamerica,2025,DIRECTO,Pixvertising,Burger King de Burger King Brasil,Almap BBDO,Correo Directo,Brasil,Shortlist
El Ojo de Iberoamerica,2025,DIRECTO,Abogados BK Taste,Burger King de Burger King Brasil,Almap BBDO,Eventos y acciones,Brasil,Shortlist
El Ojo de Iberoamerica,2025,DIRECTO,Abogados BK Taste,Burger King de Burger King Brasil,Almap BBDO,Lanzamiento y activacion de marca,Brasil,Shortlist
El Ojo de Iberoamerica,2025,DIRECTO,Depressed bedrooms,Casaideas de Casaideas Peru,Boost Brand Accelerator,Responsabilidad Social Empresarial (RSE),Peru,Shortlist
El Ojo de Iberoamerica,2025,DIRECTO,Depressed bedrooms,Casaideas de Casaideas Peru,Boost Brand Accelerator,Mercado especifico,Peru,Shortlist
El Ojo de Iberoamerica,2025,DIRECTO,Corona Suntimer,Corona de Cerveceria Ambev Guatemala,el taier DDB Centro,Productos,Guatemala,Shortlist
El Ojo de Iberoamerica,2025,DIRECTO,Corona Suntimer,Corona de Cerveceria Ambev Guatemala,el taier DDB Centro,Eventos y acciones,Guatemala,Shortlist
El Ojo de Iberoamerica,2025,DIRECTO,Glowing relief,Farmacias Plaza/ Alivia Health de Farmacias Plaza / Alivia Health,De la Cruz/ Ogilvy,Responsabilidad Social Empresarial (RSE),Puerto Rico,Shortlist
El Ojo de Iberoamerica,2025,DIRECTO,Glowing relief,Farmacias Plaza/ Alivia Health de Farmacias Plaza / Alivia Health,De la Cruz/ Ogilvy,Fidelizacion y/o construccion de marca,Puerto Rico,Shortlist
El Ojo de Iberoamerica,2025,DIRECTO,Heladerita Gatorade,Gatorade de PepsiCo Argentina,R/GA Buenos Aires,Acciones con uso de datos,Argentina,Shortlist
El Ojo de Iberoamerica,2025,DIRECTO,Cheering for the rain,Globoplay/ Movida de Globoplay Brasil / Movida,Artplan,Acciones con uso de datos,Brasil,Shortlist
El Ojo de Iberoamerica,2025,DIRECTO,The eyes dribble,Heineken de Heineken Argentina,Publicis Argentina / LePub Milan,Nuevas realidades y tecnologias emergentes,Argentina,Shortlist
El Ojo de Iberoamerica,2025,DIRECTO,The eyes dribble,Heineken de Heineken Argentina,Publicis Argentina / LePub Milan,Fidelizacion y/o construccion de marca,Argentina,Shortlist
El Ojo de Iberoamerica,2025,DIRECTO,Nigrum corpus,IDOMED/ Instituto Yduqs de IDOMED / Instituto Yduqs,Artplan,Responsabilidad Social Empresarial (RSE),Brasil,Shortlist
El Ojo de Iberoamerica,2025,DIRECTO,Nigrum corpus,IDOMED/ Instituto Yduqs de IDOMED / Instituto Yduqs,Artplan,Marca local,Brasil,Shortlist
El Ojo de Iberoamerica,2025,DIRECTO,Ikea hidden tags,IKEA de IKEA Portugal,Uzina,Fidelizacion y/o construccion de marca,Portugal,Shortlist
El Ojo de Iberoamerica,2025,DIRECTO,OutOfOfficeOffers,JetSMART de JetSMART Chile,Super,Correo Directo,Chile,Shortlist
El Ojo de Iberoamerica,2025,DIRECTO,Hijos de la dictadura,Madre e Hijos del Silencio de Madres e Hijos del Silencio,Cheil Chile,Bien publico y mensajes gubernamentales,Chile,Shortlist
El Ojo de Iberoamerica,2025,DIRECTO,Hijos de la dictadura,Madre e Hijos del Silencio de Madres e Hijos del Silencio,Cheil Chile,Nuevas realidades y tecnologias emergentes,Chile,Shortlist
El Ojo de Iberoamerica,2025,DIRECTO,Makeup payment,Mastercard de Mastercard Brasil,MRM Brasil,Lanzamiento y activacion de marca,Brasil,Shortlist
El Ojo de Iberoamerica,2025,DIRECTO,Game guardian,Movistar de Movistar Argentina,VML Argentina,Nuevas realidades y tecnologias emergentes,Argentina,Shortlist
El Ojo de Iberoamerica,2025,DIRECTO,Game guardian,Movistar de Movistar Argentina,VML Argentina,Juegos,Argentina,Shortlist
El Ojo de Iberoamerica,2025,DIRECTO,Maraton,Nike de Nike Mexico,Wieden+Kennedy Mexico / Mindshare,Mercado especifico,Mexico,Shortlist
El Ojo de Iberoamerica,2025,DIRECTO,Oreo voice notes,Oreo de Mondelez Colombia,LePub Bogota,Correo Directo,Colombia,Shortlist
El Ojo de Iberoamerica,2025,DIRECTO,Pedigree caramelo,Pedigree de Mars Brasil,Almap BBDO,Responsabilidad Social Empresarial (RSE),Brasil,Shortlist
El Ojo de Iberoamerica,2025,DIRECTO,Pedigree caramelo,Pedigree de Mars Brasil,Almap BBDO,Lanzamiento y activacion de marca,Brasil,Shortlist
El Ojo de Iberoamerica,2025,DIRECTO,Cartel para una persona,Pilsen de AB InBev Paraguay,Oniria\TBWA / 23 Sports,Marca local,Paraguay,Shortlist
El Ojo de Iberoamerica,2025,DIRECTO,The Kimberly price,Plaza Vea de Supermercados Peruanos,Fahrenheit DDB,Servicios,Peru,Shortlist
El Ojo de Iberoamerica,2025,DIRECTO,The Kimberly price,Plaza Vea de Supermercados Peruanos,Fahrenheit DDB,Uso de plataformas digitales,Peru,Shortlist
El Ojo de Iberoamerica,2025,DIRECTO,The Kimberly price,Plaza Vea de Supermercados Peruanos,Fahrenheit DDB,Eventos y acciones,Peru,Shortlist
El Ojo de Iberoamerica,2025,DIRECTO,The Kimberly price,Plaza Vea de Supermercados Peruanos,Fahrenheit DDB,Lanzamiento y activacion de marca,Peru,Shortlist
El Ojo de Iberoamerica,2025,DIRECTO,Clandestination,Procolombia de Procolombia,DDB Colombia,Bien publico y mensajes gubernamentales,Colombia,Shortlist
El Ojo de Iberoamerica,2025,DIRECTO,Humanimal tourism,Procolombia de Procolombia,DDB Colombia,Bien publico y mensajes gubernamentales,Colombia,Shortlist
El Ojo de Iberoamerica,2025,DIRECTO,Humanimal tourism,Procolombia de Procolombia,DDB Colombia,Uso de plataformas digitales,Colombia,Shortlist
El Ojo de Iberoamerica,2025,DIRECTO,Clandestination,Procolombia de Procolombia,DDB Colombia,Eventos y acciones,Colombia,Shortlist
El Ojo de Iberoamerica,2025,DIRECTO,Humanimal tourism,Procolombia de Procolombia,DDB Colombia,Acciones con uso de datos,Colombia,Shortlist
El Ojo de Iberoamerica,2025,DIRECTO,Clandestination,Procolombia de Procolombia,DDB Colombia,Lanzamiento y activacion de marca,Colombia,Shortlist
El Ojo de Iberoamerica,2025,DIRECTO,Clandestination,Procolombia de Procolombia,DDB Colombia,Marca local,Colombia,Shortlist
El Ojo de Iberoamerica,2025,DIRECTO,Air raid alarm clock,Razom for Ukraine de Razom for Ukraine,Officer & Gentleman / Arriba!,Acciones con uso de datos,Estados Unidos,Shortlist
El Ojo de Iberoamerica,2025,DIRECTO,Peternity leave,Royal Canin de Royal Canin Argentina,TombrasNiña,Correo Directo,Argentina,Shortlist
El Ojo de Iberoamerica,2025,DIRECTO,The mind guardian,Samsung de Cheil España,Cheil España,Juegos,España,Shortlist
El Ojo de Iberoamerica,2025,DIRECTO,Fictional insurance,Seguros del Estado / RCN Television de Seguros del Estado / RCN Television,DDB Colombia,Servicios,Colombia,Shortlist
El Ojo de Iberoamerica,2025,DIRECTO,Fictional insurance,Seguros del Estado / RCN Television de Seguros del Estado / RCN Television,DDB Colombia,Uso de plataformas digitales,Colombia,Shortlist
El Ojo de Iberoamerica,2025,DIRECTO,Fictional insurance,Seguros del Estado / RCN Television de Seguros del Estado / RCN Television,DDB Colombia,Fidelizacion y/o construccion de marca,Colombia,Shortlist
El Ojo de Iberoamerica,2025,DIRECTO,Fictional insurance,Seguros del Estado / RCN Television de Seguros del Estado / RCN Television,DDB Colombia,Marca local,Colombia,Shortlist
El Ojo de Iberoamerica,2025,DIRECTO,The rewards bag,TaTa de Grupo De Narvaez,VML Uruguay,Fidelizacion y/o construccion de marca,Uruguay,Shortlist
El Ojo de Iberoamerica,2025,DIRECTO,The rewards bag,TaTa de Grupo De Narvaez,VML Uruguay,Marca local,Uruguay,Shortlist
El Ojo de Iberoamerica,2025,DIRECTO,Gulf of Mexico (Bar),Tecate de Heineken Mexico,LePub Mexico,Lanzamiento y activacion de marca,Mexico,Shortlist
El Ojo de Iberoamerica,2025,DIRECTO,Re-commerce Atacama,Vtex/ Desierto Vestido de Vtex Brasil / Desierto Vestido,Artplan,Uso de plataformas digitales,Brasil,Shortlist
El Ojo de Iberoamerica,2025,DIRECTO,Re-commerce Atacama,Vtex/ Desierto Vestido de Vtex Brasil / Desierto Vestido,Artplan,Responsabilidad Social Empresarial (RSE),Brasil,Shortlist
El Ojo de Iberoamerica,2025,DIRECTO,Dancing washers,Whirlpool de Whirlpool Mexico,VML Mexico,Productos,Mexico,Shortlist
El Ojo de Iberoamerica,2025,DIRECTO,Dancing washers,Whirlpool de Whirlpool Mexico,VML Mexico,Uso de plataformas digitales,Mexico,Shortlist
El Ojo de Iberoamerica,2025,DIRECTO,Dancing washers,Whirlpool de Whirlpool Mexico,VML Mexico,Acciones en plataformas sociales y co-creacion de contenido,Mexico,Shortlist
El Ojo de Iberoamerica,2025,EFICACIA,Glowing relief,Alivia Health de Alivia Health,De la Cruz/ Ogilvy (Puerto Rico),Proposito con resultados,Puerto Rico,Shortlist
El Ojo de Iberoamerica,2025,EFICACIA,Glowing relief,Alivia Health de Alivia Health,De la Cruz/ Ogilvy (Puerto Rico),Marca local y mercado especifico,Puerto Rico,Shortlist
El Ojo de Iberoamerica,2025,EFICACIA,Absurd promises,ASDRA de ASDRA – Asociacion Sindrome de Down Argentina,VML Argentina,Bien publico y mensajes gubernamentales,Argentina,Shortlist
El Ojo de Iberoamerica,2025,EFICACIA,Absurd promises,ASDRA de ASDRA – Asociacion Sindrome de Down Argentina,VML Argentina,Marca local y mercado especifico,Argentina,Shortlist
El Ojo de Iberoamerica,2025,EFICACIA,Tracking Bad Bunny,Bad Bunny de Rimas Entertainment,DDB Latina Puerto Rico,Gestion de comunidades en redes sociales,Puerto Rico,Shortlist
El Ojo de Iberoamerica,2025,EFICACIA,Tracking Bad Bunny,Bad Bunny de Rimas Entertainment,DDB Latina Puerto Rico,Estrategia en el lanzamiento y activacion de marca,Puerto Rico,Shortlist
El Ojo de Iberoamerica,2025,EFICACIA,Tracking Bad Bunny,Bad Bunny de Rimas Entertainment,DDB Latina Puerto Rico,Marca local y mercado especifico,Puerto Rico,Shortlist
El Ojo de Iberoamerica,2025,EFICACIA,Natural freezers,Corona de AB InBev Grupo Modelo Mexico,BBDO Mexico,Proposito con resultados,Mexico,Shortlist
El Ojo de Iberoamerica,2025,EFICACIA,El poder de lo salado,Cris-Sal de Ecuasal,Paradais DDB (Ecuador),exito sostenido,Ecuador,Shortlist
El Ojo de Iberoamerica,2025,EFICACIA,El gol interrumpido,FIAT de FIAT Brasil,Leo Burnett Tailor Made (Brasil),Real time marketing,Brasil,Shortlist
El Ojo de Iberoamerica,2025,EFICACIA,Design your sleep while you sleep,IKEA Family de IKEA España,MRM Spain,Experiencias interactivas,España,Shortlist
El Ojo de Iberoamerica,2025,EFICACIA,Design your sleep while you sleep,IKEA Family de IKEA España,MRM Spain,Nuevas realidades y tecnologias emergentes,España,Shortlist
El Ojo de Iberoamerica,2025,EFICACIA,Green flag,Knorr de Unilever Global,MullenLowe Global (Otro),Gestion de comunidades en redes sociales,Estados Unidos,Shortlist
El Ojo de Iberoamerica,2025,EFICACIA,La reserva rosa,Liga Contra El Cancer de Liga Peruana de Lucha contra el Cancer,RosadoToledo& (Puerto Rico),Bien publico y mensajes gubernamentales,Peru,Shortlist
El Ojo de Iberoamerica,2025,EFICACIA,The trial,Lingokids de Lingokids,Piel Creative Studio (España),Estrategia posicionamiento y creatividad,Estados Unidos,Shortlist
El Ojo de Iberoamerica,2025,EFICACIA,La licencia por maternidad no es solo pausa. Es crecimiento.,Linkedin de LinkedIn Brasil,R/GA Brasil,Campañas de bajo presupuesto,Brasil,Shortlist
El Ojo de Iberoamerica,2025,EFICACIA,Hijos de la dictadura,Madre e Hijos del Silencio de Madres e Hijos del Silencio,Cheil Chile,Proposito con resultados,Chile,Shortlist
El Ojo de Iberoamerica,2025,EFICACIA,El momento de ver la verdad,MAPFRE de MAPFRE España,McCann España (España),exito sostenido,España,Shortlist
El Ojo de Iberoamerica,2025,EFICACIA,This is not a game,Movistar de Movistar Mexico,VML Mexico,Branded content,Mexico,Shortlist
El Ojo de Iberoamerica,2025,EFICACIA,Libertadoras,Museo Nacional de Museo Nacional,WILD FI (Uruguay),Proposito con resultados,Uruguay,Shortlist
El Ojo de Iberoamerica,2025,EFICACIA,Nubanc by Matt LeBlanc,Nubank de Nubank Brasil,Wieden+Kennedy São Paulo (Brasil),Branded content,Brasil,Shortlist
El Ojo de Iberoamerica,2025,EFICACIA,El alma dark de la fiesta,Paketaxo Dark de PepsiCo Mexico,Don by Havas (Argentina),Influencers,Mexico,Shortlist
El Ojo de Iberoamerica,2025,EFICACIA,Pedigree caramelo,Pedigree de Mars Brasil,Almap BBDO (Brasil),Estrategia posicionamiento y creatividad,Brasil,Shortlist
El Ojo de Iberoamerica,2025,EFICACIA,The Kimberly price,Plaza Vea de Supermercados Peruanos,Fahrenheit DDB (Peru),Estrategia en el lanzamiento y activacion de marca,Peru,Shortlist
El Ojo de Iberoamerica,2025,EFICACIA,The Kimberly price,Plaza Vea de Supermercados Peruanos,Fahrenheit DDB (Peru),Real time marketing,Peru,Shortlist
El Ojo de Iberoamerica,2025,EFICACIA,The Kimberly price,Plaza Vea de Supermercados Peruanos,Fahrenheit DDB (Peru),Marketing promocional,Peru,Shortlist
El Ojo de Iberoamerica,2025,EFICACIA,The Kimberly price,Plaza Vea de Supermercados Peruanos,Fahrenheit DDB (Peru),Marketing de actualidad,Peru,Shortlist
El Ojo de Iberoamerica,2025,EFICACIA,Fixed cyber,Poxipol de Fenedur,WILD FI (Chile),Campañas de bajo presupuesto,Chile,Shortlist
El Ojo de Iberoamerica,2025,EFICACIA,Clandestination,Procolombia de Procolombia,DDB Colombia,Bien publico y mensajes gubernamentales,Colombia,Shortlist
El Ojo de Iberoamerica,2025,EFICACIA,Humanimal tourism,Procolombia de Procolombia,DDB Colombia,Bien publico y mensajes gubernamentales,Colombia,Shortlist
El Ojo de Iberoamerica,2025,EFICACIA,Clandestination,Procolombia de Procolombia,DDB Colombia,Estrategia posicionamiento y creatividad,Colombia,Shortlist
El Ojo de Iberoamerica,2025,EFICACIA,Humanimal tourism,Procolombia de Procolombia,DDB Colombia,Estrategia posicionamiento y creatividad,Colombia,Shortlist
El Ojo de Iberoamerica,2025,EFICACIA,Clandestination,Procolombia de Procolombia,DDB Colombia,Proposito con resultados,Colombia,Shortlist
El Ojo de Iberoamerica,2025,EFICACIA,Relato inesperado,Quilmes de Cerveceria y Malteria Quilmes,draftLine BUE (Argentina),Experiencias interactivas,Argentina,Shortlist
El Ojo de Iberoamerica,2025,EFICACIA,Relato inesperado,Quilmes de Cerveceria y Malteria Quilmes,draftLine BUE (Argentina),Branded content,Argentina,Shortlist
El Ojo de Iberoamerica,2025,EFICACIA,Unnoise,Samsung de Samsung España,Cheil España,Nuevas realidades y tecnologias emergentes,España,Shortlist
El Ojo de Iberoamerica,2025,EFICACIA,Unfear,Samsung de Samsung España,Cheil España,Nuevas realidades y tecnologias emergentes,España,Shortlist
El Ojo de Iberoamerica,2025,EFICACIA,Sponsor de la suerte,Schneider de CCU Argentina,Mercado McCann (Argentina),Estrategia posicionamiento y creatividad,Argentina,Shortlist
El Ojo de Iberoamerica,2025,EFICACIA,Fictional insurance,Seguros del Estado RCN Television de Seguros del Estado / RCN Television,DDB Colombia (Colombia),Experiencias interactivas,Colombia,Shortlist
El Ojo de Iberoamerica,2025,EFICACIA,Domicilios con descuento,TaDa de AB InBev Paraguay,WILD FI (Paraguay),Estrategia en el uso de medios,Paraguay,Shortlist
El Ojo de Iberoamerica,2025,EFICACIA,El sexo reactiva la economia,Tulipan de Tulipan,Zurda Agency (Argentina),Marketing promocional,Argentina,Shortlist
El Ojo de Iberoamerica,2025,EFICACIA,El sexo reactiva la economia,Tulipan de Tulipan,Zurda Agency (Argentina),Marca local y mercado especifico,Argentina,Shortlist
El Ojo de Iberoamerica,2025,EFICACIA,Recuerdame viviendo,Victoria de AB InBev Grupo Modelo Mexico,Wieden+Kennedy Mexico,Estrategia en el uso de medios,Mexico,Shortlist
El Ojo de Iberoamerica,2025,EFICACIA,W1ng cod3s,Volaris Airlines de Volaris Airlines,Havas HOY (Mexico),Campañas de bajo presupuesto,Mexico,Shortlist
El Ojo de Iberoamerica,2025,EFICACIA,W1ng cod3s,Volaris Airlines de Volaris Airlines,Havas HOY (Mexico),Marketing promocional,Mexico,Shortlist
El Ojo de Iberoamerica,2025,EXPERIENCIA DE MARCA & ACTIVACIoN,Glowing relief,Alivia Health de Alivia Health,De la Cruz/ Ogilvy,Mercado especifico,Puerto Rico,Shortlist
El Ojo de Iberoamerica,2025,EXPERIENCIA DE MARCA & ACTIVACIoN,Scratch and sniff,Axe/Lynx de Unilever Global,LOLA MullenLowe,Experiencias y activaciones en el espacio publico,España,Shortlist
El Ojo de Iberoamerica,2025,EXPERIENCIA DE MARCA & ACTIVACIoN,Tracking Bad Bunny,Bad Bunny de Rimas Entertainment,DDB Latina Puerto Rico,Experiencias y activaciones en el espacio publico,Puerto Rico,Shortlist
El Ojo de Iberoamerica,2025,EXPERIENCIA DE MARCA & ACTIVACIoN,Tracking Bad Bunny,Bad Bunny de Rimas Entertainment,DDB Latina Puerto Rico,Experiencias y activaciones en plataformas digitales,Puerto Rico,Shortlist
El Ojo de Iberoamerica,2025,EXPERIENCIA DE MARCA & ACTIVACIoN,Tracking Bad Bunny,Bad Bunny de Rimas Entertainment,DDB Latina Puerto Rico,Experiencias y activaciones en plataformas sociales & Influencers,Puerto Rico,Shortlist
El Ojo de Iberoamerica,2025,EXPERIENCIA DE MARCA & ACTIVACIoN,Tracking Bad Bunny,Bad Bunny de Rimas Entertainment,DDB Latina Puerto Rico,Lanzamiento y posicionamiento,Puerto Rico,Shortlist
El Ojo de Iberoamerica,2025,EXPERIENCIA DE MARCA & ACTIVACIoN,Tracking Bad Bunny,Bad Bunny de Rimas Entertainment,DDB Latina Puerto Rico,Excelencia en la activacion de marca,Puerto Rico,Shortlist
El Ojo de Iberoamerica,2025,EXPERIENCIA DE MARCA & ACTIVACIoN,The cheapest transfers,Bodega Aurrera de Walmart Mexico,TERAN TBWA\,Experiencias y activaciones impulsadas por juegos,Mexico,Shortlist
El Ojo de Iberoamerica,2025,EXPERIENCIA DE MARCA & ACTIVACIoN,Abogados BK Taste,Burger King de Burger King Brasil,Almap BBDO,Experiencias y activaciones en el punto de venta,Brasil,Shortlist
El Ojo de Iberoamerica,2025,EXPERIENCIA DE MARCA & ACTIVACIoN,Abogados BK Taste,Burger King de Burger King Brasil,Almap BBDO,Lanzamiento y posicionamiento,Brasil,Shortlist
El Ojo de Iberoamerica,2025,EXPERIENCIA DE MARCA & ACTIVACIoN,Depressed bedrooms,Casaideas de Casaideas Peru,Boost Brand Accelerator,Experiencias y activaciones en el punto de venta,Peru,Shortlist
El Ojo de Iberoamerica,2025,EXPERIENCIA DE MARCA & ACTIVACIoN,Depressed bedrooms,Casaideas de Casaideas Peru,Boost Brand Accelerator,Experiencias y activaciones en multiplataformas,Peru,Shortlist
El Ojo de Iberoamerica,2025,EXPERIENCIA DE MARCA & ACTIVACIoN,Depressed bedrooms,Casaideas de Casaideas Peru,Boost Brand Accelerator,Responsabilidad Social Empresarial (RSE),Peru,Shortlist
El Ojo de Iberoamerica,2025,EXPERIENCIA DE MARCA & ACTIVACIoN,GUAC Play,Change the Ref de Change the Ref,Alma DDB,Bien publico y mensajes gubernamentales,Estados Unidos,Shortlist
El Ojo de Iberoamerica,2025,EXPERIENCIA DE MARCA & ACTIVACIoN,100 foot delivery,CTT de CTT,Havas Portugal,Marca local,Portugal,Shortlist
El Ojo de Iberoamerica,2025,EXPERIENCIA DE MARCA & ACTIVACIoN,Undeleted,Dove de Unilever Argentina,VML Argentina,Responsabilidad Social Empresarial (RSE),Argentina,Shortlist
El Ojo de Iberoamerica,2025,EXPERIENCIA DE MARCA & ACTIVACIoN,Anti Murphy´s law toast,Enterogermina de Opella Brasil,MRM Spain,Productos,Brasil,Shortlist
El Ojo de Iberoamerica,2025,EXPERIENCIA DE MARCA & ACTIVACIoN,Anti Murphy´s law toast,Enterogermina de Opella Brasil,MRM Spain,Experiencias y activaciones en multiplataformas,Brasil,Shortlist
El Ojo de Iberoamerica,2025,EXPERIENCIA DE MARCA & ACTIVACIoN,The eyes dribble,Heineken de Heineken Argentina,Publicis Argentina / LePub Milan,Nuevas realidades y tecnologias emergentes,Argentina,Shortlist
El Ojo de Iberoamerica,2025,EXPERIENCIA DE MARCA & ACTIVACIoN,Nigrum corpus,IDOMED/ Instituto Yduqs de IDOMED / Instituto Yduqs,Artplan,Responsabilidad Social Empresarial (RSE),Brasil,Shortlist
El Ojo de Iberoamerica,2025,EXPERIENCIA DE MARCA & ACTIVACIoN,Preowned,IKEA de IKEA España,McCann España,Servicios,España,Shortlist
El Ojo de Iberoamerica,2025,EXPERIENCIA DE MARCA & ACTIVACIoN,Preowned,IKEA de IKEA España,McCann España,Experiencias y activaciones en plataformas digitales,España,Shortlist
El Ojo de Iberoamerica,2025,EXPERIENCIA DE MARCA & ACTIVACIoN,Preowned,IKEA de IKEA España,McCann España,Responsabilidad Social Empresarial (RSE),España,Shortlist
El Ojo de Iberoamerica,2025,EXPERIENCIA DE MARCA & ACTIVACIoN,Preowned,IKEA de IKEA España,McCann España,Lanzamiento y posicionamiento,España,Shortlist
El Ojo de Iberoamerica,2025,EXPERIENCIA DE MARCA & ACTIVACIoN,Ikea hidden tags,IKEA de IKEA Portugal,Uzina,Excelencia en la activacion de marca,Portugal,Shortlist
El Ojo de Iberoamerica,2025,EXPERIENCIA DE MARCA & ACTIVACIoN,Mod the veg,Knorr bouillon de Unilever Global,MullenLowe Global,Experiencias y activaciones impulsadas por juegos,Estados Unidos,Shortlist
El Ojo de Iberoamerica,2025,EXPERIENCIA DE MARCA & ACTIVACIoN,Habitaciones que no callan,Movimiento de Valientes Latinoamerica / A Breeze of Hope,Publicidad Comercial MullenLowe El Salvador / MullenLowe SSP3,Mercado especifico,Colombia,Shortlist
El Ojo de Iberoamerica,2025,EXPERIENCIA DE MARCA & ACTIVACIoN,Nescafe decaf billboards,Nescafe de Nestle Panama,Star5,Productos,Panama,Shortlist
El Ojo de Iberoamerica,2025,EXPERIENCIA DE MARCA & ACTIVACIoN,Nescafe decaf billboards,Nescafe de Nestle Panama,Star5,Experiencias y activaciones en el espacio publico,Panama,Shortlist
El Ojo de Iberoamerica,2025,EXPERIENCIA DE MARCA & ACTIVACIoN,Bring Korea to the world,Netflix de Netflix Estados Unidos,Founders Agency,Experiencias y activaciones en el espacio publico,Estados Unidos,Shortlist
El Ojo de Iberoamerica,2025,EXPERIENCIA DE MARCA & ACTIVACIoN,Maraton,Nike de N/A,Wieden+Kennedy Mexico / Mindshare,Mercado especifico,Mexico,Shortlist
El Ojo de Iberoamerica,2025,EXPERIENCIA DE MARCA & ACTIVACIoN,Sport the fight,Nike de Nike Brasil,Wieden+Kennedy São Paulo,Experiencias y activaciones en el punto de venta,Brasil,Shortlist
El Ojo de Iberoamerica,2025,EXPERIENCIA DE MARCA & ACTIVACIoN,Maraton,Nike de Nike Mexico,Wieden+Kennedy Mexico / Mindshare,Experiencias y activaciones en el espacio publico,Mexico,Shortlist
El Ojo de Iberoamerica,2025,EXPERIENCIA DE MARCA & ACTIVACIoN,Pedigree caramelo,Pedigree de Mars Brasil,Almap BBDO,Responsabilidad Social Empresarial (RSE),Brasil,Shortlist
El Ojo de Iberoamerica,2025,EXPERIENCIA DE MARCA & ACTIVACIoN,Pedigree caramelo,Pedigree de Mars Brasil,Almap BBDO,Excelencia en la activacion de marca,Brasil,Shortlist
El Ojo de Iberoamerica,2025,EXPERIENCIA DE MARCA & ACTIVACIoN,The Kimberly price,Plaza Vea de Supermercados Peruanos,Fahrenheit DDB,Servicios,Peru,Shortlist
El Ojo de Iberoamerica,2025,EXPERIENCIA DE MARCA & ACTIVACIoN,The Kimberly price,Plaza Vea de Supermercados Peruanos,Fahrenheit DDB,Experiencias y activaciones en el espacio publico,Peru,Shortlist
El Ojo de Iberoamerica,2025,EXPERIENCIA DE MARCA & ACTIVACIoN,The Kimberly price,Plaza Vea de Supermercados Peruanos,Fahrenheit DDB,Experiencias y activaciones en plataformas sociales & Influencers,Peru,Shortlist
El Ojo de Iberoamerica,2025,EXPERIENCIA DE MARCA & ACTIVACIoN,The Kimberly price,Plaza Vea de Supermercados Peruanos,Fahrenheit DDB,Excelencia en la activacion de marca,Peru,Shortlist
El Ojo de Iberoamerica,2025,EXPERIENCIA DE MARCA & ACTIVACIoN,The Kimberly price,Plaza Vea de Supermercados Peruanos,Fahrenheit DDB,Marca local,Peru,Shortlist
El Ojo de Iberoamerica,2025,EXPERIENCIA DE MARCA & ACTIVACIoN,Clandestination,Procolombia de N/A,DDB Colombia,Experiencias y activaciones en el espacio publico,Colombia,Shortlist
El Ojo de Iberoamerica,2025,EXPERIENCIA DE MARCA & ACTIVACIoN,Clandestination,Procolombia de Procolombia,DDB Colombia,Bien publico y mensajes gubernamentales,Colombia,Shortlist
El Ojo de Iberoamerica,2025,EXPERIENCIA DE MARCA & ACTIVACIoN,Humanimal tourism,Procolombia de Procolombia,DDB Colombia,Bien publico y mensajes gubernamentales,Colombia,Shortlist
El Ojo de Iberoamerica,2025,EXPERIENCIA DE MARCA & ACTIVACIoN,Clandestination,Procolombia de Procolombia,DDB Colombia,Excelencia en la activacion de marca,Colombia,Shortlist
El Ojo de Iberoamerica,2025,EXPERIENCIA DE MARCA & ACTIVACIoN,Sudorrea,Rexona de Unilever Argentina,CATCH,Lanzamiento y posicionamiento,Argentina,Shortlist
El Ojo de Iberoamerica,2025,EXPERIENCIA DE MARCA & ACTIVACIoN,The mind guardian,Samsung de Cheil España,Cheil España,Nuevas realidades y tecnologias emergentes,España,Shortlist
El Ojo de Iberoamerica,2025,EXPERIENCIA DE MARCA & ACTIVACIoN,Doom fryer seara,Seara de Seara,Druid Creative Gaming Brasil,Experiencias y activaciones impulsadas por juegos,Brasil,Shortlist
El Ojo de Iberoamerica,2025,EXPERIENCIA DE MARCA & ACTIVACIoN,Fictional insurance,Seguros del Estado / RCN Television de Seguros del Estado / RCN Television,DDB Colombia,Servicios,Colombia,Shortlist
El Ojo de Iberoamerica,2025,EXPERIENCIA DE MARCA & ACTIVACIoN,Fictional insurance,Seguros del Estado / RCN Television de Seguros del Estado / RCN Television,DDB Colombia,Experiencias y activaciones en plataformas digitales,Colombia,Shortlist
El Ojo de Iberoamerica,2025,EXPERIENCIA DE MARCA & ACTIVACIoN,Fictional insurance,Seguros del Estado / RCN Television de Seguros del Estado / RCN Television,DDB Colombia,Excelencia en la activacion de marca,Colombia,Shortlist
El Ojo de Iberoamerica,2025,EXPERIENCIA DE MARCA & ACTIVACIoN,Fictional insurance,Seguros del Estado / RCN Television de Seguros del Estado / RCN Television,DDB Colombia,Marca local,Colombia,Shortlist
El Ojo de Iberoamerica,2025,EXPERIENCIA DE MARCA & ACTIVACIoN,Agencia,SP por Todas de Governo do Estado de São Paulo,DPZ,Nuevas realidades y tecnologias emergentes,Brasil,Shortlist
El Ojo de Iberoamerica,2025,EXPERIENCIA DE MARCA & ACTIVACIoN,The rewards bag,TaTa de Grupo De Narvaez,VML Uruguay,Experiencias y activaciones en el punto de venta,Uruguay,Shortlist
El Ojo de Iberoamerica,2025,EXPERIENCIA DE MARCA & ACTIVACIoN,The rewards bag,TaTa de Grupo De Narvaez,VML Uruguay,Responsabilidad Social Empresarial (RSE),Uruguay,Shortlist
El Ojo de Iberoamerica,2025,EXPERIENCIA DE MARCA & ACTIVACIoN,The rewards bag,TaTa de Grupo De Narvaez,VML Uruguay,Marca local,Uruguay,Shortlist
El Ojo de Iberoamerica,2025,EXPERIENCIA DE MARCA & ACTIVACIoN,Gulf of Mexico (Bar),Tecate de Heineken Mexico,LePub Mexico,Experiencias y activaciones en el espacio publico,Mexico,Shortlist
El Ojo de Iberoamerica,2025,EXPERIENCIA DE MARCA & ACTIVACIoN,Gulf of Mexico (Bar),Tecate de Heineken Mexico,LePub Mexico,Marca local,Mexico,Shortlist
El Ojo de Iberoamerica,2025,EXPERIENCIA DE MARCA & ACTIVACIoN,Shades of red,The Coca-Cola Company de Coca-Cola Mexico,DAVID Madrid,Experiencias y activaciones en el espacio publico,Mexico,Shortlist
El Ojo de Iberoamerica,2025,EXPERIENCIA DE MARCA & ACTIVACIoN,TIM Block Pin,TIM Telecom de TIM Brasil,BETC HAVAS,Responsabilidad Social Empresarial (RSE),Brasil,Shortlist
El Ojo de Iberoamerica,2025,EXPERIENCIA DE MARCA & ACTIVACIoN,Checoland,Uber Eats de N/A,Wieden+Kennedy Mexico,Experiencias y activaciones en el espacio publico,Mexico,Shortlist
El Ojo de Iberoamerica,2025,EXPERIENCIA DE MARCA & ACTIVACIoN,Saving pelotica de goma,Vacilate esto de Vacilate esto,Buentipo / La Web,Experiencias y activaciones en multiplataformas,Venezuela,Shortlist
El Ojo de Iberoamerica,2025,EXPERIENCIA DE MARCA & ACTIVACIoN,W1ng cod3s,Volaris Airlines de Volaris Airlines,Havas HOY,Experiencias y activaciones en el espacio publico,Mexico,Shortlist
El Ojo de Iberoamerica,2025,EXPERIENCIA DE MARCA & ACTIVACIoN,Re-commerce Atacama,Vtex/ Desierto Vestido de Vtex Brasil / Desierto Vestido,Artplan,Experiencias y activaciones en plataformas digitales,Brasil,Shortlist
El Ojo de Iberoamerica,2025,EXPERIENCIA DE MARCA & ACTIVACIoN,Dancing washers,Whirlpool de Whirlpool Mexico,VML Mexico,Productos,Mexico,Shortlist
El Ojo de Iberoamerica,2025,EXPERIENCIA DE MARCA & ACTIVACIoN,Dancing washers,Whirlpool de Whirlpool Mexico,VML Mexico,Experiencias y activaciones en plataformas digitales,Mexico,Shortlist
El Ojo de Iberoamerica,2025,EXPERIENCIA DE MARCA & ACTIVACIoN,Lag or bad,Xtrim de Xtrim,Paradais DDB,Experiencias y activaciones impulsadas por juegos,Ecuador,Shortlist
El Ojo de Iberoamerica,2025,FILM,Aeromexico hermanos,Aeromexico de Aeromexico,Ogilvy Mexico,Comerciales hasta 180 segundos de duracion,Mexico,Shortlist
El Ojo de Iberoamerica,2025,FILM,Aeromexicanos,Aeromexico de Aeromexico,Ogilvy Mexico,Comerciales hasta 180 segundos de duracion,Mexico,Shortlist
El Ojo de Iberoamerica,2025,FILM,Aeromexicanos,Aeromexico de Aeromexico,Ogilvy Mexico,Marca local,Mexico,Shortlist
El Ojo de Iberoamerica,2025,FILM,The exam,Animal Politico de Animal Politico,McCann Worldgroup Mexico / Weber Shandwick,Medios/ entretenimientos/ recreacion y turismo,Mexico,Shortlist
El Ojo de Iberoamerica,2025,FILM,The exam,Animal Politico de Animal Politico,McCann Worldgroup Mexico / Weber Shandwick,Marca local,Mexico,Shortlist
El Ojo de Iberoamerica,2025,FILM,The Shooting,Diario La Union de Articulo 19,Grey Mexico,Contenidos,Mexico,Shortlist
El Ojo de Iberoamerica,2025,FILM,The Shooting,Diario La Union de Articulo 19,Grey Mexico,Responsabilidad Social Empresarial (RSE),Mexico,Shortlist
El Ojo de Iberoamerica,2025,FILM,The Shooting,Diario La Union de Articulo 19,Grey Mexico,Mercado especifico,Mexico,Shortlist
El Ojo de Iberoamerica,2025,FILM,La causa del accidente que provoco el incendio,Audiovisual from Spain de ICEX,CANADA (España),Contenidos,España,Shortlist
El Ojo de Iberoamerica,2025,FILM,Sweeter than the sweetest,Axe/Lynx de Unilever Global,LOLA MullenLowe,Productos,España,Shortlist
El Ojo de Iberoamerica,2025,FILM,Axe lower body,Axe/Lynx de Unilever Global,LOLA MullenLowe,Comerciales hasta 15 segundos de duracion,España,Shortlist
El Ojo de Iberoamerica,2025,FILM,El clima ideal/ cuando mas lo necesitas,BGH de BGH,McCann Buenos Aires / Initiative,Productos,Argentina,Shortlist
El Ojo de Iberoamerica,2025,FILM,Cabeças,Bienal de São Paulo de 36° Bienal de São Paulo,Africa Creative,Medios/ entretenimientos/ recreacion y turismo,Brasil,Shortlist
El Ojo de Iberoamerica,2025,FILM,GEORG – Born to be the last,Bornfree UK de N/A,Maruri Ecuador,Mercado especifico,Ecuador,Shortlist
El Ojo de Iberoamerica,2025,FILM,Llevamos mas tiempo aqui que lo muy de aqui,Burger King de Burger King España,This is Libre,Comerciales hasta 60 segundos de duracion,España,Shortlist
El Ojo de Iberoamerica,2025,FILM,Familiares,Campaña Madres y Familiares de Detenidos Desaparecidos de Madres y Familiares de Detenidos Desaparecidos Uruguay,Innvented,Comerciales hasta 180 segundos de duracion,Uruguay,Shortlist
El Ojo de Iberoamerica,2025,FILM,Se buscan charcuteros,Campofrio de Campofrio,This is Libre,Alimentos y bebidas,España,Shortlist
El Ojo de Iberoamerica,2025,FILM,Green man,Car Dealer de Toyota Of Hollywood,Conill,Automoviles/ camiones y movilidad,Estados Unidos,Shortlist
El Ojo de Iberoamerica,2025,FILM,Don’t stop motion,CENABAST de Gobierno de Chile,VML Chile,Bien publico y mensajes gubernamentales,Chile,Shortlist
El Ojo de Iberoamerica,2025,FILM,Don’t stop motion,CENABAST de Gobierno de Chile,VML Chile,Mercado especifico,Chile,Shortlist
El Ojo de Iberoamerica,2025,FILM,Cause & effect,Change the Ref de Change the Ref,Alma DDB,Bien publico y mensajes gubernamentales,Estados Unidos,Shortlist
El Ojo de Iberoamerica,2025,FILM,American cancer story,Change the Ref de Change the Ref,Klick Health Brasil,Contenidos,Estados Unidos,Shortlist
El Ojo de Iberoamerica,2025,FILM,Juntos en todas,Coca-Cola de Coca-Cola Argentina,Grey Argentina,Alimentos y bebidas,Argentina,Shortlist
El Ojo de Iberoamerica,2025,FILM,Abogados,Consejo Profesional de Agrimensura de CPA,From,Compañias de servicios publicos/ privados y financieros,Argentina,Shortlist
El Ojo de Iberoamerica,2025,FILM,Medicos,Consejo Profesional de Agrimensura de CPA,From,Compañias de servicios publicos/ privados y financieros,Argentina,Shortlist
El Ojo de Iberoamerica,2025,FILM,Estudia agrimensura,Consejo Profesional de Agrimensura de CPA,From,Comerciales hasta 60 segundos de duracion,Argentina,Shortlist
El Ojo de Iberoamerica,2025,FILM,Medicos,Consejo Profesional de Agrimensura de N/A,From,Marca local,Argentina,Shortlist
El Ojo de Iberoamerica,2025,FILM,Abogados,Consejo Profesional de Agrimensura de N/A,From,Marca local,Argentina,Shortlist
El Ojo de Iberoamerica,2025,FILM,Psicologos,CPA de Consejo Profesional de Agrimensura,From,Compañias de servicios publicos/ privados y financieros,Argentina,Shortlist
El Ojo de Iberoamerica,2025,FILM,Psicologos,CPA de N/A,From,Marca local,Argentina,Shortlist
El Ojo de Iberoamerica,2025,FILM,Tan como tu,Down España de Down España,Contrapunto BBDO,Bien publico y mensajes gubernamentales,España,Shortlist
El Ojo de Iberoamerica,2025,FILM,Todo te pide Easy,Easy de Cencosud Argentina,Don by Havas,Comercios al publico/ supermercados y tiendas online,Argentina,Shortlist
El Ojo de Iberoamerica,2025,FILM,Anti Murphy´s law toast,Enterogermina de Opella Brasil,MRM Spain,Contenidos,Brasil,Shortlist
El Ojo de Iberoamerica,2025,FILM,Built for tough,Ford de Ford Brasil,Wieden+Kennedy São Paulo / Wieden+Kennedy Buenos Aires,Automoviles/ camiones y movilidad,Brasil,Shortlist
El Ojo de Iberoamerica,2025,FILM,Ruido blanco,Fundacion Casa Ronald McDonald de Fundacion Casa Ronald McDonald Ecuador,Paradais DDB,Contenidos,Ecuador,Shortlist
El Ojo de Iberoamerica,2025,FILM,Mi primera carta,Gobierno de Pernambuco de Gobierno de Pernambuco,Propeg,Comerciales hasta 120 segundos de duracion,Brasil,Shortlist
El Ojo de Iberoamerica,2025,FILM,Napoleon,IADE de IADE,Havas Portugal,Compañias de servicios publicos/ privados y financieros,Portugal,Shortlist
El Ojo de Iberoamerica,2025,FILM,El lazo de Petra,iPhone de Apple ALAC/Mexico,TBWA\ Media Arts Lab Miami,Contenidos,Mexico,Shortlist
El Ojo de Iberoamerica,2025,FILM,El lazo de Petra,iPhone de Apple ALAC/Mexico,TBWA\ Media Arts Lab Miami,Mercado especifico,Mexico,Shortlist
El Ojo de Iberoamerica,2025,FILM,No frame missed,iPhone de Apple Estados Unidos,TBWA\ Media Arts Lab Miami,Contenidos,Estados Unidos,Shortlist
El Ojo de Iberoamerica,2025,FILM,No frame missed,iPhone de Apple Estados Unidos,TBWA\ Media Arts Lab Miami,Mercado especifico,Estados Unidos,Shortlist
El Ojo de Iberoamerica,2025,FILM,El mundo te esta esperando,Klinger Viajes de Klinger,Hello Brand,Medios/ entretenimientos/ recreacion y turismo,Argentina,Shortlist
El Ojo de Iberoamerica,2025,FILM,El mundo te esta esperando,Klinger Viajes de Klinger,Hello Brand,Marca local,Argentina,Shortlist
El Ojo de Iberoamerica,2025,FILM,The trial,Lingokids de Lingokids,Piel Creative Studio,Contenidos,Estados Unidos,Shortlist
El Ojo de Iberoamerica,2025,FILM,Medife sin excusas,Medife de N/A,ENERO Comunicacion,Compañias de servicios publicos/ privados y financieros,Argentina,Shortlist
El Ojo de Iberoamerica,2025,FILM,All new Triton,Mitsubishi Motors de Mitsubishi Motors Brasil,Africa Creative,Nuevas realidades y tecnologias emergentes,Brasil,Shortlist
El Ojo de Iberoamerica,2025,FILM,Senna’s Cut,Netflix de Netflix Argentina,Monks,Medios/ entretenimientos/ recreacion y turismo,Argentina,Shortlist
El Ojo de Iberoamerica,2025,FILM,Senna’s Cut,Netflix de Netflix Argentina,Monks,Comerciales hasta 120 segundos de duracion,Argentina,Shortlist
El Ojo de Iberoamerica,2025,FILM,Senna’s Cut,Netflix de Netflix Argentina,Monks,Comerciales hasta 180 segundos de duracion,Argentina,Shortlist
El Ojo de Iberoamerica,2025,FILM,Dribble to survive,Nike de Nike,Wieden+Kennedy São Paulo / Wieden+Kennedy London,Medios/ entretenimientos/ recreacion y turismo,Global,Shortlist
El Ojo de Iberoamerica,2025,FILM,Feary tale,Nike de Nike Brasil,Wieden+Kennedy SP,Medios/ entretenimientos/ recreacion y turismo,Brasil,Shortlist
El Ojo de Iberoamerica,2025,FILM,Casa de vidrio,O Boticario de Grupo Boticario,Almap BBDO,Contenidos,Brasil,Shortlist
El Ojo de Iberoamerica,2025,FILM,Casa de vidrio,O Boticario de Grupo Boticario,Almap BBDO,Marca local,Brasil,Shortlist
El Ojo de Iberoamerica,2025,FILM,Planes,O Boticario de O Boticario,Almap BBDO,Responsabilidad Social Empresarial (RSE),Brasil,Shortlist
El Ojo de Iberoamerica,2025,FILM,Unbelievably long lasting,Old Spice de Procter & Gamble España,Burns The Agency,Productos,España,Shortlist
El Ojo de Iberoamerica,2025,FILM,Unbelievably long lasting,Old Spice de Procter & Gamble España,Burns The Agency,Comerciales hasta 120 segundos de duracion,España,Shortlist
El Ojo de Iberoamerica,2025,FILM,En el momento de la verdad,OSDE ,Zurda Agency,Compañias de servicios publicos/ privados y financieros,Argentina,Shortlist
El Ojo de Iberoamerica,2025,FILM,En el momento de la verdad – Medallista,OSDE ,Zurda Agency,Compañias de servicios publicos/ privados y financieros,Argentina,Shortlist
El Ojo de Iberoamerica,2025,FILM,Small talks,Salud por derecho de Fundacion Salud por Derecho,McCann España,Bien publico y mensajes gubernamentales,España,Shortlist
El Ojo de Iberoamerica,2025,FILM,Casa inteligente: una aventura de Chavo,Samsung de Samsung Brasil,Cheil Brasil,Comerciales hasta 180 segundos de duracion,Brasil,Shortlist
El Ojo de Iberoamerica,2025,FILM,Te entendemos,San Cristobal Seguros de Grupo San Cristobal,TBWA\Buenos Aires,Comerciales hasta 15 segundos de duracion,Argentina,Shortlist
El Ojo de Iberoamerica,2025,FILM,Eco-ilogico,SEO BirdLife de SEO/BirdLife,Darwin & Verne,Bien publico y mensajes gubernamentales,España,Shortlist
El Ojo de Iberoamerica,2025,FILM,Las otras plagas,Syngenta de Syngenta,Vendaval,Compañias de servicios publicos/ privados y financieros,Argentina,Shortlist
El Ojo de Iberoamerica,2025,FILM,Tecate eagle,Tecate de Heineken Mexico,LePub Mexico,Comerciales hasta 120 segundos de duracion,Mexico,Shortlist
El Ojo de Iberoamerica,2025,FILM,Mas que palabras – Film,The Trevor Project/ Sico/ FEMESS / Fundacion Mexico Vivo / GILEAD de The Trevor Project Mexico / Sico / FEMESS / Fundacion Mexico Vivo / GILEAD Mexico,Grey Mexico,Comerciales hasta 180 segundos de duracion,Mexico,Shortlist
El Ojo de Iberoamerica,2025,FILM,Lentes del Alma,TIM Telecom de TIM Brasil,BETC HAVAS,Responsabilidad Social Empresarial (RSE),Brasil,Shortlist
El Ojo de Iberoamerica,2025,FILM,Verle la cara a Dios,Tulipan de Tulipan,Zurda Agency,Productos,Argentina,Shortlist
El Ojo de Iberoamerica,2025,FILM,Verle la cara a Dios,Tulipan de Tulipan,Zurda Agency,Comerciales hasta 180 segundos de duracion,Argentina,Shortlist
El Ojo de Iberoamerica,2025,FILM,Verle la cara a Dios,Tulipan de Tulipan,Zurda Agency,Marca local,Argentina,Shortlist
El Ojo de Iberoamerica,2025,FILM,Amor arbitrario,TyC Sports de TyC Sports,Mercado McCann,Medios/ entretenimientos/ recreacion y turismo,Argentina,Shortlist
El Ojo de Iberoamerica,2025,FILM,Rating,TyC Sports de TyC Sports,Mercado McCann,Comerciales hasta 15 segundos de duracion,Argentina,Shortlist
El Ojo de Iberoamerica,2025,FILM,What can’t food fix?,Uber Eats de Uber Mexico,Wieden+Kennedy Mexico,Compañias de servicios publicos/ privados y financieros,Mexico,Shortlist
El Ojo de Iberoamerica,2025,FILM,Portal bags,Uber Eats de Uber Mexico,Wieden+Kennedy Mexico,Comerciales hasta 15 segundos de duracion,Mexico,Shortlist
El Ojo de Iberoamerica,2025,FILM,La mancha invisible,Vanish de Reckitt,BETC HAVAS,Responsabilidad Social Empresarial (RSE),Brasil,Shortlist
El Ojo de Iberoamerica,2025,FILM,Recuerdame viviendo,Victoria de AB InBev Grupo Modelo Mexico,Wieden+Kennedy Mexico,Marca local,Mexico,Shortlist
El Ojo de Iberoamerica,2025,FILM,2 minutos 4 segundos,Villavicencio de Aguas de Origen,Digitas Buenos Aires,Responsabilidad Social Empresarial (RSE),Argentina,Shortlist
El Ojo de Iberoamerica,2025,FILM,Relacion toxica,Vivo de Telefonica Brasil,Africa Creative,Comerciales hasta 180 segundos de duracion,Brasil,Shortlist
El Ojo de Iberoamerica,2025,FILM,Llegadas,Volkswagen de Volkswagen Brasil,Almap BBDO,Automoviles/ camiones y movilidad,Brasil,Shortlist
El Ojo de Iberoamerica,2025,FILM,Pajarito,Volkswagen Group España Distribucion/ S.A,DDB & 14 Group,Automoviles/ camiones y movilidad,España,Shortlist
El Ojo de Iberoamerica,2025,FILM,When you’re not here,Whirlpool de Whirlpool Mexico,VML Mexico,Responsabilidad Social Empresarial (RSE),Mexico,Shortlist
El Ojo de Iberoamerica,2025,GRaFICA,Nubes,Aeromexico de Aeromexico,Don by Havas (Argentina),Medios entretenimientos recreacion y turismo,Mexico,Shortlist
El Ojo de Iberoamerica,2025,GRaFICA,Aeropostales,Aeropostale de Liverpool,D14S (Mexico),Medios entretenimientos recreacion y turismo,Mexico,Shortlist
El Ojo de Iberoamerica,2025,GRaFICA,The shooting – Corner,Diario La Union de Articulo 19,Grey Mexico,Medios entretenimientos recreacion y turismo,Mexico,Shortlist
El Ojo de Iberoamerica,2025,GRaFICA,The shooting – Window,Diario La Union de Articulo 19,Grey Mexico,Medios entretenimientos recreacion y turismo,Mexico,Shortlist
El Ojo de Iberoamerica,2025,GRaFICA,The shooting – Corner,Diario La Union de Articulo 19,Grey Mexico,Responsabilidad Social Empresarial (RSE),Mexico,Shortlist
El Ojo de Iberoamerica,2025,GRaFICA,The shooting – Window,Diario La Union de Articulo 19,Grey Mexico,Responsabilidad Social Empresarial (RSE),Mexico,Shortlist
El Ojo de Iberoamerica,2025,GRaFICA,The Shakespeare BIC,Bic Cristal Dura+ de BIC,VML Brasil,Formatos no convencionales,Brasil,Shortlist
El Ojo de Iberoamerica,2025,GRaFICA,Cause & effect,Change the Ref de Change the Ref,Alma DDB (Estados Unidos),Bien publico y mensajes gubernamentales,Estados Unidos,Shortlist
El Ojo de Iberoamerica,2025,GRaFICA,Cause & effect,Change the Ref de Change the Ref,Alma DDB (Estados Unidos),Marca local y mercado especifico,Estados Unidos,Shortlist
El Ojo de Iberoamerica,2025,GRaFICA,Unwrap the summer,Cornetto de Unilever Global,LOLA MullenLowe (España),Alimentos y Bebidas,España,Shortlist
El Ojo de Iberoamerica,2025,GRaFICA,Mail doors,CTT de CTT,Havas Worldwide Portugal,Compañias de servicios publicos privados y financieros,Portugal,Shortlist
El Ojo de Iberoamerica,2025,GRaFICA,The self kiss,Gatorade de PepsiCo Colombia,Sancho BBDO (Colombia),Alimentos y Bebidas,Colombia,Shortlist
El Ojo de Iberoamerica,2025,GRaFICA,¿Que planeta es este?,Greenpeace de Greenpeace Brasil,Beta Collective (Brasil),Bien publico y mensajes gubernamentales,Brasil,Shortlist
El Ojo de Iberoamerica,2025,GRaFICA,Nigrum corpus,IDOMEDInstituto Yduqs de IDOMED,Artplan (Brasil),Formatos no convencionales,Brasil,Shortlist
El Ojo de Iberoamerica,2025,GRaFICA,Nigrum corpus,IDOMEDInstituto Yduqs de IDOMED,Artplan (Brasil),Responsabilidad Social Empresarial (RSE),Brasil,Shortlist
El Ojo de Iberoamerica,2025,GRaFICA,Deliver better,Knorr de Unilever Global,MullenLowe Global,Marca local y mercado especifico,Estados Unidos,Shortlist
El Ojo de Iberoamerica,2025,GRaFICA,Codigo de defensa e inclusion del consumidor negro,L’Oreal Luxo de L’Oreal Brasil,Beta Collective (Brasil),Responsabilidad Social Empresarial (RSE),Brasil,Shortlist
El Ojo de Iberoamerica,2025,GRaFICA,Thick cracking chocolate,Magnum de The Magnum Ice Cream Company,LOLA MullenLowe (España),Alimentos y Bebidas,España,Shortlist
El Ojo de Iberoamerica,2025,GRaFICA,Found in translation,Medalla Light de Compañia Cervecera de Puerto Rico,DDB Latina Puerto Rico (Puerto Rico),Alimentos y Bebidas,Estados Unidos,Shortlist
El Ojo de Iberoamerica,2025,GRaFICA,Found in translation,Medalla Light de Compañia Cervecera de Puerto Rico,DDB Latina Puerto Rico,Marca local y mercado especifico,Estados Unidos,Shortlist
El Ojo de Iberoamerica,2025,GRaFICA,A decision was made here,Oreo de Mondelez Colombia,LePub Bogota (Colombia),Alimentos y Bebidas,Colombia,Shortlist
El Ojo de Iberoamerica,2025,GRaFICA,Horas,Ovacion de Ovacion,Ogilvy Uruguay,Medios entretenimientos recreacion y turismo,Uruguay,Shortlist
El Ojo de Iberoamerica,2025,GRaFICA,Plastic irony,Solu de Solu,Alma DDB (Estados Unidos),Productos,Estados Unidos,Shortlist
El Ojo de Iberoamerica,2025,GRaFICA,Plastic irony,Solu de Solu,Alma DDB (Estados Unidos),Responsabilidad Social Empresarial (RSE),Estados Unidos,Shortlist
El Ojo de Iberoamerica,2025,GRaFICA,Esto no es vivir en paz,Techo de Techo Paraguay,Oniria\TBWA (Paraguay),Bien publico y mensajes gubernamentales,Paraguay,Shortlist
El Ojo de Iberoamerica,2025,GRaFICA,Beca en Libros,UNIASSELVI de Vitru Educacion,BETC HAVAS (Brasil),Formatos no convencionales,Brasil,Shortlist
El Ojo de Iberoamerica,2025,MEDIA,Watch that stain,Andino Ultra de Unacem Peru,Fahrenheit DDB (Peru),Planificacion y ejecucion de Medios,Peru,Shortlist
El Ojo de Iberoamerica,2025,MEDIA,Marino Uriel. Una leyenda (in)olvidable,Atletico de Madrid / AFEAM ,Havas Creative Spain,Acciones y eventos,España,Shortlist
El Ojo de Iberoamerica,2025,MEDIA,Bad Bunny vendors,Bad Bunny de Rimas Entertainment,DDB Latina Puerto Rico,Plataformas de audio,Puerto Rico,Shortlist
El Ojo de Iberoamerica,2025,MEDIA,Tracking Bad Bunny,Bad Bunny de Rimas Entertainment,DDB Latina Puerto Rico,Via Publica,Puerto Rico,Shortlist
El Ojo de Iberoamerica,2025,MEDIA,Tracking Bad Bunny,Bad Bunny de Rimas Entertainment,DDB Latina Puerto Rico,Plataformas digitales,Puerto Rico,Shortlist
El Ojo de Iberoamerica,2025,MEDIA,Tracking Bad Bunny,Bad Bunny de Rimas Entertainment,DDB Latina Puerto Rico,Plataformas sociales & Influencer,Puerto Rico,Shortlist
El Ojo de Iberoamerica,2025,MEDIA,Bad Bunny vendors,Bad Bunny de Rimas Entertainment,DDB Latina Puerto Rico,Mercado especifico,Puerto Rico,Shortlist
El Ojo de Iberoamerica,2025,MEDIA,El sonido del divorcio,Calm es Simple de Calm es Simple,Ogilvy Argentina,Plataformas de audio,Argentina,Shortlist
El Ojo de Iberoamerica,2025,MEDIA,Depressed bedrooms,Casaideas de Casaideas Peru,Boost Brand Accelerator (Peru),Acciones y eventos,Peru,Shortlist
El Ojo de Iberoamerica,2025,MEDIA,Depressed bedrooms,Casaideas de Casaideas Peru,Boost Brand Accelerator (Peru),Campaña Integradas,Peru,Shortlist
El Ojo de Iberoamerica,2025,MEDIA,Depressed bedrooms,Casaideas de Casaideas Peru,Boost Brand Accelerator (Peru),Responsabilidad Social Empresarial (RSE),Peru,Shortlist
El Ojo de Iberoamerica,2025,MEDIA,Night signals,Chevrolet de Santo Domingo Motors,Ogilvy Republica Dominicana (Rep. Dominicana),Via Publica,,Shortlist
El Ojo de Iberoamerica,2025,MEDIA,Cold activated announcers,Coors Light de Molson Coors Beverage Company,Alma DDB (Estados Unidos),Plataformas de audio,Estados Unidos,Shortlist
El Ojo de Iberoamerica,2025,MEDIA,Todo mundo usa. Menos o Mario,Havaianas de Havaianas Brasil,GALERIA.ag (Brasil),Campaña Integradas,Brasil,Shortlist
El Ojo de Iberoamerica,2025,MEDIA,Nigrum corpus,IDOMEDInstituto Yduqs de IDOMED,Artplan (Brasil),Impresiones y publicaciones,Brasil,Shortlist
El Ojo de Iberoamerica,2025,MEDIA,Design your sleep while you sleep,IKEA Family de IKEA España,MRM Spain,Plataformas digitales,España,Shortlist
El Ojo de Iberoamerica,2025,MEDIA,Codigo Indio,Indio de Heineken Mexico,Dentsu Creative Mexico,Campaña Integradas,Mexico,Shortlist
El Ojo de Iberoamerica,2025,MEDIA,Carteles de aluminio,JupiterPublicartel de Jupiter,From (Uruguay),Via Publica,Uruguay,Shortlist
El Ojo de Iberoamerica,2025,MEDIA,Carteles de aluminio,JupiterPublicartel de Jupiter,From (Uruguay),Marca local,Uruguay,Shortlist
El Ojo de Iberoamerica,2025,MEDIA,See through banners,L1 Max de 1190 Sports,Leo Lima (Peru),Plataformas audiovisuales,Peru,Shortlist
El Ojo de Iberoamerica,2025,MEDIA,Bald faces,Mami Wata de Mami Wata,Artplan (Brasil),Nuevas realidades y tecnologias emergentes,Brasil,Shortlist
El Ojo de Iberoamerica,2025,MEDIA,Vallas del tamaño de tu hogar,Muebles tugo de Tugo,Buentipo (España),Estrategia de Medios,Colombia,Shortlist
El Ojo de Iberoamerica,2025,MEDIA,Nescafe decaf billboards,Nescafe de Nestle Panama,Star5 (Panama),Productos,Panama,Shortlist
El Ojo de Iberoamerica,2025,MEDIA,Nescafe decaf billboards,Nescafe de Nestle Panama,Star5 (Panama),Via Publica,Panama,Shortlist
El Ojo de Iberoamerica,2025,MEDIA,Nescafe decaf billboards,Nescafe de Nestle Panama,Star5 (Panama),Responsabilidad Social Empresarial (RSE),Panama,Shortlist
El Ojo de Iberoamerica,2025,MEDIA,Self lawsuit,Netflix de Netflix Colombia,Sancho BBDO (Colombia),Plataformas sociales & Influencer,Colombia,Shortlist
El Ojo de Iberoamerica,2025,MEDIA,Maraton,Nike de Nike Mexico,Wieden+Kennedy Mexico Mindshare (Otro),Via Publica,Mexico,Shortlist
El Ojo de Iberoamerica,2025,MEDIA,Maraton,Nike de Nike Mexico,Wieden+Kennedy Mexico Mindshare,Planificacion y ejecucion de Medios,Mexico,Shortlist
El Ojo de Iberoamerica,2025,MEDIA,Maraton,Nike de Nike Mexico,Wieden+Kennedy Mexico Mindshare,Mercado especifico,Mexico,Shortlist
El Ojo de Iberoamerica,2025,MEDIA,The Kimberly price,Plaza Vea de Supermercados Peruanos,Fahrenheit DDB (Peru),Servicios,Peru,Shortlist
El Ojo de Iberoamerica,2025,MEDIA,The Kimberly price,Plaza Vea de Supermercados Peruanos,Fahrenheit DDB (Peru),Acciones y eventos,Peru,Shortlist
El Ojo de Iberoamerica,2025,MEDIA,The Kimberly price,Plaza Vea de Supermercados Peruanos,Fahrenheit DDB (Peru),Plataformas sociales & Influencer,Peru,Shortlist
El Ojo de Iberoamerica,2025,MEDIA,Freetestyler,Por un Peru sin cancer de Por Un Peru Sin Cancer,VML Peru,Bien publico y mensajes gubernamentales,Peru,Shortlist
El Ojo de Iberoamerica,2025,MEDIA,Clandestination,Procolombia de Procolombia,DDB Colombia,Bien publico y mensajes gubernamentales,Colombia,Shortlist
El Ojo de Iberoamerica,2025,MEDIA,Humanimal tourism,Procolombia de Procolombia,DDB Colombia (Colombia),Bien publico y mensajes gubernamentales,Colombia,Shortlist
El Ojo de Iberoamerica,2025,MEDIA,Clandestination,Procolombia de Procolombia,DDB Colombia,Acciones y eventos,Colombia,Shortlist
El Ojo de Iberoamerica,2025,MEDIA,Fictional insurance,Seguros del Estado RCN Television de Seguros del Estado / RCN Television,DDB Colombia,Servicios,Colombia,Shortlist
El Ojo de Iberoamerica,2025,MEDIA,Fictional insurance,Seguros del Estado RCN Television de Seguros del Estado / RCN Television,DDB Colombia (Colombia),Plataformas audiovisuales,Colombia,Shortlist
El Ojo de Iberoamerica,2025,MEDIA,Fictional insurance,Seguros del Estado RCN Television de Seguros del Estado / RCN Television,DDB Colombia,Plataformas digitales,Colombia,Shortlist
El Ojo de Iberoamerica,2025,MEDIA,Fictional insurance,Seguros del Estado RCN Television de Seguros del Estado / RCN Television,DDB Colombia,Campaña Integradas,Colombia,Shortlist
El Ojo de Iberoamerica,2025,MEDIA,Fictional insurance,Seguros del Estado RCN Television de Seguros del Estado / RCN Television,DDB Colombia (Colombia),Estrategia de Medios,Colombia,Shortlist
El Ojo de Iberoamerica,2025,MEDIA,Fictional insurance,Seguros del Estado RCN Television de Seguros del Estado / RCN Television,DDB Colombia,Marca local,Colombia,Shortlist
El Ojo de Iberoamerica,2025,MEDIA,Stay tuned stay awake,Shell de Shell Guatemala,Ogilvy Guatemala,Plataformas de audio,Guatemala,Shortlist
El Ojo de Iberoamerica,2025,MEDIA,Stay tuned stay awake,Shell de Shell Guatemala,Ogilvy Guatemala,Responsabilidad Social Empresarial (RSE),Guatemala,Shortlist
El Ojo de Iberoamerica,2025,MEDIA,Stay tuned stay awake,Shell de Shell Guatemala,Ogilvy Guatemala,Planificacion y ejecucion de Medios,Guatemala,Shortlist
El Ojo de Iberoamerica,2025,MEDIA,The rewards bag,TaTa de Grupo De Narvaez,VML Uruguay,Servicios,Uruguay,Shortlist
El Ojo de Iberoamerica,2025,MEDIA,The rewards bag,TaTa de Grupo De Narvaez,VML Uruguay,Marca local,Uruguay,Shortlist
El Ojo de Iberoamerica,2025,MEDIA,Gulf of Mexico (Bar),Tecate de Heineken Mexico,LePub Mexico (Mexico),Acciones y eventos,Mexico,Shortlist
El Ojo de Iberoamerica,2025,MEDIA,Gulf of Mexico (Bar),Tecate de Heineken Mexico,LePub Mexico,Marca local,Mexico,Shortlist
El Ojo de Iberoamerica,2025,MEDIA,Checoland,Uber Eats de Uber Mexico,Wieden+Kennedy Mexico,Plataformas sociales & Influencer,Mexico,Shortlist
El Ojo de Iberoamerica,2025,MEDIA,Beca en Libros,UNIASSELVI de Vitru Educacion,BETC HAVAS (Brasil),Impresiones y publicaciones,Brasil,Shortlist
El Ojo de Iberoamerica,2025,MEDIA,Report this ad,Veris de Veris,Paradais DDB (Ecuador),Servicios,Ecuador,Shortlist
El Ojo de Iberoamerica,2025,MEDIA,Report this ad,Veris de Veris,Paradais DDB (Ecuador),Plataformas sociales & Influencer,Ecuador,Shortlist
El Ojo de Iberoamerica,2025,MEDIA,Report this ad,Veris de Veris,Paradais DDB (Ecuador),Mercado especifico,Ecuador,Shortlist
El Ojo de Iberoamerica,2025,MEDIA,W1ng cod3s,Volaris Airlines de Volaris Airlines,Havas HOY (Mexico),Servicios,Mexico,Shortlist
El Ojo de Iberoamerica,2025,MEDIA,Re-commerce Atacama,VtexDesierto Vestido de Vtex Brasil,Artplan (Brasil),Plataformas digitales,Brasil,Shortlist
El Ojo de Iberoamerica,2025,MEDIA,Dancing washers,Whirlpool de Whirlpool Mexico,VML Mexico,Productos,Mexico,Shortlist
El Ojo de Iberoamerica,2025,MEDIA,Dancing washers,Whirlpool de Whirlpool Mexico,VML Mexico,Plataformas digitales,Mexico,Shortlist
El Ojo de Iberoamerica,2025,PR,El complemento perfecto,Aceites de Oliva de España de Aceites de Oliva de España,CYW (España) Acentoenlace (España),Lanzamientos y activaciones,España,Shortlist
El Ojo de Iberoamerica,2025,PR,El complemento perfecto,Aceites de Oliva de España de Aceites de Oliva de España,CYW (España) Acentoenlace (España),Influencer & Creator,España,Shortlist
El Ojo de Iberoamerica,2025,PR,Aeromexicanos,Aeromexico de Aeromexico,Ogilvy Mexico,Eventos y sponsorship,Mexico,Shortlist
El Ojo de Iberoamerica,2025,PR,Aeromexicanos,Aeromexico de Aeromexico,Ogilvy Mexico,Contexto y Actualidad,Mexico,Shortlist
El Ojo de Iberoamerica,2025,PR,Aeromexicanos,Aeromexico de Aeromexico,Ogilvy Mexico,Marca local,Mexico,Shortlist
El Ojo de Iberoamerica,2025,PR,Aeromexicanos,Aeromexico de Aeromexico,Ogilvy Mexico,Mejor visualizacion de datos,Mexico,Shortlist
El Ojo de Iberoamerica,2025,PR,Aeromexicanos,Aeromexico de Aeromexico,Ogilvy Mexico,Uso de data,Mexico,Shortlist
El Ojo de Iberoamerica,2025,PR,Glowing relief,Alivia Health de Alivia Health,De la Cruz/ Ogilvy (Puerto Rico),Experiencia y estrategia de marca,Puerto Rico,Shortlist
El Ojo de Iberoamerica,2025,PR,Glowing relief,Alivia Health de Alivia Health,De la Cruz/ Ogilvy (Puerto Rico),Transformacion de Productos & Servicios,Puerto Rico,Shortlist
El Ojo de Iberoamerica,2025,PR,Watch that stain,Andino Ultra de Unacem Peru,Fahrenheit DDB (Peru),Viral Marketing,Peru,Shortlist
El Ojo de Iberoamerica,2025,PR,Watch that stain,Andino Ultra de Unacem Peru,Fahrenheit DDB (Peru),Branded Content,Peru,Shortlist
El Ojo de Iberoamerica,2025,PR,The exam,Animal Politico de Animal Politico,McCann Worldgroup Mexico / Weber Shandwick (Mexico),Responsabilidad Social Empresarial (RSE),Mexico,Shortlist
El Ojo de Iberoamerica,2025,PR,The shooting – Corner,Diario La Union de Articulo 19,Grey Mexico,Servicios,Mexico,Shortlist
El Ojo de Iberoamerica,2025,PR,The shooting – Window,Diario La Union de Articulo 19,Grey Mexico,Servicios,Mexico,Shortlist
El Ojo de Iberoamerica,2025,PR,The shooting – Corner,Diario La Union de Articulo 19,Grey Mexico,Mercado especifico,Mexico,Shortlist
El Ojo de Iberoamerica,2025,PR,The shooting – Window,Diario La Union de Articulo 19,Grey Mexico,Mercado especifico,Mexico,Shortlist
El Ojo de Iberoamerica,2025,PR,The shooting,Diario La Union de Articulo 19,Grey Mexico,Online ad,Mexico,Shortlist
El Ojo de Iberoamerica,2025,PR,The shooting,Diario La Union de Articulo 19,Grey Mexico,Branded Content,Mexico,Shortlist
El Ojo de Iberoamerica,2025,PR,Black card,Athletico Paranaense de Clube Athletico Paranaense,Tif Comunicação (Brasil),Social diversidad e Inclusion,Brasil,Shortlist
El Ojo de Iberoamerica,2025,PR,Marino Uriel. Una leyenda (in)olvidable,Atletico de Madrid / AFEAM ,Havas Creative Spain,Acciones,España,Shortlist
El Ojo de Iberoamerica,2025,PR,Lyinx with catnip,Axe/Lynx de Unilever Global,LOLA MullenLowe (España),Productos,España,Shortlist
El Ojo de Iberoamerica,2025,PR,Scratch and sniff,Axe/Lynx de Unilever Global,LOLA MullenLowe (España),Instalaciones Interactivas,España,Shortlist
El Ojo de Iberoamerica,2025,PR,Lyinx with catnip,Axe/Lynx de Unilever Global,LOLA MullenLowe (España),Ideas creadas para una marca,España,Shortlist
El Ojo de Iberoamerica,2025,PR,Tracking Bad Bunny,Bad Bunny de Rimas Entertainment,DDB Latina Puerto Rico,Instalaciones Interactivas,Puerto Rico,Shortlist
El Ojo de Iberoamerica,2025,PR,Tracking Bad Bunny,Bad Bunny de Rimas Entertainment,DDB Latina Puerto Rico,Mercado especifico,Puerto Rico,Shortlist
El Ojo de Iberoamerica,2025,PR,Tracking Bad Bunny,Bad Bunny de Rimas Entertainment,DDB Latina Puerto Rico,Aplicaciones juegos y sites,Puerto Rico,Shortlist
El Ojo de Iberoamerica,2025,PR,Tracking Bad Bunny,Bad Bunny de Rimas Entertainment,DDB Latina Puerto Rico,Uso innovador de las plataformas sociales,Puerto Rico,Shortlist
El Ojo de Iberoamerica,2025,PR,Tracking Bad Bunny,Bad Bunny de Rimas Entertainment,DDB Latina Puerto Rico,Influencer & Creator,Puerto Rico,Shortlist
El Ojo de Iberoamerica,2025,PR,Tracking Bad Bunny,Bad Bunny de Rimas Entertainment,DDB Latina Puerto Rico,Co-creacion de contenidos generados por el usuario,Puerto Rico,Shortlist
El Ojo de Iberoamerica,2025,PR,Tracking Bad Bunny,Bad Bunny de Rimas Entertainment,DDB Latina Puerto Rico,Gestion de comunidad,Puerto Rico,Shortlist
El Ojo de Iberoamerica,2025,PR,Tracking Bad Bunny,Bad Bunny de Rimas Entertainment,DDB Latina Puerto Rico,Viral Marketing,Puerto Rico,Shortlist
El Ojo de Iberoamerica,2025,PR,Tracking Bad Bunny,Bad Bunny de Rimas Entertainment,DDB Latina Puerto Rico,Patrocinio y colaboracion de marcas,Puerto Rico,Shortlist
El Ojo de Iberoamerica,2025,PR,Tracking Bad Bunny,Bad Bunny de Rimas Entertainment,DDB Latina Puerto Rico,Estrategia social,Puerto Rico,Shortlist
El Ojo de Iberoamerica,2025,PR,Tracking Bad Bunny,Bad Bunny de Rimas Entertainment,DDB Latina Puerto Rico,Mercado especifico,Puerto Rico,Shortlist
El Ojo de Iberoamerica,2025,PR,Tracking Bad Bunny,Bad Bunny de Rimas Entertainment,DDB Latina Puerto Rico,Ideas de Iberoamerica con relevancia internacional,Puerto Rico,Shortlist
El Ojo de Iberoamerica,2025,PR,Tracking Bad Bunny,Bad Bunny de Rimas Entertainment,DDB Latina Puerto Rico,Ideas creadas para una marca,Puerto Rico,Shortlist
El Ojo de Iberoamerica,2025,PR,Proyecto 4270,Banco de Chile de Banco de Chile,BBDO Chile (Chile),Marca local,Chile,Shortlist
El Ojo de Iberoamerica,2025,PR,Mi remesa mi casa,Banco Union de Banco Union,Nexus BBDO (Bolivia),Marca local y mercado especifico,Bolivia,Shortlist
El Ojo de Iberoamerica,2025,PR,Oportunidades perdidas,Belo de belo,Zurda Agency (Argentina),Actualidad y contexto,Argentina,Shortlist
El Ojo de Iberoamerica,2025,PR,MMads,Bengue de EMS,We (Brasil),Investigacion e integracion de datos,Brasil,Shortlist
El Ojo de Iberoamerica,2025,PR,The cheapest transfers,Bodega Aurrera de Walmart Mexico,TERAN TBWA\ (Mexico),Gaming / E-Sports,Mexico,Shortlist
El Ojo de Iberoamerica,2025,PR,Vai comer 4 de novo,Burger King de Burger King Argentina,The Juju Argentina,Acciones en tiempo real,Argentina,Shortlist
El Ojo de Iberoamerica,2025,PR,Abogados BK Taste,Burger King de Burger King Brasil,Almap BBDO (Brasil),Lanzamientos y activaciones,Brasil,Shortlist
El Ojo de Iberoamerica,2025,PR,Abogados BK Taste,Burger King de Burger King Brasil,Almap BBDO (Brasil),Experiencia en punto de venta,Brasil,Shortlist
El Ojo de Iberoamerica,2025,PR,Pixvertising,Burger King de Burger King Brasil,Almap BBDO (Brasil),Estrategia y fidelizacion de marca,Brasil,Shortlist
El Ojo de Iberoamerica,2025,PR,Pixvertising,Burger King de Burger King Brasil,Almap BBDO (Brasil),Uso de tecnologia,Brasil,Shortlist
El Ojo de Iberoamerica,2025,PR,Pixvertising,Burger King de Burger King Brasil,Almap BBDO (Brasil),Uso de data,Brasil,Shortlist
El Ojo de Iberoamerica,2025,PR,Pixvertising,Burger King de Burger King Brasil,Almap BBDO (Brasil),Campañas de bajo presupuesto,Brasil,Shortlist
El Ojo de Iberoamerica,2025,PR,Brayan King,Burger King de Burger King Colombia,Proximity BBDO Colombia,Acciones en tiempo real,Colombia,Shortlist
El Ojo de Iberoamerica,2025,PR,Brayan King,Burger King de Burger King Colombia,Proximity BBDO Colombia,Excelencia en las RR.PP.,Colombia,Shortlist
El Ojo de Iberoamerica,2025,PR,Brayan King,Burger King de Burger King Colombia,Proximity BBDO Colombia,Respuesta en tiempo real,Colombia,Shortlist
El Ojo de Iberoamerica,2025,PR,Community King,Burger King de Burger King Ecuador,BBA (Ecuador),Gestion de comunidad,Ecuador,Shortlist
El Ojo de Iberoamerica,2025,PR,Bienvenido Ronald,Burger King de Burger King Uruguay,Innvented (Uruguay),Influencers y Co-creacion de contenido,Uruguay,Shortlist
El Ojo de Iberoamerica,2025,PR,Bienvenido Ronald,Burger King de Burger King Uruguay,Innvented (Uruguay),Medios audiovisuales,Uruguay,Shortlist
El Ojo de Iberoamerica,2025,PR,The secret tapes,Call Of Duty de Activision Blizzard,Monks (España),Experiencia del usuario,España,Shortlist
El Ojo de Iberoamerica,2025,PR,History outnumbered,Canal Historia de Canal Historia,Dentsu Creative Iberia (Portugal),Servicios,Portugal,Shortlist
El Ojo de Iberoamerica,2025,PR,Salud mi Deivid,Carta Blanca de Heineken Mexico,LePub Mexico,Marca local,Mexico,Shortlist
El Ojo de Iberoamerica,2025,PR,Depressed bedrooms,Casaideas de Casaideas Peru,Boost Brand Accelerator (Peru),Ambientaciones,Peru,Shortlist
El Ojo de Iberoamerica,2025,PR,Depressed bedrooms,Casaideas de Casaideas Peru,Boost Brand Accelerator (Peru),Ideas creadas para una marca,Peru,Shortlist
El Ojo de Iberoamerica,2025,PR,Candidato por una ley,Centro UC Sindrome de Down de Pontificia Universidad Catolica de Chile,Agencia Pedro Juan y Diego (Chile),Actualidad y contexto,Chile,Shortlist
El Ojo de Iberoamerica,2025,PR,Night signals,Chevrolet de Santo Domingo Motors,Ogilvy Republica Dominicana (Rep. Dominicana),Formatos no convencionales,,Shortlist
El Ojo de Iberoamerica,2025,PR,Night signals,Chevrolet de Santo Domingo Motors,Ogilvy Republica Dominicana (Rep. Dominicana),Responsabilidad Social Empresarial (RSE),,Shortlist
El Ojo de Iberoamerica,2025,PR,Pueblito el silencio,CONASET (Comision Nacional de Seguridad de Transito) de Gobierno de Chile,BBDO Chile (Chile),Bien publico y mensajes gubernamentales,Chile,Shortlist
El Ojo de Iberoamerica,2025,PR,Unwrap the summer,Cornetto de Unilever Global,LOLA MullenLowe (España),Alimentos y Bebidas,España,Shortlist
El Ojo de Iberoamerica,2025,PR,Natural freezers,Corona de AB InBev Grupo Modelo Mexico,BBDO Mexico,Producto,Mexico,Shortlist
El Ojo de Iberoamerica,2025,PR,Natural freezers,Corona de AB InBev Grupo Modelo Mexico,BBDO Mexico,Innovacion sostenible,Mexico,Shortlist
El Ojo de Iberoamerica,2025,PR,Natural freezers,Corona de AB InBev Grupo Modelo Mexico,BBDO Mexico,Ideas creadas para una marca,Mexico,Shortlist
El Ojo de Iberoamerica,2025,PR,Corona Suntimer,Corona de Cerveceria Ambev Guatemala,el taier DDB Centro (Guatemala),Producto,Guatemala,Shortlist
El Ojo de Iberoamerica,2025,PR,Unlucky mentions,Cris-Sal de Ecuasal,Paradais DDB (Ecuador),Marca local,Ecuador,Shortlist
El Ojo de Iberoamerica,2025,PR,El primer safety car en el agua,CUPRA de SEAT Cupra,DDB & 14 Group (España),Eventos y sponsorship,España,Shortlist
El Ojo de Iberoamerica,2025,PR,Beyond the rings,Decathlon de Decathlon Brasil,Publicis Brasil,Responsabilidad Social Empresarial (RSE),Brasil,Shortlist
El Ojo de Iberoamerica,2025,PR,Beyond the rings,Decathlon de Decathlon Brasil,Publicis Brasil,Actualidad y contexto,Brasil,Shortlist
El Ojo de Iberoamerica,2025,PR,Beyond the rings,Decathlon de Decathlon Brasil,Publicis Brasil,Eventos y sponsorship,Brasil,Shortlist
El Ojo de Iberoamerica,2025,PR,Beyond the rings,Decathlon de Decathlon Brasil,Publicis Brasil,Mercado especifico,Brasil,Shortlist
El Ojo de Iberoamerica,2025,PR,Dolar Diarco,Diarco de Grupo Goldfarb,BB agencia (Argentina),Acciones en tiempo real,Argentina,Shortlist
El Ojo de Iberoamerica,2025,PR,Dolar Diarco,Diarco de Grupo Goldfarb,BB agencia (Argentina),Transformacion del Negocio,Argentina,Shortlist
El Ojo de Iberoamerica,2025,PR,Meditacion guiada,Divino de Divino,Notable (Uruguay),Contexto y Actualidad,Uruguay,Shortlist
El Ojo de Iberoamerica,2025,PR,Lifesaving placemats,Don Q de Destileria Serralles,DDB Latina Puerto Rico,Marca local,Puerto Rico,Shortlist
El Ojo de Iberoamerica,2025,PR,Undeleted,Dove de Unilever Argentina,VML Argentina,Instalaciones Interactivas,Argentina,Shortlist
El Ojo de Iberoamerica,2025,PR,Undeleted,Dove de Unilever Argentina,VML Argentina,Responsabilidad Social Empresarial (RSE),Argentina,Shortlist
El Ojo de Iberoamerica,2025,PR,Undeleted,Dove de Unilever Argentina,VML Argentina,Responsabilidad Social Empresarial (RSE),Argentina,Shortlist
El Ojo de Iberoamerica,2025,PR,Afterglow,Durex de Durex España,McCann España,Ideas de Iberoamerica para el mundo,Reino unido,Shortlist
El Ojo de Iberoamerica,2025,PR,Wrestoolmania,El Lagar de El Lagar,GarnierBBDO (Costa Rica),Eventos y sponsorship,Costa Rica,Shortlist
El Ojo de Iberoamerica,2025,PR,Wrestoolmania,El Lagar de El Lagar,GarnierBBDO (Costa Rica),Comercio de entretenimiento,Costa Rica,Shortlist
El Ojo de Iberoamerica,2025,PR,Anti Murphy´s law toast,Enterogermina de Opella Brasil,MRM Spain,Productos y Servicios,Brasil,Shortlist
El Ojo de Iberoamerica,2025,PR,Anti Murphy´s law toast,Enterogermina de Opella Brasil,MRM Spain,Lanzamientos y activaciones,Brasil,Shortlist
El Ojo de Iberoamerica,2025,PR,Anti Murphy´s law toast,Enterogermina de Opella Brasil,MRM Spain,Branded Content,Brasil,Shortlist
El Ojo de Iberoamerica,2025,PR,El gol interrumpido,FIAT de FIAT Brasil,Leo Brasil,Acciones en tiempo real,Brasil,Shortlist
El Ojo de Iberoamerica,2025,PR,El gol interrumpido,FIAT de FIAT Brasil,Leo Brasil,Medios audiovisuales,Brasil,Shortlist
El Ojo de Iberoamerica,2025,PR,Fan Home – El estadio que se convirtio en un verdadero hogar,Fotocasa de Fotocasa,Coyote (España),Eventos y patrocinios,España,Shortlist
El Ojo de Iberoamerica,2025,PR,Paltest,Fundacion Chile sin cancer de Chile sin Cancer,Super (Chile),Bien publico y mensajes gubernamentales,Chile,Shortlist
El Ojo de Iberoamerica,2025,PR,Paltest,Fundacion Chile sin cancer de Chile sin Cancer,Super (Chile),Mercado especifico,Chile,Shortlist
El Ojo de Iberoamerica,2025,PR,Urinads,Gatorade de PepsiCo Argentina,TombrasNiña (Argentina),Acciones,Argentina,Shortlist
El Ojo de Iberoamerica,2025,PR,Gatorade sweat swap,Gatorade de PepsiCo Latam,Springtime (Argentina),Uso de datos en tiempo real,Colombia,Shortlist
El Ojo de Iberoamerica,2025,PR,Cheering for the rain,GloboplayMovida de Globoplay Brasil,Artplan (Brasil),Medios audiovisuales,Brasil,Shortlist
El Ojo de Iberoamerica,2025,PR,Cheering for the rain,GloboplayMovida de Globoplay Brasil,Artplan (Brasil),Uso de datos en tiempo real,Brasil,Shortlist
El Ojo de Iberoamerica,2025,PR,Mi primera carta,Gobierno de Pernambuco de Gobierno de Pernambuco,Propeg (Brasil),Bien publico y mensajes gubernamentales,Brasil,Shortlist
El Ojo de Iberoamerica,2025,PR,Le Golle,Gollo de Gollo,McCann San Jose (Costa Rica),Plataformas digitales sociales e Influencers,Costa Rica,Shortlist
El Ojo de Iberoamerica,2025,PR,Le Golle,Gollo de Gollo,McCann San Jose (Costa Rica),Servicios,Costa Rica,Shortlist
El Ojo de Iberoamerica,2025,PR,Le Golle,Gollo de Gollo,McCann San Jose (Costa Rica),Marca local,Costa Rica,Shortlist
El Ojo de Iberoamerica,2025,PR,Justice by her type,Grupo de Familias Sobreviviendo al Feminicidio de Grupo de Familias Sobreviviendo al Feminicidio,SHIFT Porter Novelli (Costa Rica) / GarnierBBDO (Costa Rica),Bien publico y mensajes gubernamentales,Costa Rica,Shortlist
El Ojo de Iberoamerica,2025,PR,La voz de un icono,Guarana Antarctica de AB InBev Brasil,CP+B Brazil,Excelencia en la experiencia de marca,Brasil,Shortlist
El Ojo de Iberoamerica,2025,PR,La voz de un icono,Guarana Antarctica de AB InBev Brasil,CP+B Brazil,Producto,Brasil,Shortlist
El Ojo de Iberoamerica,2025,PR,Bonde das Mariahs,Havaianas de Havaianas Brasil,GALERIA.ag (Brasil),Acciones en plataformas digitales y sociales,Brasil,Shortlist
El Ojo de Iberoamerica,2025,PR,Encardidas,Havaianas de Havaianas Brasil,GALERIA.ag (Brasil),Manejo de reputacion,Brasil,Shortlist
El Ojo de Iberoamerica,2025,PR,Todo mundo usa. Menos o Mario,Havaianas de Havaianas Brasil,GALERIA.ag (Brasil),Acciones en tiempo real,Brasil,Shortlist
El Ojo de Iberoamerica,2025,PR,Todo mundo usa. Menos o Mario,Havaianas de Havaianas Brasil,GALERIA.ag (Brasil),Contexto y Actualidad,Brasil,Shortlist
El Ojo de Iberoamerica,2025,PR,Encardidas,Havaianas de Havaianas Brasil,GALERIA.ag (Brasil),Viral Marketing,Brasil,Shortlist
El Ojo de Iberoamerica,2025,PR,Encardidas,Havaianas de Havaianas Brasil,GALERIA.ag (Brasil),Respuesta en tiempo real,Brasil,Shortlist
El Ojo de Iberoamerica,2025,PR,Todo mundo usa. Menos o Mario,Havaianas de Havaianas Brasil,GALERIA.ag (Brasil),Respuesta en tiempo real,Brasil,Shortlist
El Ojo de Iberoamerica,2025,PR,The eyes dribble,Heineken de Heineken Argentina,Publicis Argentina LePub Milan (Italia),Excelencia en la experiencia de marca,Argentina,Shortlist
El Ojo de Iberoamerica,2025,PR,The eyes dribble,Heineken de Heineken Argentina,Publicis Argentina LePub Milan (Italia),Contexto y Actualidad,Argentina,Shortlist
El Ojo de Iberoamerica,2025,PR,The eyes dribble,Heineken de Heineken Argentina,Publicis Argentina LePub Milan (Italia),Nuevas realidades y tecnologias emergentes,Argentina,Shortlist
El Ojo de Iberoamerica,2025,PR,The eyes dribble,Heineken de Heineken Argentina,Publicis Argentina LePub Milan (Italia),Tecnologia,Argentina,Shortlist
El Ojo de Iberoamerica,2025,PR,Nigrum corpus,IDOMEDInstituto Yduqs de IDOMED,Artplan (Brasil),Innovacion inclusiva,Brasil,Shortlist
El Ojo de Iberoamerica,2025,PR,Nigrum corpus,IDOMEDInstituto Yduqs de IDOMED,Artplan (Brasil),Ideas creadas para una marca,Brasil,Shortlist
El Ojo de Iberoamerica,2025,PR,Preowned,IKEA de IKEA España,McCann España,Sitio webs/aplicaciones de e-commerce,España,Shortlist
El Ojo de Iberoamerica,2025,PR,Preowned,IKEA de IKEA España,McCann España,Comercio sostenible,España,Shortlist
El Ojo de Iberoamerica,2025,PR,Preowned,IKEA de IKEA España,McCann España,Transformacion del Negocio,España,Shortlist
El Ojo de Iberoamerica,2025,PR,Preowned,IKEA de IKEA España,McCann España,Ideas creadas para una marca,España,Shortlist
El Ojo de Iberoamerica,2025,PR,Ikea hidden tags,IKEA de IKEA Portugal,Uzina (Portugal),Mejor visualizacion de datos,Portugal,Shortlist
El Ojo de Iberoamerica,2025,PR,Ikea hidden tags,IKEA de IKEA Portugal,Uzina (Portugal),Investigacion e integracion de datos,Portugal,Shortlist
El Ojo de Iberoamerica,2025,PR,Ikea hidden tags,IKEA de IKEA Portugal,Uzina (Portugal),Experiencia y estrategia de marca,Portugal,Shortlist
El Ojo de Iberoamerica,2025,PR,Design your sleep while you sleep,IKEA Family de IKEA España,MRM Spain,Comercio liderado por dispositivos moviles,España,Shortlist
El Ojo de Iberoamerica,2025,PR,Design your sleep while you sleep,IKEA Family de IKEA España,MRM Spain,Experiencia del usuario,España,Shortlist
El Ojo de Iberoamerica,2025,PR,Design your sleep while you sleep,IKEA Family de IKEA España,MRM Spain,Estrategia y fidelizacion de marca,España,Shortlist
El Ojo de Iberoamerica,2025,PR,Design your sleep while you sleep,IKEA Family de IKEA España,MRM Spain,Creatividad y experiencia impulsada por datos,España,Shortlist
El Ojo de Iberoamerica,2025,PR,Design your sleep while you sleep,IKEA Family de IKEA España,MRM Spain,Aplicaciones juegos y sites,España,Shortlist
El Ojo de Iberoamerica,2025,PR,Design your sleep while you sleep,IKEA Family de IKEA España,MRM Spain,Uso de data,España,Shortlist
El Ojo de Iberoamerica,2025,PR,Design your sleep while you sleep,IKEA Family de IKEA España,MRM Spain,Experiencia del usuario,España,Shortlist
El Ojo de Iberoamerica,2025,PR,Back home,Imperial de FIFCO Costa Rica,Joystick FIFCO (Costa Rica),Nuevas realidades y tecnologias emergentes,Costa Rica,Shortlist
El Ojo de Iberoamerica,2025,PR,Back home,Imperial de FIFCO Costa Rica,Joystick FIFCO (Costa Rica),Responsabilidad Social Empresarial (RSE),Costa Rica,Shortlist
El Ojo de Iberoamerica,2025,PR,Back home,Imperial de FIFCO Costa Rica,Joystick FIFCO (Costa Rica),Ideas de Iberoamerica con relevancia internacional,Costa Rica,Shortlist
El Ojo de Iberoamerica,2025,PR,Back home,Imperial de FIFCO Costa Rica,Joystick FIFCO (Costa Rica),Tecnologia,Costa Rica,Shortlist
El Ojo de Iberoamerica,2025,PR,Back home,Imperial de FIFCO Costa Rica,Joystick FIFCO (Costa Rica),Innovacion sostenible,Costa Rica,Shortlist
El Ojo de Iberoamerica,2025,PR,Pay it forward,Indio de Heineken Mexico,Ogilvy Mexico,Comercio integrado,Mexico,Shortlist
El Ojo de Iberoamerica,2025,PR,El lazo de Petra,iPhone de Apple ALAC/Mexico,TBWA\ Media Arts Lab Miami (Estados Unidos),Productos,Mexico,Shortlist
El Ojo de Iberoamerica,2025,PR,El lazo de Petra,iPhone de Apple ALAC/Mexico,TBWA\ Media Arts Lab Miami (Estados Unidos),Branded Content,Mexico,Shortlist
El Ojo de Iberoamerica,2025,PR,No frame missed,iPhone de Apple Estados Unidos,TBWA\ Media Arts Lab Miami (Estados Unidos),Innovacion inclusiva,Estados Unidos,Shortlist
El Ojo de Iberoamerica,2025,PR,No frame missed,iPhone de Apple Estados Unidos,TBWA\ Media Arts Lab Miami (Estados Unidos),Ideas creadas para una marca,Estados Unidos,Shortlist
El Ojo de Iberoamerica,2025,PR,Cartas de Simone,Itau de Itau Unibanco Brasil,Atenas.ag (Brasil) / Africa Creative (Brasil),Eventos y patrocinios,Brasil,Shortlist
El Ojo de Iberoamerica,2025,PR,Cartas de Simone,Itau de Itau Unibanco Brasil,Africa Creative (Brasil) / Atenas.ag (Brasil),Acciones de comunicacion y reputacion corporativa,Brasil,Shortlist
El Ojo de Iberoamerica,2025,PR,Andalucia out of office,Junta de Andalucia de Turismo y Deportes de Andalucia,Ernest (España),Campañas de bajo presupuesto,España,Shortlist
El Ojo de Iberoamerica,2025,PR,Sorry Alex,Junta de Andalucia de Turismo y Deportes de Andalucia,Ernest (España),Mercado especifico,España,Shortlist
El Ojo de Iberoamerica,2025,PR,Carteles de aluminio,JupiterPublicartel de Jupiter,From (Uruguay),Formatos no convencionales,Uruguay,Shortlist
El Ojo de Iberoamerica,2025,PR,Carteles de aluminio,JupiterPublicartel de Jupiter,From (Uruguay),Mercado especifico,Uruguay,Shortlist
El Ojo de Iberoamerica,2025,PR,El post del A-pollo,KFC de KFC Colombia,MullenLowe SSP3 Colombia (Colombia),Acciones en plataformas digitales y sociales,Colombia,Shortlist
El Ojo de Iberoamerica,2025,PR,El post del A-pollo,KFC de KFC Colombia,MullenLowe SSP3 Colombia,Acciones en tiempo real,Colombia,Shortlist
El Ojo de Iberoamerica,2025,PR,El post del A-pollo,KFC de KFC Colombia,MullenLowe SSP3 Colombia,Gestion de comunidad,Colombia,Shortlist
El Ojo de Iberoamerica,2025,PR,El post del A-pollo,KFC de KFC Colombia,MullenLowe SSP3 Colombia,Respuesta en tiempo real,Colombia,Shortlist
El Ojo de Iberoamerica,2025,PR,Bouillon bag,Knorr de Unilever Global,MullenLowe Global,Productos y Servicios,Estados Unidos,Shortlist
El Ojo de Iberoamerica,2025,PR,Green flag,Knorr de Unilever Global,MullenLowe Global (Otro),Mejor uso de datos en redes sociales,Estados Unidos,Shortlist
El Ojo de Iberoamerica,2025,PR,Deliver better,Knorr de Unilever Global,MullenLowe Global (Otro),Alimentos y Bebidas,Estados Unidos,Shortlist
El Ojo de Iberoamerica,2025,PR,Deliver better,Knorr de Unilever Global,MullenLowe Global,Co-creacion de contenidos generados por el usuario,Estados Unidos,Shortlist
El Ojo de Iberoamerica,2025,PR,Green flag,Knorr de Unilever Global,MullenLowe Global,Estrategia social,Estados Unidos,Shortlist
El Ojo de Iberoamerica,2025,PR,Voice 2 diabetes,KVI Brave Fund de KVI Brave Fund INC,Klick Health Brasil,Tecnologia,Estados Unidos,Shortlist
El Ojo de Iberoamerica,2025,PR,See through banners,L1 Max de 1190 Sports,Leo Lima (Peru),Productos y Servicios,Peru,Shortlist
El Ojo de Iberoamerica,2025,PR,Discourse verifier,La Comunidad Decide de Radio Television Popular,Nexus BBDO (Bolivia),Uso de datos en tiempo real,Bolivia,Shortlist
El Ojo de Iberoamerica,2025,PR,The trial,Lingokids de Lingokids,Piel Creative Studio (España),Branded Content,Estados Unidos,Shortlist
El Ojo de Iberoamerica,2025,PR,La licencia por maternidad no es solo pausa. Es crecimiento.,Linkedin de LinkedIn Brasil,R/GA Brasil,Acciones en plataformas digitales y sociales,Brasil,Shortlist
El Ojo de Iberoamerica,2025,PR,Hijos de la dictadura,Madre e Hijos del Silencio de Madres e Hijos del Silencio,Cheil Chile,Bien publico y mensajes gubernamentales,Chile,Shortlist
El Ojo de Iberoamerica,2025,PR,Hijos de la dictadura,Madre e Hijos del Silencio de Madres e Hijos del Silencio,Cheil Chile (Chile),Bien publico y mensajes gubernamentales,Chile,Shortlist
El Ojo de Iberoamerica,2025,PR,Hijos de la dictadura,Madre e Hijos del Silencio de Madres e Hijos del Silencio,Cheil Chile,Ideas de Bien Publico,Chile,Shortlist
El Ojo de Iberoamerica,2025,PR,Avatars of hope,Mães da Se de Mães da Se,Druid Creative Gaming Brasil (Brasil),Nuevas realidades y tecnologias emergentes,Brasil,Shortlist
El Ojo de Iberoamerica,2025,PR,Bald faces,Mami Wata de Mami Wata,Artplan (Brasil),Productos,Brasil,Shortlist
El Ojo de Iberoamerica,2025,PR,Makeup payment,Mastercard de Mastercard Brasil,MRM Brasil (Brasil),Experiencia del usuario,Brasil,Shortlist
El Ojo de Iberoamerica,2025,PR,Makeup payment,Mastercard de Mastercard Brasil,MRM Brasil (Brasil),Experiencia y estrategia de marca,Brasil,Shortlist
El Ojo de Iberoamerica,2025,PR,Salsa Big Mac,McDonald´s de McDonald’s España,TBWA\ España OMD (España),Estrategia y fidelizacion de marca,España,Shortlist
El Ojo de Iberoamerica,2025,PR,Found in translation,Medalla Light de Compañia Cervecera de Puerto Rico,DDB Latina Puerto Rico (Puerto Rico),Alimentos y Bebidas,Estados Unidos,Shortlist
El Ojo de Iberoamerica,2025,PR,Found in translation,Medalla Light de Compañia Cervecera de Puerto Rico,DDB Latina Puerto Rico (Puerto Rico),Gestion de comunidad,Estados Unidos,Shortlist
El Ojo de Iberoamerica,2025,PR,Found in translation,Medalla Light de Compañia Cervecera de Puerto Rico,DDB Latina Puerto Rico,Estrategia social,Estados Unidos,Shortlist
El Ojo de Iberoamerica,2025,PR,Sneaker Cam,Mercado Libre Moda de Mercado Libre Chile,Monks (Argentina),Uso innovador de las plataformas sociales,Chile,Shortlist
El Ojo de Iberoamerica,2025,PR,Sneaker Cam,Mercado Libre Moda de Mercado Libre Chile,Monks (Argentina),Influencer & Creator,Chile,Shortlist
El Ojo de Iberoamerica,2025,PR,Braided history,Mizani de L’Oreal Caribe,DDB Latina Puerto Rico,Excelencia en las RR.PP.,Puerto Rico,Shortlist
El Ojo de Iberoamerica,2025,PR,Game guardian,Movistar de Movistar Argentina,VML Argentina (Argentina),Mejor tecnologia en el uso de datos,Argentina,Shortlist
El Ojo de Iberoamerica,2025,PR,Game guardian,Movistar de Movistar Argentina,VML Argentina (Argentina),Aplicaciones juegos y sites,Argentina,Shortlist
El Ojo de Iberoamerica,2025,PR,Game guardian,Movistar de Movistar Argentina,VML Argentina (Argentina),Uso innovador de las plataformas sociales,Argentina,Shortlist
El Ojo de Iberoamerica,2025,PR,Game guardian,Movistar de Movistar Argentina,VML Argentina (Argentina),Nuevas realidades y tecnologias emergentes,Argentina,Shortlist
El Ojo de Iberoamerica,2025,PR,Game guardian,Movistar de Movistar Argentina,VML Argentina (Argentina),Tecnologia,Argentina,Shortlist
El Ojo de Iberoamerica,2025,PR,Vallas del tamaño de tu hogar,Muebles tugo de Tugo,Buentipo (España),Formatos no convencionales,Colombia,Shortlist
El Ojo de Iberoamerica,2025,PR,Libertadoras,Museo Nacional de Museo Nacional,WILD FI (Uruguay),Bien publico y mensajes gubernamentales,Uruguay,Shortlist
El Ojo de Iberoamerica,2025,PR,Libertadoras,Museo Nacional de Museo Nacional,WILD FI (Uruguay),Marca local,Uruguay,Shortlist
El Ojo de Iberoamerica,2025,PR,#ReusedAds,MuyuMarket de MuyuMarket,Nexus BBDO (Bolivia),Campañas de bajo presupuesto,Bolivia,Shortlist
El Ojo de Iberoamerica,2025,PR,Nescafe decaf billboards,Nescafe de Nestle Panama,Star5 (Panama),Pantallas digitales,Panama,Shortlist
El Ojo de Iberoamerica,2025,PR,Nescafe decaf billboards,Nescafe de Nestle Panama,Star5 (Panama),Responsabilidad Social Empresarial (RSE),Panama,Shortlist
El Ojo de Iberoamerica,2025,PR,Darkminito,Netflix de Netflix Argentina,Monks (Argentina),Eventos y patrocinios,Argentina,Shortlist
El Ojo de Iberoamerica,2025,PR,Senna’s Cut,Netflix de Netflix Argentina,Monks (Argentina),Medios audiovisuales,Argentina,Shortlist
El Ojo de Iberoamerica,2025,PR,Senna’s Cut,Netflix de Netflix Argentina,Monks (Argentina),Excelencia en la experiencia de marca,Argentina,Shortlist
El Ojo de Iberoamerica,2025,PR,Darkminito,Netflix de Netflix Argentina,Monks (Argentina),Ambientaciones,Argentina,Shortlist
El Ojo de Iberoamerica,2025,PR,Senna’s Cut,Netflix de Netflix Argentina,Monks (Argentina),Mejor visualizacion de datos,Argentina,Shortlist
El Ojo de Iberoamerica,2025,PR,Senna’s Cut,Netflix de Netflix Argentina,Monks (Argentina),Creatividad y experiencia impulsada por datos,Argentina,Shortlist
El Ojo de Iberoamerica,2025,PR,Senna’s Cut,Netflix de Netflix Argentina,Monks (Argentina),Online ad,Argentina,Shortlist
El Ojo de Iberoamerica,2025,PR,Senna’s Cut,Netflix de Netflix Argentina,Monks (Argentina),Uso de data,Argentina,Shortlist
El Ojo de Iberoamerica,2025,PR,Self lawsuit,Netflix de Netflix Colombia,Sancho BBDO (Colombia),Influencers y Co-creacion de contenido,Colombia,Shortlist
El Ojo de Iberoamerica,2025,PR,Self lawsuit,Netflix de Netflix Colombia,Sancho BBDO (Colombia),Actualidad y contexto,Colombia,Shortlist
El Ojo de Iberoamerica,2025,PR,Self lawsuit,Netflix de Netflix Colombia,Sancho BBDO (Colombia),Influencer & Creator,Colombia,Shortlist
El Ojo de Iberoamerica,2025,PR,La alianza,Netflix de Netflix Mexico,Monks (Mexico),Mercado especifico,Mexico,Shortlist
El Ojo de Iberoamerica,2025,PR,Feary tale,Nike de Nike Brasil,Wieden+Kennedy São Paulo (Brasil),Medios audiovisuales,Brasil,Shortlist
El Ojo de Iberoamerica,2025,PR,Sport the fight,Nike de Nike Brasil,Wieden+Kennedy São Paulo (Brasil),Social diversidad e Inclusion,Brasil,Shortlist
El Ojo de Iberoamerica,2025,PR,Sport the fight,Nike de Nike Brasil,Wieden+Kennedy São Paulo (Brasil),Experiencia en punto de venta,Brasil,Shortlist
El Ojo de Iberoamerica,2025,PR,Feary tale,Nike de Nike Brasil,Wieden+Kennedy São Paulo (Brasil),Branded Content,Brasil,Shortlist
El Ojo de Iberoamerica,2025,PR,Sport the fight,Nike de Nike Brasil,Wieden+Kennedy São Paulo (Brasil),Experiencia del usuario,Brasil,Shortlist
El Ojo de Iberoamerica,2025,PR,Maraton,Nike de Nike Mexico,Wieden+Kennedy Mexico Mindshare,Excelencia en la experiencia de marca,Mexico,Shortlist
El Ojo de Iberoamerica,2025,PR,Maraton,Nike de Nike Mexico,Wieden+Kennedy Mexico Mindshare,Mercado especifico,Mexico,Shortlist
El Ojo de Iberoamerica,2025,PR,Maraton,Nike de Nike Mexico,Wieden+Kennedy Mexico Mindshare (Otro),Ambientaciones,Mexico,Shortlist
El Ojo de Iberoamerica,2025,PR,Maraton,Nike de Nike Mexico,Wieden+Kennedy Mexico Mindshare (Otro),Mercado especifico,Mexico,Shortlist
El Ojo de Iberoamerica,2025,PR,No women no car,Nissan de Nissan Mexicana,Edelman Mexico,Acciones de comunicacion y reputacion corporativa,Mexico,Shortlist
El Ojo de Iberoamerica,2025,PR,Drygiene project,Opella de Opella Mexico,MRM Mexico / McCann Worldgroup Mexico,Producto,Mexico,Shortlist
El Ojo de Iberoamerica,2025,PR,Allevia pollen passport,Opella de Opella-Allegra,MRM Spain,Uso de tecnologia,Brasil,Shortlist
El Ojo de Iberoamerica,2025,PR,A decision was made here,Oreo de Mondelez Colombia,LePub Bogota (Colombia),Alimentos y Bebidas,Colombia,Shortlist
El Ojo de Iberoamerica,2025,PR,Horas,Ovacion de Ovacion,Ogilvy Uruguay (Uruguay),Productos y Servicios,Uruguay,Shortlist
El Ojo de Iberoamerica,2025,PR,Bleed with pride,PadMad de PadMad,BBDO Chile,Ideas de Iberoamerica para el mundo,Kenia,Shortlist
El Ojo de Iberoamerica,2025,PR,Living in a pizza,Papa Johns de Papa Johns Ecuador,BeFlamingo (Ecuador),Comercio liderado por dispositivos moviles,Ecuador,Shortlist
El Ojo de Iberoamerica,2025,PR,Pedigree caramelo,Pedigree de Mars Brasil,Almap BBDO (Brasil),Responsabilidad Social Empresarial (RSE),Brasil,Shortlist
El Ojo de Iberoamerica,2025,PR,Pedigree caramelo,Pedigree de Mars Brasil,Almap BBDO (Brasil),Excelencia en las RR.PP.,Brasil,Shortlist
El Ojo de Iberoamerica,2025,PR,Pedigree caramelo,Pedigree de Mars Brasil,Almap BBDO (Brasil),Responsabilidad Social Empresarial (RSE),Brasil,Shortlist
El Ojo de Iberoamerica,2025,PR,Pedigree caramelo,Pedigree de Mars Brasil,Almap BBDO (Brasil),Estrategia social,Brasil,Shortlist
El Ojo de Iberoamerica,2025,PR,Pedigree caramelo,Pedigree de Mars Brasil,Almap BBDO (Brasil),Transformacion del Negocio,Brasil,Shortlist
El Ojo de Iberoamerica,2025,PR,Pedigree caramelo,Pedigree de Mars Brasil,Almap BBDO (Brasil),Ideas creadas para una marca,Brasil,Shortlist
El Ojo de Iberoamerica,2025,PR,Price packs,Penny de Penny,Serviceplan Alemania,Ideas de Iberoamerica para el mundo,Alemania,Shortlist
El Ojo de Iberoamerica,2025,PR,Doritos crunch explosions,PEPSICO de PEPSICO España,TBWA\ España (España) OMD (España),Aplicaciones juegos y sites,España,Shortlist
El Ojo de Iberoamerica,2025,PR,Doritos crunch explosions,PEPSICO de PEPSICO España,TBWA\ España (España) OMD (España),Experiencia del usuario,España,Shortlist
El Ojo de Iberoamerica,2025,PR,It’s part of the game,Persil (Dirt Is Good) de Unilever Global,MullenLowe Global,Ideas de latinos viviendo fuera de Iberoamerica,Reino Unido,Shortlist
El Ojo de Iberoamerica,2025,PR,Flow x Flow,Personal de Personal,WILD FI (Paraguay),Respuesta en tiempo real,Paraguay,Shortlist
El Ojo de Iberoamerica,2025,PR,Good shit,PETA de PETA Global,SAMY España (España),Bien publico y mensajes gubernamentales,España,Shortlist
El Ojo de Iberoamerica,2025,PR,Good shit,PETA de PETA Global,SAMY España,Ideas de Iberoamerica para el mundo,España,Shortlist
El Ojo de Iberoamerica,2025,PR,Fields of glory,Pilsen de AB InBev Colombia,Monks (Colombia),Eventos y patrocinios,Colombia,Shortlist
El Ojo de Iberoamerica,2025,PR,Fields of glory,Pilsen de AB InBev Colombia,Monks (Colombia),Eventos y sponsorship,Colombia,Shortlist
El Ojo de Iberoamerica,2025,PR,Fields of glory,Pilsen de AB InBev Colombia,Monks (Colombia),Innovacion sostenible,Colombia,Shortlist
El Ojo de Iberoamerica,2025,PR,Sentir los colores,Pilsen de AB InBev Paraguay,Koku (Paraguay),Campañas de bajo presupuesto,Paraguay,Shortlist
El Ojo de Iberoamerica,2025,PR,Sentir los colores,Pilsen de AB InBev Paraguay,Koku (Paraguay),Mercado especifico,Paraguay,Shortlist
El Ojo de Iberoamerica,2025,PR,Pete Zahat,Pizza Hut Ecuador de Pizza Hut Ecuador,BBA (Ecuador),Influencer & Creator,Ecuador,Shortlist
El Ojo de Iberoamerica,2025,PR,Pete Zahat,Pizza Hut Ecuador de Pizza Hut Ecuador,BBA (Ecuador),Campañas de bajo presupuesto,Ecuador,Shortlist
El Ojo de Iberoamerica,2025,PR,The Kimberly price,Plaza Vea de Supermercados Peruanos,Fahrenheit DDB (Peru),Eventos y patrocinios,Peru,Shortlist
El Ojo de Iberoamerica,2025,PR,The Kimberly price,Plaza Vea de Supermercados Peruanos,Fahrenheit DDB (Peru),Lanzamientos y activaciones,Peru,Shortlist
El Ojo de Iberoamerica,2025,PR,The Kimberly price,Plaza Vea de Supermercados Peruanos,Fahrenheit DDB (Peru),Acciones en tiempo real,Peru,Shortlist
El Ojo de Iberoamerica,2025,PR,The Kimberly price,Plaza Vea de Supermercados Peruanos,Fahrenheit DDB (Peru),Actualidad y contexto,Peru,Shortlist
El Ojo de Iberoamerica,2025,PR,The Kimberly price,Plaza Vea de Supermercados Peruanos,Fahrenheit DDB (Peru),Productos y Servicios,Peru,Shortlist
El Ojo de Iberoamerica,2025,PR,The Kimberly price,Plaza Vea de Supermercados Peruanos,Fahrenheit DDB (Peru),Plataformas digitales sociales e Influencers,Peru,Shortlist
El Ojo de Iberoamerica,2025,PR,The Kimberly price,Plaza Vea de Supermercados Peruanos,Fahrenheit DDB (Peru),Acciones,Peru,Shortlist
El Ojo de Iberoamerica,2025,PR,The Kimberly price,Plaza Vea de Supermercados Peruanos,Fahrenheit DDB (Peru),Eventos y sponsorship,Peru,Shortlist
El Ojo de Iberoamerica,2025,PR,The Kimberly price,Plaza Vea de Supermercados Peruanos,Fahrenheit DDB (Peru),Contexto y Actualidad,Peru,Shortlist
El Ojo de Iberoamerica,2025,PR,The Kimberly price,Plaza Vea de Supermercados Peruanos,Fahrenheit DDB (Peru),Comercio Social & Influencers,Peru,Shortlist
El Ojo de Iberoamerica,2025,PR,The Kimberly price,Plaza Vea de Supermercados Peruanos,Fahrenheit DDB (Peru),Comercio de entretenimiento,Peru,Shortlist
El Ojo de Iberoamerica,2025,PR,The Kimberly price,Plaza Vea de Supermercados Peruanos,Fahrenheit DDB (Peru),Sitio webs/aplicaciones de e-commerce,Peru,Shortlist
El Ojo de Iberoamerica,2025,PR,The Kimberly price,Plaza Vea de Supermercados Peruanos,Fahrenheit DDB (Peru),Estrategia y fidelizacion de marca,Peru,Shortlist
El Ojo de Iberoamerica,2025,PR,The Kimberly price,Plaza Vea de Supermercados Peruanos,Fahrenheit DDB (Peru),Influencer & Creator,Peru,Shortlist
El Ojo de Iberoamerica,2025,PR,The Kimberly price,Plaza Vea de Supermercados Peruanos,Fahrenheit DDB (Peru),Respuesta en tiempo real,Peru,Shortlist
El Ojo de Iberoamerica,2025,PR,The Kimberly price,Plaza Vea de Supermercados Peruanos,Fahrenheit DDB (Peru),Ideas creadas para una marca,Peru,Shortlist
El Ojo de Iberoamerica,2025,PR,Fixed cyber,Poxipol de Fenedur,WILD FI (Chile),Aplicaciones juegos y sites,Chile,Shortlist
El Ojo de Iberoamerica,2025,PR,Clandestination,Procolombia de Procolombia,DDB Colombia,Intervenciones,Colombia,Shortlist
El Ojo de Iberoamerica,2025,PR,Humanimal tourism,Procolombia de Procolombia,DDB Colombia,Sitio webs/aplicaciones de e-commerce,Colombia,Shortlist
El Ojo de Iberoamerica,2025,PR,Humanimal tourism,Procolombia de Procolombia,DDB Colombia,Uso de datos en tiempo real,Colombia,Shortlist
El Ojo de Iberoamerica,2025,PR,Humanimal tourism,Procolombia de Procolombia,DDB Colombia,Creatividad y experiencia impulsada por datos,Colombia,Shortlist
El Ojo de Iberoamerica,2025,PR,Humanimal tourism,Procolombia de Procolombia,DDB Colombia,Investigacion e integracion de datos,Colombia,Shortlist
El Ojo de Iberoamerica,2025,PR,Humanimal tourism,Procolombia de Procolombia,DDB Colombia,Mejor tecnologia en el uso de datos,Colombia,Shortlist
El Ojo de Iberoamerica,2025,PR,Humanimal tourism,Procolombia de Procolombia,DDB Colombia,Bien publico y mensajes gubernamentales,Colombia,Shortlist
El Ojo de Iberoamerica,2025,PR,Humanimal tourism,Procolombia de Procolombia,DDB Colombia,Uso de tecnologia,Colombia,Shortlist
El Ojo de Iberoamerica,2025,PR,Humanimal tourism,Procolombia de Procolombia,DDB Colombia,Uso de data,Colombia,Shortlist
El Ojo de Iberoamerica,2025,PR,Clandestination,Procolombia de Procolombia,DDB Colombia,Ideas de Iberoamerica con relevancia internacional,Colombia,Shortlist
El Ojo de Iberoamerica,2025,PR,Humanimal tourism,Procolombia de Procolombia,DDB Colombia,Ideas de Iberoamerica con relevancia internacional,Colombia,Shortlist
El Ojo de Iberoamerica,2025,PR,Clandestination,Procolombia de Procolombia,DDB Colombia,Experiencia y estrategia de marca,Colombia,Shortlist
El Ojo de Iberoamerica,2025,PR,Humanimal tourism,Procolombia de Procolombia,DDB Colombia,Experiencia y estrategia de marca,Colombia,Shortlist
El Ojo de Iberoamerica,2025,PR,Clandestination,Procolombia de Procolombia,DDB Colombia,Innovacion inclusiva,Colombia,Shortlist
El Ojo de Iberoamerica,2025,PR,Clandestination,Procolombia de Procolombia,DDB Colombia,Transformacion del Negocio,Colombia,Shortlist
El Ojo de Iberoamerica,2025,PR,Humanimal tourism,Procolombia de Procolombia,DDB Colombia,Transformacion del Negocio,Colombia,Shortlist
El Ojo de Iberoamerica,2025,PR,Clandestination,Procolombia de Procolombia,DDB Colombia,Ideas de Bien Publico,Colombia,Shortlist
El Ojo de Iberoamerica,2025,PR,Humanimal tourism,Procolombia de Procolombia,DDB Colombia,Ideas de Bien Publico,Colombia,Shortlist
El Ojo de Iberoamerica,2025,PR,Relato inesperado,Quilmes de Cerveceria y Malteria Quilmes,draftLine BUE (Argentina),Plataformas digitales sociales e Influencers,Argentina,Shortlist
El Ojo de Iberoamerica,2025,PR,Relato inesperado,Quilmes de Cerveceria y Malteria Quilmes,draftLine BUE (Argentina),Excelencia en la experiencia de marca,Argentina,Shortlist
El Ojo de Iberoamerica,2025,PR,Relato inesperado,Quilmes de Cerveceria y Malteria Quilmes,draftLine BUE (Argentina),Aplicaciones juegos y sites,Argentina,Shortlist
El Ojo de Iberoamerica,2025,PR,Air raid alarm clock,Razom for Ukraine de Razom for Ukraine,Officer & Gentleman (España) Arriba! (Colombia),Creatividad y experiencia impulsada por datos,Estados Unidos,Shortlist
El Ojo de Iberoamerica,2025,PR,Bad luck reverser,Refisal de Brinsa,Name (Colombia) VML New York (Estados Unidos),Excelencia en la experiencia de marca,Colombia,Shortlist
El Ojo de Iberoamerica,2025,PR,Sudorrea,Rexona de Unilever Argentina,CATCH (Argentina),Influencer & Creator,Argentina,Shortlist
El Ojo de Iberoamerica,2025,PR,Sudorrea,Rexona de Unilever Argentina,CATCH (Argentina),Viral Marketing,Argentina,Shortlist
El Ojo de Iberoamerica,2025,PR,Peternity leave,Royal Canin de Royal Canin Argentina,TombrasNiña (Argentina),Responsabilidad Social Empresarial (RSE),Argentina,Shortlist
El Ojo de Iberoamerica,2025,PR,Peternity leave,Royal Canin de Royal Canin Argentina,TombrasNiña (Argentina),Acciones de comunicacion y reputacion corporativa,Argentina,Shortlist
El Ojo de Iberoamerica,2025,PR,Peternity leave,Royal Canin de Royal Canin Argentina,TombrasNiña (Argentina),Actualidad y contexto,Argentina,Shortlist
El Ojo de Iberoamerica,2025,PR,Casa inteligente: una aventura de Chavo,Samsung de Samsung Brasil,Cheil Brasil (Brasil),Branded Content,Brasil,Shortlist
El Ojo de Iberoamerica,2025,PR,Appease,Samsung de Samsung Chile,Cheil Chile,Innovacion inclusiva,Chile,Shortlist
El Ojo de Iberoamerica,2025,PR,The mind guardian,Samsung de Samsung España,Cheil España (España),Creatividad y experiencia impulsada por datos,España,Shortlist
El Ojo de Iberoamerica,2025,PR,Impulse,Samsung de Samsung España,Cheil España,Mejor tecnologia en el uso de datos,España,Shortlist
El Ojo de Iberoamerica,2025,PR,The mind guardian,Samsung de Samsung España,Cheil España,Uso de data,España,Shortlist
El Ojo de Iberoamerica,2025,PR,The mind guardian,Samsung de Samsung España,Cheil España,Tecnologia,España,Shortlist
El Ojo de Iberoamerica,2025,PR,The mind guardian,Samsung de Samsung España,Cheil España,Innovacion inclusiva,España,Shortlist
El Ojo de Iberoamerica,2025,PR,Impulse,Samsung de Samsung España,Cheil España,Ideas creadas para una marca,España,Shortlist
El Ojo de Iberoamerica,2025,PR,Jugando Contra el Mosquito,SBP de Reckitt,BETC HAVAS (Brasil),Influencers y Co-creacion de contenido,Brasil,Shortlist
El Ojo de Iberoamerica,2025,PR,Jugando Contra el Mosquito,SBP de Reckitt,BETC HAVAS (Brasil),Plataformas digitales sociales e Influencers,Brasil,Shortlist
El Ojo de Iberoamerica,2025,PR,Fictional insurance,Seguros del Estado RCN Television de Seguros del Estado / RCN Television,DDB Colombia,Comercio de entretenimiento,Colombia,Shortlist
El Ojo de Iberoamerica,2025,PR,Fictional insurance,Seguros del Estado RCN Television de Seguros del Estado / RCN Television,DDB Colombia (Colombia),Sitio webs/aplicaciones de e-commerce,Colombia,Shortlist
El Ojo de Iberoamerica,2025,PR,Fictional insurance,Seguros del Estado RCN Television de Seguros del Estado / RCN Television,DDB Colombia,Estrategia y fidelizacion de marca,Colombia,Shortlist
El Ojo de Iberoamerica,2025,PR,Fictional insurance,Seguros del Estado RCN Television de Seguros del Estado / RCN Television,DDB Colombia (Colombia),Marca local y mercado especifico,Colombia,Shortlist
El Ojo de Iberoamerica,2025,PR,Fictional insurance,Seguros del Estado RCN Television de Seguros del Estado / RCN Television,DDB Colombia,Servicios,Colombia,Shortlist
El Ojo de Iberoamerica,2025,PR,Fictional insurance,Seguros del Estado RCN Television de Seguros del Estado / RCN Television,DDB Colombia (Colombia),Patrocinio y colaboracion de marcas,Colombia,Shortlist
El Ojo de Iberoamerica,2025,PR,Fictional insurance,Seguros del Estado RCN Television de Seguros del Estado / RCN Television,DDB Colombia (Colombia),Experiencia del usuario,Colombia,Shortlist
El Ojo de Iberoamerica,2025,PR,Fictional insurance,Seguros del Estado RCN Television de Seguros del Estado / RCN Television,DDB Colombia,Marca local,Colombia,Shortlist
El Ojo de Iberoamerica,2025,PR,Fictional insurance,Seguros del Estado RCN Television de Seguros del Estado / RCN Television,DDB Colombia (Colombia),Ideas de Iberoamerica con relevancia internacional,Colombia,Shortlist
El Ojo de Iberoamerica,2025,PR,Fictional insurance,Seguros del Estado RCN Television de Seguros del Estado / RCN Television,DDB Colombia (Colombia),Experiencia y estrategia de marca,Colombia,Shortlist
El Ojo de Iberoamerica,2025,PR,Fictional insurance,Seguros del Estado RCN Television de Seguros del Estado / RCN Television,DDB Colombia (Colombia),Transformacion del Negocio,Colombia,Shortlist
El Ojo de Iberoamerica,2025,PR,Fictional insurance,Seguros del Estado RCN Television de Seguros del Estado / RCN Television,DDB Colombia (Colombia),Ideas creadas para una marca,Colombia,Shortlist
El Ojo de Iberoamerica,2025,PR,Eco-ilogico,SEO BirdLife de SEO/BirdLife,Darwin & Verne (España),Mercado especifico,España,Shortlist
El Ojo de Iberoamerica,2025,PR,Free luggage collection,SKY de Sky Airline Chile,BBDO Chile,Servicios,Chile,Shortlist
El Ojo de Iberoamerica,2025,PR,Skyless,SKY de Sky Airline Chile,BBDO Chile (Chile),Indoor,Chile,Shortlist
El Ojo de Iberoamerica,2025,PR,Domicilios con descuento,TaDa de AB InBev Paraguay,WILD FI (Paraguay),Estrategia y fidelizacion de marca,Paraguay,Shortlist
El Ojo de Iberoamerica,2025,PR,Domicilios con descuento,TaDa de AB InBev Paraguay,WILD FI (Paraguay),Marca local y mercado especifico,Paraguay,Shortlist
El Ojo de Iberoamerica,2025,PR,Planes abandonados,TaDa Delivery de AB InBev Grupo Modelo Mexico,R/GA Buenos Aires (Argentina),Experiencia del usuario,Mexico,Shortlist
El Ojo de Iberoamerica,2025,PR,The rewards bag,TaTa de Grupo De Narvaez,VML Uruguay,Experiencia en punto de venta,Uruguay,Shortlist
El Ojo de Iberoamerica,2025,PR,The rewards bag,TaTa de Grupo De Narvaez,VML Uruguay,Comercio sostenible,Uruguay,Shortlist
El Ojo de Iberoamerica,2025,PR,The rewards bag,TaTa de Grupo De Narvaez,VML Uruguay,Marca local y mercado especifico,Uruguay,Shortlist
El Ojo de Iberoamerica,2025,PR,The rewards bag,TaTa de Grupo De Narvaez,VML Uruguay,Creatividad y experiencia impulsada por datos,Uruguay,Shortlist
El Ojo de Iberoamerica,2025,PR,The rewards bag,TaTa de Grupo De Narvaez,VML Uruguay,Experiencia y estrategia de marca,Uruguay,Shortlist
El Ojo de Iberoamerica,2025,PR,All in for Macario,Tecate de Heineken Mexico,LePub Mexico,Influencers y Co-creacion de contenido,Mexico,Shortlist
El Ojo de Iberoamerica,2025,PR,Gulf of Mexico (Bar),Tecate de Heineken Mexico,LePub Mexico,Lanzamientos y activaciones,Mexico,Shortlist
El Ojo de Iberoamerica,2025,PR,All in for Macario,Tecate de Heineken Mexico,LePub Mexico,Acciones en tiempo real,Mexico,Shortlist
El Ojo de Iberoamerica,2025,PR,Gulf of Mexico (Bar),Tecate de Heineken Mexico,LePub Mexico,Actualidad y contexto,Mexico,Shortlist
El Ojo de Iberoamerica,2025,PR,Gulf of Mexico (Bar),Tecate de Heineken Mexico,LePub Mexico,Instalaciones Interactivas,Mexico,Shortlist
El Ojo de Iberoamerica,2025,PR,Gulf of Mexico (Bar),Tecate de Heineken Mexico,LePub Mexico,Marca local,Mexico,Shortlist
El Ojo de Iberoamerica,2025,PR,All in for Macario,Tecate de Heineken Mexico,LePub Mexico,Influencer & Creator,Mexico,Shortlist
El Ojo de Iberoamerica,2025,PR,Gulf of Mexico (Bar),Tecate de Heineken Mexico,LePub Mexico,Ideas de Iberoamerica con relevancia internacional,Mexico,Shortlist
El Ojo de Iberoamerica,2025,PR,Gulf of Mexico (Bar),Tecate de Heineken Mexico,LePub Mexico,Ideas creadas para una marca,Mexico,Shortlist
El Ojo de Iberoamerica,2025,PR,Shades of red,The Coca-Cola Company de Coca-Cola Mexico,DAVID Madrid,Alimentos y Bebidas,Mexico,Shortlist
El Ojo de Iberoamerica,2025,PR,Shades of red,The Coca-Cola Company de Coca-Cola Mexico,DAVID Madrid (España),Mercado especifico,Mexico,Shortlist
El Ojo de Iberoamerica,2025,PR,Love captured,The Exodus Road de The Exodus Road Estados Unidos,Klick Health Brasil (Brasil),Experiencia del usuario,Estados Unidos,Shortlist
El Ojo de Iberoamerica,2025,PR,Lost names,Toyota Land Cruiser de Toyota Motor North America U.S.A.,Conill (Estados Unidos),Eventos y sponsorship,Estados Unidos,Shortlist
El Ojo de Iberoamerica,2025,PR,Lost names,Toyota Land Cruiser de Toyota Motor North America U.S.A.,Conill (Estados Unidos),Social diversidad e Inclusion,Estados Unidos,Shortlist
El Ojo de Iberoamerica,2025,PR,Lost names,Toyota Land Cruiser de Toyota Motor North America U.S.A.,Conill (Estados Unidos),Contexto y Actualidad,Estados Unidos,Shortlist
El Ojo de Iberoamerica,2025,PR,Lost names,Toyota Land Cruiser de Toyota Motor North America U.S.A.,Conill (Estados Unidos),Patrocinio y colaboracion de marcas,Estados Unidos,Shortlist
El Ojo de Iberoamerica,2025,PR,Verle la cara a Dios,Tulipan de Tulipan,Zurda Agency (Argentina),Marca local,Argentina,Shortlist
El Ojo de Iberoamerica,2025,PR,Amor arbitrario,TyC Sports de TyC Sports,Mercado McCann (Argentina),Medios audiovisuales,Argentina,Shortlist
El Ojo de Iberoamerica,2025,PR,Rating,TyC Sports de TyC Sports,Mercado McCann (Argentina),Marca local,Argentina,Shortlist
El Ojo de Iberoamerica,2025,PR,Checoland,Uber Eats de Uber Mexico,Wieden+Kennedy Mexico,Plataformas digitales sociales e Influencers,Mexico,Shortlist
El Ojo de Iberoamerica,2025,PR,Checoland,Uber Eats de Uber Mexico,Wieden+Kennedy Mexico,Contexto y Actualidad,Mexico,Shortlist
El Ojo de Iberoamerica,2025,PR,Checoland,Uber Eats de Uber Mexico,Wieden+Kennedy Mexico,Servicios,Mexico,Shortlist
El Ojo de Iberoamerica,2025,PR,Rock & ride,UberQuilmes de Uber Argentina,Wieden+Kennedy São Paulo (Brasil) / Wieden+Kennedy Buenos Aires (Argentina),Comercio liderado por dispositivos moviles,Argentina,Shortlist
El Ojo de Iberoamerica,2025,PR,399 años despues,Universidad de Alcala de Universidad de Alcala,Ernest (España),Bien publico y mensajes gubernamentales,España,Shortlist
El Ojo de Iberoamerica,2025,PR,399 años despues,Universidad de Alcala de Universidad de Alcala,Ernest (España),Eventos y patrocinios,España,Shortlist
El Ojo de Iberoamerica,2025,PR,El chip de la esperanza,Universidad de Ingenieria y Tecnologia (UTEC) de Utec,Nodos Peru (Peru),Prototipo,Peru,Shortlist
El Ojo de Iberoamerica,2025,PR,Saving pelotica de goma,Vacilate esto de Vacilate esto,La web/ Buentipo (Venezuela),Influencers y Co-creacion de contenido,Venezuela,Shortlist
El Ojo de Iberoamerica,2025,PR,Saving pelotica de goma,Vacilate esto de Vacilate esto,La web/ Buentipo (Venezuela),Actualidad y contexto,Venezuela,Shortlist
El Ojo de Iberoamerica,2025,PR,Saving pelotica de goma,Vacilate esto de Vacilate esto,La web/ Buentipo (Venezuela),Acciones,Venezuela,Shortlist
El Ojo de Iberoamerica,2025,PR,Saving pelotica de goma,Vacilate esto de Vacilate esto,La web/ Buentipo (Venezuela),Eventos y sponsorship,Venezuela,Shortlist
El Ojo de Iberoamerica,2025,PR,Saving pelotica de goma,Vacilate esto de Vacilate esto,La web/ Buentipo (Venezuela),Mercado especifico,Venezuela,Shortlist
El Ojo de Iberoamerica,2025,PR,Report this ad,Veris de Veris,Paradais DDB (Ecuador),Servicios,Ecuador,Shortlist
El Ojo de Iberoamerica,2025,PR,Report this ad,Veris de Veris,Paradais DDB (Ecuador),Uso innovador de las plataformas sociales,Ecuador,Shortlist
El Ojo de Iberoamerica,2025,PR,Report this ad,Veris de Veris,Paradais DDB (Ecuador),Estrategia social,Ecuador,Shortlist
El Ojo de Iberoamerica,2025,PR,Recuerdame viviendo,Victoria de AB InBev Grupo Modelo Mexico,Wieden+Kennedy Mexico,Mejor visualizacion de datos,Mexico,Shortlist
El Ojo de Iberoamerica,2025,PR,Recuerdos imborrables,Victoria de AB InBev Grupo Modelo Mexico,The Juju Mexico,Creatividad y experiencia impulsada por datos,Mexico,Shortlist
El Ojo de Iberoamerica,2025,PR,Recuerdame viviendo,Victoria de AB InBev Grupo Modelo Mexico,Wieden+Kennedy Mexico,Co-creacion de contenidos generados por el usuario,Mexico,Shortlist
El Ojo de Iberoamerica,2025,PR,La primera pororoca,Vivo de Telefonica Brasil,Africa Creative (Brasil),Medios audiovisuales,Brasil,Shortlist
El Ojo de Iberoamerica,2025,PR,La primera pororoca,Vivo de Telefonica Brasil,Africa Creative (Brasil),Plataformas digitales sociales e Influencers,Brasil,Shortlist
El Ojo de Iberoamerica,2025,PR,W1ng cod3s,Volaris Airlines de Volaris Airlines,Havas HOY (Mexico),Intervenciones,Mexico,Shortlist
El Ojo de Iberoamerica,2025,PR,W1ng cod3s,Volaris Airlines de Volaris Airlines,Havas HOY (Mexico),Marca local,Mexico,Shortlist
El Ojo de Iberoamerica,2025,PR,Re-commerce Atacama,VtexDesierto Vestido de Vtex Brasil,Artplan (Brasil),Actualidad y contexto,Brasil,Shortlist
El Ojo de Iberoamerica,2025,PR,Re-commerce Atacama,VtexDesierto Vestido de Vtex Brasil,Artplan (Brasil),Sitio webs/aplicaciones de e-commerce,Brasil,Shortlist
El Ojo de Iberoamerica,2025,PR,Re-commerce Atacama,VtexDesierto Vestido de Vtex Brasil,Artplan (Brasil),Comercio sostenible,Brasil,Shortlist
El Ojo de Iberoamerica,2025,PR,Re-commerce Atacama,VtexDesierto Vestido de Vtex Brasil,Artplan (Brasil),Ideas de Iberoamerica con relevancia internacional,Brasil,Shortlist
El Ojo de Iberoamerica,2025,PR,Re-commerce Atacama,VtexDesierto Vestido de Vtex Brasil,Artplan (Brasil),Ideas creadas para una marca,Brasil,Shortlist
El Ojo de Iberoamerica,2025,PR,Tampon FOR MEN struation,Vuokkoset Menstrual Products de Vuokkoset,TBWA\ Helsinki (Finlandia),Ideas de latinos viviendo fuera de Iberoamerica,Finlandia,Shortlist
El Ojo de Iberoamerica,2025,PR,Dancing washers,Whirlpool de Whirlpool Mexico,VML Mexico,Comercio Social & Influencers,Mexico,Shortlist
El Ojo de Iberoamerica,2025,PR,Dancing washers,Whirlpool de Whirlpool Mexico,VML Mexico,Sitio webs/aplicaciones de e-commerce,Mexico,Shortlist
El Ojo de Iberoamerica,2025,PR,Dancing washers,Whirlpool de Whirlpool Mexico,VML Mexico,Mejor tecnologia en el uso de datos,Mexico,Shortlist
El Ojo de Iberoamerica,2025,PR,Dancing washers,Whirlpool de Whirlpool Mexico,VML Mexico,Productos,Mexico,Shortlist
El Ojo de Iberoamerica,2025,PR,When you’re not here,Whirlpool de Whirlpool Mexico,VML Mexico,Online ad,Mexico,Shortlist
El Ojo de Iberoamerica,2025,PR,Dancing washers,Whirlpool de Whirlpool Mexico,VML Mexico,Co-creacion de contenidos generados por el usuario,Mexico,Shortlist
El Ojo de Iberoamerica,2025,PR,Dancing washers,Whirlpool de Whirlpool Mexico,VML Mexico,Ideas de Iberoamerica con relevancia internacional,Mexico,Shortlist
El Ojo de Iberoamerica,2025,PR,Formacion diferente,Yape de Banco de Credito del Peru,121 Latam (Peru),Social diversidad e Inclusion,Peru,Shortlist
El Ojo de Iberoamerica,2025,PR,Manual de instrucciones,YPF de YPF,Mercado McCann (Argentina),Productos y Servicios,Argentina,Shortlist
El Ojo de Iberoamerica,2025,PRODUCCIoN AUDIOVISUAL,UMBRA,1996 de 1996 HEADWEAR,Akira Cine (Colombia),Bajo Presupuesto,Colombia,Shortlist
El Ojo de Iberoamerica,2025,PRODUCCIoN AUDIOVISUAL,Bienvenidos workalovers,Advertising Week Latam de Advertising Week Latam,Archer Troy (Mexico),Direccion de actores,Mexico,Shortlist
El Ojo de Iberoamerica,2025,PRODUCCIoN AUDIOVISUAL,Aeromexicanos,Aeromexico de Aeromexico,Ogilvy Mexico,Fotografia,Mexico,Shortlist
El Ojo de Iberoamerica,2025,PRODUCCIoN AUDIOVISUAL,Aeromexicanos,Aeromexico de Aeromexico,Ogilvy Mexico,Direccion,Mexico,Shortlist
El Ojo de Iberoamerica,2025,PRODUCCIoN AUDIOVISUAL,Aeromexico hermanos,Aeromexico de Aeromexico,Ogilvy Mexico,Direccion,Mexico,Shortlist
El Ojo de Iberoamerica,2025,PRODUCCIoN AUDIOVISUAL,Aeromexicanos,Aeromexico de Aeromexico,Ogilvy Mexico,Produccion Integral,Mexico,Shortlist
El Ojo de Iberoamerica,2025,PRODUCCIoN AUDIOVISUAL,Aeromexico hermanos,Aeromexico de Aeromexico,Ogilvy Mexico,Direccion de actores,Mexico,Shortlist
El Ojo de Iberoamerica,2025,PRODUCCIoN AUDIOVISUAL,Aeromexicanos,Aeromexico de Aeromexico,Ogilvy Mexico,Guion,Mexico,Shortlist
El Ojo de Iberoamerica,2025,PRODUCCIoN AUDIOVISUAL,Aeromexicanos,Aeromexico de Aeromexico,Ogilvy Mexico,Correccion de color,Mexico,Shortlist
El Ojo de Iberoamerica,2025,PRODUCCIoN AUDIOVISUAL,Aeromexico hermanos,Aeromexico de Aeromexico,Ogilvy Mexico,Correccion de color,Mexico,Shortlist
El Ojo de Iberoamerica,2025,PRODUCCIoN AUDIOVISUAL,Aeromexico hermanos,Aeromexico de Aeromexico,Ogilvy Mexico,Edicion,Mexico,Shortlist
El Ojo de Iberoamerica,2025,PRODUCCIoN AUDIOVISUAL,The bind,Akira Cine de Akira Cine,Akira Cine (Colombia),Bajo Presupuesto,Colombia,Shortlist
El Ojo de Iberoamerica,2025,PRODUCCIoN AUDIOVISUAL,Amnistia Internacional,Amnistia Internacional de Amnistia Internacional España,La Despensa (España),Bajo Presupuesto,España,Shortlist
El Ojo de Iberoamerica,2025,PRODUCCIoN AUDIOVISUAL,The Shooting,Diario La Union de Articulo 19,Grey Mexico,Fotografia y Direccion de Arte,Mexico,Shortlist
El Ojo de Iberoamerica,2025,PRODUCCIoN AUDIOVISUAL,The Shooting,Diario La Union de Articulo 19,Grey Mexico,Direccion,Mexico,Shortlist
El Ojo de Iberoamerica,2025,PRODUCCIoN AUDIOVISUAL,The Shooting,Diario La Union de Articulo 19,Grey Mexico,Produccion integral,Mexico,Shortlist
El Ojo de Iberoamerica,2025,PRODUCCIoN AUDIOVISUAL,The Shooting,Diario La Union de Articulo 19,Grey Mexico,Direccion de actores,Mexico,Shortlist
El Ojo de Iberoamerica,2025,PRODUCCIoN AUDIOVISUAL,The Shooting,Diario La Union de Articulo 19,Grey Mexico,Guion,Mexico,Shortlist
El Ojo de Iberoamerica,2025,PRODUCCIoN AUDIOVISUAL,The Shooting,Diario La Union de Articulo 19,Grey Mexico,Correccion de color,Mexico,Shortlist
El Ojo de Iberoamerica,2025,PRODUCCIoN AUDIOVISUAL,The Shooting,Diario La Union de Articulo 19,Grey Mexico,Edicion,Mexico,Shortlist
El Ojo de Iberoamerica,2025,PRODUCCIoN AUDIOVISUAL,Carolina,Asociacion Mexicana de Diabetes de Asociacion Mexicana de Diabetes en la Ciudad de Mexico,D14S (Mexico),Nuevos/as Realizadores/as (hasta maximo 3 años de experiencia profesional),Mexico,Shortlist
El Ojo de Iberoamerica,2025,PRODUCCIoN AUDIOVISUAL,Carolina,Asociacion Mexicana de Diabetes de Asociacion Mexicana de Diabetes en la Ciudad de Mexico,D14S (Mexico),Bajo Presupuesto (hasta USD 50.000.-),Mexico,Shortlist
El Ojo de Iberoamerica,2025,PRODUCCIoN AUDIOVISUAL,Alien (Audi),Audi de Audi España,C14TORCE (España),Direccion de actores,España,Shortlist
El Ojo de Iberoamerica,2025,PRODUCCIoN AUDIOVISUAL,Sweeter than the sweetest,Axe/Lynx de Unilever Global,LOLA MullenLowe (España),Direccion,España,Shortlist
El Ojo de Iberoamerica,2025,PRODUCCIoN AUDIOVISUAL,El esfuerzo te define,Banco Pichincha de Banco Pichincha Ecuador,Delta MullenLowe (Ecuador),Fotografia,Ecuador,Shortlist
El Ojo de Iberoamerica,2025,PRODUCCIoN AUDIOVISUAL,Cabeças,Bienal de São Paulo de 36° Bienal de São Paulo,Africa Creative (Brasil),Efectos visuales,Brasil,Shortlist
El Ojo de Iberoamerica,2025,PRODUCCIoN AUDIOVISUAL,La busqueda,Bradesco Seguros de Bradesco Seguros,Almap BBDO (Brasil),Direccion,Brasil,Shortlist
El Ojo de Iberoamerica,2025,PRODUCCIoN AUDIOVISUAL,La busqueda,Bradesco Seguros de Bradesco Seguros,Almap BBDO (Brasil),Animacion,Brasil,Shortlist
El Ojo de Iberoamerica,2025,PRODUCCIoN AUDIOVISUAL,La busqueda,Bradesco Seguros de Bradesco Seguros,Almap BBDO (Brasil),Efectos visuales,Brasil,Shortlist
El Ojo de Iberoamerica,2025,PRODUCCIoN AUDIOVISUAL,Papota,Ca7riel & Paco Amoroso de Sony Music Argentina,About Entertainment (Argentina),Fotografia y Direccion de Arte,Argentina,Shortlist
El Ojo de Iberoamerica,2025,PRODUCCIoN AUDIOVISUAL,Papota,Ca7riel & Paco Amoroso de Sony Music Argentina,About Entertainment (Argentina),Direccion,Argentina,Shortlist
El Ojo de Iberoamerica,2025,PRODUCCIoN AUDIOVISUAL,47,Cafe Joyeux de Cafe Joyeux,Klick Health Brasil,Animacion,Estados Unidos,Shortlist
El Ojo de Iberoamerica,2025,PRODUCCIoN AUDIOVISUAL,Cementos,Cementos Progreso de Cementos Progreso,Sapiens Group (Guatemala),Nuevos/as Realizadores/as (hasta maximo 3 años de experiencia profesional),Guatemala,Shortlist
El Ojo de Iberoamerica,2025,PRODUCCIoN AUDIOVISUAL,Don’t stop motion,CENABAST de Gobierno de Chile,VML Chile (Chile),Animacion,Chile,Shortlist
El Ojo de Iberoamerica,2025,PRODUCCIoN AUDIOVISUAL,Monstruo vs robot,Citroën Brasil de Stellantis,BETC HAVAS (Brasil),Efectos visuales,Brasil,Shortlist
El Ojo de Iberoamerica,2025,PRODUCCIoN AUDIOVISUAL,Estudia agrimensura,Consejo Profesional de Agrimensura de CPA,From (Uruguay),Guion,Argentina,Shortlist
El Ojo de Iberoamerica,2025,PRODUCCIoN AUDIOVISUAL,100 Años,Corona de AB InBev Grupo Modelo Mexico,GUT Mexico,Fotografia,Mexico,Shortlist
El Ojo de Iberoamerica,2025,PRODUCCIoN AUDIOVISUAL,100 Años,Corona de AB InBev Grupo Modelo Mexico,GUT Mexico,Direccion de Arte,Mexico,Shortlist
El Ojo de Iberoamerica,2025,PRODUCCIoN AUDIOVISUAL,100 Años,Corona de AB InBev Grupo Modelo Mexico,GUT Mexico,Direccion,Mexico,Shortlist
El Ojo de Iberoamerica,2025,PRODUCCIoN AUDIOVISUAL,100 Años,Corona de AB InBev Grupo Modelo Mexico,GUT Mexico,Produccion Integral,Mexico,Shortlist
El Ojo de Iberoamerica,2025,PRODUCCIoN AUDIOVISUAL,Somos de otro planeta,Doritos de PepsiCo Mexico,Isla (Mexico),Fotografia y Direccion de Arte,Mexico,Shortlist
El Ojo de Iberoamerica,2025,PRODUCCIoN AUDIOVISUAL,Somos de otro planeta,Doritos de PepsiCo Mexico,Isla (Mexico),Produccion integral,Mexico,Shortlist
El Ojo de Iberoamerica,2025,PRODUCCIoN AUDIOVISUAL,Somos de otro planeta,Doritos de PepsiCo Mexico,Isla (Mexico),Efectos visuales,Mexico,Shortlist
El Ojo de Iberoamerica,2025,PRODUCCIoN AUDIOVISUAL,180 años con las hierbas bien puestas,Fernet Branca de Fratelli Branca Destilerias,GUT Buenos Aires (Argentina),Direccion de Arte,Argentina,Shortlist
El Ojo de Iberoamerica,2025,PRODUCCIoN AUDIOVISUAL,Built for tough,Ford de Ford Brasil,Wieden+Kennedy São Paulo (Brasil) / Wieden+Kennedy Buenos Aires (Argentina),Fotografia,Brasil,Shortlist
El Ojo de Iberoamerica,2025,PRODUCCIoN AUDIOVISUAL,Mi primera carta,Gobierno de Pernambuco de Gobierno de Pernambuco,Propeg (Brasil),Bajo Presupuesto,Brasil,Shortlist
El Ojo de Iberoamerica,2025,PRODUCCIoN AUDIOVISUAL,Savannah’s fight,Huggies de Huggies Estados Unidos,Leo Burnett Estados Unidos,Direccion de actores,Estados Unidos,Shortlist
El Ojo de Iberoamerica,2025,PRODUCCIoN AUDIOVISUAL,Savannah’s fight,Huggies de Huggies Estados Unidos,Leo Burnett Estados Unidos,Edicion,Estados Unidos,Shortlist
El Ojo de Iberoamerica,2025,PRODUCCIoN AUDIOVISUAL,Navidad inolvidable,ILAS de ILAS,Made (Mexico) / Rainbow Lobster (Mexico),Direccion,Mexico,Shortlist
El Ojo de Iberoamerica,2025,PRODUCCIoN AUDIOVISUAL,El lazo de Petra,iPhone de Apple ALAC/Mexico,TBWA\ Media Arts Lab Miami (Estados Unidos),Produccion integral,Mexico,Shortlist
El Ojo de Iberoamerica,2025,PRODUCCIoN AUDIOVISUAL,El lazo de Petra,iPhone de Apple ALAC/Mexico,TBWA\ Media Arts Lab Miami (Estados Unidos),Guion,Mexico,Shortlist
El Ojo de Iberoamerica,2025,PRODUCCIoN AUDIOVISUAL,MomBA,Linkedin de LinkedIn Brasil,R/GA Brasil,Nuevos/as Realizadores/as (hasta maximo 3 años de experiencia profesional),Brasil,Shortlist
El Ojo de Iberoamerica,2025,PRODUCCIoN AUDIOVISUAL,120 Aniversario,Lucchetti de Tres Montes Lucchetti,LUGO (Chile),Fotografia,Chile,Shortlist
El Ojo de Iberoamerica,2025,PRODUCCIoN AUDIOVISUAL,Maxxx Bold,MAXXX Energy de FIFCO Costa Rica,Grey Mexico,Edicion,Costa Rica,Shortlist
El Ojo de Iberoamerica,2025,PRODUCCIoN AUDIOVISUAL,Amigos,McDonald’s de Arcos Dorados Argentina,TBWA\ Buenos Aires (Argentina),Fotografia,Argentina,Shortlist
El Ojo de Iberoamerica,2025,PRODUCCIoN AUDIOVISUAL,Amigos,McDonald’s de Arcos Dorados Argentina,TBWA\ Buenos Aires (Argentina),Direccion de actores,Argentina,Shortlist
El Ojo de Iberoamerica,2025,PRODUCCIoN AUDIOVISUAL,Lemonade for adults,Mike’s de AB InBev Colombia,DAVID Bogota (Colombia),Correccion de color,Colombia,Shortlist
El Ojo de Iberoamerica,2025,PRODUCCIoN AUDIOVISUAL,Fazendas,Mitsubishi de Mitsubishi Motors Brasil,Africa Creative (Brasil),Efectos visuales,Brasil,Shortlist
El Ojo de Iberoamerica,2025,PRODUCCIoN AUDIOVISUAL,All new Triton,Mitsubishi Motors de Mitsubishi Motors Brasil,Africa Creative (Brasil),Direccion de Arte,Brasil,Shortlist
El Ojo de Iberoamerica,2025,PRODUCCIoN AUDIOVISUAL,Senna’s Cut,Netflix de Netflix Argentina,Monks (Argentina),Edicion,Argentina,Shortlist
El Ojo de Iberoamerica,2025,PRODUCCIoN AUDIOVISUAL,Dribble to survive,Nike de Nike,Wieden+Kennedy São Paulo (Brasil) / Wieden+Kennedy London (Reino Unido),Efectos visuales,Global,Shortlist
El Ojo de Iberoamerica,2025,PRODUCCIoN AUDIOVISUAL,Piecito Nubank + Netflix,Nubank de Nubank Brasil,Nubank Creative Hub BR (Brasil) / Nubank Creative Hub MX (Mexico),Direccion de Arte,Brasil,Shortlist
El Ojo de Iberoamerica,2025,PRODUCCIoN AUDIOVISUAL,Piecito Nubank + Netflix,Nubank de Nubank Brasil,Nubank Creative Hub BR (Brasil) / Nubank Creative Hub MX (Mexico),Produccion Integral,Brasil,Shortlist
El Ojo de Iberoamerica,2025,PRODUCCIoN AUDIOVISUAL,Abzorb 2000,Nwe Balance de New Balance Global,Open! (Otro),Nuevos/as Realizadores/as (hasta maximo 3 años de experiencia profesional),Brasil,Shortlist
El Ojo de Iberoamerica,2025,PRODUCCIoN AUDIOVISUAL,Casa de vidrio,O Boticario de Grupo Boticario,Almap BBDO (Brasil),Direccion,Brasil,Shortlist
El Ojo de Iberoamerica,2025,PRODUCCIoN AUDIOVISUAL,Casa de vidrio,O Boticario de Grupo Boticario,Almap BBDO (Brasil),Direccion de actores,Brasil,Shortlist
El Ojo de Iberoamerica,2025,PRODUCCIoN AUDIOVISUAL,Planes,O Boticario de O Boticario,Almap BBDO (Brasil),Guion,Brasil,Shortlist
El Ojo de Iberoamerica,2025,PRODUCCIoN AUDIOVISUAL,Unbelievably long lasting,Old Spice de Procter & Gamble España,Burns The Agency (España),Fotografia,España,Shortlist
El Ojo de Iberoamerica,2025,PRODUCCIoN AUDIOVISUAL,Unbelievably long lasting,Old Spice de Procter & Gamble España,Burns The Agency (España),Direccion de Arte,España,Shortlist
El Ojo de Iberoamerica,2025,PRODUCCIoN AUDIOVISUAL,Unbelievably long lasting,Old Spice de Procter & Gamble España,Burns The Agency (España),Direccion,España,Shortlist
El Ojo de Iberoamerica,2025,PRODUCCIoN AUDIOVISUAL,Unbelievably long lasting,Old Spice de Procter & Gamble España,Burns The Agency (España),Produccion Integral,España,Shortlist
El Ojo de Iberoamerica,2025,PRODUCCIoN AUDIOVISUAL,Unbelievably long lasting,Old Spice de Procter & Gamble España,Burns The Agency (España),Direccion de actores,España,Shortlist
El Ojo de Iberoamerica,2025,PRODUCCIoN AUDIOVISUAL,Unbelievably long lasting,Old Spice de Procter & Gamble España,Burns The Agency (España),Guion,España,Shortlist
El Ojo de Iberoamerica,2025,PRODUCCIoN AUDIOVISUAL,En el momento de la verdad,OSDE de OSDE,Zurda Agency (Argentina),Direccion de actores,Argentina,Shortlist
El Ojo de Iberoamerica,2025,PRODUCCIoN AUDIOVISUAL,Pepsi Black,Pepsi de GEPP Mexico,BBDO Mexico,Fotografia,Mexico,Shortlist
El Ojo de Iberoamerica,2025,PRODUCCIoN AUDIOVISUAL,Pepsi Black,Pepsi de GEPP Mexico,BBDO Mexico (Mexico),Direccion de Arte,Mexico,Shortlist
El Ojo de Iberoamerica,2025,PRODUCCIoN AUDIOVISUAL,Good shit,PETA de PETA Global,SAMY España,Animacion,España,Shortlist
El Ojo de Iberoamerica,2025,PRODUCCIoN AUDIOVISUAL,18 months,Second Nurture de Second Nurture,Klick Health Brasil,Animacion,Estados Unidos,Shortlist
El Ojo de Iberoamerica,2025,PRODUCCIoN AUDIOVISUAL,IRADOH. 3 Acts of Brotherhood,So Livre de Som Livre,Africa Creative (Brasil),Bajo Presupuesto (hasta USD 50.000.-),Brasil,Shortlist
El Ojo de Iberoamerica,2025,PRODUCCIoN AUDIOVISUAL,A taste worth more,Stella Artois de Stella Artois,GUT Buenos Aires (Argentina),Produccion Integral,Argentina,Shortlist
El Ojo de Iberoamerica,2025,PRODUCCIoN AUDIOVISUAL,Disney princess,The Walt Disney Company de The Walt Disney Company Estados Unidos,Fallon (Estados Unidos),Direccion de Arte,Estados Unidos,Shortlist
El Ojo de Iberoamerica,2025,PRODUCCIoN AUDIOVISUAL,Naughty list,Toyota Land Cruiser de Toyota Motor North America U.S.A.,Conill (Estados Unidos),Direccion de actores,Estados Unidos,Shortlist
El Ojo de Iberoamerica,2025,PRODUCCIoN AUDIOVISUAL,Todo brillo,TV Globo de TV Globo,TV Globo (Brasil),Edicion,Brasil,Shortlist
El Ojo de Iberoamerica,2025,PRODUCCIoN AUDIOVISUAL,Amor arbitrario,TyC Sports de TyC Sports,Mercado McCann (Argentina),Guion,Argentina,Shortlist
El Ojo de Iberoamerica,2025,PRODUCCIoN AUDIOVISUAL,La mancha invisible,Vanish de Reckitt,BETC HAVAS (Brasil),Animacion,Brasil,Shortlist
El Ojo de Iberoamerica,2025,PRODUCCIoN AUDIOVISUAL,Recuerdame viviendo,Victoria de AB InBev Grupo Modelo Mexico,Wieden+Kennedy Mexico,Fotografia y Direccion de Arte,Mexico,Shortlist
El Ojo de Iberoamerica,2025,PRODUCCIoN AUDIOVISUAL,Recuerdame viviendo,Victoria de AB InBev Grupo Modelo Mexico,Wieden+Kennedy Mexico,Nuevos/as Realizadores/as (hasta maximo 3 años de experiencia profesional),Mexico,Shortlist
El Ojo de Iberoamerica,2025,PRODUCCIoN AUDIOVISUAL,Juntos a la par,Volkswagen de Lestido,Avisa (Uruguay),Fotografia,Uruguay,Shortlist
El Ojo de Iberoamerica,2025,PRODUCCIoN AUDIOVISUAL,Juntos a la par,Volkswagen de Lestido,Avisa (Uruguay),Correccion de color,Uruguay,Shortlist
El Ojo de Iberoamerica,2025,PRODUCCIoN AUDIOVISUAL,Llegadas,Volkswagen de Volkswagen Brasil,Almap BBDO (Brasil),Direccion de Arte,Brasil,Shortlist
El Ojo de Iberoamerica,2025,PRODUCCIoN AUDIOVISUAL,Llegadas,Volkswagen de Volkswagen Brasil,Almap BBDO (Brasil),Produccion Integral,Brasil,Shortlist
El Ojo de Iberoamerica,2025,PRODUCCIoN AUDIOVISUAL,Montaña rusa,Volkswagen de Volkswagen Brasil,Almap BBDO (Brasil),Efectos visuales,Brasil,Shortlist
El Ojo de Iberoamerica,2025,PRODUCCIoN AUDIOVISUAL,When you’re not here,Whirpool de Whirlpool Mexico,VML Mexico,Fotografia y Direccion de Arte,Mexico,Shortlist
El Ojo de Iberoamerica,2025,PRODUCCIoN AUDIOVISUAL,When you’re not here,Whirpool de Whirlpool Mexico,VML Mexico,Direccion,Mexico,Shortlist
El Ojo de Iberoamerica,2025,PRODUCCIoN AUDIOVISUAL,When you’re not here,Whirpool de Whirlpool Mexico,VML Mexico,Produccion integral,Mexico,Shortlist
El Ojo de Iberoamerica,2025,PRODUCCIoN AUDIOVISUAL,When you’re not here,Whirpool de Whirlpool Mexico,VML Mexico,Direccion de actores,Mexico,Shortlist
El Ojo de Iberoamerica,2025,PRODUCCIoN AUDIOVISUAL,When you’re not here,Whirpool de Whirlpool Mexico,VML Mexico,Guion,Mexico,Shortlist
El Ojo de Iberoamerica,2025,PRODUCCIoN AUDIOVISUAL,When you’re not here,Whirpool de Whirlpool Mexico,VML Mexico,Correccion de color,Mexico,Shortlist
El Ojo de Iberoamerica,2025,PRODUCCIoN DE AUDIO & SONIDO,Aeromexicanos,Aeromexico de Aeromexico,Ogilvy Mexico,Uso de musica original,Mexico,Shortlist
El Ojo de Iberoamerica,2025,PRODUCCIoN DE AUDIO & SONIDO,Aeromexico hermanos,Aeromexico de Aeromexico,Ogilvy Mexico,Uso de musica original,Mexico,Shortlist
El Ojo de Iberoamerica,2025,PRODUCCIoN DE AUDIO & SONIDO,Aeromexicanos,Aeromexico de Aeromexico,Ogilvy Mexico,Diseño y efectos de sonido,Mexico,Shortlist
El Ojo de Iberoamerica,2025,PRODUCCIoN DE AUDIO & SONIDO,Aeromexico hermanos,Aeromexico de Aeromexico,Ogilvy Mexico,Diseño y efectos de sonido,Mexico,Shortlist
El Ojo de Iberoamerica,2025,PRODUCCIoN DE AUDIO & SONIDO,The Shooting,Diario La Union de Articulo 19,Grey Mexico,Musica adaptada,Mexico,Shortlist
El Ojo de Iberoamerica,2025,PRODUCCIoN DE AUDIO & SONIDO,The Shooting,Diario La Union de Articulo 19,Grey Mexico,Diseño y efectos de sonido,Mexico,Shortlist
El Ojo de Iberoamerica,2025,PRODUCCIoN DE AUDIO & SONIDO,La busqueda,Bradesco Seguros de Bradesco Seguros,Almap BBDO (Brasil),Musica adaptada,Brasil,Shortlist
El Ojo de Iberoamerica,2025,PRODUCCIoN DE AUDIO & SONIDO,Flaming grill radio,Burger King de Burger King Colombia,Proximity BBDO Colombia (Colombia) / Sancho BBDO (Colombia),Diseño y efectos de sonido,Colombia,Shortlist
El Ojo de Iberoamerica,2025,PRODUCCIoN DE AUDIO & SONIDO,Flaming grill radio,Burger King de Burger King Colombia,Proximity BBDO Colombia / Sancho BBDO (Colombia),Branding sonoro,Colombia,Shortlist
El Ojo de Iberoamerica,2025,PRODUCCIoN DE AUDIO & SONIDO,Cementos,Cementos Progreso de Cementos Progreso,Sapiens Group (Guatemala),Diseño y efectos de sonido,Guatemala,Shortlist
El Ojo de Iberoamerica,2025,PRODUCCIoN DE AUDIO & SONIDO,Abogados,Consejo Profesional de Agrimensura de CPA,From (Uruguay),Guion,Argentina,Shortlist
El Ojo de Iberoamerica,2025,PRODUCCIoN DE AUDIO & SONIDO,Cold activated announcers,Coors Light de Molson Coors Beverage Company,Alma DDB (Estados Unidos),Guion,Estados Unidos,Shortlist
El Ojo de Iberoamerica,2025,PRODUCCIoN DE AUDIO & SONIDO,Celebraciones legendarias,Cusqueña de AB InBev Peru,Leo Lima (Peru),Guion,Peru,Shortlist
El Ojo de Iberoamerica,2025,PRODUCCIoN DE AUDIO & SONIDO,IRADOH. 3 acts of brotherhood,Kondzilla de Kondzilla,Africa Creative (Brasil),Uso de musica original,Brasil,Shortlist
El Ojo de Iberoamerica,2025,PRODUCCIoN DE AUDIO & SONIDO,IRADOH. 3 acts of brotherhood,Kondzilla de Kondzilla,Africa Creative (Brasil),Diseño y efectos de sonido,Brasil,Shortlist
El Ojo de Iberoamerica,2025,PRODUCCIoN DE AUDIO & SONIDO,Gavião Kyikatejê,Kyikatejê de Kyikatejê FC,Area 23 (Estados Unidos),Diseño y efectos de sonido,Brasil,Shortlist
El Ojo de Iberoamerica,2025,PRODUCCIoN DE AUDIO & SONIDO,Get Germany on LinkedIn,LinkedIn de LinkedIn,Philipp und Keuntje GmbH (Otro),Diseño y efectos de sonido,Brasil,Shortlist
El Ojo de Iberoamerica,2025,PRODUCCIoN DE AUDIO & SONIDO,Casa de vidrio,O Boticario de Grupo Boticario,Almap BBDO (Brasil),Musica adaptada,Brasil,Shortlist
El Ojo de Iberoamerica,2025,PRODUCCIoN DE AUDIO & SONIDO,Pepsi Black,Pepsi de GEPP Mexico,BBDO Mexico,Diseño y efectos de sonido,Mexico,Shortlist
El Ojo de Iberoamerica,2025,PRODUCCIoN DE AUDIO & SONIDO,Make some noise,Ruffles de PepsiCo Mexico,Slap Global (Argentina),Diseño y efectos de sonido,Mexico,Shortlist
El Ojo de Iberoamerica,2025,PRODUCCIoN DE AUDIO & SONIDO,The snowball,Safe Project de Safe Project,FCB Health (Estados Unidos),Musica adaptada,Estados Unidos,Shortlist
El Ojo de Iberoamerica,2025,PRODUCCIoN DE AUDIO & SONIDO,A taste worth more,Stella Artois de Stella Artois,GUT Buenos Aires (Argentina),Diseño y efectos de sonido,Argentina,Shortlist
El Ojo de Iberoamerica,2025,PRODUCCIoN DE AUDIO & SONIDO,El himno de Colombia interpretado por biodiversidad.,SURA de SURA,McCann Worldgroup Colombia,Musica adaptada,Colombia,Shortlist
El Ojo de Iberoamerica,2025,PRODUCCIoN DE AUDIO & SONIDO,Juntos a la par,Volkswagen de Lestido,Avisa (Uruguay),Musica adaptada,Uruguay,Shortlist
El Ojo de Iberoamerica,2025,PRODUCCIoN DE AUDIO & SONIDO,When you’re not here,Whirpool de Whirlpool Mexico,VML Mexico,Uso de musica original,Mexico,Shortlist
El Ojo de Iberoamerica,2025,PRODUCCIoN DE AUDIO & SONIDO,When you’re not here,Whirpool de Whirlpool Mexico,VML Mexico,Diseño y efectos de sonido,Mexico,Shortlist
El Ojo de Iberoamerica,2025,PRODUCCIoN GRaFICA,Aeropostales,Aeropostale de Liverpool,D14S (Mexico),Mejor Direccion de Arte,Mexico,Shortlist
El Ojo de Iberoamerica,2025,PRODUCCIoN GRaFICA,Detras de cada letra,Alfa de Farmacias Similares Mexico,TERAN TBWA\ (Mexico),Mejor Copy,Mexico,Shortlist
El Ojo de Iberoamerica,2025,PRODUCCIoN GRaFICA,The shooting – Corner,Diario La Union de Articulo 19,Grey Mexico,Mejor Fotografia original,Mexico,Shortlist
El Ojo de Iberoamerica,2025,PRODUCCIoN GRaFICA,The shooting – Print,Diario La Union de Articulo 19,Grey Mexico,Mejor Fotografia original,Mexico,Shortlist
El Ojo de Iberoamerica,2025,PRODUCCIoN GRaFICA,The shooting – Window,Diario La Union de Articulo 19,Grey Mexico,Mejor Fotografia original,Mexico,Shortlist
El Ojo de Iberoamerica,2025,PRODUCCIoN GRaFICA,Proyecto 4270,Banco de Chile de Banco de Chile,BBDO Chile,Mejor Fotografia original,Chile,Shortlist
El Ojo de Iberoamerica,2025,PRODUCCIoN GRaFICA,Hyperreal tastes better,Burger King de Burger King Chile,Wolf BCPP (Chile),Mejor Ilustracion,Chile,Shortlist
El Ojo de Iberoamerica,2025,PRODUCCIoN GRaFICA,Lomiteros after hours,Burger King de Grupo AJ Vierci,Garabato MullenLowe (Paraguay),Mejor Fotografia original,Paraguay,Shortlist
El Ojo de Iberoamerica,2025,PRODUCCIoN GRaFICA,Coca-Cola ya en Foster´s Hollywood,Foster’s Hollywood de Foster’s Hollywood,McCann España,Mejor Direccion de Arte,España,Shortlist
El Ojo de Iberoamerica,2025,PRODUCCIoN GRaFICA,Nigrum corpus,IDOMEDInstituto Yduqs de IDOMED,Artplan (Brasil),Mejor Copy,Brasil,Shortlist
El Ojo de Iberoamerica,2025,PRODUCCIoN GRaFICA,Nigrum corpus,IDOMEDInstituto Yduqs de IDOMED,Artplan (Brasil),Mejor Direccion de Arte,Brasil,Shortlist
El Ojo de Iberoamerica,2025,PRODUCCIoN GRaFICA,Nigrum corpus,IDOMEDInstituto Yduqs de IDOMED,Artplan (Brasil),Mejor Ilustracion,Brasil,Shortlist
El Ojo de Iberoamerica,2025,PRODUCCIoN GRaFICA,Esto no es vivir en paz,Techo de Techo Paraguay,Oniria\TBWA (Paraguay),Mejor Fotografia original,Paraguay,Shortlist
El Ojo de Iberoamerica,2025,RADIO & AUDIO,116-248-6446,A.L.M.A,52,Spots de Bien publico y mensajes gubernamentales,Argentina,Shortlist
El Ojo de Iberoamerica,2025,RADIO & AUDIO,Cuidarte es un hit,Avalian de Avalian,Don by Havas,Responsabilidad Social Empresarial (RSE),Argentina,Shortlist
El Ojo de Iberoamerica,2025,RADIO & AUDIO,Bad Bunny vendors,Bad Bunny de Rimas Entertainment,DDB Latina Puerto Rico,Uso no convencional de plataformas de audio/sonido,Puerto Rico,Shortlist
El Ojo de Iberoamerica,2025,RADIO & AUDIO,Flaming grill radio,Burger King de Burger King Colombia,Proximity BBDO Colombia / Sancho BBDO,Acciones en plataformas de audio/sonido,Colombia,Shortlist
El Ojo de Iberoamerica,2025,RADIO & AUDIO,El sonido del divorcio,Calm es Simple de Calm es Simple,Ogilvy Argentina,Uso no convencional de plataformas de audio/sonido,Argentina,Shortlist
El Ojo de Iberoamerica,2025,RADIO & AUDIO,El sonido del divorcio,Calm es Simple de Calm es Simple,Ogilvy Argentina,Mercado especifico,Argentina,Shortlist
El Ojo de Iberoamerica,2025,RADIO & AUDIO,A unos libros de distancia,Casa del Libro de Casa del Libro – Grupo Planeta,This is Libre,Spots de Servicios,España,Shortlist
El Ojo de Iberoamerica,2025,RADIO & AUDIO,Chants,Change the Ref de Change the Ref,Alma DDB,Spots de Bien publico y mensajes gubernamentales,Estados Unidos,Shortlist
El Ojo de Iberoamerica,2025,RADIO & AUDIO,Real therapy,Clinica Nuestra Señora de Guadalupe,Delta MullenLowe,Mercado especifico,Ecuador,Shortlist
El Ojo de Iberoamerica,2025,RADIO & AUDIO,Real therapy,Clinica Nuestra Señora de Guadalupe de Clinica Nuestra Señora de Guadalupe,Delta MullenLowe,Spots de Servicios,Ecuador,Shortlist
El Ojo de Iberoamerica,2025,RADIO & AUDIO,Cold activated announcers,Coors Light de Molson Coors Beverage Company,Alma DDB,Spots de Productos,Estados Unidos,Shortlist
El Ojo de Iberoamerica,2025,RADIO & AUDIO,Unlucky mentions,Cris-Sal de Ecuasal,Paradais DDB,Acciones en plataformas de audio/sonido,Ecuador,Shortlist
El Ojo de Iberoamerica,2025,RADIO & AUDIO,Unlucky mentions,Cris-Sal de Ecuasal,Paradais DDB,Marca local,Ecuador,Shortlist
El Ojo de Iberoamerica,2025,RADIO & AUDIO,Fiat abarth radio,Fiat de Sevel Uruguay,Publicis Impetu,Spots de Productos,Uruguay,Shortlist
El Ojo de Iberoamerica,2025,RADIO & AUDIO,La voz de un icono,Guarana Antarctica de AB InBev Brasil,CP+B Brazil,Uso no convencional de plataformas de audio/sonido,Brasil,Shortlist
El Ojo de Iberoamerica,2025,RADIO & AUDIO,Coqui alarmed,Hyundai de Hyundai Puerto Rico,BBDO Puerto Rico,Uso no convencional de plataformas de audio/sonido,Puerto Rico,Shortlist
El Ojo de Iberoamerica,2025,RADIO & AUDIO,Coqui alarmed,Hyundai de Hyundai Puerto Rico,BBDO Puerto Rico,Mercado especifico,Puerto Rico,Shortlist
El Ojo de Iberoamerica,2025,RADIO & AUDIO,Sueños desordenados,IKEA de IKEA España,McCann España,Spots de Servicios,España,Shortlist
El Ojo de Iberoamerica,2025,RADIO & AUDIO,The radio national hour,MCN (Movimiento Civico Nacional) de Movimiento Civico Nacional,Graviti BBDO,Acciones en plataformas de audio/sonido,Guatemala,Shortlist
El Ojo de Iberoamerica,2025,RADIO & AUDIO,Me feat. Me,Nosotras de Essity Chile,DDB Chile,Uso no convencional de plataformas de audio/sonido,Chile,Shortlist
El Ojo de Iberoamerica,2025,RADIO & AUDIO,Me feat. Me,Nosotras de Essity Chile,DDB Chile,Responsabilidad Social Empresarial (RSE),Chile,Shortlist
El Ojo de Iberoamerica,2025,RADIO & AUDIO,In transit,OutCare Health de OutCare Health,Area 23,Uso no convencional de plataformas de audio/sonido,Estados Unidos,Shortlist
El Ojo de Iberoamerica,2025,RADIO & AUDIO,Free mentions By Pete Zahat,Pizza Hut de Pizza Hut Ecuador,BBA,Uso no convencional de plataformas de audio/sonido,Ecuador,Shortlist
El Ojo de Iberoamerica,2025,RADIO & AUDIO,Air raid alarm clock,Razom for Ukraine de Razom for Ukraine,Officer & Gentleman / Arriba!,Uso no convencional de plataformas de audio/sonido,Estados Unidos,Shortlist
El Ojo de Iberoamerica,2025,RADIO & AUDIO,Stay tuned/ stay awake,Shell de Shell Guatemala,Ogilvy Guatemala,Acciones en plataformas de audio/sonido,Guatemala,Shortlist
El Ojo de Iberoamerica,2025,RADIO & AUDIO,Stay tuned/ stay awake,Shell de Shell Guatemala,Ogilvy Guatemala,Responsabilidad Social Empresarial (RSE),Guatemala,Shortlist
El Ojo de Iberoamerica,2025,RADIO & AUDIO,Stay tuned/ Stay awake,Shell de Shell Guatemala,Ogilvy Guatemala,Mercado especifico,Guatemala,Shortlist
El Ojo de Iberoamerica,2025,RADIO & AUDIO,Leosapp,SuperFrango de SSA,Filadelfia,Marca local,Brasil,Shortlist
El Ojo de Iberoamerica,2025,RADIO & AUDIO,Chatarrero,TyC Sports de TyC Sports,Mercado McCann,Spots de Servicios,Argentina,Shortlist
El Ojo de Iberoamerica,2025,RADIO & AUDIO,Loveless story,UOL/ Instituto Gloria de UOL / Instituto Gloria,Artplan,Responsabilidad Social Empresarial (RSE),Brasil,Shortlist
El Ojo de Iberoamerica,2025,RADIO & AUDIO,Dancing washers,Whirlpool de Whirlpool Mexico,VML Mexico,Uso no convencional de plataformas de audio/sonido,Mexico,Shortlist
El Ojo de Iberoamerica,2025,SALUD & PHARMA,Glowing relief,Alivia Health de Alivia Health,De la Cruz/ Ogilvy (Puerto Rico),Uso de la tecnologia y soluciones tecnologicas,Puerto Rico,Shortlist
El Ojo de Iberoamerica,2025,SALUD & PHARMA,47,Cafe Joyeux de Cafe Joyeux,Klick Health Brasil,Campañas de concientizacion de marcas no relacionadas a la Salud,Estados Unidos,Shortlist
El Ojo de Iberoamerica,2025,SALUD & PHARMA,El viaje de Gaspar,Casa de luz de Fundacion Casa Familia,LOCA Santiago (Chile),Campañas y acciones de instituciones de salud,Chile,Shortlist
El Ojo de Iberoamerica,2025,SALUD & PHARMA,Depressed bedrooms,Casaideas de Casaideas Peru,Boost Brand Accelerator (Peru),Campañas de concientizacion de marcas no relacionadas a la Salud,Peru,Shortlist
El Ojo de Iberoamerica,2025,SALUD & PHARMA,Don’t stop motion,CENABAST de Gobierno de Chile,VML Chile (Chile),Educacion y concientizacion de marcas de Bien Publico,Chile,Shortlist
El Ojo de Iberoamerica,2025,SALUD & PHARMA,Dorflex placas,Dorflex de Opella Brasil,Publicis Brasil (Brasil) / Media Monks (Brasil) LiveMode Brasil (Brasil) Spark Brasil (Brasil),Medicamentos de venta libre,Brasil,Shortlist
El Ojo de Iberoamerica,2025,SALUD & PHARMA,Dunskin’ care,Dunkin’ de Dunkin’ Chile,theplan. (Chile),Productos para el cuidado personal la salud y el bienestar,Chile,Shortlist
El Ojo de Iberoamerica,2025,SALUD & PHARMA,Anti Murphy´s law toast,Enterogermina de Opella Brasil,MRM Spain,Medicamentos de venta libre,Brasil,Shortlist
El Ojo de Iberoamerica,2025,SALUD & PHARMA,Anti Murphy´s law toast,Enterogermina de Opella Brasil,MRM Spain,Campañas de concientizacion de marcas de la Industria de la Salud,Brasil,Shortlist
El Ojo de Iberoamerica,2025,SALUD & PHARMA,Escape room soledad,Fundacion La Caixa de Fundacion La Caixa,Manifiesto (España),Educacion y concientizacion de marcas de Bien Publico,España,Shortlist
El Ojo de Iberoamerica,2025,SALUD & PHARMA,Mi primera carta,Gobierno de Pernambuco de Gobierno de Pernambuco,Propeg (Brasil),Educacion y concientizacion de marcas de Bien Publico,Brasil,Shortlist
El Ojo de Iberoamerica,2025,SALUD & PHARMA,BALI – Biological Age Life Insurance,Hispana Seguros de Hispana Seguros,Maruri Ecuador,Campañas de concientizacion de marcas de la Industria de la Salud,Ecuador,Shortlist
El Ojo de Iberoamerica,2025,SALUD & PHARMA,BALI – Biological Age Life Insurance,Hispana Seguros de Hispana Seguros,Maruri Ecuador,Campañas y acciones de servicios relacionadas al Bienestar,Ecuador,Shortlist
El Ojo de Iberoamerica,2025,SALUD & PHARMA,Design your sleep while you sleep,IKEA Family de IKEA España,MRM Spain,Uso de la tecnologia y soluciones tecnologicas,España,Shortlist
El Ojo de Iberoamerica,2025,SALUD & PHARMA,Design your sleep while you sleep,IKEA Family de IKEA España,MRM Spain,Campañas de concientizacion de marcas no relacionadas a la Salud,España,Shortlist
El Ojo de Iberoamerica,2025,SALUD & PHARMA,No frame missed,iPhone de Apple Estados Unidos,TBWA\ Media Arts Lab Miami (Estados Unidos),Uso de la tecnologia y soluciones tecnologicas,Estados Unidos,Shortlist
El Ojo de Iberoamerica,2025,SALUD & PHARMA,KFC sunscreen,KFC de KFC Costa Rica,Havas Costa Rica,Campañas de concientizacion de marcas no relacionadas a la Salud,Costa Rica,Shortlist
El Ojo de Iberoamerica,2025,SALUD & PHARMA,Voice 2 diabetes,KVI Brave Fund de KVI Brave Fund INC,Klick Health Brasil,Uso de la tecnologia y soluciones tecnologicas,Estados Unidos,Shortlist
El Ojo de Iberoamerica,2025,SALUD & PHARMA,El 7 mujeres,MSD de MSD Colombia,McCann Worldgroup Colombia (Colombia),Campañas y acciones de concientizacion sobre enfermedades,Colombia,Shortlist
El Ojo de Iberoamerica,2025,SALUD & PHARMA,Me feat. Me,Nosotras de Essity Chile,DDB Chile,Campañas de concientizacion de marcas de la Industria de la Salud,Chile,Shortlist
El Ojo de Iberoamerica,2025,SALUD & PHARMA,Unbelievably long lasting,Old Spice de Procter & Gamble España,Burns The Agency (España),Productos para el cuidado personal la salud y el bienestar,España,Shortlist
El Ojo de Iberoamerica,2025,SALUD & PHARMA,Drygiene project,Opella de Opella Mexico,MRM Mexico / McCann Worldgroup Mexico,Campañas de concientizacion de marcas de la Industria de la Salud,Mexico,Shortlist
El Ojo de Iberoamerica,2025,SALUD & PHARMA,En el momento de la verdad,OSDE de OSDE,Zurda Agency (Argentina),Campañas y acciones de instituciones de salud,Argentina,Shortlist
El Ojo de Iberoamerica,2025,SALUD & PHARMA,Good shit,PETA de PETA Global,SAMY España,Campañas de concientizacion de marcas no relacionadas a la Salud,España,Shortlist
El Ojo de Iberoamerica,2025,SALUD & PHARMA,The world’s largest lost & found,Pfizer de Pfizer Estados Unidos,Publicis Health (Estados Unidos),Campañas y acciones de concientizacion sobre enfermedades,Estados Unidos,Shortlist
El Ojo de Iberoamerica,2025,SALUD & PHARMA,Freetestyler,Por un Peru sin cancer de Por Un Peru Sin Cancer,VML Peru,Educacion y concientizacion de marcas de Bien Publico,Peru,Shortlist
El Ojo de Iberoamerica,2025,SALUD & PHARMA,The mind guardian,Samsung de Samsung España,Cheil España,Uso de la tecnologia y soluciones tecnologicas,España,Shortlist
El Ojo de Iberoamerica,2025,SALUD & PHARMA,The mind guardian,Samsung de Samsung España,Cheil España,Campañas de concientizacion de marcas no relacionadas a la Salud,España,Shortlist
El Ojo de Iberoamerica,2025,SALUD & PHARMA,18 months,Second Nurture de Second Nurture,Klick Health Brasil,Educacion y concientizacion de marcas de Bien Publico,Estados Unidos,Shortlist
El Ojo de Iberoamerica,2025,SALUD & PHARMA,Limpa placas,Sensodyne de Haleon Brasil,Publicis Leon (Brasil),Productos para el cuidado personal la salud y el bienestar,Brasil,Shortlist
El Ojo de Iberoamerica,2025,SALUD & PHARMA,Primer tratamiento oral,Servier de Daflon España,TBS (España),Medicamentos de venta libre,España,Shortlist
El Ojo de Iberoamerica,2025,SALUD & PHARMA,Agencia,SP por Todas de Governo do Estado de São Paulo,DPZ (Brasil),Uso de la tecnologia y soluciones tecnologicas,Brasil,Shortlist
El Ojo de Iberoamerica,2025,SALUD & PHARMA,Sex socks,Today Condoms de Haleon Colombia,Digitas Colombia,Productos para el cuidado personal la salud y el bienestar,Colombia,Shortlist
El Ojo de Iberoamerica,2025,SALUD & PHARMA,Sex socks,Today Condoms de Haleon Colombia,Digitas Colombia,Campañas de concientizacion de marcas de la Industria de la Salud,Colombia,Shortlist
El Ojo de Iberoamerica,2025,SALUD & PHARMA,Sticky habits,Unicef de Unicef Colombia,Findasense Colombia,Educacion y concientizacion de marcas de Bien Publico,Colombia,Shortlist
El Ojo de Iberoamerica,2025,SALUD & PHARMA,La mancha invisible,Vanish de Reckitt,BETC HAVAS (Brasil),Campañas de concientizacion de marcas no relacionadas a la Salud,Brasil,Shortlist
El Ojo de Iberoamerica,2025,SALUD & PHARMA,Watch your balls,Veris de Veris,Delta MullenLowe (Ecuador),Campañas de concientizacion de marcas de la Industria de la Salud,Ecuador,Shortlist
El Ojo de Iberoamerica,2025,SALUD & PHARMA,Report this ad,Veris de Veris,Paradais DDB (Ecuador),Campañas y acciones de instituciones de salud,Ecuador,Shortlist
El Ojo de Iberoamerica,2025,SALUD & PHARMA,Relacion toxica,Vivo de Telefonica Brasil,Africa Creative (Brasil),Campañas de concientizacion de marcas no relacionadas a la Salud,Brasil,Shortlist
El Ojo de Iberoamerica,2025,SALUD & PHARMA,When you’re not here,Whirlpool de Whirlpool Mexico,VML Mexico,Campañas de concientizacion de marcas no relacionadas a la Salud,Mexico,Shortlist
El Ojo de Iberoamerica,2025,SUSTENTABLE,Cebadas,Ab Inbev de AB InBev Uruguay,WILD FI (Uruguay),Social & Salud,Uruguay,Shortlist
El Ojo de Iberoamerica,2025,SUSTENTABLE,La cena de los jubilados,Amnistia Internacional de Amnistia Internacional Argentina,Rapp Argentina,Social y salud,Argentina,Shortlist
El Ojo de Iberoamerica,2025,SUSTENTABLE,The shooting – Film,Diario La Union de Articulo 19,Grey Mexico,Marca local y mercado especifico,Mexico,Shortlist
El Ojo de Iberoamerica,2025,SUSTENTABLE,Black card,Athletico Paranaense de Clube Athletico Paranaense,Tif Comunicação (Brasil),Inclusion integracion y no discriminacion,Brasil,Shortlist
El Ojo de Iberoamerica,2025,SUSTENTABLE,Depressed bedrooms,Casaideas de Casaideas Peru,Boost Brand Accelerator (Peru),Social & Salud,Peru,Shortlist
El Ojo de Iberoamerica,2025,SUSTENTABLE,Depressed bedrooms,Casaideas de Casaideas Peru,Boost Brand Accelerator (Peru),Marca local y mercado especifico,Peru,Shortlist
El Ojo de Iberoamerica,2025,SUSTENTABLE,Escape room soledad,Fundacion La Caixa de Fundacion La Caixa,Manifiesto (España),Social y salud,España,Shortlist
El Ojo de Iberoamerica,2025,SUSTENTABLE,Mi primera carta,Gobierno de Pernambuco de Gobierno de Pernambuco,Propeg (Brasil),Social y salud,Brasil,Shortlist
El Ojo de Iberoamerica,2025,SUSTENTABLE,Nigrum corpus,IDOMEDInstituto Yduqs de IDOMED,Artplan (Brasil),Genero y diversidad,Brasil,Shortlist
El Ojo de Iberoamerica,2025,SUSTENTABLE,Preowned,IKEA de IKEA España,McCann España,Ambiente y sustentabilidad,España,Shortlist
El Ojo de Iberoamerica,2025,SUSTENTABLE,Back home,Imperial de FIFCO Costa Rica,Joystick FIFCO (Costa Rica),Ambiente y sustentabilidad,Costa Rica,Shortlist
El Ojo de Iberoamerica,2025,SUSTENTABLE,Habitaciones que no callan,Movimiento de Valientes Latinoamerica de Movimiento de Valientes Latinoamerica,Publicidad Comercial MullenLowe El Salvador / MullenLowe SSP3 Colombia,Marca local y mercado especifico,Colombia,Shortlist
El Ojo de Iberoamerica,2025,SUSTENTABLE,No women no car,Nissan de Nissan Mexicana,Edelman Mexico,Genero y diversidad,Mexico,Shortlist
El Ojo de Iberoamerica,2025,SUSTENTABLE,Me feat. Me,Nosotras de Essity Chile,DDB Chile,Genero y diversidad,Chile,Shortlist
El Ojo de Iberoamerica,2025,SUSTENTABLE,Small talks,Salud por derecho de Fundacion Salud por Derecho,McCann España,Ambiente y sustentabilidad,España,Shortlist
El Ojo de Iberoamerica,2025,SUSTENTABLE,No se si abortar o no,Sarape Ipas Latinoamerica y el Caribe (Ipas LAC) de Sarape Group / Ipas LAC,Sarape Group (Mexico),Social & Salud,Mexico,Shortlist
El Ojo de Iberoamerica,2025,SUSTENTABLE,Reforma de vida,Solv Construtora de Solv,CDR+ (Brasil),Inclusion integracion y no discriminacion,Brasil,Shortlist
El Ojo de Iberoamerica,2025,SUSTENTABLE,Reforma de vida,Solv Construtora de Solv,CDR+ (Brasil),Marca local y mercado especifico,Brasil,Shortlist
El Ojo de Iberoamerica,2025,SUSTENTABLE,El himno de Colombia interpretado por biodiversidad.,SURA de SURA,McCann Worldgroup Colombia,Ambiente y sustentabilidad,Colombia,Shortlist
El Ojo de Iberoamerica,2025,SUSTENTABLE,The rewards bag,TaTa de Grupo De Narvaez,VML Uruguay,Marca local y mercado especifico,Uruguay,Shortlist
El Ojo de Iberoamerica,2025,SUSTENTABLE,Sticky habits,Unicef de Unicef Colombia,Findasense Colombia,Social y salud,Colombia,Shortlist
El Ojo de Iberoamerica,2025,SUSTENTABLE,Report this ad,Veris de Veris,Paradais DDB (Ecuador),Social & Salud,Ecuador,Shortlist
El Ojo de Iberoamerica,2025,SUSTENTABLE,2 minutos 4 segundos,Villavicencio de Aguas de Origen,Digitas Buenos Aires (Argentina),Ambiente y sustentabilidad,Argentina,Shortlist
El Ojo de Iberoamerica,2025,SUSTENTABLE,Sugar Doggies,Voz Animal de Voz Animal,Potro Lima (Peru),Social y salud,Peru,Shortlist
El Ojo de Iberoamerica,2025,SUSTENTABLE,Sugar Doggies,Voz Animal de Voz Animal,Potro Lima (Peru),Marca local y mercado especifico,Peru,Shortlist
El Ojo de Iberoamerica,2025,SUSTENTABLE,Re-commerce Atacama,VtexDesierto Vestido de Vtex Brasil,Artplan (Brasil),Ambiente y sustentabilidad,Brasil,Shortlist
El Ojo de Iberoamerica,2025,SUSTENTABLE,Formacion diferente,Yape de Banco de Credito del Peru,121 Latam (Peru),Genero y diversidad,Peru,Shortlist