Festival,Year,Track,Title,Agency,Brand,Country,Award,Credits
El Ojo de Iberoamerica,2024,Film,The power of a fragrance,LOLA MullenLowe,Axe-Lynx,Espana,El GRAN OJO FILM,Prod Czarbe Otro Realizador-a Lionel Goldstein Prod Audio Sonido Senstudio Otro Postprod Czarbe Otro Pais Espana
El Ojo de Iberoamerica,2024,Film,The last barf bag,FCB Chicago,Dramamine,Estados Unidos,El GRAN OJO FILM,Prod Rakish Realizador-a Sunny Sixteen Prod Audio Sonido JSM Music Postprod 456 Studios Otras Empresas 360PR -The Shipyard -Extra Packaging -SPCFuel Pais Estados Unidos
El Ojo de Iberoamerica,2024,Film,Find Your Summer,LOLA MullenLowe,Magnum Ice Cream,Espana,ORO,Prod MJZ Realizador-a Juan Cabral Prod Audio Sonido Big Sync Postprod Glassworks Otras Empresas Mindshare Otro Pais Espana
El Ojo de Iberoamerica,2024,Film,La espera,1984,de Kraft Heinz Chile,Chile,BRONCE,Prod Fabula Realizador-a Santiago Correa Pais Chile
El Ojo de Iberoamerica,2024,Film,Stick to the original,LOLA MullenLowe,Magnum,Espana,BRONCE,Prod PROPPA - BACON Otro Realizador-a Martin Werner Prod Audio Sonido Big Sync Postprod BaconX Otro Pais Espana
El Ojo de Iberoamerica,2024,Film,The power of a fragrance,LOLA MullenLowe,Axe-Lynx,Espana,ORO,Prod Czarbe Otro Realizador-a Lionel Goldstein Prod Audio Sonido Senstudio Otro Postprod Czarbe Otro Pais Espana
El Ojo de Iberoamerica,2024,Film,Tulipan Teniendo sexo podemos reactivar la economia-,Zurda Agency,Tulipan,Argentina,PLATA,Prod Retina Postprod Retina Pais Argentina
El Ojo de Iberoamerica,2024,Film,The Autograph,LOLA MullenLowe,Persil,Espana,BRONCE,Prod Rebolucion Realizador-a Vellas Prod Audio Sonido Big Sync Music Postprod Rebolucion Pais Espana
El Ojo de Iberoamerica,2024,Film,Sucesion,DAVID Buenos Aires,HSBC,Argentina,ORO,Prod argentinacine Realizador-a Augusto Gimenez Zapiola- Ale Rey Prod Audio Sonido Bigotes Musica Postprod argentinacine Pais Argentina
El Ojo de Iberoamerica,2024,Film,Taste ID-,GUT Buenos Aires,e Globant Argentina,Estados Unidos,PLATA,Prod Rebolucion Realizador-a Luis Gerard Pais Estados Unidos
El Ojo de Iberoamerica,2024,Film,La Maquina del Tiempo,Publicis Impetu,Tienda Inglesa Uruguay,Uruguay,PLATA,Prod Olga Lee Realizador-a Oliver Lee Garland Prod Audio Sonido La Mayor Pais Uruguay
El Ojo de Iberoamerica,2024,Film,Lo que necesitamos nuevo,Revuelta - Mono Madrid,Wallapop,Espana,PLATA,Prod Garlic Films Realizador-a OCKHAM Prod Audio Sonido Chaco Music House -La Panaderia Postprod McNulty Pais Espana
El Ojo de Iberoamerica,2024,Film,Ajedrez - Pareja de CHINA parte,LLYC,de Sitges- Festival Internacional,Espana,BRONCE,Prod Lee Films Realizador-a Marc Ortiz Pais Espana
El Ojo de Iberoamerica,2024,Film,Fer-,anonimo,Save the Children Mexico,Mexico,ORO,Prod Catatonia Realizador-a Laura Baumeister Prod Audio Sonido Audios Estudio Shalala -Warner Chappell Music Argentina Postprod Catatonia -Fantastic Post Pais Mexico
El Ojo de Iberoamerica,2024,Film,Generado por la maquina,DAVID Buenos Aires,MACMA,Argentina,BRONCE,Prod Poster Realizador-a Dana Campanello Prod Audio Sonido Papa Music Pais Argentina
El Ojo de Iberoamerica,2024,Film,Huracan,Grey Mexico,Reinserta,Mexico,BRONCE,Prod Oriental Films Realizador-a Garra Prod Audio Sonido Papa Music -Papa Music Postprod Warriors VFX Pais Mexico
El Ojo de Iberoamerica,2024,Film,La espera,1984,Kraft Heinz Chile,Chile,ORO,Prod Fabula Realizador-a Santiago Correa Pais Chile
El Ojo de Iberoamerica,2024,Film,Tulipan Teniendo sexo podemos reactivar la economia,Zurda Agency,Tulipan,Argentina,PLATA,Prod Retina Postprod Retina Pais Argentina
El Ojo de Iberoamerica,2024,Film,Gatorade vs agua,Springtime,Gatorade,Brasil,BRONCE,Prod Primo Realizador-a Nicolas Perez Veiga Prod Audio Sonido Porta Estudio Pais Brasil
El Ojo de Iberoamerica,2024,Film,The power of a fragrance,LOLA MullenLowe,Axe-Lynx,Espana,ORO,Prod Czarbe Otro Realizador-a Lionel Goldstein Prod Audio Sonido Senstudio Otro Postprod Czarbe Otro Pais Espana
El Ojo de Iberoamerica,2024,Film,Find Your Summer,LOLA MullenLowe,Magnum Ice Cream,Espana,PLATA,Prod MJZ Realizador-a Juan Cabral Prod Audio Sonido Big Sync Postprod Glassworks Otras Empresas Mindshare Otro Pais Espana
El Ojo de Iberoamerica,2024,Film,Tulipan Teniendo sexo podemos reactivar la economia,Zurda Agency,Tulipan,Argentina,PLATA,Prod Retina Postprod Retina Pais Argentina
El Ojo de Iberoamerica,2024,Film,Pasado perfecto,Mercado McCann,Schneider,Argentina,BRONCE,Prod Poster Realizador-a Sebastian Caporelli Prod Audio Sonido Porta Estudio Postprod Poster -Poster Otras Empresas Pimba VFX Pais Argentina
El Ojo de Iberoamerica,2024,Film,Explore Uranus,Officer Gentleman,Easytoys,Espana,BRONCE,Prod Jakiens Postprod La Cueva Pais Espana
El Ojo de Iberoamerica,2024,Film,Fer,anonimo,de Save the Children Mexico,Mexico,PLATA,Prod Catatonia Realizador-a Laura Baumeister Prod Audio Sonido Audios Estudio Shalala -Warner Chappell Music Argentina Postprod Catatonia -Fantastic Post Pais Mexico
El Ojo de Iberoamerica,2024,Film,The Autograph,LOLA MullenLowe,Persil,Espana,BRONCE,Prod Rebolucion Realizador-a Vellas Prod Audio Sonido Big Sync Music Postprod Rebolucion Pais Espana
El Ojo de Iberoamerica,2024,Film,NotCow,The Juju One Single Office ARG MEX,NotCo Latam,Argentina,BRONCE,Prod Malasana - Estudio Lanza Realizador-a Jorge Malpica- Andres Gatti- Javier Reboursin Prod Audio Sonido Perro Lobo -Perro Lobo Postprod Estudio Lanza Pais Argentina
El Ojo de Iberoamerica,2024,Film,Tulipan Teniendo sexo podemos reactivar la economia,Zurda Agency,Tulipan,Argentina,ORO,Prod Retina Postprod Retina Otras Empresas Pais Argentina
El Ojo de Iberoamerica,2024,Film,La primera ultima cita,MullenLowe SSP3 Mexico,Centro Mexicano Alzhaimer,Mexico,BRONCE,Prod Rebolucion Realizador-a Chelo De Los Santos- Boki Gonzalez Pais Mexico
El Ojo de Iberoamerica,2024,Film,The last barf bag,FCB Chicago,Dramamine,Estados Unidos,ORO,Prod Rakish Realizador-a Sunny Sixteen Prod Audio Sonido JSM Music Postprod 456 Studios Otras Empresas 360PR -The Shipyard -Extra Packaging -SPCFuel Pais Estados Unidos
El Ojo de Iberoamerica,2024,Film,Hotel La Argentina,Mercado McCann,TyC Sports,Argentina,ORO,Prod Virgen Films Realizador-a Martin de Escalada Prod Audio Sonido Virgen Films Postprod Virgen Films -Virgen Films Otras Empresas Supercharango Pais Argentina
El Ojo de Iberoamerica,2024,Film,This is not a game,VML Mexico,Movistar Mexico,Mexico,PLATA,Prod Landia Realizador-a Lucas Shannon Prod Audio Sonido BDS Postprod Landia Pais Mexico
El Ojo de Iberoamerica,2024,Film,La historia no contada de los ninos que dan voz a una generacion-,Casanova McCann - McCann Detroit,US Bank,Estados Unidos,BRONCE,Prod 9A Films Realizador-a Rudy Valdez Prod Audio Sonido DeAndre James Otras Empresas Weber Shandwick Estados Unidos Pais Estados Unidos
El Ojo de Iberoamerica,2024,Film,This is not a game-,VML Mexico,Movistar Mexico,Mexico,ORO,Prod Landia Realizador-a Lucas Shannon Prod Audio Sonido BDS Postprod Landia Pais Mexico
El Ojo de Iberoamerica,2024,Film,La Cura,Africa Creative,Editora Taverna,Brasil,BRONCE,Editora Taverna Prod Santeria Realizador-a Rafa Damy- Nicoly Cruvinel Prod Audio Sonido Cabaret Postprod 3t Pais Brasil
El Ojo de Iberoamerica,2024,Film,Late-,Alma DDB,Memorial Sloan Kettering Cancer Center,Estados Unidos,BRONCE,Prod Central Films Realizador-a Rodrigo Garcia Sainz Pais Estados Unidos
El Ojo de Iberoamerica,2024,Film,Tulipan Teniendo sexo podemos reactivar la economia,Zurda Agency,Tulipan,Argentina,ORO,Prod Retina Postprod Retina Pais Argentina
El Ojo de Iberoamerica,2024,Film,Tormenta,Almap BBDO,O Boticario,Brasil,BRONCE,Prod MyMama Entertainment Realizador-a Kid Burro Prod Audio Sonido Satelite Audio Postprod Nash Pais Brasil
El Ojo de Iberoamerica,2024,Film,Tulipan Teniendo sexo podemos reactivar la economia,Zurda Agency,Tulipan,Argentina,ORO,Prod Retina Postprod Retina Pais Argentina
El Ojo de Iberoamerica,2024,Film,Fer,anonimo,Save the Children Mexico,Mexico,PLATA,Prod Catatonia Realizador-a Laura Baumeister Prod Audio Sonido Audios Estudio Shalala -Warner Chappell Music Argentina Postprod Catatonia -Fantastic Post Pais Mexico
El Ojo de Iberoamerica,2024,Film,Ultimo Viaje,Grey Mexico,Articulo 19,Mexico,PLATA,Prod Oriental Films Realizador-a Yupi Segura- Marindia Prod Audio Sonido Paola Decanini -Azotea Post Postprod Carlos Cepeda Pais Mexico
El Ojo de Iberoamerica,2024,Film,El Veredicto,Kids,DACSA,Espana,BRONCE,Prod Jakiens Realizador-a Marco Huertas Pais Espana
El Ojo de Iberoamerica,2024,Film,13 Cielos Hero,WiedenKennedy Mexico,Victoria,Mexico,BRONCE,Prod The Maestros Realizador-a Giuliana Tommasi- Rodrigo Valdes Prod Audio Sonido Yamil Misael Gomez -Javier Umpierrez Postprod The Maestros -Mathematic Studio -Club Color -Diego Flores Pais Mexico
El Ojo de Iberoamerica,2024,Grafica,Find Your Summer,LOLA MullenLowe,Magnum Ice Cream,Espana,EL GRAN OJO GRAFICA,Prod MJZ Realizador Juan Cabral Prod AudioSonido Big Sync Post Prod Glassworks Otras Empresas Mindshare Pais Espana
El Ojo de Iberoamerica,2024,Grafica,Find Your Summer,LOLA MullenLowe,Magnum Ice Cream,Espana,ORO,Prod MJZ Realizador Juan Cabral Prod AudioSonido Big Sync Post Prod Glassworks Otras Empresas Mindshare Pais Espana
El Ojo de Iberoamerica,2024,Grafica,Thanks for Coke-Creating,VML Mexico - VML Brasil,Coca-Cola,Mexico,ORO,Prod Mango Films - Sugarcane Filmes - Baliprod - Glitch Productions - NetoShookan Productions Realizador Erik Tapia Otras Empresas Raw Audio -VML Brasil -Sugarcane Filmes -Ogilvy -EssenceMediacom Pais Mexico
El Ojo de Iberoamerica,2024,Grafica,Patrocinio sudado,Isla,Gatorade,Colombia,PLATA,Prod Aleta Media Realizador Matias Ferrari Pais Colombia
El Ojo de Iberoamerica,2024,Grafica,Lanches RL Thanks for Coke-Creating,VML Mexico - VML Brasil,Coca-Cola,Mexico,BRONCE,Prod Mango Films - Sugarcane Filmes - Baliprod - Glitch Productions - NetoShookan Productions Realizador Erik Tapia Otras Empresas Raw Audio -Ogilvy -EssenceMediacom Pais Mexico
El Ojo de Iberoamerica,2024,Grafica,Bombon y Confeti Thanks for Coke-Creating,VML Mexico - VML Brasil,Coca-Cola,Mexico,BRONCE,Prod Mango Films - Sugarcane Filmes - Baliprod - Glitch Productions - NetoShookan Productions Realizador Erik Tapia Otras Empresas Raw Audio -Ogilvy -EssenceMediacom Pais Mexico
El Ojo de Iberoamerica,2024,Grafica,Braided history,DDB Latina Puerto Rico,Mizani,Puerto Rico,PLATA,Prod DDB Latina Puerto Rico Pais Puerto Rico
El Ojo de Iberoamerica,2024,Grafica,Guess Who Won,LOLA MullenLowe,Persil,Espana,PLATA,Otras Empresas Mindshare Pais Espana
El Ojo de Iberoamerica,2024,Grafica,Made from recycled materials,BBDO Chile - BBDO Ecuador,Volkswagen,Ecuador,PLATA,Prod Wolf Credo Realizador Ale Burset Prod AudioSonido Post Prod Longest Line Pais Ecuador
El Ojo de Iberoamerica,2024,Grafica,El peligro creciente,Anita y Vega,Volvo,Argentina,BRONCE,Prod Mama Hungara Realizador Martin Sigal Pais Argentina
El Ojo de Iberoamerica,2024,Grafica,Voice actors,Propeg,de ACBEU,Brasil,PLATA,Prod Activity Pais Brasil
El Ojo de Iberoamerica,2024,Grafica,Invitados Inesperados,TBWAPeru,BCP,Peru,PLATA,Prod Naca Producciones Pais Peru
El Ojo de Iberoamerica,2024,Grafica,Main character,BBDO Chile,de Claro,Chile,BRONCE,Prod Custom Image Pais Chile
El Ojo de Iberoamerica,2024,Grafica,Mind changing prices,Fahrenheit DDB,Plaza Vea,Peru,PLATA,Prod Senor Z Pais Peru
El Ojo de Iberoamerica,2024,Grafica,Hearink Stories,Ogilvy Guatemala Guatemala,Penguin Random House Audiobooks,Guatemala,PLATA,Prod ZITIO Guatemala Realizador Ernesto Abrego Prod AudioSonido Felipe Santana Guatemala-Grupo Rec Latam Guatemala Post Prod ZITIO Guatemala Pais Guatemala
El Ojo de Iberoamerica,2024,Grafica,Bk open laters,Garabato MullenLowe,Burger King Paraguay,Paraguay,BRONCE,Prod Garabato MullenLowe Realizador LA FILIAL Pais Paraguay
El Ojo de Iberoamerica,2024,Grafica,Las 2 Caras,BBDO Mexico,Alexia Ortiz,Mexico,PLATA,Prod Rebolucion Realizador Monster Duo Prod AudioSonido Machete Musica Pais Mexico
El Ojo de Iberoamerica,2024,Grafica,Paramount NS NOW,Publicis Impetu,de Nuevo Siglo,Uruguay,BRONCE,
El Ojo de Iberoamerica,2024,Grafica,Wrong Candidates,Alma DDB,de Change the Ref,Estados Unidos,ORO,
El Ojo de Iberoamerica,2024,Grafica,Second,Republica Havas,de Asociacion Lucha contra el Mal,Argentina,ORO,Realizador Lucila Blumencweig Post Prod Diego Chilliano Pais Argentina
El Ojo de Iberoamerica,2024,Grafica,Generado por la maquina,DAVID Buenos Aires,de MACMA,Argentina,PLATA,Prod Poster Realizador Dana Campanello Prod AudioSonido Papa Music Pais Argentina
El Ojo de Iberoamerica,2024,Grafica,25,Havas Peru - Republica Havas,Amnistia Internacional Peru,Peru,BRONCE,
El Ojo de Iberoamerica,2024,Grafica,Trip my Pic,DDB Espana,de Halcon Viajes,Espana,ORO,Prod Crowddigital Pais Espana
El Ojo de Iberoamerica,2024,Grafica,Reprinting Nica,Havas Costa Rica - BETC HAVAS,La Prensa Nicaragua,Nicaragua,PLATA,Prod Fulfierros Prod AudioSonido Punch Audio Pais Nicaragua
El Ojo de Iberoamerica,2024,Grafica,Over 30,Lew LaraTBWA,de Billboard Brasil,Brasil,PLATA,Prod Santeria Otras Empresas Mynd8 Pais Brasil
El Ojo de Iberoamerica,2024,Grafica,Spotibye,Amen McCann,Oceano FM,Uruguay,BRONCE,Prod Eadweard Realizador Andrea Amato Pais Uruguay
El Ojo de Iberoamerica,2024,Grafica,iBlor,Republica Havas,Asociacion Lucha contra el Mal,Argentina,BRONCE,Prod Virgen Films - Twins Music Realizador Hernan Jauregui- Jeronimo Gonzalez Montalvo- Tom Huergo- Max Scott Prod AudioSonido Twins Music Post Prod Pablo Cantorati -Roy Bermudez -Santiago Burgos -Cecilia Cesari Santiento Pais Argentina
El Ojo de Iberoamerica,2024,Grafica,Braided history,DDB Latina Puerto Rico,Mizani,Puerto Rico,PLATA,Prod DDB Latina Puerto Rico Pais Puerto Rico
El Ojo de Iberoamerica,2024,Grafica,Over 30,Lew LaraTBWA,de Billboard Brasil,Brasil,PLATA,Prod Santeria Otras Empresas Mynd8 Pais Brasil
El Ojo de Iberoamerica,2024,Grafica,Drawn To Equality,Dentsu Creative Iberia,de VISA Portugal,Portugal,BRONCE,
El Ojo de Iberoamerica,2024,Grafica,VW X4,Ogilvy Bolivia,Volkswagen,Bolivia,BRONCE,
El Ojo de Iberoamerica,2024,Grafica,Sun Stats,Punto 99,KFC Ecuador,Ecuador,BRONCE,Prod Ricardo Salamanca Pais Ecuador
El Ojo de Iberoamerica,2024,Grafica,Wrong Candidates,Alma DDB,Change the Ref,Estados Unidos,ORO,
El Ojo de Iberoamerica,2024,Grafica,Wrong Candidates,Alma DDB,Change the Ref,Estados Unidos,PLATA,
El Ojo de Iberoamerica,2024,Grafica,Braided history,DDB Latina Puerto Rico,Mizani,Puerto Rico,PLATA,Prod DDB Latina Puerto Rico Pais Puerto Rico
El Ojo de Iberoamerica,2024,Grafica,Bk open laters,Garabato MullenLowe,Burger King Paraguay,Paraguay,BRONCE,Prod Garabato MullenLowe Realizador LA FILIAL Pais Paraguay
El Ojo de Iberoamerica,2024,Grafica,Reprinting Nica,Havas Costa Rica - BETC HAVAS,de La Prensa Nicaragua,Nicaragua,BRONCE,Prod Fulfierros Prod AudioSonido Punch Audio Pais Nicaragua
El Ojo de Iberoamerica,2024,Grafica,Find Your Summer,LOLA MullenLowe,Magnum Ice Cream,Espana,El GRAN OJO PRODUCCION GRAFICA,Prod MJZ Realizador Juan Cabral Prod AudioSonido Big Sync Post Prod Glassworks Otras Empresas Mindshare Pais Espana
El Ojo de Iberoamerica,2024,Grafica,Medalla Drinkers Know,DDB Latina Puerto Rico,Medalla Light,Puerto Rico,PLATA,Prod DDB Latina Puerto Rico Realizador Peter Peralta- Luis Romero Pais Puerto Rico
El Ojo de Iberoamerica,2024,Grafica,Braided history,DDB Latina Puerto Rico,Mizani,Puerto Rico,PLATA,Prod DDB Latina Puerto Rico Pais Puerto Rico
El Ojo de Iberoamerica,2024,Grafica,The Billboard you shouldn t be able to read but you can,McCann San Jose,Gollo Motors,Costa Rica,BRONCE,Prod Fulfierros Realizador Huelander Escalante Pais Costa Rica
El Ojo de Iberoamerica,2024,Grafica,Ano de Campagnola,Vendaval - di Paola Latina Argentina,LA CAMPAGNOLA,Argentina,BRONCE,Prod Huinca Cine Realizador Hernan Bargman- Alan Badan Prod AudioSonido Cinestesia -Supercharango Post Prod Cristian Martino -Control Z -Roy Bermudez Pais Argentina
El Ojo de Iberoamerica,2024,Grafica,Luces negras,Almap BBDO,Bradesco Seguros - Empregue Afro - GOMA - Museu Afro-UFBA,Brasil,ORO,Prod Almap BBDO Prod AudioSonido Raw Audio Post Prod Otras Empresas Dialeto Studio Pais Brasil
El Ojo de Iberoamerica,2024,Grafica,Las 2 Caras,BBDO Mexico,de Alexia Ortiz,Mexico,ORO,Prod Rebolucion Realizador Monster Duo Prod AudioSonido Machete Musica Pais Mexico
El Ojo de Iberoamerica,2024,Grafica,Braided history,DDB Latina Puerto Rico,Mizani,Puerto Rico,PLATA,Prod DDB Latina Puerto Rico Pais Puerto Rico
El Ojo de Iberoamerica,2024,Grafica,Hearink Stories,Ogilvy Guatemala Guatemala,Penguin Random House Audiobooks,Guatemala,PLATA,Prod ZITIO Guatemala Realizador Ernesto Abrego Prod AudioSonido Felipe Santana Guatemala-Grupo Rec Latam Guatemala Post Prod ZITIO Guatemala Pais Guatemala
El Ojo de Iberoamerica,2024,Grafica,Second,Republica Havas,de Asociacion Lucha contra el Mal,Argentina,PLATA,Realizador Lucila Blumencweig Prod AudioSonido Post Prod Diego Chilliano Pais Argentina
El Ojo de Iberoamerica,2024,Grafica,La infancia siempre pierde la guerra,Groenlandia by Havas,de Unicef Chile,Chile,BRONCE,Prod Semilla Estudio Pais Chile
El Ojo de Iberoamerica,2024,Grafica,Disastrous washes,McCann Ecuador,Ciclon,Ecuador,BRONCE,Prod Alicia Studio - Grabbit Films Realizador Diego Aguilar Post Prod Grabbit Films -Alicia Studio Pais Ecuador
El Ojo de Iberoamerica,2024,Grafica,Find Your Summer,LOLA MullenLowe,Magnum Ice Cream,Espana,ORO,Prod MJZ Realizador Juan Cabral Prod AudioSonido Big Sync Post Prod Glassworks Otras Empresas Mindshare Pais Espana
El Ojo de Iberoamerica,2024,Grafica,Second,Republica Havas,de Asociacion Lucha contra el Mal,Argentina,PLATA,Realizador Lucila Blumencweig Prod AudioSonido Post Prod Diego Chilliano Pais Argentina
El Ojo de Iberoamerica,2024,Grafica,Families,Grey Mexico,de Save the Children Mexico,Mexico,BRONCE,Prod Whisky Films Realizador RAM Martinez Pais Mexico
El Ojo de Iberoamerica,2024,Grafica,Disastrous washes,McCann Ecuador,Ciclon,Ecuador,BRONCE,Prod Alicia Studio - Grabbit Films Realizador Diego Aguilar Post Prod Grabbit Films -Alicia Studio Pais Ecuador
El Ojo de Iberoamerica,2024,Grafica,Saber ver lo que otros no ven,McCann Worldgroup Espana,de Bestinver,Espana,BRONCE,Prod Landia - CRAFT Realizador HADI Prod AudioSonido CRAFT Post Prod CRAFT -CRAFT Pais Espana
El Ojo de Iberoamerica,2024,Grafica,Inolvidables,Darwin Verne,de Paradores,Espana,PLATA,Prod Visual Noise Realizador Visual Noise Prod Pais Espana
El Ojo de Iberoamerica,2024,Grafica,Amor en Amorfinos,Paradais DDB,Xtrim,Ecuador,BRONCE,
El Ojo de Iberoamerica,2024,Radio Audio,UninterruptAds,Africa Creative,Cerveza Budweiser,Brasil,EL GRAN OJO RADIO AUDIO,Prod Modo Integrado - La Carretera Films Prod AudioSonido Mugshot Otras Empresas Sante Music Agency Pais Brasil
El Ojo de Iberoamerica,2024,Radio Audio,Canciones no originales,From,de Hyundai Uruguay,Uruguay,PLATA,Prod AudioSonido Absolut Pais Uruguay
El Ojo de Iberoamerica,2024,Radio Audio,El desafio del locutor,TombrasNina,Parque,Argentina,BRONCE,
El Ojo de Iberoamerica,2024,Radio Audio,Don t Mess with a Princess,Africa Creative,Vivo,Brasil,BRONCE,Realizador Rodrigo Ferrari Prod AudioSonido Canja Otras Empresas WebCore -WOW Gaming Ventures - Pixel Hunters Fortnite - Rogue Unit Roblox Pais Brasil
El Ojo de Iberoamerica,2024,Radio Audio,Menciones por error,From,Hisense,Uruguay,BRONCE,
El Ojo de Iberoamerica,2024,Radio Audio,Grandes lectores,Dentsu Creative Iberia,Feria del Libro,Espana,PLATA,Prod AudioSonido Jaracanda Pais Espana
El Ojo de Iberoamerica,2024,Radio Audio,Sing the news,BeautifulBeast,Fundacion Cardiologica Argentina,Argentina,BRONCE,Prod Papa Music - Fabrica de Canciones Realizador Damian Minckas Prod AudioSonido Deaf Mule -Fabrica de Canciones Pais Argentina
El Ojo de Iberoamerica,2024,Radio Audio,UninterruptAds,Africa Creative,Budweiser,Brasil,ORO,Prod Modo Integrado - La Carretera Films Prod AudioSonido Mugshot Otras Empresas Sante Music Agency Pais Brasil
El Ojo de Iberoamerica,2024,Radio Audio,Rock DNA,Almap BBDO,Billboard Brasil,Brasil,ORO,Prod Acaca Prod AudioSonido Punch Audio Otras Empresas Giusti Creative PR -Mynd Pais Brasil
El Ojo de Iberoamerica,2024,Radio Audio,Call If you can,Paradais DDB,Paradox,Ecuador,ORO,
El Ojo de Iberoamerica,2024,Radio Audio,855-How-To-Quit,Serviceplan Alemania - Tulom PR,Anzen Health,Estados Unidos,PLATA,Prod JOJX Realizador Oliver Wurffell Prod AudioSonido DaHouse -DaHouse Post Prod Arcade Edit Otras Empresas Tulom PR -Raw Materials -Mediaplus Group Pais Estados Unidos
El Ojo de Iberoamerica,2024,Radio Audio,Cambia el numero,anonimo,de Opinion 51,Mexico,BRONCE,Prod Malasana Realizador Alejandro Barbabosa Prod AudioSonido Silence Track Post Prod Homemade -Urbano Pais Mexico
El Ojo de Iberoamerica,2024,Radio Audio,Lo Fried Beats,Punto 99,de KFC Ecuador,Ecuador,BRONCE,Prod Joel Cristopher Realizador Joel Cristopher Pais Ecuador
El Ojo de Iberoamerica,2024,Radio Audio,Sharenting- el musical,VML Argentina,de Movistar Argentina,Argentina,ORO,Prod Oruga Cine Prod AudioSonido Bamba Music Pais Argentina
El Ojo de Iberoamerica,2024,Radio Audio,Canciones no originales,From,de Hyundai Uruguay,Uruguay,PLATA,Prod AudioSonido Absolut Pais Uruguay
El Ojo de Iberoamerica,2024,Radio Audio,Bailes para bailar,VML Uruguay,de Danubio Futbol Club,Uruguay,PLATA,Prod Cholo Films Pais Uruguay
El Ojo de Iberoamerica,2024,Radio Audio,Menciones por error,From,Hisense,Uruguay,BRONCE,
El Ojo de Iberoamerica,2024,Radio Audio,Voces sin voz,Notable,Ernex,Uruguay,BRONCE,Prod La Mayor Realizador Federico Moreira Prod AudioSonido La Mayor Pais Uruguay
El Ojo de Iberoamerica,2024,Via Publica,Thanks for Coke-Creating,VML Mexico - VML Brasil,Coca-Cola Mexico - Coca-Cola Brasil,Mexico,GRAN OJO VIA PUBLICA,Prod Mango Films -Sugarcane Filmes - Baliprod Otro- Glitch Productions Otro- NetoShookan Productions Otro Realizador-a Erik Tapia Otras Empresas Raw Audio -Sugarcane Filmes -Ogilvy Otro-EssenceMediacom Pais Mexico
El Ojo de Iberoamerica,2024,Via Publica,Find Your Summer,LOLA MullenLowe,Magnum Ice Cream,Espana,ORO,Prod MJZ Realizador-a Juan Cabral Prod Audio Sonido Big Sync Postprod Glassworks Otras Empresas Mindshare Otro Pais Espana
El Ojo de Iberoamerica,2024,Via Publica,Thanks for Coke-Creating,VML Mexico - VML Brasil,Coca-Cola Mexico - Coca-Cola Brasil,Mexico,ORO,Prod Mango Films -Sugarcane Filmes - Baliprod Otro- Glitch Productions Otro- NetoShookan Productions Otro Realizador-a Erik Tapia Otras Empresas Raw Audio -Sugarcane Filmes -Ogilvy Otro-EssenceMediacom Pais Mexico
El Ojo de Iberoamerica,2024,Via Publica,La espera,1984,Kraft Heinz Chile,Chile,BRONCE,Prod Fabula Realizador-a Santiago Correa Pais Chile
El Ojo de Iberoamerica,2024,Via Publica,Medalla Drinkers Know,DDB Latina Puerto Rico,Medalla Light,Puerto Rico,BRONCE,Prod DDB Latina Puerto Rico Realizador-a Peter Peralta- Luis Romero Pais Puerto Rico
El Ojo de Iberoamerica,2024,Via Publica,Bombon y Confeti Thanks for Coke-Creating,VML Mexico - VML Brasil,Coca-Cola,Mexico,BRONCE,Prod Mango Films - Sugarcane Filmes Realizador-a Erik Tapia Otras Empresas Raw Audio -Ogilvy Otro-EssenceMediacom Pais Mexico
El Ojo de Iberoamerica,2024,Via Publica,Brahma Phone,Africa Creative,Brahma,Brasil,PLATA,Prod Kaus Film Realizador-a Los Pibes Prod Audio Sonido Satelite Audio Postprod Guava Post Otras Empresas Monkey Producoes -Thinkers Studios -DraftLine Integrada -TKCV -Oba Print -Dona Antonia Pais Brasil
El Ojo de Iberoamerica,2024,Via Publica,Guess Who Won,LOLA MullenLowe,Persil,Espana,PLATA,Otras Empresas Mindshare Otro Pais Espana
El Ojo de Iberoamerica,2024,Via Publica,The Billboard you shouldn t be able to read but you can,McCann San Jose,Gollo Motors,Costa Rica,BRONCE,Prod Fulfierros Realizador-a Huelander Escalante Pais Costa Rica
El Ojo de Iberoamerica,2024,Via Publica,Faces of the future,VML Argentina,Rexona,Argentina,BRONCE,Prod Audio Sonido Swing Musica Pais Argentina
El Ojo de Iberoamerica,2024,Via Publica,El atraco del crucero,404 Sao Paulo -GALERIAag,Netflix Brasil,Brasil,PLATA,Prod Platinum - CEGO Otras Empresas MediaMonkes Pais Brasil
El Ojo de Iberoamerica,2024,Via Publica,Mind changing prices,Fahrenheit DDB,Plaza Vea,Peru,PLATA,Prod Senor Z Pais Peru
El Ojo de Iberoamerica,2024,Via Publica,Atacama Fashion Week,Artplan,Desierto Vestido,Brasil,ORO,Prod Sugarcane Filmes Realizador-a Igor Selingarde Prod Audio Sonido Raw Audio Pais Brasil
El Ojo de Iberoamerica,2024,Via Publica,Second,Republica Havas,Asociacion Lucha contra el Mal,Argentina,ORO,Realizador-a Lucila Blumencweig Postprod Diego Chilliano Pais Argentina
El Ojo de Iberoamerica,2024,Via Publica,Wrong Candidates,Alma DDB,Change the Ref,Estados Unidos,BRONCE,
El Ojo de Iberoamerica,2024,Via Publica,Sightwalks Veredas que guian,Circus Grey Peru,Cemento Sol,Peru,ORO,Prod Rebeca Producciones - Canica Films - Punto Aparte Realizador-a Mario Angulo- Alvaro Luque- Mario Bertocchi- Alonso Gutierrez Prod Audio Sonido Agosto Music Postprod Nativo Post Otras Empresas APOYO Comunicacion -Llorente y Cuenca -DINAMO Pais Peru
El Ojo de Iberoamerica,2024,Via Publica,The cushioning route,Boost Brand Accelerator,Nike Peru,Peru,PLATA,Prod SHIWA - Mantarraya Realizador-a Sebastian Castro- Alessandro Mosca- Miguel Villalobos Prod Audio Sonido Barba Roja Audio -Aejandro Castaneda Postprod SHIWA Pais Peru
El Ojo de Iberoamerica,2024,Via Publica,Car parts for Life,De la Cruz- Ogilvy,Fundacion Stefano - Empresas Fonalledas,Puerto Rico,PLATA,
El Ojo de Iberoamerica,2024,Via Publica,Comida para Gusanos,VML Chile,Ministerio De Salud,Chile,PLATA,Prod Oriental Films Postprod Atomica Otras Empresas Clear Channel Pais Chile
El Ojo de Iberoamerica,2024,Via Publica,Tiny Billboards,Ogilvy Guatemala,Shell Guatemala,Guatemala,BRONCE,Prod Badalamenti Films - Alicante Films Realizador-a Pepe Badalamenti Pais Guatemala
El Ojo de Iberoamerica,2024,Via Publica,Imagine with Petacos,DDB Colombia - Buentipo Anchor,Bavaria,Colombia,ORO,Prod Primo Realizador-a Gina Medina Prod Audio Sonido Diego Caceres Pais Colombia
El Ojo de Iberoamerica,2024,Via Publica,El Fing Carro,Monks,Netflix Argentina,Argentina,ORO,Prod Corinthian Pais Argentina
El Ojo de Iberoamerica,2024,Via Publica,Nobody should die at XMAS,DoubleYou,Open Arms,Espana,BRONCE,Prod Blua Realizador-a Iker Iturria Prod Audio Sonido lastcrit Postprod Blua -Moonlight Otras Empresas Engine Agency Pais Espana
El Ojo de Iberoamerica,2024,Via Publica,Braided history,DDB Latina Puerto Rico,Mizani,Puerto Rico,PLATA,Prod DDB Latina Puerto Rico Pais Puerto Rico
El Ojo de Iberoamerica,2024,Via Publica,Find Your Summer,LOLA MullenLowe,Magnum Ice Cream,Espana,ORO,Prod MJZ Realizador-a Juan Cabral Prod Audio Sonido Big Sync Postprod Glassworks Otras Empresas Mindshare Otro Pais Espana
El Ojo de Iberoamerica,2024,Via Publica,Unrepeatable Billboards,MullenLowe Delta,Guitig,Ecuador,BRONCE,Prod Ramona Films Realizador-a Amilcar Machado Otras Empresas Right Angle Media RAM Pais Ecuador
El Ojo de Iberoamerica,2024,Via Publica,Braided history,DDB Latina Puerto Rico,Mizani,Puerto Rico,PLATA,Prod DDB Latina Puerto Rico Pais Puerto Rico
El Ojo de Iberoamerica,2024,Via Publica,Amazon Desert Rally,Africa Creative,Vivo,Brasil,BRONCE,Prod Genco Realizador-a Andre Vidigal Prod Audio Sonido Satellite Audio Otras Empresas Monkey Producoes Pais Brasil
El Ojo de Iberoamerica,2024,Via Publica,Tienda Segura,BETC HAVAS,TIM Brasil,Brasil,BRONCE,Prod Merci Studios Prod Audio Sonido Sonido Postprod PX Studio Otras Empresas Mulheres Positivas Pais Brasil
El Ojo de Iberoamerica,2024,Via Publica,Alto de la avena,DDB Colombia,Alpina,Colombia,BRONCE,Prod Primo Realizador-a Gina Medina Prod Audio Sonido DC Producciones Otras Empresas TNC Colombia Pais Colombia
El Ojo de Iberoamerica,2024,Via Publica,Wrong Candidates,Alma DDB,Change the Ref,Estados Unidos,PLATA,
El Ojo de Iberoamerica,2024,Via Publica,Shining lights,Alma DDB,Sharp Dentistry,Estados Unidos,BRONCE,
El Ojo de Iberoamerica,2024,Via Publica,Ovac10n,Mercado McCann,YPF,Argentina,BRONCE,Prod Asterisco Labs Postprod Asterisco Labs -Asterisco Labs Pais Argentina
El Ojo de Iberoamerica,2024,Via Publica,Imagine with Petacos,DDB Colombia - Buentipo Anchor,Bavaria,Colombia,ORO,Prod Primo Realizador-a Gina Medina Prod Audio Sonido Diego Caceres Pais Colombia
El Ojo de Iberoamerica,2024,Via Publica,Braided history,DDB Latina Puerto Rico,Mizani,Puerto Rico,PLATA,Prod DDB Latina Puerto Rico Pais Puerto Rico
El Ojo de Iberoamerica,2024,Via Publica,El Fing Carro,Monks,Netflix Argentina,Argentina,PLATA,Prod Corinthian Pais Argentina
El Ojo de Iberoamerica,2024,Via Publica,Brahma Phone,Africa Creative,Brahma,Brasil,BRONCE,Prod Kaus Film Realizador-a Los Pibes Prod Audio Sonido Satelite Audio Postprod Guava Post Otras Empresas Monkey Producoes -Thinkers Studios -DraftLine Integrada -TKCV -Oba Print -Dona Antonia Pais Brasil
El Ojo de Iberoamerica,2024,Via Publica,Wrong Candidates,Alma DDB,Change the Ref,Estados Unidos,BRONCE,
El Ojo de Iberoamerica,2024,Via Publica,The cushioning route,Boost Brand Accelerator,Nike Peru,Peru,BRONCE,Prod SHIWA - Mantarraya Realizador-a Sebastian Castro- Alessandro Mosca- Miguel Villalobos Prod Audio Sonido Barba Roja Audio -Aejandro Castaneda Postprod SHIWA Pais Peru
El Ojo de Iberoamerica,2024,Via Publica,Medalla Drinkers Know,DDB Latina Puerto Rico,Medalla Light,Puerto Rico,BRONCE,Prod DDB Latina Puerto Rico Realizador-a Peter Peralta- Luis Romero Pais Puerto Rico
El Ojo de Iberoamerica,2024,Digital Social,VW 70 anos,Almap BBDO,Volkswagen Brasil,Brasil,GRAN OJO,Prod Boiler Filmes Realizador-a Dulcidio Caldeira Prod Audio Sonido Raw Audio Postprod Flow Effects -Acauan Pastore Otras Empresas Giusti Comunicacao Pais Brasil
El Ojo de Iberoamerica,2024,Digital Social,This is not a game,VML Mexico,Movistar Mexico,Mexico,ORO,Prod Landia Realizador-a Lucas Shannon Prod Audio Sonido BDS Postprod Landia Pais Mexico
El Ojo de Iberoamerica,2024,Digital Social,Tulipan Teniendo sexo podemos reactivar la economia,Zurda Agency,Tulipan,Argentina,BRONCE,Prod Retina Postprod Retina Pais Argentina
El Ojo de Iberoamerica,2024,Digital Social,Gamer Loan,Paradais DDB,Banco del Pacifico,Ecuador,ORO,Realizador-a Tito Duran Postprod Christopher Valdiviezo Pais Ecuador
El Ojo de Iberoamerica,2024,Digital Social,Gatorade match saver,Springtime,Gatorade,Argentina,PLATA,Prod Mama Hungara Realizador-a Fede Garcia Rico Prod Audio Sonido Papamusic -Porta Estudio Postprod MM Otras Empresas No Smoking Pais Argentina
El Ojo de Iberoamerica,2024,Digital Social,Don t Mess with a Princess,Africa Creative,Vivo,Brasil,BRONCE,Realizador-a Rodrigo Ferrari Prod Audio Sonido Canja Otras Empresas WebCore -WOW Gaming Ventures -Pixel Hunters Fortnite -Rogue Unit Roblox Pais Brasil
El Ojo de Iberoamerica,2024,Digital Social,UninterruptAds,Africa Creative,Budweiser,Brasil,ORO,Prod Modo Integrado - La Carretera Films Prod Audio Sonido Mugshot Otras Empresas Sante Music Agency Pais Brasil
El Ojo de Iberoamerica,2024,Digital Social,Gatorade match saver,Springtime,Gatorade,Argentina,PLATA,Prod Mama Hungara Realizador-a Fede Garcia Rico Prod Audio Sonido Papamusic -Porta Estudio Postprod MM Otras Empresas No Smoking Pais Argentina
El Ojo de Iberoamerica,2024,Digital Social,Fan profesional,Africa Creative,Budweiser,Brasil,BRONCE,Prod Modo Integrado Prod Audio Sonido Canja Audio Culture -Eduardo Karas-Filipe Resende-Levi Mynssen de Mello-Filipe Lopes-Levi Mynssen de Mello-Nando de Castro-Matheus Peres-Lari Storch-Ana Flor Bohrer-Flavia Medeiros-Igor Lobo-Mariana Aldrigue Pais Brasil
El Ojo de Iberoamerica,2024,Digital Social,Hauteam Couture,Africa Creative,Brahma,Brasil,BRONCE,Prod Monkey Producoes - Modo Integrado - Reconcavo Company Realizador-a Nixon Prod Audio Sonido Satelite Audio Postprod Guava Post Pais Brasil
El Ojo de Iberoamerica,2024,Digital Social,Rock DNA,Almap BBDO,Billboard Brasil,Brasil,BRONCE,Prod Acaca Prod Audio Sonido Punch Audio Otras Empresas Giusti Creative PR -Mynd Pais Brasil
El Ojo de Iberoamerica,2024,Digital Social,Reviews,Africa Creative,Kraft Heinz Brasil,Brasil,PLATA,Prod silviomedeirosnet Realizador-a Silvio Medeiros Prod Audio Sonido Punch Audio Otras Empresas Borderless Citizen Pais Brasil
El Ojo de Iberoamerica,2024,Digital Social,Brahma Phone,Africa Creative,Brahma,Brasil,BRONCE,Prod Kaus Film Realizador-a Los Pibes Prod Audio Sonido Satelite Audio Postprod Guava Post Otras Empresas Monkey Producoes -Thinkers Studios -DraftLine Integrada -TKCV -Oba Print -Dona Antonia Pais Brasil
El Ojo de Iberoamerica,2024,Digital Social,Fans Reporters,Africa Creative,Guarana,Brasil,BRONCE,Prod Volken Film Realizador-a Andre Magri Prod Audio Sonido Satellite Audio Postprod Mosaico Filmes Otras Empresas Monkey Producoes -DraftLine Integrada Pais Brasil
El Ojo de Iberoamerica,2024,Digital Social,The missing review,Republica Havas,Amigos For Kids,Estados Unidos,PLATA,Prod El Living - MDS Digital - Twins Music Realizador-a Arturo Vazquez- Lucas Cardona- Fernando Torres- Camila Londono- Jeronimo Gonzalez Montalvo- Max Scott- Tom Huergo Prod Audio Sonido Twins Music -Twins Music -Twins Music Pais Estados Unidos
El Ojo de Iberoamerica,2024,Digital Social,e-Police Station,Almap BBDO,Wonder Women Tech,Brasil,BRONCE,Prod Monster Films Prod Audio Sonido Cabaret Studio Otras Empresas Giusti Comunicacao -Brand Gaming Pais Brasil
El Ojo de Iberoamerica,2024,Digital Social,Algoritmo Salvaje Reset,Edelman Espana,Ampara Silvestre,Brasil,BRONCE,Prod Nelson Jimenez Ortiz de Zarate Realizador-a Nelson Jimenez Ortiz de Zarate Pais Brasil
El Ojo de Iberoamerica,2024,Digital Social,Caras invisibles,Ogilvy Argentina,Unicef Argentina - Missing Children Argentina,Argentina,BRONCE,Prod Fight Films Realizador-a Adri Laham Pais Argentina
El Ojo de Iberoamerica,2024,Digital Social,El atraco del crucero,404 Sao Paulo - GALERIAag,Netflix Brasil,Brasil,ORO,Prod Platinum - CEGO Otras Empresas MediaMonks Pais Brasil
El Ojo de Iberoamerica,2024,Digital Social,Errata at 88,Almap BBDO,Johnnie Walker,Brasil,ORO,Prod Almap BBDO Realizador-a Rodrigo Resende- Diego Villas Boas Prod Audio Sonido Cabaret Studio Otras Empresas Giusti Comunicacao -Inside Out PR -Suba Junto Pais Brasil
El Ojo de Iberoamerica,2024,Digital Social,Fans Reporters,Africa Creative,Guarana,Brasil,BRONCE,Prod Volken Film Realizador-a Andre Magri Prod Audio Sonido Satellite Audio Postprod Mosaico Filmes Otras Empresas Monkey Producoes -DraftLine Integrada Pais Brasil
El Ojo de Iberoamerica,2024,Digital Social,VW 70 anos,Almap BBDO,Volkswagen Brasil,Brasil,ORO,Prod Boiler Filmes Realizador-a Dulcidio Caldeira Prod Audio Sonido Raw Audio Postprod Flow Effects -Acauan Pastore Otras Empresas Giusti Comunicacao Pais Brasil
El Ojo de Iberoamerica,2024,Digital Social,El robo de fin de ano,CYW,Netflix - Estella Galicia,Espana,PLATA,Prod PROTOKOL Otro Realizador-a John Filipe Postprod Iconic Otras Empresas Havas Media Group Spain SAU -Youplanet Pais Espana
El Ojo de Iberoamerica,2024,Digital Social,El atraco del crucero,404 Sao Paulo - GALERIAag,Netflix Brasil,Brasil,BRONCE,Prod Platinum - CEGO Otras Empresas MediaMonks Pais Brasil
El Ojo de Iberoamerica,2024,Digital Social,Brahma Phone,Africa Creative,Brahma,Brasil,BRONCE,Prod Kaus Film Realizador-a Los Pibes Prod Audio Sonido Satelite Audio Postprod Guava Post Otras Empresas Monkey Producoes -Thinkers Studios -DraftLine Integrada -TKCV -Oba Print -Dona Antonia Pais Brasil
El Ojo de Iberoamerica,2024,Digital Social,Clean Sponsorship,DM9,Consul,Brasil,BRONCE,Prod Corazon Filmes Realizador-a Bruno Zanetti Prod Audio Sonido Satelite Audio Pais Brasil
El Ojo de Iberoamerica,2024,Digital Social,This is not a game-,VML Mexico,Movistar Mexico,Mexico,ORO,Prod Landia Realizador-a Lucas Shannon Prod Audio Sonido BDS Postprod Landia Pais Mexico
El Ojo de Iberoamerica,2024,Digital Social,Sociedad de la Nieve Que nos paso en la Montana,Jellyfish,Netflix Espana,Espana,BRONCE,
El Ojo de Iberoamerica,2024,Digital Social,Address The Invisible,Archer Troy,Techo Mexico --Google,Mexico,ORO,Prod Onirica Realizador-a Eduardo Canto Pais Mexico
El Ojo de Iberoamerica,2024,Digital Social,Vanishing Emails,VML Peru,Amazon Web Services,Estados Unidos,PLATA,Prod Ladoble - SLALOM Otro Realizador-a Martin Donozo Postprod Facundo Junquet -Luis Staffolani -Cynthia Fuentes Otras Empresas SLALOM Otro Pais Estados Unidos
El Ojo de Iberoamerica,2024,Digital Social,Trip my Pic,DDB Espana,Halcon Viajes,Espana,BRONCE,Prod Crowddigital Pais Espana
El Ojo de Iberoamerica,2024,Digital Social,UninterruptAds,Africa Creative,Budweiser,Brasil,PLATA,Prod Modo Integrado - La Carretera Films Prod Audio Sonido Mugshot Otras Empresas Sante Music Agency Pais Brasil
El Ojo de Iberoamerica,2024,Digital Social,Algoritmo Salvaje Reset,Edelman Espana,Ampara Silvestre,Brasil,PLATA,Prod Nelson Jimenez Ortiz de Zarate Realizador-a Nelson Jimenez Ortiz de Zarate Pais Brasil
El Ojo de Iberoamerica,2024,Digital Social,Gamer Loan,Paradais DDB,Banco del Pacifico,Ecuador,PLATA,Realizador-a Tito Duran Postprod Christopher Valdiviezo Pais Ecuador
El Ojo de Iberoamerica,2024,Digital Social,Promesas absurdas,VML Argentina,ASDRA Asociacion Sindrome,Argentina,BRONCE,Prod Landia Realizador-a Diego Dutil- Tomas Quartino Prod Audio Sonido Violeta Music Pais Argentina
El Ojo de Iberoamerica,2024,Digital Social,Impulse,Cheil Espana,Samsung Espana,Espana,ORO,Prod Somos 5 Realizador-a Alfredo Lobo Postprod Somos5 Otras Empresas Acid Tango Pais Espana
El Ojo de Iberoamerica,2024,Digital Social,Address The Invisible,Archer Troy,Techo Mexico --Google,Mexico,PLATA,Prod Onirica Realizador-a Eduardo Canto Pais Mexico
El Ojo de Iberoamerica,2024,Digital Social,Reviews,Africa Creative,Kraft Heinz Brasil,Brasil,BRONCE,Prod silviomedeirosnet Realizador-a Silvio Medeiros Prod Audio Sonido Punch Audio Otras Empresas Borderless Citizen Pais Brasil
El Ojo de Iberoamerica,2024,Digital Social,Trip my Pic,DDB Espana,Halcon Viajes,Espana,BRONCE,Prod Crowddigital Pais Espana
El Ojo de Iberoamerica,2024,Digital Social,KFC auto Grand Prix,PS21,KFC Espana,Espana,BRONCE,
El Ojo de Iberoamerica,2024,Digital Social,Imaginary Squads,GALERIAag,Itau,Brasil,ORO,Prod Frame Realizador-a Edu Simon- Rafael Urenha- Ducha Lopes- Phil Daijo Prod Audio Sonido Canja Postprod Frame Pais Brasil
El Ojo de Iberoamerica,2024,Digital Social,CampofrIA,This is Libre,Campofrio,Espana,PLATA,Prod Landia Realizador-a Maxi Blanco Prod Audio Sonido La Panaderia Postprod Metropolitana Otras Empresas Carat -Lasker -YouFirst -MRM Spain Pais Espana
El Ojo de Iberoamerica,2024,Digital Social,Trip my Pic,DDB Espana,Halcon Viajes,Espana,BRONCE,Prod Crowddigital Pais Espana
El Ojo de Iberoamerica,2024,Digital Social,Identical Fans-,TBWAPeru,BCP,Peru,BRONCE,
El Ojo de Iberoamerica,2024,Digital Social,This is not a game,VML Mexico,Movistar Mexico,,ORO,Prod Landia Realizador-a Lucas Shannon Prod Audio Sonido BDS Postprod Landia
El Ojo de Iberoamerica,2024,Digital Social,Reviews,Africa Creative,Kraft Heinz Brasil,Brasil,PLATA,Prod silviomedeirosnet Realizador-a Silvio Medeiros Prod Audio Sonido Punch Audio Otras Empresas Borderless Citizen Pais Brasil
El Ojo de Iberoamerica,2024,Digital Social,Sin nieve no hay sociedad de Brother Escuela,Creatividad,Cambio climatico,Espana,BRONCE,
El Ojo de Iberoamerica,2024,Digital Social,Imaginary Squads,GALERIAag,Itau,Brasil,BRONCE,Prod Frame Realizador-a Edu Simon- Rafael Urenha- Ducha Lopes- Phil Daijo Prod Audio Sonido Canja Postprod Frame Pais Brasil
El Ojo de Iberoamerica,2024,Digital Social,50-50,Lew LaraTBWA,Camil,Brasil,BRONCE,Prod Audio Sonido Jamute Postprod Lew LaraTBWA Pais Brasil
El Ojo de Iberoamerica,2024,Digital Social,Tulipan Teniendo sexo podemos reactivar la economia-,Zurda Agency,Tulipan,Argentina,BRONCE,Prod Retina Postprod Retina Pais Argentina
El Ojo de Iberoamerica,2024,Digital Social,Brahma Phone,Africa Creative,Brahma,Brasil,ORO,Prod Kaus Film Realizador-a Los Pibes Prod Audio Sonido Satelite Audio Postprod Guava Post Otras Empresas Monkey Producoes -Thinkers Studios -DraftLine Integrada -TKCV -Oba Print -Dona Antonia Pais Brasil
El Ojo de Iberoamerica,2024,Digital Social,Reviews,Africa Creative,Kraft Heinz Brasil,Brasil,PLATA,Prod silviomedeirosnet Realizador-a Silvio Medeiros Prod Audio Sonido Punch Audio Otras Empresas Borderless Citizen Pais Brasil
El Ojo de Iberoamerica,2024,Digital Social,Install our logo,Leo Burnett Mexico - Gato - Hey Kid Design Studio,ADT Security,Mexico,PLATA,Prod Gato Realizador-a Axel Elizondo- Tom Escobar Prod Audio Sonido Cluster Postprod Cluster -Cluster Otras Empresas Starcom Mexico Pais Mexico
El Ojo de Iberoamerica,2024,Digital Social,Medalla Drinkers Know,DDB Latina Puerto Rico,Medalla Light,Puerto Rico,BRONCE,Prod DDB Latina Puerto Rico Realizador-a Peter Peralta- Luis Romero Pais Puerto Rico
El Ojo de Iberoamerica,2024,Digital Social,Lucky news,Paradais DDB,Ecuasal,Ecuador,BRONCE,
El Ojo de Iberoamerica,2024,Digital Social,Domicilios con descuento,WILD FI Paraguay,TaDa Delivery,Paraguay,BRONCE,Prod Renovatio Realizador-a Pietro Scappini Postprod WILD FI Paraguay Pais Paraguay
El Ojo de Iberoamerica,2024,Digital Social,Tulipan Teniendo sexo podemos reactivar la economia-,Zurda Agency,Tulipan,Argentina,BRONCE,Prod Retina Postprod Retina Pais Argentina
El Ojo de Iberoamerica,2024,Digital Social,VW 70 anos,Almap BBDO,Volkswagen Brasil,Brasil,GRAN OJO,Prod Boiler Filmes Realizador-a Dulcidio Caldeira Prod Audio Sonido Raw Audio Postprod Flow Effects -Acauan Pastore Otras Empresas Giusti Comunicacao Pais Brasil
El Ojo de Iberoamerica,2024,Digital Social,This is not a game,VML Mexico,Movistar Mexico,Mexico,ORO,Prod Landia Realizador-a Lucas Shannon Prod Audio Sonido BDS Postprod Landia Pais Mexico
El Ojo de Iberoamerica,2024,Digital Social,Tulipan Teniendo sexo podemos reactivar la economia,Zurda Agency,Tulipan,Argentina,BRONCE,Prod Retina Postprod Retina Pais Argentina
El Ojo de Iberoamerica,2024,Digital Social,Gamer Loan,Paradais DDB,Banco del Pacifico,Ecuador,ORO,Realizador-a Tito Duran Postprod Christopher Valdiviezo Pais Ecuador
El Ojo de Iberoamerica,2024,Digital Social,Gatorade match saver,Springtime,Gatorade,Argentina,PLATA,Prod Mama Hungara Realizador-a Fede Garcia Rico Prod Audio Sonido Papamusic -Porta Estudio Postprod MM Otras Empresas No Smoking Pais Argentina
El Ojo de Iberoamerica,2024,Digital Social,Don t Mess with a Princess,Africa Creative,Vivo,Brasil,BRONCE,Realizador-a Rodrigo Ferrari Prod Audio Sonido Canja Otras Empresas WebCore -WOW Gaming Ventures -Pixel Hunters Fortnite -Rogue Unit Roblox Pais Brasil
El Ojo de Iberoamerica,2024,Digital Social,UninterruptAds,Africa Creative,Budweiser,Brasil,ORO,Prod Modo Integrado - La Carretera Films Prod Audio Sonido Mugshot Otras Empresas Sante Music Agency Pais Brasil
El Ojo de Iberoamerica,2024,Digital Social,Gatorade match saver,Springtime,Gatorade,Argentina,PLATA,Prod Mama Hungara Realizador-a Fede Garcia Rico Prod Audio Sonido Papamusic -Porta Estudio Postprod MM Otras Empresas No Smoking Pais Argentina
El Ojo de Iberoamerica,2024,Digital Social,Fan profesional,Africa Creative,Budweiser,Brasil,BRONCE,Prod Modo Integrado Prod Audio Sonido Canja Audio Culture -Eduardo Karas-Filipe Resende-Levi Mynssen de Mello-Filipe Lopes-Levi Mynssen de Mello-Nando de Castro-Matheus Peres-Lari Storch-Ana Flor Bohrer-Flavia Medeiros-Igor Lobo-Mariana Aldrigue Pais Brasil
El Ojo de Iberoamerica,2024,Digital Social,Hauteam Couture,Africa Creative,Brahma,Brasil,BRONCE,Prod Monkey Producoes - Modo Integrado - Reconcavo Company Realizador-a Nixon Prod Audio Sonido Satelite Audio Postprod Guava Post Pais Brasil
El Ojo de Iberoamerica,2024,Digital Social,Rock DNA,Almap BBDO,Billboard Brasil,Brasil,BRONCE,Prod Acaca Prod Audio Sonido Punch Audio Otras Empresas Giusti Creative PR -Mynd Pais Brasil
El Ojo de Iberoamerica,2024,Digital Social,Reviews,Africa Creative,Kraft Heinz Brasil,Brasil,PLATA,Prod silviomedeirosnet Realizador-a Silvio Medeiros Prod Audio Sonido Punch Audio Otras Empresas Borderless Citizen Pais Brasil
El Ojo de Iberoamerica,2024,Digital Social,Brahma Phone,Africa Creative,Brahma,Brasil,BRONCE,Prod Kaus Film Realizador-a Los Pibes Prod Audio Sonido Satelite Audio Postprod Guava Post Otras Empresas Monkey Producoes -Thinkers Studios -DraftLine Integrada -TKCV -Oba Print -Dona Antonia Pais Brasil
El Ojo de Iberoamerica,2024,Digital Social,Fans Reporters,Africa Creative,Guarana,Brasil,BRONCE,Prod Volken Film Realizador-a Andre Magri Prod Audio Sonido Satellite Audio Postprod Mosaico Filmes Otras Empresas Monkey Producoes -DraftLine Integrada Pais Brasil
El Ojo de Iberoamerica,2024,Digital Social,The missing review,Republica Havas,Amigos For Kids,Estados Unidos,PLATA,Prod El Living - MDS Digital - Twins Music Realizador-a Arturo Vazquez- Lucas Cardona- Fernando Torres- Camila Londono- Jeronimo Gonzalez Montalvo- Max Scott- Tom Huergo Prod Audio Sonido Twins Music -Twins Music -Twins Music Pais Estados Unidos
El Ojo de Iberoamerica,2024,Digital Social,e-Police Station,Almap BBDO,Wonder Women Tech,Brasil,BRONCE,Prod Monster Films Prod Audio Sonido Cabaret Studio Otras Empresas Giusti Comunicacao -Brand Gaming Pais Brasil
El Ojo de Iberoamerica,2024,Digital Social,Algoritmo Salvaje Reset,Edelman Espana,Ampara Silvestre,Brasil,BRONCE,Prod Nelson Jimenez Ortiz de Zarate Realizador-a Nelson Jimenez Ortiz de Zarate Pais Brasil
El Ojo de Iberoamerica,2024,Digital Social,Caras invisibles,Ogilvy Argentina,Unicef Argentina - Missing Children Argentina,Argentina,BRONCE,Prod Fight Films Realizador-a Adri Laham Pais Argentina
El Ojo de Iberoamerica,2024,Digital Social,El atraco del crucero,404 Sao Paulo - GALERIAag,Netflix Brasil,Brasil,ORO,Prod Platinum - CEGO Otras Empresas MediaMonks Pais Brasil
El Ojo de Iberoamerica,2024,Digital Social,Errata at 88,Almap BBDO,Johnnie Walker,Brasil,ORO,Prod Almap BBDO Realizador-a Rodrigo Resende- Diego Villas Boas Prod Audio Sonido Cabaret Studio Otras Empresas Giusti Comunicacao -Inside Out PR -Suba Junto Pais Brasil
El Ojo de Iberoamerica,2024,Digital Social,Fans Reporters,Africa Creative,Guarana,Brasil,BRONCE,Prod Volken Film Realizador-a Andre Magri Prod Audio Sonido Satellite Audio Postprod Mosaico Filmes Otras Empresas Monkey Producoes -DraftLine Integrada Pais Brasil
El Ojo de Iberoamerica,2024,Digital Social,VW 70 anos,Almap BBDO,Volkswagen Brasil,Brasil,ORO,Prod Boiler Filmes Realizador-a Dulcidio Caldeira Prod Audio Sonido Raw Audio Postprod Flow Effects -Acauan Pastore Otras Empresas Giusti Comunicacao Pais Brasil
El Ojo de Iberoamerica,2024,Digital Social,El robo de fin de ano,CYW,Netflix - Estella Galicia,Espana,PLATA,Prod PROTOKOL Otro Realizador-a John Filipe Postprod Iconic Otras Empresas Havas Media Group Spain SAU -Youplanet Pais Espana
El Ojo de Iberoamerica,2024,Digital Social,El atraco del crucero,404 Sao Paulo - GALERIAag,Netflix Brasil,Brasil,BRONCE,Prod Platinum - CEGO Otras Empresas MediaMonks Pais Brasil
El Ojo de Iberoamerica,2024,Digital Social,Brahma Phone,Africa Creative,Brahma,Brasil,BRONCE,Prod Kaus Film Realizador-a Los Pibes Prod Audio Sonido Satelite Audio Postprod Guava Post Otras Empresas Monkey Producoes -Thinkers Studios -DraftLine Integrada -TKCV -Oba Print -Dona Antonia Pais Brasil
El Ojo de Iberoamerica,2024,Digital Social,Clean Sponsorship,DM9,Consul,Brasil,BRONCE,Prod Corazon Filmes Realizador-a Bruno Zanetti Prod Audio Sonido Satelite Audio Pais Brasil
El Ojo de Iberoamerica,2024,Digital Social,This is not a game-,VML Mexico,Movistar Mexico,Mexico,ORO,Prod Landia Realizador-a Lucas Shannon Prod Audio Sonido BDS Postprod Landia Pais Mexico
El Ojo de Iberoamerica,2024,Digital Social,Sociedad de la Nieve Que nos paso en la Montana,Jellyfish,Netflix Espana,Espana,BRONCE,
El Ojo de Iberoamerica,2024,Digital Social,Address The Invisible,Archer Troy,Techo Mexico --Google,Mexico,ORO,Prod Onirica Realizador-a Eduardo Canto Pais Mexico
El Ojo de Iberoamerica,2024,Digital Social,Vanishing Emails,VML Peru,Amazon Web Services,Estados Unidos,PLATA,Prod Ladoble - SLALOM Otro Realizador-a Martin Donozo Postprod Facundo Junquet -Luis Staffolani -Cynthia Fuentes Otras Empresas SLALOM Otro Pais Estados Unidos
El Ojo de Iberoamerica,2024,Digital Social,Trip my Pic,DDB Espana,Halcon Viajes,Espana,BRONCE,Prod Crowddigital Pais Espana
El Ojo de Iberoamerica,2024,Digital Social,UninterruptAds,Africa Creative,Budweiser,Brasil,PLATA,Prod Modo Integrado - La Carretera Films Prod Audio Sonido Mugshot Otras Empresas Sante Music Agency Pais Brasil
El Ojo de Iberoamerica,2024,Digital Social,Algoritmo Salvaje Reset,Edelman Espana,Ampara Silvestre,Brasil,PLATA,Prod Nelson Jimenez Ortiz de Zarate Realizador-a Nelson Jimenez Ortiz de Zarate Pais Brasil
El Ojo de Iberoamerica,2024,Digital Social,Gamer Loan,Paradais DDB,Banco del Pacifico,Ecuador,PLATA,Realizador-a Tito Duran Postprod Christopher Valdiviezo Pais Ecuador
El Ojo de Iberoamerica,2024,Digital Social,Promesas absurdas,VML Argentina,ASDRA Asociacion Sindrome,Argentina,BRONCE,Prod Landia Realizador-a Diego Dutil- Tomas Quartino Prod Audio Sonido Violeta Music Pais Argentina
El Ojo de Iberoamerica,2024,Digital Social,Impulse,Cheil Espana,Samsung Espana,Espana,ORO,Prod Somos 5 Realizador-a Alfredo Lobo Postprod Somos5 Otras Empresas Acid Tango Pais Espana
El Ojo de Iberoamerica,2024,Digital Social,Address The Invisible,Archer Troy,Techo Mexico --Google,Mexico,PLATA,Prod Onirica Realizador-a Eduardo Canto Pais Mexico
El Ojo de Iberoamerica,2024,Digital Social,Reviews,Africa Creative,Kraft Heinz Brasil,Brasil,BRONCE,Prod silviomedeirosnet Realizador-a Silvio Medeiros Prod Audio Sonido Punch Audio Otras Empresas Borderless Citizen Pais Brasil
El Ojo de Iberoamerica,2024,Digital Social,Trip my Pic,DDB Espana,Halcon Viajes,Espana,BRONCE,Prod Crowddigital Pais Espana
El Ojo de Iberoamerica,2024,Digital Social,KFC auto Grand Prix,PS21,KFC Espana,Espana,BRONCE,
El Ojo de Iberoamerica,2024,Digital Social,Imaginary Squads,GALERIAag,Itau,Brasil,ORO,Prod Frame Realizador-a Edu Simon- Rafael Urenha- Ducha Lopes- Phil Daijo Prod Audio Sonido Canja Postprod Frame Pais Brasil
El Ojo de Iberoamerica,2024,Digital Social,CampofrIA,This is Libre,Campofrio,Espana,PLATA,Prod Landia Realizador-a Maxi Blanco Prod Audio Sonido La Panaderia Postprod Metropolitana Otras Empresas Carat -Lasker -YouFirst -MRM Spain Pais Espana
El Ojo de Iberoamerica,2024,Digital Social,Trip my Pic,DDB Espana,Halcon Viajes,Espana,BRONCE,Prod Crowddigital Pais Espana
El Ojo de Iberoamerica,2024,Digital Social,Identical Fans-,TBWAPeru,BCP,Peru,BRONCE,
El Ojo de Iberoamerica,2024,Digital Social,This is not a game,VML Mexico,Movistar Mexico,,ORO,Prod Landia Realizador-a Lucas Shannon Prod Audio Sonido BDS Postprod Landia
El Ojo de Iberoamerica,2024,Digital Social,Reviews,Africa Creative,Kraft Heinz Brasil,Brasil,PLATA,Prod silviomedeirosnet Realizador-a Silvio Medeiros Prod Audio Sonido Punch Audio Otras Empresas Borderless Citizen Pais Brasil
El Ojo de Iberoamerica,2024,Digital Social,Sin nieve no hay sociedad de Brother Escuela,Creatividad,Cambio climatico,Espana,BRONCE,
El Ojo de Iberoamerica,2024,Digital Social,Imaginary Squads,GALERIAag,Itau,Brasil,BRONCE,Prod Frame Realizador-a Edu Simon- Rafael Urenha- Ducha Lopes- Phil Daijo Prod Audio Sonido Canja Postprod Frame Pais Brasil
El Ojo de Iberoamerica,2024,Digital Social,50-50,Lew LaraTBWA,Camil,Brasil,BRONCE,Prod Audio Sonido Jamute Postprod Lew LaraTBWA Pais Brasil
El Ojo de Iberoamerica,2024,Digital Social,Tulipan Teniendo sexo podemos reactivar la economia-,Zurda Agency,Tulipan,Argentina,BRONCE,Prod Retina Postprod Retina Pais Argentina
El Ojo de Iberoamerica,2024,Digital Social,Brahma Phone,Africa Creative,Brahma,Brasil,ORO,Prod Kaus Film Realizador-a Los Pibes Prod Audio Sonido Satelite Audio Postprod Guava Post Otras Empresas Monkey Producoes -Thinkers Studios -DraftLine Integrada -TKCV -Oba Print -Dona Antonia Pais Brasil
El Ojo de Iberoamerica,2024,Digital Social,Reviews,Africa Creative,Kraft Heinz Brasil,Brasil,PLATA,Prod silviomedeirosnet Realizador-a Silvio Medeiros Prod Audio Sonido Punch Audio Otras Empresas Borderless Citizen Pais Brasil
El Ojo de Iberoamerica,2024,Digital Social,Install our logo,Leo Burnett Mexico - Gato - Hey Kid Design Studio,ADT Security,Mexico,PLATA,Prod Gato Realizador-a Axel Elizondo- Tom Escobar Prod Audio Sonido Cluster Postprod Cluster -Cluster Otras Empresas Starcom Mexico Pais Mexico
El Ojo de Iberoamerica,2024,Digital Social,Medalla Drinkers Know,DDB Latina Puerto Rico,Medalla Light,Puerto Rico,BRONCE,Prod DDB Latina Puerto Rico Realizador-a Peter Peralta- Luis Romero Pais Puerto Rico
El Ojo de Iberoamerica,2024,Digital Social,Lucky news,Paradais DDB,Ecuasal,Ecuador,BRONCE,
El Ojo de Iberoamerica,2024,Digital Social,Domicilios con descuento,WILD FI Paraguay,TaDa Delivery,Paraguay,BRONCE,Prod Renovatio Realizador-a Pietro Scappini Postprod WILD FI Paraguay Pais Paraguay
El Ojo de Iberoamerica,2024,Digital Social,Tulipan Teniendo sexo podemos reactivar la economia-,Zurda Agency,Tulipan,Argentina,BRONCE,Prod Retina Postprod Retina Pais Argentina
El Ojo de Iberoamerica,2024,Media,Clean Sponsorship,DM9,Consul,Brasil,GRAN OJO MEDIA,Prod Corazon Filmes Realizador-a Bruno Zanetti Prod Audio Sonido Satelite Audio Pais Brasil
El Ojo de Iberoamerica,2024,Media,Imagine with Petacos,DDB Colombia - Buentipo Anchor,Bavaria,Colombia,ORO,Prod Primo Realizador-a Gina Medina Prod Audio Sonido Diego Caceres Pais Colombia
El Ojo de Iberoamerica,2024,Media,Clean Sponsorship,DM9,Consul,Brasil,ORO,Prod Corazon Filmes Realizador-a Bruno Zanetti Prod Audio Sonido Satelite Audio Pais Brasil
El Ojo de Iberoamerica,2024,Media,No Ad,Lew LaraTBWA,Farmacias Pague MenosProd,Brasil,PLATA,Prod Audio Sonido Vox Haus -Satelite Audio Otras Empresas Mynd8 Pais Brasil
El Ojo de Iberoamerica,2024,Media,Trip my Pic,DDB Espana,Halcon Viajes,Espana,BRONCE,Prod Crowddigital Pais Espana
El Ojo de Iberoamerica,2024,Media,Atacama Fashion Week,Artplan,Desierto Vestido,Brasil,PLATA,Prod Sugarcane Filmes Realizador-a Igor Selingarde Prod Audio Sonido Raw Audio Pais Brasil
El Ojo de Iberoamerica,2024,Media,The missing review,Republica Havas,Amigos For Kids,Estados Unidos,BRONCE,Prod El Living - MDS Digital - Twins Music Realizador-a Arturo Vazquez- Lucas Cardona- Fernando Torres- Camila Londono- Jeronimo Gonzalez Montalvo- Max Scott- Tom Huergo Prod Audio Sonido Twins Music -Twins Music -Twins Music Pais Estados Unidos
El Ojo de Iberoamerica,2024,Media,El robo de fin de ano,CYW,Netflix - Estella Galicia,Espana,PLATA,Prod PROTOKOL Otro Realizador-a John Filipe Postprod Iconic Otras Empresas Havas Media Group Spain SAU -Youplanet Pais Espana
El Ojo de Iberoamerica,2024,Media,Reprinting Nica,Havas Costa Rica - BETC HAVAS,La Prensa Nicaragua,Nicaragua,ORO,Prod Fulfierros Prod Audio Sonido Punch Audio Pais Nicaragua
El Ojo de Iberoamerica,2024,Media,Trip my Pic,DDB Espana,Halcon Viajes,Espana,PLATA,Prod Crowddigital Pais Espana
El Ojo de Iberoamerica,2024,Media,UninterruptAds,Africa Creative,Budweiser,Brasil,ORO,Prod Modo Integrado - La Carretera Films Prod Audio Sonido Mugshot Otras Empresas Sante Music Agency Pais Brasil
El Ojo de Iberoamerica,2024,Media,Undercover Sportscaster,Almap BBDO,Elma Chips,Brasil,BRONCE,Prod Compania Prod Audio Sonido Cabaret Studio Otras Empresas Soundthinkers -Ampfy -InPress Porter Novelli -Bandeirantes Pais Brasil
El Ojo de Iberoamerica,2024,Media,Car parts for Life,De la Cruz- Ogilvy,Fundacion Stefano - Empresas Fonalledas,Puerto Rico,PLATA,
El Ojo de Iberoamerica,2024,Media,El Fing Carro,Monks,Netflix Argentina,Argentina,BRONCE,Prod Corinthian Pais Argentina
El Ojo de Iberoamerica,2024,Media,The cushioning route,Boost Brand Accelerator,Nike Peru,Peru,PLATA,Prod SHIWA - Mantarraya Realizador-a Sebastian Castro- Alessandro Mosca- Miguel Villalobos Prod Audio Sonido Barba Roja Audio -Aejandro Castaneda Postprod SHIWA Pais Peru
El Ojo de Iberoamerica,2024,Media,Imagine with Petacos,DDB Colombia - Buentipo Anchor,Bavaria,Colombia,PLATA,Prod Primo Realizador-a Gina Medina Prod Audio Sonido Diego Caceres Pais Colombia
El Ojo de Iberoamerica,2024,Media,No Ad,Lew LaraTBWA,Farmacias Pague Menos,Brasil,PLATA,Prod Audio Sonido Vox Haus -Satelite Audio Otras Empresas Mynd8 Pais Brasil
El Ojo de Iberoamerica,2024,Media,e-Police Station,Almap BBDO,Wonder Women Tech,Brasil,BRONCE,Prod Monster Films Prod Audio Sonido Cabaret Studio Otras Empresas Giusti Comunicacao -Brand Gaming Pais Brasil
El Ojo de Iberoamerica,2024,Media,The missing review,Republica Havas,Amigos For Kids,Estados Unidos,BRONCE,Prod El Living - MDS Digital - Twins Music Realizador-a Arturo Vazquez- Lucas Cardona- Fernando Torres- Camila Londono- Jeronimo Gonzalez Montalvo- Max Scott- Tom Huergo Prod Audio Sonido Twins Music -Twins Music -Twins Music Pais Estados Unidos
El Ojo de Iberoamerica,2024,Media,Errata at 88,Almap BBDO,Johnnie Walker,Brasil,PLATA,Prod Almap BBDO Realizador-a Rodrigo Resende- Diego Villas Boas Prod Audio Sonido Cabaret Studio Otras Empresas Giusti Comunicacao -Inside Out PR -Suba Junto Pais Brasil
El Ojo de Iberoamerica,2024,Media,Tulipan Teniendo sexo podemos reactivar la economia,Zurda Agency,Tulipan,Argentina,PLATA,Prod Retina Postprod Retina Pais Argentina
El Ojo de Iberoamerica,2024,Media,Atacama Fashion Week,Artplan,Desierto Vestido,Brasil,BRONCE,Prod Sugarcane Filmes Realizador-a Igor Selingarde Prod Audio Sonido Raw Audio Pais Brasil
El Ojo de Iberoamerica,2024,Media,Gatorade match saver,Springtime,Gatorade,Argentina,BRONCE,Prod Mama Hungara Realizador-a Fede Garcia Rico Prod Audio Sonido Papamusic -Porta Estudio PostprodMM Otras Empresas No Smoking Pais Argentina
El Ojo de Iberoamerica,2024,Media,Trip my Pic,DDB Espana,Halcon Viajes,Espana,ORO,Prod Crowddigital Pais Espana
El Ojo de Iberoamerica,2024,Media,Animal alerts,Serviceplan Alemania - Lanfranco Cordova NYC - Tulom PR,PetPace,Peru,ORO,Prod Rebeca Producciones Realizador-a Matias Gutierrez Prod Audio Sonido Agosto Music -Agosto Music Postprod Nativo Post Otras Empresas Tulom PR -Eat-Astral Kreativ Otro-Mediaplus Group Otro-Peppercomm Pais Peru
El Ojo de Iberoamerica,2024,Media,The e-commerce of trust,DDB Mexico,Gahr WeCapital,Mexico,PLATA,Prod Whisky Films Realizador-a German Tejada Prod Audio Sonido Estudios Machina Otras Empresas Porter Novelli Pais Mexico
El Ojo de Iberoamerica,2024,Media,Sightwalks Veredas que guian,Circus Grey Peru,Cemento Sol,Peru,ORO,Prod Rebeca Producciones - Canica Films - Punto Aparte Realizador-a Mario Angulo- Alvaro Luque- Mario Bertocchi- Alonso Gutierrez Prod Audio Sonido Agosto Music Postprod Nativo Post Otras Empresas APOYO Comunicacion -Llorente y Cuenca -DINAMO Pais Peru
El Ojo de Iberoamerica,2024,Media,Car parts for Life,De la Cruz- Ogilvy,Fundacion Stefano - Empresas Fonalledas,Puerto Rico,BRONCE,
El Ojo de Iberoamerica,2024,Media,Reprinting Nica,Havas Costa Rica - BETC HAVAS,La Prensa Nicaragua,Costa Rica,ORO,Prod Fulfierros Prod Audio Sonido Punch Audio Pais Costa Rica
El Ojo de Iberoamerica,2024,Media,The Qlture Code,Star5,Gotuuri,Panama,BRONCE,Prod Wagua Films - Whisky Films Realizador-a Orgun Wagua- Orgun Wagua Prod Audio Sonido Whisky Films Pais Panama
El Ojo de Iberoamerica,2024,Media,Imagine with Petacos,DDB Colombia - Buentipo Anchor,Bavaria,Colombia,ORO,Prod Primo Realizador-a Gina Medina Prod Audio Sonido Diego Caceres Pais Colombia
El Ojo de Iberoamerica,2024,Media,Brahma Phone,Africa Creative,Brahma,Brasil,PLATA,Prod Kaus Film Realizador-a Los Pibes Prod Audio Sonido Satelite Audio Postprod Guava Post Otras Empresas Monkey Producoes -Thinkers Studios -DraftLine Integrada -TKCV -Oba Print -Dona Antonia Pais Brasil
El Ojo de Iberoamerica,2024,Media,Reprinting Nica,Havas Costa Rica - BETC HAVAS,La Prensa Nicaragua,Nicaragua,BRONCE,Prod Fulfierros Prod Audio Sonido Punch Audio Pais Nicaragua
El Ojo de Iberoamerica,2024,Directo,Rice of Glory,Maruri Ecuador - Grey Argentina - grey Brasil,Arroz Super Extra,Ecuador,GRAN OJO DIRECTO,Prod Landia Realizador-a Emi Alvarenga Pais Ecuador
El Ojo de Iberoamerica,2024,Directo,Hauteam Couture,Africa Creative,Brahma,Brasil,PLATA,Prod Monkey Producoes - Modo Integrado - Reconcavo Company Realizador-a Nixon Prod Audio Sonido Satelite Audio Postprod Guava Post Pais Brasil
El Ojo de Iberoamerica,2024,Directo,Tulipan Teniendo sexo podemos reactivar la economia,Zurda Agency,Tulipan,Argentina,PLATA,Prod Retina Postprod Retina Pais Argentina
El Ojo de Iberoamerica,2024,Directo,Imagine with Petacos,DDB Colombia - Buentipo Anchor,Bavaria,Colombia,BRONCE,Prod Primo Realizador-a Gina Medina Prod Audio Sonido Diego Caceres Pais Colombia
El Ojo de Iberoamerica,2024,Directo,LoopHotel,DDB Latina Puerto Rico,Cerveza La H,Puerto Rico,BRONCE,Prod DDB Latina Puerto Rico Realizador-a Melvin Valencia Pais Puerto Rico
El Ojo de Iberoamerica,2024,Directo,Foodball Fans,Fahrenheit DDB,Plaza Vea,Peru,BRONCE,Prod Locomotor Realizador-a Bruno Rey Prod Audio Sonido Creasonica Pais Peru
El Ojo de Iberoamerica,2024,Directo,Fair promo,From,PedidosYa Market,Uruguay,BRONCE,Prod SoySimo Pais Uruguay
El Ojo de Iberoamerica,2024,Directo,El ranking culinario que alimento a millones,Valor,Alicorp Peru,Peru,BRONCE,Prod Lado V Otras Empresas LLYC PERU -Tribeca Media Pais Peru
El Ojo de Iberoamerica,2024,Directo,Address The Invisible,Archer Troy,Techo Mexico --Google,Mexico,ORO,Prod Onirica Realizador-a Eduardo Canto Prod Pais Mexico
El Ojo de Iberoamerica,2024,Directo,The missing review,Republica Havas,Amigos For Kids,Estados Unidos,PLATA,Prod El Living - MDS Digital - Twins Music Realizador-a Arturo Vazquez- Lucas Cardona- Fernando Torres- Camila Londono- Jeronimo Gonzalez Montalvo- Max Scott- Tom Huergo Prod Audio Sonido Twins Music -Twins Music -Twins Music Pais Estados Unidos
El Ojo de Iberoamerica,2024,Directo,Samsung Throwback Deals,MRM Brasil,Samsung Brasil,Brasil,ORO,
El Ojo de Iberoamerica,2024,Directo,Reprinting Nica,Havas Costa Rica - BETC HAVAS,La Prensa Nicaragua,Nicaragua,PLATA,Prod Fulfierros Prod Audio Sonido Punch Audio Pais Nicaragua
El Ojo de Iberoamerica,2024,Directo,Brahma Phone,Africa Creative,Brahma,Brasil,BRONCE,Prod Kaus Film Realizador-a Los Pibes Prod Audio Sonido Satelite Audio Postprod Guava Post Otras Empresas Monkey Producoes -Thinkers Studios -DraftLine Integrada -TKCV -Oba Print -Dona Antonia Pais Brasil
El Ojo de Iberoamerica,2024,Directo,No Ad,Lew LaraTBWA,Farmacias Pague Menos,Brasil,ORO,Prod Audio Sonido Vox Haus -Satelite Audio Otras Empresas Mynd8 Pais Brasil
El Ojo de Iberoamerica,2024,Directo,Beer retirement account,Monks,Poker,Colombia,ORO,Prod Primo Realizador-a Cristian Roncancio Pais Colombia
El Ojo de Iberoamerica,2024,Directo,Icon Discounts,Digitas Colombia,McDonald s Nicaragua,Nicaragua,PLATA,
El Ojo de Iberoamerica,2024,Directo,Welcome to the group,PHD Costa Rica - Shiift Porter Novelli - TBWARIOT,Cambiemos la Regla,Costa Rica,PLATA,Prod Kaiju Pais Costa Rica
El Ojo de Iberoamerica,2024,Directo,W1ng Cod3s,Havas HOY,Volaris Aerolinea,Mexico,BRONCE,Prod Havas HOY Realizador-a David Camacho Pais Mexico
El Ojo de Iberoamerica,2024,Directo,The missing review,Republica Havas,Amigos For Kids,Estados Unidos,BRONCE,Prod El Living - MDS Digital - Twins Music Realizador-a Arturo Vazquez- Lucas Cardona- Fernando Torres- Camila Londono- Jeronimo Gonzalez Montalvo- Max Scott- Tom Huergo Prod Audio Sonido Twins Music -Twins Music -Twins Music Pais Estados Unidos
El Ojo de Iberoamerica,2024,Directo,Reviews,Africa Creative,Kraft Heinz Brasil,Brasil,ORO,Prod silviomedeirosnet Realizador-a Silvio Medeiros Prod Audio Sonido Punch Audio Otras Empresas Borderless Citizen Pais Brasil
El Ojo de Iberoamerica,2024,Directo,Pete Zahat Trollvertising,BBA,Pizza Hut Ecuador,Ecuador,PLATA,Prod BBA Realizador-a Raul Banderas Pais Ecuador
El Ojo de Iberoamerica,2024,Directo,Fans Reporters,Africa Creative,Guarana,Brasil,BRONCE,Prod Volken Film Realizador-a Andre Magri Prod Audio Sonido Satellite Audio Postprod Mosaico Filmes Otras Empresas Monkey Producoes -DraftLine Integrada Pais Brasil
El Ojo de Iberoamerica,2024,Directo,Whopper Island,DM9,Burger King Brasil,Brasil,BRONCE,Prod Audio Sonido Shuffle Audio Pais Brasil
El Ojo de Iberoamerica,2024,Directo,Fans theories release,Monks,Bad Bunny,Estados Unidos,BRONCE,Prod Audio Sonido Super Charango Pais Estados Unidos
El Ojo de Iberoamerica,2024,Directo,Heinzterception,TERAN TBWA,Heinz,Mexico,BRONCE,Prod TERAN TBWA Realizador-a Jose Padilla Pais Mexico
El Ojo de Iberoamerica,2024,Directo,Nombres confundidos,Republica Havas,Asociacion Lucha contra el Mal,Argentina,PLATA,Prod Walden Studio - Twins Music Realizador-a Guido Cassini - Matias Pisani - Jeronimo Gonzalez Montalvo- Max Scott- Tom Huergo Prod Audio Sonido Twins Music -Twins Music Pais Argentina
El Ojo de Iberoamerica,2024,Directo,The cushioning route,Boost Brand Accelerator,Nike Peru,Peru,BRONCE,Prod SHIWA - Mantarraya Realizador-a Sebastian Castro- Alessandro Mosca- Miguel Villalobos Prod Audio Sonido Barba Roja Audio -Aejandro Castaneda Postprod SHIWA Pais Peru
El Ojo de Iberoamerica,2024,Directo,Imagine with Petacos,DDB Colombia - Buentipo Anchor,Bavaria,Colombia,BRONCE,Prod Primo Realizador-a Gina Medina Prod Audio Sonido Diego Caceres Pais Colombia
El Ojo de Iberoamerica,2024,Directo,Animal alerts,Serviceplan Alemania Otro - Lanfranco Cordova NYC - Tulom PR,PetPace,Peru,ORO,Prod Rebeca Producciones Realizador-a Matias Gutierrez Prod Audio Sonido Agosto Music -Agosto Music Postprod Nativo Post Otras Empresas Tulom PR -Eat-Astral Kreativ Otro-Mediaplus Group Otro-Peppercomm Pais Peru
El Ojo de Iberoamerica,2024,Directo,Gamer Loan,Paradais DDB,Banco del Pacifico,Ecuador,BRONCE,Realizador-a Tito Duran Postprod Christopher Valdiviezo Pais Ecuador
El Ojo de Iberoamerica,2024,Directo,KFC auto Grand Prix,PS21,KFC Espana,Espana,BRONCE,
El Ojo de Iberoamerica,2024,Directo,Impulse,Cheil Espana,Samsung Espana,Espana,ORO,Prod Somos 5 Realizador-a Alfredo Lobo Postprod Somos5 Otras Empresas Acid Tango Pais Espana
El Ojo de Iberoamerica,2024,Directo,Unsilenced Words,VML Espana,Beigene Science,Espana,BRONCE,Prod La Boutique 77 Pais Espana
El Ojo de Iberoamerica,2024,Directo,Flying Guardians,Almap BBDO,Planet Labs PBC - Greenpeace Brasil,Brasil,ORO,Prod Vetor Zero Realizador-a Luiz Alberto Ferreira Prod Audio Sonido Alma 11 11 Audio -Bari Filmes Otras Empresas HUM Comunicacao -Giusti Comunicacao -Brand Gaming Pais Brasil
El Ojo de Iberoamerica,2024,Directo,Gamer Loan,Paradais DDB,Banco del Pacifico,Ecuador,PLATA,Realizador-a Tito Duran Postprod Christopher Valdiviezo Pais Ecuador
El Ojo de Iberoamerica,2024,Directo,KFC auto Grand Prix,PS21,KFC Espana,Espana,BRONCE,
El Ojo de Iberoamerica,2024,Directo,Filter Caps,Ogilvy Colombia,Filsa Colombia,Colombia,ORO,Prod Primo Realizador-a Gina Medina Prod Audio Sonido Diego Caceres Producciones Pais Colombia
El Ojo de Iberoamerica,2024,Directo,Reviews,Africa Creative,Kraft Heinz Brasil,Brasil,PLATA,Prod silviomedeirosnet Realizador-a Silvio Medeiros Prod Audio Sonido Punch Audio Otras Empresas Borderless Citizen Pais Brasil
El Ojo de Iberoamerica,2024,Directo,855-How-To-Quit,Serviceplan Alemania - Tulom PR,Anzen Health,Estados Unidos,BRONCE,Prod JOJX Realizador-a Oliver Wurffell Prod Audio Sonido DaHouse -DaHouse Postprod Arcade Edit Otras Empresas Tulom PR -Raw Materials -Mediaplus Group Otro Pais Estados Unidos
El Ojo de Iberoamerica,2024,Directo,El ranking culinario que alimento a millones,Valor,Alicorp Peru,Peru,BRONCE,Prod Lado V Otras Empresas LLYC PERU -Tribeca Media Pais Peru
El Ojo de Iberoamerica,2024,Directo,Rice of Glory,Maruri Ecuador,Arroz Super Extra,Ecuador,ORO,Prod Landia Realizador-a Emi Alvarenga Otras Empresas Grey Argentina Pais Ecuador
El Ojo de Iberoamerica,2024,Directo,Audience Delivery,DM9 - Live Mode,iFood,Brasil,PLATA,Prod Handmaker Realizador-a Fernando Lenox Prod Audio Sonido Mr Pink Pais Brasil
El Ojo de Iberoamerica,2024,Directo,Install our logo,Leo Burnett Mexico - Gato - Hey Kid Design Studio,ADT Security,Mexico,PLATA,Prod Gato Realizador-a Axel Elizondo- Tom Escobar Prod Audio Sonido Cluster Postprod Cluster -Cluster Otras Empresas Starcom Mexico Pais Mexico
El Ojo de Iberoamerica,2024,Directo,Monopoly,TBWAEspana,McDonalds Espana,Espana,BRONCE,
El Ojo de Iberoamerica,2024,Directo,Steal Artois,VML Chile,Stella Artois,Chile,BRONCE,Prod Rebolucion Realizador-a Ivan Vescovo Prod Audio Sonido Clio Pais Chile
El Ojo de Iberoamerica,2024,Directo,Beer retirement account,Monks,Poker,Colombia,ORO,Prod Primo Realizador-a Cristian Roncancio Pais Colombia
El Ojo de Iberoamerica,2024,Directo,Thanks for Coke-Creating,VML Mexico - VML Brasil,Coca-Cola,Mexico,ORO,Prod Mango Films - Sugarcane Filmes - Baliprod Otro- Glitch Productions Otro- NetoShookan Productions Otro Realizador-a Erik Tapia Otras Empresas Raw Audio -VML Brasil -Sugarcane Filmes -Ogilvy Otro-EssenceMediacom Pais Mexico
El Ojo de Iberoamerica,2024,Directo,Imagine with Petacos,DDB Colombia - Buentipo Anchor,Bavaria,Colombia,BRONCE,Prod Primo Realizador-a Gina Medina Prod Audio Sonido Diego Caceres Pais Colombia
El Ojo de Iberoamerica,2024,Directo,Improbable Housemates,Dentsu Creative Iberia,MEO,Portugal,BRONCE,Prod Ministerio dos Filmes Realizador-a Marco Martins Prod Audio Sonido Guel Postprod Glimpse Pais Portugal
El Ojo de Iberoamerica,2024,Directo,Install our logo,Leo Burnett Mexico - Gato - Hey Kid Design Studio,ADT Security,Mexico,BRONCE,Prod Gato Realizador-a Axel Elizondo- Tom Escobar Prod Audio Sonido Cluster Postprod Cluster -Cluster Otras Empresas Starcom Mexico Pais Mexico
El Ojo de Iberoamerica,2024,Directo,Filter Caps,Ogilvy Colombia,Filsa Colombia,Colombia,ORO,Prod Primo Realizador-a Gina Medina Prod Audio Sonido Diego Caceres Producciones Pais Colombia
El Ojo de Iberoamerica,2024,Directo,No Ad,Lew LaraTBWA,Farmacias Pague Menos,Brasil,PLATA,Realizador-a Prod Audio Sonido Vox Haus -Satelite Audio Otras Empresas Mynd8 Pais Brasil
El Ojo de Iberoamerica,2024,Directo,Reprinting Nica,Havas Costa Rica - BETC HAVAS,de La Prensa Nicaragua,Nicaragua,BRONCE,Prod Fulfierros Prod Audio Sonido Punch Audio Pais Nicaragua
El Ojo de Iberoamerica,2024,Directo,Tulipan Teniendo sexo podemos reactivar la economia,Zurda Agency,Tulipan,Argentina,BRONCE,Prod Retina Postprod Retina Pais Argentina
El Ojo de Iberoamerica,2024,Directo,Address The Invisible,Archer Troy,Techo Mexico --Google,Mexico,PLATA,Prod Onirica Realizador-a Eduardo Canto Pais Mexico
El Ojo de Iberoamerica,2024,Directo,Reprinting Nica,Havas Costa Rica - BETC HAVAS,La Prensa Nicaragua,Costa Rica,PLATA,Prod Fulfierros Prod Audio Sonido Punch Audio Pais Costa Rica
El Ojo de Iberoamerica,2024,Directo,Reviews,Africa Creative,Kraft Heinz Brasil,Brasil,BRONCE,Prod silviomedeirosnet Realizador-a Silvio Medeiros Prod Audio Sonido Punch Audio Otras Empresas Borderless Citizen Pais Brasil
El Ojo de Iberoamerica,2024,Experiencia de Marca Activacion,Imagine with Petacos,DDB Colombia - Buentipo Anchor,Bavaria,Colombia,GRAN OJO,Prod Primo Realizador-a Gina Medina Prod Audio Sonido Diego Caceres Pais Colombia
El Ojo de Iberoamerica,2024,Experiencia de Marca Activacion,Imagine with Petacos,DDB Colombia - Buentipo Anchor,Bavaria,Colombia,ORO,Prod Primo Realizador-a Gina Medina Prod Audio Sonido Diego Caceres Pais Colombia
El Ojo de Iberoamerica,2024,Experiencia de Marca Activacion,Clean Sponsorship,DM9,Consul,Brasil,ORO,Prod Corazon Filmes Realizador-a Bruno Zanetti Prod Audio Sonido Satelite Audio Pais Brasil
El Ojo de Iberoamerica,2024,Experiencia de Marca Activacion,LoopHotel,DDB Latina Puerto Rico,Cerveza La H,Puerto Rico,BRONCE,Prod DDB Latina Puerto Rico Realizador-a Melvin Valencia Pais Puerto Rico
El Ojo de Iberoamerica,2024,Experiencia de Marca Activacion,Foodball Fans,Fahrenheit DDB,Plaza Vea,Peru,BRONCE,Prod Locomotor Realizador-a Bruno Rey Prod Audio Sonido Creasonica Pais Peru
El Ojo de Iberoamerica,2024,Experiencia de Marca Activacion,Olimpack,From,PedidosYa Market,Uruguay,BRONCE,Prod From Pais Uruguay
El Ojo de Iberoamerica,2024,Experiencia de Marca Activacion,Address The Invisible,Archer Troy,Techo Mexico --Google,Mexico,ORO,Prod Onirica Realizador-a Eduardo Canto Pais Mexico
El Ojo de Iberoamerica,2024,Experiencia de Marca Activacion,Atacama Fashion Week-,Artplan,Desierto Vestido,Brasil,ORO,Prod Sugarcane Filmes Realizador-a Igor Selingarde Prod Audio Sonido Raw Audio Pais Brasil
El Ojo de Iberoamerica,2024,Experiencia de Marca Activacion,Nobody should die at XMAS,DoubleYou,Open Arms,Espana,BRONCE,Prod Blua Realizador-a Iker Iturria Prod Audio Sonido lastcrit Postprod Blua -Moonlight Otras Empresas Engine Agency Pais Espana
El Ojo de Iberoamerica,2024,Experiencia de Marca Activacion,Imagine with Petacos,DDB Colombia - Buentipo Anchor,Bavaria,Colombia,ORO,Prod Primo Realizador-a Gina Medina Prod Audio Sonido Diego Caceres Pais Colombia
El Ojo de Iberoamerica,2024,Experiencia de Marca Activacion,Steal Artois,VML Chile,Stella Artois,Chile,PLATA,Prod Rebolucion Realizador-a Ivan Vescovo Prod Audio Sonido Clio Pais Chile
El Ojo de Iberoamerica,2024,Experiencia de Marca Activacion,Brahma Phone,Africa Creative,Brahma,Brasil,PLATA,Prod Kaus Film Realizador-a Los Pibes Prod Audio Sonido Satelite Audio Postprod Guava Post Otras Empresas Monkey Producoes -Thinkers Studios -DraftLine Integrada -TKCV -Oba Print -Dona Antonia Pais Brasil
El Ojo de Iberoamerica,2024,Experiencia de Marca Activacion,El Fing Carro,Monks,Netflix Argentina,Argentina,PLATA,Prod Corinthian Pais Argentina
El Ojo de Iberoamerica,2024,Experiencia de Marca Activacion,Beer retirement account,Monks,Poker,Colombia,PLATA,Prod Primo Realizador-a Cristian Roncancio Pais Colombia
El Ojo de Iberoamerica,2024,Experiencia de Marca Activacion,Gamer Loan,Paradais DDB,Banco del Pacifico,Ecuador,PLATA,Realizador-a Tito Duran Postprod Christopher Valdiviezo Pais Ecuador
El Ojo de Iberoamerica,2024,Experiencia de Marca Activacion,Flying Guardians,Almap BBDO,Planet Labs PBC - Greenpeace Brasil,Brasil,BRONCE,Prod Vetor Zero Realizador-a Luiz Alberto Ferreira Prod Audio Sonido Alma 11 11 Audio -Bari Filmes Otras Empresas HUM Comunicacao -Giusti Comunicacao -Brand Gaming Pais Brasil
El Ojo de Iberoamerica,2024,Experiencia de Marca Activacion,The Art of Hack-,Cheil Espana,Samsung Espana,,BRONCE,
El Ojo de Iberoamerica,2024,Experiencia de Marca Activacion,Pete Zahat Trollvertising,BBA,Pizza Hut Ecuador,Ecuador,PLATA,Prod BBA Realizador-a Raul Banderas Pais Ecuador
El Ojo de Iberoamerica,2024,Experiencia de Marca Activacion,Malekus Los ultimos 600,Havas Costa Rica - BETC HAVAS,The Rainforest Lab,Costa Rica,BRONCE,Prod Fulfierros Prod Audio Sonido Quiet City Music Sound Pais Costa Rica
El Ojo de Iberoamerica,2024,Experiencia de Marca Activacion,Heinzterception,TERAN TBWA,Heinz,Mexico,BRONCE,Prod TERAN TBWA Realizador-a Jose Padilla Pais Mexico
El Ojo de Iberoamerica,2024,Experiencia de Marca Activacion,Atacama Fashion Week,Artplan,Desierto Vestido,Brasil,PLATA,Prod Sugarcane Filmes Realizador-a Igor Selingarde Prod Audio Sonido Raw Audio Pais Brasil
El Ojo de Iberoamerica,2024,Experiencia de Marca Activacion,BCPilsen,Fahrenheit DDB,Pilsen Callao,Peru,BRONCE,Prod KAO Film Content Realizador-a Casu Roca Prod Audio Sonido Sordo Postprod Lunatic Pais Peru
El Ojo de Iberoamerica,2024,Experiencia de Marca Activacion,Impulse,Cheil Espana,Samsung Espana,Espana,ORO,Prod Somos 5 Realizador-a Alfredo Lobo Postprod Somos5 Otras Empresas Acid Tango Pais Espana
El Ojo de Iberoamerica,2024,Experiencia de Marca Activacion,Gamer Loan,Paradais DDB,Banco del Pacifico,Ecuador,ORO,Realizador-a Tito Duran Postprod Christopher Valdiviezo Pais Ecuador
El Ojo de Iberoamerica,2024,Experiencia de Marca Activacion,KFC auto Grand Prix,PS21,KFC Espana,Espana,PLATA,
El Ojo de Iberoamerica,2024,Experiencia de Marca Activacion,Anti-Lag squad,VML Argentina,Movistar Argentina,Argentina,BRONCE,Prod Landia Pais Argentina
El Ojo de Iberoamerica,2024,Experiencia de Marca Activacion,Filter Caps,Ogilvy Colombia,Filsa Colombia,Colombia,ORO,Prod Primo Realizador-a Gina Medina Prod Audio Sonido Diego Caceres Producciones Pais Colombia
El Ojo de Iberoamerica,2024,Experiencia de Marca Activacion,La camiseta embarrada,HOC House of Creativity,Sport Club Internacional,Brasil,BRONCE,
El Ojo de Iberoamerica,2024,Experiencia de Marca Activacion,El ranking culinario que alimento a millones,Valor,Alicorp Peru,Peru,BRONCE,Prod Lado V Otras Empresas LLYC PERU -Tribeca Media Pais Peru
El Ojo de Iberoamerica,2024,Experiencia de Marca Activacion,Install our logo,Leo Burnett Mexico - Gato - Hey Kid Design Studio,ADT Security,Mexico,PLATA,Prod Gato Realizador-a Axel Elizondo- Tom Escobar Prod Audio Sonido Cluster Postprod Cluster -Cluster Otras Empresas Starcom Mexico Pais Mexico
El Ojo de Iberoamerica,2024,Experiencia de Marca Activacion,Rice of Glory,Maruri Ecuador - Grey Argentina - Grey Brasil,Arroz Super Extra,Ecuador,ORO,Prod Landia Realizador-a Emi Alvarenga Pais Ecuador
El Ojo de Iberoamerica,2024,Experiencia de Marca Activacion,Imagine with Petacos,DDB Colombia - Buentipo Anchor,Bavaria,Colombia,PLATA,Prod Primo Realizador-a Gina Medina Prod Audio Sonido Diego Caceres Pais Colombia
El Ojo de Iberoamerica,2024,Experiencia de Marca Activacion,El Fing Carro,Monks,Netflix Argentina,Argentina,PLATA,Prod Corinthian Pais Argentina
El Ojo de Iberoamerica,2024,Experiencia de Marca Activacion,Beer retirement account,Monks,Poker,Colombia,PLATA,Prod Primo Realizador-a Cristian Roncancio Pais Colombia
El Ojo de Iberoamerica,2024,Experiencia de Marca Activacion,Fan profesional,Africa Creative,Budweiser,Brasil,BRONCE,Prod Modo Integrado Prod Audio Sonido Canja Audio Culture -Eduardo Karas-Filipe Resende-Levi Mynssen de Mello-Filipe Lopes-Levi Mynssen de Mello-Nando de Castro-Matheus Peres-Lari Storch-Ana Flor Bohrer-Flavia Medeiros-Igor Lobo-Mariana Aldrigue Pais Brasil
El Ojo de Iberoamerica,2024,Experiencia de Marca Activacion,Foodball Fans,Fahrenheit DDB,Plaza Vea,Peru,BRONCE,Prod Locomotor Realizador-a Bruno Rey Prod Audio Sonido Creasonica Pais Peru
El Ojo de Iberoamerica,2024,Experiencia de Marca Activacion,LoopHotel,DDB Latina Puerto Rico,Cerveza La H,Puerto Rico,BRONCE,Prod DDB Latina Puerto Rico Realizador-a Melvin Valencia Pais Puerto Rico
El Ojo de Iberoamerica,2024,Experiencia de Marca Activacion,Brahma Phone,Africa Creative,Brahma,Brasil,PLATA,Prod Kaus Film Realizador-a Los Pibes Prod Audio Sonido Satelite Audio Postprod Guava Post Otras Empresas Monkey Producoes -Thinkers Studios -DraftLine Integrada -TKCV -Oba Print -Dona Antonia Pais Brasil
El Ojo de Iberoamerica,2024,Experiencia de Marca Activacion,Address The Invisible,Archer Troy,Techo Mexico --Google,Mexico,PLATA,Prod Onirica Realizador-a Eduardo Canto Pais Mexico
El Ojo de Iberoamerica,2024,Experiencia de Marca Activacion,Imagine with Petacos,DDB Colombia - Buentipo Anchor,Bavaria,Colombia,PLATA,Prod Primo Realizador-a Gina Medina Prod Audio Sonido Diego Caceres Pais Colombia
El Ojo de Iberoamerica,2024,Experiencia de Marca Activacion,LoopHotel,DDB Latina Puerto Rico,Cerveza La H,Puerto Rico,BRONCE,Prod DDB Latina Puerto Rico Realizador-a Melvin Valencia Pais Puerto Rico
El Ojo de Iberoamerica,2024,PR,Tulipan Teniendo sexo podemos reactivar la economia,Zurda Agency,Tulipan,Argentina,GRAN OJO PR,Prod Retina Postprod Retina Pais Argentina
El Ojo de Iberoamerica,2024,PR,Clean Sponsorship,DM9,Consul,Brasil,ORO,Prod Corazon Filmes Realizador-a Bruno Zanetti Prod Audio Sonido Satelite Audio Pais Brasil
El Ojo de Iberoamerica,2024,PR,Braided history,DDB Latina Puerto Rico,Mizani,Puerto Rico,PLATA,Prod DDB Latina Puerto Rico Pais Puerto Rico
El Ojo de Iberoamerica,2024,PR,Tulipan Teniendo sexo podemos reactivar la economia,Zurda Agency,Tulipan,Argentina,PLATA,Prod Retina Postprod Retina Pais Argentina
El Ojo de Iberoamerica,2024,PR,Atacama Fashion Week,Artplan,Desierto Vestido,Brasil,ORO,Prod Sugarcane Filmes Realizador-a Igor Selingarde Prod Audio Sonido Raw Audio Pais Brasil
El Ojo de Iberoamerica,2024,PR,Nobody should die at XMAS,DoubleYou,Open Arms,Espana,PLATA,Prod Blua Realizador-a Iker Iturria Prod Audio Sonido lastcrit PostprodBlua -Moonlight Otras Empresas Engine Agency Pais Espana
El Ojo de Iberoamerica,2024,PR,Look for Freedom,Havas Portugal - H- Advisors - Havas Media,Amnesty International,Portugal,BRONCE,Prod Canal 180 Postprod Canal 180 Pais Portugal
El Ojo de Iberoamerica,2024,PR,Welcome to the group,PHD Costa Rica - Shiift Porter Novelli - TBWARIOT,Cambiemos la Regla,Costa Rica,BRONCE,Prod Kaiju Pais Costa Rica
El Ojo de Iberoamerica,2024,PR,Necesito un hombre,TBWAFrederick,Corporacion Humanas,Chile,BRONCE,Prod independiente Realizador-a Rocio Huerta Pais Chile
El Ojo de Iberoamerica,2024,PR,Community king,BBA,Burger King Ecuador,Ecuador,PLATA,Prod BBA Realizador-a Carlos Rivas Postprod BBA Pais Ecuador
El Ojo de Iberoamerica,2024,PR,Welcome to the group,PHD Costa Rica - Shiift Porter Novelli - TBWARIOT,Cambiemos la Regla,Costa Rica,PLATA,Prod Kaiju Pais Costa Rica
El Ojo de Iberoamerica,2024,PR,The missing review,Republica Havas,Amigos For Kids,Estados Unidos,PLATA,Prod El Living - MDS Digital - Twins Music Realizador-a Arturo Vazquez- Lucas Cardona- Fernando Torres- Camila Londono- Jeronimo Gonzalez Montalvo- Max Scott- Tom Huergo Prod Audio Sonido Twins Music -Twins Music -Twins Music Pais Estados Unidos
El Ojo de Iberoamerica,2024,PR,El atraco del crucero,404 Sao Paulo - GALERIAag,Netflix Brasil,Brasil,BRONCE,Prod Platinum - CEGO Prod Otras Empresas MediaMonkes Pais Brasil
El Ojo de Iberoamerica,2024,PR,VW 70 anos,Almap BBDO,Volkswagen Brasil,Brasil,ORO,Prod Boiler Filmes Realizador-a Dulcidio Caldeira Prod Audio Sonido Raw Audio Postprod Flow Effects -Acauan Pastore Otras Empresas Giusti Comunicacao Pais Brasil
El Ojo de Iberoamerica,2024,PR,El atraco del crucero,404 Sao Paulo - GALERIAag,Netflix Brasil,Brasil,PLATA,Prod Platinum - CEGO Otras Empresas MediaMonkes Pais Brasil
El Ojo de Iberoamerica,2024,PR,El Valor del Tiempo,Africa Creative,Itau Unibanco,Brasil,PLATA,Prod Black Dog Films Otro Realizador-a Jonas Akerlund Otras Empresas RM Mgmt Pais Brasil
El Ojo de Iberoamerica,2024,PR,Lucky news,Paradais DDB,Ecuasal,Ecuador,PLATA,
El Ojo de Iberoamerica,2024,PR,Pete Zahat Trollvertising,BBA,Pizza Hut Ecuador,Ecuador,BRONCE,Prod BBA Realizador-a Raul Banderas Pais Ecuador
El Ojo de Iberoamerica,2024,PR,Me ofrezco,Revuelta - Mono Madrid,Wallapop,Espana,BRONCE,Prod Garlic Films Realizador-a OCKHAM Prod Audio Sonido Chaco Music House -La Panaderia Postprod McNulty Pais Espana
El Ojo de Iberoamerica,2024,PR,Atacama Fashion Week,Artplan,Desierto Vestido,Brasil,ORO,Prod Sugarcane Filmes Realizador-a Igor Selingarde Prod Audio Sonido Raw Audio Pais Brasil
El Ojo de Iberoamerica,2024,PR,Fan profesional,Africa Creative,Budweiser,Brasil,PLATA,Prod Modo Integrado Prod Audio Sonido Canja Audio Culture -Eduardo Karas-Filipe Resende-Levi Mynssen de Mello-Filipe Lopes-Levi Mynssen de Mello-Nando de Castro-Matheus Peres-Lari Storch-Ana Flor Bohrer-Flavia Medeiros-Igor Lobo-Mariana Aldrigue Pais Brasil
El Ojo de Iberoamerica,2024,PR,El Valor del Tiempo,Africa Creative,Itau Unibanco,Brasil,PLATA,Prod Black Dog Films Otro Realizador-a Jonas Akerlund Otras Empresas RM Mgmt Pais Brasil
El Ojo de Iberoamerica,2024,PR,5 days Give me a break,Almap BBDO,O Boticario,Brasil,PLATA,Prod Sweet Filmes Realizador-a Fernando Andreh Prod Audio Sonido Raw Audio Postprod Node Post Otras Empresas Estudio Boreal Pais Brasil
El Ojo de Iberoamerica,2024,PR,La apertura reveladora,Almap BBDO,O Boticario,Brasil,BRONCE,Prod Globo Brasil - Monster Films Realizador-a Yuri Lima Prod Audio Sonido Cabaret Studio Pais Brasil
El Ojo de Iberoamerica,2024,PR,Hey Ese no es un nino,VML Peru,Alianza Lima - Nike - Gatorade - Hyundai,Peru,BRONCE,Prod Kubrick Prod Audio Sonido Estudios Machina Pais Peru
El Ojo de Iberoamerica,2024,PR,Thanks for Coke-Creating,VML Mexico - VML Brasil,Coca-Cola,Mexico,ORO,Prod Mango Films - Sugarcane Filmes - Baliprod Otro- Glitch Productions Otro- NetoShookan Productions Realizador-a Erik Tapia Otras Empresas Raw Audio -VML Brasil -Sugarcane Filmes -Ogilvy -EssenceMediacom Pais Mexico
El Ojo de Iberoamerica,2024,PR,Community king,BBA,Burger King Ecuador,Ecuador,PLATA,Prod BBA Realizador-a Carlos Rivas Postprod BBA Pais Ecuador
El Ojo de Iberoamerica,2024,PR,Over 30,Lew LaraTBWA,Billboard Brasil,Brasil,PLATA,Prod Santeria Otras Empresas Mynd8 Pais Brasil
El Ojo de Iberoamerica,2024,PR,The gender discount,BETC HAVAS - Suno United Creators,Santander,Brasil,BRONCE,Prod MyMama Entertainment - Produceria Realizador-a Ana Valente Prod Audio Sonido Tentaculo Audio -Hefty Pais Brasil
El Ojo de Iberoamerica,2024,PR,Community king,BBA,Burger King Ecuador,Ecuador,ORO,Prod BBA Realizador-a Carlos Rivas Postprod BBA Pais Ecuador
El Ojo de Iberoamerica,2024,PR,VW 70 anos,Almap BBDO,Volkswagen Brasil,Brasil,ORO,Prod Boiler Filmes Realizador-a Dulcidio Caldeira Prod Audio Sonido Raw Audio Postprod Flow Effects -Acauan Pastore Otras Empresas Giusti Comunicacao Pais Brasil
El Ojo de Iberoamerica,2024,PR,Cambia el numero,anonimo,Opinion 51,Mexico,ORO,Prod Malasana Realizador-a Alejandro Barbabosa Prod Audio Sonido Silence Track Postprod Homemade -Urbano Pais Mexico
El Ojo de Iberoamerica,2024,PR,Fan profesional,Africa Creative,Budweiser,Brasil,BRONCE,Prod Modo Integrado Prod Audio Sonido Canja Audio Culture -Eduardo Karas-Filipe Resende-Levi Mynssen de Mello-Filipe Lopes-Levi Mynssen de Mello-Nando de Castro-Matheus Peres-Lari Storch-Ana Flor Bohrer-Flavia Medeiros-Igor Lobo-Mariana Aldrigue Pais Brasil
El Ojo de Iberoamerica,2024,PR,MujeresIncreibles,Archer Troy,Tupperware Mexico,Mexico,BRONCE,
El Ojo de Iberoamerica,2024,PR,Cordoba x JetSMART,Super,JetSMART Argentina,Argentina,BRONCE,Prod Audio Sonido Francisco Penas Postprod Luis Tuzzi Pais Argentina
El Ojo de Iberoamerica,2024,PR,Blurred unboxing,The Juju Colombia,Ramo Colombia,Colombia,BRONCE,
El Ojo de Iberoamerica,2024,PR,Atacama Fashion Week,Artplan,Desierto Vestido,Brasil,ORO,Prod Sugarcane Filmes Realizador-a Igor Selingarde Prod Audio Sonido Raw Audio Pais Brasil
El Ojo de Iberoamerica,2024,PR,Tulipan Teniendo sexo podemos reactivar la economia,Zurda Agency,Tulipan,Argentina,ORO,Prod Retina Postprod Retina Pais Argentina
El Ojo de Iberoamerica,2024,PR,Cambia el numero,anonimo,Opinion 51,Mexico,PLATA,Prod Malasana Realizador-a Alejandro Barbabosa Prod Audio Sonido Silence Track Postprod Homemade -Urbano Pais Mexico
El Ojo de Iberoamerica,2024,PR,Braided history,DDB Latina Puerto Rico,Mizani,Puerto Rico,PLATA,Prod DDB Latina Puerto Rico Pais Puerto Rico
El Ojo de Iberoamerica,2024,PR,La historia no contada de los ninos que dan voz a una generacion,Casanova McCann - McCann Detroit,US Bank,Estados Unidos,BRONCE,Prod 9A Films Realizador-a Rudy Valdez Prod Audio Sonido DeAndre James Otras Empresas Weber Shandwick Estados Unidos Pais Estados Unidos
El Ojo de Iberoamerica,2024,PR,Over 30,Lew LaraTBWA,Billboard Brasil,Brasil,BRONCE,Prod Santeria Otras Empresas Mynd8 Pais Brasil
El Ojo de Iberoamerica,2024,PR,Tulipan Teniendo sexo podemos reactivar la economia,Zurda Agency,Tulipan,Argentina,ORO,Prod Retina Postprod Retina Pais Argentina
El Ojo de Iberoamerica,2024,PR,Cambia el numero,anonimo,Opinion 51,Mexico,PLATA,Prod Catatonia Realizador-a Alejandro Barbabosa Prod Audio Sonido Silence Track Postprod Homemade -Urbano Pais Mexico
El Ojo de Iberoamerica,2024,PR,Necesito un hombre,TBWAFrederick,Corporacion Humanas,Chile,PLATA,Prod independiente Realizador-a Rocio Huerta Pais Chile
El Ojo de Iberoamerica,2024,PR,Malekus Los ultimos 600,Havas Costa Rica - BETC HAVAS,The Rainforest Lab,Costa Rica,BRONCE,Prod Fulfierros Prod Audio Sonido Quiet City Music Sound Pais Costa Rica
El Ojo de Iberoamerica,2024,Design,Sightwalks Veredas que guian,Circus Grey Peru,Cemento Sol,Peru,EL GRAN OJO DESIGN,Prod Rebeca Producciones - Canica Films - Punto Aparte Realizador Mario Angulo- Alvaro Luque- Mario Bertocchi- Alonso Gutierrez Prod AudioSonido Agosto Music Post Prod Nativo Post Otras Empresas APOYO Comunicacion -Llorente y Cuenca -DINAMO Pais Peru
El Ojo de Iberoamerica,2024,Design,Thanks for Coke-Creating,VML Mexico - VML Brasil,Coca-Cola,Mexico,ORO,Prod Mango Films - Sugarcane Filmes - Baliprod - Glitch Productions - NetoShookan Productions Realizador Erik Tapia Otras Empresas Raw Audio -VML Brasil -Sugarcane Filmes -Ogilvy -EssenceMediacom Pais Mexico
El Ojo de Iberoamerica,2024,Design,Atacama Fashion Week,Artplan,de Desierto Vestido,Brasil,PLATA,Prod Sugarcane Filmes Realizador Igor Selingarde Prod AudioSonido Raw Audio Pais Brasil
El Ojo de Iberoamerica,2024,Design,Luces negras,Almap BBDO,Bradesco Seguros - Empregue Afro - GOMA - Museu Afro-UFBA,Brasil,PLATA,Prod Almap BBDO Prod AudioSonido Raw Audio Post Prod Otras Empresas Dialeto Studio Pais Brasil
El Ojo de Iberoamerica,2024,Design,NotCo Giuseppe AI,R-GA Buenos Aires,NotCo,Chile,BRONCE,
El Ojo de Iberoamerica,2024,Design,Children s Book for Men,DDB Latina Puerto Rico,Children s Book For Men,Puerto Rico,BRONCE,Prod DDB Latina Puerto Rico - Film Zapatero Realizador Kacho Lopez Pais Puerto Rico
El Ojo de Iberoamerica,2024,Design,Find Your Summer,LOLA MullenLowe,Magnum Ice Cream,Espana,ORO,Prod MJZ Realizador Juan Cabral Prod AudioSonido Big Sync Post Prod Glassworks Otras Empresas Mindshare Pais Espana
El Ojo de Iberoamerica,2024,Design,Las 2 Caras,BBDO Mexico,de Alexia Ortiz,Mexico,PLATA,Prod Rebolucion Realizador Monster Duo Prod AudioSonido Machete Musica Pais Mexico
El Ojo de Iberoamerica,2024,Design,Guess Who Won,LOLA MullenLowe,Persil,Espana,PLATA,Otras Empresas Mindshare Pais Espana
El Ojo de Iberoamerica,2024,Design,deSIGNED Posters,LOLA MullenLowe,Persil,Brasil,BRONCE,Prod Rebolucion Realizador Vellas Prod AudioSonido Big Sync Music Post Prod Rebolucion Pais Brasil
El Ojo de Iberoamerica,2024,Design,855-How-To-Quit,Serviceplan Alemania - Tulom PR,de Anzen Health,Estados Unidos,ORO,Prod JOJX Realizador Oliver Wurffell Prod AudioSonido DaHouse -DaHouse Post Prod Arcade Edit Otras Empresas Tulom PR -Raw Materials -Mediaplus Group Pais Estados Unidos
El Ojo de Iberoamerica,2024,Design,Priceless wall,BeFlamingo,de Home Vega,Ecuador,PLATA,Prod Taita Films Realizador Joel Chachapoya Pais Ecuador
El Ojo de Iberoamerica,2024,Design,NotCo Giuseppe AI,R-GA Buenos Aires,NotCo,Chile,BRONCE,
El Ojo de Iberoamerica,2024,Design,Imagine with Petacos,DDB Colombia - Buentipo Anchor,Bavaria,Colombia,ORO,Prod Primo Realizador Gina Medina Prod AudioSonido Diego Caceres Pais Colombia
El Ojo de Iberoamerica,2024,Design,Atacama Fashion Week,Artplan,de Desierto Vestido,Brasil,PLATA,Prod Sugarcane Filmes Realizador Igor Selingarde Prod AudioSonido Raw Audio Post Pais Brasil
El Ojo de Iberoamerica,2024,Design,Hauteam Couture,Africa Creative,Brahma,Brasil,BRONCE,Prod Monkey Producoes - Modo Integrado - Reconcavo Company Realizador Nixon Prod AudioSonido Satelite Audio Post Prod Guava Post Pais Brasil
El Ojo de Iberoamerica,2024,Design,Filter Caps,Ogilvy Colombia,de Filsa Colombia,Colombia,ORO,Prod Primo Realizador Gina Medina Prod AudioSonido Diego Caceres Producciones Pais Colombia
El Ojo de Iberoamerica,2024,Design,Look for Freedom,Havas Portugal - H- Advisors - Havas Media,de Amnesty International,Portugal,PLATA,Prod Canal 180 Post Prod Canal 180 Pais Portugal
El Ojo de Iberoamerica,2024,Design,Steal Artois,VML Chile,Stella Artois,Chile,PLATA,Prod Rebolucion Realizador Ivan Vescovo Prod AudioSonido Clio Pais Chile
El Ojo de Iberoamerica,2024,Design,Brahma Phone,Africa Creative,Brahma,Brasil,BRONCE,Prod Kaus Film Realizador Los Pibes Prod AudioSonido Satelite Audio Post Prod Guava Post Otras Empresas Monkey Producoes -Thinkers Studios -DraftLine Integrada -TKCV -Oba Print -Dona Antonia Pais Brasil
El Ojo de Iberoamerica,2024,Design,Hauteam Couture,Africa Creative,Brahma,Brasil,BRONCE,Prod Monkey Producoes - Modo Integrado - Reconcavo Company Realizador Nixon Prod AudioSonido Satelite Audio Post Prod Guava Post Pais Brasil
El Ojo de Iberoamerica,2024,Design,Sopa de senas,LLYC,de La Moderna,Mexico,BRONCE,Prod Resident Films Pais Mexico
El Ojo de Iberoamerica,2024,Design,Raras,Kids,de Bodegas Arraez - FEDER Federacion Espanola,Espana,PLATA,Prod La Quadra Realizador Alfonso Gavilan Pais Espana
El Ojo de Iberoamerica,2024,Design,50-50,Lew LaraTBWA,de Camil,Brasil,PLATA,Prod AudioSonido Jamute Post Prod Lew LaraTBWA Pais Brasil
El Ojo de Iberoamerica,2024,Design,Cajaltar,DraftLine Mexico,Victoria,Mexico,BRONCE,Otras Empresas EPA Digital Pais Mexico
El Ojo de Iberoamerica,2024,Design,Sightwalks Veredas que guian,Circus Grey Peru,Cemento Sol,Peru,ORO,Prod Rebeca Producciones - Canica Films - Punto Aparte Realizador Mario Angulo- Alvaro Luque- Mario Bertocchi- Alonso Gutierrez Prod AudioSonido Agosto Music Post Prod Nativo Post Otras Empresas APOYO Comunicacion -Llorente y Cuenca -DINAMO Pais Peru
El Ojo de Iberoamerica,2024,Design,Imagine with Petacos,DDB Colombia - Buentipo Anchor,Bavaria,Colombia,PLATA,Prod Primo Realizador Gina Medina Prod AudioSonido Diego Caceres Pais Colombia
El Ojo de Iberoamerica,2024,Design,Libertadoras,WILD FI Uruguay,de Museo Historico Nacional - Museo Juan Manuel Blanes,Uruguay,BRONCE,Prod Oriental Films Realizador Fabian Rojas - Ignacio Giannini Prod AudioSonido La Mayor -Federico Moreira Post Prod Oriental Films Pais Uruguay
El Ojo de Iberoamerica,2024,Sustentable,Sightwalks Veredas que guian,Circus Grey Peru,Cemento Sol,Peru,GRAN OJO,Prod Rebeca Producciones - Canica Films - Punto Aparte Realizador-a Mario Angulo- Alvaro Luque- Mario Bertocchi- Alonso Gutierrez Prod Audio Sonido Agosto Music Postprod Nativo Post Otras Empresas APOYO Comunicacion -Llorente y Cuenca -DINAMO Pais Peru
El Ojo de Iberoamerica,2024,Sustentable,Amunas recovery,Publicis Peru,Cusquena,Peru,ORO,Prod The Pub Realizador-a Erick Diaz Prod Audio Sonido Agosto Music Postprod The Pub -The Pub Otras Empresas Norte Films Pais Peru
El Ojo de Iberoamerica,2024,Sustentable,Me ofrezco,Revuelta - Mono Madrid,Wallapop,Espana,ORO,Prod Garlic Films Realizador-a OCKHAM Prod Audio Sonido Chaco Music House -La Panaderia Postprod McNulty Pais Espana
El Ojo de Iberoamerica,2024,Sustentable,Amazon Desert Rally,Africa Creative,Vivo,Brasil,PLATA,Prod Genco Realizador-a Andre Vidigal Prod Audio Sonido Satellite Audio Otras Empresas Monkey Producoes Pais Brasil
El Ojo de Iberoamerica,2024,Sustentable,La apertura reveladora,Almap BBDO,O Boticario,Brasil,BRONCE,Prod Globo Brasil - Monster Films Realizador-a Yuri Lima Prod Audio Sonido Cabaret Studio Pais Brasil
El Ojo de Iberoamerica,2024,Sustentable,Imagine with Petacos,DDB Colombia - Buentipo Anchor,Bavaria,Colombia,BRONCE,Prod Primo Realizador-a Gina Medina Prod Audio Sonido Diego Caceres Pais Colombia
El Ojo de Iberoamerica,2024,Sustentable,Improbable Housemates,Dentsu Creative Iberia,MEO,Portugal,ORO,Prod Ministerio dos Filmes Realizador-a Marco Martins Prod Audio Sonido Guel Postprod Glimpse Pais Portugal
El Ojo de Iberoamerica,2024,Sustentable,Filter Caps-,Ogilvy Colombia,Filsa Colombia,Colombia,ORO,Prod Primo Realizador-a Gina Medina Prod Audio Sonido Diego Caceres Producciones Pais Colombia
El Ojo de Iberoamerica,2024,Sustentable,El ranking culinario que alimento a millones-,Valor,Alicorp Peru,Peru,PLATA,Prod Lado V Prod Otras Empresas LLYC PERU -Tribeca Media Pais Peru
El Ojo de Iberoamerica,2024,Sustentable,Car parts for Life,De la Cruz- Ogilvy,Fundacion Stefano - Empresas Fonalledas,Puerto Rico,BRONCE,
El Ojo de Iberoamerica,2024,Sustentable,The gender discount,BETC HAVAS - Suno United Creators,Santander,Brasil,PLATA,Prod MyMama Entertainment - Produceria Realizador-a Ana Valente Prod Audio Sonido Tentaculo Audio -Hefty Pais Brasil
El Ojo de Iberoamerica,2024,Sustentable,Credito de libre transformacion,Digitas Colombia,Finzi,Colombia,PLATA,
El Ojo de Iberoamerica,2024,Sustentable,Tienda Segura,BETC HAVAS,TIM Brasil,Brasil,BRONCE,Prod Merci Studios Prod Audio Sonido Sonido Postprod PX Studio Otras Empresas Mulheres Positivas Pais Brasil
El Ojo de Iberoamerica,2024,Sustentable,Cien,Tribeca Media,Plaza Vea,Peru,BRONCE,Prod Casetera Estudio Realizador-a Alan Clavo Pais Peru
El Ojo de Iberoamerica,2024,Sustentable,Faces of the future,VML Argentina,Rexona,Argentina,BRONCE,Prod Audio Sonido Swing Musica Pais Argentina
El Ojo de Iberoamerica,2024,Sustentable,Sightwalks Veredas que guian,Circus Grey Peru,Cemento Sol,Peru,ORO,Prod Rebeca Producciones - Canica Films - Punto Aparte Realizador-a Mario Angulo- Alvaro Luque- Mario Bertocchi- Alonso Gutierrez Prod Audio Sonido Agosto Music Postprod Nativo Post Otras Empresas APOYO Comunicacion -Llorente y Cuenca -DINAMO Pais Peru
El Ojo de Iberoamerica,2024,Sustentable,Reviews,Africa Creative,Kraft Heinz Brasil,Brasil,PLATA,Prod silviomedeirosnet Realizador-a Silvio Medeiros Prod Audio Sonido Punch Audio Otras Empresas Borderless Citizen Pais Brasil
El Ojo de Iberoamerica,2024,Sustentable,Avatar interview,DDB Colombia,McDonald s,Colombia,PLATA,Prod Los Notarios Realizador-a Felipe Cortes Prod Audio Sonido Diego Caceres Producciones Pais Colombia
El Ojo de Iberoamerica,2024,Sustentable,Braided history,DDB Latina Puerto Rico,Mizani,Puerto Rico,PLATA,Prod DDB Latina Puerto Rico Pais Puerto Rico
El Ojo de Iberoamerica,2024,Sustentable,El ranking culinario que alimento a millones,Valor,Alicorp Peru,Peru,ORO,Prod Lado V Otras Empresas LLYC PERU -Tribeca Media Pais Peru
El Ojo de Iberoamerica,2024,Sustentable,Malekus Los ultimos 600,Havas Costa Rica - BETC HAVAS,The Rainforest Lab,Costa Rica,BRONCE,Prod Fulfierros Prod Audio Sonido Quiet City Music Sound Pais Costa Rica
El Ojo de Iberoamerica,2024,Sustentable,Amunas recovery,Publicis Peru,Cusquena,Peru,ORO,Prod The Pub Realizador-a Erick Diaz Prod Audio Sonido Agosto Music Postprod The Pub -The Pub Otras Empresas Norte Films Pais Peru
El Ojo de Iberoamerica,2024,Sustentable,Reviews,Africa Creative,Kraft Heinz Brasil,Brasil,PLATA,Prod silviomedeirosnet Realizador-a Silvio Medeiros Prod Audio Sonido Punch Audio Otras Empresas Borderless Citizen Pais Brasil
El Ojo de Iberoamerica,2024,Sustentable,Improbable Housemates,Dentsu Creative Iberia,MEO,Portugal,PLATA,Prod Ministerio dos Filmes Realizador-a Marco Martins Prod Audio Sonido Guel Postprod Glimpse Pais Portugal
El Ojo de Iberoamerica,2024,Sustentable,Credito de libre transformacion,Digitas Colombia,Finzi,Colombia,PLATA,
El Ojo de Iberoamerica,2024,Sustentable,Beer retirement account-,Monks,Poker,Colombia,PLATA,Prod Primo Realizador-a Cristian Roncancio Pais Colombia
El Ojo de Iberoamerica,2024,Sustentable,Braided history,DDB Latina Puerto Rico,Mizani,Puerto Rico,BRONCE,Prod DDB Latina Puerto Rico Pais Puerto Rico
El Ojo de Iberoamerica,2024,Sustentable,Reprinting Nica-,Havas Costa Rica - BETC HAVAS,La Prensa Nicaragua,Costa Rica,BRONCE,Prod Fulfierros Prod Audio Sonido Punch Audio Pais Costa Rica
El Ojo de Iberoamerica,2024,Sustentable,Atacama Fashion Week,Artplan,Desierto Vestido,Brasil,ORO,Prod Sugarcane Filmes Realizador-a Igor Selingarde Pais Brasil
El Ojo de Iberoamerica,2024,Sustentable,En nuestras manos,LLYC,StepbyWater,Espana,PLATA,Prod Jupiter Films Pais Espana
El Ojo de Iberoamerica,2024,Sustentable,Address The Invisible,Archer Troy,Techo Mexico --Google,Mexico,ORO,Prod Onirica Realizador-a Eduardo Canto Pais Mexico
El Ojo de Iberoamerica,2024,Sustentable,Nobody should die at XMAS,DoubleYou,Open Arms,Espana,ORO,Prod Blua Realizador-a Iker Iturria Prod Audio Sonido lastcrit Postprod Blua -Moonlight Otras Empresas Engine Agency Pais Espana
El Ojo de Iberoamerica,2024,Sustentable,The missing review,Republica Havas,Amigos For Kids,Estados Unidos,PLATA,Prod El Living - MDS Digital - Twins Music Realizador-a Arturo Vazquez- Lucas Cardona- Fernando Torres- Camila Londono- Jeronimo Gonzalez Montalvo- Max Scott- Tom Huergo Prod Audio Sonido Twins Music -Twins Music -Twins Music Pais Estados Unidos
El Ojo de Iberoamerica,2024,Sustentable,Comida para Gusanos,VML Chile,Ministerio De Salud,Chile,PLATA,Prod Oriental Films Postprod Atomica Otras Empresas Clear Channel Pais Chile
El Ojo de Iberoamerica,2024,Sustentable,Pinata-,Samy Alliance,PETA Global,Espana,BRONCE,Prod ROMA Realizador-a Juan Bascon Prod Audio Sonido Beat Music -OMBU Postprod Marc Morato -Giaccomo Prestinari -Metropolitana Pais Espana
El Ojo de Iberoamerica,2024,Sustentable,Necesito un hombre,TBWAFrederick,Corporacion Humanas,Chile,ORO,Prod independiente Realizador-a Rocio Huerta Pais Chile
El Ojo de Iberoamerica,2024,Sustentable,Libertadoras,WILD FI Uruguay,Museo Historico Nacional - Museo Juan Manuel Blanes,Uruguay,PLATA,Prod Oriental Films Realizador-a Fabian Rojas - Ignacio Giannini Prod Audio Sonido La Mayor -Federico Moreira Postprod Oriental Films Pais Uruguay
El Ojo de Iberoamerica,2024,Sustentable,Despido-,Propeg,Grupo Gay da Bahia GGB,Brasil,BRONCE,Prod Plural Imagem E Som Realizador-a Nico Matteis Prod Audio Sonido Logico Music Postprod Plural Imagem E Som Pais Brasil
El Ojo de Iberoamerica,2024,Sustentable,Address The Invisible-,Archer Troy,Techo Mexico --Google,Mexico,ORO,Prod Onirica Realizador-a Eduardo Canto Pais Mexico
El Ojo de Iberoamerica,2024,Sustentable,Welcome to the group-,PHD Costa Rica - Shiift Porter Novelli - TBWARIOT,Cambiemos la Regla,Costa Rica,BRONCE,Prod Kaiju Pais Costa Rica
El Ojo de Iberoamerica,2024,Sustentable,Manuales para sobrevivir-,Publicidad Comercial MullenLowe El Salvador El Salvador,manualesparasobrevivirorg,El Salvador,BRONCE,Prod Simple Society El Salvador - Garage Film El Salvador Realizador-a Carlos Escalon- Fernando Vilanova Prod Audio Sonido The Farm - Rocco Postprod Simple Society Pais El Salvador
El Ojo de Iberoamerica,2024,Sports,Hotel La Argentina,Mercado McCann,TyC Sports Prod Virgen Films Realizador-a Martin,Argentina,GRAN OJO,Prod Virgen Films Realizador-a Martin de Escalada Prod Audio Sonido Virgen Films Postprod Virgen Films -Virgen Films Otras Empresas Supercharango Pais Argentina
El Ojo de Iberoamerica,2024,Sports,Pasado perfecto,Mercado McCann,Schneider,Argentina,PLATA,Prod Poster Realizador-a Sebastian Caporelli Prod Audio Sonido Porta Estudio Postprod Poster -Poster Otras Empresas Pimba VFX Pais Argentina
El Ojo de Iberoamerica,2024,Sports,Faces of the future,VML Argentina,Rexona,Argentina,PLATA,Prod Audio Sonido Swing Musica Pais Argentina
El Ojo de Iberoamerica,2024,Sports,Hotel La Argentina,Mercado McCann,TyC Sports Prod Virgen Films Realizador-a Martin,Argentina,ORO,Prod Virgen Films Realizador-a Martin de Escalada Prod Audio Sonido Virgen Films Postprod Virgen Films -Virgen Films Otras Empresas Supercharango Pais Argentina
El Ojo de Iberoamerica,2024,Sports,Barrios rivales,Don,Flow,Argentina,PLATA,Prod Huinca Cine Les Beaux Realizador-a Salomao Figueiredo Pais Argentina
El Ojo de Iberoamerica,2024,Sports,Foodball Fans,Fahrenheit DDB,Plaza Vea,Peru,PLATA,Prod Locomotor Realizador-a Bruno Rey Prod Audio Sonido Creasonica Pais Peru
El Ojo de Iberoamerica,2024,Sports,Olimpack,From,PedidosYa Market,Uruguay,PLATA,Prod From Pais Uruguay
El Ojo de Iberoamerica,2024,Sports,Hay una apuesta en el aire,Havas Colombia - Hoy by Havas Argentina,Wingo - Flybondi Argentina,Colombia,BRONCE,Prod Havas POP Prod Audio Sonido Twins Music -Max Scott-Jose Violante-Jeronimo Gonzalez Montalvo Otras Empresas Wingo Pais Colombia
El Ojo de Iberoamerica,2024,Sports,Nombres confundidos,Republica Havas,Asociacion Lucha contra el Mal,Argentina,ORO,Prod Walden Studio - Twins Music Realizador-a Guido Cassini - Matias Pisani - Jeronimo Gonzalez Montalvo- Max Scott- Tom Huergo Prod Audio Sonido Twins Music Pais Argentina
El Ojo de Iberoamerica,2024,Sports,Yo estuve ahi,di Paola Latina Argentina,Missing Children Argentina,Argentina,BRONCE,Prod Mama Hungara Realizador-a Mama Hungara Prod Pais Argentina
El Ojo de Iberoamerica,2024,Sports,Face un-recognition,Republica Havas,Asociacion Lucha contra el Mal,Argentina,BRONCE,Prod Retina - Twins Music Realizador-a Juan Pablo Carrizo- Sergio Godoy- Jeronimo Gonzalez Montalvo- Max Scott- Tom Huergo Prod Audio Sonido Twins Music Postprod Pato Llambi Pais Argentina
El Ojo de Iberoamerica,2024,Sports,Hotel La Argentina,Mercado McCann,TyC Sports,Argentina,ORO,Prod Virgen Films Realizador-a Martin de Escalada Prod Audio Sonido Virgen Films Postprod Virgen Films Otras Empresas Supercharango Pais Argentina
El Ojo de Iberoamerica,2024,Sports,Barrios rivales,Don,Flow,Argentina,PLATA,Prod Huinca Cine Les Beaux Realizador-a Salomao Figueiredo Pais Argentina
El Ojo de Iberoamerica,2024,Sports,Gatorade match saver,Springtime,Gatorade,Argentina,ORO,Prod Mama Hungara Realizador-a Fede Garcia Rico Prod Audio Sonido Papamusic -Porta Estudio PostprodMM Otras Empresas No Smoking Pais Argentina
El Ojo de Iberoamerica,2024,Sports,Lucky news,Paradais DDB,Ecuasal,Ecuador,BRONCE,
El Ojo de Iberoamerica,2024,Sports,Clean Sponsorship,DM9,Consul,Brasil,ORO,Prod Corazon Filmes Realizador-a Bruno Zanetti Prod Audio Sonido Satelite Audio Pais Brasil
El Ojo de Iberoamerica,2024,Sports,Patrocinio sudado,Isla,Gatorade,Colombia,ORO,Prod Aleta Media Realizador-a Matias Ferrari Prod Pais Colombia
El Ojo de Iberoamerica,2024,Sports,Amazon Desert Rally,Africa Creative,Vivo,Brasil,BRONCE,Prod Genco Realizador-a Andre Vidigal Prod Audio Sonido Satellite Audio Otras Empresas Monkey Producoes Pais Brasil
El Ojo de Iberoamerica,2024,Sports,Foodball Fans,Fahrenheit DDB,Plaza Vea,Peru,BRONCE,Prod Locomotor Realizador-a Bruno Rey Prod Audio Sonido Creasonica Pais Peru
El Ojo de Iberoamerica,2024,Sports,Imaginary Squads,GALERIAag,Itau,Brasil,BRONCE,Prod Frame Realizador-a Edu Simon- Rafael Urenha- Ducha Lopes- Phil Daijo Prod Audio Sonido Canja Postprod Frame Pais Brasil
El Ojo de Iberoamerica,2024,Sports,Imaginary Squads,GALERIAag,Itau,Brasil,PLATA,Prod Frame Realizador-a Edu Simon- Rafael Urenha- Ducha Lopes- Phil Daijo Prod Audio Sonido Canja Postprod Frame Pais Brasil
El Ojo de Iberoamerica,2024,Sports,Todos Somos Sub20,VML Uruguay,Banco,Uruguay,PLATA,Prod Cholo Films - VML Uruguay Pais Uruguay
El Ojo de Iberoamerica,2024,Sports,Identical Fans,TBWAPeru,BCP,Peru,BRONCE,
El Ojo de Iberoamerica,2024,Sports,Gamer Loan,Paradais DDB,Banco del Pacifico,Ecuador,ORO,Realizador-a Tito Duran Prod PostprodChristopher Valdiviezo Pais Ecuador
El Ojo de Iberoamerica,2024,Sports,Target your hunger,Madison DDB,Heinz,Costa Rica,BRONCE,Prod Emotions Realizador-a Rolando Munoz Prod Pais Costa Rica
El Ojo de Iberoamerica,2024,Sports,WiFi Refresh,VML Brasil,Mentos,Brasil,BRONCE,Prod Ambiencia Prod Audio Sonido Canja Audio Culture Otras Empresas BR Media Group Pais Brasil
El Ojo de Iberoamerica,2024,Sports,Juega por el futuro,VML Espana - VML Brasil - VML Estados Unidos,Greenpeace Chile,Espana,BRONCE,Prod Audio Sonido Jamute Otras Empresas Druid Creative Gaming Pais Espana
El Ojo de Iberoamerica,2024,Sports,Stains of Glory,MullenLowe SSP3,ALA,Argentina,PLATA,
El Ojo de Iberoamerica,2024,Sports,Gatorade match saver,Springtime,Gatorade,Argentina,PLATA,Prod Mama Hungara Realizador-a Fede Garcia Rico Prod Audio Sonido Papamusic -Porta Estudio PostprodMM Otras Empresas No Smoking Pais Argentina
El Ojo de Iberoamerica,2024,Sports,Audience Delivery,DM9 - Live Mode,iFood,Brasil,ORO,Prod Handmaker Realizador-a Fernando Lenox Prod Audio Sonido Mr Pink Pais Brasil
El Ojo de Iberoamerica,2024,Sports,Faces of the future,VML Argentina,Rexona,Argentina,PLATA,Prod Audio Sonido Swing Musica Pais Argentina
El Ojo de Iberoamerica,2024,Sports,MujeresIncreibles,Archer Troy,Tupperware Mexico,Mexico,BRONCE,
El Ojo de Iberoamerica,2024,Sports,Hinchas silenciosos,BBDO Chile,Ministerio del Deporte,Chile,BRONCE,Prod Alaska Films - UOIEA Studio Postprod Punk Robot Pais Chile
El Ojo de Iberoamerica,2024,Sports,Quinceaneras FC,WiedenKennedy Mexico,Nike Mexico,Mexico,BRONCE,Prod Candela Realizador-a Alejandra Castilla Pais Mexico
El Ojo de Iberoamerica,2024,Sports,Pasado perfecto,Mercado McCann,Schneider,Argentina,PLATA,Prod Poster Realizador-a Sebastian Caporelli Prod Audio Sonido Porta Estudio Postprod Poster -Poster Otras Empresas Pimba VFX Pais Argentina
El Ojo de Iberoamerica,2024,Sports,Los dos partidos,Nodos Peru,RPP,Peru,PLATA,Prod Audio Sonido Soundlab Pais Peru
El Ojo de Iberoamerica,2024,Sports,3 vueltas,R-GA Buenos Aires - Becoming Mode,Gatorade,Argentina,PLATA,Prod Mama Hungara Realizador-a Federico Ondjian Pais Argentina
El Ojo de Iberoamerica,2024,Sports,MujeresIncreibles,Archer Troy,Tupperware Mexico,Mexico,BRONCE,
El Ojo de Iberoamerica,2024,Sports,Olimpack,From,PedidosYa Market,Uruguay,BRONCE,Prod From Pais Uruguay
El Ojo de Iberoamerica,2024,Sports,Stains of Glory,MullenLowe SSP3,ALA,Argentina,BRONCE,
El Ojo de Iberoamerica,2024,Sports,Hotel La Argentina,Mercado McCann,TyC Sports,Argentina,ORO,Prod Virgen Films Realizador-a Martin de Escalada Prod Audio Sonido Virgen Films Postprod Virgen Films -Virgen Films Otras Empresas Supercharango Pais Argentina
El Ojo de Iberoamerica,2024,Sports,Seguro del hincha,Publicis Impetu,Supermatch,Uruguay,BRONCE,Prod Oriental Films Realizador-a Diego Robino Pais Uruguay
El Ojo de Iberoamerica,2024,Contenido,Hotel La Argentina,Mercado McCann,TyC Sports,Argentina,GRAN OJO,Prod Virgen Films Realizador-a Martin de Escalada Prod Audio Sonido Virgen Films Postprod Virgen Films -Virgen Films Otras Empresas Supercharango Paises Argentina
El Ojo de Iberoamerica,2024,Contenido,Suerte shot on iPhone 15,TBWAMedia Arts Lab Miami,Apple,Estados Unidos,PLATA,Prod Landia Realizador-a CLIQUA Raul Sanchez Pasqual Gutierrez Paises Estados Unidos
El Ojo de Iberoamerica,2024,Contenido,Suerte shot on iPhone 15,TBWAMedia Arts Lab Miami,Apple,Estados Unidos,PLATA,Prod Landia Realizador-a CLIQUA Raul Sanchez Pasqual Gutierrez Paises Estados Unidos
El Ojo de Iberoamerica,2024,Contenido,Historias que no pudieron ser,Innvented Uruguay,Madres y Familiares,Uruguay,ORO,Prod Oriental Films Realizador-a Charly Gutierrez- Marindia Paises Uruguay
El Ojo de Iberoamerica,2024,Contenido,Nombres confundidos,Republica Havas,Asociacion Lucha contra el Mal,Argentina,PLATA,Prod Walden Studio - Twins Music Realizador-a Guido Cassini - Matias Pisani - Jeronimo Gonzalez Montalvo- Max Scott- Tom Huergo Prod Audio Sonido Twins Music Paises Argentina
El Ojo de Iberoamerica,2024,Contenido,Hotel La Argentina,Mercado McCann,TyC Sports,Argentina,ORO,Prod Virgen Films Realizador-a Martin de Escalada Prod Audio Sonido Virgen Films Postprod Virgen Films -Virgen Films Otras Empresas Supercharango Paises Argentina
El Ojo de Iberoamerica,2024,Contenido,This is not a game,VML Mexico,Movistar Mexico,Mexico,ORO,Prod Landia Realizador-a Lucas Shannon Prod Audio Sonido BDS Postprod Landia Paises Mexico
El Ojo de Iberoamerica,2024,Contenido,Suerte shot on iPhone 15,TBWAMedia Arts Lab Miami,Apple,Estados Unidos,BRONCE,Prod Landia Realizador-a CLIQUA Raul Sanchez Pasqual Gutierrez Paises Estados Unidos
El Ojo de Iberoamerica,2024,Contenido,UninterruptAds,Africa Creative,Budweiser,Brasil,ORO,Prod Modo Integrado - La Carretera Films Prod Audio Sonido Mugshot Otras Empresas Sante Music Agency Paises Brasil
El Ojo de Iberoamerica,2024,Contenido,The test list,TombrasNina,Grupo Omint,Argentina,BRONCE,Prod Hello Stranger Prod Audio Sonido TITAN Postprod TombrasNina Otras Empresas Warner Music Otro Paises Argentina
El Ojo de Iberoamerica,2024,Contenido,VW 70 anos,Almap BBDO,Volkswagen Brasil,Brasil,ORO,Prod Boiler Filmes Realizador-a Dulcidio Caldeira Prod Audio Sonido Raw Audio Postprod Flow Effects -Acauan Pastore Otras Empresas Giusti Comunicacao Paises Brasil
El Ojo de Iberoamerica,2024,Contenido,UninterruptAds,Africa Creative,Budweiser,Brasil,PLATA,Prod Modo Integrado - La Carretera Films Prod Audio Sonido Mugshot Otras Empresas Sante Music Agency Paises Brasil
El Ojo de Iberoamerica,2024,Contenido,Errata at 88,Almap BBDO,Johnnie Walker,Brasil,PLATA,Prod Almap BBDO Realizador-a Rodrigo Resende- Diego Villas Boas Prod Audio Sonido Cabaret Studio Otras Empresas Giusti Comunicacao -Inside Out PR -Suba Junto Paises Brasil
El Ojo de Iberoamerica,2024,Contenido,13 Cielos Videoclip,WiedenKennedy Mexico,Victoria,Mexico,PLATA,Prod The Maestros Realizador-a Rodrigo Valdes- Giuliana Tommasi Prod Audio Sonido Yamil Misael Gomez Postprod The Maestros -Mathematic Studio -Club Color -Diego Flores Otras Empresas Astro LX -Javier Umpierrez Paises Mexico
El Ojo de Iberoamerica,2024,Contenido,Suerte shot on iPhone 15,TBWAMedia Arts Lab Miami,Apple,Estados Unidos,BRONCE,Prod Landia Realizador-a CLIQUA Raul Sanchez Pasqual Gutierrez Paises Estados Unidos
El Ojo de Iberoamerica,2024,Contenido,Fan profesional,Africa Creative,Budweiser,Brasil,PLATA,Prod Modo Integrado Prod Audio Sonido Canja Audio Culture -Eduardo Karas-Filipe Resende-Levi Mynssen de Mello-Filipe Lopes-Levi Mynssen de Mello-Nando de Castro-Matheus Peres-Lari Storch-Ana Flor Bohrer-Flavia Medeiros-Igor Lobo-Mariana Aldrigue Paises Brasil
El Ojo de Iberoamerica,2024,Contenido,Sociedad de la Nieve Que nos paso en la Montana,Jellyfish,Netflix Espana,Espana,BRONCE,
El Ojo de Iberoamerica,2024,Contenido,Suerte shot on iPhone 15,TBWAMedia Arts Lab Miami,Apple,Estados Unidos,PLATA,Prod Landia Realizador-a CLIQUA Raul Sanchez Pasqual Gutierrez Paises Estados Unidos
El Ojo de Iberoamerica,2024,Contenido,Medalla Drinkers Know,DDB Latina Puerto Rico,Medalla Light,Puerto Rico,PLATA,Prod DDB Latina Puerto Rico Realizador-a Peter Peralta- Luis Romero Paises Puerto Rico
El Ojo de Iberoamerica,2024,Contenido,Fan profesional,Africa Creative,Budweiser,Brasil,ORO,Prod Modo Integrado Prod Audio Sonido Canja Audio Culture -Eduardo Karas-Filipe Resende-Levi Mynssen de Mello-Filipe Lopes-Levi Mynssen de Mello-Nando de Castro-Matheus Peres-Lari Storch-Ana Flor Bohrer-Flavia Medeiros-Igor Lobo-Mariana Aldrigue Paises Brasil
El Ojo de Iberoamerica,2024,Contenido,Nombres confundidos,Republica Havas,Asociacion Lucha contra el Mal,Argentina,BRONCE,Prod Walden Studio - Twins Music Realizador-a Guido Cassini - Matias Pisani - Jeronimo Gonzalez Montalvo- Max Scott- Tom Huergo Prod Audio Sonido Twins Music Paises Argentina
El Ojo de Iberoamerica,2024,Contenido,Libertadoras,WILD FI Uruguay,Museo Historico Nacional - Museo Juan Manuel Blanes,Uruguay,BRONCE,Prod Oriental Films Realizador-a Fabian Rojas - Ignacio Giannini Prod Audio Sonido La Mayor -Federico Moreira Postprod Oriental Films Paises Uruguay
El Ojo de Iberoamerica,2024,Contenido,KFC auto Grand Prix,PS21,KFC Espana,Espana,ORO,
El Ojo de Iberoamerica,2024,Contenido,Forteleton,DDB Chile,Banco,Chile,BRONCE,Prod Neumann Realizador-a Pablo Neumann Prod Audio Sonido Sauvalle Paises Chile
El Ojo de Iberoamerica,2024,Contenido,This is not a game,VML Mexico,Movistar Mexico,Mexico,ORO,Prod Landia Realizador-a Lucas Shannon Prod Audio Sonido BDS Postprod Landia Otras Paises Mexico
El Ojo de Iberoamerica,2024,Contenido,Me ofrezco,Revuelta - Mono Madrid,Wallapop,Espana,PLATA,Prod Garlic Films Realizador-a OCKHAM Prod Audio Sonido Chaco Music House -La Panaderia Postprod McNulty Paises Espana
El Ojo de Iberoamerica,2024,Contenido,Muertes invisibles,Pousta,Club Deportivo Palestino,Chile,BRONCE,Prod Blackstar Realizador-a Esteban Cabezas- Sebastian Lara- Diego Cabezas- Fabian Novoa- Javier Santelices Prod Audio Sonido Pulso Music Paises Chile
El Ojo de Iberoamerica,2024,Contenido,KFC auto Grand Prix,PS21,KFC Espana,Espana,PLATA,
El Ojo de Iberoamerica,2024,Contenido,El sabor del hate,This is Libre,Grefusa,Espana,PLATA,Prod Blank Films Realizador-a Diego Guerrero Paises Espana
El Ojo de Iberoamerica,2024,Contenido,Hotel La Argentina,Mercado McCann,TyC Sports,Argentina,ORO,Prod Virgen Films Realizador-a Martin de Escalada Prod Audio Sonido Virgen Films Postprod Virgen Films -Virgen Films Otras Empresas Supercharango Paises Argentina
El Ojo de Iberoamerica,2024,Contenido,Fer,anonimo,Save the Children Mexico,Mexico,PLATA,Prod Catatonia Realizador-a Laura Baumeister Prod Audio Sonido Audios Estudio Shalala -Warner Chappell Music Argentina Postprod Catatonia -Fantastic Post Paises Mexico
El Ojo de Iberoamerica,2024,Contenido,Historias que no pudieron ser,Innvented Uruguay,Madres y Familiares,Uruguay,PLATA,Prod Oriental Films Realizador-a Charly Gutierrez- Marindia Paises Uruguay
El Ojo de Iberoamerica,2024,Contenido,This is not a game,VML Mexico,Movistar Mexico,Mexico,GRAN OJO,Prod Landia Realizador-a Lucas Shannon Prod Audio Sonido BDS Postprod Landia Pais Mexico
El Ojo de Iberoamerica,2024,Contenido,Gamer Loan,Paradais DDB,Banco del Pacifico,Ecuador,ORO,Realizador-a Tito Duran Postprod Christopher Valdiviezo Pais Ecuador
El Ojo de Iberoamerica,2024,Contenido,This is not a game,VML Mexico,Movistar Mexico,Mexico,ORO,Prod Landia Realizador-a Lucas Shannon Prod Audio Sonido BDS Postprod Landia Pais Mexico
El Ojo de Iberoamerica,2024,Contenido,Filter Caps,Ogilvy Colombia,Filsa Colombia,Colombia,PLATA,Prod Primo Realizador-a Gina Medina Prod Audio Sonido Diego Caceres Producciones Pais Colombia
El Ojo de Iberoamerica,2024,Contenido,Thanks for Coke-Creating,VML Mexico - VML Brasil,Coca-Cola,Mexico,PLATA,Prod Mango Films - Sugarcane Filmes - Baliprod Otro- Glitch Productions Otro- NetoShookan Productions Otro Realizador-a Erik Tapia Otras Empresas Raw Audio -VML Brasil -Sugarcane Filmes -Ogilvy Otro-EssenceMediacom Pais Mexico
El Ojo de Iberoamerica,2024,Contenido,Find Your Summer,LOLA MullenLowe,Magnum Ice Cream,Espana,BRONCE,Prod MJZ Realizador-a Juan Cabral Prod Audio Sonido Big Sync Postprod Glassworks Otras Empresas Mindshare Otro Pais Espana
El Ojo de Iberoamerica,2024,Contenido,Wrong Candidates,Alma DDB,Change the Ref,Estados Unidos,ORO,
El Ojo de Iberoamerica,2024,Contenido,Welcome to the group,PHD Costa Rica - Shiift Porter Novelli - TBWARIOT,Cambiemos la Regla,Costa Rica,PLATA,Prod Kaiju Pais Costa Rica
El Ojo de Iberoamerica,2024,Contenido,Help Plus,Lew Lara TBWA,Cruz Vermelha Sao Paulo,Brasil,BRONCE,Prod Movietrailer - Trust Prod Audio Sonido Sonido Audio Otras Empresas Bolha Pais Brasil
El Ojo de Iberoamerica,2024,Contenido,En nuestras manos,LLYC,StepbyWater,Espana,BRONCE,Prod Jupiter Films Pais Espana
El Ojo de Iberoamerica,2024,Innovacion,Filter Caps,Ogilvy Colombia,Filsa Colombia,Colombia,GRAN OJO,Prod Primo Realizador-a Gina Medina Prod Audio Sonido Diego Caceres Producciones Pais Colombia
El Ojo de Iberoamerica,2024,Innovacion,Filter Caps,Ogilvy Colombia,Filsa Colombia,Colombia,ORO,Prod Primo Realizador-a Gina Medina Prod Audio Sonido Diego Caceres Producciones Pais Colombia
El Ojo de Iberoamerica,2024,Innovacion,Imagine with Petacos,DDB Colombia - Buentipo Anchor,Bavaria,Colombia,BRONCE,Prod Primo Realizador-a Gina Medina Prod Audio Sonido Diego Caceres Pais Colombia
El Ojo de Iberoamerica,2024,Innovacion,Impulse,Cheil Espana,Samsung Espana,Espana,ORO,Prod Somos 5 Realizador-a Alfredo Lobo Postprod Somos5 Otras Empresas Acid Tango Pais Espana
El Ojo de Iberoamerica,2024,Innovacion,Address The Invisible,Archer Troy,Techo Mexico --Google,Mexico,PLATA,Prod Onirica Realizador-a Eduardo Canto Pais Mexico
El Ojo de Iberoamerica,2024,Innovacion,Vanishing Emails,VML Peru,Amazon Web Services,Estados Unidos,PLATA,Prod Ladoble - SLALOM Otro Realizador-a Martin Donozo Postprod Facundo Junquet -Luis Staffolani -Cynthia Fuentes Otras Empresas SLALOM Otro Pais Estados Unidos
El Ojo de Iberoamerica,2024,Innovacion,Literacy pen,Monks,Literacy Pen,Estados Unidos,BRONCE,Prod Primo - EMERGE Beijing Otro- Believe TV Otro Prod Audio Sonido Vox Haus Pais Estados Unidos
El Ojo de Iberoamerica,2024,Innovacion,Imagine with Petacos,DDB Colombia - Buentipo Anchor,Bavaria,Colombia,PLATA,Prod Primo Realizador-a Gina Medina Prod Audio Sonido Diego Caceres Pais Colombia
El Ojo de Iberoamerica,2024,Innovacion,Address The Invisible-,Archer Troy,Techo Mexico --Google,Mexico,BRONCE,Prod Onirica Realizador-a Eduardo Canto Pais Mexico
El Ojo de Iberoamerica,2024,Innovacion,Amunas recovery-,Publicis Peru,Cusquena,Peru,BRONCE,Prod The Pub Realizador-a Erick Diaz Prod Audio Sonido Agosto Music Postprod The Pub -The Pub Otras Empresas Norte Films Pais Peru
El Ojo de Iberoamerica,2024,Creative Data,Promesas Absurdas,VML Argentina,ASDRA Asociacion Sindrome,Argentina,GRAN OJO CREATIVE DATA,Prod Landia Realizador-a Diego Dutil- Tomas Quartino Prod Audio Sonido Violeta Music Pais Argentina
El Ojo de Iberoamerica,2024,Creative Data,La metrica embotellada,interaction,PNUD,Costa Rica,ORO,
El Ojo de Iberoamerica,2024,Creative Data,Rainbow Washing Detector,DDB Mexico,Capaxia,Mexico,PLATA,Prod Habitant Productions - Bionica Realizador-a Adrian Suarez- Mauro Bravo Prod Audio Sonido Estudios Machina Otras Empresas Bionica -Porter Novelli -Trebolbit Pais Mexico
El Ojo de Iberoamerica,2024,Creative Data,Promesas absurdas,VML Argentina,ASDRA Asociacion Sindrome,Argentina,PLATA,Prod Landia Realizador-a Diego Dutil- Tomas Quartino Prod Audio Sonido Violeta Music Pais Argentina
El Ojo de Iberoamerica,2024,Creative Data,La Tierra de los Invisibles,iD TBWA,SP Invisivel,Brasil,BRONCE,Prod Paranoid Brasil Realizador-a Rene Baldiserra - Gabriel Neves Prod Audio Sonido Jamute Postprod Clan VFX -Bleach Otras Empresas Instagrafite -Embed Producao Digital Pais Brasil
El Ojo de Iberoamerica,2024,Creative Data,Animal alerts,Serviceplan Alemania - Lanfranco Cordova NYC - Tulom PR,PetPace,Peru,ORO,Prod Rebeca Producciones Realizador-a Matias Gutierrez Prod Audio Sonido Agosto Music -Agosto Music Postprod Nativo Post Otras Empresas Tulom PR -Eat-Astral Kreativ Otro-Mediaplus Group Otro-Peppercomm Pais Peru
El Ojo de Iberoamerica,2024,Creative Data,Dolar Diarco,BB agencia,Diarco,Argentina,PLATA,Realizador-a Mariano Alvarez Parracia Pais Argentina
El Ojo de Iberoamerica,2024,Creative Data,Promesas absurdas,VML Argentina,ASDRA Asociacion Sindrome,Argentina,BRONCE,Prod Landia Realizador-a Diego Dutil- Tomas Quartino Prod Audio Sonido Violeta Music Pais Argentina
El Ojo de Iberoamerica,2024,Creative Data,Gamer Loan,Paradais DDB,Banco del Pacifico,Ecuador,ORO,Realizador-a Tito Duran Prod Pais Ecuador
El Ojo de Iberoamerica,2024,Creative Data,KFC auto Grand Prix,PS21,KFC Espana,Espana,BRONCE,
El Ojo de Iberoamerica,2024,Creative Data,Promesas absurdas,VML Argentina,ASDRA Asociacion Sindrome,Argentina,ORO,Prod Landia Realizador-a Diego Dutil- Tomas Quartino Prod Audio Sonido Violeta Music Pais Argentina
El Ojo de Iberoamerica,2024,Creative Data,W1ng Cod3s,Havas HOY,Volaris Aerolinea,Mexico,PLATA,Prod Havas HOY Realizador-a David Camacho Pais Mexico
El Ojo de Iberoamerica,2024,Creative Data,La Tierra de los Invisibles,iD TBWA,SP Invisivel,Brasil,BRONCE,Prod Paranoid Brasil Realizador-a Rene Baldiserra - Gabriel Neves Prod Audio Sonido Jamute Postprod Clan VFX -Bleach Otras Empresas Instagrafite -Embed Producao Digital Pais Brasil
El Ojo de Iberoamerica,2024,Creative Data,Unforgettable Women,MullenLowe Delta,Banco Pichincha Ecuador,Ecuador,BRONCE,Prod Bang Motions Films - The Others Realizador-a Yayo Alarcon Prod Audio Sonido Fletcher Munson Pais Ecuador
El Ojo de Iberoamerica,2024,Creative Data,Algoritmo Salvaje Reset,Edelman Espana,Ampara Silvestre,Brasil,ORO,Prod Nelson Jimenez Ortiz de Zarate Realizador-a Nelson Jimenez Ortiz de Zarate Pais Brasil
El Ojo de Iberoamerica,2024,Creative Data,Promesas absurdas,VML Argentina,ASDRA Asociacion Sindrome,Argentina,PLATA,Prod Landia Realizador-a Diego Dutil- Tomas Quartino Prod Audio Sonido Violeta Music Pais Argentina
El Ojo de Iberoamerica,2024,Creative Data,Rainbot,LLYC,Pride Connection Mexico,Mexico,BRONCE,Prod LLYC Pais Mexico
El Ojo de Iberoamerica,2024,Creative Data,Rock DNA,Almap BBDO,de Billboard Brasil,Brasil,ORO,Prod Acaca Prod Audio Sonido Punch Audio Otras Empresas Giusti Creative PR -Mynd Pais Brasil
El Ojo de Iberoamerica,2024,Creative Data,Promesas absurdas,VML Argentina,ASDRA Asociacion Sindrome,Argentina,PLATA,Prod Landia Realizador-a Diego Dutil- Tomas Quartino Prod Audio Sonido Violeta Music Pais Argentina
El Ojo de Iberoamerica,2024,Creative Data,Thermal Sensation of Urgency,Lew LaraTBWA,Cruz Vermelha Sao Paulo,Brasil,BRONCE,Prod Monster Films Prod Audio Sonido DragonFly Pais Brasil
El Ojo de Iberoamerica,2024,Creative Commerce,Samsung Throwback Deals-,MRM Brasil,Samsung Brasil,Brasil,GRAN OJO CREATIVE COMMERCE,
El Ojo de Iberoamerica,2024,Creative Commerce,Gallery of meme-,DDB Colombia,Artrade,Colombia,BRONCE,Prod La Octava Productora Realizador-a Jose Maria Angel Pais Colombia
El Ojo de Iberoamerica,2024,Creative Commerce,W1ng Cod3s-,Havas HOY,Volaris Aerolinea,Mexico,ORO,Prod Havas HOY Realizador-a David Camacho Pais Mexico
El Ojo de Iberoamerica,2024,Creative Commerce,Comentarios turisticos-,Havas Peru,Sky Airline Peru,Peru,PLATA,
El Ojo de Iberoamerica,2024,Creative Commerce,Deci Fulbo-,draftLine BUE,TaDa,Argentina,BRONCE,
El Ojo de Iberoamerica,2024,Creative Commerce,Audience Delivery-,DM9 - Live Mode,iFood,Brasil,ORO,Prod Handmaker Realizador-a Fernando Lenox Prod Audio Sonido Mr Pink Pais Brasil
El Ojo de Iberoamerica,2024,Creative Commerce,Hay una apuesta en el aire-,Havas Colombia - Hoy by Havas Argentina,Wingo - Flybondi Argentina,Colombia,PLATA,Prod Havas POP Prod Audio Sonido Twins Music -Max Scott-Jose Violante-Jeronimo Gonzalez Montalvo Otras Empresas Wingo Pais Colombia
El Ojo de Iberoamerica,2024,Creative Commerce,TaDa Onfire-,Grey Mexico,TaDa,Paraguay,BRONCE,Prod Guarani Films Realizador-a Juan Manuel Montero Postprod Guarani Films Otras Empresas Flow Studio LA Pais Paraguay
El Ojo de Iberoamerica,2024,Creative Commerce,Talento Encubierto-,Monks,Mercado Libre,Argentina,BRONCE,Prod Paramount Pais Argentina
El Ojo de Iberoamerica,2024,Creative Commerce,Imagine with Petacos-,DDB Colombia - Buentipo Anchor,Bavaria,Colombia,ORO,Prod Primo Realizador-a Gina Medina Prod Audio Sonido Diego Caceres Pais Colombia
El Ojo de Iberoamerica,2024,Creative Commerce,00 Prohibition-,Publicis Argentina,Heineken,Argentina,PLATA,Prod Ladoble Realizador-a Martin Donozo- Belen Arana Prod Audio Sonido Vox Haus Postprod Facundo Junquet Pais Argentina
El Ojo de Iberoamerica,2024,Creative Commerce,Monopoly-,TBWAEspana,McDonald s Espana,Espana,BRONCE,
El Ojo de Iberoamerica,2024,Creative Commerce,The Art of Hack-,Cheil Espana,Samsung Espana,Espana,ORO,
El Ojo de Iberoamerica,2024,Creative Commerce,The e-commerce of trust-,DDB Mexico,Gahr WeCapital,Mexico,BRONCE,Prod Whisky Films Realizador-a German Tejada Prod Audio Sonido Estudios Machina Otras Empresas Porter Novelli Pais Mexico
El Ojo de Iberoamerica,2024,Creative Commerce,Line Guide-,DDB Mexico,Embasa,Mexico,BRONCE,Prod Landia Realizador-a Thomas Amoedo Prod Audio Sonido Estudios Machina Otras Empresas Porter Novelli Pais Mexico
El Ojo de Iberoamerica,2024,Creative Commerce,Beer retirement account-,Monks,Poker,Colombia,ORO,Prod Primo Realizador-a Cristian Roncancio Pais Colombia
El Ojo de Iberoamerica,2024,Creative Commerce,W1ng Cod3s-,Havas HOY,Volaris Aerolinea,Mexico,BRONCE,Prod Havas HOY Realizador-a David Camacho Pais Mexico
El Ojo de Iberoamerica,2024,Creative Commerce,Install our logo-,Leo Burnett Mexico - Gato - Hey Kid Design Studio,ADT Security,Mexico,BRONCE,Prod Gato Realizador-a Axel Elizondo- Tom Escobar Prod Audio Sonido Cluster Postprod Cluster -Cluster Otras Empresas Starcom Mexico Pais Mexico
El Ojo de Iberoamerica,2024,Creative Commerce,Install our logo-,Leo Burnett Mexico - Gato - Hey Kid Design Studio,ADT Security,Mexico,ORO,Prod Gato Realizador-a Axel Elizondo- Tom Escobar Prod Audio Sonido Cluster Postprod Cluster -Cluster Otras Empresas Starcom Mexico Pais Mexico
El Ojo de Iberoamerica,2024,Creative Commerce,Imagine with Petacos-,DDB Colombia - Buentipo Anchor,Bavaria,Colombia,PLATA,Prod Primo Realizador-a Gina Medina Prod Audio Sonido Diego Caceres Pais Colombia
El Ojo de Iberoamerica,2024,Creative Commerce,Comentarios turisticos-,Havas Peru,Sky Airline Peru,Peru,PLATA,
El Ojo de Iberoamerica,2024,Creative Commerce,Tulipan Teniendo sexo podemos reactivar la economia-,Zurda Agency,Tulipan,Argentina,PLATA,Prod Retina Postprod Retina Pais Argentina
El Ojo de Iberoamerica,2024,Creative Commerce,Imagine with Petacos-,DDB Colombia - Buentipo Anchor,Bavaria,Colombia,PLATA,Prod Primo Realizador-a Gina Medina Prod Audio Sonido Diego Caceres Pais Colombia
El Ojo de Iberoamerica,2024,Eficacia,Es Fraude,TERAN TBWA,de BBVA Mexico,Mexico,GRAN OJO EFICACIA,Prod Voces Imaginarias Realizador Mario Munoz Prod Post Prod Fernando Bencomo -Effects or Films Otras Empresas Mindshare Pais Mexico
El Ojo de Iberoamerica,2024,Eficacia,Imagine with Petacos,DDB Colombia - Buentipo Anchor,Bavaria,Colombia,ORO,Prod Primo Realizador Gina Medina Prod AudioSonido Diego Caceres Pais Colombia
El Ojo de Iberoamerica,2024,Eficacia,CampofrIA,This is Libre,de Campofrio,Espana,PLATA,Prod Landia Realizador Maxi Blanco Prod AudioSonido La Panaderia Post Prod Metropolitana Otras Empresas Carat -Lasker -YouFirst -MRM Spain Pais Espana
El Ojo de Iberoamerica,2024,Eficacia,The Uncrashable Tucson,From,Hyundai,Uruguay,BRONCE,Prod SoySimo Realizador Simon Gauna Pais Uruguay
El Ojo de Iberoamerica,2024,Eficacia,Es Fraude,TERAN TBWA,de BBVA Mexico,Mexico,ORO,Prod Voces Imaginarias Realizador Mario Munoz Prod Post Prod Fernando Bencomo -Effects or Films Otras Empresas Mindshare Pais Mexico
El Ojo de Iberoamerica,2024,Eficacia,El ranking culinario que alimento a millones,Valor,de Alicorp Peru,Peru,PLATA,Prod Lado V Otras Empresas LLYC PERU -Tribeca Media Pais Peru
El Ojo de Iberoamerica,2024,Eficacia,Welcome to the group,PHD Costa Rica - Shiift Porter Novelli - TBWARIOT,Cambiemos la Regla,Costa Rica,ORO,Prod Kaiju Pais Costa Rica
El Ojo de Iberoamerica,2024,Eficacia,Nombres confundidos,Republica Havas,de Asociacion Lucha contra el Mal Alzheimer,Argentina,ORO,Prod Walden Studio - Twins Music Realizador Guido Cassini - Matias Pisani - Jeronimo Gonzalez Montalvo- Max Scott- Tom Huergo Prod AudioSonido Twins Music -Twins Music Otras Empresas Pais Argentina
El Ojo de Iberoamerica,2024,Eficacia,Install our logo,Leo Burnett Mexico - Gato - Hey Kid Design Studio,de ADT Security,Mexico,BRONCE,Prod Gato Realizador Axel Elizondo- Tom Escobar Prod AudioSonido Cluster Post Prod Cluster -Cluster Otras Empresas Starcom Mexico Pais Mexico
El Ojo de Iberoamerica,2024,Eficacia,Imagine with Petacos,DDB Colombia - Buentipo Anchor,Bavaria,Colombia,ORO,Prod Primo Realizador Gina Medina Prod AudioSonido Diego Caceres Pais Colombia
El Ojo de Iberoamerica,2024,Eficacia,The Uncrashable Tucson,From,Hyundai,Uruguay,PLATA,Prod SoySimo Realizador Simon Gauna Pais Uruguay
El Ojo de Iberoamerica,2024,Eficacia,Es Fraude,TERAN TBWA,de BBVA Mexico,Mexico,ORO,Prod Voces Imaginarias Realizador Mario Munoz Post Prod Fernando Bencomo -Effects or Films Otras Empresas Mindshare Pais Mexico
El Ojo de Iberoamerica,2024,Eficacia,Mapfre Live,McCann Worldgroup Espana,de Mapfre Espana,Espana,PLATA,Prod Harry - CRAFT Realizador AYALA Prod AudioSonido Craft The Lobby Post Prod CRAFT Otras Empresas Universal McCann UM Pais Espana
El Ojo de Iberoamerica,2024,Eficacia,De Alaska a Brasil el gran viaje de McFish,GALERIAag,de McDonald s Brasil,Brasil,BRONCE,Prod Creme Company Realizador Manimou Prod AudioSonido Lucha Libre Audio Post Prod Frame Pais Brasil
El Ojo de Iberoamerica,2024,Eficacia,Errata at 88,Almap BBDO,Johnnie Walker,Brasil,ORO,Prod Almap BBDO Realizador Rodrigo Resende- Diego Villas Boas Prod AudioSonido Cabaret Studio Otras Empresas Giusti Comunicacao -Inside Out PR -Suba Junto Pais Brasil
El Ojo de Iberoamerica,2024,Eficacia,ZzZtreaming,Digitas Peru,360 Energy Drink,Peru,BRONCE,Prod The Pub - California Realizador Henry de la Cadena Prod AudioSonido Barba Roja Audio Post Prod The Pub Otras Empresas Publicis Influence Pais Peru
El Ojo de Iberoamerica,2024,Eficacia,Mapfre Live,McCann Worldgroup Espana,de Mapfre Espana,Espana,BRONCE,Prod Harry - CRAFT Realizador AYALA Prod AudioSonido Craft The Lobby Post Prod CRAFT Otras Empresas Universal McCann UM Pais Espana
El Ojo de Iberoamerica,2024,Eficacia,Fans theories release,Monks,Bad Bunny,Estados Unidos,ORO,Prod AudioSonido Super Charango Pais Estados Unidos
El Ojo de Iberoamerica,2024,Eficacia,Invasion de gansos,draftLine BUE,Goose Island,Argentina,PLATA,
El Ojo de Iberoamerica,2024,Eficacia,Hay una apuesta en el aire,Havas Colombia - Hoy by Havas Argentina,de Wingo - Flybondi Argentina,Colombia,ORO,Prod Havas POP Prod AudioSonido Twins Music -Max Scott-Jose Violante-Jeronimo Gonzalez Montalvo Otras Empresas Wingo Pais Colombia
El Ojo de Iberoamerica,2024,Eficacia,El par,Monks,adidas Football,Mexico,PLATA,
El Ojo de Iberoamerica,2024,Eficacia,Deci Fulbo,draftLine BUE,TaDa,Argentina,BRONCE,
El Ojo de Iberoamerica,2024,Eficacia,Cordoba x JetSMART,Super,de JetSMART Argentina,Argentina,BRONCE,Prod AudioSonido Francisco Penas Post Prod Luis Tuzzi Pais Argentina
El Ojo de Iberoamerica,2024,Eficacia,Install our logo,Leo Burnett Mexico - Gato - Hey Kid Design Studio,de ADT Security,Mexico,ORO,Prod Gato Realizador Axel Elizondo- Tom Escobar Prod AudioSonido Cluster Post Prod Cluster -Cluster Otras Empresas Starcom Mexico Pais Mexico
El Ojo de Iberoamerica,2024,Eficacia,A Second of Happiness,DDB Colombia,McDonald s,Colombia,PLATA,Prod Los Notarios Realizador Gina Medina Prod AudioSonido DC Producciones Pais Colombia
El Ojo de Iberoamerica,2024,Eficacia,El primer trasplante de logo,Rock and Roll Bolivia,de Fundacion Dunn Cares,Bolivia,PLATA,Prod Rebel Studios Bolivia Realizador Daniel Terrazas Prod AudioSonido Suena Polenta Post Prod Rebel Studios Bolivia Pais Bolivia
El Ojo de Iberoamerica,2024,Eficacia,Cordoba x JetSMART,Super,de JetSMART Argentina,Argentina,BRONCE,Prod AudioSonido Francisco Penas Post Prod Luis Tuzzi Pais Argentina
El Ojo de Iberoamerica,2024,Eficacia,Cajaltar,DraftLine Mexico,Victoria,Mexico,BRONCE,Otras Empresas EPA Digital Pais Mexico
El Ojo de Iberoamerica,2024,Eficacia,Welcome to the group,PHD Costa Rica - Shiift Porter Novelli - TBWARIOT,Cambiemos la Regla,Costa Rica,ORO,Prod Kaiju Pais Costa Rica
El Ojo de Iberoamerica,2024,Eficacia,El ranking culinario que alimento a millones,Valor,de Alicorp Peru,Peru,ORO,Prod Lado V Otras Empresas LLYC PERU -Tribeca Media Pais Peru
El Ojo de Iberoamerica,2024,Eficacia,Elijo estar contigo,RosadoToledo,de Triple-S Puerto Rico,Puerto Rico,BRONCE,
El Ojo de Iberoamerica,2024,Eficacia,Imagine with Petacos,DDB Colombia - Buentipo Anchor,Bavaria,Colombia,ORO,Prod Primo Realizador Gina Medina Prod AudioSonido Diego Caceres Pais Colombia
El Ojo de Iberoamerica,2024,Eficacia,Install our logo,Leo Burnett Mexico - Gato - Hey Kid Design Studio,de ADT Security,Mexico,ORO,Prod Gato Realizador Axel Elizondo- Tom Escobar Prod AudioSonido Cluster Post Prod Cluster -Cluster Otras Empresas Starcom Mexico Pais Mexico
El Ojo de Iberoamerica,2024,Eficacia,Amunas recovery,Publicis Peru,Cusquena,Peru,ORO,Prod The Pub Realizador Erick Diaz Prod AudioSonido Agosto Music Post Prod The Pub -The Pub Otras Empresas Norte Films Pais Peru
El Ojo de Iberoamerica,2024,Eficacia,BCPilsen,Fahrenheit DDB,Pilsen Callao,Peru,PLATA,Prod KAO Film Content Realizador Casu Roca Prod AudioSonido Sordo Post Prod Lunatic Pais Peru
El Ojo de Iberoamerica,2024,Eficacia,Manuales para sobrevivir,Publicidad Comercial MullenLowe El Salvador,manualesparasobrevivirorg,El Salvador,BRONCE,Prod Simple Society - Garage Film Realizador Carlos Escalon- Fernando Vilanova Prod AudioSonido The Farm -Rocco Post Prod Simple Society Pais El Salvador
El Ojo de Iberoamerica,2024,Salud Pharma,Impulse,Cheil Espana,Samsung Espana,Espana,GRAN OJO SALUD PHARMA,Prod Somos 5 Realizador Alfredo Lobo Post Prod Somos5 Otras Empresas Acid Tango Pais Espana
El Ojo de Iberoamerica,2024,Salud Pharma,Ask your addict,LOLA MullenLowe,Aleve,Estados Unidos,PLATA,Prod Ladoble - Freelance For Realizador Simon Brand Prod AudioSonido TDL Music Post Prod Comppo Pais Estados Unidos
El Ojo de Iberoamerica,2024,Salud Pharma,Adopta tus alergias,McCann Worldgroup Colombia - MRM Spain - MRM Santiago,Allegra,Colombia,BRONCE,Prod CRAFT - Akira Cine Realizador Daniel Rodriguez Pais Colombia
El Ojo de Iberoamerica,2024,Salud Pharma,Tulipan Teniendo sexo podemos reactivar la economia,Zurda Agency,Tulipan,Argentina,ORO,Prod Retina Post Prod Retina Pais Argentina
El Ojo de Iberoamerica,2024,Salud Pharma,Filter Caps,Ogilvy Colombia,de Filsa Colombia,Colombia,ORO,Prod Primo Realizador Gina Medina Prod AudioSonido Diego Caceres Producciones Pais Colombia
El Ojo de Iberoamerica,2024,Salud Pharma,FlashTest,MullenLowe SSP3 Mexico,Instituto,Mexico,PLATA,Prod Si Senor Realizador Romarico Cibrian Pais Mexico
El Ojo de Iberoamerica,2024,Salud Pharma,Indice riesgo corazon,BeautifulBeast - MDS Digital,de Fundacion Cardiologica Argentina,Argentina,BRONCE,Prod Mixto Miami Realizador Carlos Maya Prod AudioSonido Mixto Miami -Deaf Mule Post Prod Diego Panich Pais Argentina
El Ojo de Iberoamerica,2024,Salud Pharma,Filter Caps,Ogilvy Colombia,de Filsa Colombia,Colombia,ORO,Prod Primo Realizador Gina Medina Prod AudioSonido Diego Caceres Producciones Pais Colombia
El Ojo de Iberoamerica,2024,Salud Pharma,La Cura,Africa Creative,Editora Taverna,Brasil,PLATA,Editora Taverna Prod Santeria Realizador Rafa Damy- Nicoly Cruvinel Post Prod Line VFX Otras Empresas 3t -Cabaret Pais Brasil
El Ojo de Iberoamerica,2024,Salud Pharma,Car parts for Life,De la Cruz- Ogilvy,Fundacion Stefano - Empresas Fonalledas,Puerto Rico,PLATA,
El Ojo de Iberoamerica,2024,Salud Pharma,Trucker Napp,Almap BBDO,Volkswagen Trucks-Livelo,Brasil,BRONCE,Prod Belgrado Filmes Realizador Og Cruz Prod AudioSonido Jamute Post Prod The Cave Color Otras Empresas Giusti Creative PR -20DASH Pais Brasil
El Ojo de Iberoamerica,2024,Salud Pharma,No Ad,Lew LaraTBWA,de Farmacias Pague Menos,Brasil,ORO,Prod AudioSonido Vox Haus -Satelite Audio Otras Empresas Mynd8 Pais Brasil
El Ojo de Iberoamerica,2024,Salud Pharma,855-How-To-Quit,Serviceplan Alemania - Tulom PR,de Anzen Health,Estados Unidos,ORO,Prod JOJX Realizador Oliver Wurffell Prod AudioSonido DaHouse -DaHouse Post Prod Arcade Edit Otras Empresas Tulom PR -Raw Materials -Mediaplus Group Pais Estados Unidos
El Ojo de Iberoamerica,2024,Salud Pharma,Ask your addict,LOLA MullenLowe,Aleve,Estados Unidos,BRONCE,Prod Ladoble - Freelance For Realizador Simon Brand Prod AudioSonido TDL Music Post Prod ComppoPais Estados Unidos
El Ojo de Iberoamerica,2024,Salud Pharma,Adopta tus alergias,McCann Worldgroup Colombia - MRM Spain - MRM Santiago,Allegra,Colombia,BRONCE,Prod CRAFT - Akira Cine Realizador Daniel Rodriguez Pais Colombia
El Ojo de Iberoamerica,2024,Salud Pharma,The skin test soap,The Table by De Ferrari Borrell,Amadita Laboratorio Clinico,Rep Dominicana,BRONCE,
El Ojo de Iberoamerica,2024,Salud Pharma,Face un-recognition,Republica Havas,de Asociacion Lucha contra el Mal,Argentina,PLATA,Prod Retina - Twins Music Realizador Juan Pablo Carrizo- Sergio Godoy- Jeronimo Gonzalez Montalvo- Max Scott- Tom Huergo Prod AudioSonido Twins Music Post Prod Pato Llambi Pais Argentina
El Ojo de Iberoamerica,2024,Salud Pharma,Comida para Gusanos,VML Chile,Ministerio De Salud,Chile,PLATA,Prod Oriental Films Post Prod Atomica Otras Empresas Clear Channel Pais Chile
El Ojo de Iberoamerica,2024,Salud Pharma,Hinchas silenciosos,BBDO Chile,Ministerio del Deporte,Chile,BRONCE,Prod Alaska Films - UOIEA Studio Post Prod Punk Robot Pais Chile
El Ojo de Iberoamerica,2024,Salud Pharma,Noticias invisibles,VML Uruguay,de FUPIER,Uruguay,BRONCE,Prod Cholo Films Prod AudioSonido La Mayor Pais Uruguay
El Ojo de Iberoamerica,2024,Salud Pharma,No Ad,Lew LaraTBWA,de Farmacias Pague Menos,Brasil,ORO,Prod AudioSonido Vox Haus -Satelite Audio Otras Empresas Mynd8 Pais Brasil
El Ojo de Iberoamerica,2024,Salud Pharma,Shining lights,Alma DDB,Sharp Dentistry,Estados Unidos,PLATA,
El Ojo de Iberoamerica,2024,Salud Pharma,Therapy Rings,Conill Saatchi Saatchi,de Mindy,Chile,BRONCE,Prod Parana Films Realizador Sebastian Leda Prod AudioSonido Plus Music Audio Post Prod Harbor Picture Company-Company 3-CO3 Pais Chile
El Ojo de Iberoamerica,2024,Salud Pharma,Adopta tus alergias Allegra,McCann Worldgroup Colombia - MRM Spain - MRM Santiago,Sanofi Colombia,Colombia,BRONCE,Prod CRAFT - Akira Cine Realizador Daniel Rodriguez Pais Colombia
El Ojo de Iberoamerica,2024,Salud Pharma,Outcare v2,Havas Life,Hospital Samaritano,Brasil,ORO,Prod Produtora Associados - Nation Films Realizador Cassio Pardini Prod AudioSonido Vox Haus Post Prod Nation Films Pais Brasil
El Ojo de Iberoamerica,2024,Salud Pharma,Impulse,Cheil Espana,Samsung Espana,Espana,ORO,Prod Somos 5 Realizador Alfredo Lobo Post Prod Somos5 Otras Empresas Acid Tango Pais Espana
El Ojo de Iberoamerica,2024,Salud Pharma,Unsilenced Words,VML Espana,Beigene Science,Espana,BRONCE,Prod La Boutique 77 Pais Espana
El Ojo de Iberoamerica,2024,Salud Pharma,FlashTest,MullenLowe SSP3 Mexico,Instituto,Mexico,PLATA,Prod Si Senor Realizador Romarico Cibrian Pais Mexico
El Ojo de Iberoamerica,2024,Salud Pharma,Sin miedo a vivir,Havas Worldwide Spain,Fundacion MD Anderson Cancer Center Espana,Espana,BRONCE,Prod Central Films Realizador Rodrigo Garcia Sainz Prod AudioSonido Chaco Music Post Prod Raul Cuellar Otras Empresas Havas PR Pais Espana
El Ojo de Iberoamerica,2024,Salud Pharma,Toxic ads,VML Espana,Fundacion PKU,Espana,BRONCE,Prod La Boutique 77 Otras Empresas El Sotano Pais Espana
El Ojo de Iberoamerica,2024,Salud Pharma,Thanks for Coke-Creating,VML Mexico - VML Brasil,Coca-Cola Mexico y Coca-Cola Brasil,Mexico,GRAN OJO MEJOR IDEA LATINA PARA EL MUNDO,Prod Mango Films - Sugarcane Filmes - Baliprod - Glitch Productions - NetoShookan Productions Realizador-a Erik Tapia Otras Empresas Raw Audio - Ogilvy -EssenceMediacom Pais Mexico
El Ojo de Iberoamerica,2024,Salud Pharma,Ideas,Iberoamerica,el mundo IL1,,GRAN OJO MEJOR IDEA LATINA PARA EL MUNDO,
El Ojo de Iberoamerica,2024,Salud Pharma,Find Your Summer,LOLA MullenLowe,Magnum Ice Cream,Espana,ORO,Prod MJZ Realizador-a Juan Cabral Prod Audio Sonido Big Sync Postprod Glassworks Otras Empresas Mindshare Pais Espana
El Ojo de Iberoamerica,2024,Salud Pharma,Ara,Brands People,Strap,Mexico,BRONCE,Otras Empresas TBWAWorldwide -Double E Pais Mexico
El Ojo de Iberoamerica,2024,Salud Pharma,Filter Caps,Ogilvy Colombia,Filsa Colombia,Colombia,ORO,Prod Primo Realizador-a Gina Medina Prod Audio Sonido Diego Caceres Producciones Pais Colombia
El Ojo de Iberoamerica,2024,Salud Pharma,Thanks for Coke-Creating,VML Mexico - VML Brasil,Coca-Cola Mexico y Coca-Cola Brasil,Mexico,ORO,Prod Mango Films - Sugarcane Filmes - Baliprod - Glitch Productions - NetoShookan Productions Realizador-a Erik Tapia Otras Empresas Raw Audio - Ogilvy -EssenceMediacom Pais Mexico
El Ojo de Iberoamerica,2024,Salud Pharma,Atacama Fashion Week,Artplan,de Desierto Vestido,Brasil,BRONCE,Prod Sugarcane Filmes Realizador-a Igor Selingarde Prod Audio Sonido Raw Audio Pais Brasil
El Ojo de Iberoamerica,2024,Salud Pharma,Reprinting Nica,Havas Costa Rica - BETC HAVAS,La Prensa Nicaragua,Nicaragua,BRONCE,Prod Fulfierros Prod Audio Sonido Punch Audio Pais Nicaragua
El Ojo de Iberoamerica,2024,Produccion Audiovisual,This is not a game,VML Mexico,de Movistar Mexico,Mexico,EL GRAN OJO DE PRODUCCION AUDIVISUAL,Prod Landia Realizador Lucas Shannon Prod AudioSonido BDS MUSIC -BDS MUSIC Post Prod Eduardo Sanchez Molina -Narf Alvarez -Luis Ambriz -Mateo Udon -Narf Alvarez -Jimena Luja Amezcua -Wilberth Oswaldo Letran Carrillo Guatemala-Tomas Blason Pais Mexico
El Ojo de Iberoamerica,2024,Produccion Audiovisual,Find Your Summer,LOLA MullenLowe,Magnum Ice Cream,Espana,ORO,Prod MJZ Realizador Juan Cabral Prod AudioSonido Big Sync Post Prod Glassworks Otras Empresas Mindshare Pais Espana
El Ojo de Iberoamerica,2024,Produccion Audiovisual,Kilometers of Love,Publicis Conseil,Renault,Argentina,PLATA,Prod Madrefoca Realizador Pantera Prod AudioSonido Concrete Form Post Prod Nik Kohler -Julien Alary TMLS Pais Argentina
El Ojo de Iberoamerica,2024,Produccion Audiovisual,Mi esencia- My heritage,Dentsu Creative Mexico,FUD,Estados Unidos,BRONCE,Prod Landia Realizador Alexis Gomez Prod AudioSonido BDS MUSIC -BDS MUSIC Post Prod Armen Harootun -Matt Osborne -Luis Fernando Torres -Los De Post Pais Estados Unidos
El Ojo de Iberoamerica,2024,Produccion Audiovisual,Overthinking,Lemon,de PeruRail,Peru,BRONCE,Prod Manzanon Films Realizador Juan Carlo Garcia Rivera Pais Peru
El Ojo de Iberoamerica,2024,Produccion Audiovisual,Aprendendo juntos,Publicis Brasil,Ninho,Brasil,BRONCE,Prod Immigrant Realizador Kayhan Lannes Ozmen Prod AudioSonido Jamute Post Prod Raphael Bonato Pais Brasil
El Ojo de Iberoamerica,2024,Produccion Audiovisual,Launch,Anita y Vega - BeenToBe-Brand Builders,Max,Argentina,BRONCE,Prod Landia Realizador Maureen Hufnagel Prod AudioSonido Bamba Music Post Prod Andrea Sarno Delfina Mosconi -Daniel Faerman -Les Amateurs -Nadia Khairat Pais Argentina
El Ojo de Iberoamerica,2024,Produccion Audiovisual,Antes de la primera vuelta olimpica- hubo una vuelta de mate,Notable,Armino,Uruguay,BRONCE,Prod Olga Lee Realizador Oliver Lee Garland Prod AudioSonido Platz Post Prod Wild Animals Pais Uruguay
El Ojo de Iberoamerica,2024,Produccion Audiovisual,Renault Push it to the limit,Publicis,Renault Brasil,Brasil,BRONCE,Prod Immigrant Realizador Rodrigo Saavedra Prod AudioSonido Startrec agency Post Prod Stephane Amram Pais Brasil
El Ojo de Iberoamerica,2024,Produccion Audiovisual,Ashe Versus,TBWA Health Collective,Moderna Inc,Brasil,ORO,Prod The Youth - Colossal Realizador Duran Sodre- Maldita Prod AudioSonido Satelite Audio Post Prod Colossal Pais Brasil
El Ojo de Iberoamerica,2024,Produccion Audiovisual,Kilometers of Love,Publicis Conseil,Renault,Argentina,PLATA,Prod Madrefoca Realizador Pantera Prod AudioSonido Concrete Form Post Prod Nik Kohler -Julien Alary TMLS Pais Argentina
El Ojo de Iberoamerica,2024,Produccion Audiovisual,The heroes,GUT Buenos Aires,The Coca-Cola Company,Argentina,BRONCE,Prod Landia - Partizan - Stillking Films Realizador Antoine Bardou-Jacquet Post Prod Bill Smedley -Electric Theatre Collective ETC -Andre Vidal Pais Argentina
El Ojo de Iberoamerica,2024,Produccion Audiovisual,Find Your Summer,LOLA MullenLowe,Magnum Ice Cream,Espana,BRONCE,Prod MJZ Realizador Juan Cabral Prod AudioSonido Big Sync Post Prod Glassworks Otras Empresas Mindshare Pais Espana
El Ojo de Iberoamerica,2024,Produccion Audiovisual,The power of a fragrance,LOLA MullenLowe,Axe-Lynx,Espana,BRONCE,Prod Czarbe Realizador Lionel Goldstein Prod AudioSonido Senstudio Post Prod Czarbe Pais Espana
El Ojo de Iberoamerica,2024,Produccion Audiovisual,Huracan,Grey Mexico,Reinserta,Mexico,ORO,Prod Oriental Films Realizador Garra Prod AudioSonido Papa Music -Papa Music Post Prod Warriors VFX Pais Mexico
El Ojo de Iberoamerica,2024,Produccion Audiovisual,Caballero medieval,Montalvo,Librerias Gandhi,Mexico,BRONCE,Prod Oriental Films Realizador Santiago Ampudia- Alexa Hernandez Prod AudioSonido Canario Studio -Canario Studio -Rainbow Post Prod Carlos Cepeda -Manuel Valente Pais Mexico
El Ojo de Iberoamerica,2024,Produccion Audiovisual,Launch,Anita y Vega - BeenToBe-Brand Builders,Max,Argentina,ORO,Prod Landia Realizador Maureen Hufnagel Prod AudioSonido Bamba Music Post Prod Andrea Sarno Delfina Mosconi -Daniel Faerman -Les Amateurs -Nadia Khairat Pais Argentina
El Ojo de Iberoamerica,2024,Produccion Audiovisual,The heroes,GUT Buenos Aires,The Coca-Cola Company,Argentina,PLATA,Prod Landia - Partizan - Stillking Films Realizador Antoine Bardou-Jacquet Post Prod Bill Smedley -Electric Theatre Collective ETC -Andre Vidal Pais Argentina
El Ojo de Iberoamerica,2024,Produccion Audiovisual,Kilometers of Love,Publicis Conseil,Renault,Argentina,PLATA,Prod Madrefoca Realizador Pantera Prod AudioSonido Concrete Form Post Prod Nik Kohler -Julien Alary TMLS Pais Argentina
El Ojo de Iberoamerica,2024,Produccion Audiovisual,Ashe Versus,TBWA Health Collective,Moderna Inc,Brasil,PLATA,Prod The Youth - Colossal Realizador Duran Sodre- Maldita Prod AudioSonido Satelite Audio Post Prod Colossal Pais Brasil
El Ojo de Iberoamerica,2024,Produccion Audiovisual,A que te sabe Pepsi Black 2024,BBDO Mexico,Pepsi Black,Mexico,BRONCE,Prod Oriental Films Realizador The Youth Prod AudioSonido Supreme music -Supreme music Post Prod PFX -PFX -JOAAO MACHADO Y MARIA LUISA MACHADO Pais Mexico
El Ojo de Iberoamerica,2024,Produccion Audiovisual,Mejores Deseos,anonimo,Save the Children Mexico,Mexico,ORO,Prod Central Films Realizador Kane Kwik Prod AudioSonido Ramiro del Real -Bernardo Bravo Post Prod Aaron hernandez Pais Mexico
El Ojo de Iberoamerica,2024,Produccion Audiovisual,Historias que no pudieron ser,Innvented Uruguay,Madres y Familiares,Uruguay,PLATA,Prod Oriental Films Realizador Charly Gutierrez- Marindia Prod AudioSonido Azotea Post -Supervielle-Drexler Post Prod Freelancer Pais Uruguay
El Ojo de Iberoamerica,2024,Produccion Audiovisual,Sillas,Publicis Peru,Casa Ronald McDonald Peru,Peru,BRONCE,Prod Senor Z Realizador Bacha Caravedo- Chinon Higashionna Prod AudioSonido Zumba -Zumba Post Prod Senor Z Pais Peru
El Ojo de Iberoamerica,2024,Produccion Audiovisual,Gesticuladores,Isla,H2oh,Argentina,PLATA,Prod argentinacine Realizador Daniel Rosenfeld- Augusto Gimenez Zapiola Pais Argentina
El Ojo de Iberoamerica,2024,Produccion Audiovisual,Sucesion,DAVID Buenos Aires,HSBC,Argentina,BRONCE,Prod argentinacine Realizador Augusto Gimenez Zapiola- Ale Rey Pais Argentina
El Ojo de Iberoamerica,2024,Produccion Audiovisual,Mama,GUT Buenos Aires,Personal,Argentina,BRONCE,Prod argentinacine Realizador Martin Holzman Pais Argentina
El Ojo de Iberoamerica,2024,Produccion Audiovisual,The power of a fragrance,LOLA MullenLowe,Axe-Lynx,Espana,BRONCE,Prod Czarbe Realizador Lionel Goldstein Prod AudioSonido Senstudio Post Prod Czarbe Pais Espana
El Ojo de Iberoamerica,2024,Produccion Audiovisual,Historias que no pudieron ser,Innvented Uruguay,Madres y Familiares,Uruguay,ORO,Prod Oriental Films Realizador Charly Gutierrez- Marindia Prod AudioSonido Azotea Post -Supervielle-Drexler Post Prod Freelancer Pais Uruguay
El Ojo de Iberoamerica,2024,Produccion Audiovisual,The power of a fragrance,LOLA MullenLowe,Axe-Lynx,Espana,PLATA,Prod Czarbe Realizador Lionel Goldstein Prod AudioSonido Senstudio Post Prod Czarbe Pais Espana
El Ojo de Iberoamerica,2024,Produccion Audiovisual,Sucesion,DAVID Buenos Aires,HSBC,Argentina,BRONCE,Prod argentinacine Realizador Augusto Gimenez Zapiola- Ale Rey Prod AudioSonido Bigotes Musica Post Prod argentinacine Pais Argentina
El Ojo de Iberoamerica,2024,Produccion Audiovisual,Tormenta,Almap BBDO,O Boticario,Brasil,ORO,Prod MyMama Entertainment Realizador Kid Burro Prod AudioSonido Satelite Audio Post Prod Nash Pais Brasil
El Ojo de Iberoamerica,2024,Produccion Audiovisual,La Maquina del Tiempo,Publicis Impetu,Tienda Inglesa Uruguay,Uruguay,PLATA,Prod Olga Lee Realizador Oliver Lee Garland Prod AudioSonido La Mayor Post Prod Wild Animals Pais Uruguay
El Ojo de Iberoamerica,2024,Produccion Audiovisual,Suerte shot on iPhone 15,TBWAMedia Arts Lab Miami,Apple,Estados Unidos,BRONCE,Prod Landia Realizador CLIQUA Raul Sanchez Pasqual Gutierrez Pais Estados Unidos
El Ojo de Iberoamerica,2024,Produccion Audiovisual,Suerte shot on iPhone 15,TBWAMedia Arts Lab Miami,Apple,Estados Unidos,BRONCE,Prod Landia Realizador CLIQUA Raul Sanchez Pasqual Gutierrez Pais Estados Unidos
El Ojo de Iberoamerica,2024,Produccion Audiovisual,This is not a game,VML Mexico,de Movistar Mexico,Mexico,BRONCE,Prod Landia Realizador Lucas Shannon Prod AudioSonido BDS MUSIC -BDS MUSIC Post Prod Eduardo Sanchez Molina -Narf Alvarez -Luis Ambriz -Mateo Udon -Narf Alvarez -Jimena Luja Amezcua -Wilberth Oswaldo Letran Carrillo Guatemala-Tomas Blason Pais Mexico
El Ojo de Iberoamerica,2024,Produccion Audiovisual,Fer,anonimo,Save the Children Mexico,Mexico,ORO,Prod Catatonia Realizador Laura Baumeister Prod AudioSonido Lalo Carrillo -Orlando Salinas-Audios Estudio Shalala -Ernesto Barraza-Sergio Azonos-Jean Pena Post Prod Fantastic Post -Julian Sarimento -Isaac Tellez -Carlos Cervantes -Alex del Pilar Pais Mexico
El Ojo de Iberoamerica,2024,Produccion Audiovisual,This is not a game,VML Mexico,Movistar Mexico,Mexico,ORO,Prod Landia Realizador Lucas Shannon Prod AudioSonido BDS MUSIC -BDS MUSIC Post Prod Eduardo Sanchez Molina -Narf Alvarez -Luis Ambriz -Mateo Udon -Narf Alvarez -Jimena Luja Amezcua -Wilberth Oswaldo Letran Carrillo Guatemala-Tomas Blason Pais Mexico
El Ojo de Iberoamerica,2024,Produccion Audiovisual,Suerte shot on iPhone 15,TBWAMedia Arts Lab Miami,Apple,Estados Unidos,PLATA,Prod Landia Realizador CLIQUA Raul Sanchez Pasqual Gutierrez Prod AudioSonido Gus Koven-Matt Keith-KC Dossett-Beau Manning Post Prod Zaldy Lopez -Jennifer Locke -Chris Meadows -Jill Bogdanowicz -Matt Moran -Pariah Creative -Michael Steinmann -Gladys Bernadac -Steven Wolff Pais Estados Unidos
El Ojo de Iberoamerica,2024,Produccion Audiovisual,Ultimo Viaje,Grey Mexico,Articulo 19,Mexico,PLATA,Prod Oriental Films Realizador Yupi Segura- Marindia Prod AudioSonido Paola Decanini -Azotea Post Post Prod Carlos Cepeda Pais Mexico
El Ojo de Iberoamerica,2024,Produccion Audiovisual,La Cura,Africa Creative,de Editora Taverna,Brasil,BRONCE,Editora Taverna Prod Santeria Realizador Rafa Damy- Nicoly Cruvinel Post Prod Line VFX Otras Empresas 3t -Cabaret Pais Brasil
El Ojo de Iberoamerica,2024,Produccion Audiovisual,This is not a game,VML Mexico,Movistar Mexico,Mexico,ORO,Prod Landia Realizador Lucas Shannon Prod AudioSonido BDS MUSIC -BDS MUSIC Post Prod Eduardo Sanchez Molina -Narf Alvarez -Luis Ambriz -Mateo Udon -Narf Alvarez -Jimena Luja Amezcua -Wilberth Oswaldo Letran Carrillo Guatemala-Tomas Blason Pais Mexico
El Ojo de Iberoamerica,2024,Produccion Audiovisual,Tormenta,Almap BBDO,O Boticario,Brasil,PLATA,Prod MyMama Entertainment Realizador Kid Burro Prod AudioSonido Satelite Audio Post Prod Nash Pais Brasil
El Ojo de Iberoamerica,2024,Produccion Audiovisual,Fer,anonimo,Save the Children Mexico,Mexico,BRONCE,Prod Catatonia Realizador Laura Baumeister Prod AudioSonido Lalo Carrillo -Orlando Salinas-Audios Estudio Shalala -Ernesto Barraza-Sergio Azonos-Jean Pena Post Prod Fantastic Post -Julian Sarimento -Isaac Tellez -Carlos Cervantes -Alex del Pilar Pais Mexico
El Ojo de Iberoamerica,2024,Produccion Audiovisual,This is not a game,VML Mexico,Movistar Mexico,Mexico,ORO,Prod Landia Realizador Lucas Shannon Prod AudioSonido BDS MUSIC -BDS MUSIC Post Prod Eduardo Sanchez Molina -Narf Alvarez -Luis Ambriz -Mateo Udon -Narf Alvarez -Jimena Luja Amezcua -Wilberth Oswaldo Letran Carrillo Guatemala-Tomas Blason Pais Mexico
El Ojo de Iberoamerica,2024,Produccion Audiovisual,Impossible Journey,Area 23,ASTER,Brasil,PLATA,Prod The Youth - Colossal Realizador YUCA- Bruno Brasil Prod AudioSonido Satelite Audio Post Prod Colossal Otras Empresas Farbewerk Fine Art Lab -ATELIE 39 Pais Brasil
El Ojo de Iberoamerica,2024,Produccion Audiovisual,La Maquina del Tiempo,Publicis Impetu,Tienda Inglesa Uruguay,Uruguay,BRONCE,Prod Olga Lee Realizador Oliver Lee Garland Prod AudioSonido La Mayor Post Prod Wild Animals Pais Uruguay
El Ojo de Iberoamerica,2024,Produccion Audiovisual,The heroes,GUT Buenos Aires,The Coca-Cola Company,Argentina,ORO,Prod Landia - Partizan - Stillking Films Realizador Antoine Bardou-Jacquet Post Prod Bill Smedley -Electric Theatre Collective ETC -Andre Vidal Pais Argentina
El Ojo de Iberoamerica,2024,Produccion Audiovisual,Ashe Versus,TBWA Health Collective,Moderna Inc,Brasil,ORO,Prod The Youth - Colossal Realizador Duran Sodre- Maldita Prod AudioSonido Satelite Audio Post Prod Colossal Pais Brasil
El Ojo de Iberoamerica,2024,Produccion Audiovisual,Impossible Journey,Area 23,ASTER,Brasil,PLATA,Prod The Youth - Colossal Realizador YUCA- Bruno Brasil Prod AudioSonido Satelite Audio Post Prod Colossal Otras Empresas Farbewerk Fine Art Lab -ATELIE 39 Pais Brasil
El Ojo de Iberoamerica,2024,Produccion Audiovisual,A que te sabe Pepsi Black 2024,BBDO Mexico,Pepsi Black,Mexico,BRONCE,Prod Oriental Films Realizador The Youth Prod AudioSonido Supreme music -Supreme music Post Prod PFX -PFX -JOAAO MACHADO Y MARIA LUISA MACHADO Pais Mexico
El Ojo de Iberoamerica,2024,Produccion Audiovisual,A que te sabe Pepsi Black 2024,BBDO Mexico,Pepsi Black,Mexico,ORO,Prod Oriental Films Realizador The Youth Prod AudioSonido Supreme music -Supreme music Post Prod PFX -PFX -JOAAO MACHADO Y MARIA LUISA MACHADO Pais Mexico
El Ojo de Iberoamerica,2024,Produccion Audiovisual,The heroes,GUT Buenos Aires,de The Coca-Cola Company,Argentina,ORO,Prod Landia - Partizan - Stillking Films Realizador Antoine Bardou-Jacquet Post Prod Bill Smedley -Electric Theatre Collective ETC -Andre Vidal Pais Argentina
El Ojo de Iberoamerica,2024,Produccion Audiovisual,Tormenta,Almap BBDO,de O Boticario,Brasil,PLATA,Prod MyMama Entertainment Realizador Kid Burro Prod AudioSonido Satelite Audio Post Prod MyMama Entertainment -Nash Pais Brasil
El Ojo de Iberoamerica,2024,Produccion Audiovisual,Suerte shot on iPhone 15,TBWAMedia Arts Lab Miami,Apple,Estados Unidos,BRONCE,Prod Landia Realizador CLIQUA Raul Sanchez Pasqual Gutierrez Pais Estados Unidos
El Ojo de Iberoamerica,2024,Produccion Audiovisual,A que te sabe Pepsi Black 2024,BBDO Mexico,Pepsi Black,Mexico,ORO,Prod Oriental Films Realizador The Youth Prod AudioSonido Supreme music -Supreme music Post Prod PFX -PFX -JOAAO MACHADO Y MARIA LUISA MACHADO Pais Mexico
El Ojo de Iberoamerica,2024,Produccion Audiovisual,Mi esencia- My heritage,Dentsu Creative Mexico,FUD,Estados Unidos,ORO,Prod Landia Realizador Alexis Gomez Prod AudioSonido BDS Pais Estados Unidos
El Ojo de Iberoamerica,2024,Produccion Audiovisual,Ashe Versus,TBWA Health Collective,Moderna Inc,Brasil,ORO,Prod The Youth - Colossal Realizador Duran Sodre- Maldita Prod AudioSonido Satelite Audio Post Prod Colossal Pais Brasil
El Ojo de Iberoamerica,2024,Produccion Audiovisual,Suerte shot on iPhone 15,TBWAMedia Arts Lab Miami,Apple,Estados Unidos,PLATA,Prod Landia Realizador CLIQUA Raul Sanchez Pasqual Gutierrez Pais Estados Unidos
El Ojo de Iberoamerica,2024,Produccion Audiovisual,A que te sabe Pepsi Black 2024,BBDO Mexico,Pepsi Black,Mexico,BRONCE,Prod Oriental Films Realizador The Youth Prod AudioSonido Supreme music -Supreme music Post Prod PFX -PFX -JOAAO MACHADO Y MARIA LUISA MACHADO Pais Mexico
El Ojo de Iberoamerica,2024,Produccion Audio Sonido,Suerte shot on iPhone 15,TBWA Media Arts Lab Miami,Apple,Estados Unidos,ORO,Prod Landia Realizador CLIQUA Raul Sanchez Pasqual Gutierrez Pais Estados Unidos
El Ojo de Iberoamerica,2024,Produccion Audio Sonido,Not so happy animals,GUT Mexico,de NotCo,Mexico,PLATA,Prod Primo - Papamusic Realizador Mike Usandivaras- Martin Jalfen Prod AudioSonido Papamusic Pais Mexico
El Ojo de Iberoamerica,2024,Produccion Audio Sonido,UninterruptAds,Africa Creative,Budweiser,Brasil,PLATA,Prod Modo Integrado - La Carretera Films Prod AudioSonido Mugshot Otras Empresas Sante Music Agency Pais Brasil
El Ojo de Iberoamerica,2024,Produccion Audio Sonido,Mejores Deseos,anonimo,de Save the Children Mexico,Mexico,BRONCE,Prod Central Films Realizador Kane Kwik Prod AudioSonido Ramiro del Real -Bernardo Bravo Post Prod Aaron hernandez Pais Mexico
El Ojo de Iberoamerica,2024,Produccion Audio Sonido,47,Klick Health,de Cafe Joyeux,Estados Unidos,BRONCE,Prod Zombie Studio - Canja Audio Culture Realizador Paulo Garcia Prod AudioSonido Canja Audio Culture -Eduardo Karas-Filipe Resende Pais Estados Unidos
El Ojo de Iberoamerica,2024,Produccion Audio Sonido,Huracan,Grey Mexico,de Reinserta,Mexico,PLATA,Prod Oriental Films Realizador Garra Prod AudioSonido Papa Music -Papa Music Post Prod Warriors VFX Pais Mexico
El Ojo de Iberoamerica,2024,Produccion Audio Sonido,Mejores Deseos,anonimo,de Save the Children Mexico,Mexico,BRONCE,Prod Central Films Realizador Kane Kwik Prod AudioSonido Ramiro del Real -Bernardo Bravo Post Prod Aaron hernandez Pais Mexico
El Ojo de Iberoamerica,2024,Produccion Audio Sonido,A que te sabe Pepsi Black 2024,BBDO Mexico,Pepsi Black,Mexico,BRONCE,Prod Oriental Films Realizador The Youth Prod AudioSonido Supreme music -Supreme music Post Prod PFX -PFX -JOAAO MACHADO Y MARIA LUISA MACHADO Pais Mexico
El Ojo de Iberoamerica,2024,Produccion Audio Sonido,Not so happy animals,GUT Mexico,de NotCo,Mexico,ORO,Prod Primo - Papamusic Realizador Mike Usandivaras- Martin Jalfen Prod AudioSonido Papamusic Pais Mexico
El Ojo de Iberoamerica,2024,Produccion Audio Sonido,Overthinking,Lemon,de PeruRail,Peru,ORO,Prod Manzanon Films Realizador Juan Carlo Garcia Rivera Prod AudioSonido Ruidos Amaestrados Pais Peru
El Ojo de Iberoamerica,2024,Produccion Audio Sonido,13 Cielos Videoclip,WiedenKennedy Mexico,Victoria,Mexico,BRONCE,Prod The Maestros Realizador Rodrigo Valdes- Giuliana Tommasi Prod AudioSonido Yamil Misael Gomez Post Prod The Maestros -Mathematic Studio -Club Color -Diego Flores Otras Empresas Astro LX -Javier Umpierrez Pais Mexico
El Ojo de Iberoamerica,2024,Produccion Grafica,Find Your Summer,LOLA MullenLowe,Magnum Ice Cream,Espana,EL GRAN OJO GRAFICA,Prod MJZ Realizador Juan Cabral Prod AudioSonido Big Sync Post Prod Glassworks Otras Empresas Mindshare Pais Espana
El Ojo de Iberoamerica,2024,Produccion Grafica,Find Your Summer,LOLA MullenLowe,Magnum Ice Cream,Espana,ORO,Prod MJZ Realizador Juan Cabral Prod AudioSonido Big Sync Post Prod Glassworks Otras Empresas Mindshare Pais Espana
El Ojo de Iberoamerica,2024,Produccion Grafica,Thanks for Coke-Creating,VML Mexico - VML Brasil,Coca-Cola,Mexico,ORO,Prod Mango Films - Sugarcane Filmes - Baliprod - Glitch Productions - NetoShookan Productions Realizador Erik Tapia Otras Empresas Raw Audio -VML Brasil -Sugarcane Filmes -Ogilvy -EssenceMediacom Pais Mexico
El Ojo de Iberoamerica,2024,Produccion Grafica,Patrocinio sudado,Isla,Gatorade,Colombia,PLATA,Prod Aleta Media Realizador Matias Ferrari Pais Colombia
El Ojo de Iberoamerica,2024,Produccion Grafica,Lanches RL Thanks for Coke-Creating,VML Mexico - VML Brasil,Coca-Cola,Mexico,BRONCE,Prod Mango Films - Sugarcane Filmes - Baliprod - Glitch Productions - NetoShookan Productions Realizador Erik Tapia Otras Empresas Raw Audio -Ogilvy -EssenceMediacom Pais Mexico
El Ojo de Iberoamerica,2024,Produccion Grafica,Bombon y Confeti Thanks for Coke-Creating,VML Mexico - VML Brasil,Coca-Cola,Mexico,BRONCE,Prod Mango Films - Sugarcane Filmes - Baliprod - Glitch Productions - NetoShookan Productions Realizador Erik Tapia Otras Empresas Raw Audio -Ogilvy -EssenceMediacom Pais Mexico
El Ojo de Iberoamerica,2024,Produccion Grafica,Braided history,DDB Latina Puerto Rico,Mizani,Puerto Rico,PLATA,Prod DDB Latina Puerto Rico Pais Puerto Rico
El Ojo de Iberoamerica,2024,Produccion Grafica,Guess Who Won,LOLA MullenLowe,Persil,Espana,PLATA,Otras Empresas Mindshare Pais Espana
El Ojo de Iberoamerica,2024,Produccion Grafica,Made from recycled materials,BBDO Chile - BBDO Ecuador,Volkswagen,Ecuador,PLATA,Prod Wolf Credo Realizador Ale Burset Prod AudioSonido Post Prod Longest Line Pais Ecuador
El Ojo de Iberoamerica,2024,Produccion Grafica,El peligro creciente,Anita y Vega,Volvo,Argentina,BRONCE,Prod Mama Hungara Realizador Martin Sigal Pais Argentina
El Ojo de Iberoamerica,2024,Produccion Grafica,Voice actors,Propeg,de ACBEU,Brasil,PLATA,Prod Activity Pais Brasil
El Ojo de Iberoamerica,2024,Produccion Grafica,Invitados Inesperados,TBWAPeru,BCP,Peru,PLATA,Prod Naca Producciones Pais Peru
El Ojo de Iberoamerica,2024,Produccion Grafica,Main character,BBDO Chile,de Claro,Chile,BRONCE,Prod Custom Image Pais Chile
El Ojo de Iberoamerica,2024,Produccion Grafica,Mind changing prices,Fahrenheit DDB,Plaza Vea,Peru,PLATA,Prod Senor Z Pais Peru
El Ojo de Iberoamerica,2024,Produccion Grafica,Hearink Stories,Ogilvy Guatemala Guatemala,Penguin Random House Audiobooks,Guatemala,PLATA,Prod ZITIO Guatemala Realizador Ernesto Abrego Prod AudioSonido Felipe Santana Guatemala-Grupo Rec Latam Guatemala Post Prod ZITIO Guatemala Pais Guatemala
El Ojo de Iberoamerica,2024,Produccion Grafica,Bk open laters,Garabato MullenLowe,Burger King Paraguay,Paraguay,BRONCE,Prod Garabato MullenLowe Realizador LA FILIAL Pais Paraguay
El Ojo de Iberoamerica,2024,Produccion Grafica,Las 2 Caras,BBDO Mexico,Alexia Ortiz,Mexico,PLATA,Prod Rebolucion Realizador Monster Duo Prod AudioSonido Machete Musica Pais Mexico
El Ojo de Iberoamerica,2024,Produccion Grafica,Paramount NS NOW,Publicis Impetu,de Nuevo Siglo,Uruguay,BRONCE,
El Ojo de Iberoamerica,2024,Produccion Grafica,Wrong Candidates,Alma DDB,de Change the Ref,Estados Unidos,ORO,
El Ojo de Iberoamerica,2024,Produccion Grafica,Second,Republica Havas,de Asociacion Lucha contra el Mal,Argentina,ORO,Realizador Lucila Blumencweig Post Prod Diego Chilliano Pais Argentina
El Ojo de Iberoamerica,2024,Produccion Grafica,Generado por la maquina,DAVID Buenos Aires,de MACMA,Argentina,PLATA,Prod Poster Realizador Dana Campanello Prod AudioSonido Papa Music Pais Argentina
El Ojo de Iberoamerica,2024,Produccion Grafica,25,Havas Peru - Republica Havas,Amnistia Internacional Peru,Peru,BRONCE,
El Ojo de Iberoamerica,2024,Produccion Grafica,Trip my Pic,DDB Espana,de Halcon Viajes,Espana,ORO,Prod Crowddigital Pais Espana
El Ojo de Iberoamerica,2024,Produccion Grafica,Reprinting Nica,Havas Costa Rica - BETC HAVAS,La Prensa Nicaragua,Nicaragua,PLATA,Prod Fulfierros Prod AudioSonido Punch Audio Pais Nicaragua
El Ojo de Iberoamerica,2024,Produccion Grafica,Over 30,Lew LaraTBWA,de Billboard Brasil,Brasil,PLATA,Prod Santeria Otras Empresas Mynd8 Pais Brasil
El Ojo de Iberoamerica,2024,Produccion Grafica,Spotibye,Amen McCann,Oceano FM,Uruguay,BRONCE,Prod Eadweard Realizador Andrea Amato Pais Uruguay
El Ojo de Iberoamerica,2024,Produccion Grafica,iBlor,Republica Havas,Asociacion Lucha contra el Mal,Argentina,BRONCE,Prod Virgen Films - Twins Music Realizador Hernan Jauregui- Jeronimo Gonzalez Montalvo- Tom Huergo- Max Scott Prod AudioSonido Twins Music Post Prod Pablo Cantorati -Roy Bermudez -Santiago Burgos -Cecilia Cesari Santiento Pais Argentina
El Ojo de Iberoamerica,2024,Produccion Grafica,Braided history,DDB Latina Puerto Rico,Mizani,Puerto Rico,PLATA,Prod DDB Latina Puerto Rico Pais Puerto Rico
El Ojo de Iberoamerica,2024,Produccion Grafica,Over 30,Lew LaraTBWA,de Billboard Brasil,Brasil,PLATA,Prod Santeria Otras Empresas Mynd8 Pais Brasil
El Ojo de Iberoamerica,2024,Produccion Grafica,Drawn To Equality,Dentsu Creative Iberia,de VISA Portugal,Portugal,BRONCE,
El Ojo de Iberoamerica,2024,Produccion Grafica,VW X4,Ogilvy Bolivia,Volkswagen,Bolivia,BRONCE,
El Ojo de Iberoamerica,2024,Produccion Grafica,Sun Stats,Punto 99,KFC Ecuador,Ecuador,BRONCE,Prod Ricardo Salamanca Pais Ecuador
El Ojo de Iberoamerica,2024,Produccion Grafica,Wrong Candidates,Alma DDB,Change the Ref,Estados Unidos,ORO,
El Ojo de Iberoamerica,2024,Produccion Grafica,Wrong Candidates,Alma DDB,Change the Ref,Estados Unidos,PLATA,
El Ojo de Iberoamerica,2024,Produccion Grafica,Braided history,DDB Latina Puerto Rico,Mizani,Puerto Rico,PLATA,Prod DDB Latina Puerto Rico Pais Puerto Rico
El Ojo de Iberoamerica,2024,Produccion Grafica,Bk open laters,Garabato MullenLowe,Burger King Paraguay,Paraguay,BRONCE,Prod Garabato MullenLowe Realizador LA FILIAL Pais Paraguay
El Ojo de Iberoamerica,2024,Produccion Grafica,Reprinting Nica,Havas Costa Rica - BETC HAVAS,de La Prensa Nicaragua,Nicaragua,BRONCE,Prod Fulfierros Prod AudioSonido Punch Audio Pais Nicaragua
El Ojo de Iberoamerica,2024,Produccion Grafica,Find Your Summer,LOLA MullenLowe,Magnum Ice Cream,Espana,El GRAN OJO PRODUCCION GRAFICA,Prod MJZ Realizador Juan Cabral Prod AudioSonido Big Sync Post Prod Glassworks Otras Empresas Mindshare Pais Espana
El Ojo de Iberoamerica,2024,Produccion Grafica,Medalla Drinkers Know,DDB Latina Puerto Rico,Medalla Light,Puerto Rico,PLATA,Prod DDB Latina Puerto Rico Realizador Peter Peralta- Luis Romero Pais Puerto Rico
El Ojo de Iberoamerica,2024,Produccion Grafica,Braided history,DDB Latina Puerto Rico,Mizani,Puerto Rico,PLATA,Prod DDB Latina Puerto Rico Pais Puerto Rico
El Ojo de Iberoamerica,2024,Produccion Grafica,The Billboard you shouldn t be able to read but you can,McCann San Jose,Gollo Motors,Costa Rica,BRONCE,Prod Fulfierros Realizador Huelander Escalante Pais Costa Rica
El Ojo de Iberoamerica,2024,Produccion Grafica,Ano de Campagnola,Vendaval - di Paola Latina Argentina,LA CAMPAGNOLA,Argentina,BRONCE,Prod Huinca Cine Realizador Hernan Bargman- Alan Badan Prod AudioSonido Cinestesia -Supercharango Post Prod Cristian Martino -Control Z -Roy Bermudez Pais Argentina
El Ojo de Iberoamerica,2024,Produccion Grafica,Luces negras,Almap BBDO,Bradesco Seguros - Empregue Afro - GOMA - Museu Afro-UFBA,Brasil,ORO,Prod Almap BBDO Prod AudioSonido Raw Audio Post Prod Otras Empresas Dialeto Studio Pais Brasil
El Ojo de Iberoamerica,2024,Produccion Grafica,Las 2 Caras,BBDO Mexico,de Alexia Ortiz,Mexico,ORO,Prod Rebolucion Realizador Monster Duo Prod AudioSonido Machete Musica Pais Mexico
El Ojo de Iberoamerica,2024,Produccion Grafica,Braided history,DDB Latina Puerto Rico,Mizani,Puerto Rico,PLATA,Prod DDB Latina Puerto Rico Pais Puerto Rico
El Ojo de Iberoamerica,2024,Produccion Grafica,Hearink Stories,Ogilvy Guatemala Guatemala,Penguin Random House Audiobooks,Guatemala,PLATA,Prod ZITIO Guatemala Realizador Ernesto Abrego Prod AudioSonido Felipe Santana Guatemala-Grupo Rec Latam Guatemala Post Prod ZITIO Guatemala Pais Guatemala
El Ojo de Iberoamerica,2024,Produccion Grafica,Second,Republica Havas,de Asociacion Lucha contra el Mal,Argentina,PLATA,Realizador Lucila Blumencweig Prod AudioSonido Post Prod Diego Chilliano Pais Argentina
El Ojo de Iberoamerica,2024,Produccion Grafica,La infancia siempre pierde la guerra,Groenlandia by Havas,de Unicef Chile,Chile,BRONCE,Prod Semilla Estudio Pais Chile
El Ojo de Iberoamerica,2024,Produccion Grafica,Disastrous washes,McCann Ecuador,Ciclon,Ecuador,BRONCE,Prod Alicia Studio - Grabbit Films Realizador Diego Aguilar Post Prod Grabbit Films -Alicia Studio Pais Ecuador
El Ojo de Iberoamerica,2024,Produccion Grafica,Find Your Summer,LOLA MullenLowe,Magnum Ice Cream,Espana,ORO,Prod MJZ Realizador Juan Cabral Prod AudioSonido Big Sync Post Prod Glassworks Otras Empresas Mindshare Pais Espana
El Ojo de Iberoamerica,2024,Produccion Grafica,Second,Republica Havas,de Asociacion Lucha contra el Mal,Argentina,PLATA,Realizador Lucila Blumencweig Prod AudioSonido Post Prod Diego Chilliano Pais Argentina
El Ojo de Iberoamerica,2024,Produccion Grafica,Families,Grey Mexico,de Save the Children Mexico,Mexico,BRONCE,Prod Whisky Films Realizador RAM Martinez Pais Mexico
El Ojo de Iberoamerica,2024,Produccion Grafica,Disastrous washes,McCann Ecuador,Ciclon,Ecuador,BRONCE,Prod Alicia Studio - Grabbit Films Realizador Diego Aguilar Post Prod Grabbit Films -Alicia Studio Pais Ecuador
El Ojo de Iberoamerica,2024,Produccion Grafica,Saber ver lo que otros no ven,McCann Worldgroup Espana,de Bestinver,Espana,BRONCE,Prod Landia - CRAFT Realizador HADI Prod AudioSonido CRAFT Post Prod CRAFT -CRAFT Pais Espana
El Ojo de Iberoamerica,2024,Produccion Grafica,Inolvidables,Darwin Verne,de Paradores,Espana,PLATA,Prod Visual Noise Realizador Visual Noise Prod Pais Espana
El Ojo de Iberoamerica,2024,Produccion Grafica,Amor en Amorfinos,Paradais DDB,Xtrim,Ecuador,BRONCE,
El Ojo de Iberoamerica,2024,Mas Mujeres,Laura Esteves VP y Nina Lucatto ECD por Clean Sponsorship,DM9,Consul,Brasil,ORO,Prod Corazon Filmes Realizador-a Bruno Zanetti Prod Audio Sonido Satelite Audio Pais Brasil
El Ojo de Iberoamerica,2024,Mas Mujeres,Lorena Pedre CD por Nobody should die at XMAS-,DoubleYou,Open Arms,Espana,PLATA,Prod Blua Realizador-a Iker Iturria Prod Audio Sonido lastcrit Postprod Blua -Moonlight Otras Empresas Engine Agency Pais Espana
El Ojo de Iberoamerica,2024,Mas Mujeres,Deborah Vasques por e-Police Station-,Almap BBDO,Wonder Women Tech,Brasil,BRONCE,Prod Monster Films Prod Audio Sonido Cabaret Studio Otras Empresas Giusti Comunicacao -Brand Gaming Pais Brasil
El Ojo de Iberoamerica,2024,Mas Mujeres,Laura Esteves VP por Audience Delivery-,DM9 - Live Mode,iFood,Brasil,BRONCE,Prod Handmaker Realizador-a Fernando Lenox Prod Audio Sonido Mr Pink Pais Brasil
El Ojo de Iberoamerica,2024,Mas Mujeres,The Fridman Sisters por Lose it all Win it all-,WiedenKennedy Mexico,Nike Mexico,Mexico,ORO,Prod Stink Films Prod Audio Sonido TDL Soundtracks -TDL Soundtracks Postprod Danilo Abraham -Edith Rocha -Nash Pais Mexico
El Ojo de Iberoamerica,2024,Mas Mujeres,YUCA por Impossible Journey-,Area 23,ASTER,Brasil,PLATA,Prod The Youth - Colossal Realizador-a YUCA- Bruno Brasil Prod Audio Sonido Satelite Audio Postprod Colossal Otras Empresas Farbewerk Fine Art Lab -ATELIE 39 Pais Brasil
El Ojo de Iberoamerica,2024,Mas Mujeres,Yupi Segura por Ultimo Viaje-,Grey Mexico,Articulo 19,Mexico,PLATA,Prod Oriental Films Realizador-a Yupi Segura- Marindia Prod Audio Sonido Paola Decanini -Azotea Post Postprod Carlos Cepeda Pais Mexico
El Ojo de Iberoamerica,2024,Mas Mujeres,Ana-Filipa Domingues por Surfing Through the Odds-,Coming Soon Lisboa,Betclic - Shutterstock Studios - SOMA Surf,Portugal,BRONCE,Prod Shutterstock Studios Realizador-a Ana-Filipa Domingues Otras Empresas Omerta Pais Portugal
