Festival,Year,Track,Title,Agency,Brand,Country,Award,Credits,Permalink
El Ojo de Iberoamerica,2024,Film,The power of a fragrance,LOLA MullenLowe,Axe-Lynx,Espana,El GRAN OJO FILM,Prod Czarbe Otro Realizador-a Lionel Goldstein Prod Audio Sonido Senstudio Otro Postprod Czarbe Otro Pais Espana,/awards/el_ojo/2024/campaigns/the-power-of-a-fragrance-axe-lynx-lola-mullenlowe-2024/
El Ojo de Iberoamerica,2024,Film,The last barf bag,FCB Chicago,Dramamine,Estados Unidos,El GRAN OJO FILM,Prod Rakish Realizador-a Sunny Sixteen Prod Audio Sonido JSM Music Postprod 456 Studios Otras Empresas 360PR -The Shipyard -Extra Packaging -SPCFuel Pais Estados Unidos,/awards/el_ojo/2024/campaigns/the-last-barf-bag-dramamine-fcb-chicago-2024/
El Ojo de Iberoamerica,2024,Film,Find Your Summer,LOLA MullenLowe,Magnum Ice Cream,Espana,ORO,Prod MJZ Realizador-a Juan Cabral Prod Audio Sonido Big Sync Postprod Glassworks Otras Empresas Mindshare Otro Pais Espana,/awards/el_ojo/2024/campaigns/find-your-summer-magnum-ice-cream-lola-mullenlowe-2024/
El Ojo de Iberoamerica,2024,Film,La espera,1984,de Kraft Heinz Chile,Chile,BRONCE,Prod Fabula Realizador-a Santiago Correa Pais Chile,/awards/el_ojo/2024/campaigns/la-espera-de-kraft-heinz-chile-1984-2024/
El Ojo de Iberoamerica,2024,Film,Stick to the original,LOLA MullenLowe,Magnum,Espana,BRONCE,Prod PROPPA - BACON Otro Realizador-a Martin Werner Prod Audio Sonido Big Sync Postprod BaconX Otro Pais Espana,/awards/el_ojo/2024/campaigns/stick-to-the-original-magnum-lola-mullenlowe-2024/
El Ojo de Iberoamerica,2024,Film,The power of a fragrance,LOLA MullenLowe,Axe-Lynx,Espana,ORO,Prod Czarbe Otro Realizador-a Lionel Goldstein Prod Audio Sonido Senstudio Otro Postprod Czarbe Otro Pais Espana,/awards/el_ojo/2024/campaigns/the-power-of-a-fragrance-axe-lynx-lola-mullenlowe-2024-2/
El Ojo de Iberoamerica,2024,Film,Tulipan Teniendo sexo podemos reactivar la economia-,Zurda Agency,Tulipan,Argentina,PLATA,Prod Retina Postprod Retina Pais Argentina,/awards/el_ojo/2024/campaigns/tulipan-teniendo-sexo-podemos-reactivar-la-economia-tulipan-zurda-agency-2024/
El Ojo de Iberoamerica,2024,Film,The Autograph,LOLA MullenLowe,Persil,Espana,BRONCE,Prod Rebolucion Realizador-a Vellas Prod Audio Sonido Big Sync Music Postprod Rebolucion Pais Espana,/awards/el_ojo/2024/campaigns/the-autograph-persil-lola-mullenlowe-2024/
El Ojo de Iberoamerica,2024,Film,Sucesion,DAVID Buenos Aires,HSBC,Argentina,ORO,Prod argentinacine Realizador-a Augusto Gimenez Zapiola- Ale Rey Prod Audio Sonido Bigotes Musica Postprod argentinacine Pais Argentina,/awards/el_ojo/2024/campaigns/sucesion-hsbc-david-buenos-aires-2024/
El Ojo de Iberoamerica,2024,Film,Taste ID-,GUT Buenos Aires,e Globant Argentina,Estados Unidos,PLATA,Prod Rebolucion Realizador-a Luis Gerard Pais Estados Unidos,/awards/el_ojo/2024/campaigns/taste-id-e-globant-argentina-gut-buenos-aires-2024/
El Ojo de Iberoamerica,2024,Film,La Maquina del Tiempo,Publicis Impetu,Tienda Inglesa Uruguay,Uruguay,PLATA,Prod Olga Lee Realizador-a Oliver Lee Garland Prod Audio Sonido La Mayor Pais Uruguay,/awards/el_ojo/2024/campaigns/la-maquina-del-tiempo-tienda-inglesa-uruguay-publicis-impetu-2024/
El Ojo de Iberoamerica,2024,Film,Lo que necesitamos nuevo,Revuelta - Mono Madrid,Wallapop,Espana,PLATA,Prod Garlic Films Realizador-a OCKHAM Prod Audio Sonido Chaco Music House -La Panaderia Postprod McNulty Pais Espana,/awards/el_ojo/2024/campaigns/lo-que-necesitamos-nuevo-wallapop-revuelta-mono-madrid-2024/
El Ojo de Iberoamerica,2024,Film,Ajedrez - Pareja de CHINA parte,LLYC,de Sitges- Festival Internacional,Espana,BRONCE,Prod Lee Films Realizador-a Marc Ortiz Pais Espana,/awards/el_ojo/2024/campaigns/ajedrez-pareja-de-china-parte-de-sitges-festival-internacional-llyc-2024/
El Ojo de Iberoamerica,2024,Film,Fer-,anonimo,Save the Children Mexico,Mexico,ORO,Prod Catatonia Realizador-a Laura Baumeister Prod Audio Sonido Audios Estudio Shalala -Warner Chappell Music Argentina Postprod Catatonia -Fantastic Post Pais Mexico,/awards/el_ojo/2024/campaigns/fer-save-the-children-mexico-anonimo-2024/
El Ojo de Iberoamerica,2024,Film,Generado por la maquina,DAVID Buenos Aires,MACMA,Argentina,BRONCE,Prod Poster Realizador-a Dana Campanello Prod Audio Sonido Papa Music Pais Argentina,/awards/el_ojo/2024/campaigns/generado-por-la-maquina-macma-david-buenos-aires-2024/
El Ojo de Iberoamerica,2024,Film,Huracan,Grey Mexico,Reinserta,Mexico,BRONCE,Prod Oriental Films Realizador-a Garra Prod Audio Sonido Papa Music -Papa Music Postprod Warriors VFX Pais Mexico,/awards/el_ojo/2024/campaigns/huracan-reinserta-grey-mexico-2024/
El Ojo de Iberoamerica,2024,Film,La espera,1984,Kraft Heinz Chile,Chile,ORO,Prod Fabula Realizador-a Santiago Correa Pais Chile,/awards/el_ojo/2024/campaigns/la-espera-kraft-heinz-chile-1984-2024/
El Ojo de Iberoamerica,2024,Film,Tulipan Teniendo sexo podemos reactivar la economia,Zurda Agency,Tulipan,Argentina,PLATA,Prod Retina Postprod Retina Pais Argentina,/awards/el_ojo/2024/campaigns/tulipan-teniendo-sexo-podemos-reactivar-la-economia-tulipan-zurda-agency-2024-2/
El Ojo de Iberoamerica,2024,Film,Gatorade vs agua,Springtime,Gatorade,Brasil,BRONCE,Prod Primo Realizador-a Nicolas Perez Veiga Prod Audio Sonido Porta Estudio Pais Brasil,/awards/el_ojo/2024/campaigns/gatorade-vs-agua-gatorade-springtime-2024/
El Ojo de Iberoamerica,2024,Film,The power of a fragrance,LOLA MullenLowe,Axe-Lynx,Espana,ORO,Prod Czarbe Otro Realizador-a Lionel Goldstein Prod Audio Sonido Senstudio Otro Postprod Czarbe Otro Pais Espana,/awards/el_ojo/2024/campaigns/the-power-of-a-fragrance-axe-lynx-lola-mullenlowe-2024-3/
El Ojo de Iberoamerica,2024,Film,Find Your Summer,LOLA MullenLowe,Magnum Ice Cream,Espana,PLATA,Prod MJZ Realizador-a Juan Cabral Prod Audio Sonido Big Sync Postprod Glassworks Otras Empresas Mindshare Otro Pais Espana,/awards/el_ojo/2024/campaigns/find-your-summer-magnum-ice-cream-lola-mullenlowe-2024-2/
El Ojo de Iberoamerica,2024,Film,Tulipan Teniendo sexo podemos reactivar la economia,Zurda Agency,Tulipan,Argentina,PLATA,Prod Retina Postprod Retina Pais Argentina,/awards/el_ojo/2024/campaigns/tulipan-teniendo-sexo-podemos-reactivar-la-economia-tulipan-zurda-agency-2024-3/
El Ojo de Iberoamerica,2024,Film,Pasado perfecto,Mercado McCann,Schneider,Argentina,BRONCE,Prod Poster Realizador-a Sebastian Caporelli Prod Audio Sonido Porta Estudio Postprod Poster -Poster Otras Empresas Pimba VFX Pais Argentina,/awards/el_ojo/2024/campaigns/pasado-perfecto-schneider-mercado-mccann-2024/
El Ojo de Iberoamerica,2024,Film,Explore Uranus,Officer Gentleman,Easytoys,Espana,BRONCE,Prod Jakiens Postprod La Cueva Pais Espana,/awards/el_ojo/2024/campaigns/explore-uranus-easytoys-officer-gentleman-2024/
El Ojo de Iberoamerica,2024,Film,Fer,anonimo,de Save the Children Mexico,Mexico,PLATA,Prod Catatonia Realizador-a Laura Baumeister Prod Audio Sonido Audios Estudio Shalala -Warner Chappell Music Argentina Postprod Catatonia -Fantastic Post Pais Mexico,/awards/el_ojo/2024/campaigns/fer-de-save-the-children-mexico-anonimo-2024/
El Ojo de Iberoamerica,2024,Film,The Autograph,LOLA MullenLowe,Persil,Espana,BRONCE,Prod Rebolucion Realizador-a Vellas Prod Audio Sonido Big Sync Music Postprod Rebolucion Pais Espana,/awards/el_ojo/2024/campaigns/the-autograph-persil-lola-mullenlowe-2024-2/
El Ojo de Iberoamerica,2024,Film,NotCow,The Juju One Single Office ARG MEX,NotCo Latam,Argentina,BRONCE,Prod Malasana - Estudio Lanza Realizador-a Jorge Malpica- Andres Gatti- Javier Reboursin Prod Audio Sonido Perro Lobo -Perro Lobo Postprod Estudio Lanza Pais Argentina,/awards/el_ojo/2024/campaigns/notcow-notco-latam-the-juju-one-single-office-arg-mex-2024/
El Ojo de Iberoamerica,2024,Film,Tulipan Teniendo sexo podemos reactivar la economia,Zurda Agency,Tulipan,Argentina,ORO,Prod Retina Postprod Retina Otras Empresas Pais Argentina,/awards/el_ojo/2024/campaigns/tulipan-teniendo-sexo-podemos-reactivar-la-economia-tulipan-zurda-agency-2024-4/
El Ojo de Iberoamerica,2024,Film,La primera ultima cita,MullenLowe SSP3 Mexico,Centro Mexicano Alzhaimer,Mexico,BRONCE,Prod Rebolucion Realizador-a Chelo De Los Santos- Boki Gonzalez Pais Mexico,/awards/el_ojo/2024/campaigns/la-primera-ultima-cita-centro-mexicano-alzhaimer-mullenlowe-ssp3-mexico-2024/
El Ojo de Iberoamerica,2024,Film,The last barf bag,FCB Chicago,Dramamine,Estados Unidos,ORO,Prod Rakish Realizador-a Sunny Sixteen Prod Audio Sonido JSM Music Postprod 456 Studios Otras Empresas 360PR -The Shipyard -Extra Packaging -SPCFuel Pais Estados Unidos,/awards/el_ojo/2024/campaigns/the-last-barf-bag-dramamine-fcb-chicago-2024-2/
El Ojo de Iberoamerica,2024,Film,Hotel La Argentina,Mercado McCann,TyC Sports,Argentina,ORO,Prod Virgen Films Realizador-a Martin de Escalada Prod Audio Sonido Virgen Films Postprod Virgen Films -Virgen Films Otras Empresas Supercharango Pais Argentina,/awards/el_ojo/2024/campaigns/hotel-la-argentina-tyc-sports-mercado-mccann-2024/
El Ojo de Iberoamerica,2024,Film,This is not a game,VML Mexico,Movistar Mexico,Mexico,PLATA,Prod Landia Realizador-a Lucas Shannon Prod Audio Sonido BDS Postprod Landia Pais Mexico,/awards/el_ojo/2024/campaigns/this-is-not-a-game-movistar-mexico-vml-mexico-2024/
El Ojo de Iberoamerica,2024,Film,La historia no contada de los ninos que dan voz a una generacion-,Casanova McCann - McCann Detroit,US Bank,Estados Unidos,BRONCE,Prod 9A Films Realizador-a Rudy Valdez Prod Audio Sonido DeAndre James Otras Empresas Weber Shandwick Estados Unidos Pais Estados Unidos,/awards/el_ojo/2024/campaigns/la-historia-no-contada-de-los-ninos-que-dan-voz-a-una-generacion-us-bank-casanova-mccann-mccann-detroit-2024/
El Ojo de Iberoamerica,2024,Film,This is not a game-,VML Mexico,Movistar Mexico,Mexico,ORO,Prod Landia Realizador-a Lucas Shannon Prod Audio Sonido BDS Postprod Landia Pais Mexico,/awards/el_ojo/2024/campaigns/this-is-not-a-game-movistar-mexico-vml-mexico-2024-2/
El Ojo de Iberoamerica,2024,Film,La Cura,Africa Creative,Editora Taverna,Brasil,BRONCE,Editora Taverna Prod Santeria Realizador-a Rafa Damy- Nicoly Cruvinel Prod Audio Sonido Cabaret Postprod 3t Pais Brasil,/awards/el_ojo/2024/campaigns/la-cura-editora-taverna-africa-creative-2024/
El Ojo de Iberoamerica,2024,Film,Late-,Alma DDB,Memorial Sloan Kettering Cancer Center,Estados Unidos,BRONCE,Prod Central Films Realizador-a Rodrigo Garcia Sainz Pais Estados Unidos,/awards/el_ojo/2024/campaigns/late-memorial-sloan-kettering-cancer-center-alma-ddb-2024/
El Ojo de Iberoamerica,2024,Film,Tulipan Teniendo sexo podemos reactivar la economia,Zurda Agency,Tulipan,Argentina,ORO,Prod Retina Postprod Retina Pais Argentina,/awards/el_ojo/2024/campaigns/tulipan-teniendo-sexo-podemos-reactivar-la-economia-tulipan-zurda-agency-2024-5/
El Ojo de Iberoamerica,2024,Film,Tormenta,Almap BBDO,O Boticario,Brasil,BRONCE,Prod MyMama Entertainment Realizador-a Kid Burro Prod Audio Sonido Satelite Audio Postprod Nash Pais Brasil,/awards/el_ojo/2024/campaigns/tormenta-o-boticario-almap-bbdo-2024/
El Ojo de Iberoamerica,2024,Film,Tulipan Teniendo sexo podemos reactivar la economia,Zurda Agency,Tulipan,Argentina,ORO,Prod Retina Postprod Retina Pais Argentina,/awards/el_ojo/2024/campaigns/tulipan-teniendo-sexo-podemos-reactivar-la-economia-tulipan-zurda-agency-2024-6/
El Ojo de Iberoamerica,2024,Film,Fer,anonimo,Save the Children Mexico,Mexico,PLATA,Prod Catatonia Realizador-a Laura Baumeister Prod Audio Sonido Audios Estudio Shalala -Warner Chappell Music Argentina Postprod Catatonia -Fantastic Post Pais Mexico,/awards/el_ojo/2024/campaigns/fer-save-the-children-mexico-anonimo-2024-2/
El Ojo de Iberoamerica,2024,Film,Ultimo Viaje,Grey Mexico,Articulo 19,Mexico,PLATA,Prod Oriental Films Realizador-a Yupi Segura- Marindia Prod Audio Sonido Paola Decanini -Azotea Post Postprod Carlos Cepeda Pais Mexico,/awards/el_ojo/2024/campaigns/ultimo-viaje-articulo-19-grey-mexico-2024/
El Ojo de Iberoamerica,2024,Film,El Veredicto,Kids,DACSA,Espana,BRONCE,Prod Jakiens Realizador-a Marco Huertas Pais Espana,/awards/el_ojo/2024/campaigns/el-veredicto-dacsa-kids-2024/
El Ojo de Iberoamerica,2024,Film,13 Cielos Hero,WiedenKennedy Mexico,Victoria,Mexico,BRONCE,Prod The Maestros Realizador-a Giuliana Tommasi- Rodrigo Valdes Prod Audio Sonido Yamil Misael Gomez -Javier Umpierrez Postprod The Maestros -Mathematic Studio -Club Color -Diego Flores Pais Mexico,/awards/el_ojo/2024/campaigns/13-cielos-hero-victoria-wiedenkennedy-mexico-2024/
El Ojo de Iberoamerica,2024,Grafica,Find Your Summer,LOLA MullenLowe,Magnum Ice Cream,Espana,EL GRAN OJO GRAFICA,Prod MJZ Realizador Juan Cabral Prod AudioSonido Big Sync Post Prod Glassworks Otras Empresas Mindshare Pais Espana,/awards/el_ojo/2024/campaigns/find-your-summer-magnum-ice-cream-lola-mullenlowe-2024-3/
El Ojo de Iberoamerica,2024,Grafica,Find Your Summer,LOLA MullenLowe,Magnum Ice Cream,Espana,ORO,Prod MJZ Realizador Juan Cabral Prod AudioSonido Big Sync Post Prod Glassworks Otras Empresas Mindshare Pais Espana,/awards/el_ojo/2024/campaigns/find-your-summer-magnum-ice-cream-lola-mullenlowe-2024-4/
El Ojo de Iberoamerica,2024,Grafica,Thanks for Coke-Creating,VML Mexico - VML Brasil,Coca-Cola,Mexico,ORO,Prod Mango Films - Sugarcane Filmes - Baliprod - Glitch Productions - NetoShookan Productions Realizador Erik Tapia Otras Empresas Raw Audio -VML Brasil -Sugarcane Filmes -Ogilvy -EssenceMediacom Pais Mexico,/awards/el_ojo/2024/campaigns/thanks-for-coke-creating-coca-cola-vml-mexico-vml-brasil-2024/
El Ojo de Iberoamerica,2024,Grafica,Patrocinio sudado,Isla,Gatorade,Colombia,PLATA,Prod Aleta Media Realizador Matias Ferrari Pais Colombia,/awards/el_ojo/2024/campaigns/patrocinio-sudado-gatorade-isla-2024/
El Ojo de Iberoamerica,2024,Grafica,Lanches RL Thanks for Coke-Creating,VML Mexico - VML Brasil,Coca-Cola,Mexico,BRONCE,Prod Mango Films - Sugarcane Filmes - Baliprod - Glitch Productions - NetoShookan Productions Realizador Erik Tapia Otras Empresas Raw Audio -Ogilvy -EssenceMediacom Pais Mexico,/awards/el_ojo/2024/campaigns/lanches-rl-thanks-for-coke-creating-coca-cola-vml-mexico-vml-brasil-2024/
El Ojo de Iberoamerica,2024,Grafica,Bombon y Confeti Thanks for Coke-Creating,VML Mexico - VML Brasil,Coca-Cola,Mexico,BRONCE,Prod Mango Films - Sugarcane Filmes - Baliprod - Glitch Productions - NetoShookan Productions Realizador Erik Tapia Otras Empresas Raw Audio -Ogilvy -EssenceMediacom Pais Mexico,/awards/el_ojo/2024/campaigns/bombon-y-confeti-thanks-for-coke-creating-coca-cola-vml-mexico-vml-brasil-2024/
El Ojo de Iberoamerica,2024,Grafica,Braided history,DDB Latina Puerto Rico,Mizani,Puerto Rico,PLATA,Prod DDB Latina Puerto Rico Pais Puerto Rico,/awards/el_ojo/2024/campaigns/braided-history-mizani-ddb-latina-puerto-rico-2024/
El Ojo de Iberoamerica,2024,Grafica,Guess Who Won,LOLA MullenLowe,Persil,Espana,PLATA,Otras Empresas Mindshare Pais Espana,/awards/el_ojo/2024/campaigns/guess-who-won-persil-lola-mullenlowe-2024/
El Ojo de Iberoamerica,2024,Grafica,Made from recycled materials,BBDO Chile - BBDO Ecuador,Volkswagen,Ecuador,PLATA,Prod Wolf Credo Realizador Ale Burset Prod AudioSonido Post Prod Longest Line Pais Ecuador,/awards/el_ojo/2024/campaigns/made-from-recycled-materials-volkswagen-bbdo-chile-bbdo-ecuador-2024/
El Ojo de Iberoamerica,2024,Grafica,El peligro creciente,Anita y Vega,Volvo,Argentina,BRONCE,Prod Mama Hungara Realizador Martin Sigal Pais Argentina,/awards/el_ojo/2024/campaigns/el-peligro-creciente-volvo-anita-y-vega-2024/
El Ojo de Iberoamerica,2024,Grafica,Voice actors,Propeg,de ACBEU,Brasil,PLATA,Prod Activity Pais Brasil,/awards/el_ojo/2024/campaigns/voice-actors-de-acbeu-propeg-2024/
El Ojo de Iberoamerica,2024,Grafica,Invitados Inesperados,TBWAPeru,BCP,Peru,PLATA,Prod Naca Producciones Pais Peru,/awards/el_ojo/2024/campaigns/invitados-inesperados-bcp-tbwaperu-2024/
El Ojo de Iberoamerica,2024,Grafica,Main character,BBDO Chile,de Claro,Chile,BRONCE,Prod Custom Image Pais Chile,/awards/el_ojo/2024/campaigns/main-character-de-claro-bbdo-chile-2024/
El Ojo de Iberoamerica,2024,Grafica,Mind changing prices,Fahrenheit DDB,Plaza Vea,Peru,PLATA,Prod Senor Z Pais Peru,/awards/el_ojo/2024/campaigns/mind-changing-prices-plaza-vea-fahrenheit-ddb-2024/
El Ojo de Iberoamerica,2024,Grafica,Hearink Stories,Ogilvy Guatemala Guatemala,Penguin Random House Audiobooks,Guatemala,PLATA,Prod ZITIO Guatemala Realizador Ernesto Abrego Prod AudioSonido Felipe Santana Guatemala-Grupo Rec Latam Guatemala Post Prod ZITIO Guatemala Pais Guatemala,/awards/el_ojo/2024/campaigns/hearink-stories-penguin-random-house-audiobooks-ogilvy-guatemala-guatemala-2024/
El Ojo de Iberoamerica,2024,Grafica,Bk open laters,Garabato MullenLowe,Burger King Paraguay,Paraguay,BRONCE,Prod Garabato MullenLowe Realizador LA FILIAL Pais Paraguay,/awards/el_ojo/2024/campaigns/bk-open-laters-burger-king-paraguay-garabato-mullenlowe-2024/
El Ojo de Iberoamerica,2024,Grafica,Las 2 Caras,BBDO Mexico,Alexia Ortiz,Mexico,PLATA,Prod Rebolucion Realizador Monster Duo Prod AudioSonido Machete Musica Pais Mexico,/awards/el_ojo/2024/campaigns/las-2-caras-alexia-ortiz-bbdo-mexico-2024/
El Ojo de Iberoamerica,2024,Grafica,Paramount NS NOW,Publicis Impetu,de Nuevo Siglo,Uruguay,BRONCE,,/awards/el_ojo/2024/campaigns/paramount-ns-now-de-nuevo-siglo-publicis-impetu-2024/
El Ojo de Iberoamerica,2024,Grafica,Wrong Candidates,Alma DDB,de Change the Ref,Estados Unidos,ORO,,/awards/el_ojo/2024/campaigns/wrong-candidates-de-change-the-ref-alma-ddb-2024/
El Ojo de Iberoamerica,2024,Grafica,Second,Republica Havas,de Asociacion Lucha contra el Mal,Argentina,ORO,Realizador Lucila Blumencweig Post Prod Diego Chilliano Pais Argentina,/awards/el_ojo/2024/campaigns/second-de-asociacion-lucha-contra-el-mal-republica-havas-2024/
El Ojo de Iberoamerica,2024,Grafica,Generado por la maquina,DAVID Buenos Aires,de MACMA,Argentina,PLATA,Prod Poster Realizador Dana Campanello Prod AudioSonido Papa Music Pais Argentina,/awards/el_ojo/2024/campaigns/generado-por-la-maquina-de-macma-david-buenos-aires-2024/
El Ojo de Iberoamerica,2024,Grafica,25,Havas Peru - Republica Havas,Amnistia Internacional Peru,Peru,BRONCE,,/awards/el_ojo/2024/campaigns/25-amnistia-internacional-peru-havas-peru-republica-havas-2024/
El Ojo de Iberoamerica,2024,Grafica,Trip my Pic,DDB Espana,de Halcon Viajes,Espana,ORO,Prod Crowddigital Pais Espana,/awards/el_ojo/2024/campaigns/trip-my-pic-de-halcon-viajes-ddb-espana-2024/
El Ojo de Iberoamerica,2024,Grafica,Reprinting Nica,Havas Costa Rica - BETC HAVAS,La Prensa Nicaragua,Nicaragua,PLATA,Prod Fulfierros Prod AudioSonido Punch Audio Pais Nicaragua,/awards/el_ojo/2024/campaigns/reprinting-nica-la-prensa-nicaragua-havas-costa-rica-betc-havas-2024/
El Ojo de Iberoamerica,2024,Grafica,Over 30,Lew LaraTBWA,de Billboard Brasil,Brasil,PLATA,Prod Santeria Otras Empresas Mynd8 Pais Brasil,/awards/el_ojo/2024/campaigns/over-30-de-billboard-brasil-lew-laratbwa-2024/
El Ojo de Iberoamerica,2024,Grafica,Spotibye,Amen McCann,Oceano FM,Uruguay,BRONCE,Prod Eadweard Realizador Andrea Amato Pais Uruguay,/awards/el_ojo/2024/campaigns/spotibye-oceano-fm-amen-mccann-2024/
El Ojo de Iberoamerica,2024,Grafica,iBlor,Republica Havas,Asociacion Lucha contra el Mal,Argentina,BRONCE,Prod Virgen Films - Twins Music Realizador Hernan Jauregui- Jeronimo Gonzalez Montalvo- Tom Huergo- Max Scott Prod AudioSonido Twins Music Post Prod Pablo Cantorati -Roy Bermudez -Santiago Burgos -Cecilia Cesari Santiento Pais Argentina,/awards/el_ojo/2024/campaigns/iblor-asociacion-lucha-contra-el-mal-republica-havas-2024/
El Ojo de Iberoamerica,2024,Grafica,Braided history,DDB Latina Puerto Rico,Mizani,Puerto Rico,PLATA,Prod DDB Latina Puerto Rico Pais Puerto Rico,/awards/el_ojo/2024/campaigns/braided-history-mizani-ddb-latina-puerto-rico-2024-2/
El Ojo de Iberoamerica,2024,Grafica,Over 30,Lew LaraTBWA,de Billboard Brasil,Brasil,PLATA,Prod Santeria Otras Empresas Mynd8 Pais Brasil,/awards/el_ojo/2024/campaigns/over-30-de-billboard-brasil-lew-laratbwa-2024-2/
El Ojo de Iberoamerica,2024,Grafica,Drawn To Equality,Dentsu Creative Iberia,de VISA Portugal,Portugal,BRONCE,,/awards/el_ojo/2024/campaigns/drawn-to-equality-de-visa-portugal-dentsu-creative-iberia-2024/
El Ojo de Iberoamerica,2024,Grafica,VW X4,Ogilvy Bolivia,Volkswagen,Bolivia,BRONCE,,/awards/el_ojo/2024/campaigns/vw-x4-volkswagen-ogilvy-bolivia-2024/
El Ojo de Iberoamerica,2024,Grafica,Sun Stats,Punto 99,KFC Ecuador,Ecuador,BRONCE,Prod Ricardo Salamanca Pais Ecuador,/awards/el_ojo/2024/campaigns/sun-stats-kfc-ecuador-punto-99-2024/
El Ojo de Iberoamerica,2024,Grafica,Wrong Candidates,Alma DDB,Change the Ref,Estados Unidos,ORO,,/awards/el_ojo/2024/campaigns/wrong-candidates-change-the-ref-alma-ddb-2024/
El Ojo de Iberoamerica,2024,Grafica,Wrong Candidates,Alma DDB,Change the Ref,Estados Unidos,PLATA,,/awards/el_ojo/2024/campaigns/wrong-candidates-change-the-ref-alma-ddb-2024-2/
El Ojo de Iberoamerica,2024,Grafica,Braided history,DDB Latina Puerto Rico,Mizani,Puerto Rico,PLATA,Prod DDB Latina Puerto Rico Pais Puerto Rico,/awards/el_ojo/2024/campaigns/braided-history-mizani-ddb-latina-puerto-rico-2024-3/
El Ojo de Iberoamerica,2024,Grafica,Bk open laters,Garabato MullenLowe,Burger King Paraguay,Paraguay,BRONCE,Prod Garabato MullenLowe Realizador LA FILIAL Pais Paraguay,/awards/el_ojo/2024/campaigns/bk-open-laters-burger-king-paraguay-garabato-mullenlowe-2024-2/
El Ojo de Iberoamerica,2024,Grafica,Reprinting Nica,Havas Costa Rica - BETC HAVAS,de La Prensa Nicaragua,Nicaragua,BRONCE,Prod Fulfierros Prod AudioSonido Punch Audio Pais Nicaragua,/awards/el_ojo/2024/campaigns/reprinting-nica-de-la-prensa-nicaragua-havas-costa-rica-betc-havas-2024/
El Ojo de Iberoamerica,2024,Grafica,Find Your Summer,LOLA MullenLowe,Magnum Ice Cream,Espana,El GRAN OJO PRODUCCION GRAFICA,Prod MJZ Realizador Juan Cabral Prod AudioSonido Big Sync Post Prod Glassworks Otras Empresas Mindshare Pais Espana,/awards/el_ojo/2024/campaigns/find-your-summer-magnum-ice-cream-lola-mullenlowe-2024-5/
El Ojo de Iberoamerica,2024,Grafica,Medalla Drinkers Know,DDB Latina Puerto Rico,Medalla Light,Puerto Rico,PLATA,Prod DDB Latina Puerto Rico Realizador Peter Peralta- Luis Romero Pais Puerto Rico,/awards/el_ojo/2024/campaigns/medalla-drinkers-know-medalla-light-ddb-latina-puerto-rico-2024/
El Ojo de Iberoamerica,2024,Grafica,Braided history,DDB Latina Puerto Rico,Mizani,Puerto Rico,PLATA,Prod DDB Latina Puerto Rico Pais Puerto Rico,/awards/el_ojo/2024/campaigns/braided-history-mizani-ddb-latina-puerto-rico-2024-4/
El Ojo de Iberoamerica,2024,Grafica,The Billboard you shouldn t be able to read but you can,McCann San Jose,Gollo Motors,Costa Rica,BRONCE,Prod Fulfierros Realizador Huelander Escalante Pais Costa Rica,/awards/el_ojo/2024/campaigns/the-billboard-you-shouldn-t-be-able-to-read-but-you-can-gollo-motors-mccann-san-jose-2024/
El Ojo de Iberoamerica,2024,Grafica,Ano de Campagnola,Vendaval - di Paola Latina Argentina,LA CAMPAGNOLA,Argentina,BRONCE,Prod Huinca Cine Realizador Hernan Bargman- Alan Badan Prod AudioSonido Cinestesia -Supercharango Post Prod Cristian Martino -Control Z -Roy Bermudez Pais Argentina,/awards/el_ojo/2024/campaigns/ano-de-campagnola-la-campagnola-vendaval-di-paola-latina-argentina-2024/
El Ojo de Iberoamerica,2024,Grafica,Luces negras,Almap BBDO,Bradesco Seguros - Empregue Afro - GOMA - Museu Afro-UFBA,Brasil,ORO,Prod Almap BBDO Prod AudioSonido Raw Audio Post Prod Otras Empresas Dialeto Studio Pais Brasil,/awards/el_ojo/2024/campaigns/luces-negras-bradesco-seguros-empregue-afro-goma-museu-afro-ufba-almap-bbdo-2024/
El Ojo de Iberoamerica,2024,Grafica,Las 2 Caras,BBDO Mexico,de Alexia Ortiz,Mexico,ORO,Prod Rebolucion Realizador Monster Duo Prod AudioSonido Machete Musica Pais Mexico,/awards/el_ojo/2024/campaigns/las-2-caras-de-alexia-ortiz-bbdo-mexico-2024/
El Ojo de Iberoamerica,2024,Grafica,Braided history,DDB Latina Puerto Rico,Mizani,Puerto Rico,PLATA,Prod DDB Latina Puerto Rico Pais Puerto Rico,/awards/el_ojo/2024/campaigns/braided-history-mizani-ddb-latina-puerto-rico-2024-5/
El Ojo de Iberoamerica,2024,Grafica,Hearink Stories,Ogilvy Guatemala Guatemala,Penguin Random House Audiobooks,Guatemala,PLATA,Prod ZITIO Guatemala Realizador Ernesto Abrego Prod AudioSonido Felipe Santana Guatemala-Grupo Rec Latam Guatemala Post Prod ZITIO Guatemala Pais Guatemala,/awards/el_ojo/2024/campaigns/hearink-stories-penguin-random-house-audiobooks-ogilvy-guatemala-guatemala-2024-2/
El Ojo de Iberoamerica,2024,Grafica,Second,Republica Havas,de Asociacion Lucha contra el Mal,Argentina,PLATA,Realizador Lucila Blumencweig Prod AudioSonido Post Prod Diego Chilliano Pais Argentina,/awards/el_ojo/2024/campaigns/second-de-asociacion-lucha-contra-el-mal-republica-havas-2024-2/
El Ojo de Iberoamerica,2024,Grafica,La infancia siempre pierde la guerra,Groenlandia by Havas,de Unicef Chile,Chile,BRONCE,Prod Semilla Estudio Pais Chile,/awards/el_ojo/2024/campaigns/la-infancia-siempre-pierde-la-guerra-de-unicef-chile-groenlandia-by-havas-2024/
El Ojo de Iberoamerica,2024,Grafica,Disastrous washes,McCann Ecuador,Ciclon,Ecuador,BRONCE,Prod Alicia Studio - Grabbit Films Realizador Diego Aguilar Post Prod Grabbit Films -Alicia Studio Pais Ecuador,/awards/el_ojo/2024/campaigns/disastrous-washes-ciclon-mccann-ecuador-2024/
El Ojo de Iberoamerica,2024,Grafica,Find Your Summer,LOLA MullenLowe,Magnum Ice Cream,Espana,ORO,Prod MJZ Realizador Juan Cabral Prod AudioSonido Big Sync Post Prod Glassworks Otras Empresas Mindshare Pais Espana,/awards/el_ojo/2024/campaigns/find-your-summer-magnum-ice-cream-lola-mullenlowe-2024-6/
El Ojo de Iberoamerica,2024,Grafica,Second,Republica Havas,de Asociacion Lucha contra el Mal,Argentina,PLATA,Realizador Lucila Blumencweig Prod AudioSonido Post Prod Diego Chilliano Pais Argentina,/awards/el_ojo/2024/campaigns/second-de-asociacion-lucha-contra-el-mal-republica-havas-2024-3/
El Ojo de Iberoamerica,2024,Grafica,Families,Grey Mexico,de Save the Children Mexico,Mexico,BRONCE,Prod Whisky Films Realizador RAM Martinez Pais Mexico,/awards/el_ojo/2024/campaigns/families-de-save-the-children-mexico-grey-mexico-2024/
El Ojo de Iberoamerica,2024,Grafica,Disastrous washes,McCann Ecuador,Ciclon,Ecuador,BRONCE,Prod Alicia Studio - Grabbit Films Realizador Diego Aguilar Post Prod Grabbit Films -Alicia Studio Pais Ecuador,/awards/el_ojo/2024/campaigns/disastrous-washes-ciclon-mccann-ecuador-2024-2/
El Ojo de Iberoamerica,2024,Grafica,Saber ver lo que otros no ven,McCann Worldgroup Espana,de Bestinver,Espana,BRONCE,Prod Landia - CRAFT Realizador HADI Prod AudioSonido CRAFT Post Prod CRAFT -CRAFT Pais Espana,/awards/el_ojo/2024/campaigns/saber-ver-lo-que-otros-no-ven-de-bestinver-mccann-worldgroup-espana-2024/
El Ojo de Iberoamerica,2024,Grafica,Inolvidables,Darwin Verne,de Paradores,Espana,PLATA,Prod Visual Noise Realizador Visual Noise Prod Pais Espana,/awards/el_ojo/2024/campaigns/inolvidables-de-paradores-darwin-verne-2024/
El Ojo de Iberoamerica,2024,Grafica,Amor en Amorfinos,Paradais DDB,Xtrim,Ecuador,BRONCE,,/awards/el_ojo/2024/campaigns/amor-en-amorfinos-xtrim-paradais-ddb-2024/
El Ojo de Iberoamerica,2024,Radio Audio,UninterruptAds,Africa Creative,Cerveza Budweiser,Brasil,EL GRAN OJO RADIO AUDIO,Prod Modo Integrado - La Carretera Films Prod AudioSonido Mugshot Otras Empresas Sante Music Agency Pais Brasil,/awards/el_ojo/2024/campaigns/uninterruptads-cerveza-budweiser-africa-creative-2024/
El Ojo de Iberoamerica,2024,Radio Audio,Canciones no originales,From,de Hyundai Uruguay,Uruguay,PLATA,Prod AudioSonido Absolut Pais Uruguay,/awards/el_ojo/2024/campaigns/canciones-no-originales-de-hyundai-uruguay-from-2024/
El Ojo de Iberoamerica,2024,Radio Audio,El desafio del locutor,TombrasNina,Parque,Argentina,BRONCE,,/awards/el_ojo/2024/campaigns/el-desafio-del-locutor-parque-tombrasnina-2024/
El Ojo de Iberoamerica,2024,Radio Audio,Don t Mess with a Princess,Africa Creative,Vivo,Brasil,BRONCE,Realizador Rodrigo Ferrari Prod AudioSonido Canja Otras Empresas WebCore -WOW Gaming Ventures - Pixel Hunters Fortnite - Rogue Unit Roblox Pais Brasil,/awards/el_ojo/2024/campaigns/don-t-mess-with-a-princess-vivo-africa-creative-2024/
El Ojo de Iberoamerica,2024,Radio Audio,Menciones por error,From,Hisense,Uruguay,BRONCE,,/awards/el_ojo/2024/campaigns/menciones-por-error-hisense-from-2024/
El Ojo de Iberoamerica,2024,Radio Audio,Grandes lectores,Dentsu Creative Iberia,Feria del Libro,Espana,PLATA,Prod AudioSonido Jaracanda Pais Espana,/awards/el_ojo/2024/campaigns/grandes-lectores-feria-del-libro-dentsu-creative-iberia-2024/
El Ojo de Iberoamerica,2024,Radio Audio,Sing the news,BeautifulBeast,Fundacion Cardiologica Argentina,Argentina,BRONCE,Prod Papa Music - Fabrica de Canciones Realizador Damian Minckas Prod AudioSonido Deaf Mule -Fabrica de Canciones Pais Argentina,/awards/el_ojo/2024/campaigns/sing-the-news-fundacion-cardiologica-argentina-beautifulbeast-2024/
El Ojo de Iberoamerica,2024,Radio Audio,UninterruptAds,Africa Creative,Budweiser,Brasil,ORO,Prod Modo Integrado - La Carretera Films Prod AudioSonido Mugshot Otras Empresas Sante Music Agency Pais Brasil,/awards/el_ojo/2024/campaigns/uninterruptads-budweiser-africa-creative-2024/
El Ojo de Iberoamerica,2024,Radio Audio,Rock DNA,Almap BBDO,Billboard Brasil,Brasil,ORO,Prod Acaca Prod AudioSonido Punch Audio Otras Empresas Giusti Creative PR -Mynd Pais Brasil,/awards/el_ojo/2024/campaigns/rock-dna-billboard-brasil-almap-bbdo-2024/
El Ojo de Iberoamerica,2024,Radio Audio,Call If you can,Paradais DDB,Paradox,Ecuador,ORO,,/awards/el_ojo/2024/campaigns/call-if-you-can-paradox-paradais-ddb-2024/
El Ojo de Iberoamerica,2024,Radio Audio,855-How-To-Quit,Serviceplan Alemania - Tulom PR,Anzen Health,Estados Unidos,PLATA,Prod JOJX Realizador Oliver Wurffell Prod AudioSonido DaHouse -DaHouse Post Prod Arcade Edit Otras Empresas Tulom PR -Raw Materials -Mediaplus Group Pais Estados Unidos,/awards/el_ojo/2024/campaigns/855-how-to-quit-anzen-health-serviceplan-alemania-tulom-pr-2024/
El Ojo de Iberoamerica,2024,Radio Audio,Cambia el numero,anonimo,de Opinion 51,Mexico,BRONCE,Prod Malasana Realizador Alejandro Barbabosa Prod AudioSonido Silence Track Post Prod Homemade -Urbano Pais Mexico,/awards/el_ojo/2024/campaigns/cambia-el-numero-de-opinion-51-anonimo-2024/
El Ojo de Iberoamerica,2024,Radio Audio,Lo Fried Beats,Punto 99,de KFC Ecuador,Ecuador,BRONCE,Prod Joel Cristopher Realizador Joel Cristopher Pais Ecuador,/awards/el_ojo/2024/campaigns/lo-fried-beats-de-kfc-ecuador-punto-99-2024/
El Ojo de Iberoamerica,2024,Radio Audio,Sharenting- el musical,VML Argentina,de Movistar Argentina,Argentina,ORO,Prod Oruga Cine Prod AudioSonido Bamba Music Pais Argentina,/awards/el_ojo/2024/campaigns/sharenting-el-musical-de-movistar-argentina-vml-argentina-2024/
El Ojo de Iberoamerica,2024,Radio Audio,Canciones no originales,From,de Hyundai Uruguay,Uruguay,PLATA,Prod AudioSonido Absolut Pais Uruguay,/awards/el_ojo/2024/campaigns/canciones-no-originales-de-hyundai-uruguay-from-2024-2/
El Ojo de Iberoamerica,2024,Radio Audio,Bailes para bailar,VML Uruguay,de Danubio Futbol Club,Uruguay,PLATA,Prod Cholo Films Pais Uruguay,/awards/el_ojo/2024/campaigns/bailes-para-bailar-de-danubio-futbol-club-vml-uruguay-2024/
El Ojo de Iberoamerica,2024,Radio Audio,Menciones por error,From,Hisense,Uruguay,BRONCE,,/awards/el_ojo/2024/campaigns/menciones-por-error-hisense-from-2024-2/
El Ojo de Iberoamerica,2024,Radio Audio,Voces sin voz,Notable,Ernex,Uruguay,BRONCE,Prod La Mayor Realizador Federico Moreira Prod AudioSonido La Mayor Pais Uruguay,/awards/el_ojo/2024/campaigns/voces-sin-voz-ernex-notable-2024/
El Ojo de Iberoamerica,2024,Via Publica,Thanks for Coke-Creating,VML Mexico - VML Brasil,Coca-Cola Mexico - Coca-Cola Brasil,Mexico,GRAN OJO VIA PUBLICA,Prod Mango Films -Sugarcane Filmes - Baliprod Otro- Glitch Productions Otro- NetoShookan Productions Otro Realizador-a Erik Tapia Otras Empresas Raw Audio -Sugarcane Filmes -Ogilvy Otro-EssenceMediacom Pais Mexico,/awards/el_ojo/2024/campaigns/thanks-for-coke-creating-coca-cola-mexico-coca-cola-brasil-vml-mexico-vml-brasil-2024/
El Ojo de Iberoamerica,2024,Via Publica,Find Your Summer,LOLA MullenLowe,Magnum Ice Cream,Espana,ORO,Prod MJZ Realizador-a Juan Cabral Prod Audio Sonido Big Sync Postprod Glassworks Otras Empresas Mindshare Otro Pais Espana,/awards/el_ojo/2024/campaigns/find-your-summer-magnum-ice-cream-lola-mullenlowe-2024-7/
El Ojo de Iberoamerica,2024,Via Publica,Thanks for Coke-Creating,VML Mexico - VML Brasil,Coca-Cola Mexico - Coca-Cola Brasil,Mexico,ORO,Prod Mango Films -Sugarcane Filmes - Baliprod Otro- Glitch Productions Otro- NetoShookan Productions Otro Realizador-a Erik Tapia Otras Empresas Raw Audio -Sugarcane Filmes -Ogilvy Otro-EssenceMediacom Pais Mexico,/awards/el_ojo/2024/campaigns/thanks-for-coke-creating-coca-cola-mexico-coca-cola-brasil-vml-mexico-vml-brasil-2024-2/
El Ojo de Iberoamerica,2024,Via Publica,La espera,1984,Kraft Heinz Chile,Chile,BRONCE,Prod Fabula Realizador-a Santiago Correa Pais Chile,/awards/el_ojo/2024/campaigns/la-espera-kraft-heinz-chile-1984-2024-2/
El Ojo de Iberoamerica,2024,Via Publica,Medalla Drinkers Know,DDB Latina Puerto Rico,Medalla Light,Puerto Rico,BRONCE,Prod DDB Latina Puerto Rico Realizador-a Peter Peralta- Luis Romero Pais Puerto Rico,/awards/el_ojo/2024/campaigns/medalla-drinkers-know-medalla-light-ddb-latina-puerto-rico-2024-2/
El Ojo de Iberoamerica,2024,Via Publica,Bombon y Confeti Thanks for Coke-Creating,VML Mexico - VML Brasil,Coca-Cola,Mexico,BRONCE,Prod Mango Films - Sugarcane Filmes Realizador-a Erik Tapia Otras Empresas Raw Audio -Ogilvy Otro-EssenceMediacom Pais Mexico,/awards/el_ojo/2024/campaigns/bombon-y-confeti-thanks-for-coke-creating-coca-cola-vml-mexico-vml-brasil-2024-2/
El Ojo de Iberoamerica,2024,Via Publica,Brahma Phone,Africa Creative,Brahma,Brasil,PLATA,Prod Kaus Film Realizador-a Los Pibes Prod Audio Sonido Satelite Audio Postprod Guava Post Otras Empresas Monkey Producoes -Thinkers Studios -DraftLine Integrada -TKCV -Oba Print -Dona Antonia Pais Brasil,/awards/el_ojo/2024/campaigns/brahma-phone-brahma-africa-creative-2024/
El Ojo de Iberoamerica,2024,Via Publica,Guess Who Won,LOLA MullenLowe,Persil,Espana,PLATA,Otras Empresas Mindshare Otro Pais Espana,/awards/el_ojo/2024/campaigns/guess-who-won-persil-lola-mullenlowe-2024-2/
El Ojo de Iberoamerica,2024,Via Publica,The Billboard you shouldn t be able to read but you can,McCann San Jose,Gollo Motors,Costa Rica,BRONCE,Prod Fulfierros Realizador-a Huelander Escalante Pais Costa Rica,/awards/el_ojo/2024/campaigns/the-billboard-you-shouldn-t-be-able-to-read-but-you-can-gollo-motors-mccann-san-jose-2024-2/
El Ojo de Iberoamerica,2024,Via Publica,Faces of the future,VML Argentina,Rexona,Argentina,BRONCE,Prod Audio Sonido Swing Musica Pais Argentina,/awards/el_ojo/2024/campaigns/faces-of-the-future-rexona-vml-argentina-2024/
El Ojo de Iberoamerica,2024,Via Publica,El atraco del crucero,404 Sao Paulo -GALERIAag,Netflix Brasil,Brasil,PLATA,Prod Platinum - CEGO Otras Empresas MediaMonkes Pais Brasil,/awards/el_ojo/2024/campaigns/el-atraco-del-crucero-netflix-brasil-404-sao-paulo-galeriaag-2024/
El Ojo de Iberoamerica,2024,Via Publica,Mind changing prices,Fahrenheit DDB,Plaza Vea,Peru,PLATA,Prod Senor Z Pais Peru,/awards/el_ojo/2024/campaigns/mind-changing-prices-plaza-vea-fahrenheit-ddb-2024-2/
El Ojo de Iberoamerica,2024,Via Publica,Atacama Fashion Week,Artplan,Desierto Vestido,Brasil,ORO,Prod Sugarcane Filmes Realizador-a Igor Selingarde Prod Audio Sonido Raw Audio Pais Brasil,/awards/el_ojo/2024/campaigns/atacama-fashion-week-desierto-vestido-artplan-2024/
El Ojo de Iberoamerica,2024,Via Publica,Second,Republica Havas,Asociacion Lucha contra el Mal,Argentina,ORO,Realizador-a Lucila Blumencweig Postprod Diego Chilliano Pais Argentina,/awards/el_ojo/2024/campaigns/second-asociacion-lucha-contra-el-mal-republica-havas-2024/
El Ojo de Iberoamerica,2024,Via Publica,Wrong Candidates,Alma DDB,Change the Ref,Estados Unidos,BRONCE,,/awards/el_ojo/2024/campaigns/wrong-candidates-change-the-ref-alma-ddb-2024-3/
El Ojo de Iberoamerica,2024,Via Publica,Sightwalks Veredas que guian,Circus Grey Peru,Cemento Sol,Peru,ORO,Prod Rebeca Producciones - Canica Films - Punto Aparte Realizador-a Mario Angulo- Alvaro Luque- Mario Bertocchi- Alonso Gutierrez Prod Audio Sonido Agosto Music Postprod Nativo Post Otras Empresas APOYO Comunicacion -Llorente y Cuenca -DINAMO Pais Peru,/awards/el_ojo/2024/campaigns/sightwalks-veredas-que-guian-cemento-sol-circus-grey-peru-2024/
El Ojo de Iberoamerica,2024,Via Publica,The cushioning route,Boost Brand Accelerator,Nike Peru,Peru,PLATA,Prod SHIWA - Mantarraya Realizador-a Sebastian Castro- Alessandro Mosca- Miguel Villalobos Prod Audio Sonido Barba Roja Audio -Aejandro Castaneda Postprod SHIWA Pais Peru,/awards/el_ojo/2024/campaigns/the-cushioning-route-nike-peru-boost-brand-accelerator-2024/
El Ojo de Iberoamerica,2024,Via Publica,Car parts for Life,De la Cruz- Ogilvy,Fundacion Stefano - Empresas Fonalledas,Puerto Rico,PLATA,,/awards/el_ojo/2024/campaigns/car-parts-for-life-fundacion-stefano-empresas-fonalledas-de-la-cruz-ogilvy-2024/
El Ojo de Iberoamerica,2024,Via Publica,Comida para Gusanos,VML Chile,Ministerio De Salud,Chile,PLATA,Prod Oriental Films Postprod Atomica Otras Empresas Clear Channel Pais Chile,/awards/el_ojo/2024/campaigns/comida-para-gusanos-ministerio-de-salud-vml-chile-2024/
El Ojo de Iberoamerica,2024,Via Publica,Tiny Billboards,Ogilvy Guatemala,Shell Guatemala,Guatemala,BRONCE,Prod Badalamenti Films - Alicante Films Realizador-a Pepe Badalamenti Pais Guatemala,/awards/el_ojo/2024/campaigns/tiny-billboards-shell-guatemala-ogilvy-guatemala-2024/
El Ojo de Iberoamerica,2024,Via Publica,Imagine with Petacos,DDB Colombia - Buentipo Anchor,Bavaria,Colombia,ORO,Prod Primo Realizador-a Gina Medina Prod Audio Sonido Diego Caceres Pais Colombia,/awards/el_ojo/2024/campaigns/imagine-with-petacos-bavaria-ddb-colombia-buentipo-anchor-2024/
El Ojo de Iberoamerica,2024,Via Publica,El Fing Carro,Monks,Netflix Argentina,Argentina,ORO,Prod Corinthian Pais Argentina,/awards/el_ojo/2024/campaigns/el-fing-carro-netflix-argentina-monks-2024/
El Ojo de Iberoamerica,2024,Via Publica,Nobody should die at XMAS,DoubleYou,Open Arms,Espana,BRONCE,Prod Blua Realizador-a Iker Iturria Prod Audio Sonido lastcrit Postprod Blua -Moonlight Otras Empresas Engine Agency Pais Espana,/awards/el_ojo/2024/campaigns/nobody-should-die-at-xmas-open-arms-doubleyou-2024/
El Ojo de Iberoamerica,2024,Via Publica,Braided history,DDB Latina Puerto Rico,Mizani,Puerto Rico,PLATA,Prod DDB Latina Puerto Rico Pais Puerto Rico,/awards/el_ojo/2024/campaigns/braided-history-mizani-ddb-latina-puerto-rico-2024-6/
El Ojo de Iberoamerica,2024,Via Publica,Find Your Summer,LOLA MullenLowe,Magnum Ice Cream,Espana,ORO,Prod MJZ Realizador-a Juan Cabral Prod Audio Sonido Big Sync Postprod Glassworks Otras Empresas Mindshare Otro Pais Espana,/awards/el_ojo/2024/campaigns/find-your-summer-magnum-ice-cream-lola-mullenlowe-2024-8/
El Ojo de Iberoamerica,2024,Via Publica,Unrepeatable Billboards,MullenLowe Delta,Guitig,Ecuador,BRONCE,Prod Ramona Films Realizador-a Amilcar Machado Otras Empresas Right Angle Media RAM Pais Ecuador,/awards/el_ojo/2024/campaigns/unrepeatable-billboards-guitig-mullenlowe-delta-2024/
El Ojo de Iberoamerica,2024,Via Publica,Braided history,DDB Latina Puerto Rico,Mizani,Puerto Rico,PLATA,Prod DDB Latina Puerto Rico Pais Puerto Rico,/awards/el_ojo/2024/campaigns/braided-history-mizani-ddb-latina-puerto-rico-2024-7/
El Ojo de Iberoamerica,2024,Via Publica,Amazon Desert Rally,Africa Creative,Vivo,Brasil,BRONCE,Prod Genco Realizador-a Andre Vidigal Prod Audio Sonido Satellite Audio Otras Empresas Monkey Producoes Pais Brasil,/awards/el_ojo/2024/campaigns/amazon-desert-rally-vivo-africa-creative-2024/
El Ojo de Iberoamerica,2024,Via Publica,Tienda Segura,BETC HAVAS,TIM Brasil,Brasil,BRONCE,Prod Merci Studios Prod Audio Sonido Sonido Postprod PX Studio Otras Empresas Mulheres Positivas Pais Brasil,/awards/el_ojo/2024/campaigns/tienda-segura-tim-brasil-betc-havas-2024/
El Ojo de Iberoamerica,2024,Via Publica,Alto de la avena,DDB Colombia,Alpina,Colombia,BRONCE,Prod Primo Realizador-a Gina Medina Prod Audio Sonido DC Producciones Otras Empresas TNC Colombia Pais Colombia,/awards/el_ojo/2024/campaigns/alto-de-la-avena-alpina-ddb-colombia-2024/
El Ojo de Iberoamerica,2024,Via Publica,Wrong Candidates,Alma DDB,Change the Ref,Estados Unidos,PLATA,,/awards/el_ojo/2024/campaigns/wrong-candidates-change-the-ref-alma-ddb-2024-4/
El Ojo de Iberoamerica,2024,Via Publica,Shining lights,Alma DDB,Sharp Dentistry,Estados Unidos,BRONCE,,/awards/el_ojo/2024/campaigns/shining-lights-sharp-dentistry-alma-ddb-2024/
El Ojo de Iberoamerica,2024,Via Publica,Ovac10n,Mercado McCann,YPF,Argentina,BRONCE,Prod Asterisco Labs Postprod Asterisco Labs -Asterisco Labs Pais Argentina,/awards/el_ojo/2024/campaigns/ovac10n-ypf-mercado-mccann-2024/
El Ojo de Iberoamerica,2024,Via Publica,Imagine with Petacos,DDB Colombia - Buentipo Anchor,Bavaria,Colombia,ORO,Prod Primo Realizador-a Gina Medina Prod Audio Sonido Diego Caceres Pais Colombia,/awards/el_ojo/2024/campaigns/imagine-with-petacos-bavaria-ddb-colombia-buentipo-anchor-2024-2/
El Ojo de Iberoamerica,2024,Via Publica,Braided history,DDB Latina Puerto Rico,Mizani,Puerto Rico,PLATA,Prod DDB Latina Puerto Rico Pais Puerto Rico,/awards/el_ojo/2024/campaigns/braided-history-mizani-ddb-latina-puerto-rico-2024-8/
El Ojo de Iberoamerica,2024,Via Publica,El Fing Carro,Monks,Netflix Argentina,Argentina,PLATA,Prod Corinthian Pais Argentina,/awards/el_ojo/2024/campaigns/el-fing-carro-netflix-argentina-monks-2024-2/
El Ojo de Iberoamerica,2024,Via Publica,Brahma Phone,Africa Creative,Brahma,Brasil,BRONCE,Prod Kaus Film Realizador-a Los Pibes Prod Audio Sonido Satelite Audio Postprod Guava Post Otras Empresas Monkey Producoes -Thinkers Studios -DraftLine Integrada -TKCV -Oba Print -Dona Antonia Pais Brasil,/awards/el_ojo/2024/campaigns/brahma-phone-brahma-africa-creative-2024-2/
El Ojo de Iberoamerica,2024,Via Publica,Wrong Candidates,Alma DDB,Change the Ref,Estados Unidos,BRONCE,,/awards/el_ojo/2024/campaigns/wrong-candidates-change-the-ref-alma-ddb-2024-5/
El Ojo de Iberoamerica,2024,Via Publica,The cushioning route,Boost Brand Accelerator,Nike Peru,Peru,BRONCE,Prod SHIWA - Mantarraya Realizador-a Sebastian Castro- Alessandro Mosca- Miguel Villalobos Prod Audio Sonido Barba Roja Audio -Aejandro Castaneda Postprod SHIWA Pais Peru,/awards/el_ojo/2024/campaigns/the-cushioning-route-nike-peru-boost-brand-accelerator-2024-2/
El Ojo de Iberoamerica,2024,Via Publica,Medalla Drinkers Know,DDB Latina Puerto Rico,Medalla Light,Puerto Rico,BRONCE,Prod DDB Latina Puerto Rico Realizador-a Peter Peralta- Luis Romero Pais Puerto Rico,/awards/el_ojo/2024/campaigns/medalla-drinkers-know-medalla-light-ddb-latina-puerto-rico-2024-3/
El Ojo de Iberoamerica,2024,Digital Social,VW 70 anos,Almap BBDO,Volkswagen Brasil,Brasil,GRAN OJO,Prod Boiler Filmes Realizador-a Dulcidio Caldeira Prod Audio Sonido Raw Audio Postprod Flow Effects -Acauan Pastore Otras Empresas Giusti Comunicacao Pais Brasil,/awards/el_ojo/2024/campaigns/vw-70-anos-volkswagen-brasil-almap-bbdo-2024/
El Ojo de Iberoamerica,2024,Digital Social,This is not a game,VML Mexico,Movistar Mexico,Mexico,ORO,Prod Landia Realizador-a Lucas Shannon Prod Audio Sonido BDS Postprod Landia Pais Mexico,/awards/el_ojo/2024/campaigns/this-is-not-a-game-movistar-mexico-vml-mexico-2024-3/
El Ojo de Iberoamerica,2024,Digital Social,Tulipan Teniendo sexo podemos reactivar la economia,Zurda Agency,Tulipan,Argentina,BRONCE,Prod Retina Postprod Retina Pais Argentina,/awards/el_ojo/2024/campaigns/tulipan-teniendo-sexo-podemos-reactivar-la-economia-tulipan-zurda-agency-2024-7/
El Ojo de Iberoamerica,2024,Digital Social,Gamer Loan,Paradais DDB,Banco del Pacifico,Ecuador,ORO,Realizador-a Tito Duran Postprod Christopher Valdiviezo Pais Ecuador,/awards/el_ojo/2024/campaigns/gamer-loan-banco-del-pacifico-paradais-ddb-2024/
El Ojo de Iberoamerica,2024,Digital Social,Gatorade match saver,Springtime,Gatorade,Argentina,PLATA,Prod Mama Hungara Realizador-a Fede Garcia Rico Prod Audio Sonido Papamusic -Porta Estudio Postprod MM Otras Empresas No Smoking Pais Argentina,/awards/el_ojo/2024/campaigns/gatorade-match-saver-gatorade-springtime-2024/
El Ojo de Iberoamerica,2024,Digital Social,Don t Mess with a Princess,Africa Creative,Vivo,Brasil,BRONCE,Realizador-a Rodrigo Ferrari Prod Audio Sonido Canja Otras Empresas WebCore -WOW Gaming Ventures -Pixel Hunters Fortnite -Rogue Unit Roblox Pais Brasil,/awards/el_ojo/2024/campaigns/don-t-mess-with-a-princess-vivo-africa-creative-2024-2/
El Ojo de Iberoamerica,2024,Digital Social,UninterruptAds,Africa Creative,Budweiser,Brasil,ORO,Prod Modo Integrado - La Carretera Films Prod Audio Sonido Mugshot Otras Empresas Sante Music Agency Pais Brasil,/awards/el_ojo/2024/campaigns/uninterruptads-budweiser-africa-creative-2024-2/
El Ojo de Iberoamerica,2024,Digital Social,Gatorade match saver,Springtime,Gatorade,Argentina,PLATA,Prod Mama Hungara Realizador-a Fede Garcia Rico Prod Audio Sonido Papamusic -Porta Estudio Postprod MM Otras Empresas No Smoking Pais Argentina,/awards/el_ojo/2024/campaigns/gatorade-match-saver-gatorade-springtime-2024-2/
El Ojo de Iberoamerica,2024,Digital Social,Fan profesional,Africa Creative,Budweiser,Brasil,BRONCE,Prod Modo Integrado Prod Audio Sonido Canja Audio Culture -Eduardo Karas-Filipe Resende-Levi Mynssen de Mello-Filipe Lopes-Levi Mynssen de Mello-Nando de Castro-Matheus Peres-Lari Storch-Ana Flor Bohrer-Flavia Medeiros-Igor Lobo-Mariana Aldrigue Pais Brasil,/awards/el_ojo/2024/campaigns/fan-profesional-budweiser-africa-creative-2024/
El Ojo de Iberoamerica,2024,Digital Social,Hauteam Couture,Africa Creative,Brahma,Brasil,BRONCE,Prod Monkey Producoes - Modo Integrado - Reconcavo Company Realizador-a Nixon Prod Audio Sonido Satelite Audio Postprod Guava Post Pais Brasil,/awards/el_ojo/2024/campaigns/hauteam-couture-brahma-africa-creative-2024/
El Ojo de Iberoamerica,2024,Digital Social,Rock DNA,Almap BBDO,Billboard Brasil,Brasil,BRONCE,Prod Acaca Prod Audio Sonido Punch Audio Otras Empresas Giusti Creative PR -Mynd Pais Brasil,/awards/el_ojo/2024/campaigns/rock-dna-billboard-brasil-almap-bbdo-2024-2/
El Ojo de Iberoamerica,2024,Digital Social,Reviews,Africa Creative,Kraft Heinz Brasil,Brasil,PLATA,Prod silviomedeirosnet Realizador-a Silvio Medeiros Prod Audio Sonido Punch Audio Otras Empresas Borderless Citizen Pais Brasil,/awards/el_ojo/2024/campaigns/reviews-kraft-heinz-brasil-africa-creative-2024/
El Ojo de Iberoamerica,2024,Digital Social,Brahma Phone,Africa Creative,Brahma,Brasil,BRONCE,Prod Kaus Film Realizador-a Los Pibes Prod Audio Sonido Satelite Audio Postprod Guava Post Otras Empresas Monkey Producoes -Thinkers Studios -DraftLine Integrada -TKCV -Oba Print -Dona Antonia Pais Brasil,/awards/el_ojo/2024/campaigns/brahma-phone-brahma-africa-creative-2024-3/
El Ojo de Iberoamerica,2024,Digital Social,Fans Reporters,Africa Creative,Guarana,Brasil,BRONCE,Prod Volken Film Realizador-a Andre Magri Prod Audio Sonido Satellite Audio Postprod Mosaico Filmes Otras Empresas Monkey Producoes -DraftLine Integrada Pais Brasil,/awards/el_ojo/2024/campaigns/fans-reporters-guarana-africa-creative-2024/
El Ojo de Iberoamerica,2024,Digital Social,The missing review,Republica Havas,Amigos For Kids,Estados Unidos,PLATA,Prod El Living - MDS Digital - Twins Music Realizador-a Arturo Vazquez- Lucas Cardona- Fernando Torres- Camila Londono- Jeronimo Gonzalez Montalvo- Max Scott- Tom Huergo Prod Audio Sonido Twins Music -Twins Music -Twins Music Pais Estados Unidos,/awards/el_ojo/2024/campaigns/the-missing-review-amigos-for-kids-republica-havas-2024/
El Ojo de Iberoamerica,2024,Digital Social,e-Police Station,Almap BBDO,Wonder Women Tech,Brasil,BRONCE,Prod Monster Films Prod Audio Sonido Cabaret Studio Otras Empresas Giusti Comunicacao -Brand Gaming Pais Brasil,/awards/el_ojo/2024/campaigns/e-police-station-wonder-women-tech-almap-bbdo-2024/
El Ojo de Iberoamerica,2024,Digital Social,Algoritmo Salvaje Reset,Edelman Espana,Ampara Silvestre,Brasil,BRONCE,Prod Nelson Jimenez Ortiz de Zarate Realizador-a Nelson Jimenez Ortiz de Zarate Pais Brasil,/awards/el_ojo/2024/campaigns/algoritmo-salvaje-reset-ampara-silvestre-edelman-espana-2024/
El Ojo de Iberoamerica,2024,Digital Social,Caras invisibles,Ogilvy Argentina,Unicef Argentina - Missing Children Argentina,Argentina,BRONCE,Prod Fight Films Realizador-a Adri Laham Pais Argentina,/awards/el_ojo/2024/campaigns/caras-invisibles-unicef-argentina-missing-children-argentina-ogilvy-argentina-2024/
El Ojo de Iberoamerica,2024,Digital Social,El atraco del crucero,404 Sao Paulo - GALERIAag,Netflix Brasil,Brasil,ORO,Prod Platinum - CEGO Otras Empresas MediaMonks Pais Brasil,/awards/el_ojo/2024/campaigns/el-atraco-del-crucero-netflix-brasil-404-sao-paulo-galeriaag-2024-2/
El Ojo de Iberoamerica,2024,Digital Social,Errata at 88,Almap BBDO,Johnnie Walker,Brasil,ORO,Prod Almap BBDO Realizador-a Rodrigo Resende- Diego Villas Boas Prod Audio Sonido Cabaret Studio Otras Empresas Giusti Comunicacao -Inside Out PR -Suba Junto Pais Brasil,/awards/el_ojo/2024/campaigns/errata-at-88-johnnie-walker-almap-bbdo-2024/
El Ojo de Iberoamerica,2024,Digital Social,Fans Reporters,Africa Creative,Guarana,Brasil,BRONCE,Prod Volken Film Realizador-a Andre Magri Prod Audio Sonido Satellite Audio Postprod Mosaico Filmes Otras Empresas Monkey Producoes -DraftLine Integrada Pais Brasil,/awards/el_ojo/2024/campaigns/fans-reporters-guarana-africa-creative-2024-2/
El Ojo de Iberoamerica,2024,Digital Social,VW 70 anos,Almap BBDO,Volkswagen Brasil,Brasil,ORO,Prod Boiler Filmes Realizador-a Dulcidio Caldeira Prod Audio Sonido Raw Audio Postprod Flow Effects -Acauan Pastore Otras Empresas Giusti Comunicacao Pais Brasil,/awards/el_ojo/2024/campaigns/vw-70-anos-volkswagen-brasil-almap-bbdo-2024-2/
El Ojo de Iberoamerica,2024,Digital Social,El robo de fin de ano,CYW,Netflix - Estella Galicia,Espana,PLATA,Prod PROTOKOL Otro Realizador-a John Filipe Postprod Iconic Otras Empresas Havas Media Group Spain SAU -Youplanet Pais Espana,/awards/el_ojo/2024/campaigns/el-robo-de-fin-de-ano-netflix-estella-galicia-cyw-2024/
El Ojo de Iberoamerica,2024,Digital Social,El atraco del crucero,404 Sao Paulo - GALERIAag,Netflix Brasil,Brasil,BRONCE,Prod Platinum - CEGO Otras Empresas MediaMonks Pais Brasil,/awards/el_ojo/2024/campaigns/el-atraco-del-crucero-netflix-brasil-404-sao-paulo-galeriaag-2024-3/
El Ojo de Iberoamerica,2024,Digital Social,Brahma Phone,Africa Creative,Brahma,Brasil,BRONCE,Prod Kaus Film Realizador-a Los Pibes Prod Audio Sonido Satelite Audio Postprod Guava Post Otras Empresas Monkey Producoes -Thinkers Studios -DraftLine Integrada -TKCV -Oba Print -Dona Antonia Pais Brasil,/awards/el_ojo/2024/campaigns/brahma-phone-brahma-africa-creative-2024-4/
El Ojo de Iberoamerica,2024,Digital Social,Clean Sponsorship,DM9,Consul,Brasil,BRONCE,Prod Corazon Filmes Realizador-a Bruno Zanetti Prod Audio Sonido Satelite Audio Pais Brasil,/awards/el_ojo/2024/campaigns/clean-sponsorship-consul-dm9-2024/
El Ojo de Iberoamerica,2024,Digital Social,This is not a game-,VML Mexico,Movistar Mexico,Mexico,ORO,Prod Landia Realizador-a Lucas Shannon Prod Audio Sonido BDS Postprod Landia Pais Mexico,/awards/el_ojo/2024/campaigns/this-is-not-a-game-movistar-mexico-vml-mexico-2024-4/
El Ojo de Iberoamerica,2024,Digital Social,Sociedad de la Nieve Que nos paso en la Montana,Jellyfish,Netflix Espana,Espana,BRONCE,,/awards/el_ojo/2024/campaigns/sociedad-de-la-nieve-que-nos-paso-en-la-montana-netflix-espana-jellyfish-2024/
El Ojo de Iberoamerica,2024,Digital Social,Address The Invisible,Archer Troy,Techo Mexico --Google,Mexico,ORO,Prod Onirica Realizador-a Eduardo Canto Pais Mexico,/awards/el_ojo/2024/campaigns/address-the-invisible-techo-mexico-google-archer-troy-2024/
El Ojo de Iberoamerica,2024,Digital Social,Vanishing Emails,VML Peru,Amazon Web Services,Estados Unidos,PLATA,Prod Ladoble - SLALOM Otro Realizador-a Martin Donozo Postprod Facundo Junquet -Luis Staffolani -Cynthia Fuentes Otras Empresas SLALOM Otro Pais Estados Unidos,/awards/el_ojo/2024/campaigns/vanishing-emails-amazon-web-services-vml-peru-2024/
El Ojo de Iberoamerica,2024,Digital Social,Trip my Pic,DDB Espana,Halcon Viajes,Espana,BRONCE,Prod Crowddigital Pais Espana,/awards/el_ojo/2024/campaigns/trip-my-pic-halcon-viajes-ddb-espana-2024/
El Ojo de Iberoamerica,2024,Digital Social,UninterruptAds,Africa Creative,Budweiser,Brasil,PLATA,Prod Modo Integrado - La Carretera Films Prod Audio Sonido Mugshot Otras Empresas Sante Music Agency Pais Brasil,/awards/el_ojo/2024/campaigns/uninterruptads-budweiser-africa-creative-2024-3/
El Ojo de Iberoamerica,2024,Digital Social,Algoritmo Salvaje Reset,Edelman Espana,Ampara Silvestre,Brasil,PLATA,Prod Nelson Jimenez Ortiz de Zarate Realizador-a Nelson Jimenez Ortiz de Zarate Pais Brasil,/awards/el_ojo/2024/campaigns/algoritmo-salvaje-reset-ampara-silvestre-edelman-espana-2024-2/
El Ojo de Iberoamerica,2024,Digital Social,Gamer Loan,Paradais DDB,Banco del Pacifico,Ecuador,PLATA,Realizador-a Tito Duran Postprod Christopher Valdiviezo Pais Ecuador,/awards/el_ojo/2024/campaigns/gamer-loan-banco-del-pacifico-paradais-ddb-2024-2/
El Ojo de Iberoamerica,2024,Digital Social,Promesas absurdas,VML Argentina,ASDRA Asociacion Sindrome,Argentina,BRONCE,Prod Landia Realizador-a Diego Dutil- Tomas Quartino Prod Audio Sonido Violeta Music Pais Argentina,/awards/el_ojo/2024/campaigns/promesas-absurdas-asdra-asociacion-sindrome-vml-argentina-2024/
El Ojo de Iberoamerica,2024,Digital Social,Impulse,Cheil Espana,Samsung Espana,Espana,ORO,Prod Somos 5 Realizador-a Alfredo Lobo Postprod Somos5 Otras Empresas Acid Tango Pais Espana,/awards/el_ojo/2024/campaigns/impulse-samsung-espana-cheil-espana-2024/
El Ojo de Iberoamerica,2024,Digital Social,Address The Invisible,Archer Troy,Techo Mexico --Google,Mexico,PLATA,Prod Onirica Realizador-a Eduardo Canto Pais Mexico,/awards/el_ojo/2024/campaigns/address-the-invisible-techo-mexico-google-archer-troy-2024-2/
El Ojo de Iberoamerica,2024,Digital Social,Reviews,Africa Creative,Kraft Heinz Brasil,Brasil,BRONCE,Prod silviomedeirosnet Realizador-a Silvio Medeiros Prod Audio Sonido Punch Audio Otras Empresas Borderless Citizen Pais Brasil,/awards/el_ojo/2024/campaigns/reviews-kraft-heinz-brasil-africa-creative-2024-2/
El Ojo de Iberoamerica,2024,Digital Social,Trip my Pic,DDB Espana,Halcon Viajes,Espana,BRONCE,Prod Crowddigital Pais Espana,/awards/el_ojo/2024/campaigns/trip-my-pic-halcon-viajes-ddb-espana-2024-2/
El Ojo de Iberoamerica,2024,Digital Social,KFC auto Grand Prix,PS21,KFC Espana,Espana,BRONCE,,/awards/el_ojo/2024/campaigns/kfc-auto-grand-prix-kfc-espana-ps21-2024/
El Ojo de Iberoamerica,2024,Digital Social,Imaginary Squads,GALERIAag,Itau,Brasil,ORO,Prod Frame Realizador-a Edu Simon- Rafael Urenha- Ducha Lopes- Phil Daijo Prod Audio Sonido Canja Postprod Frame Pais Brasil,/awards/el_ojo/2024/campaigns/imaginary-squads-itau-galeriaag-2024/
El Ojo de Iberoamerica,2024,Digital Social,CampofrIA,This is Libre,Campofrio,Espana,PLATA,Prod Landia Realizador-a Maxi Blanco Prod Audio Sonido La Panaderia Postprod Metropolitana Otras Empresas Carat -Lasker -YouFirst -MRM Spain Pais Espana,/awards/el_ojo/2024/campaigns/campofria-campofrio-this-is-libre-2024/
El Ojo de Iberoamerica,2024,Digital Social,Trip my Pic,DDB Espana,Halcon Viajes,Espana,BRONCE,Prod Crowddigital Pais Espana,/awards/el_ojo/2024/campaigns/trip-my-pic-halcon-viajes-ddb-espana-2024-3/
El Ojo de Iberoamerica,2024,Digital Social,Identical Fans-,TBWAPeru,BCP,Peru,BRONCE,,/awards/el_ojo/2024/campaigns/identical-fans-bcp-tbwaperu-2024/
El Ojo de Iberoamerica,2024,Digital Social,This is not a game,VML Mexico,Movistar Mexico,,ORO,Prod Landia Realizador-a Lucas Shannon Prod Audio Sonido BDS Postprod Landia,/awards/el_ojo/2024/campaigns/this-is-not-a-game-movistar-mexico-vml-mexico-2024-5/
El Ojo de Iberoamerica,2024,Digital Social,Reviews,Africa Creative,Kraft Heinz Brasil,Brasil,PLATA,Prod silviomedeirosnet Realizador-a Silvio Medeiros Prod Audio Sonido Punch Audio Otras Empresas Borderless Citizen Pais Brasil,/awards/el_ojo/2024/campaigns/reviews-kraft-heinz-brasil-africa-creative-2024-3/
El Ojo de Iberoamerica,2024,Digital Social,Sin nieve no hay sociedad de Brother Escuela,Creatividad,Cambio climatico,Espana,BRONCE,,/awards/el_ojo/2024/campaigns/sin-nieve-no-hay-sociedad-de-brother-escuela-cambio-climatico-creatividad-2024/
El Ojo de Iberoamerica,2024,Digital Social,Imaginary Squads,GALERIAag,Itau,Brasil,BRONCE,Prod Frame Realizador-a Edu Simon- Rafael Urenha- Ducha Lopes- Phil Daijo Prod Audio Sonido Canja Postprod Frame Pais Brasil,/awards/el_ojo/2024/campaigns/imaginary-squads-itau-galeriaag-2024-2/
El Ojo de Iberoamerica,2024,Digital Social,50-50,Lew LaraTBWA,Camil,Brasil,BRONCE,Prod Audio Sonido Jamute Postprod Lew LaraTBWA Pais Brasil,/awards/el_ojo/2024/campaigns/50-50-camil-lew-laratbwa-2024/
El Ojo de Iberoamerica,2024,Digital Social,Tulipan Teniendo sexo podemos reactivar la economia-,Zurda Agency,Tulipan,Argentina,BRONCE,Prod Retina Postprod Retina Pais Argentina,/awards/el_ojo/2024/campaigns/tulipan-teniendo-sexo-podemos-reactivar-la-economia-tulipan-zurda-agency-2024-8/
El Ojo de Iberoamerica,2024,Digital Social,Brahma Phone,Africa Creative,Brahma,Brasil,ORO,Prod Kaus Film Realizador-a Los Pibes Prod Audio Sonido Satelite Audio Postprod Guava Post Otras Empresas Monkey Producoes -Thinkers Studios -DraftLine Integrada -TKCV -Oba Print -Dona Antonia Pais Brasil,/awards/el_ojo/2024/campaigns/brahma-phone-brahma-africa-creative-2024-5/
El Ojo de Iberoamerica,2024,Digital Social,Reviews,Africa Creative,Kraft Heinz Brasil,Brasil,PLATA,Prod silviomedeirosnet Realizador-a Silvio Medeiros Prod Audio Sonido Punch Audio Otras Empresas Borderless Citizen Pais Brasil,/awards/el_ojo/2024/campaigns/reviews-kraft-heinz-brasil-africa-creative-2024-4/
El Ojo de Iberoamerica,2024,Digital Social,Install our logo,Leo Burnett Mexico - Gato - Hey Kid Design Studio,ADT Security,Mexico,PLATA,Prod Gato Realizador-a Axel Elizondo- Tom Escobar Prod Audio Sonido Cluster Postprod Cluster -Cluster Otras Empresas Starcom Mexico Pais Mexico,/awards/el_ojo/2024/campaigns/install-our-logo-adt-security-leo-burnett-mexico-gato-hey-kid-design-studio-2024/
El Ojo de Iberoamerica,2024,Digital Social,Medalla Drinkers Know,DDB Latina Puerto Rico,Medalla Light,Puerto Rico,BRONCE,Prod DDB Latina Puerto Rico Realizador-a Peter Peralta- Luis Romero Pais Puerto Rico,/awards/el_ojo/2024/campaigns/medalla-drinkers-know-medalla-light-ddb-latina-puerto-rico-2024-4/
El Ojo de Iberoamerica,2024,Digital Social,Lucky news,Paradais DDB,Ecuasal,Ecuador,BRONCE,,/awards/el_ojo/2024/campaigns/lucky-news-ecuasal-paradais-ddb-2024/
El Ojo de Iberoamerica,2024,Digital Social,Domicilios con descuento,WILD FI Paraguay,TaDa Delivery,Paraguay,BRONCE,Prod Renovatio Realizador-a Pietro Scappini Postprod WILD FI Paraguay Pais Paraguay,/awards/el_ojo/2024/campaigns/domicilios-con-descuento-tada-delivery-wild-fi-paraguay-2024/
El Ojo de Iberoamerica,2024,Digital Social,Tulipan Teniendo sexo podemos reactivar la economia-,Zurda Agency,Tulipan,Argentina,BRONCE,Prod Retina Postprod Retina Pais Argentina,/awards/el_ojo/2024/campaigns/tulipan-teniendo-sexo-podemos-reactivar-la-economia-tulipan-zurda-agency-2024-9/
El Ojo de Iberoamerica,2024,Digital Social,VW 70 anos,Almap BBDO,Volkswagen Brasil,Brasil,GRAN OJO,Prod Boiler Filmes Realizador-a Dulcidio Caldeira Prod Audio Sonido Raw Audio Postprod Flow Effects -Acauan Pastore Otras Empresas Giusti Comunicacao Pais Brasil,/awards/el_ojo/2024/campaigns/vw-70-anos-volkswagen-brasil-almap-bbdo-2024-3/
El Ojo de Iberoamerica,2024,Digital Social,This is not a game,VML Mexico,Movistar Mexico,Mexico,ORO,Prod Landia Realizador-a Lucas Shannon Prod Audio Sonido BDS Postprod Landia Pais Mexico,/awards/el_ojo/2024/campaigns/this-is-not-a-game-movistar-mexico-vml-mexico-2024-6/
El Ojo de Iberoamerica,2024,Digital Social,Tulipan Teniendo sexo podemos reactivar la economia,Zurda Agency,Tulipan,Argentina,BRONCE,Prod Retina Postprod Retina Pais Argentina,/awards/el_ojo/2024/campaigns/tulipan-teniendo-sexo-podemos-reactivar-la-economia-tulipan-zurda-agency-2024-10/
El Ojo de Iberoamerica,2024,Digital Social,Gamer Loan,Paradais DDB,Banco del Pacifico,Ecuador,ORO,Realizador-a Tito Duran Postprod Christopher Valdiviezo Pais Ecuador,/awards/el_ojo/2024/campaigns/gamer-loan-banco-del-pacifico-paradais-ddb-2024-3/
El Ojo de Iberoamerica,2024,Digital Social,Gatorade match saver,Springtime,Gatorade,Argentina,PLATA,Prod Mama Hungara Realizador-a Fede Garcia Rico Prod Audio Sonido Papamusic -Porta Estudio Postprod MM Otras Empresas No Smoking Pais Argentina,/awards/el_ojo/2024/campaigns/gatorade-match-saver-gatorade-springtime-2024-3/
El Ojo de Iberoamerica,2024,Digital Social,Don t Mess with a Princess,Africa Creative,Vivo,Brasil,BRONCE,Realizador-a Rodrigo Ferrari Prod Audio Sonido Canja Otras Empresas WebCore -WOW Gaming Ventures -Pixel Hunters Fortnite -Rogue Unit Roblox Pais Brasil,/awards/el_ojo/2024/campaigns/don-t-mess-with-a-princess-vivo-africa-creative-2024-3/
El Ojo de Iberoamerica,2024,Digital Social,UninterruptAds,Africa Creative,Budweiser,Brasil,ORO,Prod Modo Integrado - La Carretera Films Prod Audio Sonido Mugshot Otras Empresas Sante Music Agency Pais Brasil,/awards/el_ojo/2024/campaigns/uninterruptads-budweiser-africa-creative-2024-4/
El Ojo de Iberoamerica,2024,Digital Social,Gatorade match saver,Springtime,Gatorade,Argentina,PLATA,Prod Mama Hungara Realizador-a Fede Garcia Rico Prod Audio Sonido Papamusic -Porta Estudio Postprod MM Otras Empresas No Smoking Pais Argentina,/awards/el_ojo/2024/campaigns/gatorade-match-saver-gatorade-springtime-2024-4/
El Ojo de Iberoamerica,2024,Digital Social,Fan profesional,Africa Creative,Budweiser,Brasil,BRONCE,Prod Modo Integrado Prod Audio Sonido Canja Audio Culture -Eduardo Karas-Filipe Resende-Levi Mynssen de Mello-Filipe Lopes-Levi Mynssen de Mello-Nando de Castro-Matheus Peres-Lari Storch-Ana Flor Bohrer-Flavia Medeiros-Igor Lobo-Mariana Aldrigue Pais Brasil,/awards/el_ojo/2024/campaigns/fan-profesional-budweiser-africa-creative-2024-2/
El Ojo de Iberoamerica,2024,Digital Social,Hauteam Couture,Africa Creative,Brahma,Brasil,BRONCE,Prod Monkey Producoes - Modo Integrado - Reconcavo Company Realizador-a Nixon Prod Audio Sonido Satelite Audio Postprod Guava Post Pais Brasil,/awards/el_ojo/2024/campaigns/hauteam-couture-brahma-africa-creative-2024-2/
El Ojo de Iberoamerica,2024,Digital Social,Rock DNA,Almap BBDO,Billboard Brasil,Brasil,BRONCE,Prod Acaca Prod Audio Sonido Punch Audio Otras Empresas Giusti Creative PR -Mynd Pais Brasil,/awards/el_ojo/2024/campaigns/rock-dna-billboard-brasil-almap-bbdo-2024-3/
El Ojo de Iberoamerica,2024,Digital Social,Reviews,Africa Creative,Kraft Heinz Brasil,Brasil,PLATA,Prod silviomedeirosnet Realizador-a Silvio Medeiros Prod Audio Sonido Punch Audio Otras Empresas Borderless Citizen Pais Brasil,/awards/el_ojo/2024/campaigns/reviews-kraft-heinz-brasil-africa-creative-2024-5/
El Ojo de Iberoamerica,2024,Digital Social,Brahma Phone,Africa Creative,Brahma,Brasil,BRONCE,Prod Kaus Film Realizador-a Los Pibes Prod Audio Sonido Satelite Audio Postprod Guava Post Otras Empresas Monkey Producoes -Thinkers Studios -DraftLine Integrada -TKCV -Oba Print -Dona Antonia Pais Brasil,/awards/el_ojo/2024/campaigns/brahma-phone-brahma-africa-creative-2024-6/
El Ojo de Iberoamerica,2024,Digital Social,Fans Reporters,Africa Creative,Guarana,Brasil,BRONCE,Prod Volken Film Realizador-a Andre Magri Prod Audio Sonido Satellite Audio Postprod Mosaico Filmes Otras Empresas Monkey Producoes -DraftLine Integrada Pais Brasil,/awards/el_ojo/2024/campaigns/fans-reporters-guarana-africa-creative-2024-3/
El Ojo de Iberoamerica,2024,Digital Social,The missing review,Republica Havas,Amigos For Kids,Estados Unidos,PLATA,Prod El Living - MDS Digital - Twins Music Realizador-a Arturo Vazquez- Lucas Cardona- Fernando Torres- Camila Londono- Jeronimo Gonzalez Montalvo- Max Scott- Tom Huergo Prod Audio Sonido Twins Music -Twins Music -Twins Music Pais Estados Unidos,/awards/el_ojo/2024/campaigns/the-missing-review-amigos-for-kids-republica-havas-2024-2/
El Ojo de Iberoamerica,2024,Digital Social,e-Police Station,Almap BBDO,Wonder Women Tech,Brasil,BRONCE,Prod Monster Films Prod Audio Sonido Cabaret Studio Otras Empresas Giusti Comunicacao -Brand Gaming Pais Brasil,/awards/el_ojo/2024/campaigns/e-police-station-wonder-women-tech-almap-bbdo-2024-2/
El Ojo de Iberoamerica,2024,Digital Social,Algoritmo Salvaje Reset,Edelman Espana,Ampara Silvestre,Brasil,BRONCE,Prod Nelson Jimenez Ortiz de Zarate Realizador-a Nelson Jimenez Ortiz de Zarate Pais Brasil,/awards/el_ojo/2024/campaigns/algoritmo-salvaje-reset-ampara-silvestre-edelman-espana-2024-3/
El Ojo de Iberoamerica,2024,Digital Social,Caras invisibles,Ogilvy Argentina,Unicef Argentina - Missing Children Argentina,Argentina,BRONCE,Prod Fight Films Realizador-a Adri Laham Pais Argentina,/awards/el_ojo/2024/campaigns/caras-invisibles-unicef-argentina-missing-children-argentina-ogilvy-argentina-2024-2/
El Ojo de Iberoamerica,2024,Digital Social,El atraco del crucero,404 Sao Paulo - GALERIAag,Netflix Brasil,Brasil,ORO,Prod Platinum - CEGO Otras Empresas MediaMonks Pais Brasil,/awards/el_ojo/2024/campaigns/el-atraco-del-crucero-netflix-brasil-404-sao-paulo-galeriaag-2024-4/
El Ojo de Iberoamerica,2024,Digital Social,Errata at 88,Almap BBDO,Johnnie Walker,Brasil,ORO,Prod Almap BBDO Realizador-a Rodrigo Resende- Diego Villas Boas Prod Audio Sonido Cabaret Studio Otras Empresas Giusti Comunicacao -Inside Out PR -Suba Junto Pais Brasil,/awards/el_ojo/2024/campaigns/errata-at-88-johnnie-walker-almap-bbdo-2024-2/
El Ojo de Iberoamerica,2024,Digital Social,Fans Reporters,Africa Creative,Guarana,Brasil,BRONCE,Prod Volken Film Realizador-a Andre Magri Prod Audio Sonido Satellite Audio Postprod Mosaico Filmes Otras Empresas Monkey Producoes -DraftLine Integrada Pais Brasil,/awards/el_ojo/2024/campaigns/fans-reporters-guarana-africa-creative-2024-4/
El Ojo de Iberoamerica,2024,Digital Social,VW 70 anos,Almap BBDO,Volkswagen Brasil,Brasil,ORO,Prod Boiler Filmes Realizador-a Dulcidio Caldeira Prod Audio Sonido Raw Audio Postprod Flow Effects -Acauan Pastore Otras Empresas Giusti Comunicacao Pais Brasil,/awards/el_ojo/2024/campaigns/vw-70-anos-volkswagen-brasil-almap-bbdo-2024-4/
El Ojo de Iberoamerica,2024,Digital Social,El robo de fin de ano,CYW,Netflix - Estella Galicia,Espana,PLATA,Prod PROTOKOL Otro Realizador-a John Filipe Postprod Iconic Otras Empresas Havas Media Group Spain SAU -Youplanet Pais Espana,/awards/el_ojo/2024/campaigns/el-robo-de-fin-de-ano-netflix-estella-galicia-cyw-2024-2/
El Ojo de Iberoamerica,2024,Digital Social,El atraco del crucero,404 Sao Paulo - GALERIAag,Netflix Brasil,Brasil,BRONCE,Prod Platinum - CEGO Otras Empresas MediaMonks Pais Brasil,/awards/el_ojo/2024/campaigns/el-atraco-del-crucero-netflix-brasil-404-sao-paulo-galeriaag-2024-5/
El Ojo de Iberoamerica,2024,Digital Social,Brahma Phone,Africa Creative,Brahma,Brasil,BRONCE,Prod Kaus Film Realizador-a Los Pibes Prod Audio Sonido Satelite Audio Postprod Guava Post Otras Empresas Monkey Producoes -Thinkers Studios -DraftLine Integrada -TKCV -Oba Print -Dona Antonia Pais Brasil,/awards/el_ojo/2024/campaigns/brahma-phone-brahma-africa-creative-2024-7/
El Ojo de Iberoamerica,2024,Digital Social,Clean Sponsorship,DM9,Consul,Brasil,BRONCE,Prod Corazon Filmes Realizador-a Bruno Zanetti Prod Audio Sonido Satelite Audio Pais Brasil,/awards/el_ojo/2024/campaigns/clean-sponsorship-consul-dm9-2024-2/
El Ojo de Iberoamerica,2024,Digital Social,This is not a game-,VML Mexico,Movistar Mexico,Mexico,ORO,Prod Landia Realizador-a Lucas Shannon Prod Audio Sonido BDS Postprod Landia Pais Mexico,/awards/el_ojo/2024/campaigns/this-is-not-a-game-movistar-mexico-vml-mexico-2024-7/
El Ojo de Iberoamerica,2024,Digital Social,Sociedad de la Nieve Que nos paso en la Montana,Jellyfish,Netflix Espana,Espana,BRONCE,,/awards/el_ojo/2024/campaigns/sociedad-de-la-nieve-que-nos-paso-en-la-montana-netflix-espana-jellyfish-2024-2/
El Ojo de Iberoamerica,2024,Digital Social,Address The Invisible,Archer Troy,Techo Mexico --Google,Mexico,ORO,Prod Onirica Realizador-a Eduardo Canto Pais Mexico,/awards/el_ojo/2024/campaigns/address-the-invisible-techo-mexico-google-archer-troy-2024-3/
El Ojo de Iberoamerica,2024,Digital Social,Vanishing Emails,VML Peru,Amazon Web Services,Estados Unidos,PLATA,Prod Ladoble - SLALOM Otro Realizador-a Martin Donozo Postprod Facundo Junquet -Luis Staffolani -Cynthia Fuentes Otras Empresas SLALOM Otro Pais Estados Unidos,/awards/el_ojo/2024/campaigns/vanishing-emails-amazon-web-services-vml-peru-2024-2/
El Ojo de Iberoamerica,2024,Digital Social,Trip my Pic,DDB Espana,Halcon Viajes,Espana,BRONCE,Prod Crowddigital Pais Espana,/awards/el_ojo/2024/campaigns/trip-my-pic-halcon-viajes-ddb-espana-2024-4/
El Ojo de Iberoamerica,2024,Digital Social,UninterruptAds,Africa Creative,Budweiser,Brasil,PLATA,Prod Modo Integrado - La Carretera Films Prod Audio Sonido Mugshot Otras Empresas Sante Music Agency Pais Brasil,/awards/el_ojo/2024/campaigns/uninterruptads-budweiser-africa-creative-2024-5/
El Ojo de Iberoamerica,2024,Digital Social,Algoritmo Salvaje Reset,Edelman Espana,Ampara Silvestre,Brasil,PLATA,Prod Nelson Jimenez Ortiz de Zarate Realizador-a Nelson Jimenez Ortiz de Zarate Pais Brasil,/awards/el_ojo/2024/campaigns/algoritmo-salvaje-reset-ampara-silvestre-edelman-espana-2024-4/
El Ojo de Iberoamerica,2024,Digital Social,Gamer Loan,Paradais DDB,Banco del Pacifico,Ecuador,PLATA,Realizador-a Tito Duran Postprod Christopher Valdiviezo Pais Ecuador,/awards/el_ojo/2024/campaigns/gamer-loan-banco-del-pacifico-paradais-ddb-2024-4/
El Ojo de Iberoamerica,2024,Digital Social,Promesas absurdas,VML Argentina,ASDRA Asociacion Sindrome,Argentina,BRONCE,Prod Landia Realizador-a Diego Dutil- Tomas Quartino Prod Audio Sonido Violeta Music Pais Argentina,/awards/el_ojo/2024/campaigns/promesas-absurdas-asdra-asociacion-sindrome-vml-argentina-2024-2/
El Ojo de Iberoamerica,2024,Digital Social,Impulse,Cheil Espana,Samsung Espana,Espana,ORO,Prod Somos 5 Realizador-a Alfredo Lobo Postprod Somos5 Otras Empresas Acid Tango Pais Espana,/awards/el_ojo/2024/campaigns/impulse-samsung-espana-cheil-espana-2024-2/
El Ojo de Iberoamerica,2024,Digital Social,Address The Invisible,Archer Troy,Techo Mexico --Google,Mexico,PLATA,Prod Onirica Realizador-a Eduardo Canto Pais Mexico,/awards/el_ojo/2024/campaigns/address-the-invisible-techo-mexico-google-archer-troy-2024-4/
El Ojo de Iberoamerica,2024,Digital Social,Reviews,Africa Creative,Kraft Heinz Brasil,Brasil,BRONCE,Prod silviomedeirosnet Realizador-a Silvio Medeiros Prod Audio Sonido Punch Audio Otras Empresas Borderless Citizen Pais Brasil,/awards/el_ojo/2024/campaigns/reviews-kraft-heinz-brasil-africa-creative-2024-6/
El Ojo de Iberoamerica,2024,Digital Social,Trip my Pic,DDB Espana,Halcon Viajes,Espana,BRONCE,Prod Crowddigital Pais Espana,/awards/el_ojo/2024/campaigns/trip-my-pic-halcon-viajes-ddb-espana-2024-5/
El Ojo de Iberoamerica,2024,Digital Social,KFC auto Grand Prix,PS21,KFC Espana,Espana,BRONCE,,/awards/el_ojo/2024/campaigns/kfc-auto-grand-prix-kfc-espana-ps21-2024-2/
El Ojo de Iberoamerica,2024,Digital Social,Imaginary Squads,GALERIAag,Itau,Brasil,ORO,Prod Frame Realizador-a Edu Simon- Rafael Urenha- Ducha Lopes- Phil Daijo Prod Audio Sonido Canja Postprod Frame Pais Brasil,/awards/el_ojo/2024/campaigns/imaginary-squads-itau-galeriaag-2024-3/
El Ojo de Iberoamerica,2024,Digital Social,CampofrIA,This is Libre,Campofrio,Espana,PLATA,Prod Landia Realizador-a Maxi Blanco Prod Audio Sonido La Panaderia Postprod Metropolitana Otras Empresas Carat -Lasker -YouFirst -MRM Spain Pais Espana,/awards/el_ojo/2024/campaigns/campofria-campofrio-this-is-libre-2024-2/
El Ojo de Iberoamerica,2024,Digital Social,Trip my Pic,DDB Espana,Halcon Viajes,Espana,BRONCE,Prod Crowddigital Pais Espana,/awards/el_ojo/2024/campaigns/trip-my-pic-halcon-viajes-ddb-espana-2024-6/
El Ojo de Iberoamerica,2024,Digital Social,Identical Fans-,TBWAPeru,BCP,Peru,BRONCE,,/awards/el_ojo/2024/campaigns/identical-fans-bcp-tbwaperu-2024-2/
El Ojo de Iberoamerica,2024,Digital Social,This is not a game,VML Mexico,Movistar Mexico,,ORO,Prod Landia Realizador-a Lucas Shannon Prod Audio Sonido BDS Postprod Landia,/awards/el_ojo/2024/campaigns/this-is-not-a-game-movistar-mexico-vml-mexico-2024-8/
El Ojo de Iberoamerica,2024,Digital Social,Reviews,Africa Creative,Kraft Heinz Brasil,Brasil,PLATA,Prod silviomedeirosnet Realizador-a Silvio Medeiros Prod Audio Sonido Punch Audio Otras Empresas Borderless Citizen Pais Brasil,/awards/el_ojo/2024/campaigns/reviews-kraft-heinz-brasil-africa-creative-2024-7/
El Ojo de Iberoamerica,2024,Digital Social,Sin nieve no hay sociedad de Brother Escuela,Creatividad,Cambio climatico,Espana,BRONCE,,/awards/el_ojo/2024/campaigns/sin-nieve-no-hay-sociedad-de-brother-escuela-cambio-climatico-creatividad-2024-2/
El Ojo de Iberoamerica,2024,Digital Social,Imaginary Squads,GALERIAag,Itau,Brasil,BRONCE,Prod Frame Realizador-a Edu Simon- Rafael Urenha- Ducha Lopes- Phil Daijo Prod Audio Sonido Canja Postprod Frame Pais Brasil,/awards/el_ojo/2024/campaigns/imaginary-squads-itau-galeriaag-2024-4/
El Ojo de Iberoamerica,2024,Digital Social,50-50,Lew LaraTBWA,Camil,Brasil,BRONCE,Prod Audio Sonido Jamute Postprod Lew LaraTBWA Pais Brasil,/awards/el_ojo/2024/campaigns/50-50-camil-lew-laratbwa-2024-2/
El Ojo de Iberoamerica,2024,Digital Social,Tulipan Teniendo sexo podemos reactivar la economia-,Zurda Agency,Tulipan,Argentina,BRONCE,Prod Retina Postprod Retina Pais Argentina,/awards/el_ojo/2024/campaigns/tulipan-teniendo-sexo-podemos-reactivar-la-economia-tulipan-zurda-agency-2024-11/
El Ojo de Iberoamerica,2024,Digital Social,Brahma Phone,Africa Creative,Brahma,Brasil,ORO,Prod Kaus Film Realizador-a Los Pibes Prod Audio Sonido Satelite Audio Postprod Guava Post Otras Empresas Monkey Producoes -Thinkers Studios -DraftLine Integrada -TKCV -Oba Print -Dona Antonia Pais Brasil,/awards/el_ojo/2024/campaigns/brahma-phone-brahma-africa-creative-2024-8/
El Ojo de Iberoamerica,2024,Digital Social,Reviews,Africa Creative,Kraft Heinz Brasil,Brasil,PLATA,Prod silviomedeirosnet Realizador-a Silvio Medeiros Prod Audio Sonido Punch Audio Otras Empresas Borderless Citizen Pais Brasil,/awards/el_ojo/2024/campaigns/reviews-kraft-heinz-brasil-africa-creative-2024-8/
El Ojo de Iberoamerica,2024,Digital Social,Install our logo,Leo Burnett Mexico - Gato - Hey Kid Design Studio,ADT Security,Mexico,PLATA,Prod Gato Realizador-a Axel Elizondo- Tom Escobar Prod Audio Sonido Cluster Postprod Cluster -Cluster Otras Empresas Starcom Mexico Pais Mexico,/awards/el_ojo/2024/campaigns/install-our-logo-adt-security-leo-burnett-mexico-gato-hey-kid-design-studio-2024-2/
El Ojo de Iberoamerica,2024,Digital Social,Medalla Drinkers Know,DDB Latina Puerto Rico,Medalla Light,Puerto Rico,BRONCE,Prod DDB Latina Puerto Rico Realizador-a Peter Peralta- Luis Romero Pais Puerto Rico,/awards/el_ojo/2024/campaigns/medalla-drinkers-know-medalla-light-ddb-latina-puerto-rico-2024-5/
El Ojo de Iberoamerica,2024,Digital Social,Lucky news,Paradais DDB,Ecuasal,Ecuador,BRONCE,,/awards/el_ojo/2024/campaigns/lucky-news-ecuasal-paradais-ddb-2024-2/
El Ojo de Iberoamerica,2024,Digital Social,Domicilios con descuento,WILD FI Paraguay,TaDa Delivery,Paraguay,BRONCE,Prod Renovatio Realizador-a Pietro Scappini Postprod WILD FI Paraguay Pais Paraguay,/awards/el_ojo/2024/campaigns/domicilios-con-descuento-tada-delivery-wild-fi-paraguay-2024-2/
El Ojo de Iberoamerica,2024,Digital Social,Tulipan Teniendo sexo podemos reactivar la economia-,Zurda Agency,Tulipan,Argentina,BRONCE,Prod Retina Postprod Retina Pais Argentina,/awards/el_ojo/2024/campaigns/tulipan-teniendo-sexo-podemos-reactivar-la-economia-tulipan-zurda-agency-2024-12/
El Ojo de Iberoamerica,2024,Media,Clean Sponsorship,DM9,Consul,Brasil,GRAN OJO MEDIA,Prod Corazon Filmes Realizador-a Bruno Zanetti Prod Audio Sonido Satelite Audio Pais Brasil,/awards/el_ojo/2024/campaigns/clean-sponsorship-consul-dm9-2024-3/
El Ojo de Iberoamerica,2024,Media,Imagine with Petacos,DDB Colombia - Buentipo Anchor,Bavaria,Colombia,ORO,Prod Primo Realizador-a Gina Medina Prod Audio Sonido Diego Caceres Pais Colombia,/awards/el_ojo/2024/campaigns/imagine-with-petacos-bavaria-ddb-colombia-buentipo-anchor-2024-3/
El Ojo de Iberoamerica,2024,Media,Clean Sponsorship,DM9,Consul,Brasil,ORO,Prod Corazon Filmes Realizador-a Bruno Zanetti Prod Audio Sonido Satelite Audio Pais Brasil,/awards/el_ojo/2024/campaigns/clean-sponsorship-consul-dm9-2024-4/
El Ojo de Iberoamerica,2024,Media,No Ad,Lew LaraTBWA,Farmacias Pague MenosProd,Brasil,PLATA,Prod Audio Sonido Vox Haus -Satelite Audio Otras Empresas Mynd8 Pais Brasil,/awards/el_ojo/2024/campaigns/no-ad-farmacias-pague-menosprod-lew-laratbwa-2024/
El Ojo de Iberoamerica,2024,Media,Trip my Pic,DDB Espana,Halcon Viajes,Espana,BRONCE,Prod Crowddigital Pais Espana,/awards/el_ojo/2024/campaigns/trip-my-pic-halcon-viajes-ddb-espana-2024-7/
El Ojo de Iberoamerica,2024,Media,Atacama Fashion Week,Artplan,Desierto Vestido,Brasil,PLATA,Prod Sugarcane Filmes Realizador-a Igor Selingarde Prod Audio Sonido Raw Audio Pais Brasil,/awards/el_ojo/2024/campaigns/atacama-fashion-week-desierto-vestido-artplan-2024-2/
El Ojo de Iberoamerica,2024,Media,The missing review,Republica Havas,Amigos For Kids,Estados Unidos,BRONCE,Prod El Living - MDS Digital - Twins Music Realizador-a Arturo Vazquez- Lucas Cardona- Fernando Torres- Camila Londono- Jeronimo Gonzalez Montalvo- Max Scott- Tom Huergo Prod Audio Sonido Twins Music -Twins Music -Twins Music Pais Estados Unidos,/awards/el_ojo/2024/campaigns/the-missing-review-amigos-for-kids-republica-havas-2024-3/
El Ojo de Iberoamerica,2024,Media,El robo de fin de ano,CYW,Netflix - Estella Galicia,Espana,PLATA,Prod PROTOKOL Otro Realizador-a John Filipe Postprod Iconic Otras Empresas Havas Media Group Spain SAU -Youplanet Pais Espana,/awards/el_ojo/2024/campaigns/el-robo-de-fin-de-ano-netflix-estella-galicia-cyw-2024-3/
El Ojo de Iberoamerica,2024,Media,Reprinting Nica,Havas Costa Rica - BETC HAVAS,La Prensa Nicaragua,Nicaragua,ORO,Prod Fulfierros Prod Audio Sonido Punch Audio Pais Nicaragua,/awards/el_ojo/2024/campaigns/reprinting-nica-la-prensa-nicaragua-havas-costa-rica-betc-havas-2024-2/
El Ojo de Iberoamerica,2024,Media,Trip my Pic,DDB Espana,Halcon Viajes,Espana,PLATA,Prod Crowddigital Pais Espana,/awards/el_ojo/2024/campaigns/trip-my-pic-halcon-viajes-ddb-espana-2024-8/
El Ojo de Iberoamerica,2024,Media,UninterruptAds,Africa Creative,Budweiser,Brasil,ORO,Prod Modo Integrado - La Carretera Films Prod Audio Sonido Mugshot Otras Empresas Sante Music Agency Pais Brasil,/awards/el_ojo/2024/campaigns/uninterruptads-budweiser-africa-creative-2024-6/
El Ojo de Iberoamerica,2024,Media,Undercover Sportscaster,Almap BBDO,Elma Chips,Brasil,BRONCE,Prod Compania Prod Audio Sonido Cabaret Studio Otras Empresas Soundthinkers -Ampfy -InPress Porter Novelli -Bandeirantes Pais Brasil,/awards/el_ojo/2024/campaigns/undercover-sportscaster-elma-chips-almap-bbdo-2024/
El Ojo de Iberoamerica,2024,Media,Car parts for Life,De la Cruz- Ogilvy,Fundacion Stefano - Empresas Fonalledas,Puerto Rico,PLATA,,/awards/el_ojo/2024/campaigns/car-parts-for-life-fundacion-stefano-empresas-fonalledas-de-la-cruz-ogilvy-2024-2/
El Ojo de Iberoamerica,2024,Media,El Fing Carro,Monks,Netflix Argentina,Argentina,BRONCE,Prod Corinthian Pais Argentina,/awards/el_ojo/2024/campaigns/el-fing-carro-netflix-argentina-monks-2024-3/
El Ojo de Iberoamerica,2024,Media,The cushioning route,Boost Brand Accelerator,Nike Peru,Peru,PLATA,Prod SHIWA - Mantarraya Realizador-a Sebastian Castro- Alessandro Mosca- Miguel Villalobos Prod Audio Sonido Barba Roja Audio -Aejandro Castaneda Postprod SHIWA Pais Peru,/awards/el_ojo/2024/campaigns/the-cushioning-route-nike-peru-boost-brand-accelerator-2024-3/
El Ojo de Iberoamerica,2024,Media,Imagine with Petacos,DDB Colombia - Buentipo Anchor,Bavaria,Colombia,PLATA,Prod Primo Realizador-a Gina Medina Prod Audio Sonido Diego Caceres Pais Colombia,/awards/el_ojo/2024/campaigns/imagine-with-petacos-bavaria-ddb-colombia-buentipo-anchor-2024-4/
El Ojo de Iberoamerica,2024,Media,No Ad,Lew LaraTBWA,Farmacias Pague Menos,Brasil,PLATA,Prod Audio Sonido Vox Haus -Satelite Audio Otras Empresas Mynd8 Pais Brasil,/awards/el_ojo/2024/campaigns/no-ad-farmacias-pague-menos-lew-laratbwa-2024/
El Ojo de Iberoamerica,2024,Media,e-Police Station,Almap BBDO,Wonder Women Tech,Brasil,BRONCE,Prod Monster Films Prod Audio Sonido Cabaret Studio Otras Empresas Giusti Comunicacao -Brand Gaming Pais Brasil,/awards/el_ojo/2024/campaigns/e-police-station-wonder-women-tech-almap-bbdo-2024-3/
El Ojo de Iberoamerica,2024,Media,The missing review,Republica Havas,Amigos For Kids,Estados Unidos,BRONCE,Prod El Living - MDS Digital - Twins Music Realizador-a Arturo Vazquez- Lucas Cardona- Fernando Torres- Camila Londono- Jeronimo Gonzalez Montalvo- Max Scott- Tom Huergo Prod Audio Sonido Twins Music -Twins Music -Twins Music Pais Estados Unidos,/awards/el_ojo/2024/campaigns/the-missing-review-amigos-for-kids-republica-havas-2024-4/
El Ojo de Iberoamerica,2024,Media,Errata at 88,Almap BBDO,Johnnie Walker,Brasil,PLATA,Prod Almap BBDO Realizador-a Rodrigo Resende- Diego Villas Boas Prod Audio Sonido Cabaret Studio Otras Empresas Giusti Comunicacao -Inside Out PR -Suba Junto Pais Brasil,/awards/el_ojo/2024/campaigns/errata-at-88-johnnie-walker-almap-bbdo-2024-3/
El Ojo de Iberoamerica,2024,Media,Tulipan Teniendo sexo podemos reactivar la economia,Zurda Agency,Tulipan,Argentina,PLATA,Prod Retina Postprod Retina Pais Argentina,/awards/el_ojo/2024/campaigns/tulipan-teniendo-sexo-podemos-reactivar-la-economia-tulipan-zurda-agency-2024-13/
El Ojo de Iberoamerica,2024,Media,Atacama Fashion Week,Artplan,Desierto Vestido,Brasil,BRONCE,Prod Sugarcane Filmes Realizador-a Igor Selingarde Prod Audio Sonido Raw Audio Pais Brasil,/awards/el_ojo/2024/campaigns/atacama-fashion-week-desierto-vestido-artplan-2024-3/
El Ojo de Iberoamerica,2024,Media,Gatorade match saver,Springtime,Gatorade,Argentina,BRONCE,Prod Mama Hungara Realizador-a Fede Garcia Rico Prod Audio Sonido Papamusic -Porta Estudio PostprodMM Otras Empresas No Smoking Pais Argentina,/awards/el_ojo/2024/campaigns/gatorade-match-saver-gatorade-springtime-2024-5/
El Ojo de Iberoamerica,2024,Media,Trip my Pic,DDB Espana,Halcon Viajes,Espana,ORO,Prod Crowddigital Pais Espana,/awards/el_ojo/2024/campaigns/trip-my-pic-halcon-viajes-ddb-espana-2024-9/
El Ojo de Iberoamerica,2024,Media,Animal alerts,Serviceplan Alemania - Lanfranco Cordova NYC - Tulom PR,PetPace,Peru,ORO,Prod Rebeca Producciones Realizador-a Matias Gutierrez Prod Audio Sonido Agosto Music -Agosto Music Postprod Nativo Post Otras Empresas Tulom PR -Eat-Astral Kreativ Otro-Mediaplus Group Otro-Peppercomm Pais Peru,/awards/el_ojo/2024/campaigns/animal-alerts-petpace-serviceplan-alemania-lanfranco-cordova-nyc-tulom-pr-2024/
El Ojo de Iberoamerica,2024,Media,The e-commerce of trust,DDB Mexico,Gahr WeCapital,Mexico,PLATA,Prod Whisky Films Realizador-a German Tejada Prod Audio Sonido Estudios Machina Otras Empresas Porter Novelli Pais Mexico,/awards/el_ojo/2024/campaigns/the-e-commerce-of-trust-gahr-wecapital-ddb-mexico-2024/
El Ojo de Iberoamerica,2024,Media,Sightwalks Veredas que guian,Circus Grey Peru,Cemento Sol,Peru,ORO,Prod Rebeca Producciones - Canica Films - Punto Aparte Realizador-a Mario Angulo- Alvaro Luque- Mario Bertocchi- Alonso Gutierrez Prod Audio Sonido Agosto Music Postprod Nativo Post Otras Empresas APOYO Comunicacion -Llorente y Cuenca -DINAMO Pais Peru,/awards/el_ojo/2024/campaigns/sightwalks-veredas-que-guian-cemento-sol-circus-grey-peru-2024-2/
El Ojo de Iberoamerica,2024,Media,Car parts for Life,De la Cruz- Ogilvy,Fundacion Stefano - Empresas Fonalledas,Puerto Rico,BRONCE,,/awards/el_ojo/2024/campaigns/car-parts-for-life-fundacion-stefano-empresas-fonalledas-de-la-cruz-ogilvy-2024-3/
El Ojo de Iberoamerica,2024,Media,Reprinting Nica,Havas Costa Rica - BETC HAVAS,La Prensa Nicaragua,Costa Rica,ORO,Prod Fulfierros Prod Audio Sonido Punch Audio Pais Costa Rica,/awards/el_ojo/2024/campaigns/reprinting-nica-la-prensa-nicaragua-havas-costa-rica-betc-havas-2024-3/
El Ojo de Iberoamerica,2024,Media,The Qlture Code,Star5,Gotuuri,Panama,BRONCE,Prod Wagua Films - Whisky Films Realizador-a Orgun Wagua- Orgun Wagua Prod Audio Sonido Whisky Films Pais Panama,/awards/el_ojo/2024/campaigns/the-qlture-code-gotuuri-star5-2024/
El Ojo de Iberoamerica,2024,Media,Imagine with Petacos,DDB Colombia - Buentipo Anchor,Bavaria,Colombia,ORO,Prod Primo Realizador-a Gina Medina Prod Audio Sonido Diego Caceres Pais Colombia,/awards/el_ojo/2024/campaigns/imagine-with-petacos-bavaria-ddb-colombia-buentipo-anchor-2024-5/
El Ojo de Iberoamerica,2024,Media,Brahma Phone,Africa Creative,Brahma,Brasil,PLATA,Prod Kaus Film Realizador-a Los Pibes Prod Audio Sonido Satelite Audio Postprod Guava Post Otras Empresas Monkey Producoes -Thinkers Studios -DraftLine Integrada -TKCV -Oba Print -Dona Antonia Pais Brasil,/awards/el_ojo/2024/campaigns/brahma-phone-brahma-africa-creative-2024-9/
El Ojo de Iberoamerica,2024,Media,Reprinting Nica,Havas Costa Rica - BETC HAVAS,La Prensa Nicaragua,Nicaragua,BRONCE,Prod Fulfierros Prod Audio Sonido Punch Audio Pais Nicaragua,/awards/el_ojo/2024/campaigns/reprinting-nica-la-prensa-nicaragua-havas-costa-rica-betc-havas-2024-4/
El Ojo de Iberoamerica,2024,Directo,Rice of Glory,Maruri Ecuador - Grey Argentina - grey Brasil,Arroz Super Extra,Ecuador,GRAN OJO DIRECTO,Prod Landia Realizador-a Emi Alvarenga Pais Ecuador,/awards/el_ojo/2024/campaigns/rice-of-glory-arroz-super-extra-maruri-ecuador-grey-argentina-grey-brasil-2024/
El Ojo de Iberoamerica,2024,Directo,Hauteam Couture,Africa Creative,Brahma,Brasil,PLATA,Prod Monkey Producoes - Modo Integrado - Reconcavo Company Realizador-a Nixon Prod Audio Sonido Satelite Audio Postprod Guava Post Pais Brasil,/awards/el_ojo/2024/campaigns/hauteam-couture-brahma-africa-creative-2024-3/
El Ojo de Iberoamerica,2024,Directo,Tulipan Teniendo sexo podemos reactivar la economia,Zurda Agency,Tulipan,Argentina,PLATA,Prod Retina Postprod Retina Pais Argentina,/awards/el_ojo/2024/campaigns/tulipan-teniendo-sexo-podemos-reactivar-la-economia-tulipan-zurda-agency-2024-14/
El Ojo de Iberoamerica,2024,Directo,Imagine with Petacos,DDB Colombia - Buentipo Anchor,Bavaria,Colombia,BRONCE,Prod Primo Realizador-a Gina Medina Prod Audio Sonido Diego Caceres Pais Colombia,/awards/el_ojo/2024/campaigns/imagine-with-petacos-bavaria-ddb-colombia-buentipo-anchor-2024-6/
El Ojo de Iberoamerica,2024,Directo,LoopHotel,DDB Latina Puerto Rico,Cerveza La H,Puerto Rico,BRONCE,Prod DDB Latina Puerto Rico Realizador-a Melvin Valencia Pais Puerto Rico,/awards/el_ojo/2024/campaigns/loophotel-cerveza-la-h-ddb-latina-puerto-rico-2024/
El Ojo de Iberoamerica,2024,Directo,Foodball Fans,Fahrenheit DDB,Plaza Vea,Peru,BRONCE,Prod Locomotor Realizador-a Bruno Rey Prod Audio Sonido Creasonica Pais Peru,/awards/el_ojo/2024/campaigns/foodball-fans-plaza-vea-fahrenheit-ddb-2024/
El Ojo de Iberoamerica,2024,Directo,Fair promo,From,PedidosYa Market,Uruguay,BRONCE,Prod SoySimo Pais Uruguay,/awards/el_ojo/2024/campaigns/fair-promo-pedidosya-market-from-2024/
El Ojo de Iberoamerica,2024,Directo,El ranking culinario que alimento a millones,Valor,Alicorp Peru,Peru,BRONCE,Prod Lado V Otras Empresas LLYC PERU -Tribeca Media Pais Peru,/awards/el_ojo/2024/campaigns/el-ranking-culinario-que-alimento-a-millones-alicorp-peru-valor-2024/
El Ojo de Iberoamerica,2024,Directo,Address The Invisible,Archer Troy,Techo Mexico --Google,Mexico,ORO,Prod Onirica Realizador-a Eduardo Canto Prod Pais Mexico,/awards/el_ojo/2024/campaigns/address-the-invisible-techo-mexico-google-archer-troy-2024-5/
El Ojo de Iberoamerica,2024,Directo,The missing review,Republica Havas,Amigos For Kids,Estados Unidos,PLATA,Prod El Living - MDS Digital - Twins Music Realizador-a Arturo Vazquez- Lucas Cardona- Fernando Torres- Camila Londono- Jeronimo Gonzalez Montalvo- Max Scott- Tom Huergo Prod Audio Sonido Twins Music -Twins Music -Twins Music Pais Estados Unidos,/awards/el_ojo/2024/campaigns/the-missing-review-amigos-for-kids-republica-havas-2024-5/
El Ojo de Iberoamerica,2024,Directo,Samsung Throwback Deals,MRM Brasil,Samsung Brasil,Brasil,ORO,,/awards/el_ojo/2024/campaigns/samsung-throwback-deals-samsung-brasil-mrm-brasil-2024/
El Ojo de Iberoamerica,2024,Directo,Reprinting Nica,Havas Costa Rica - BETC HAVAS,La Prensa Nicaragua,Nicaragua,PLATA,Prod Fulfierros Prod Audio Sonido Punch Audio Pais Nicaragua,/awards/el_ojo/2024/campaigns/reprinting-nica-la-prensa-nicaragua-havas-costa-rica-betc-havas-2024-5/
El Ojo de Iberoamerica,2024,Directo,Brahma Phone,Africa Creative,Brahma,Brasil,BRONCE,Prod Kaus Film Realizador-a Los Pibes Prod Audio Sonido Satelite Audio Postprod Guava Post Otras Empresas Monkey Producoes -Thinkers Studios -DraftLine Integrada -TKCV -Oba Print -Dona Antonia Pais Brasil,/awards/el_ojo/2024/campaigns/brahma-phone-brahma-africa-creative-2024-10/
El Ojo de Iberoamerica,2024,Directo,No Ad,Lew LaraTBWA,Farmacias Pague Menos,Brasil,ORO,Prod Audio Sonido Vox Haus -Satelite Audio Otras Empresas Mynd8 Pais Brasil,/awards/el_ojo/2024/campaigns/no-ad-farmacias-pague-menos-lew-laratbwa-2024-2/
El Ojo de Iberoamerica,2024,Directo,Beer retirement account,Monks,Poker,Colombia,ORO,Prod Primo Realizador-a Cristian Roncancio Pais Colombia,/awards/el_ojo/2024/campaigns/beer-retirement-account-poker-monks-2024/
El Ojo de Iberoamerica,2024,Directo,Icon Discounts,Digitas Colombia,McDonald s Nicaragua,Nicaragua,PLATA,,/awards/el_ojo/2024/campaigns/icon-discounts-mcdonald-s-nicaragua-digitas-colombia-2024/
El Ojo de Iberoamerica,2024,Directo,Welcome to the group,PHD Costa Rica - Shiift Porter Novelli - TBWARIOT,Cambiemos la Regla,Costa Rica,PLATA,Prod Kaiju Pais Costa Rica,/awards/el_ojo/2024/campaigns/welcome-to-the-group-cambiemos-la-regla-phd-costa-rica-shiift-porter-novelli-tbwariot-2024/
El Ojo de Iberoamerica,2024,Directo,W1ng Cod3s,Havas HOY,Volaris Aerolinea,Mexico,BRONCE,Prod Havas HOY Realizador-a David Camacho Pais Mexico,/awards/el_ojo/2024/campaigns/w1ng-cod3s-volaris-aerolinea-havas-hoy-2024/
El Ojo de Iberoamerica,2024,Directo,The missing review,Republica Havas,Amigos For Kids,Estados Unidos,BRONCE,Prod El Living - MDS Digital - Twins Music Realizador-a Arturo Vazquez- Lucas Cardona- Fernando Torres- Camila Londono- Jeronimo Gonzalez Montalvo- Max Scott- Tom Huergo Prod Audio Sonido Twins Music -Twins Music -Twins Music Pais Estados Unidos,/awards/el_ojo/2024/campaigns/the-missing-review-amigos-for-kids-republica-havas-2024-6/
El Ojo de Iberoamerica,2024,Directo,Reviews,Africa Creative,Kraft Heinz Brasil,Brasil,ORO,Prod silviomedeirosnet Realizador-a Silvio Medeiros Prod Audio Sonido Punch Audio Otras Empresas Borderless Citizen Pais Brasil,/awards/el_ojo/2024/campaigns/reviews-kraft-heinz-brasil-africa-creative-2024-9/
El Ojo de Iberoamerica,2024,Directo,Pete Zahat Trollvertising,BBA,Pizza Hut Ecuador,Ecuador,PLATA,Prod BBA Realizador-a Raul Banderas Pais Ecuador,/awards/el_ojo/2024/campaigns/pete-zahat-trollvertising-pizza-hut-ecuador-bba-2024/
El Ojo de Iberoamerica,2024,Directo,Fans Reporters,Africa Creative,Guarana,Brasil,BRONCE,Prod Volken Film Realizador-a Andre Magri Prod Audio Sonido Satellite Audio Postprod Mosaico Filmes Otras Empresas Monkey Producoes -DraftLine Integrada Pais Brasil,/awards/el_ojo/2024/campaigns/fans-reporters-guarana-africa-creative-2024-5/
El Ojo de Iberoamerica,2024,Directo,Whopper Island,DM9,Burger King Brasil,Brasil,BRONCE,Prod Audio Sonido Shuffle Audio Pais Brasil,/awards/el_ojo/2024/campaigns/whopper-island-burger-king-brasil-dm9-2024/
El Ojo de Iberoamerica,2024,Directo,Fans theories release,Monks,Bad Bunny,Estados Unidos,BRONCE,Prod Audio Sonido Super Charango Pais Estados Unidos,/awards/el_ojo/2024/campaigns/fans-theories-release-bad-bunny-monks-2024/
El Ojo de Iberoamerica,2024,Directo,Heinzterception,TERAN TBWA,Heinz,Mexico,BRONCE,Prod TERAN TBWA Realizador-a Jose Padilla Pais Mexico,/awards/el_ojo/2024/campaigns/heinzterception-heinz-teran-tbwa-2024/
El Ojo de Iberoamerica,2024,Directo,Nombres confundidos,Republica Havas,Asociacion Lucha contra el Mal,Argentina,PLATA,Prod Walden Studio - Twins Music Realizador-a Guido Cassini - Matias Pisani - Jeronimo Gonzalez Montalvo- Max Scott- Tom Huergo Prod Audio Sonido Twins Music -Twins Music Pais Argentina,/awards/el_ojo/2024/campaigns/nombres-confundidos-asociacion-lucha-contra-el-mal-republica-havas-2024/
El Ojo de Iberoamerica,2024,Directo,The cushioning route,Boost Brand Accelerator,Nike Peru,Peru,BRONCE,Prod SHIWA - Mantarraya Realizador-a Sebastian Castro- Alessandro Mosca- Miguel Villalobos Prod Audio Sonido Barba Roja Audio -Aejandro Castaneda Postprod SHIWA Pais Peru,/awards/el_ojo/2024/campaigns/the-cushioning-route-nike-peru-boost-brand-accelerator-2024-4/
El Ojo de Iberoamerica,2024,Directo,Imagine with Petacos,DDB Colombia - Buentipo Anchor,Bavaria,Colombia,BRONCE,Prod Primo Realizador-a Gina Medina Prod Audio Sonido Diego Caceres Pais Colombia,/awards/el_ojo/2024/campaigns/imagine-with-petacos-bavaria-ddb-colombia-buentipo-anchor-2024-7/
El Ojo de Iberoamerica,2024,Directo,Animal alerts,Serviceplan Alemania Otro - Lanfranco Cordova NYC - Tulom PR,PetPace,Peru,ORO,Prod Rebeca Producciones Realizador-a Matias Gutierrez Prod Audio Sonido Agosto Music -Agosto Music Postprod Nativo Post Otras Empresas Tulom PR -Eat-Astral Kreativ Otro-Mediaplus Group Otro-Peppercomm Pais Peru,/awards/el_ojo/2024/campaigns/animal-alerts-petpace-serviceplan-alemania-otro-lanfranco-cordova-nyc-tulom-pr-2024/
El Ojo de Iberoamerica,2024,Directo,Gamer Loan,Paradais DDB,Banco del Pacifico,Ecuador,BRONCE,Realizador-a Tito Duran Postprod Christopher Valdiviezo Pais Ecuador,/awards/el_ojo/2024/campaigns/gamer-loan-banco-del-pacifico-paradais-ddb-2024-5/
El Ojo de Iberoamerica,2024,Directo,KFC auto Grand Prix,PS21,KFC Espana,Espana,BRONCE,,/awards/el_ojo/2024/campaigns/kfc-auto-grand-prix-kfc-espana-ps21-2024-3/
El Ojo de Iberoamerica,2024,Directo,Impulse,Cheil Espana,Samsung Espana,Espana,ORO,Prod Somos 5 Realizador-a Alfredo Lobo Postprod Somos5 Otras Empresas Acid Tango Pais Espana,/awards/el_ojo/2024/campaigns/impulse-samsung-espana-cheil-espana-2024-3/
El Ojo de Iberoamerica,2024,Directo,Unsilenced Words,VML Espana,Beigene Science,Espana,BRONCE,Prod La Boutique 77 Pais Espana,/awards/el_ojo/2024/campaigns/unsilenced-words-beigene-science-vml-espana-2024/
El Ojo de Iberoamerica,2024,Directo,Flying Guardians,Almap BBDO,Planet Labs PBC - Greenpeace Brasil,Brasil,ORO,Prod Vetor Zero Realizador-a Luiz Alberto Ferreira Prod Audio Sonido Alma 11 11 Audio -Bari Filmes Otras Empresas HUM Comunicacao -Giusti Comunicacao -Brand Gaming Pais Brasil,/awards/el_ojo/2024/campaigns/flying-guardians-planet-labs-pbc-greenpeace-brasil-almap-bbdo-2024/
El Ojo de Iberoamerica,2024,Directo,Gamer Loan,Paradais DDB,Banco del Pacifico,Ecuador,PLATA,Realizador-a Tito Duran Postprod Christopher Valdiviezo Pais Ecuador,/awards/el_ojo/2024/campaigns/gamer-loan-banco-del-pacifico-paradais-ddb-2024-6/
El Ojo de Iberoamerica,2024,Directo,KFC auto Grand Prix,PS21,KFC Espana,Espana,BRONCE,,/awards/el_ojo/2024/campaigns/kfc-auto-grand-prix-kfc-espana-ps21-2024-4/
El Ojo de Iberoamerica,2024,Directo,Filter Caps,Ogilvy Colombia,Filsa Colombia,Colombia,ORO,Prod Primo Realizador-a Gina Medina Prod Audio Sonido Diego Caceres Producciones Pais Colombia,/awards/el_ojo/2024/campaigns/filter-caps-filsa-colombia-ogilvy-colombia-2024/
El Ojo de Iberoamerica,2024,Directo,Reviews,Africa Creative,Kraft Heinz Brasil,Brasil,PLATA,Prod silviomedeirosnet Realizador-a Silvio Medeiros Prod Audio Sonido Punch Audio Otras Empresas Borderless Citizen Pais Brasil,/awards/el_ojo/2024/campaigns/reviews-kraft-heinz-brasil-africa-creative-2024-10/
El Ojo de Iberoamerica,2024,Directo,855-How-To-Quit,Serviceplan Alemania - Tulom PR,Anzen Health,Estados Unidos,BRONCE,Prod JOJX Realizador-a Oliver Wurffell Prod Audio Sonido DaHouse -DaHouse Postprod Arcade Edit Otras Empresas Tulom PR -Raw Materials -Mediaplus Group Otro Pais Estados Unidos,/awards/el_ojo/2024/campaigns/855-how-to-quit-anzen-health-serviceplan-alemania-tulom-pr-2024-2/
El Ojo de Iberoamerica,2024,Directo,El ranking culinario que alimento a millones,Valor,Alicorp Peru,Peru,BRONCE,Prod Lado V Otras Empresas LLYC PERU -Tribeca Media Pais Peru,/awards/el_ojo/2024/campaigns/el-ranking-culinario-que-alimento-a-millones-alicorp-peru-valor-2024-2/
El Ojo de Iberoamerica,2024,Directo,Rice of Glory,Maruri Ecuador,Arroz Super Extra,Ecuador,ORO,Prod Landia Realizador-a Emi Alvarenga Otras Empresas Grey Argentina Pais Ecuador,/awards/el_ojo/2024/campaigns/rice-of-glory-arroz-super-extra-maruri-ecuador-2024/
El Ojo de Iberoamerica,2024,Directo,Audience Delivery,DM9 - Live Mode,iFood,Brasil,PLATA,Prod Handmaker Realizador-a Fernando Lenox Prod Audio Sonido Mr Pink Pais Brasil,/awards/el_ojo/2024/campaigns/audience-delivery-ifood-dm9-live-mode-2024/
El Ojo de Iberoamerica,2024,Directo,Install our logo,Leo Burnett Mexico - Gato - Hey Kid Design Studio,ADT Security,Mexico,PLATA,Prod Gato Realizador-a Axel Elizondo- Tom Escobar Prod Audio Sonido Cluster Postprod Cluster -Cluster Otras Empresas Starcom Mexico Pais Mexico,/awards/el_ojo/2024/campaigns/install-our-logo-adt-security-leo-burnett-mexico-gato-hey-kid-design-studio-2024-3/
El Ojo de Iberoamerica,2024,Directo,Monopoly,TBWAEspana,McDonalds Espana,Espana,BRONCE,,/awards/el_ojo/2024/campaigns/monopoly-mcdonalds-espana-tbwaespana-2024/
El Ojo de Iberoamerica,2024,Directo,Steal Artois,VML Chile,Stella Artois,Chile,BRONCE,Prod Rebolucion Realizador-a Ivan Vescovo Prod Audio Sonido Clio Pais Chile,/awards/el_ojo/2024/campaigns/steal-artois-stella-artois-vml-chile-2024/
El Ojo de Iberoamerica,2024,Directo,Beer retirement account,Monks,Poker,Colombia,ORO,Prod Primo Realizador-a Cristian Roncancio Pais Colombia,/awards/el_ojo/2024/campaigns/beer-retirement-account-poker-monks-2024-2/
El Ojo de Iberoamerica,2024,Directo,Thanks for Coke-Creating,VML Mexico - VML Brasil,Coca-Cola,Mexico,ORO,Prod Mango Films - Sugarcane Filmes - Baliprod Otro- Glitch Productions Otro- NetoShookan Productions Otro Realizador-a Erik Tapia Otras Empresas Raw Audio -VML Brasil -Sugarcane Filmes -Ogilvy Otro-EssenceMediacom Pais Mexico,/awards/el_ojo/2024/campaigns/thanks-for-coke-creating-coca-cola-vml-mexico-vml-brasil-2024-2/
El Ojo de Iberoamerica,2024,Directo,Imagine with Petacos,DDB Colombia - Buentipo Anchor,Bavaria,Colombia,BRONCE,Prod Primo Realizador-a Gina Medina Prod Audio Sonido Diego Caceres Pais Colombia,/awards/el_ojo/2024/campaigns/imagine-with-petacos-bavaria-ddb-colombia-buentipo-anchor-2024-8/
El Ojo de Iberoamerica,2024,Directo,Improbable Housemates,Dentsu Creative Iberia,MEO,Portugal,BRONCE,Prod Ministerio dos Filmes Realizador-a Marco Martins Prod Audio Sonido Guel Postprod Glimpse Pais Portugal,/awards/el_ojo/2024/campaigns/improbable-housemates-meo-dentsu-creative-iberia-2024/
El Ojo de Iberoamerica,2024,Directo,Install our logo,Leo Burnett Mexico - Gato - Hey Kid Design Studio,ADT Security,Mexico,BRONCE,Prod Gato Realizador-a Axel Elizondo- Tom Escobar Prod Audio Sonido Cluster Postprod Cluster -Cluster Otras Empresas Starcom Mexico Pais Mexico,/awards/el_ojo/2024/campaigns/install-our-logo-adt-security-leo-burnett-mexico-gato-hey-kid-design-studio-2024-4/
El Ojo de Iberoamerica,2024,Directo,Filter Caps,Ogilvy Colombia,Filsa Colombia,Colombia,ORO,Prod Primo Realizador-a Gina Medina Prod Audio Sonido Diego Caceres Producciones Pais Colombia,/awards/el_ojo/2024/campaigns/filter-caps-filsa-colombia-ogilvy-colombia-2024-2/
El Ojo de Iberoamerica,2024,Directo,No Ad,Lew LaraTBWA,Farmacias Pague Menos,Brasil,PLATA,Realizador-a Prod Audio Sonido Vox Haus -Satelite Audio Otras Empresas Mynd8 Pais Brasil,/awards/el_ojo/2024/campaigns/no-ad-farmacias-pague-menos-lew-laratbwa-2024-3/
El Ojo de Iberoamerica,2024,Directo,Reprinting Nica,Havas Costa Rica - BETC HAVAS,de La Prensa Nicaragua,Nicaragua,BRONCE,Prod Fulfierros Prod Audio Sonido Punch Audio Pais Nicaragua,/awards/el_ojo/2024/campaigns/reprinting-nica-de-la-prensa-nicaragua-havas-costa-rica-betc-havas-2024-2/
El Ojo de Iberoamerica,2024,Directo,Tulipan Teniendo sexo podemos reactivar la economia,Zurda Agency,Tulipan,Argentina,BRONCE,Prod Retina Postprod Retina Pais Argentina,/awards/el_ojo/2024/campaigns/tulipan-teniendo-sexo-podemos-reactivar-la-economia-tulipan-zurda-agency-2024-15/
El Ojo de Iberoamerica,2024,Directo,Address The Invisible,Archer Troy,Techo Mexico --Google,Mexico,PLATA,Prod Onirica Realizador-a Eduardo Canto Pais Mexico,/awards/el_ojo/2024/campaigns/address-the-invisible-techo-mexico-google-archer-troy-2024-6/
El Ojo de Iberoamerica,2024,Directo,Reprinting Nica,Havas Costa Rica - BETC HAVAS,La Prensa Nicaragua,Costa Rica,PLATA,Prod Fulfierros Prod Audio Sonido Punch Audio Pais Costa Rica,/awards/el_ojo/2024/campaigns/reprinting-nica-la-prensa-nicaragua-havas-costa-rica-betc-havas-2024-6/
El Ojo de Iberoamerica,2024,Directo,Reviews,Africa Creative,Kraft Heinz Brasil,Brasil,BRONCE,Prod silviomedeirosnet Realizador-a Silvio Medeiros Prod Audio Sonido Punch Audio Otras Empresas Borderless Citizen Pais Brasil,/awards/el_ojo/2024/campaigns/reviews-kraft-heinz-brasil-africa-creative-2024-11/
El Ojo de Iberoamerica,2024,Experiencia de Marca Activacion,Imagine with Petacos,DDB Colombia - Buentipo Anchor,Bavaria,Colombia,GRAN OJO,Prod Primo Realizador-a Gina Medina Prod Audio Sonido Diego Caceres Pais Colombia,/awards/el_ojo/2024/campaigns/imagine-with-petacos-bavaria-ddb-colombia-buentipo-anchor-2024-9/
El Ojo de Iberoamerica,2024,Experiencia de Marca Activacion,Imagine with Petacos,DDB Colombia - Buentipo Anchor,Bavaria,Colombia,ORO,Prod Primo Realizador-a Gina Medina Prod Audio Sonido Diego Caceres Pais Colombia,/awards/el_ojo/2024/campaigns/imagine-with-petacos-bavaria-ddb-colombia-buentipo-anchor-2024-10/
El Ojo de Iberoamerica,2024,Experiencia de Marca Activacion,Clean Sponsorship,DM9,Consul,Brasil,ORO,Prod Corazon Filmes Realizador-a Bruno Zanetti Prod Audio Sonido Satelite Audio Pais Brasil,/awards/el_ojo/2024/campaigns/clean-sponsorship-consul-dm9-2024-5/
El Ojo de Iberoamerica,2024,Experiencia de Marca Activacion,LoopHotel,DDB Latina Puerto Rico,Cerveza La H,Puerto Rico,BRONCE,Prod DDB Latina Puerto Rico Realizador-a Melvin Valencia Pais Puerto Rico,/awards/el_ojo/2024/campaigns/loophotel-cerveza-la-h-ddb-latina-puerto-rico-2024-2/
El Ojo de Iberoamerica,2024,Experiencia de Marca Activacion,Foodball Fans,Fahrenheit DDB,Plaza Vea,Peru,BRONCE,Prod Locomotor Realizador-a Bruno Rey Prod Audio Sonido Creasonica Pais Peru,/awards/el_ojo/2024/campaigns/foodball-fans-plaza-vea-fahrenheit-ddb-2024-2/
El Ojo de Iberoamerica,2024,Experiencia de Marca Activacion,Olimpack,From,PedidosYa Market,Uruguay,BRONCE,Prod From Pais Uruguay,/awards/el_ojo/2024/campaigns/olimpack-pedidosya-market-from-2024/
El Ojo de Iberoamerica,2024,Experiencia de Marca Activacion,Address The Invisible,Archer Troy,Techo Mexico --Google,Mexico,ORO,Prod Onirica Realizador-a Eduardo Canto Pais Mexico,/awards/el_ojo/2024/campaigns/address-the-invisible-techo-mexico-google-archer-troy-2024-7/
El Ojo de Iberoamerica,2024,Experiencia de Marca Activacion,Atacama Fashion Week-,Artplan,Desierto Vestido,Brasil,ORO,Prod Sugarcane Filmes Realizador-a Igor Selingarde Prod Audio Sonido Raw Audio Pais Brasil,/awards/el_ojo/2024/campaigns/atacama-fashion-week-desierto-vestido-artplan-2024-4/
El Ojo de Iberoamerica,2024,Experiencia de Marca Activacion,Nobody should die at XMAS,DoubleYou,Open Arms,Espana,BRONCE,Prod Blua Realizador-a Iker Iturria Prod Audio Sonido lastcrit Postprod Blua -Moonlight Otras Empresas Engine Agency Pais Espana,/awards/el_ojo/2024/campaigns/nobody-should-die-at-xmas-open-arms-doubleyou-2024-2/
El Ojo de Iberoamerica,2024,Experiencia de Marca Activacion,Imagine with Petacos,DDB Colombia - Buentipo Anchor,Bavaria,Colombia,ORO,Prod Primo Realizador-a Gina Medina Prod Audio Sonido Diego Caceres Pais Colombia,/awards/el_ojo/2024/campaigns/imagine-with-petacos-bavaria-ddb-colombia-buentipo-anchor-2024-11/
El Ojo de Iberoamerica,2024,Experiencia de Marca Activacion,Steal Artois,VML Chile,Stella Artois,Chile,PLATA,Prod Rebolucion Realizador-a Ivan Vescovo Prod Audio Sonido Clio Pais Chile,/awards/el_ojo/2024/campaigns/steal-artois-stella-artois-vml-chile-2024-2/
El Ojo de Iberoamerica,2024,Experiencia de Marca Activacion,Brahma Phone,Africa Creative,Brahma,Brasil,PLATA,Prod Kaus Film Realizador-a Los Pibes Prod Audio Sonido Satelite Audio Postprod Guava Post Otras Empresas Monkey Producoes -Thinkers Studios -DraftLine Integrada -TKCV -Oba Print -Dona Antonia Pais Brasil,/awards/el_ojo/2024/campaigns/brahma-phone-brahma-africa-creative-2024-11/
El Ojo de Iberoamerica,2024,Experiencia de Marca Activacion,El Fing Carro,Monks,Netflix Argentina,Argentina,PLATA,Prod Corinthian Pais Argentina,/awards/el_ojo/2024/campaigns/el-fing-carro-netflix-argentina-monks-2024-4/
El Ojo de Iberoamerica,2024,Experiencia de Marca Activacion,Beer retirement account,Monks,Poker,Colombia,PLATA,Prod Primo Realizador-a Cristian Roncancio Pais Colombia,/awards/el_ojo/2024/campaigns/beer-retirement-account-poker-monks-2024-3/
El Ojo de Iberoamerica,2024,Experiencia de Marca Activacion,Gamer Loan,Paradais DDB,Banco del Pacifico,Ecuador,PLATA,Realizador-a Tito Duran Postprod Christopher Valdiviezo Pais Ecuador,/awards/el_ojo/2024/campaigns/gamer-loan-banco-del-pacifico-paradais-ddb-2024-7/
El Ojo de Iberoamerica,2024,Experiencia de Marca Activacion,Flying Guardians,Almap BBDO,Planet Labs PBC - Greenpeace Brasil,Brasil,BRONCE,Prod Vetor Zero Realizador-a Luiz Alberto Ferreira Prod Audio Sonido Alma 11 11 Audio -Bari Filmes Otras Empresas HUM Comunicacao -Giusti Comunicacao -Brand Gaming Pais Brasil,/awards/el_ojo/2024/campaigns/flying-guardians-planet-labs-pbc-greenpeace-brasil-almap-bbdo-2024-2/
El Ojo de Iberoamerica,2024,Experiencia de Marca Activacion,The Art of Hack-,Cheil Espana,Samsung Espana,,BRONCE,,/awards/el_ojo/2024/campaigns/the-art-of-hack-samsung-espana-cheil-espana-2024/
El Ojo de Iberoamerica,2024,Experiencia de Marca Activacion,Pete Zahat Trollvertising,BBA,Pizza Hut Ecuador,Ecuador,PLATA,Prod BBA Realizador-a Raul Banderas Pais Ecuador,/awards/el_ojo/2024/campaigns/pete-zahat-trollvertising-pizza-hut-ecuador-bba-2024-2/
El Ojo de Iberoamerica,2024,Experiencia de Marca Activacion,Malekus Los ultimos 600,Havas Costa Rica - BETC HAVAS,The Rainforest Lab,Costa Rica,BRONCE,Prod Fulfierros Prod Audio Sonido Quiet City Music Sound Pais Costa Rica,/awards/el_ojo/2024/campaigns/malekus-los-ultimos-600-the-rainforest-lab-havas-costa-rica-betc-havas-2024/
El Ojo de Iberoamerica,2024,Experiencia de Marca Activacion,Heinzterception,TERAN TBWA,Heinz,Mexico,BRONCE,Prod TERAN TBWA Realizador-a Jose Padilla Pais Mexico,/awards/el_ojo/2024/campaigns/heinzterception-heinz-teran-tbwa-2024-2/
El Ojo de Iberoamerica,2024,Experiencia de Marca Activacion,Atacama Fashion Week,Artplan,Desierto Vestido,Brasil,PLATA,Prod Sugarcane Filmes Realizador-a Igor Selingarde Prod Audio Sonido Raw Audio Pais Brasil,/awards/el_ojo/2024/campaigns/atacama-fashion-week-desierto-vestido-artplan-2024-5/
El Ojo de Iberoamerica,2024,Experiencia de Marca Activacion,BCPilsen,Fahrenheit DDB,Pilsen Callao,Peru,BRONCE,Prod KAO Film Content Realizador-a Casu Roca Prod Audio Sonido Sordo Postprod Lunatic Pais Peru,/awards/el_ojo/2024/campaigns/bcpilsen-pilsen-callao-fahrenheit-ddb-2024/
El Ojo de Iberoamerica,2024,Experiencia de Marca Activacion,Impulse,Cheil Espana,Samsung Espana,Espana,ORO,Prod Somos 5 Realizador-a Alfredo Lobo Postprod Somos5 Otras Empresas Acid Tango Pais Espana,/awards/el_ojo/2024/campaigns/impulse-samsung-espana-cheil-espana-2024-4/
El Ojo de Iberoamerica,2024,Experiencia de Marca Activacion,Gamer Loan,Paradais DDB,Banco del Pacifico,Ecuador,ORO,Realizador-a Tito Duran Postprod Christopher Valdiviezo Pais Ecuador,/awards/el_ojo/2024/campaigns/gamer-loan-banco-del-pacifico-paradais-ddb-2024-8/
El Ojo de Iberoamerica,2024,Experiencia de Marca Activacion,KFC auto Grand Prix,PS21,KFC Espana,Espana,PLATA,,/awards/el_ojo/2024/campaigns/kfc-auto-grand-prix-kfc-espana-ps21-2024-5/
El Ojo de Iberoamerica,2024,Experiencia de Marca Activacion,Anti-Lag squad,VML Argentina,Movistar Argentina,Argentina,BRONCE,Prod Landia Pais Argentina,/awards/el_ojo/2024/campaigns/anti-lag-squad-movistar-argentina-vml-argentina-2024/
El Ojo de Iberoamerica,2024,Experiencia de Marca Activacion,Filter Caps,Ogilvy Colombia,Filsa Colombia,Colombia,ORO,Prod Primo Realizador-a Gina Medina Prod Audio Sonido Diego Caceres Producciones Pais Colombia,/awards/el_ojo/2024/campaigns/filter-caps-filsa-colombia-ogilvy-colombia-2024-3/
El Ojo de Iberoamerica,2024,Experiencia de Marca Activacion,La camiseta embarrada,HOC House of Creativity,Sport Club Internacional,Brasil,BRONCE,,/awards/el_ojo/2024/campaigns/la-camiseta-embarrada-sport-club-internacional-hoc-house-of-creativity-2024/
El Ojo de Iberoamerica,2024,Experiencia de Marca Activacion,El ranking culinario que alimento a millones,Valor,Alicorp Peru,Peru,BRONCE,Prod Lado V Otras Empresas LLYC PERU -Tribeca Media Pais Peru,/awards/el_ojo/2024/campaigns/el-ranking-culinario-que-alimento-a-millones-alicorp-peru-valor-2024-3/
El Ojo de Iberoamerica,2024,Experiencia de Marca Activacion,Install our logo,Leo Burnett Mexico - Gato - Hey Kid Design Studio,ADT Security,Mexico,PLATA,Prod Gato Realizador-a Axel Elizondo- Tom Escobar Prod Audio Sonido Cluster Postprod Cluster -Cluster Otras Empresas Starcom Mexico Pais Mexico,/awards/el_ojo/2024/campaigns/install-our-logo-adt-security-leo-burnett-mexico-gato-hey-kid-design-studio-2024-5/
El Ojo de Iberoamerica,2024,Experiencia de Marca Activacion,Rice of Glory,Maruri Ecuador - Grey Argentina - Grey Brasil,Arroz Super Extra,Ecuador,ORO,Prod Landia Realizador-a Emi Alvarenga Pais Ecuador,/awards/el_ojo/2024/campaigns/rice-of-glory-arroz-super-extra-maruri-ecuador-grey-argentina-grey-brasil-2024-2/
El Ojo de Iberoamerica,2024,Experiencia de Marca Activacion,Imagine with Petacos,DDB Colombia - Buentipo Anchor,Bavaria,Colombia,PLATA,Prod Primo Realizador-a Gina Medina Prod Audio Sonido Diego Caceres Pais Colombia,/awards/el_ojo/2024/campaigns/imagine-with-petacos-bavaria-ddb-colombia-buentipo-anchor-2024-12/
El Ojo de Iberoamerica,2024,Experiencia de Marca Activacion,El Fing Carro,Monks,Netflix Argentina,Argentina,PLATA,Prod Corinthian Pais Argentina,/awards/el_ojo/2024/campaigns/el-fing-carro-netflix-argentina-monks-2024-5/
El Ojo de Iberoamerica,2024,Experiencia de Marca Activacion,Beer retirement account,Monks,Poker,Colombia,PLATA,Prod Primo Realizador-a Cristian Roncancio Pais Colombia,/awards/el_ojo/2024/campaigns/beer-retirement-account-poker-monks-2024-4/
El Ojo de Iberoamerica,2024,Experiencia de Marca Activacion,Fan profesional,Africa Creative,Budweiser,Brasil,BRONCE,Prod Modo Integrado Prod Audio Sonido Canja Audio Culture -Eduardo Karas-Filipe Resende-Levi Mynssen de Mello-Filipe Lopes-Levi Mynssen de Mello-Nando de Castro-Matheus Peres-Lari Storch-Ana Flor Bohrer-Flavia Medeiros-Igor Lobo-Mariana Aldrigue Pais Brasil,/awards/el_ojo/2024/campaigns/fan-profesional-budweiser-africa-creative-2024-3/
El Ojo de Iberoamerica,2024,Experiencia de Marca Activacion,Foodball Fans,Fahrenheit DDB,Plaza Vea,Peru,BRONCE,Prod Locomotor Realizador-a Bruno Rey Prod Audio Sonido Creasonica Pais Peru,/awards/el_ojo/2024/campaigns/foodball-fans-plaza-vea-fahrenheit-ddb-2024-3/
El Ojo de Iberoamerica,2024,Experiencia de Marca Activacion,LoopHotel,DDB Latina Puerto Rico,Cerveza La H,Puerto Rico,BRONCE,Prod DDB Latina Puerto Rico Realizador-a Melvin Valencia Pais Puerto Rico,/awards/el_ojo/2024/campaigns/loophotel-cerveza-la-h-ddb-latina-puerto-rico-2024-3/
El Ojo de Iberoamerica,2024,Experiencia de Marca Activacion,Brahma Phone,Africa Creative,Brahma,Brasil,PLATA,Prod Kaus Film Realizador-a Los Pibes Prod Audio Sonido Satelite Audio Postprod Guava Post Otras Empresas Monkey Producoes -Thinkers Studios -DraftLine Integrada -TKCV -Oba Print -Dona Antonia Pais Brasil,/awards/el_ojo/2024/campaigns/brahma-phone-brahma-africa-creative-2024-12/
El Ojo de Iberoamerica,2024,Experiencia de Marca Activacion,Address The Invisible,Archer Troy,Techo Mexico --Google,Mexico,PLATA,Prod Onirica Realizador-a Eduardo Canto Pais Mexico,/awards/el_ojo/2024/campaigns/address-the-invisible-techo-mexico-google-archer-troy-2024-8/
El Ojo de Iberoamerica,2024,Experiencia de Marca Activacion,Imagine with Petacos,DDB Colombia - Buentipo Anchor,Bavaria,Colombia,PLATA,Prod Primo Realizador-a Gina Medina Prod Audio Sonido Diego Caceres Pais Colombia,/awards/el_ojo/2024/campaigns/imagine-with-petacos-bavaria-ddb-colombia-buentipo-anchor-2024-13/
El Ojo de Iberoamerica,2024,Experiencia de Marca Activacion,LoopHotel,DDB Latina Puerto Rico,Cerveza La H,Puerto Rico,BRONCE,Prod DDB Latina Puerto Rico Realizador-a Melvin Valencia Pais Puerto Rico,/awards/el_ojo/2024/campaigns/loophotel-cerveza-la-h-ddb-latina-puerto-rico-2024-4/
El Ojo de Iberoamerica,2024,PR,Tulipan Teniendo sexo podemos reactivar la economia,Zurda Agency,Tulipan,Argentina,GRAN OJO PR,Prod Retina Postprod Retina Pais Argentina,/awards/el_ojo/2024/campaigns/tulipan-teniendo-sexo-podemos-reactivar-la-economia-tulipan-zurda-agency-2024-16/
El Ojo de Iberoamerica,2024,PR,Clean Sponsorship,DM9,Consul,Brasil,ORO,Prod Corazon Filmes Realizador-a Bruno Zanetti Prod Audio Sonido Satelite Audio Pais Brasil,/awards/el_ojo/2024/campaigns/clean-sponsorship-consul-dm9-2024-6/
El Ojo de Iberoamerica,2024,PR,Braided history,DDB Latina Puerto Rico,Mizani,Puerto Rico,PLATA,Prod DDB Latina Puerto Rico Pais Puerto Rico,/awards/el_ojo/2024/campaigns/braided-history-mizani-ddb-latina-puerto-rico-2024-9/
El Ojo de Iberoamerica,2024,PR,Tulipan Teniendo sexo podemos reactivar la economia,Zurda Agency,Tulipan,Argentina,PLATA,Prod Retina Postprod Retina Pais Argentina,/awards/el_ojo/2024/campaigns/tulipan-teniendo-sexo-podemos-reactivar-la-economia-tulipan-zurda-agency-2024-17/
El Ojo de Iberoamerica,2024,PR,Atacama Fashion Week,Artplan,Desierto Vestido,Brasil,ORO,Prod Sugarcane Filmes Realizador-a Igor Selingarde Prod Audio Sonido Raw Audio Pais Brasil,/awards/el_ojo/2024/campaigns/atacama-fashion-week-desierto-vestido-artplan-2024-6/
El Ojo de Iberoamerica,2024,PR,Nobody should die at XMAS,DoubleYou,Open Arms,Espana,PLATA,Prod Blua Realizador-a Iker Iturria Prod Audio Sonido lastcrit PostprodBlua -Moonlight Otras Empresas Engine Agency Pais Espana,/awards/el_ojo/2024/campaigns/nobody-should-die-at-xmas-open-arms-doubleyou-2024-3/
El Ojo de Iberoamerica,2024,PR,Look for Freedom,Havas Portugal - H- Advisors - Havas Media,Amnesty International,Portugal,BRONCE,Prod Canal 180 Postprod Canal 180 Pais Portugal,/awards/el_ojo/2024/campaigns/look-for-freedom-amnesty-international-havas-portugal-h-advisors-havas-media-2024/
El Ojo de Iberoamerica,2024,PR,Welcome to the group,PHD Costa Rica - Shiift Porter Novelli - TBWARIOT,Cambiemos la Regla,Costa Rica,BRONCE,Prod Kaiju Pais Costa Rica,/awards/el_ojo/2024/campaigns/welcome-to-the-group-cambiemos-la-regla-phd-costa-rica-shiift-porter-novelli-tbwariot-2024-2/
El Ojo de Iberoamerica,2024,PR,Necesito un hombre,TBWAFrederick,Corporacion Humanas,Chile,BRONCE,Prod independiente Realizador-a Rocio Huerta Pais Chile,/awards/el_ojo/2024/campaigns/necesito-un-hombre-corporacion-humanas-tbwafrederick-2024/
El Ojo de Iberoamerica,2024,PR,Community king,BBA,Burger King Ecuador,Ecuador,PLATA,Prod BBA Realizador-a Carlos Rivas Postprod BBA Pais Ecuador,/awards/el_ojo/2024/campaigns/community-king-burger-king-ecuador-bba-2024/
El Ojo de Iberoamerica,2024,PR,Welcome to the group,PHD Costa Rica - Shiift Porter Novelli - TBWARIOT,Cambiemos la Regla,Costa Rica,PLATA,Prod Kaiju Pais Costa Rica,/awards/el_ojo/2024/campaigns/welcome-to-the-group-cambiemos-la-regla-phd-costa-rica-shiift-porter-novelli-tbwariot-2024-3/
El Ojo de Iberoamerica,2024,PR,The missing review,Republica Havas,Amigos For Kids,Estados Unidos,PLATA,Prod El Living - MDS Digital - Twins Music Realizador-a Arturo Vazquez- Lucas Cardona- Fernando Torres- Camila Londono- Jeronimo Gonzalez Montalvo- Max Scott- Tom Huergo Prod Audio Sonido Twins Music -Twins Music -Twins Music Pais Estados Unidos,/awards/el_ojo/2024/campaigns/the-missing-review-amigos-for-kids-republica-havas-2024-7/
El Ojo de Iberoamerica,2024,PR,El atraco del crucero,404 Sao Paulo - GALERIAag,Netflix Brasil,Brasil,BRONCE,Prod Platinum - CEGO Prod Otras Empresas MediaMonkes Pais Brasil,/awards/el_ojo/2024/campaigns/el-atraco-del-crucero-netflix-brasil-404-sao-paulo-galeriaag-2024-6/
El Ojo de Iberoamerica,2024,PR,VW 70 anos,Almap BBDO,Volkswagen Brasil,Brasil,ORO,Prod Boiler Filmes Realizador-a Dulcidio Caldeira Prod Audio Sonido Raw Audio Postprod Flow Effects -Acauan Pastore Otras Empresas Giusti Comunicacao Pais Brasil,/awards/el_ojo/2024/campaigns/vw-70-anos-volkswagen-brasil-almap-bbdo-2024-5/
El Ojo de Iberoamerica,2024,PR,El atraco del crucero,404 Sao Paulo - GALERIAag,Netflix Brasil,Brasil,PLATA,Prod Platinum - CEGO Otras Empresas MediaMonkes Pais Brasil,/awards/el_ojo/2024/campaigns/el-atraco-del-crucero-netflix-brasil-404-sao-paulo-galeriaag-2024-7/
El Ojo de Iberoamerica,2024,PR,El Valor del Tiempo,Africa Creative,Itau Unibanco,Brasil,PLATA,Prod Black Dog Films Otro Realizador-a Jonas Akerlund Otras Empresas RM Mgmt Pais Brasil,/awards/el_ojo/2024/campaigns/el-valor-del-tiempo-itau-unibanco-africa-creative-2024/
El Ojo de Iberoamerica,2024,PR,Lucky news,Paradais DDB,Ecuasal,Ecuador,PLATA,,/awards/el_ojo/2024/campaigns/lucky-news-ecuasal-paradais-ddb-2024-3/
El Ojo de Iberoamerica,2024,PR,Pete Zahat Trollvertising,BBA,Pizza Hut Ecuador,Ecuador,BRONCE,Prod BBA Realizador-a Raul Banderas Pais Ecuador,/awards/el_ojo/2024/campaigns/pete-zahat-trollvertising-pizza-hut-ecuador-bba-2024-3/
El Ojo de Iberoamerica,2024,PR,Me ofrezco,Revuelta - Mono Madrid,Wallapop,Espana,BRONCE,Prod Garlic Films Realizador-a OCKHAM Prod Audio Sonido Chaco Music House -La Panaderia Postprod McNulty Pais Espana,/awards/el_ojo/2024/campaigns/me-ofrezco-wallapop-revuelta-mono-madrid-2024/
El Ojo de Iberoamerica,2024,PR,Atacama Fashion Week,Artplan,Desierto Vestido,Brasil,ORO,Prod Sugarcane Filmes Realizador-a Igor Selingarde Prod Audio Sonido Raw Audio Pais Brasil,/awards/el_ojo/2024/campaigns/atacama-fashion-week-desierto-vestido-artplan-2024-7/
El Ojo de Iberoamerica,2024,PR,Fan profesional,Africa Creative,Budweiser,Brasil,PLATA,Prod Modo Integrado Prod Audio Sonido Canja Audio Culture -Eduardo Karas-Filipe Resende-Levi Mynssen de Mello-Filipe Lopes-Levi Mynssen de Mello-Nando de Castro-Matheus Peres-Lari Storch-Ana Flor Bohrer-Flavia Medeiros-Igor Lobo-Mariana Aldrigue Pais Brasil,/awards/el_ojo/2024/campaigns/fan-profesional-budweiser-africa-creative-2024-4/
El Ojo de Iberoamerica,2024,PR,El Valor del Tiempo,Africa Creative,Itau Unibanco,Brasil,PLATA,Prod Black Dog Films Otro Realizador-a Jonas Akerlund Otras Empresas RM Mgmt Pais Brasil,/awards/el_ojo/2024/campaigns/el-valor-del-tiempo-itau-unibanco-africa-creative-2024-2/
El Ojo de Iberoamerica,2024,PR,5 days Give me a break,Almap BBDO,O Boticario,Brasil,PLATA,Prod Sweet Filmes Realizador-a Fernando Andreh Prod Audio Sonido Raw Audio Postprod Node Post Otras Empresas Estudio Boreal Pais Brasil,/awards/el_ojo/2024/campaigns/5-days-give-me-a-break-o-boticario-almap-bbdo-2024/
El Ojo de Iberoamerica,2024,PR,La apertura reveladora,Almap BBDO,O Boticario,Brasil,BRONCE,Prod Globo Brasil - Monster Films Realizador-a Yuri Lima Prod Audio Sonido Cabaret Studio Pais Brasil,/awards/el_ojo/2024/campaigns/la-apertura-reveladora-o-boticario-almap-bbdo-2024/
El Ojo de Iberoamerica,2024,PR,Hey Ese no es un nino,VML Peru,Alianza Lima - Nike - Gatorade - Hyundai,Peru,BRONCE,Prod Kubrick Prod Audio Sonido Estudios Machina Pais Peru,/awards/el_ojo/2024/campaigns/hey-ese-no-es-un-nino-alianza-lima-nike-gatorade-hyundai-vml-peru-2024/
El Ojo de Iberoamerica,2024,PR,Thanks for Coke-Creating,VML Mexico - VML Brasil,Coca-Cola,Mexico,ORO,Prod Mango Films - Sugarcane Filmes - Baliprod Otro- Glitch Productions Otro- NetoShookan Productions Realizador-a Erik Tapia Otras Empresas Raw Audio -VML Brasil -Sugarcane Filmes -Ogilvy -EssenceMediacom Pais Mexico,/awards/el_ojo/2024/campaigns/thanks-for-coke-creating-coca-cola-vml-mexico-vml-brasil-2024-3/
El Ojo de Iberoamerica,2024,PR,Community king,BBA,Burger King Ecuador,Ecuador,PLATA,Prod BBA Realizador-a Carlos Rivas Postprod BBA Pais Ecuador,/awards/el_ojo/2024/campaigns/community-king-burger-king-ecuador-bba-2024-2/
El Ojo de Iberoamerica,2024,PR,Over 30,Lew LaraTBWA,Billboard Brasil,Brasil,PLATA,Prod Santeria Otras Empresas Mynd8 Pais Brasil,/awards/el_ojo/2024/campaigns/over-30-billboard-brasil-lew-laratbwa-2024/
El Ojo de Iberoamerica,2024,PR,The gender discount,BETC HAVAS - Suno United Creators,Santander,Brasil,BRONCE,Prod MyMama Entertainment - Produceria Realizador-a Ana Valente Prod Audio Sonido Tentaculo Audio -Hefty Pais Brasil,/awards/el_ojo/2024/campaigns/the-gender-discount-santander-betc-havas-suno-united-creators-2024/
El Ojo de Iberoamerica,2024,PR,Community king,BBA,Burger King Ecuador,Ecuador,ORO,Prod BBA Realizador-a Carlos Rivas Postprod BBA Pais Ecuador,/awards/el_ojo/2024/campaigns/community-king-burger-king-ecuador-bba-2024-3/
El Ojo de Iberoamerica,2024,PR,VW 70 anos,Almap BBDO,Volkswagen Brasil,Brasil,ORO,Prod Boiler Filmes Realizador-a Dulcidio Caldeira Prod Audio Sonido Raw Audio Postprod Flow Effects -Acauan Pastore Otras Empresas Giusti Comunicacao Pais Brasil,/awards/el_ojo/2024/campaigns/vw-70-anos-volkswagen-brasil-almap-bbdo-2024-6/
El Ojo de Iberoamerica,2024,PR,Cambia el numero,anonimo,Opinion 51,Mexico,ORO,Prod Malasana Realizador-a Alejandro Barbabosa Prod Audio Sonido Silence Track Postprod Homemade -Urbano Pais Mexico,/awards/el_ojo/2024/campaigns/cambia-el-numero-opinion-51-anonimo-2024/
El Ojo de Iberoamerica,2024,PR,Fan profesional,Africa Creative,Budweiser,Brasil,BRONCE,Prod Modo Integrado Prod Audio Sonido Canja Audio Culture -Eduardo Karas-Filipe Resende-Levi Mynssen de Mello-Filipe Lopes-Levi Mynssen de Mello-Nando de Castro-Matheus Peres-Lari Storch-Ana Flor Bohrer-Flavia Medeiros-Igor Lobo-Mariana Aldrigue Pais Brasil,/awards/el_ojo/2024/campaigns/fan-profesional-budweiser-africa-creative-2024-5/
El Ojo de Iberoamerica,2024,PR,MujeresIncreibles,Archer Troy,Tupperware Mexico,Mexico,BRONCE,,/awards/el_ojo/2024/campaigns/mujeresincreibles-tupperware-mexico-archer-troy-2024/
El Ojo de Iberoamerica,2024,PR,Cordoba x JetSMART,Super,JetSMART Argentina,Argentina,BRONCE,Prod Audio Sonido Francisco Penas Postprod Luis Tuzzi Pais Argentina,/awards/el_ojo/2024/campaigns/cordoba-x-jetsmart-jetsmart-argentina-super-2024/
El Ojo de Iberoamerica,2024,PR,Blurred unboxing,The Juju Colombia,Ramo Colombia,Colombia,BRONCE,,/awards/el_ojo/2024/campaigns/blurred-unboxing-ramo-colombia-the-juju-colombia-2024/
El Ojo de Iberoamerica,2024,PR,Atacama Fashion Week,Artplan,Desierto Vestido,Brasil,ORO,Prod Sugarcane Filmes Realizador-a Igor Selingarde Prod Audio Sonido Raw Audio Pais Brasil,/awards/el_ojo/2024/campaigns/atacama-fashion-week-desierto-vestido-artplan-2024-8/
El Ojo de Iberoamerica,2024,PR,Tulipan Teniendo sexo podemos reactivar la economia,Zurda Agency,Tulipan,Argentina,ORO,Prod Retina Postprod Retina Pais Argentina,/awards/el_ojo/2024/campaigns/tulipan-teniendo-sexo-podemos-reactivar-la-economia-tulipan-zurda-agency-2024-18/
El Ojo de Iberoamerica,2024,PR,Cambia el numero,anonimo,Opinion 51,Mexico,PLATA,Prod Malasana Realizador-a Alejandro Barbabosa Prod Audio Sonido Silence Track Postprod Homemade -Urbano Pais Mexico,/awards/el_ojo/2024/campaigns/cambia-el-numero-opinion-51-anonimo-2024-2/
El Ojo de Iberoamerica,2024,PR,Braided history,DDB Latina Puerto Rico,Mizani,Puerto Rico,PLATA,Prod DDB Latina Puerto Rico Pais Puerto Rico,/awards/el_ojo/2024/campaigns/braided-history-mizani-ddb-latina-puerto-rico-2024-10/
El Ojo de Iberoamerica,2024,PR,La historia no contada de los ninos que dan voz a una generacion,Casanova McCann - McCann Detroit,US Bank,Estados Unidos,BRONCE,Prod 9A Films Realizador-a Rudy Valdez Prod Audio Sonido DeAndre James Otras Empresas Weber Shandwick Estados Unidos Pais Estados Unidos,/awards/el_ojo/2024/campaigns/la-historia-no-contada-de-los-ninos-que-dan-voz-a-una-generacion-us-bank-casanova-mccann-mccann-detroit-2024-2/
El Ojo de Iberoamerica,2024,PR,Over 30,Lew LaraTBWA,Billboard Brasil,Brasil,BRONCE,Prod Santeria Otras Empresas Mynd8 Pais Brasil,/awards/el_ojo/2024/campaigns/over-30-billboard-brasil-lew-laratbwa-2024-2/
El Ojo de Iberoamerica,2024,PR,Tulipan Teniendo sexo podemos reactivar la economia,Zurda Agency,Tulipan,Argentina,ORO,Prod Retina Postprod Retina Pais Argentina,/awards/el_ojo/2024/campaigns/tulipan-teniendo-sexo-podemos-reactivar-la-economia-tulipan-zurda-agency-2024-19/
El Ojo de Iberoamerica,2024,PR,Cambia el numero,anonimo,Opinion 51,Mexico,PLATA,Prod Catatonia Realizador-a Alejandro Barbabosa Prod Audio Sonido Silence Track Postprod Homemade -Urbano Pais Mexico,/awards/el_ojo/2024/campaigns/cambia-el-numero-opinion-51-anonimo-2024-3/
El Ojo de Iberoamerica,2024,PR,Necesito un hombre,TBWAFrederick,Corporacion Humanas,Chile,PLATA,Prod independiente Realizador-a Rocio Huerta Pais Chile,/awards/el_ojo/2024/campaigns/necesito-un-hombre-corporacion-humanas-tbwafrederick-2024-2/
El Ojo de Iberoamerica,2024,PR,Malekus Los ultimos 600,Havas Costa Rica - BETC HAVAS,The Rainforest Lab,Costa Rica,BRONCE,Prod Fulfierros Prod Audio Sonido Quiet City Music Sound Pais Costa Rica,/awards/el_ojo/2024/campaigns/malekus-los-ultimos-600-the-rainforest-lab-havas-costa-rica-betc-havas-2024-2/
El Ojo de Iberoamerica,2024,Design,Sightwalks Veredas que guian,Circus Grey Peru,Cemento Sol,Peru,EL GRAN OJO DESIGN,Prod Rebeca Producciones - Canica Films - Punto Aparte Realizador Mario Angulo- Alvaro Luque- Mario Bertocchi- Alonso Gutierrez Prod AudioSonido Agosto Music Post Prod Nativo Post Otras Empresas APOYO Comunicacion -Llorente y Cuenca -DINAMO Pais Peru,/awards/el_ojo/2024/campaigns/sightwalks-veredas-que-guian-cemento-sol-circus-grey-peru-2024-3/
El Ojo de Iberoamerica,2024,Design,Thanks for Coke-Creating,VML Mexico - VML Brasil,Coca-Cola,Mexico,ORO,Prod Mango Films - Sugarcane Filmes - Baliprod - Glitch Productions - NetoShookan Productions Realizador Erik Tapia Otras Empresas Raw Audio -VML Brasil -Sugarcane Filmes -Ogilvy -EssenceMediacom Pais Mexico,/awards/el_ojo/2024/campaigns/thanks-for-coke-creating-coca-cola-vml-mexico-vml-brasil-2024-4/
El Ojo de Iberoamerica,2024,Design,Atacama Fashion Week,Artplan,de Desierto Vestido,Brasil,PLATA,Prod Sugarcane Filmes Realizador Igor Selingarde Prod AudioSonido Raw Audio Pais Brasil,/awards/el_ojo/2024/campaigns/atacama-fashion-week-de-desierto-vestido-artplan-2024/
El Ojo de Iberoamerica,2024,Design,Luces negras,Almap BBDO,Bradesco Seguros - Empregue Afro - GOMA - Museu Afro-UFBA,Brasil,PLATA,Prod Almap BBDO Prod AudioSonido Raw Audio Post Prod Otras Empresas Dialeto Studio Pais Brasil,/awards/el_ojo/2024/campaigns/luces-negras-bradesco-seguros-empregue-afro-goma-museu-afro-ufba-almap-bbdo-2024-2/
El Ojo de Iberoamerica,2024,Design,NotCo Giuseppe AI,R-GA Buenos Aires,NotCo,Chile,BRONCE,,/awards/el_ojo/2024/campaigns/notco-giuseppe-ai-notco-r-ga-buenos-aires-2024/
El Ojo de Iberoamerica,2024,Design,Children s Book for Men,DDB Latina Puerto Rico,Children s Book For Men,Puerto Rico,BRONCE,Prod DDB Latina Puerto Rico - Film Zapatero Realizador Kacho Lopez Pais Puerto Rico,/awards/el_ojo/2024/campaigns/children-s-book-for-men-children-s-book-for-men-ddb-latina-puerto-rico-2024/
El Ojo de Iberoamerica,2024,Design,Find Your Summer,LOLA MullenLowe,Magnum Ice Cream,Espana,ORO,Prod MJZ Realizador Juan Cabral Prod AudioSonido Big Sync Post Prod Glassworks Otras Empresas Mindshare Pais Espana,/awards/el_ojo/2024/campaigns/find-your-summer-magnum-ice-cream-lola-mullenlowe-2024-9/
El Ojo de Iberoamerica,2024,Design,Las 2 Caras,BBDO Mexico,de Alexia Ortiz,Mexico,PLATA,Prod Rebolucion Realizador Monster Duo Prod AudioSonido Machete Musica Pais Mexico,/awards/el_ojo/2024/campaigns/las-2-caras-de-alexia-ortiz-bbdo-mexico-2024-2/
El Ojo de Iberoamerica,2024,Design,Guess Who Won,LOLA MullenLowe,Persil,Espana,PLATA,Otras Empresas Mindshare Pais Espana,/awards/el_ojo/2024/campaigns/guess-who-won-persil-lola-mullenlowe-2024-3/
El Ojo de Iberoamerica,2024,Design,deSIGNED Posters,LOLA MullenLowe,Persil,Brasil,BRONCE,Prod Rebolucion Realizador Vellas Prod AudioSonido Big Sync Music Post Prod Rebolucion Pais Brasil,/awards/el_ojo/2024/campaigns/designed-posters-persil-lola-mullenlowe-2024/
El Ojo de Iberoamerica,2024,Design,855-How-To-Quit,Serviceplan Alemania - Tulom PR,de Anzen Health,Estados Unidos,ORO,Prod JOJX Realizador Oliver Wurffell Prod AudioSonido DaHouse -DaHouse Post Prod Arcade Edit Otras Empresas Tulom PR -Raw Materials -Mediaplus Group Pais Estados Unidos,/awards/el_ojo/2024/campaigns/855-how-to-quit-de-anzen-health-serviceplan-alemania-tulom-pr-2024/
El Ojo de Iberoamerica,2024,Design,Priceless wall,BeFlamingo,de Home Vega,Ecuador,PLATA,Prod Taita Films Realizador Joel Chachapoya Pais Ecuador,/awards/el_ojo/2024/campaigns/priceless-wall-de-home-vega-beflamingo-2024/
El Ojo de Iberoamerica,2024,Design,NotCo Giuseppe AI,R-GA Buenos Aires,NotCo,Chile,BRONCE,,/awards/el_ojo/2024/campaigns/notco-giuseppe-ai-notco-r-ga-buenos-aires-2024-2/
El Ojo de Iberoamerica,2024,Design,Imagine with Petacos,DDB Colombia - Buentipo Anchor,Bavaria,Colombia,ORO,Prod Primo Realizador Gina Medina Prod AudioSonido Diego Caceres Pais Colombia,/awards/el_ojo/2024/campaigns/imagine-with-petacos-bavaria-ddb-colombia-buentipo-anchor-2024-14/
El Ojo de Iberoamerica,2024,Design,Atacama Fashion Week,Artplan,de Desierto Vestido,Brasil,PLATA,Prod Sugarcane Filmes Realizador Igor Selingarde Prod AudioSonido Raw Audio Post Pais Brasil,/awards/el_ojo/2024/campaigns/atacama-fashion-week-de-desierto-vestido-artplan-2024-2/
El Ojo de Iberoamerica,2024,Design,Hauteam Couture,Africa Creative,Brahma,Brasil,BRONCE,Prod Monkey Producoes - Modo Integrado - Reconcavo Company Realizador Nixon Prod AudioSonido Satelite Audio Post Prod Guava Post Pais Brasil,/awards/el_ojo/2024/campaigns/hauteam-couture-brahma-africa-creative-2024-4/
El Ojo de Iberoamerica,2024,Design,Filter Caps,Ogilvy Colombia,de Filsa Colombia,Colombia,ORO,Prod Primo Realizador Gina Medina Prod AudioSonido Diego Caceres Producciones Pais Colombia,/awards/el_ojo/2024/campaigns/filter-caps-de-filsa-colombia-ogilvy-colombia-2024/
El Ojo de Iberoamerica,2024,Design,Look for Freedom,Havas Portugal - H- Advisors - Havas Media,de Amnesty International,Portugal,PLATA,Prod Canal 180 Post Prod Canal 180 Pais Portugal,/awards/el_ojo/2024/campaigns/look-for-freedom-de-amnesty-international-havas-portugal-h-advisors-havas-media-2024/
El Ojo de Iberoamerica,2024,Design,Steal Artois,VML Chile,Stella Artois,Chile,PLATA,Prod Rebolucion Realizador Ivan Vescovo Prod AudioSonido Clio Pais Chile,/awards/el_ojo/2024/campaigns/steal-artois-stella-artois-vml-chile-2024-3/
El Ojo de Iberoamerica,2024,Design,Brahma Phone,Africa Creative,Brahma,Brasil,BRONCE,Prod Kaus Film Realizador Los Pibes Prod AudioSonido Satelite Audio Post Prod Guava Post Otras Empresas Monkey Producoes -Thinkers Studios -DraftLine Integrada -TKCV -Oba Print -Dona Antonia Pais Brasil,/awards/el_ojo/2024/campaigns/brahma-phone-brahma-africa-creative-2024-13/
El Ojo de Iberoamerica,2024,Design,Hauteam Couture,Africa Creative,Brahma,Brasil,BRONCE,Prod Monkey Producoes - Modo Integrado - Reconcavo Company Realizador Nixon Prod AudioSonido Satelite Audio Post Prod Guava Post Pais Brasil,/awards/el_ojo/2024/campaigns/hauteam-couture-brahma-africa-creative-2024-5/
El Ojo de Iberoamerica,2024,Design,Sopa de senas,LLYC,de La Moderna,Mexico,BRONCE,Prod Resident Films Pais Mexico,/awards/el_ojo/2024/campaigns/sopa-de-senas-de-la-moderna-llyc-2024/
El Ojo de Iberoamerica,2024,Design,Raras,Kids,de Bodegas Arraez - FEDER Federacion Espanola,Espana,PLATA,Prod La Quadra Realizador Alfonso Gavilan Pais Espana,/awards/el_ojo/2024/campaigns/raras-de-bodegas-arraez-feder-federacion-espanola-kids-2024/
El Ojo de Iberoamerica,2024,Design,50-50,Lew LaraTBWA,de Camil,Brasil,PLATA,Prod AudioSonido Jamute Post Prod Lew LaraTBWA Pais Brasil,/awards/el_ojo/2024/campaigns/50-50-de-camil-lew-laratbwa-2024/
El Ojo de Iberoamerica,2024,Design,Cajaltar,DraftLine Mexico,Victoria,Mexico,BRONCE,Otras Empresas EPA Digital Pais Mexico,/awards/el_ojo/2024/campaigns/cajaltar-victoria-draftline-mexico-2024/
El Ojo de Iberoamerica,2024,Design,Sightwalks Veredas que guian,Circus Grey Peru,Cemento Sol,Peru,ORO,Prod Rebeca Producciones - Canica Films - Punto Aparte Realizador Mario Angulo- Alvaro Luque- Mario Bertocchi- Alonso Gutierrez Prod AudioSonido Agosto Music Post Prod Nativo Post Otras Empresas APOYO Comunicacion -Llorente y Cuenca -DINAMO Pais Peru,/awards/el_ojo/2024/campaigns/sightwalks-veredas-que-guian-cemento-sol-circus-grey-peru-2024-4/
El Ojo de Iberoamerica,2024,Design,Imagine with Petacos,DDB Colombia - Buentipo Anchor,Bavaria,Colombia,PLATA,Prod Primo Realizador Gina Medina Prod AudioSonido Diego Caceres Pais Colombia,/awards/el_ojo/2024/campaigns/imagine-with-petacos-bavaria-ddb-colombia-buentipo-anchor-2024-15/
El Ojo de Iberoamerica,2024,Design,Libertadoras,WILD FI Uruguay,de Museo Historico Nacional - Museo Juan Manuel Blanes,Uruguay,BRONCE,Prod Oriental Films Realizador Fabian Rojas - Ignacio Giannini Prod AudioSonido La Mayor -Federico Moreira Post Prod Oriental Films Pais Uruguay,/awards/el_ojo/2024/campaigns/libertadoras-de-museo-historico-nacional-museo-juan-manuel-blanes-wild-fi-uruguay-2024/
El Ojo de Iberoamerica,2024,Sustentable,Sightwalks Veredas que guian,Circus Grey Peru,Cemento Sol,Peru,GRAN OJO,Prod Rebeca Producciones - Canica Films - Punto Aparte Realizador-a Mario Angulo- Alvaro Luque- Mario Bertocchi- Alonso Gutierrez Prod Audio Sonido Agosto Music Postprod Nativo Post Otras Empresas APOYO Comunicacion -Llorente y Cuenca -DINAMO Pais Peru,/awards/el_ojo/2024/campaigns/sightwalks-veredas-que-guian-cemento-sol-circus-grey-peru-2024-5/
El Ojo de Iberoamerica,2024,Sustentable,Amunas recovery,Publicis Peru,Cusquena,Peru,ORO,Prod The Pub Realizador-a Erick Diaz Prod Audio Sonido Agosto Music Postprod The Pub -The Pub Otras Empresas Norte Films Pais Peru,/awards/el_ojo/2024/campaigns/amunas-recovery-cusquena-publicis-peru-2024/
El Ojo de Iberoamerica,2024,Sustentable,Me ofrezco,Revuelta - Mono Madrid,Wallapop,Espana,ORO,Prod Garlic Films Realizador-a OCKHAM Prod Audio Sonido Chaco Music House -La Panaderia Postprod McNulty Pais Espana,/awards/el_ojo/2024/campaigns/me-ofrezco-wallapop-revuelta-mono-madrid-2024-2/
El Ojo de Iberoamerica,2024,Sustentable,Amazon Desert Rally,Africa Creative,Vivo,Brasil,PLATA,Prod Genco Realizador-a Andre Vidigal Prod Audio Sonido Satellite Audio Otras Empresas Monkey Producoes Pais Brasil,/awards/el_ojo/2024/campaigns/amazon-desert-rally-vivo-africa-creative-2024-2/
El Ojo de Iberoamerica,2024,Sustentable,La apertura reveladora,Almap BBDO,O Boticario,Brasil,BRONCE,Prod Globo Brasil - Monster Films Realizador-a Yuri Lima Prod Audio Sonido Cabaret Studio Pais Brasil,/awards/el_ojo/2024/campaigns/la-apertura-reveladora-o-boticario-almap-bbdo-2024-2/
El Ojo de Iberoamerica,2024,Sustentable,Imagine with Petacos,DDB Colombia - Buentipo Anchor,Bavaria,Colombia,BRONCE,Prod Primo Realizador-a Gina Medina Prod Audio Sonido Diego Caceres Pais Colombia,/awards/el_ojo/2024/campaigns/imagine-with-petacos-bavaria-ddb-colombia-buentipo-anchor-2024-16/
El Ojo de Iberoamerica,2024,Sustentable,Improbable Housemates,Dentsu Creative Iberia,MEO,Portugal,ORO,Prod Ministerio dos Filmes Realizador-a Marco Martins Prod Audio Sonido Guel Postprod Glimpse Pais Portugal,/awards/el_ojo/2024/campaigns/improbable-housemates-meo-dentsu-creative-iberia-2024-2/
El Ojo de Iberoamerica,2024,Sustentable,Filter Caps-,Ogilvy Colombia,Filsa Colombia,Colombia,ORO,Prod Primo Realizador-a Gina Medina Prod Audio Sonido Diego Caceres Producciones Pais Colombia,/awards/el_ojo/2024/campaigns/filter-caps-filsa-colombia-ogilvy-colombia-2024-4/
El Ojo de Iberoamerica,2024,Sustentable,El ranking culinario que alimento a millones-,Valor,Alicorp Peru,Peru,PLATA,Prod Lado V Prod Otras Empresas LLYC PERU -Tribeca Media Pais Peru,/awards/el_ojo/2024/campaigns/el-ranking-culinario-que-alimento-a-millones-alicorp-peru-valor-2024-4/
El Ojo de Iberoamerica,2024,Sustentable,Car parts for Life,De la Cruz- Ogilvy,Fundacion Stefano - Empresas Fonalledas,Puerto Rico,BRONCE,,/awards/el_ojo/2024/campaigns/car-parts-for-life-fundacion-stefano-empresas-fonalledas-de-la-cruz-ogilvy-2024-4/
El Ojo de Iberoamerica,2024,Sustentable,The gender discount,BETC HAVAS - Suno United Creators,Santander,Brasil,PLATA,Prod MyMama Entertainment - Produceria Realizador-a Ana Valente Prod Audio Sonido Tentaculo Audio -Hefty Pais Brasil,/awards/el_ojo/2024/campaigns/the-gender-discount-santander-betc-havas-suno-united-creators-2024-2/
El Ojo de Iberoamerica,2024,Sustentable,Credito de libre transformacion,Digitas Colombia,Finzi,Colombia,PLATA,,/awards/el_ojo/2024/campaigns/credito-de-libre-transformacion-finzi-digitas-colombia-2024/
El Ojo de Iberoamerica,2024,Sustentable,Tienda Segura,BETC HAVAS,TIM Brasil,Brasil,BRONCE,Prod Merci Studios Prod Audio Sonido Sonido Postprod PX Studio Otras Empresas Mulheres Positivas Pais Brasil,/awards/el_ojo/2024/campaigns/tienda-segura-tim-brasil-betc-havas-2024-2/
El Ojo de Iberoamerica,2024,Sustentable,Cien,Tribeca Media,Plaza Vea,Peru,BRONCE,Prod Casetera Estudio Realizador-a Alan Clavo Pais Peru,/awards/el_ojo/2024/campaigns/cien-plaza-vea-tribeca-media-2024/
El Ojo de Iberoamerica,2024,Sustentable,Faces of the future,VML Argentina,Rexona,Argentina,BRONCE,Prod Audio Sonido Swing Musica Pais Argentina,/awards/el_ojo/2024/campaigns/faces-of-the-future-rexona-vml-argentina-2024-2/
El Ojo de Iberoamerica,2024,Sustentable,Sightwalks Veredas que guian,Circus Grey Peru,Cemento Sol,Peru,ORO,Prod Rebeca Producciones - Canica Films - Punto Aparte Realizador-a Mario Angulo- Alvaro Luque- Mario Bertocchi- Alonso Gutierrez Prod Audio Sonido Agosto Music Postprod Nativo Post Otras Empresas APOYO Comunicacion -Llorente y Cuenca -DINAMO Pais Peru,/awards/el_ojo/2024/campaigns/sightwalks-veredas-que-guian-cemento-sol-circus-grey-peru-2024-6/
El Ojo de Iberoamerica,2024,Sustentable,Reviews,Africa Creative,Kraft Heinz Brasil,Brasil,PLATA,Prod silviomedeirosnet Realizador-a Silvio Medeiros Prod Audio Sonido Punch Audio Otras Empresas Borderless Citizen Pais Brasil,/awards/el_ojo/2024/campaigns/reviews-kraft-heinz-brasil-africa-creative-2024-12/
El Ojo de Iberoamerica,2024,Sustentable,Avatar interview,DDB Colombia,McDonald s,Colombia,PLATA,Prod Los Notarios Realizador-a Felipe Cortes Prod Audio Sonido Diego Caceres Producciones Pais Colombia,/awards/el_ojo/2024/campaigns/avatar-interview-mcdonald-s-ddb-colombia-2024/
El Ojo de Iberoamerica,2024,Sustentable,Braided history,DDB Latina Puerto Rico,Mizani,Puerto Rico,PLATA,Prod DDB Latina Puerto Rico Pais Puerto Rico,/awards/el_ojo/2024/campaigns/braided-history-mizani-ddb-latina-puerto-rico-2024-11/
El Ojo de Iberoamerica,2024,Sustentable,El ranking culinario que alimento a millones,Valor,Alicorp Peru,Peru,ORO,Prod Lado V Otras Empresas LLYC PERU -Tribeca Media Pais Peru,/awards/el_ojo/2024/campaigns/el-ranking-culinario-que-alimento-a-millones-alicorp-peru-valor-2024-5/
El Ojo de Iberoamerica,2024,Sustentable,Malekus Los ultimos 600,Havas Costa Rica - BETC HAVAS,The Rainforest Lab,Costa Rica,BRONCE,Prod Fulfierros Prod Audio Sonido Quiet City Music Sound Pais Costa Rica,/awards/el_ojo/2024/campaigns/malekus-los-ultimos-600-the-rainforest-lab-havas-costa-rica-betc-havas-2024-3/
El Ojo de Iberoamerica,2024,Sustentable,Amunas recovery,Publicis Peru,Cusquena,Peru,ORO,Prod The Pub Realizador-a Erick Diaz Prod Audio Sonido Agosto Music Postprod The Pub -The Pub Otras Empresas Norte Films Pais Peru,/awards/el_ojo/2024/campaigns/amunas-recovery-cusquena-publicis-peru-2024-2/
El Ojo de Iberoamerica,2024,Sustentable,Reviews,Africa Creative,Kraft Heinz Brasil,Brasil,PLATA,Prod silviomedeirosnet Realizador-a Silvio Medeiros Prod Audio Sonido Punch Audio Otras Empresas Borderless Citizen Pais Brasil,/awards/el_ojo/2024/campaigns/reviews-kraft-heinz-brasil-africa-creative-2024-13/
El Ojo de Iberoamerica,2024,Sustentable,Improbable Housemates,Dentsu Creative Iberia,MEO,Portugal,PLATA,Prod Ministerio dos Filmes Realizador-a Marco Martins Prod Audio Sonido Guel Postprod Glimpse Pais Portugal,/awards/el_ojo/2024/campaigns/improbable-housemates-meo-dentsu-creative-iberia-2024-3/
El Ojo de Iberoamerica,2024,Sustentable,Credito de libre transformacion,Digitas Colombia,Finzi,Colombia,PLATA,,/awards/el_ojo/2024/campaigns/credito-de-libre-transformacion-finzi-digitas-colombia-2024-2/
El Ojo de Iberoamerica,2024,Sustentable,Beer retirement account-,Monks,Poker,Colombia,PLATA,Prod Primo Realizador-a Cristian Roncancio Pais Colombia,/awards/el_ojo/2024/campaigns/beer-retirement-account-poker-monks-2024-5/
El Ojo de Iberoamerica,2024,Sustentable,Braided history,DDB Latina Puerto Rico,Mizani,Puerto Rico,BRONCE,Prod DDB Latina Puerto Rico Pais Puerto Rico,/awards/el_ojo/2024/campaigns/braided-history-mizani-ddb-latina-puerto-rico-2024-12/
El Ojo de Iberoamerica,2024,Sustentable,Reprinting Nica-,Havas Costa Rica - BETC HAVAS,La Prensa Nicaragua,Costa Rica,BRONCE,Prod Fulfierros Prod Audio Sonido Punch Audio Pais Costa Rica,/awards/el_ojo/2024/campaigns/reprinting-nica-la-prensa-nicaragua-havas-costa-rica-betc-havas-2024-7/
El Ojo de Iberoamerica,2024,Sustentable,Atacama Fashion Week,Artplan,Desierto Vestido,Brasil,ORO,Prod Sugarcane Filmes Realizador-a Igor Selingarde Pais Brasil,/awards/el_ojo/2024/campaigns/atacama-fashion-week-desierto-vestido-artplan-2024-9/
El Ojo de Iberoamerica,2024,Sustentable,En nuestras manos,LLYC,StepbyWater,Espana,PLATA,Prod Jupiter Films Pais Espana,/awards/el_ojo/2024/campaigns/en-nuestras-manos-stepbywater-llyc-2024/
El Ojo de Iberoamerica,2024,Sustentable,Address The Invisible,Archer Troy,Techo Mexico --Google,Mexico,ORO,Prod Onirica Realizador-a Eduardo Canto Pais Mexico,/awards/el_ojo/2024/campaigns/address-the-invisible-techo-mexico-google-archer-troy-2024-9/
El Ojo de Iberoamerica,2024,Sustentable,Nobody should die at XMAS,DoubleYou,Open Arms,Espana,ORO,Prod Blua Realizador-a Iker Iturria Prod Audio Sonido lastcrit Postprod Blua -Moonlight Otras Empresas Engine Agency Pais Espana,/awards/el_ojo/2024/campaigns/nobody-should-die-at-xmas-open-arms-doubleyou-2024-4/
El Ojo de Iberoamerica,2024,Sustentable,The missing review,Republica Havas,Amigos For Kids,Estados Unidos,PLATA,Prod El Living - MDS Digital - Twins Music Realizador-a Arturo Vazquez- Lucas Cardona- Fernando Torres- Camila Londono- Jeronimo Gonzalez Montalvo- Max Scott- Tom Huergo Prod Audio Sonido Twins Music -Twins Music -Twins Music Pais Estados Unidos,/awards/el_ojo/2024/campaigns/the-missing-review-amigos-for-kids-republica-havas-2024-8/
El Ojo de Iberoamerica,2024,Sustentable,Comida para Gusanos,VML Chile,Ministerio De Salud,Chile,PLATA,Prod Oriental Films Postprod Atomica Otras Empresas Clear Channel Pais Chile,/awards/el_ojo/2024/campaigns/comida-para-gusanos-ministerio-de-salud-vml-chile-2024-2/
El Ojo de Iberoamerica,2024,Sustentable,Pinata-,Samy Alliance,PETA Global,Espana,BRONCE,Prod ROMA Realizador-a Juan Bascon Prod Audio Sonido Beat Music -OMBU Postprod Marc Morato -Giaccomo Prestinari -Metropolitana Pais Espana,/awards/el_ojo/2024/campaigns/pinata-peta-global-samy-alliance-2024/
El Ojo de Iberoamerica,2024,Sustentable,Necesito un hombre,TBWAFrederick,Corporacion Humanas,Chile,ORO,Prod independiente Realizador-a Rocio Huerta Pais Chile,/awards/el_ojo/2024/campaigns/necesito-un-hombre-corporacion-humanas-tbwafrederick-2024-3/
El Ojo de Iberoamerica,2024,Sustentable,Libertadoras,WILD FI Uruguay,Museo Historico Nacional - Museo Juan Manuel Blanes,Uruguay,PLATA,Prod Oriental Films Realizador-a Fabian Rojas - Ignacio Giannini Prod Audio Sonido La Mayor -Federico Moreira Postprod Oriental Films Pais Uruguay,/awards/el_ojo/2024/campaigns/libertadoras-museo-historico-nacional-museo-juan-manuel-blanes-wild-fi-uruguay-2024/
El Ojo de Iberoamerica,2024,Sustentable,Despido-,Propeg,Grupo Gay da Bahia GGB,Brasil,BRONCE,Prod Plural Imagem E Som Realizador-a Nico Matteis Prod Audio Sonido Logico Music Postprod Plural Imagem E Som Pais Brasil,/awards/el_ojo/2024/campaigns/despido-grupo-gay-da-bahia-ggb-propeg-2024/
El Ojo de Iberoamerica,2024,Sustentable,Address The Invisible-,Archer Troy,Techo Mexico --Google,Mexico,ORO,Prod Onirica Realizador-a Eduardo Canto Pais Mexico,/awards/el_ojo/2024/campaigns/address-the-invisible-techo-mexico-google-archer-troy-2024-10/
El Ojo de Iberoamerica,2024,Sustentable,Welcome to the group-,PHD Costa Rica - Shiift Porter Novelli - TBWARIOT,Cambiemos la Regla,Costa Rica,BRONCE,Prod Kaiju Pais Costa Rica,/awards/el_ojo/2024/campaigns/welcome-to-the-group-cambiemos-la-regla-phd-costa-rica-shiift-porter-novelli-tbwariot-2024-4/
El Ojo de Iberoamerica,2024,Sustentable,Manuales para sobrevivir-,Publicidad Comercial MullenLowe El Salvador El Salvador,manualesparasobrevivirorg,El Salvador,BRONCE,Prod Simple Society El Salvador - Garage Film El Salvador Realizador-a Carlos Escalon- Fernando Vilanova Prod Audio Sonido The Farm - Rocco Postprod Simple Society Pais El Salvador,/awards/el_ojo/2024/campaigns/manuales-para-sobrevivir-manualesparasobrevivirorg-publicidad-comercial-mullenlowe-el-salvador-el-salvador-2024/
El Ojo de Iberoamerica,2024,Sports,Hotel La Argentina,Mercado McCann,TyC Sports Prod Virgen Films Realizador-a Martin,Argentina,GRAN OJO,Prod Virgen Films Realizador-a Martin de Escalada Prod Audio Sonido Virgen Films Postprod Virgen Films -Virgen Films Otras Empresas Supercharango Pais Argentina,/awards/el_ojo/2024/campaigns/hotel-la-argentina-tyc-sports-prod-virgen-films-realizador-a-martin-mercado-mccann-2024/
El Ojo de Iberoamerica,2024,Sports,Pasado perfecto,Mercado McCann,Schneider,Argentina,PLATA,Prod Poster Realizador-a Sebastian Caporelli Prod Audio Sonido Porta Estudio Postprod Poster -Poster Otras Empresas Pimba VFX Pais Argentina,/awards/el_ojo/2024/campaigns/pasado-perfecto-schneider-mercado-mccann-2024-2/
El Ojo de Iberoamerica,2024,Sports,Faces of the future,VML Argentina,Rexona,Argentina,PLATA,Prod Audio Sonido Swing Musica Pais Argentina,/awards/el_ojo/2024/campaigns/faces-of-the-future-rexona-vml-argentina-2024-3/
El Ojo de Iberoamerica,2024,Sports,Hotel La Argentina,Mercado McCann,TyC Sports Prod Virgen Films Realizador-a Martin,Argentina,ORO,Prod Virgen Films Realizador-a Martin de Escalada Prod Audio Sonido Virgen Films Postprod Virgen Films -Virgen Films Otras Empresas Supercharango Pais Argentina,/awards/el_ojo/2024/campaigns/hotel-la-argentina-tyc-sports-prod-virgen-films-realizador-a-martin-mercado-mccann-2024-2/
El Ojo de Iberoamerica,2024,Sports,Barrios rivales,Don,Flow,Argentina,PLATA,Prod Huinca Cine Les Beaux Realizador-a Salomao Figueiredo Pais Argentina,/awards/el_ojo/2024/campaigns/barrios-rivales-flow-don-2024/
El Ojo de Iberoamerica,2024,Sports,Foodball Fans,Fahrenheit DDB,Plaza Vea,Peru,PLATA,Prod Locomotor Realizador-a Bruno Rey Prod Audio Sonido Creasonica Pais Peru,/awards/el_ojo/2024/campaigns/foodball-fans-plaza-vea-fahrenheit-ddb-2024-4/
El Ojo de Iberoamerica,2024,Sports,Olimpack,From,PedidosYa Market,Uruguay,PLATA,Prod From Pais Uruguay,/awards/el_ojo/2024/campaigns/olimpack-pedidosya-market-from-2024-2/
El Ojo de Iberoamerica,2024,Sports,Hay una apuesta en el aire,Havas Colombia - Hoy by Havas Argentina,Wingo - Flybondi Argentina,Colombia,BRONCE,Prod Havas POP Prod Audio Sonido Twins Music -Max Scott-Jose Violante-Jeronimo Gonzalez Montalvo Otras Empresas Wingo Pais Colombia,/awards/el_ojo/2024/campaigns/hay-una-apuesta-en-el-aire-wingo-flybondi-argentina-havas-colombia-hoy-by-havas-argentina-2024/
El Ojo de Iberoamerica,2024,Sports,Nombres confundidos,Republica Havas,Asociacion Lucha contra el Mal,Argentina,ORO,Prod Walden Studio - Twins Music Realizador-a Guido Cassini - Matias Pisani - Jeronimo Gonzalez Montalvo- Max Scott- Tom Huergo Prod Audio Sonido Twins Music Pais Argentina,/awards/el_ojo/2024/campaigns/nombres-confundidos-asociacion-lucha-contra-el-mal-republica-havas-2024-2/
El Ojo de Iberoamerica,2024,Sports,Yo estuve ahi,di Paola Latina Argentina,Missing Children Argentina,Argentina,BRONCE,Prod Mama Hungara Realizador-a Mama Hungara Prod Pais Argentina,/awards/el_ojo/2024/campaigns/yo-estuve-ahi-missing-children-argentina-di-paola-latina-argentina-2024/
El Ojo de Iberoamerica,2024,Sports,Face un-recognition,Republica Havas,Asociacion Lucha contra el Mal,Argentina,BRONCE,Prod Retina - Twins Music Realizador-a Juan Pablo Carrizo- Sergio Godoy- Jeronimo Gonzalez Montalvo- Max Scott- Tom Huergo Prod Audio Sonido Twins Music Postprod Pato Llambi Pais Argentina,/awards/el_ojo/2024/campaigns/face-un-recognition-asociacion-lucha-contra-el-mal-republica-havas-2024/
El Ojo de Iberoamerica,2024,Sports,Hotel La Argentina,Mercado McCann,TyC Sports,Argentina,ORO,Prod Virgen Films Realizador-a Martin de Escalada Prod Audio Sonido Virgen Films Postprod Virgen Films Otras Empresas Supercharango Pais Argentina,/awards/el_ojo/2024/campaigns/hotel-la-argentina-tyc-sports-mercado-mccann-2024-2/
El Ojo de Iberoamerica,2024,Sports,Barrios rivales,Don,Flow,Argentina,PLATA,Prod Huinca Cine Les Beaux Realizador-a Salomao Figueiredo Pais Argentina,/awards/el_ojo/2024/campaigns/barrios-rivales-flow-don-2024-2/
El Ojo de Iberoamerica,2024,Sports,Gatorade match saver,Springtime,Gatorade,Argentina,ORO,Prod Mama Hungara Realizador-a Fede Garcia Rico Prod Audio Sonido Papamusic -Porta Estudio PostprodMM Otras Empresas No Smoking Pais Argentina,/awards/el_ojo/2024/campaigns/gatorade-match-saver-gatorade-springtime-2024-6/
El Ojo de Iberoamerica,2024,Sports,Lucky news,Paradais DDB,Ecuasal,Ecuador,BRONCE,,/awards/el_ojo/2024/campaigns/lucky-news-ecuasal-paradais-ddb-2024-4/
El Ojo de Iberoamerica,2024,Sports,Clean Sponsorship,DM9,Consul,Brasil,ORO,Prod Corazon Filmes Realizador-a Bruno Zanetti Prod Audio Sonido Satelite Audio Pais Brasil,/awards/el_ojo/2024/campaigns/clean-sponsorship-consul-dm9-2024-7/
El Ojo de Iberoamerica,2024,Sports,Patrocinio sudado,Isla,Gatorade,Colombia,ORO,Prod Aleta Media Realizador-a Matias Ferrari Prod Pais Colombia,/awards/el_ojo/2024/campaigns/patrocinio-sudado-gatorade-isla-2024-2/
El Ojo de Iberoamerica,2024,Sports,Amazon Desert Rally,Africa Creative,Vivo,Brasil,BRONCE,Prod Genco Realizador-a Andre Vidigal Prod Audio Sonido Satellite Audio Otras Empresas Monkey Producoes Pais Brasil,/awards/el_ojo/2024/campaigns/amazon-desert-rally-vivo-africa-creative-2024-3/
El Ojo de Iberoamerica,2024,Sports,Foodball Fans,Fahrenheit DDB,Plaza Vea,Peru,BRONCE,Prod Locomotor Realizador-a Bruno Rey Prod Audio Sonido Creasonica Pais Peru,/awards/el_ojo/2024/campaigns/foodball-fans-plaza-vea-fahrenheit-ddb-2024-5/
El Ojo de Iberoamerica,2024,Sports,Imaginary Squads,GALERIAag,Itau,Brasil,BRONCE,Prod Frame Realizador-a Edu Simon- Rafael Urenha- Ducha Lopes- Phil Daijo Prod Audio Sonido Canja Postprod Frame Pais Brasil,/awards/el_ojo/2024/campaigns/imaginary-squads-itau-galeriaag-2024-5/
El Ojo de Iberoamerica,2024,Sports,Imaginary Squads,GALERIAag,Itau,Brasil,PLATA,Prod Frame Realizador-a Edu Simon- Rafael Urenha- Ducha Lopes- Phil Daijo Prod Audio Sonido Canja Postprod Frame Pais Brasil,/awards/el_ojo/2024/campaigns/imaginary-squads-itau-galeriaag-2024-6/
El Ojo de Iberoamerica,2024,Sports,Todos Somos Sub20,VML Uruguay,Banco,Uruguay,PLATA,Prod Cholo Films - VML Uruguay Pais Uruguay,/awards/el_ojo/2024/campaigns/todos-somos-sub20-banco-vml-uruguay-2024/
El Ojo de Iberoamerica,2024,Sports,Identical Fans,TBWAPeru,BCP,Peru,BRONCE,,/awards/el_ojo/2024/campaigns/identical-fans-bcp-tbwaperu-2024-3/
El Ojo de Iberoamerica,2024,Sports,Gamer Loan,Paradais DDB,Banco del Pacifico,Ecuador,ORO,Realizador-a Tito Duran Prod PostprodChristopher Valdiviezo Pais Ecuador,/awards/el_ojo/2024/campaigns/gamer-loan-banco-del-pacifico-paradais-ddb-2024-9/
El Ojo de Iberoamerica,2024,Sports,Target your hunger,Madison DDB,Heinz,Costa Rica,BRONCE,Prod Emotions Realizador-a Rolando Munoz Prod Pais Costa Rica,/awards/el_ojo/2024/campaigns/target-your-hunger-heinz-madison-ddb-2024/
El Ojo de Iberoamerica,2024,Sports,WiFi Refresh,VML Brasil,Mentos,Brasil,BRONCE,Prod Ambiencia Prod Audio Sonido Canja Audio Culture Otras Empresas BR Media Group Pais Brasil,/awards/el_ojo/2024/campaigns/wifi-refresh-mentos-vml-brasil-2024/
El Ojo de Iberoamerica,2024,Sports,Juega por el futuro,VML Espana - VML Brasil - VML Estados Unidos,Greenpeace Chile,Espana,BRONCE,Prod Audio Sonido Jamute Otras Empresas Druid Creative Gaming Pais Espana,/awards/el_ojo/2024/campaigns/juega-por-el-futuro-greenpeace-chile-vml-espana-vml-brasil-vml-estados-unidos-2024/
El Ojo de Iberoamerica,2024,Sports,Stains of Glory,MullenLowe SSP3,ALA,Argentina,PLATA,,/awards/el_ojo/2024/campaigns/stains-of-glory-ala-mullenlowe-ssp3-2024/
El Ojo de Iberoamerica,2024,Sports,Gatorade match saver,Springtime,Gatorade,Argentina,PLATA,Prod Mama Hungara Realizador-a Fede Garcia Rico Prod Audio Sonido Papamusic -Porta Estudio PostprodMM Otras Empresas No Smoking Pais Argentina,/awards/el_ojo/2024/campaigns/gatorade-match-saver-gatorade-springtime-2024-7/
El Ojo de Iberoamerica,2024,Sports,Audience Delivery,DM9 - Live Mode,iFood,Brasil,ORO,Prod Handmaker Realizador-a Fernando Lenox Prod Audio Sonido Mr Pink Pais Brasil,/awards/el_ojo/2024/campaigns/audience-delivery-ifood-dm9-live-mode-2024-2/
El Ojo de Iberoamerica,2024,Sports,Faces of the future,VML Argentina,Rexona,Argentina,PLATA,Prod Audio Sonido Swing Musica Pais Argentina,/awards/el_ojo/2024/campaigns/faces-of-the-future-rexona-vml-argentina-2024-4/
El Ojo de Iberoamerica,2024,Sports,MujeresIncreibles,Archer Troy,Tupperware Mexico,Mexico,BRONCE,,/awards/el_ojo/2024/campaigns/mujeresincreibles-tupperware-mexico-archer-troy-2024-2/
El Ojo de Iberoamerica,2024,Sports,Hinchas silenciosos,BBDO Chile,Ministerio del Deporte,Chile,BRONCE,Prod Alaska Films - UOIEA Studio Postprod Punk Robot Pais Chile,/awards/el_ojo/2024/campaigns/hinchas-silenciosos-ministerio-del-deporte-bbdo-chile-2024/
El Ojo de Iberoamerica,2024,Sports,Quinceaneras FC,WiedenKennedy Mexico,Nike Mexico,Mexico,BRONCE,Prod Candela Realizador-a Alejandra Castilla Pais Mexico,/awards/el_ojo/2024/campaigns/quinceaneras-fc-nike-mexico-wiedenkennedy-mexico-2024/
El Ojo de Iberoamerica,2024,Sports,Pasado perfecto,Mercado McCann,Schneider,Argentina,PLATA,Prod Poster Realizador-a Sebastian Caporelli Prod Audio Sonido Porta Estudio Postprod Poster -Poster Otras Empresas Pimba VFX Pais Argentina,/awards/el_ojo/2024/campaigns/pasado-perfecto-schneider-mercado-mccann-2024-3/
El Ojo de Iberoamerica,2024,Sports,Los dos partidos,Nodos Peru,RPP,Peru,PLATA,Prod Audio Sonido Soundlab Pais Peru,/awards/el_ojo/2024/campaigns/los-dos-partidos-rpp-nodos-peru-2024/
El Ojo de Iberoamerica,2024,Sports,3 vueltas,R-GA Buenos Aires - Becoming Mode,Gatorade,Argentina,PLATA,Prod Mama Hungara Realizador-a Federico Ondjian Pais Argentina,/awards/el_ojo/2024/campaigns/3-vueltas-gatorade-r-ga-buenos-aires-becoming-mode-2024/
El Ojo de Iberoamerica,2024,Sports,MujeresIncreibles,Archer Troy,Tupperware Mexico,Mexico,BRONCE,,/awards/el_ojo/2024/campaigns/mujeresincreibles-tupperware-mexico-archer-troy-2024-3/
El Ojo de Iberoamerica,2024,Sports,Olimpack,From,PedidosYa Market,Uruguay,BRONCE,Prod From Pais Uruguay,/awards/el_ojo/2024/campaigns/olimpack-pedidosya-market-from-2024-3/
El Ojo de Iberoamerica,2024,Sports,Stains of Glory,MullenLowe SSP3,ALA,Argentina,BRONCE,,/awards/el_ojo/2024/campaigns/stains-of-glory-ala-mullenlowe-ssp3-2024-2/
El Ojo de Iberoamerica,2024,Sports,Hotel La Argentina,Mercado McCann,TyC Sports,Argentina,ORO,Prod Virgen Films Realizador-a Martin de Escalada Prod Audio Sonido Virgen Films Postprod Virgen Films -Virgen Films Otras Empresas Supercharango Pais Argentina,/awards/el_ojo/2024/campaigns/hotel-la-argentina-tyc-sports-mercado-mccann-2024-3/
El Ojo de Iberoamerica,2024,Sports,Seguro del hincha,Publicis Impetu,Supermatch,Uruguay,BRONCE,Prod Oriental Films Realizador-a Diego Robino Pais Uruguay,/awards/el_ojo/2024/campaigns/seguro-del-hincha-supermatch-publicis-impetu-2024/
El Ojo de Iberoamerica,2024,Contenido,Hotel La Argentina,Mercado McCann,TyC Sports,Argentina,GRAN OJO,Prod Virgen Films Realizador-a Martin de Escalada Prod Audio Sonido Virgen Films Postprod Virgen Films -Virgen Films Otras Empresas Supercharango Paises Argentina,/awards/el_ojo/2024/campaigns/hotel-la-argentina-tyc-sports-mercado-mccann-2024-4/
El Ojo de Iberoamerica,2024,Contenido,Suerte shot on iPhone 15,TBWAMedia Arts Lab Miami,Apple,Estados Unidos,PLATA,Prod Landia Realizador-a CLIQUA Raul Sanchez Pasqual Gutierrez Paises Estados Unidos,/awards/el_ojo/2024/campaigns/suerte-shot-on-iphone-15-apple-tbwamedia-arts-lab-miami-2024/
El Ojo de Iberoamerica,2024,Contenido,Suerte shot on iPhone 15,TBWAMedia Arts Lab Miami,Apple,Estados Unidos,PLATA,Prod Landia Realizador-a CLIQUA Raul Sanchez Pasqual Gutierrez Paises Estados Unidos,/awards/el_ojo/2024/campaigns/suerte-shot-on-iphone-15-apple-tbwamedia-arts-lab-miami-2024-2/
El Ojo de Iberoamerica,2024,Contenido,Historias que no pudieron ser,Innvented Uruguay,Madres y Familiares,Uruguay,ORO,Prod Oriental Films Realizador-a Charly Gutierrez- Marindia Paises Uruguay,/awards/el_ojo/2024/campaigns/historias-que-no-pudieron-ser-madres-y-familiares-innvented-uruguay-2024/
El Ojo de Iberoamerica,2024,Contenido,Nombres confundidos,Republica Havas,Asociacion Lucha contra el Mal,Argentina,PLATA,Prod Walden Studio - Twins Music Realizador-a Guido Cassini - Matias Pisani - Jeronimo Gonzalez Montalvo- Max Scott- Tom Huergo Prod Audio Sonido Twins Music Paises Argentina,/awards/el_ojo/2024/campaigns/nombres-confundidos-asociacion-lucha-contra-el-mal-republica-havas-2024-3/
El Ojo de Iberoamerica,2024,Contenido,Hotel La Argentina,Mercado McCann,TyC Sports,Argentina,ORO,Prod Virgen Films Realizador-a Martin de Escalada Prod Audio Sonido Virgen Films Postprod Virgen Films -Virgen Films Otras Empresas Supercharango Paises Argentina,/awards/el_ojo/2024/campaigns/hotel-la-argentina-tyc-sports-mercado-mccann-2024-5/
El Ojo de Iberoamerica,2024,Contenido,This is not a game,VML Mexico,Movistar Mexico,Mexico,ORO,Prod Landia Realizador-a Lucas Shannon Prod Audio Sonido BDS Postprod Landia Paises Mexico,/awards/el_ojo/2024/campaigns/this-is-not-a-game-movistar-mexico-vml-mexico-2024-9/
El Ojo de Iberoamerica,2024,Contenido,Suerte shot on iPhone 15,TBWAMedia Arts Lab Miami,Apple,Estados Unidos,BRONCE,Prod Landia Realizador-a CLIQUA Raul Sanchez Pasqual Gutierrez Paises Estados Unidos,/awards/el_ojo/2024/campaigns/suerte-shot-on-iphone-15-apple-tbwamedia-arts-lab-miami-2024-3/
El Ojo de Iberoamerica,2024,Contenido,UninterruptAds,Africa Creative,Budweiser,Brasil,ORO,Prod Modo Integrado - La Carretera Films Prod Audio Sonido Mugshot Otras Empresas Sante Music Agency Paises Brasil,/awards/el_ojo/2024/campaigns/uninterruptads-budweiser-africa-creative-2024-7/
El Ojo de Iberoamerica,2024,Contenido,The test list,TombrasNina,Grupo Omint,Argentina,BRONCE,Prod Hello Stranger Prod Audio Sonido TITAN Postprod TombrasNina Otras Empresas Warner Music Otro Paises Argentina,/awards/el_ojo/2024/campaigns/the-test-list-grupo-omint-tombrasnina-2024/
El Ojo de Iberoamerica,2024,Contenido,VW 70 anos,Almap BBDO,Volkswagen Brasil,Brasil,ORO,Prod Boiler Filmes Realizador-a Dulcidio Caldeira Prod Audio Sonido Raw Audio Postprod Flow Effects -Acauan Pastore Otras Empresas Giusti Comunicacao Paises Brasil,/awards/el_ojo/2024/campaigns/vw-70-anos-volkswagen-brasil-almap-bbdo-2024-7/
El Ojo de Iberoamerica,2024,Contenido,UninterruptAds,Africa Creative,Budweiser,Brasil,PLATA,Prod Modo Integrado - La Carretera Films Prod Audio Sonido Mugshot Otras Empresas Sante Music Agency Paises Brasil,/awards/el_ojo/2024/campaigns/uninterruptads-budweiser-africa-creative-2024-8/
El Ojo de Iberoamerica,2024,Contenido,Errata at 88,Almap BBDO,Johnnie Walker,Brasil,PLATA,Prod Almap BBDO Realizador-a Rodrigo Resende- Diego Villas Boas Prod Audio Sonido Cabaret Studio Otras Empresas Giusti Comunicacao -Inside Out PR -Suba Junto Paises Brasil,/awards/el_ojo/2024/campaigns/errata-at-88-johnnie-walker-almap-bbdo-2024-4/
El Ojo de Iberoamerica,2024,Contenido,13 Cielos Videoclip,WiedenKennedy Mexico,Victoria,Mexico,PLATA,Prod The Maestros Realizador-a Rodrigo Valdes- Giuliana Tommasi Prod Audio Sonido Yamil Misael Gomez Postprod The Maestros -Mathematic Studio -Club Color -Diego Flores Otras Empresas Astro LX -Javier Umpierrez Paises Mexico,/awards/el_ojo/2024/campaigns/13-cielos-videoclip-victoria-wiedenkennedy-mexico-2024/
El Ojo de Iberoamerica,2024,Contenido,Suerte shot on iPhone 15,TBWAMedia Arts Lab Miami,Apple,Estados Unidos,BRONCE,Prod Landia Realizador-a CLIQUA Raul Sanchez Pasqual Gutierrez Paises Estados Unidos,/awards/el_ojo/2024/campaigns/suerte-shot-on-iphone-15-apple-tbwamedia-arts-lab-miami-2024-4/
El Ojo de Iberoamerica,2024,Contenido,Fan profesional,Africa Creative,Budweiser,Brasil,PLATA,Prod Modo Integrado Prod Audio Sonido Canja Audio Culture -Eduardo Karas-Filipe Resende-Levi Mynssen de Mello-Filipe Lopes-Levi Mynssen de Mello-Nando de Castro-Matheus Peres-Lari Storch-Ana Flor Bohrer-Flavia Medeiros-Igor Lobo-Mariana Aldrigue Paises Brasil,/awards/el_ojo/2024/campaigns/fan-profesional-budweiser-africa-creative-2024-6/
El Ojo de Iberoamerica,2024,Contenido,Sociedad de la Nieve Que nos paso en la Montana,Jellyfish,Netflix Espana,Espana,BRONCE,,/awards/el_ojo/2024/campaigns/sociedad-de-la-nieve-que-nos-paso-en-la-montana-netflix-espana-jellyfish-2024-3/
El Ojo de Iberoamerica,2024,Contenido,Suerte shot on iPhone 15,TBWAMedia Arts Lab Miami,Apple,Estados Unidos,PLATA,Prod Landia Realizador-a CLIQUA Raul Sanchez Pasqual Gutierrez Paises Estados Unidos,/awards/el_ojo/2024/campaigns/suerte-shot-on-iphone-15-apple-tbwamedia-arts-lab-miami-2024-5/
El Ojo de Iberoamerica,2024,Contenido,Medalla Drinkers Know,DDB Latina Puerto Rico,Medalla Light,Puerto Rico,PLATA,Prod DDB Latina Puerto Rico Realizador-a Peter Peralta- Luis Romero Paises Puerto Rico,/awards/el_ojo/2024/campaigns/medalla-drinkers-know-medalla-light-ddb-latina-puerto-rico-2024-6/
El Ojo de Iberoamerica,2024,Contenido,Fan profesional,Africa Creative,Budweiser,Brasil,ORO,Prod Modo Integrado Prod Audio Sonido Canja Audio Culture -Eduardo Karas-Filipe Resende-Levi Mynssen de Mello-Filipe Lopes-Levi Mynssen de Mello-Nando de Castro-Matheus Peres-Lari Storch-Ana Flor Bohrer-Flavia Medeiros-Igor Lobo-Mariana Aldrigue Paises Brasil,/awards/el_ojo/2024/campaigns/fan-profesional-budweiser-africa-creative-2024-7/
El Ojo de Iberoamerica,2024,Contenido,Nombres confundidos,Republica Havas,Asociacion Lucha contra el Mal,Argentina,BRONCE,Prod Walden Studio - Twins Music Realizador-a Guido Cassini - Matias Pisani - Jeronimo Gonzalez Montalvo- Max Scott- Tom Huergo Prod Audio Sonido Twins Music Paises Argentina,/awards/el_ojo/2024/campaigns/nombres-confundidos-asociacion-lucha-contra-el-mal-republica-havas-2024-4/
El Ojo de Iberoamerica,2024,Contenido,Libertadoras,WILD FI Uruguay,Museo Historico Nacional - Museo Juan Manuel Blanes,Uruguay,BRONCE,Prod Oriental Films Realizador-a Fabian Rojas - Ignacio Giannini Prod Audio Sonido La Mayor -Federico Moreira Postprod Oriental Films Paises Uruguay,/awards/el_ojo/2024/campaigns/libertadoras-museo-historico-nacional-museo-juan-manuel-blanes-wild-fi-uruguay-2024-2/
El Ojo de Iberoamerica,2024,Contenido,KFC auto Grand Prix,PS21,KFC Espana,Espana,ORO,,/awards/el_ojo/2024/campaigns/kfc-auto-grand-prix-kfc-espana-ps21-2024-6/
El Ojo de Iberoamerica,2024,Contenido,Forteleton,DDB Chile,Banco,Chile,BRONCE,Prod Neumann Realizador-a Pablo Neumann Prod Audio Sonido Sauvalle Paises Chile,/awards/el_ojo/2024/campaigns/forteleton-banco-ddb-chile-2024/
El Ojo de Iberoamerica,2024,Contenido,This is not a game,VML Mexico,Movistar Mexico,Mexico,ORO,Prod Landia Realizador-a Lucas Shannon Prod Audio Sonido BDS Postprod Landia Otras Paises Mexico,/awards/el_ojo/2024/campaigns/this-is-not-a-game-movistar-mexico-vml-mexico-2024-10/
El Ojo de Iberoamerica,2024,Contenido,Me ofrezco,Revuelta - Mono Madrid,Wallapop,Espana,PLATA,Prod Garlic Films Realizador-a OCKHAM Prod Audio Sonido Chaco Music House -La Panaderia Postprod McNulty Paises Espana,/awards/el_ojo/2024/campaigns/me-ofrezco-wallapop-revuelta-mono-madrid-2024-3/
El Ojo de Iberoamerica,2024,Contenido,Muertes invisibles,Pousta,Club Deportivo Palestino,Chile,BRONCE,Prod Blackstar Realizador-a Esteban Cabezas- Sebastian Lara- Diego Cabezas- Fabian Novoa- Javier Santelices Prod Audio Sonido Pulso Music Paises Chile,/awards/el_ojo/2024/campaigns/muertes-invisibles-club-deportivo-palestino-pousta-2024/
El Ojo de Iberoamerica,2024,Contenido,KFC auto Grand Prix,PS21,KFC Espana,Espana,PLATA,,/awards/el_ojo/2024/campaigns/kfc-auto-grand-prix-kfc-espana-ps21-2024-7/
El Ojo de Iberoamerica,2024,Contenido,El sabor del hate,This is Libre,Grefusa,Espana,PLATA,Prod Blank Films Realizador-a Diego Guerrero Paises Espana,/awards/el_ojo/2024/campaigns/el-sabor-del-hate-grefusa-this-is-libre-2024/
El Ojo de Iberoamerica,2024,Contenido,Hotel La Argentina,Mercado McCann,TyC Sports,Argentina,ORO,Prod Virgen Films Realizador-a Martin de Escalada Prod Audio Sonido Virgen Films Postprod Virgen Films -Virgen Films Otras Empresas Supercharango Paises Argentina,/awards/el_ojo/2024/campaigns/hotel-la-argentina-tyc-sports-mercado-mccann-2024-6/
El Ojo de Iberoamerica,2024,Contenido,Fer,anonimo,Save the Children Mexico,Mexico,PLATA,Prod Catatonia Realizador-a Laura Baumeister Prod Audio Sonido Audios Estudio Shalala -Warner Chappell Music Argentina Postprod Catatonia -Fantastic Post Paises Mexico,/awards/el_ojo/2024/campaigns/fer-save-the-children-mexico-anonimo-2024-3/
El Ojo de Iberoamerica,2024,Contenido,Historias que no pudieron ser,Innvented Uruguay,Madres y Familiares,Uruguay,PLATA,Prod Oriental Films Realizador-a Charly Gutierrez- Marindia Paises Uruguay,/awards/el_ojo/2024/campaigns/historias-que-no-pudieron-ser-madres-y-familiares-innvented-uruguay-2024-2/
El Ojo de Iberoamerica,2024,Contenido,This is not a game,VML Mexico,Movistar Mexico,Mexico,GRAN OJO,Prod Landia Realizador-a Lucas Shannon Prod Audio Sonido BDS Postprod Landia Pais Mexico,/awards/el_ojo/2024/campaigns/this-is-not-a-game-movistar-mexico-vml-mexico-2024-11/
El Ojo de Iberoamerica,2024,Contenido,Gamer Loan,Paradais DDB,Banco del Pacifico,Ecuador,ORO,Realizador-a Tito Duran Postprod Christopher Valdiviezo Pais Ecuador,/awards/el_ojo/2024/campaigns/gamer-loan-banco-del-pacifico-paradais-ddb-2024-10/
El Ojo de Iberoamerica,2024,Contenido,This is not a game,VML Mexico,Movistar Mexico,Mexico,ORO,Prod Landia Realizador-a Lucas Shannon Prod Audio Sonido BDS Postprod Landia Pais Mexico,/awards/el_ojo/2024/campaigns/this-is-not-a-game-movistar-mexico-vml-mexico-2024-12/
El Ojo de Iberoamerica,2024,Contenido,Filter Caps,Ogilvy Colombia,Filsa Colombia,Colombia,PLATA,Prod Primo Realizador-a Gina Medina Prod Audio Sonido Diego Caceres Producciones Pais Colombia,/awards/el_ojo/2024/campaigns/filter-caps-filsa-colombia-ogilvy-colombia-2024-5/
El Ojo de Iberoamerica,2024,Contenido,Thanks for Coke-Creating,VML Mexico - VML Brasil,Coca-Cola,Mexico,PLATA,Prod Mango Films - Sugarcane Filmes - Baliprod Otro- Glitch Productions Otro- NetoShookan Productions Otro Realizador-a Erik Tapia Otras Empresas Raw Audio -VML Brasil -Sugarcane Filmes -Ogilvy Otro-EssenceMediacom Pais Mexico,/awards/el_ojo/2024/campaigns/thanks-for-coke-creating-coca-cola-vml-mexico-vml-brasil-2024-5/
El Ojo de Iberoamerica,2024,Contenido,Find Your Summer,LOLA MullenLowe,Magnum Ice Cream,Espana,BRONCE,Prod MJZ Realizador-a Juan Cabral Prod Audio Sonido Big Sync Postprod Glassworks Otras Empresas Mindshare Otro Pais Espana,/awards/el_ojo/2024/campaigns/find-your-summer-magnum-ice-cream-lola-mullenlowe-2024-10/
El Ojo de Iberoamerica,2024,Contenido,Wrong Candidates,Alma DDB,Change the Ref,Estados Unidos,ORO,,/awards/el_ojo/2024/campaigns/wrong-candidates-change-the-ref-alma-ddb-2024-6/
El Ojo de Iberoamerica,2024,Contenido,Welcome to the group,PHD Costa Rica - Shiift Porter Novelli - TBWARIOT,Cambiemos la Regla,Costa Rica,PLATA,Prod Kaiju Pais Costa Rica,/awards/el_ojo/2024/campaigns/welcome-to-the-group-cambiemos-la-regla-phd-costa-rica-shiift-porter-novelli-tbwariot-2024-5/
El Ojo de Iberoamerica,2024,Contenido,Help Plus,Lew Lara TBWA,Cruz Vermelha Sao Paulo,Brasil,BRONCE,Prod Movietrailer - Trust Prod Audio Sonido Sonido Audio Otras Empresas Bolha Pais Brasil,/awards/el_ojo/2024/campaigns/help-plus-cruz-vermelha-sao-paulo-lew-lara-tbwa-2024/
El Ojo de Iberoamerica,2024,Contenido,En nuestras manos,LLYC,StepbyWater,Espana,BRONCE,Prod Jupiter Films Pais Espana,/awards/el_ojo/2024/campaigns/en-nuestras-manos-stepbywater-llyc-2024-2/
El Ojo de Iberoamerica,2024,Innovacion,Filter Caps,Ogilvy Colombia,Filsa Colombia,Colombia,GRAN OJO,Prod Primo Realizador-a Gina Medina Prod Audio Sonido Diego Caceres Producciones Pais Colombia,/awards/el_ojo/2024/campaigns/filter-caps-filsa-colombia-ogilvy-colombia-2024-6/
El Ojo de Iberoamerica,2024,Innovacion,Filter Caps,Ogilvy Colombia,Filsa Colombia,Colombia,ORO,Prod Primo Realizador-a Gina Medina Prod Audio Sonido Diego Caceres Producciones Pais Colombia,/awards/el_ojo/2024/campaigns/filter-caps-filsa-colombia-ogilvy-colombia-2024-7/
El Ojo de Iberoamerica,2024,Innovacion,Imagine with Petacos,DDB Colombia - Buentipo Anchor,Bavaria,Colombia,BRONCE,Prod Primo Realizador-a Gina Medina Prod Audio Sonido Diego Caceres Pais Colombia,/awards/el_ojo/2024/campaigns/imagine-with-petacos-bavaria-ddb-colombia-buentipo-anchor-2024-17/
El Ojo de Iberoamerica,2024,Innovacion,Impulse,Cheil Espana,Samsung Espana,Espana,ORO,Prod Somos 5 Realizador-a Alfredo Lobo Postprod Somos5 Otras Empresas Acid Tango Pais Espana,/awards/el_ojo/2024/campaigns/impulse-samsung-espana-cheil-espana-2024-5/
El Ojo de Iberoamerica,2024,Innovacion,Address The Invisible,Archer Troy,Techo Mexico --Google,Mexico,PLATA,Prod Onirica Realizador-a Eduardo Canto Pais Mexico,/awards/el_ojo/2024/campaigns/address-the-invisible-techo-mexico-google-archer-troy-2024-11/
El Ojo de Iberoamerica,2024,Innovacion,Vanishing Emails,VML Peru,Amazon Web Services,Estados Unidos,PLATA,Prod Ladoble - SLALOM Otro Realizador-a Martin Donozo Postprod Facundo Junquet -Luis Staffolani -Cynthia Fuentes Otras Empresas SLALOM Otro Pais Estados Unidos,/awards/el_ojo/2024/campaigns/vanishing-emails-amazon-web-services-vml-peru-2024-3/
El Ojo de Iberoamerica,2024,Innovacion,Literacy pen,Monks,Literacy Pen,Estados Unidos,BRONCE,Prod Primo - EMERGE Beijing Otro- Believe TV Otro Prod Audio Sonido Vox Haus Pais Estados Unidos,/awards/el_ojo/2024/campaigns/literacy-pen-literacy-pen-monks-2024/
El Ojo de Iberoamerica,2024,Innovacion,Imagine with Petacos,DDB Colombia - Buentipo Anchor,Bavaria,Colombia,PLATA,Prod Primo Realizador-a Gina Medina Prod Audio Sonido Diego Caceres Pais Colombia,/awards/el_ojo/2024/campaigns/imagine-with-petacos-bavaria-ddb-colombia-buentipo-anchor-2024-18/
El Ojo de Iberoamerica,2024,Innovacion,Address The Invisible-,Archer Troy,Techo Mexico --Google,Mexico,BRONCE,Prod Onirica Realizador-a Eduardo Canto Pais Mexico,/awards/el_ojo/2024/campaigns/address-the-invisible-techo-mexico-google-archer-troy-2024-12/
El Ojo de Iberoamerica,2024,Innovacion,Amunas recovery-,Publicis Peru,Cusquena,Peru,BRONCE,Prod The Pub Realizador-a Erick Diaz Prod Audio Sonido Agosto Music Postprod The Pub -The Pub Otras Empresas Norte Films Pais Peru,/awards/el_ojo/2024/campaigns/amunas-recovery-cusquena-publicis-peru-2024-3/
El Ojo de Iberoamerica,2024,Creative Data,Promesas Absurdas,VML Argentina,ASDRA Asociacion Sindrome,Argentina,GRAN OJO CREATIVE DATA,Prod Landia Realizador-a Diego Dutil- Tomas Quartino Prod Audio Sonido Violeta Music Pais Argentina,/awards/el_ojo/2024/campaigns/promesas-absurdas-asdra-asociacion-sindrome-vml-argentina-2024-3/
El Ojo de Iberoamerica,2024,Creative Data,La metrica embotellada,interaction,PNUD,Costa Rica,ORO,,/awards/el_ojo/2024/campaigns/la-metrica-embotellada-pnud-interaction-2024/
El Ojo de Iberoamerica,2024,Creative Data,Rainbow Washing Detector,DDB Mexico,Capaxia,Mexico,PLATA,Prod Habitant Productions - Bionica Realizador-a Adrian Suarez- Mauro Bravo Prod Audio Sonido Estudios Machina Otras Empresas Bionica -Porter Novelli -Trebolbit Pais Mexico,/awards/el_ojo/2024/campaigns/rainbow-washing-detector-capaxia-ddb-mexico-2024/
El Ojo de Iberoamerica,2024,Creative Data,Promesas absurdas,VML Argentina,ASDRA Asociacion Sindrome,Argentina,PLATA,Prod Landia Realizador-a Diego Dutil- Tomas Quartino Prod Audio Sonido Violeta Music Pais Argentina,/awards/el_ojo/2024/campaigns/promesas-absurdas-asdra-asociacion-sindrome-vml-argentina-2024-4/
El Ojo de Iberoamerica,2024,Creative Data,La Tierra de los Invisibles,iD TBWA,SP Invisivel,Brasil,BRONCE,Prod Paranoid Brasil Realizador-a Rene Baldiserra - Gabriel Neves Prod Audio Sonido Jamute Postprod Clan VFX -Bleach Otras Empresas Instagrafite -Embed Producao Digital Pais Brasil,/awards/el_ojo/2024/campaigns/la-tierra-de-los-invisibles-sp-invisivel-id-tbwa-2024/
El Ojo de Iberoamerica,2024,Creative Data,Animal alerts,Serviceplan Alemania - Lanfranco Cordova NYC - Tulom PR,PetPace,Peru,ORO,Prod Rebeca Producciones Realizador-a Matias Gutierrez Prod Audio Sonido Agosto Music -Agosto Music Postprod Nativo Post Otras Empresas Tulom PR -Eat-Astral Kreativ Otro-Mediaplus Group Otro-Peppercomm Pais Peru,/awards/el_ojo/2024/campaigns/animal-alerts-petpace-serviceplan-alemania-lanfranco-cordova-nyc-tulom-pr-2024-2/
El Ojo de Iberoamerica,2024,Creative Data,Dolar Diarco,BB agencia,Diarco,Argentina,PLATA,Realizador-a Mariano Alvarez Parracia Pais Argentina,/awards/el_ojo/2024/campaigns/dolar-diarco-diarco-bb-agencia-2024/
El Ojo de Iberoamerica,2024,Creative Data,Promesas absurdas,VML Argentina,ASDRA Asociacion Sindrome,Argentina,BRONCE,Prod Landia Realizador-a Diego Dutil- Tomas Quartino Prod Audio Sonido Violeta Music Pais Argentina,/awards/el_ojo/2024/campaigns/promesas-absurdas-asdra-asociacion-sindrome-vml-argentina-2024-5/
El Ojo de Iberoamerica,2024,Creative Data,Gamer Loan,Paradais DDB,Banco del Pacifico,Ecuador,ORO,Realizador-a Tito Duran Prod Pais Ecuador,/awards/el_ojo/2024/campaigns/gamer-loan-banco-del-pacifico-paradais-ddb-2024-11/
El Ojo de Iberoamerica,2024,Creative Data,KFC auto Grand Prix,PS21,KFC Espana,Espana,BRONCE,,/awards/el_ojo/2024/campaigns/kfc-auto-grand-prix-kfc-espana-ps21-2024-8/
El Ojo de Iberoamerica,2024,Creative Data,Promesas absurdas,VML Argentina,ASDRA Asociacion Sindrome,Argentina,ORO,Prod Landia Realizador-a Diego Dutil- Tomas Quartino Prod Audio Sonido Violeta Music Pais Argentina,/awards/el_ojo/2024/campaigns/promesas-absurdas-asdra-asociacion-sindrome-vml-argentina-2024-6/
El Ojo de Iberoamerica,2024,Creative Data,W1ng Cod3s,Havas HOY,Volaris Aerolinea,Mexico,PLATA,Prod Havas HOY Realizador-a David Camacho Pais Mexico,/awards/el_ojo/2024/campaigns/w1ng-cod3s-volaris-aerolinea-havas-hoy-2024-2/
El Ojo de Iberoamerica,2024,Creative Data,La Tierra de los Invisibles,iD TBWA,SP Invisivel,Brasil,BRONCE,Prod Paranoid Brasil Realizador-a Rene Baldiserra - Gabriel Neves Prod Audio Sonido Jamute Postprod Clan VFX -Bleach Otras Empresas Instagrafite -Embed Producao Digital Pais Brasil,/awards/el_ojo/2024/campaigns/la-tierra-de-los-invisibles-sp-invisivel-id-tbwa-2024-2/
El Ojo de Iberoamerica,2024,Creative Data,Unforgettable Women,MullenLowe Delta,Banco Pichincha Ecuador,Ecuador,BRONCE,Prod Bang Motions Films - The Others Realizador-a Yayo Alarcon Prod Audio Sonido Fletcher Munson Pais Ecuador,/awards/el_ojo/2024/campaigns/unforgettable-women-banco-pichincha-ecuador-mullenlowe-delta-2024/
El Ojo de Iberoamerica,2024,Creative Data,Algoritmo Salvaje Reset,Edelman Espana,Ampara Silvestre,Brasil,ORO,Prod Nelson Jimenez Ortiz de Zarate Realizador-a Nelson Jimenez Ortiz de Zarate Pais Brasil,/awards/el_ojo/2024/campaigns/algoritmo-salvaje-reset-ampara-silvestre-edelman-espana-2024-5/
El Ojo de Iberoamerica,2024,Creative Data,Promesas absurdas,VML Argentina,ASDRA Asociacion Sindrome,Argentina,PLATA,Prod Landia Realizador-a Diego Dutil- Tomas Quartino Prod Audio Sonido Violeta Music Pais Argentina,/awards/el_ojo/2024/campaigns/promesas-absurdas-asdra-asociacion-sindrome-vml-argentina-2024-7/
El Ojo de Iberoamerica,2024,Creative Data,Rainbot,LLYC,Pride Connection Mexico,Mexico,BRONCE,Prod LLYC Pais Mexico,/awards/el_ojo/2024/campaigns/rainbot-pride-connection-mexico-llyc-2024/
El Ojo de Iberoamerica,2024,Creative Data,Rock DNA,Almap BBDO,de Billboard Brasil,Brasil,ORO,Prod Acaca Prod Audio Sonido Punch Audio Otras Empresas Giusti Creative PR -Mynd Pais Brasil,/awards/el_ojo/2024/campaigns/rock-dna-de-billboard-brasil-almap-bbdo-2024/
El Ojo de Iberoamerica,2024,Creative Data,Promesas absurdas,VML Argentina,ASDRA Asociacion Sindrome,Argentina,PLATA,Prod Landia Realizador-a Diego Dutil- Tomas Quartino Prod Audio Sonido Violeta Music Pais Argentina,/awards/el_ojo/2024/campaigns/promesas-absurdas-asdra-asociacion-sindrome-vml-argentina-2024-8/
El Ojo de Iberoamerica,2024,Creative Data,Thermal Sensation of Urgency,Lew LaraTBWA,Cruz Vermelha Sao Paulo,Brasil,BRONCE,Prod Monster Films Prod Audio Sonido DragonFly Pais Brasil,/awards/el_ojo/2024/campaigns/thermal-sensation-of-urgency-cruz-vermelha-sao-paulo-lew-laratbwa-2024/
El Ojo de Iberoamerica,2024,Creative Commerce,Samsung Throwback Deals-,MRM Brasil,Samsung Brasil,Brasil,GRAN OJO CREATIVE COMMERCE,,/awards/el_ojo/2024/campaigns/samsung-throwback-deals-samsung-brasil-mrm-brasil-2024-2/
El Ojo de Iberoamerica,2024,Creative Commerce,Gallery of meme-,DDB Colombia,Artrade,Colombia,BRONCE,Prod La Octava Productora Realizador-a Jose Maria Angel Pais Colombia,/awards/el_ojo/2024/campaigns/gallery-of-meme-artrade-ddb-colombia-2024/
El Ojo de Iberoamerica,2024,Creative Commerce,W1ng Cod3s-,Havas HOY,Volaris Aerolinea,Mexico,ORO,Prod Havas HOY Realizador-a David Camacho Pais Mexico,/awards/el_ojo/2024/campaigns/w1ng-cod3s-volaris-aerolinea-havas-hoy-2024-3/
El Ojo de Iberoamerica,2024,Creative Commerce,Comentarios turisticos-,Havas Peru,Sky Airline Peru,Peru,PLATA,,/awards/el_ojo/2024/campaigns/comentarios-turisticos-sky-airline-peru-havas-peru-2024/
El Ojo de Iberoamerica,2024,Creative Commerce,Deci Fulbo-,draftLine BUE,TaDa,Argentina,BRONCE,,/awards/el_ojo/2024/campaigns/deci-fulbo-tada-draftline-bue-2024/
El Ojo de Iberoamerica,2024,Creative Commerce,Audience Delivery-,DM9 - Live Mode,iFood,Brasil,ORO,Prod Handmaker Realizador-a Fernando Lenox Prod Audio Sonido Mr Pink Pais Brasil,/awards/el_ojo/2024/campaigns/audience-delivery-ifood-dm9-live-mode-2024-3/
El Ojo de Iberoamerica,2024,Creative Commerce,Hay una apuesta en el aire-,Havas Colombia - Hoy by Havas Argentina,Wingo - Flybondi Argentina,Colombia,PLATA,Prod Havas POP Prod Audio Sonido Twins Music -Max Scott-Jose Violante-Jeronimo Gonzalez Montalvo Otras Empresas Wingo Pais Colombia,/awards/el_ojo/2024/campaigns/hay-una-apuesta-en-el-aire-wingo-flybondi-argentina-havas-colombia-hoy-by-havas-argentina-2024-2/
El Ojo de Iberoamerica,2024,Creative Commerce,TaDa Onfire-,Grey Mexico,TaDa,Paraguay,BRONCE,Prod Guarani Films Realizador-a Juan Manuel Montero Postprod Guarani Films Otras Empresas Flow Studio LA Pais Paraguay,/awards/el_ojo/2024/campaigns/tada-onfire-tada-grey-mexico-2024/
El Ojo de Iberoamerica,2024,Creative Commerce,Talento Encubierto-,Monks,Mercado Libre,Argentina,BRONCE,Prod Paramount Pais Argentina,/awards/el_ojo/2024/campaigns/talento-encubierto-mercado-libre-monks-2024/
El Ojo de Iberoamerica,2024,Creative Commerce,Imagine with Petacos-,DDB Colombia - Buentipo Anchor,Bavaria,Colombia,ORO,Prod Primo Realizador-a Gina Medina Prod Audio Sonido Diego Caceres Pais Colombia,/awards/el_ojo/2024/campaigns/imagine-with-petacos-bavaria-ddb-colombia-buentipo-anchor-2024-19/
El Ojo de Iberoamerica,2024,Creative Commerce,00 Prohibition-,Publicis Argentina,Heineken,Argentina,PLATA,Prod Ladoble Realizador-a Martin Donozo- Belen Arana Prod Audio Sonido Vox Haus Postprod Facundo Junquet Pais Argentina,/awards/el_ojo/2024/campaigns/00-prohibition-heineken-publicis-argentina-2024/
El Ojo de Iberoamerica,2024,Creative Commerce,Monopoly-,TBWAEspana,McDonald s Espana,Espana,BRONCE,,/awards/el_ojo/2024/campaigns/monopoly-mcdonald-s-espana-tbwaespana-2024/
El Ojo de Iberoamerica,2024,Creative Commerce,The Art of Hack-,Cheil Espana,Samsung Espana,Espana,ORO,,/awards/el_ojo/2024/campaigns/the-art-of-hack-samsung-espana-cheil-espana-2024-2/
El Ojo de Iberoamerica,2024,Creative Commerce,The e-commerce of trust-,DDB Mexico,Gahr WeCapital,Mexico,BRONCE,Prod Whisky Films Realizador-a German Tejada Prod Audio Sonido Estudios Machina Otras Empresas Porter Novelli Pais Mexico,/awards/el_ojo/2024/campaigns/the-e-commerce-of-trust-gahr-wecapital-ddb-mexico-2024-2/
El Ojo de Iberoamerica,2024,Creative Commerce,Line Guide-,DDB Mexico,Embasa,Mexico,BRONCE,Prod Landia Realizador-a Thomas Amoedo Prod Audio Sonido Estudios Machina Otras Empresas Porter Novelli Pais Mexico,/awards/el_ojo/2024/campaigns/line-guide-embasa-ddb-mexico-2024/
El Ojo de Iberoamerica,2024,Creative Commerce,Beer retirement account-,Monks,Poker,Colombia,ORO,Prod Primo Realizador-a Cristian Roncancio Pais Colombia,/awards/el_ojo/2024/campaigns/beer-retirement-account-poker-monks-2024-6/
El Ojo de Iberoamerica,2024,Creative Commerce,W1ng Cod3s-,Havas HOY,Volaris Aerolinea,Mexico,BRONCE,Prod Havas HOY Realizador-a David Camacho Pais Mexico,/awards/el_ojo/2024/campaigns/w1ng-cod3s-volaris-aerolinea-havas-hoy-2024-4/
El Ojo de Iberoamerica,2024,Creative Commerce,Install our logo-,Leo Burnett Mexico - Gato - Hey Kid Design Studio,ADT Security,Mexico,BRONCE,Prod Gato Realizador-a Axel Elizondo- Tom Escobar Prod Audio Sonido Cluster Postprod Cluster -Cluster Otras Empresas Starcom Mexico Pais Mexico,/awards/el_ojo/2024/campaigns/install-our-logo-adt-security-leo-burnett-mexico-gato-hey-kid-design-studio-2024-6/
El Ojo de Iberoamerica,2024,Creative Commerce,Install our logo-,Leo Burnett Mexico - Gato - Hey Kid Design Studio,ADT Security,Mexico,ORO,Prod Gato Realizador-a Axel Elizondo- Tom Escobar Prod Audio Sonido Cluster Postprod Cluster -Cluster Otras Empresas Starcom Mexico Pais Mexico,/awards/el_ojo/2024/campaigns/install-our-logo-adt-security-leo-burnett-mexico-gato-hey-kid-design-studio-2024-7/
El Ojo de Iberoamerica,2024,Creative Commerce,Imagine with Petacos-,DDB Colombia - Buentipo Anchor,Bavaria,Colombia,PLATA,Prod Primo Realizador-a Gina Medina Prod Audio Sonido Diego Caceres Pais Colombia,/awards/el_ojo/2024/campaigns/imagine-with-petacos-bavaria-ddb-colombia-buentipo-anchor-2024-20/
El Ojo de Iberoamerica,2024,Creative Commerce,Comentarios turisticos-,Havas Peru,Sky Airline Peru,Peru,PLATA,,/awards/el_ojo/2024/campaigns/comentarios-turisticos-sky-airline-peru-havas-peru-2024-2/
El Ojo de Iberoamerica,2024,Creative Commerce,Tulipan Teniendo sexo podemos reactivar la economia-,Zurda Agency,Tulipan,Argentina,PLATA,Prod Retina Postprod Retina Pais Argentina,/awards/el_ojo/2024/campaigns/tulipan-teniendo-sexo-podemos-reactivar-la-economia-tulipan-zurda-agency-2024-20/
El Ojo de Iberoamerica,2024,Creative Commerce,Imagine with Petacos-,DDB Colombia - Buentipo Anchor,Bavaria,Colombia,PLATA,Prod Primo Realizador-a Gina Medina Prod Audio Sonido Diego Caceres Pais Colombia,/awards/el_ojo/2024/campaigns/imagine-with-petacos-bavaria-ddb-colombia-buentipo-anchor-2024-21/
El Ojo de Iberoamerica,2024,Eficacia,Es Fraude,TERAN TBWA,de BBVA Mexico,Mexico,GRAN OJO EFICACIA,Prod Voces Imaginarias Realizador Mario Munoz Prod Post Prod Fernando Bencomo -Effects or Films Otras Empresas Mindshare Pais Mexico,/awards/el_ojo/2024/campaigns/es-fraude-de-bbva-mexico-teran-tbwa-2024/
El Ojo de Iberoamerica,2024,Eficacia,Imagine with Petacos,DDB Colombia - Buentipo Anchor,Bavaria,Colombia,ORO,Prod Primo Realizador Gina Medina Prod AudioSonido Diego Caceres Pais Colombia,/awards/el_ojo/2024/campaigns/imagine-with-petacos-bavaria-ddb-colombia-buentipo-anchor-2024-22/
El Ojo de Iberoamerica,2024,Eficacia,CampofrIA,This is Libre,de Campofrio,Espana,PLATA,Prod Landia Realizador Maxi Blanco Prod AudioSonido La Panaderia Post Prod Metropolitana Otras Empresas Carat -Lasker -YouFirst -MRM Spain Pais Espana,/awards/el_ojo/2024/campaigns/campofria-de-campofrio-this-is-libre-2024/
El Ojo de Iberoamerica,2024,Eficacia,The Uncrashable Tucson,From,Hyundai,Uruguay,BRONCE,Prod SoySimo Realizador Simon Gauna Pais Uruguay,/awards/el_ojo/2024/campaigns/the-uncrashable-tucson-hyundai-from-2024/
El Ojo de Iberoamerica,2024,Eficacia,Es Fraude,TERAN TBWA,de BBVA Mexico,Mexico,ORO,Prod Voces Imaginarias Realizador Mario Munoz Prod Post Prod Fernando Bencomo -Effects or Films Otras Empresas Mindshare Pais Mexico,/awards/el_ojo/2024/campaigns/es-fraude-de-bbva-mexico-teran-tbwa-2024-2/
El Ojo de Iberoamerica,2024,Eficacia,El ranking culinario que alimento a millones,Valor,de Alicorp Peru,Peru,PLATA,Prod Lado V Otras Empresas LLYC PERU -Tribeca Media Pais Peru,/awards/el_ojo/2024/campaigns/el-ranking-culinario-que-alimento-a-millones-de-alicorp-peru-valor-2024/
El Ojo de Iberoamerica,2024,Eficacia,Welcome to the group,PHD Costa Rica - Shiift Porter Novelli - TBWARIOT,Cambiemos la Regla,Costa Rica,ORO,Prod Kaiju Pais Costa Rica,/awards/el_ojo/2024/campaigns/welcome-to-the-group-cambiemos-la-regla-phd-costa-rica-shiift-porter-novelli-tbwariot-2024-6/
El Ojo de Iberoamerica,2024,Eficacia,Nombres confundidos,Republica Havas,de Asociacion Lucha contra el Mal Alzheimer,Argentina,ORO,Prod Walden Studio - Twins Music Realizador Guido Cassini - Matias Pisani - Jeronimo Gonzalez Montalvo- Max Scott- Tom Huergo Prod AudioSonido Twins Music -Twins Music Otras Empresas Pais Argentina,/awards/el_ojo/2024/campaigns/nombres-confundidos-de-asociacion-lucha-contra-el-mal-alzheimer-republica-havas-2024/
El Ojo de Iberoamerica,2024,Eficacia,Install our logo,Leo Burnett Mexico - Gato - Hey Kid Design Studio,de ADT Security,Mexico,BRONCE,Prod Gato Realizador Axel Elizondo- Tom Escobar Prod AudioSonido Cluster Post Prod Cluster -Cluster Otras Empresas Starcom Mexico Pais Mexico,/awards/el_ojo/2024/campaigns/install-our-logo-de-adt-security-leo-burnett-mexico-gato-hey-kid-design-studio-2024/
El Ojo de Iberoamerica,2024,Eficacia,Imagine with Petacos,DDB Colombia - Buentipo Anchor,Bavaria,Colombia,ORO,Prod Primo Realizador Gina Medina Prod AudioSonido Diego Caceres Pais Colombia,/awards/el_ojo/2024/campaigns/imagine-with-petacos-bavaria-ddb-colombia-buentipo-anchor-2024-23/
El Ojo de Iberoamerica,2024,Eficacia,The Uncrashable Tucson,From,Hyundai,Uruguay,PLATA,Prod SoySimo Realizador Simon Gauna Pais Uruguay,/awards/el_ojo/2024/campaigns/the-uncrashable-tucson-hyundai-from-2024-2/
El Ojo de Iberoamerica,2024,Eficacia,Es Fraude,TERAN TBWA,de BBVA Mexico,Mexico,ORO,Prod Voces Imaginarias Realizador Mario Munoz Post Prod Fernando Bencomo -Effects or Films Otras Empresas Mindshare Pais Mexico,/awards/el_ojo/2024/campaigns/es-fraude-de-bbva-mexico-teran-tbwa-2024-3/
El Ojo de Iberoamerica,2024,Eficacia,Mapfre Live,McCann Worldgroup Espana,de Mapfre Espana,Espana,PLATA,Prod Harry - CRAFT Realizador AYALA Prod AudioSonido Craft The Lobby Post Prod CRAFT Otras Empresas Universal McCann UM Pais Espana,/awards/el_ojo/2024/campaigns/mapfre-live-de-mapfre-espana-mccann-worldgroup-espana-2024/
El Ojo de Iberoamerica,2024,Eficacia,De Alaska a Brasil el gran viaje de McFish,GALERIAag,de McDonald s Brasil,Brasil,BRONCE,Prod Creme Company Realizador Manimou Prod AudioSonido Lucha Libre Audio Post Prod Frame Pais Brasil,/awards/el_ojo/2024/campaigns/de-alaska-a-brasil-el-gran-viaje-de-mcfish-de-mcdonald-s-brasil-galeriaag-2024/
El Ojo de Iberoamerica,2024,Eficacia,Errata at 88,Almap BBDO,Johnnie Walker,Brasil,ORO,Prod Almap BBDO Realizador Rodrigo Resende- Diego Villas Boas Prod AudioSonido Cabaret Studio Otras Empresas Giusti Comunicacao -Inside Out PR -Suba Junto Pais Brasil,/awards/el_ojo/2024/campaigns/errata-at-88-johnnie-walker-almap-bbdo-2024-5/
El Ojo de Iberoamerica,2024,Eficacia,ZzZtreaming,Digitas Peru,360 Energy Drink,Peru,BRONCE,Prod The Pub - California Realizador Henry de la Cadena Prod AudioSonido Barba Roja Audio Post Prod The Pub Otras Empresas Publicis Influence Pais Peru,/awards/el_ojo/2024/campaigns/zzztreaming-360-energy-drink-digitas-peru-2024/
El Ojo de Iberoamerica,2024,Eficacia,Mapfre Live,McCann Worldgroup Espana,de Mapfre Espana,Espana,BRONCE,Prod Harry - CRAFT Realizador AYALA Prod AudioSonido Craft The Lobby Post Prod CRAFT Otras Empresas Universal McCann UM Pais Espana,/awards/el_ojo/2024/campaigns/mapfre-live-de-mapfre-espana-mccann-worldgroup-espana-2024-2/
El Ojo de Iberoamerica,2024,Eficacia,Fans theories release,Monks,Bad Bunny,Estados Unidos,ORO,Prod AudioSonido Super Charango Pais Estados Unidos,/awards/el_ojo/2024/campaigns/fans-theories-release-bad-bunny-monks-2024-2/
El Ojo de Iberoamerica,2024,Eficacia,Invasion de gansos,draftLine BUE,Goose Island,Argentina,PLATA,,/awards/el_ojo/2024/campaigns/invasion-de-gansos-goose-island-draftline-bue-2024/
El Ojo de Iberoamerica,2024,Eficacia,Hay una apuesta en el aire,Havas Colombia - Hoy by Havas Argentina,de Wingo - Flybondi Argentina,Colombia,ORO,Prod Havas POP Prod AudioSonido Twins Music -Max Scott-Jose Violante-Jeronimo Gonzalez Montalvo Otras Empresas Wingo Pais Colombia,/awards/el_ojo/2024/campaigns/hay-una-apuesta-en-el-aire-de-wingo-flybondi-argentina-havas-colombia-hoy-by-havas-argentina-2024/
El Ojo de Iberoamerica,2024,Eficacia,El par,Monks,adidas Football,Mexico,PLATA,,/awards/el_ojo/2024/campaigns/el-par-adidas-football-monks-2024/
El Ojo de Iberoamerica,2024,Eficacia,Deci Fulbo,draftLine BUE,TaDa,Argentina,BRONCE,,/awards/el_ojo/2024/campaigns/deci-fulbo-tada-draftline-bue-2024-2/
El Ojo de Iberoamerica,2024,Eficacia,Cordoba x JetSMART,Super,de JetSMART Argentina,Argentina,BRONCE,Prod AudioSonido Francisco Penas Post Prod Luis Tuzzi Pais Argentina,/awards/el_ojo/2024/campaigns/cordoba-x-jetsmart-de-jetsmart-argentina-super-2024/
El Ojo de Iberoamerica,2024,Eficacia,Install our logo,Leo Burnett Mexico - Gato - Hey Kid Design Studio,de ADT Security,Mexico,ORO,Prod Gato Realizador Axel Elizondo- Tom Escobar Prod AudioSonido Cluster Post Prod Cluster -Cluster Otras Empresas Starcom Mexico Pais Mexico,/awards/el_ojo/2024/campaigns/install-our-logo-de-adt-security-leo-burnett-mexico-gato-hey-kid-design-studio-2024-2/
El Ojo de Iberoamerica,2024,Eficacia,A Second of Happiness,DDB Colombia,McDonald s,Colombia,PLATA,Prod Los Notarios Realizador Gina Medina Prod AudioSonido DC Producciones Pais Colombia,/awards/el_ojo/2024/campaigns/a-second-of-happiness-mcdonald-s-ddb-colombia-2024/
El Ojo de Iberoamerica,2024,Eficacia,El primer trasplante de logo,Rock and Roll Bolivia,de Fundacion Dunn Cares,Bolivia,PLATA,Prod Rebel Studios Bolivia Realizador Daniel Terrazas Prod AudioSonido Suena Polenta Post Prod Rebel Studios Bolivia Pais Bolivia,/awards/el_ojo/2024/campaigns/el-primer-trasplante-de-logo-de-fundacion-dunn-cares-rock-and-roll-bolivia-2024/
El Ojo de Iberoamerica,2024,Eficacia,Cordoba x JetSMART,Super,de JetSMART Argentina,Argentina,BRONCE,Prod AudioSonido Francisco Penas Post Prod Luis Tuzzi Pais Argentina,/awards/el_ojo/2024/campaigns/cordoba-x-jetsmart-de-jetsmart-argentina-super-2024-2/
El Ojo de Iberoamerica,2024,Eficacia,Cajaltar,DraftLine Mexico,Victoria,Mexico,BRONCE,Otras Empresas EPA Digital Pais Mexico,/awards/el_ojo/2024/campaigns/cajaltar-victoria-draftline-mexico-2024-2/
El Ojo de Iberoamerica,2024,Eficacia,Welcome to the group,PHD Costa Rica - Shiift Porter Novelli - TBWARIOT,Cambiemos la Regla,Costa Rica,ORO,Prod Kaiju Pais Costa Rica,/awards/el_ojo/2024/campaigns/welcome-to-the-group-cambiemos-la-regla-phd-costa-rica-shiift-porter-novelli-tbwariot-2024-7/
El Ojo de Iberoamerica,2024,Eficacia,El ranking culinario que alimento a millones,Valor,de Alicorp Peru,Peru,ORO,Prod Lado V Otras Empresas LLYC PERU -Tribeca Media Pais Peru,/awards/el_ojo/2024/campaigns/el-ranking-culinario-que-alimento-a-millones-de-alicorp-peru-valor-2024-2/
El Ojo de Iberoamerica,2024,Eficacia,Elijo estar contigo,RosadoToledo,de Triple-S Puerto Rico,Puerto Rico,BRONCE,,/awards/el_ojo/2024/campaigns/elijo-estar-contigo-de-triple-s-puerto-rico-rosadotoledo-2024/
El Ojo de Iberoamerica,2024,Eficacia,Imagine with Petacos,DDB Colombia - Buentipo Anchor,Bavaria,Colombia,ORO,Prod Primo Realizador Gina Medina Prod AudioSonido Diego Caceres Pais Colombia,/awards/el_ojo/2024/campaigns/imagine-with-petacos-bavaria-ddb-colombia-buentipo-anchor-2024-24/
El Ojo de Iberoamerica,2024,Eficacia,Install our logo,Leo Burnett Mexico - Gato - Hey Kid Design Studio,de ADT Security,Mexico,ORO,Prod Gato Realizador Axel Elizondo- Tom Escobar Prod AudioSonido Cluster Post Prod Cluster -Cluster Otras Empresas Starcom Mexico Pais Mexico,/awards/el_ojo/2024/campaigns/install-our-logo-de-adt-security-leo-burnett-mexico-gato-hey-kid-design-studio-2024-3/
El Ojo de Iberoamerica,2024,Eficacia,Amunas recovery,Publicis Peru,Cusquena,Peru,ORO,Prod The Pub Realizador Erick Diaz Prod AudioSonido Agosto Music Post Prod The Pub -The Pub Otras Empresas Norte Films Pais Peru,/awards/el_ojo/2024/campaigns/amunas-recovery-cusquena-publicis-peru-2024-4/
El Ojo de Iberoamerica,2024,Eficacia,BCPilsen,Fahrenheit DDB,Pilsen Callao,Peru,PLATA,Prod KAO Film Content Realizador Casu Roca Prod AudioSonido Sordo Post Prod Lunatic Pais Peru,/awards/el_ojo/2024/campaigns/bcpilsen-pilsen-callao-fahrenheit-ddb-2024-2/
El Ojo de Iberoamerica,2024,Eficacia,Manuales para sobrevivir,Publicidad Comercial MullenLowe El Salvador,manualesparasobrevivirorg,El Salvador,BRONCE,Prod Simple Society - Garage Film Realizador Carlos Escalon- Fernando Vilanova Prod AudioSonido The Farm -Rocco Post Prod Simple Society Pais El Salvador,/awards/el_ojo/2024/campaigns/manuales-para-sobrevivir-manualesparasobrevivirorg-publicidad-comercial-mullenlowe-el-salvador-2024/
El Ojo de Iberoamerica,2024,Salud Pharma,Impulse,Cheil Espana,Samsung Espana,Espana,GRAN OJO SALUD PHARMA,Prod Somos 5 Realizador Alfredo Lobo Post Prod Somos5 Otras Empresas Acid Tango Pais Espana,/awards/el_ojo/2024/campaigns/impulse-samsung-espana-cheil-espana-2024-6/
El Ojo de Iberoamerica,2024,Salud Pharma,Ask your addict,LOLA MullenLowe,Aleve,Estados Unidos,PLATA,Prod Ladoble - Freelance For Realizador Simon Brand Prod AudioSonido TDL Music Post Prod Comppo Pais Estados Unidos,/awards/el_ojo/2024/campaigns/ask-your-addict-aleve-lola-mullenlowe-2024/
El Ojo de Iberoamerica,2024,Salud Pharma,Adopta tus alergias,McCann Worldgroup Colombia - MRM Spain - MRM Santiago,Allegra,Colombia,BRONCE,Prod CRAFT - Akira Cine Realizador Daniel Rodriguez Pais Colombia,/awards/el_ojo/2024/campaigns/adopta-tus-alergias-allegra-mccann-worldgroup-colombia-mrm-spain-mrm-santiago-2024/
El Ojo de Iberoamerica,2024,Salud Pharma,Tulipan Teniendo sexo podemos reactivar la economia,Zurda Agency,Tulipan,Argentina,ORO,Prod Retina Post Prod Retina Pais Argentina,/awards/el_ojo/2024/campaigns/tulipan-teniendo-sexo-podemos-reactivar-la-economia-tulipan-zurda-agency-2024-21/
El Ojo de Iberoamerica,2024,Salud Pharma,Filter Caps,Ogilvy Colombia,de Filsa Colombia,Colombia,ORO,Prod Primo Realizador Gina Medina Prod AudioSonido Diego Caceres Producciones Pais Colombia,/awards/el_ojo/2024/campaigns/filter-caps-de-filsa-colombia-ogilvy-colombia-2024-2/
El Ojo de Iberoamerica,2024,Salud Pharma,FlashTest,MullenLowe SSP3 Mexico,Instituto,Mexico,PLATA,Prod Si Senor Realizador Romarico Cibrian Pais Mexico,/awards/el_ojo/2024/campaigns/flashtest-instituto-mullenlowe-ssp3-mexico-2024/
El Ojo de Iberoamerica,2024,Salud Pharma,Indice riesgo corazon,BeautifulBeast - MDS Digital,de Fundacion Cardiologica Argentina,Argentina,BRONCE,Prod Mixto Miami Realizador Carlos Maya Prod AudioSonido Mixto Miami -Deaf Mule Post Prod Diego Panich Pais Argentina,/awards/el_ojo/2024/campaigns/indice-riesgo-corazon-de-fundacion-cardiologica-argentina-beautifulbeast-mds-digital-2024/
El Ojo de Iberoamerica,2024,Salud Pharma,Filter Caps,Ogilvy Colombia,de Filsa Colombia,Colombia,ORO,Prod Primo Realizador Gina Medina Prod AudioSonido Diego Caceres Producciones Pais Colombia,/awards/el_ojo/2024/campaigns/filter-caps-de-filsa-colombia-ogilvy-colombia-2024-3/
El Ojo de Iberoamerica,2024,Salud Pharma,La Cura,Africa Creative,Editora Taverna,Brasil,PLATA,Editora Taverna Prod Santeria Realizador Rafa Damy- Nicoly Cruvinel Post Prod Line VFX Otras Empresas 3t -Cabaret Pais Brasil,/awards/el_ojo/2024/campaigns/la-cura-editora-taverna-africa-creative-2024-2/
El Ojo de Iberoamerica,2024,Salud Pharma,Car parts for Life,De la Cruz- Ogilvy,Fundacion Stefano - Empresas Fonalledas,Puerto Rico,PLATA,,/awards/el_ojo/2024/campaigns/car-parts-for-life-fundacion-stefano-empresas-fonalledas-de-la-cruz-ogilvy-2024-5/
El Ojo de Iberoamerica,2024,Salud Pharma,Trucker Napp,Almap BBDO,Volkswagen Trucks-Livelo,Brasil,BRONCE,Prod Belgrado Filmes Realizador Og Cruz Prod AudioSonido Jamute Post Prod The Cave Color Otras Empresas Giusti Creative PR -20DASH Pais Brasil,/awards/el_ojo/2024/campaigns/trucker-napp-volkswagen-trucks-livelo-almap-bbdo-2024/
El Ojo de Iberoamerica,2024,Salud Pharma,No Ad,Lew LaraTBWA,de Farmacias Pague Menos,Brasil,ORO,Prod AudioSonido Vox Haus -Satelite Audio Otras Empresas Mynd8 Pais Brasil,/awards/el_ojo/2024/campaigns/no-ad-de-farmacias-pague-menos-lew-laratbwa-2024/
El Ojo de Iberoamerica,2024,Salud Pharma,855-How-To-Quit,Serviceplan Alemania - Tulom PR,de Anzen Health,Estados Unidos,ORO,Prod JOJX Realizador Oliver Wurffell Prod AudioSonido DaHouse -DaHouse Post Prod Arcade Edit Otras Empresas Tulom PR -Raw Materials -Mediaplus Group Pais Estados Unidos,/awards/el_ojo/2024/campaigns/855-how-to-quit-de-anzen-health-serviceplan-alemania-tulom-pr-2024-2/
El Ojo de Iberoamerica,2024,Salud Pharma,Ask your addict,LOLA MullenLowe,Aleve,Estados Unidos,BRONCE,Prod Ladoble - Freelance For Realizador Simon Brand Prod AudioSonido TDL Music Post Prod ComppoPais Estados Unidos,/awards/el_ojo/2024/campaigns/ask-your-addict-aleve-lola-mullenlowe-2024-2/
El Ojo de Iberoamerica,2024,Salud Pharma,Adopta tus alergias,McCann Worldgroup Colombia - MRM Spain - MRM Santiago,Allegra,Colombia,BRONCE,Prod CRAFT - Akira Cine Realizador Daniel Rodriguez Pais Colombia,/awards/el_ojo/2024/campaigns/adopta-tus-alergias-allegra-mccann-worldgroup-colombia-mrm-spain-mrm-santiago-2024-2/
El Ojo de Iberoamerica,2024,Salud Pharma,The skin test soap,The Table by De Ferrari Borrell,Amadita Laboratorio Clinico,Rep Dominicana,BRONCE,,/awards/el_ojo/2024/campaigns/the-skin-test-soap-amadita-laboratorio-clinico-the-table-by-de-ferrari-borrell-2024/
El Ojo de Iberoamerica,2024,Salud Pharma,Face un-recognition,Republica Havas,de Asociacion Lucha contra el Mal,Argentina,PLATA,Prod Retina - Twins Music Realizador Juan Pablo Carrizo- Sergio Godoy- Jeronimo Gonzalez Montalvo- Max Scott- Tom Huergo Prod AudioSonido Twins Music Post Prod Pato Llambi Pais Argentina,/awards/el_ojo/2024/campaigns/face-un-recognition-de-asociacion-lucha-contra-el-mal-republica-havas-2024/
El Ojo de Iberoamerica,2024,Salud Pharma,Comida para Gusanos,VML Chile,Ministerio De Salud,Chile,PLATA,Prod Oriental Films Post Prod Atomica Otras Empresas Clear Channel Pais Chile,/awards/el_ojo/2024/campaigns/comida-para-gusanos-ministerio-de-salud-vml-chile-2024-3/
El Ojo de Iberoamerica,2024,Salud Pharma,Hinchas silenciosos,BBDO Chile,Ministerio del Deporte,Chile,BRONCE,Prod Alaska Films - UOIEA Studio Post Prod Punk Robot Pais Chile,/awards/el_ojo/2024/campaigns/hinchas-silenciosos-ministerio-del-deporte-bbdo-chile-2024-2/
El Ojo de Iberoamerica,2024,Salud Pharma,Noticias invisibles,VML Uruguay,de FUPIER,Uruguay,BRONCE,Prod Cholo Films Prod AudioSonido La Mayor Pais Uruguay,/awards/el_ojo/2024/campaigns/noticias-invisibles-de-fupier-vml-uruguay-2024/
El Ojo de Iberoamerica,2024,Salud Pharma,No Ad,Lew LaraTBWA,de Farmacias Pague Menos,Brasil,ORO,Prod AudioSonido Vox Haus -Satelite Audio Otras Empresas Mynd8 Pais Brasil,/awards/el_ojo/2024/campaigns/no-ad-de-farmacias-pague-menos-lew-laratbwa-2024-2/
El Ojo de Iberoamerica,2024,Salud Pharma,Shining lights,Alma DDB,Sharp Dentistry,Estados Unidos,PLATA,,/awards/el_ojo/2024/campaigns/shining-lights-sharp-dentistry-alma-ddb-2024-2/
El Ojo de Iberoamerica,2024,Salud Pharma,Therapy Rings,Conill Saatchi Saatchi,de Mindy,Chile,BRONCE,Prod Parana Films Realizador Sebastian Leda Prod AudioSonido Plus Music Audio Post Prod Harbor Picture Company-Company 3-CO3 Pais Chile,/awards/el_ojo/2024/campaigns/therapy-rings-de-mindy-conill-saatchi-saatchi-2024/
El Ojo de Iberoamerica,2024,Salud Pharma,Adopta tus alergias Allegra,McCann Worldgroup Colombia - MRM Spain - MRM Santiago,Sanofi Colombia,Colombia,BRONCE,Prod CRAFT - Akira Cine Realizador Daniel Rodriguez Pais Colombia,/awards/el_ojo/2024/campaigns/adopta-tus-alergias-allegra-sanofi-colombia-mccann-worldgroup-colombia-mrm-spain-mrm-santiago-2024/
El Ojo de Iberoamerica,2024,Salud Pharma,Outcare v2,Havas Life,Hospital Samaritano,Brasil,ORO,Prod Produtora Associados - Nation Films Realizador Cassio Pardini Prod AudioSonido Vox Haus Post Prod Nation Films Pais Brasil,/awards/el_ojo/2024/campaigns/outcare-v2-hospital-samaritano-havas-life-2024/
El Ojo de Iberoamerica,2024,Salud Pharma,Impulse,Cheil Espana,Samsung Espana,Espana,ORO,Prod Somos 5 Realizador Alfredo Lobo Post Prod Somos5 Otras Empresas Acid Tango Pais Espana,/awards/el_ojo/2024/campaigns/impulse-samsung-espana-cheil-espana-2024-7/
El Ojo de Iberoamerica,2024,Salud Pharma,Unsilenced Words,VML Espana,Beigene Science,Espana,BRONCE,Prod La Boutique 77 Pais Espana,/awards/el_ojo/2024/campaigns/unsilenced-words-beigene-science-vml-espana-2024-2/
El Ojo de Iberoamerica,2024,Salud Pharma,FlashTest,MullenLowe SSP3 Mexico,Instituto,Mexico,PLATA,Prod Si Senor Realizador Romarico Cibrian Pais Mexico,/awards/el_ojo/2024/campaigns/flashtest-instituto-mullenlowe-ssp3-mexico-2024-2/
El Ojo de Iberoamerica,2024,Salud Pharma,Sin miedo a vivir,Havas Worldwide Spain,Fundacion MD Anderson Cancer Center Espana,Espana,BRONCE,Prod Central Films Realizador Rodrigo Garcia Sainz Prod AudioSonido Chaco Music Post Prod Raul Cuellar Otras Empresas Havas PR Pais Espana,/awards/el_ojo/2024/campaigns/sin-miedo-a-vivir-fundacion-md-anderson-cancer-center-espana-havas-worldwide-spain-2024/
El Ojo de Iberoamerica,2024,Salud Pharma,Toxic ads,VML Espana,Fundacion PKU,Espana,BRONCE,Prod La Boutique 77 Otras Empresas El Sotano Pais Espana,/awards/el_ojo/2024/campaigns/toxic-ads-fundacion-pku-vml-espana-2024/
El Ojo de Iberoamerica,2024,Salud Pharma,Thanks for Coke-Creating,VML Mexico - VML Brasil,Coca-Cola Mexico y Coca-Cola Brasil,Mexico,GRAN OJO MEJOR IDEA LATINA PARA EL MUNDO,Prod Mango Films - Sugarcane Filmes - Baliprod - Glitch Productions - NetoShookan Productions Realizador-a Erik Tapia Otras Empresas Raw Audio - Ogilvy -EssenceMediacom Pais Mexico,/awards/el_ojo/2024/campaigns/thanks-for-coke-creating-coca-cola-mexico-y-coca-cola-brasil-vml-mexico-vml-brasil-2024/
El Ojo de Iberoamerica,2024,Salud Pharma,Ideas,Iberoamerica,el mundo IL1,,GRAN OJO MEJOR IDEA LATINA PARA EL MUNDO,,/awards/el_ojo/2024/campaigns/ideas-el-mundo-il1-iberoamerica-2024/
El Ojo de Iberoamerica,2024,Salud Pharma,Find Your Summer,LOLA MullenLowe,Magnum Ice Cream,Espana,ORO,Prod MJZ Realizador-a Juan Cabral Prod Audio Sonido Big Sync Postprod Glassworks Otras Empresas Mindshare Pais Espana,/awards/el_ojo/2024/campaigns/find-your-summer-magnum-ice-cream-lola-mullenlowe-2024-11/
El Ojo de Iberoamerica,2024,Salud Pharma,Ara,Brands People,Strap,Mexico,BRONCE,Otras Empresas TBWAWorldwide -Double E Pais Mexico,/awards/el_ojo/2024/campaigns/ara-strap-brands-people-2024/
El Ojo de Iberoamerica,2024,Salud Pharma,Filter Caps,Ogilvy Colombia,Filsa Colombia,Colombia,ORO,Prod Primo Realizador-a Gina Medina Prod Audio Sonido Diego Caceres Producciones Pais Colombia,/awards/el_ojo/2024/campaigns/filter-caps-filsa-colombia-ogilvy-colombia-2024-8/
El Ojo de Iberoamerica,2024,Salud Pharma,Thanks for Coke-Creating,VML Mexico - VML Brasil,Coca-Cola Mexico y Coca-Cola Brasil,Mexico,ORO,Prod Mango Films - Sugarcane Filmes - Baliprod - Glitch Productions - NetoShookan Productions Realizador-a Erik Tapia Otras Empresas Raw Audio - Ogilvy -EssenceMediacom Pais Mexico,/awards/el_ojo/2024/campaigns/thanks-for-coke-creating-coca-cola-mexico-y-coca-cola-brasil-vml-mexico-vml-brasil-2024-2/
El Ojo de Iberoamerica,2024,Salud Pharma,Atacama Fashion Week,Artplan,de Desierto Vestido,Brasil,BRONCE,Prod Sugarcane Filmes Realizador-a Igor Selingarde Prod Audio Sonido Raw Audio Pais Brasil,/awards/el_ojo/2024/campaigns/atacama-fashion-week-de-desierto-vestido-artplan-2024-3/
El Ojo de Iberoamerica,2024,Salud Pharma,Reprinting Nica,Havas Costa Rica - BETC HAVAS,La Prensa Nicaragua,Nicaragua,BRONCE,Prod Fulfierros Prod Audio Sonido Punch Audio Pais Nicaragua,/awards/el_ojo/2024/campaigns/reprinting-nica-la-prensa-nicaragua-havas-costa-rica-betc-havas-2024-8/
El Ojo de Iberoamerica,2024,Produccion Audiovisual,This is not a game,VML Mexico,de Movistar Mexico,Mexico,EL GRAN OJO DE PRODUCCION AUDIVISUAL,Prod Landia Realizador Lucas Shannon Prod AudioSonido BDS MUSIC -BDS MUSIC Post Prod Eduardo Sanchez Molina -Narf Alvarez -Luis Ambriz -Mateo Udon -Narf Alvarez -Jimena Luja Amezcua -Wilberth Oswaldo Letran Carrillo Guatemala-Tomas Blason Pais Mexico,/awards/el_ojo/2024/campaigns/this-is-not-a-game-de-movistar-mexico-vml-mexico-2024/
El Ojo de Iberoamerica,2024,Produccion Audiovisual,Find Your Summer,LOLA MullenLowe,Magnum Ice Cream,Espana,ORO,Prod MJZ Realizador Juan Cabral Prod AudioSonido Big Sync Post Prod Glassworks Otras Empresas Mindshare Pais Espana,/awards/el_ojo/2024/campaigns/find-your-summer-magnum-ice-cream-lola-mullenlowe-2024-12/
El Ojo de Iberoamerica,2024,Produccion Audiovisual,Kilometers of Love,Publicis Conseil,Renault,Argentina,PLATA,Prod Madrefoca Realizador Pantera Prod AudioSonido Concrete Form Post Prod Nik Kohler -Julien Alary TMLS Pais Argentina,/awards/el_ojo/2024/campaigns/kilometers-of-love-renault-publicis-conseil-2024/
El Ojo de Iberoamerica,2024,Produccion Audiovisual,Mi esencia- My heritage,Dentsu Creative Mexico,FUD,Estados Unidos,BRONCE,Prod Landia Realizador Alexis Gomez Prod AudioSonido BDS MUSIC -BDS MUSIC Post Prod Armen Harootun -Matt Osborne -Luis Fernando Torres -Los De Post Pais Estados Unidos,/awards/el_ojo/2024/campaigns/mi-esencia-my-heritage-fud-dentsu-creative-mexico-2024/
El Ojo de Iberoamerica,2024,Produccion Audiovisual,Overthinking,Lemon,de PeruRail,Peru,BRONCE,Prod Manzanon Films Realizador Juan Carlo Garcia Rivera Pais Peru,/awards/el_ojo/2024/campaigns/overthinking-de-perurail-lemon-2024/
El Ojo de Iberoamerica,2024,Produccion Audiovisual,Aprendendo juntos,Publicis Brasil,Ninho,Brasil,BRONCE,Prod Immigrant Realizador Kayhan Lannes Ozmen Prod AudioSonido Jamute Post Prod Raphael Bonato Pais Brasil,/awards/el_ojo/2024/campaigns/aprendendo-juntos-ninho-publicis-brasil-2024/
El Ojo de Iberoamerica,2024,Produccion Audiovisual,Launch,Anita y Vega - BeenToBe-Brand Builders,Max,Argentina,BRONCE,Prod Landia Realizador Maureen Hufnagel Prod AudioSonido Bamba Music Post Prod Andrea Sarno Delfina Mosconi -Daniel Faerman -Les Amateurs -Nadia Khairat Pais Argentina,/awards/el_ojo/2024/campaigns/launch-max-anita-y-vega-beentobe-brand-builders-2024/
El Ojo de Iberoamerica,2024,Produccion Audiovisual,Antes de la primera vuelta olimpica- hubo una vuelta de mate,Notable,Armino,Uruguay,BRONCE,Prod Olga Lee Realizador Oliver Lee Garland Prod AudioSonido Platz Post Prod Wild Animals Pais Uruguay,/awards/el_ojo/2024/campaigns/antes-de-la-primera-vuelta-olimpica-hubo-una-vuelta-de-mate-armino-notable-2024/
El Ojo de Iberoamerica,2024,Produccion Audiovisual,Renault Push it to the limit,Publicis,Renault Brasil,Brasil,BRONCE,Prod Immigrant Realizador Rodrigo Saavedra Prod AudioSonido Startrec agency Post Prod Stephane Amram Pais Brasil,/awards/el_ojo/2024/campaigns/renault-push-it-to-the-limit-renault-brasil-publicis-2024/
El Ojo de Iberoamerica,2024,Produccion Audiovisual,Ashe Versus,TBWA Health Collective,Moderna Inc,Brasil,ORO,Prod The Youth - Colossal Realizador Duran Sodre- Maldita Prod AudioSonido Satelite Audio Post Prod Colossal Pais Brasil,/awards/el_ojo/2024/campaigns/ashe-versus-moderna-inc-tbwa-health-collective-2024/
El Ojo de Iberoamerica,2024,Produccion Audiovisual,Kilometers of Love,Publicis Conseil,Renault,Argentina,PLATA,Prod Madrefoca Realizador Pantera Prod AudioSonido Concrete Form Post Prod Nik Kohler -Julien Alary TMLS Pais Argentina,/awards/el_ojo/2024/campaigns/kilometers-of-love-renault-publicis-conseil-2024-2/
El Ojo de Iberoamerica,2024,Produccion Audiovisual,The heroes,GUT Buenos Aires,The Coca-Cola Company,Argentina,BRONCE,Prod Landia - Partizan - Stillking Films Realizador Antoine Bardou-Jacquet Post Prod Bill Smedley -Electric Theatre Collective ETC -Andre Vidal Pais Argentina,/awards/el_ojo/2024/campaigns/the-heroes-the-coca-cola-company-gut-buenos-aires-2024/
El Ojo de Iberoamerica,2024,Produccion Audiovisual,Find Your Summer,LOLA MullenLowe,Magnum Ice Cream,Espana,BRONCE,Prod MJZ Realizador Juan Cabral Prod AudioSonido Big Sync Post Prod Glassworks Otras Empresas Mindshare Pais Espana,/awards/el_ojo/2024/campaigns/find-your-summer-magnum-ice-cream-lola-mullenlowe-2024-13/
El Ojo de Iberoamerica,2024,Produccion Audiovisual,The power of a fragrance,LOLA MullenLowe,Axe-Lynx,Espana,BRONCE,Prod Czarbe Realizador Lionel Goldstein Prod AudioSonido Senstudio Post Prod Czarbe Pais Espana,/awards/el_ojo/2024/campaigns/the-power-of-a-fragrance-axe-lynx-lola-mullenlowe-2024-4/
El Ojo de Iberoamerica,2024,Produccion Audiovisual,Huracan,Grey Mexico,Reinserta,Mexico,ORO,Prod Oriental Films Realizador Garra Prod AudioSonido Papa Music -Papa Music Post Prod Warriors VFX Pais Mexico,/awards/el_ojo/2024/campaigns/huracan-reinserta-grey-mexico-2024-2/
El Ojo de Iberoamerica,2024,Produccion Audiovisual,Caballero medieval,Montalvo,Librerias Gandhi,Mexico,BRONCE,Prod Oriental Films Realizador Santiago Ampudia- Alexa Hernandez Prod AudioSonido Canario Studio -Canario Studio -Rainbow Post Prod Carlos Cepeda -Manuel Valente Pais Mexico,/awards/el_ojo/2024/campaigns/caballero-medieval-librerias-gandhi-montalvo-2024/
El Ojo de Iberoamerica,2024,Produccion Audiovisual,Launch,Anita y Vega - BeenToBe-Brand Builders,Max,Argentina,ORO,Prod Landia Realizador Maureen Hufnagel Prod AudioSonido Bamba Music Post Prod Andrea Sarno Delfina Mosconi -Daniel Faerman -Les Amateurs -Nadia Khairat Pais Argentina,/awards/el_ojo/2024/campaigns/launch-max-anita-y-vega-beentobe-brand-builders-2024-2/
El Ojo de Iberoamerica,2024,Produccion Audiovisual,The heroes,GUT Buenos Aires,The Coca-Cola Company,Argentina,PLATA,Prod Landia - Partizan - Stillking Films Realizador Antoine Bardou-Jacquet Post Prod Bill Smedley -Electric Theatre Collective ETC -Andre Vidal Pais Argentina,/awards/el_ojo/2024/campaigns/the-heroes-the-coca-cola-company-gut-buenos-aires-2024-2/
El Ojo de Iberoamerica,2024,Produccion Audiovisual,Kilometers of Love,Publicis Conseil,Renault,Argentina,PLATA,Prod Madrefoca Realizador Pantera Prod AudioSonido Concrete Form Post Prod Nik Kohler -Julien Alary TMLS Pais Argentina,/awards/el_ojo/2024/campaigns/kilometers-of-love-renault-publicis-conseil-2024-3/
El Ojo de Iberoamerica,2024,Produccion Audiovisual,Ashe Versus,TBWA Health Collective,Moderna Inc,Brasil,PLATA,Prod The Youth - Colossal Realizador Duran Sodre- Maldita Prod AudioSonido Satelite Audio Post Prod Colossal Pais Brasil,/awards/el_ojo/2024/campaigns/ashe-versus-moderna-inc-tbwa-health-collective-2024-2/
El Ojo de Iberoamerica,2024,Produccion Audiovisual,A que te sabe Pepsi Black 2024,BBDO Mexico,Pepsi Black,Mexico,BRONCE,Prod Oriental Films Realizador The Youth Prod AudioSonido Supreme music -Supreme music Post Prod PFX -PFX -JOAAO MACHADO Y MARIA LUISA MACHADO Pais Mexico,/awards/el_ojo/2024/campaigns/a-que-te-sabe-pepsi-black-2024-pepsi-black-bbdo-mexico-2024/
El Ojo de Iberoamerica,2024,Produccion Audiovisual,Mejores Deseos,anonimo,Save the Children Mexico,Mexico,ORO,Prod Central Films Realizador Kane Kwik Prod AudioSonido Ramiro del Real -Bernardo Bravo Post Prod Aaron hernandez Pais Mexico,/awards/el_ojo/2024/campaigns/mejores-deseos-save-the-children-mexico-anonimo-2024/
El Ojo de Iberoamerica,2024,Produccion Audiovisual,Historias que no pudieron ser,Innvented Uruguay,Madres y Familiares,Uruguay,PLATA,Prod Oriental Films Realizador Charly Gutierrez- Marindia Prod AudioSonido Azotea Post -Supervielle-Drexler Post Prod Freelancer Pais Uruguay,/awards/el_ojo/2024/campaigns/historias-que-no-pudieron-ser-madres-y-familiares-innvented-uruguay-2024-3/
El Ojo de Iberoamerica,2024,Produccion Audiovisual,Sillas,Publicis Peru,Casa Ronald McDonald Peru,Peru,BRONCE,Prod Senor Z Realizador Bacha Caravedo- Chinon Higashionna Prod AudioSonido Zumba -Zumba Post Prod Senor Z Pais Peru,/awards/el_ojo/2024/campaigns/sillas-casa-ronald-mcdonald-peru-publicis-peru-2024/
El Ojo de Iberoamerica,2024,Produccion Audiovisual,Gesticuladores,Isla,H2oh,Argentina,PLATA,Prod argentinacine Realizador Daniel Rosenfeld- Augusto Gimenez Zapiola Pais Argentina,/awards/el_ojo/2024/campaigns/gesticuladores-h2oh-isla-2024/
El Ojo de Iberoamerica,2024,Produccion Audiovisual,Sucesion,DAVID Buenos Aires,HSBC,Argentina,BRONCE,Prod argentinacine Realizador Augusto Gimenez Zapiola- Ale Rey Pais Argentina,/awards/el_ojo/2024/campaigns/sucesion-hsbc-david-buenos-aires-2024-2/
El Ojo de Iberoamerica,2024,Produccion Audiovisual,Mama,GUT Buenos Aires,Personal,Argentina,BRONCE,Prod argentinacine Realizador Martin Holzman Pais Argentina,/awards/el_ojo/2024/campaigns/mama-personal-gut-buenos-aires-2024/
El Ojo de Iberoamerica,2024,Produccion Audiovisual,The power of a fragrance,LOLA MullenLowe,Axe-Lynx,Espana,BRONCE,Prod Czarbe Realizador Lionel Goldstein Prod AudioSonido Senstudio Post Prod Czarbe Pais Espana,/awards/el_ojo/2024/campaigns/the-power-of-a-fragrance-axe-lynx-lola-mullenlowe-2024-5/
El Ojo de Iberoamerica,2024,Produccion Audiovisual,Historias que no pudieron ser,Innvented Uruguay,Madres y Familiares,Uruguay,ORO,Prod Oriental Films Realizador Charly Gutierrez- Marindia Prod AudioSonido Azotea Post -Supervielle-Drexler Post Prod Freelancer Pais Uruguay,/awards/el_ojo/2024/campaigns/historias-que-no-pudieron-ser-madres-y-familiares-innvented-uruguay-2024-4/
El Ojo de Iberoamerica,2024,Produccion Audiovisual,The power of a fragrance,LOLA MullenLowe,Axe-Lynx,Espana,PLATA,Prod Czarbe Realizador Lionel Goldstein Prod AudioSonido Senstudio Post Prod Czarbe Pais Espana,/awards/el_ojo/2024/campaigns/the-power-of-a-fragrance-axe-lynx-lola-mullenlowe-2024-6/
El Ojo de Iberoamerica,2024,Produccion Audiovisual,Sucesion,DAVID Buenos Aires,HSBC,Argentina,BRONCE,Prod argentinacine Realizador Augusto Gimenez Zapiola- Ale Rey Prod AudioSonido Bigotes Musica Post Prod argentinacine Pais Argentina,/awards/el_ojo/2024/campaigns/sucesion-hsbc-david-buenos-aires-2024-3/
El Ojo de Iberoamerica,2024,Produccion Audiovisual,Tormenta,Almap BBDO,O Boticario,Brasil,ORO,Prod MyMama Entertainment Realizador Kid Burro Prod AudioSonido Satelite Audio Post Prod Nash Pais Brasil,/awards/el_ojo/2024/campaigns/tormenta-o-boticario-almap-bbdo-2024-2/
El Ojo de Iberoamerica,2024,Produccion Audiovisual,La Maquina del Tiempo,Publicis Impetu,Tienda Inglesa Uruguay,Uruguay,PLATA,Prod Olga Lee Realizador Oliver Lee Garland Prod AudioSonido La Mayor Post Prod Wild Animals Pais Uruguay,/awards/el_ojo/2024/campaigns/la-maquina-del-tiempo-tienda-inglesa-uruguay-publicis-impetu-2024-2/
El Ojo de Iberoamerica,2024,Produccion Audiovisual,Suerte shot on iPhone 15,TBWAMedia Arts Lab Miami,Apple,Estados Unidos,BRONCE,Prod Landia Realizador CLIQUA Raul Sanchez Pasqual Gutierrez Pais Estados Unidos,/awards/el_ojo/2024/campaigns/suerte-shot-on-iphone-15-apple-tbwamedia-arts-lab-miami-2024-6/
El Ojo de Iberoamerica,2024,Produccion Audiovisual,Suerte shot on iPhone 15,TBWAMedia Arts Lab Miami,Apple,Estados Unidos,BRONCE,Prod Landia Realizador CLIQUA Raul Sanchez Pasqual Gutierrez Pais Estados Unidos,/awards/el_ojo/2024/campaigns/suerte-shot-on-iphone-15-apple-tbwamedia-arts-lab-miami-2024-7/
El Ojo de Iberoamerica,2024,Produccion Audiovisual,This is not a game,VML Mexico,de Movistar Mexico,Mexico,BRONCE,Prod Landia Realizador Lucas Shannon Prod AudioSonido BDS MUSIC -BDS MUSIC Post Prod Eduardo Sanchez Molina -Narf Alvarez -Luis Ambriz -Mateo Udon -Narf Alvarez -Jimena Luja Amezcua -Wilberth Oswaldo Letran Carrillo Guatemala-Tomas Blason Pais Mexico,/awards/el_ojo/2024/campaigns/this-is-not-a-game-de-movistar-mexico-vml-mexico-2024-2/
El Ojo de Iberoamerica,2024,Produccion Audiovisual,Fer,anonimo,Save the Children Mexico,Mexico,ORO,Prod Catatonia Realizador Laura Baumeister Prod AudioSonido Lalo Carrillo -Orlando Salinas-Audios Estudio Shalala -Ernesto Barraza-Sergio Azonos-Jean Pena Post Prod Fantastic Post -Julian Sarimento -Isaac Tellez -Carlos Cervantes -Alex del Pilar Pais Mexico,/awards/el_ojo/2024/campaigns/fer-save-the-children-mexico-anonimo-2024-4/
El Ojo de Iberoamerica,2024,Produccion Audiovisual,This is not a game,VML Mexico,Movistar Mexico,Mexico,ORO,Prod Landia Realizador Lucas Shannon Prod AudioSonido BDS MUSIC -BDS MUSIC Post Prod Eduardo Sanchez Molina -Narf Alvarez -Luis Ambriz -Mateo Udon -Narf Alvarez -Jimena Luja Amezcua -Wilberth Oswaldo Letran Carrillo Guatemala-Tomas Blason Pais Mexico,/awards/el_ojo/2024/campaigns/this-is-not-a-game-movistar-mexico-vml-mexico-2024-13/
El Ojo de Iberoamerica,2024,Produccion Audiovisual,Suerte shot on iPhone 15,TBWAMedia Arts Lab Miami,Apple,Estados Unidos,PLATA,Prod Landia Realizador CLIQUA Raul Sanchez Pasqual Gutierrez Prod AudioSonido Gus Koven-Matt Keith-KC Dossett-Beau Manning Post Prod Zaldy Lopez -Jennifer Locke -Chris Meadows -Jill Bogdanowicz -Matt Moran -Pariah Creative -Michael Steinmann -Gladys Bernadac -Steven Wolff Pais Estados Unidos,/awards/el_ojo/2024/campaigns/suerte-shot-on-iphone-15-apple-tbwamedia-arts-lab-miami-2024-8/
El Ojo de Iberoamerica,2024,Produccion Audiovisual,Ultimo Viaje,Grey Mexico,Articulo 19,Mexico,PLATA,Prod Oriental Films Realizador Yupi Segura- Marindia Prod AudioSonido Paola Decanini -Azotea Post Post Prod Carlos Cepeda Pais Mexico,/awards/el_ojo/2024/campaigns/ultimo-viaje-articulo-19-grey-mexico-2024-2/
El Ojo de Iberoamerica,2024,Produccion Audiovisual,La Cura,Africa Creative,de Editora Taverna,Brasil,BRONCE,Editora Taverna Prod Santeria Realizador Rafa Damy- Nicoly Cruvinel Post Prod Line VFX Otras Empresas 3t -Cabaret Pais Brasil,/awards/el_ojo/2024/campaigns/la-cura-de-editora-taverna-africa-creative-2024/
El Ojo de Iberoamerica,2024,Produccion Audiovisual,This is not a game,VML Mexico,Movistar Mexico,Mexico,ORO,Prod Landia Realizador Lucas Shannon Prod AudioSonido BDS MUSIC -BDS MUSIC Post Prod Eduardo Sanchez Molina -Narf Alvarez -Luis Ambriz -Mateo Udon -Narf Alvarez -Jimena Luja Amezcua -Wilberth Oswaldo Letran Carrillo Guatemala-Tomas Blason Pais Mexico,/awards/el_ojo/2024/campaigns/this-is-not-a-game-movistar-mexico-vml-mexico-2024-14/
El Ojo de Iberoamerica,2024,Produccion Audiovisual,Tormenta,Almap BBDO,O Boticario,Brasil,PLATA,Prod MyMama Entertainment Realizador Kid Burro Prod AudioSonido Satelite Audio Post Prod Nash Pais Brasil,/awards/el_ojo/2024/campaigns/tormenta-o-boticario-almap-bbdo-2024-3/
El Ojo de Iberoamerica,2024,Produccion Audiovisual,Fer,anonimo,Save the Children Mexico,Mexico,BRONCE,Prod Catatonia Realizador Laura Baumeister Prod AudioSonido Lalo Carrillo -Orlando Salinas-Audios Estudio Shalala -Ernesto Barraza-Sergio Azonos-Jean Pena Post Prod Fantastic Post -Julian Sarimento -Isaac Tellez -Carlos Cervantes -Alex del Pilar Pais Mexico,/awards/el_ojo/2024/campaigns/fer-save-the-children-mexico-anonimo-2024-5/
El Ojo de Iberoamerica,2024,Produccion Audiovisual,This is not a game,VML Mexico,Movistar Mexico,Mexico,ORO,Prod Landia Realizador Lucas Shannon Prod AudioSonido BDS MUSIC -BDS MUSIC Post Prod Eduardo Sanchez Molina -Narf Alvarez -Luis Ambriz -Mateo Udon -Narf Alvarez -Jimena Luja Amezcua -Wilberth Oswaldo Letran Carrillo Guatemala-Tomas Blason Pais Mexico,/awards/el_ojo/2024/campaigns/this-is-not-a-game-movistar-mexico-vml-mexico-2024-15/
El Ojo de Iberoamerica,2024,Produccion Audiovisual,Impossible Journey,Area 23,ASTER,Brasil,PLATA,Prod The Youth - Colossal Realizador YUCA- Bruno Brasil Prod AudioSonido Satelite Audio Post Prod Colossal Otras Empresas Farbewerk Fine Art Lab -ATELIE 39 Pais Brasil,/awards/el_ojo/2024/campaigns/impossible-journey-aster-area-23-2024/
El Ojo de Iberoamerica,2024,Produccion Audiovisual,La Maquina del Tiempo,Publicis Impetu,Tienda Inglesa Uruguay,Uruguay,BRONCE,Prod Olga Lee Realizador Oliver Lee Garland Prod AudioSonido La Mayor Post Prod Wild Animals Pais Uruguay,/awards/el_ojo/2024/campaigns/la-maquina-del-tiempo-tienda-inglesa-uruguay-publicis-impetu-2024-3/
El Ojo de Iberoamerica,2024,Produccion Audiovisual,The heroes,GUT Buenos Aires,The Coca-Cola Company,Argentina,ORO,Prod Landia - Partizan - Stillking Films Realizador Antoine Bardou-Jacquet Post Prod Bill Smedley -Electric Theatre Collective ETC -Andre Vidal Pais Argentina,/awards/el_ojo/2024/campaigns/the-heroes-the-coca-cola-company-gut-buenos-aires-2024-3/
El Ojo de Iberoamerica,2024,Produccion Audiovisual,Ashe Versus,TBWA Health Collective,Moderna Inc,Brasil,ORO,Prod The Youth - Colossal Realizador Duran Sodre- Maldita Prod AudioSonido Satelite Audio Post Prod Colossal Pais Brasil,/awards/el_ojo/2024/campaigns/ashe-versus-moderna-inc-tbwa-health-collective-2024-3/
El Ojo de Iberoamerica,2024,Produccion Audiovisual,Impossible Journey,Area 23,ASTER,Brasil,PLATA,Prod The Youth - Colossal Realizador YUCA- Bruno Brasil Prod AudioSonido Satelite Audio Post Prod Colossal Otras Empresas Farbewerk Fine Art Lab -ATELIE 39 Pais Brasil,/awards/el_ojo/2024/campaigns/impossible-journey-aster-area-23-2024-2/
El Ojo de Iberoamerica,2024,Produccion Audiovisual,A que te sabe Pepsi Black 2024,BBDO Mexico,Pepsi Black,Mexico,BRONCE,Prod Oriental Films Realizador The Youth Prod AudioSonido Supreme music -Supreme music Post Prod PFX -PFX -JOAAO MACHADO Y MARIA LUISA MACHADO Pais Mexico,/awards/el_ojo/2024/campaigns/a-que-te-sabe-pepsi-black-2024-pepsi-black-bbdo-mexico-2024-2/
El Ojo de Iberoamerica,2024,Produccion Audiovisual,A que te sabe Pepsi Black 2024,BBDO Mexico,Pepsi Black,Mexico,ORO,Prod Oriental Films Realizador The Youth Prod AudioSonido Supreme music -Supreme music Post Prod PFX -PFX -JOAAO MACHADO Y MARIA LUISA MACHADO Pais Mexico,/awards/el_ojo/2024/campaigns/a-que-te-sabe-pepsi-black-2024-pepsi-black-bbdo-mexico-2024-3/
El Ojo de Iberoamerica,2024,Produccion Audiovisual,The heroes,GUT Buenos Aires,de The Coca-Cola Company,Argentina,ORO,Prod Landia - Partizan - Stillking Films Realizador Antoine Bardou-Jacquet Post Prod Bill Smedley -Electric Theatre Collective ETC -Andre Vidal Pais Argentina,/awards/el_ojo/2024/campaigns/the-heroes-de-the-coca-cola-company-gut-buenos-aires-2024/
El Ojo de Iberoamerica,2024,Produccion Audiovisual,Tormenta,Almap BBDO,de O Boticario,Brasil,PLATA,Prod MyMama Entertainment Realizador Kid Burro Prod AudioSonido Satelite Audio Post Prod MyMama Entertainment -Nash Pais Brasil,/awards/el_ojo/2024/campaigns/tormenta-de-o-boticario-almap-bbdo-2024/
El Ojo de Iberoamerica,2024,Produccion Audiovisual,Suerte shot on iPhone 15,TBWAMedia Arts Lab Miami,Apple,Estados Unidos,BRONCE,Prod Landia Realizador CLIQUA Raul Sanchez Pasqual Gutierrez Pais Estados Unidos,/awards/el_ojo/2024/campaigns/suerte-shot-on-iphone-15-apple-tbwamedia-arts-lab-miami-2024-9/
El Ojo de Iberoamerica,2024,Produccion Audiovisual,A que te sabe Pepsi Black 2024,BBDO Mexico,Pepsi Black,Mexico,ORO,Prod Oriental Films Realizador The Youth Prod AudioSonido Supreme music -Supreme music Post Prod PFX -PFX -JOAAO MACHADO Y MARIA LUISA MACHADO Pais Mexico,/awards/el_ojo/2024/campaigns/a-que-te-sabe-pepsi-black-2024-pepsi-black-bbdo-mexico-2024-4/
El Ojo de Iberoamerica,2024,Produccion Audiovisual,Mi esencia- My heritage,Dentsu Creative Mexico,FUD,Estados Unidos,ORO,Prod Landia Realizador Alexis Gomez Prod AudioSonido BDS Pais Estados Unidos,/awards/el_ojo/2024/campaigns/mi-esencia-my-heritage-fud-dentsu-creative-mexico-2024-2/
El Ojo de Iberoamerica,2024,Produccion Audiovisual,Ashe Versus,TBWA Health Collective,Moderna Inc,Brasil,ORO,Prod The Youth - Colossal Realizador Duran Sodre- Maldita Prod AudioSonido Satelite Audio Post Prod Colossal Pais Brasil,/awards/el_ojo/2024/campaigns/ashe-versus-moderna-inc-tbwa-health-collective-2024-4/
El Ojo de Iberoamerica,2024,Produccion Audiovisual,Suerte shot on iPhone 15,TBWAMedia Arts Lab Miami,Apple,Estados Unidos,PLATA,Prod Landia Realizador CLIQUA Raul Sanchez Pasqual Gutierrez Pais Estados Unidos,/awards/el_ojo/2024/campaigns/suerte-shot-on-iphone-15-apple-tbwamedia-arts-lab-miami-2024-10/
El Ojo de Iberoamerica,2024,Produccion Audiovisual,A que te sabe Pepsi Black 2024,BBDO Mexico,Pepsi Black,Mexico,BRONCE,Prod Oriental Films Realizador The Youth Prod AudioSonido Supreme music -Supreme music Post Prod PFX -PFX -JOAAO MACHADO Y MARIA LUISA MACHADO Pais Mexico,/awards/el_ojo/2024/campaigns/a-que-te-sabe-pepsi-black-2024-pepsi-black-bbdo-mexico-2024-5/
El Ojo de Iberoamerica,2024,Produccion Audio Sonido,Suerte shot on iPhone 15,TBWA Media Arts Lab Miami,Apple,Estados Unidos,ORO,Prod Landia Realizador CLIQUA Raul Sanchez Pasqual Gutierrez Pais Estados Unidos,/awards/el_ojo/2024/campaigns/suerte-shot-on-iphone-15-apple-tbwa-media-arts-lab-miami-2024/
El Ojo de Iberoamerica,2024,Produccion Audio Sonido,Not so happy animals,GUT Mexico,de NotCo,Mexico,PLATA,Prod Primo - Papamusic Realizador Mike Usandivaras- Martin Jalfen Prod AudioSonido Papamusic Pais Mexico,/awards/el_ojo/2024/campaigns/not-so-happy-animals-de-notco-gut-mexico-2024/
El Ojo de Iberoamerica,2024,Produccion Audio Sonido,UninterruptAds,Africa Creative,Budweiser,Brasil,PLATA,Prod Modo Integrado - La Carretera Films Prod AudioSonido Mugshot Otras Empresas Sante Music Agency Pais Brasil,/awards/el_ojo/2024/campaigns/uninterruptads-budweiser-africa-creative-2024-9/
El Ojo de Iberoamerica,2024,Produccion Audio Sonido,Mejores Deseos,anonimo,de Save the Children Mexico,Mexico,BRONCE,Prod Central Films Realizador Kane Kwik Prod AudioSonido Ramiro del Real -Bernardo Bravo Post Prod Aaron hernandez Pais Mexico,/awards/el_ojo/2024/campaigns/mejores-deseos-de-save-the-children-mexico-anonimo-2024/
El Ojo de Iberoamerica,2024,Produccion Audio Sonido,47,Klick Health,de Cafe Joyeux,Estados Unidos,BRONCE,Prod Zombie Studio - Canja Audio Culture Realizador Paulo Garcia Prod AudioSonido Canja Audio Culture -Eduardo Karas-Filipe Resende Pais Estados Unidos,/awards/el_ojo/2024/campaigns/47-de-cafe-joyeux-klick-health-2024/
El Ojo de Iberoamerica,2024,Produccion Audio Sonido,Huracan,Grey Mexico,de Reinserta,Mexico,PLATA,Prod Oriental Films Realizador Garra Prod AudioSonido Papa Music -Papa Music Post Prod Warriors VFX Pais Mexico,/awards/el_ojo/2024/campaigns/huracan-de-reinserta-grey-mexico-2024/
El Ojo de Iberoamerica,2024,Produccion Audio Sonido,Mejores Deseos,anonimo,de Save the Children Mexico,Mexico,BRONCE,Prod Central Films Realizador Kane Kwik Prod AudioSonido Ramiro del Real -Bernardo Bravo Post Prod Aaron hernandez Pais Mexico,/awards/el_ojo/2024/campaigns/mejores-deseos-de-save-the-children-mexico-anonimo-2024-2/
El Ojo de Iberoamerica,2024,Produccion Audio Sonido,A que te sabe Pepsi Black 2024,BBDO Mexico,Pepsi Black,Mexico,BRONCE,Prod Oriental Films Realizador The Youth Prod AudioSonido Supreme music -Supreme music Post Prod PFX -PFX -JOAAO MACHADO Y MARIA LUISA MACHADO Pais Mexico,/awards/el_ojo/2024/campaigns/a-que-te-sabe-pepsi-black-2024-pepsi-black-bbdo-mexico-2024-6/
El Ojo de Iberoamerica,2024,Produccion Audio Sonido,Not so happy animals,GUT Mexico,de NotCo,Mexico,ORO,Prod Primo - Papamusic Realizador Mike Usandivaras- Martin Jalfen Prod AudioSonido Papamusic Pais Mexico,/awards/el_ojo/2024/campaigns/not-so-happy-animals-de-notco-gut-mexico-2024-2/
El Ojo de Iberoamerica,2024,Produccion Audio Sonido,Overthinking,Lemon,de PeruRail,Peru,ORO,Prod Manzanon Films Realizador Juan Carlo Garcia Rivera Prod AudioSonido Ruidos Amaestrados Pais Peru,/awards/el_ojo/2024/campaigns/overthinking-de-perurail-lemon-2024-2/
El Ojo de Iberoamerica,2024,Produccion Audio Sonido,13 Cielos Videoclip,WiedenKennedy Mexico,Victoria,Mexico,BRONCE,Prod The Maestros Realizador Rodrigo Valdes- Giuliana Tommasi Prod AudioSonido Yamil Misael Gomez Post Prod The Maestros -Mathematic Studio -Club Color -Diego Flores Otras Empresas Astro LX -Javier Umpierrez Pais Mexico,/awards/el_ojo/2024/campaigns/13-cielos-videoclip-victoria-wiedenkennedy-mexico-2024-2/
El Ojo de Iberoamerica,2024,Produccion Grafica,Find Your Summer,LOLA MullenLowe,Magnum Ice Cream,Espana,EL GRAN OJO GRAFICA,Prod MJZ Realizador Juan Cabral Prod AudioSonido Big Sync Post Prod Glassworks Otras Empresas Mindshare Pais Espana,/awards/el_ojo/2024/campaigns/find-your-summer-magnum-ice-cream-lola-mullenlowe-2024-14/
El Ojo de Iberoamerica,2024,Produccion Grafica,Find Your Summer,LOLA MullenLowe,Magnum Ice Cream,Espana,ORO,Prod MJZ Realizador Juan Cabral Prod AudioSonido Big Sync Post Prod Glassworks Otras Empresas Mindshare Pais Espana,/awards/el_ojo/2024/campaigns/find-your-summer-magnum-ice-cream-lola-mullenlowe-2024-15/
El Ojo de Iberoamerica,2024,Produccion Grafica,Thanks for Coke-Creating,VML Mexico - VML Brasil,Coca-Cola,Mexico,ORO,Prod Mango Films - Sugarcane Filmes - Baliprod - Glitch Productions - NetoShookan Productions Realizador Erik Tapia Otras Empresas Raw Audio -VML Brasil -Sugarcane Filmes -Ogilvy -EssenceMediacom Pais Mexico,/awards/el_ojo/2024/campaigns/thanks-for-coke-creating-coca-cola-vml-mexico-vml-brasil-2024-6/
El Ojo de Iberoamerica,2024,Produccion Grafica,Patrocinio sudado,Isla,Gatorade,Colombia,PLATA,Prod Aleta Media Realizador Matias Ferrari Pais Colombia,/awards/el_ojo/2024/campaigns/patrocinio-sudado-gatorade-isla-2024-3/
El Ojo de Iberoamerica,2024,Produccion Grafica,Lanches RL Thanks for Coke-Creating,VML Mexico - VML Brasil,Coca-Cola,Mexico,BRONCE,Prod Mango Films - Sugarcane Filmes - Baliprod - Glitch Productions - NetoShookan Productions Realizador Erik Tapia Otras Empresas Raw Audio -Ogilvy -EssenceMediacom Pais Mexico,/awards/el_ojo/2024/campaigns/lanches-rl-thanks-for-coke-creating-coca-cola-vml-mexico-vml-brasil-2024-2/
El Ojo de Iberoamerica,2024,Produccion Grafica,Bombon y Confeti Thanks for Coke-Creating,VML Mexico - VML Brasil,Coca-Cola,Mexico,BRONCE,Prod Mango Films - Sugarcane Filmes - Baliprod - Glitch Productions - NetoShookan Productions Realizador Erik Tapia Otras Empresas Raw Audio -Ogilvy -EssenceMediacom Pais Mexico,/awards/el_ojo/2024/campaigns/bombon-y-confeti-thanks-for-coke-creating-coca-cola-vml-mexico-vml-brasil-2024-3/
El Ojo de Iberoamerica,2024,Produccion Grafica,Braided history,DDB Latina Puerto Rico,Mizani,Puerto Rico,PLATA,Prod DDB Latina Puerto Rico Pais Puerto Rico,/awards/el_ojo/2024/campaigns/braided-history-mizani-ddb-latina-puerto-rico-2024-13/
El Ojo de Iberoamerica,2024,Produccion Grafica,Guess Who Won,LOLA MullenLowe,Persil,Espana,PLATA,Otras Empresas Mindshare Pais Espana,/awards/el_ojo/2024/campaigns/guess-who-won-persil-lola-mullenlowe-2024-4/
El Ojo de Iberoamerica,2024,Produccion Grafica,Made from recycled materials,BBDO Chile - BBDO Ecuador,Volkswagen,Ecuador,PLATA,Prod Wolf Credo Realizador Ale Burset Prod AudioSonido Post Prod Longest Line Pais Ecuador,/awards/el_ojo/2024/campaigns/made-from-recycled-materials-volkswagen-bbdo-chile-bbdo-ecuador-2024-2/
El Ojo de Iberoamerica,2024,Produccion Grafica,El peligro creciente,Anita y Vega,Volvo,Argentina,BRONCE,Prod Mama Hungara Realizador Martin Sigal Pais Argentina,/awards/el_ojo/2024/campaigns/el-peligro-creciente-volvo-anita-y-vega-2024-2/
El Ojo de Iberoamerica,2024,Produccion Grafica,Voice actors,Propeg,de ACBEU,Brasil,PLATA,Prod Activity Pais Brasil,/awards/el_ojo/2024/campaigns/voice-actors-de-acbeu-propeg-2024-2/
El Ojo de Iberoamerica,2024,Produccion Grafica,Invitados Inesperados,TBWAPeru,BCP,Peru,PLATA,Prod Naca Producciones Pais Peru,/awards/el_ojo/2024/campaigns/invitados-inesperados-bcp-tbwaperu-2024-2/
El Ojo de Iberoamerica,2024,Produccion Grafica,Main character,BBDO Chile,de Claro,Chile,BRONCE,Prod Custom Image Pais Chile,/awards/el_ojo/2024/campaigns/main-character-de-claro-bbdo-chile-2024-2/
El Ojo de Iberoamerica,2024,Produccion Grafica,Mind changing prices,Fahrenheit DDB,Plaza Vea,Peru,PLATA,Prod Senor Z Pais Peru,/awards/el_ojo/2024/campaigns/mind-changing-prices-plaza-vea-fahrenheit-ddb-2024-3/
El Ojo de Iberoamerica,2024,Produccion Grafica,Hearink Stories,Ogilvy Guatemala Guatemala,Penguin Random House Audiobooks,Guatemala,PLATA,Prod ZITIO Guatemala Realizador Ernesto Abrego Prod AudioSonido Felipe Santana Guatemala-Grupo Rec Latam Guatemala Post Prod ZITIO Guatemala Pais Guatemala,/awards/el_ojo/2024/campaigns/hearink-stories-penguin-random-house-audiobooks-ogilvy-guatemala-guatemala-2024-3/
El Ojo de Iberoamerica,2024,Produccion Grafica,Bk open laters,Garabato MullenLowe,Burger King Paraguay,Paraguay,BRONCE,Prod Garabato MullenLowe Realizador LA FILIAL Pais Paraguay,/awards/el_ojo/2024/campaigns/bk-open-laters-burger-king-paraguay-garabato-mullenlowe-2024-3/
El Ojo de Iberoamerica,2024,Produccion Grafica,Las 2 Caras,BBDO Mexico,Alexia Ortiz,Mexico,PLATA,Prod Rebolucion Realizador Monster Duo Prod AudioSonido Machete Musica Pais Mexico,/awards/el_ojo/2024/campaigns/las-2-caras-alexia-ortiz-bbdo-mexico-2024-2/
El Ojo de Iberoamerica,2024,Produccion Grafica,Paramount NS NOW,Publicis Impetu,de Nuevo Siglo,Uruguay,BRONCE,,/awards/el_ojo/2024/campaigns/paramount-ns-now-de-nuevo-siglo-publicis-impetu-2024-2/
El Ojo de Iberoamerica,2024,Produccion Grafica,Wrong Candidates,Alma DDB,de Change the Ref,Estados Unidos,ORO,,/awards/el_ojo/2024/campaigns/wrong-candidates-de-change-the-ref-alma-ddb-2024-2/
El Ojo de Iberoamerica,2024,Produccion Grafica,Second,Republica Havas,de Asociacion Lucha contra el Mal,Argentina,ORO,Realizador Lucila Blumencweig Post Prod Diego Chilliano Pais Argentina,/awards/el_ojo/2024/campaigns/second-de-asociacion-lucha-contra-el-mal-republica-havas-2024-4/
El Ojo de Iberoamerica,2024,Produccion Grafica,Generado por la maquina,DAVID Buenos Aires,de MACMA,Argentina,PLATA,Prod Poster Realizador Dana Campanello Prod AudioSonido Papa Music Pais Argentina,/awards/el_ojo/2024/campaigns/generado-por-la-maquina-de-macma-david-buenos-aires-2024-2/
El Ojo de Iberoamerica,2024,Produccion Grafica,25,Havas Peru - Republica Havas,Amnistia Internacional Peru,Peru,BRONCE,,/awards/el_ojo/2024/campaigns/25-amnistia-internacional-peru-havas-peru-republica-havas-2024-2/
El Ojo de Iberoamerica,2024,Produccion Grafica,Trip my Pic,DDB Espana,de Halcon Viajes,Espana,ORO,Prod Crowddigital Pais Espana,/awards/el_ojo/2024/campaigns/trip-my-pic-de-halcon-viajes-ddb-espana-2024-2/
El Ojo de Iberoamerica,2024,Produccion Grafica,Reprinting Nica,Havas Costa Rica - BETC HAVAS,La Prensa Nicaragua,Nicaragua,PLATA,Prod Fulfierros Prod AudioSonido Punch Audio Pais Nicaragua,/awards/el_ojo/2024/campaigns/reprinting-nica-la-prensa-nicaragua-havas-costa-rica-betc-havas-2024-9/
El Ojo de Iberoamerica,2024,Produccion Grafica,Over 30,Lew LaraTBWA,de Billboard Brasil,Brasil,PLATA,Prod Santeria Otras Empresas Mynd8 Pais Brasil,/awards/el_ojo/2024/campaigns/over-30-de-billboard-brasil-lew-laratbwa-2024-3/
El Ojo de Iberoamerica,2024,Produccion Grafica,Spotibye,Amen McCann,Oceano FM,Uruguay,BRONCE,Prod Eadweard Realizador Andrea Amato Pais Uruguay,/awards/el_ojo/2024/campaigns/spotibye-oceano-fm-amen-mccann-2024-2/
El Ojo de Iberoamerica,2024,Produccion Grafica,iBlor,Republica Havas,Asociacion Lucha contra el Mal,Argentina,BRONCE,Prod Virgen Films - Twins Music Realizador Hernan Jauregui- Jeronimo Gonzalez Montalvo- Tom Huergo- Max Scott Prod AudioSonido Twins Music Post Prod Pablo Cantorati -Roy Bermudez -Santiago Burgos -Cecilia Cesari Santiento Pais Argentina,/awards/el_ojo/2024/campaigns/iblor-asociacion-lucha-contra-el-mal-republica-havas-2024-2/
El Ojo de Iberoamerica,2024,Produccion Grafica,Braided history,DDB Latina Puerto Rico,Mizani,Puerto Rico,PLATA,Prod DDB Latina Puerto Rico Pais Puerto Rico,/awards/el_ojo/2024/campaigns/braided-history-mizani-ddb-latina-puerto-rico-2024-14/
El Ojo de Iberoamerica,2024,Produccion Grafica,Over 30,Lew LaraTBWA,de Billboard Brasil,Brasil,PLATA,Prod Santeria Otras Empresas Mynd8 Pais Brasil,/awards/el_ojo/2024/campaigns/over-30-de-billboard-brasil-lew-laratbwa-2024-4/
El Ojo de Iberoamerica,2024,Produccion Grafica,Drawn To Equality,Dentsu Creative Iberia,de VISA Portugal,Portugal,BRONCE,,/awards/el_ojo/2024/campaigns/drawn-to-equality-de-visa-portugal-dentsu-creative-iberia-2024-2/
El Ojo de Iberoamerica,2024,Produccion Grafica,VW X4,Ogilvy Bolivia,Volkswagen,Bolivia,BRONCE,,/awards/el_ojo/2024/campaigns/vw-x4-volkswagen-ogilvy-bolivia-2024-2/
El Ojo de Iberoamerica,2024,Produccion Grafica,Sun Stats,Punto 99,KFC Ecuador,Ecuador,BRONCE,Prod Ricardo Salamanca Pais Ecuador,/awards/el_ojo/2024/campaigns/sun-stats-kfc-ecuador-punto-99-2024-2/
El Ojo de Iberoamerica,2024,Produccion Grafica,Wrong Candidates,Alma DDB,Change the Ref,Estados Unidos,ORO,,/awards/el_ojo/2024/campaigns/wrong-candidates-change-the-ref-alma-ddb-2024-7/
El Ojo de Iberoamerica,2024,Produccion Grafica,Wrong Candidates,Alma DDB,Change the Ref,Estados Unidos,PLATA,,/awards/el_ojo/2024/campaigns/wrong-candidates-change-the-ref-alma-ddb-2024-8/
El Ojo de Iberoamerica,2024,Produccion Grafica,Braided history,DDB Latina Puerto Rico,Mizani,Puerto Rico,PLATA,Prod DDB Latina Puerto Rico Pais Puerto Rico,/awards/el_ojo/2024/campaigns/braided-history-mizani-ddb-latina-puerto-rico-2024-15/
El Ojo de Iberoamerica,2024,Produccion Grafica,Bk open laters,Garabato MullenLowe,Burger King Paraguay,Paraguay,BRONCE,Prod Garabato MullenLowe Realizador LA FILIAL Pais Paraguay,/awards/el_ojo/2024/campaigns/bk-open-laters-burger-king-paraguay-garabato-mullenlowe-2024-4/
El Ojo de Iberoamerica,2024,Produccion Grafica,Reprinting Nica,Havas Costa Rica - BETC HAVAS,de La Prensa Nicaragua,Nicaragua,BRONCE,Prod Fulfierros Prod AudioSonido Punch Audio Pais Nicaragua,/awards/el_ojo/2024/campaigns/reprinting-nica-de-la-prensa-nicaragua-havas-costa-rica-betc-havas-2024-3/
El Ojo de Iberoamerica,2024,Produccion Grafica,Find Your Summer,LOLA MullenLowe,Magnum Ice Cream,Espana,El GRAN OJO PRODUCCION GRAFICA,Prod MJZ Realizador Juan Cabral Prod AudioSonido Big Sync Post Prod Glassworks Otras Empresas Mindshare Pais Espana,/awards/el_ojo/2024/campaigns/find-your-summer-magnum-ice-cream-lola-mullenlowe-2024-16/
El Ojo de Iberoamerica,2024,Produccion Grafica,Medalla Drinkers Know,DDB Latina Puerto Rico,Medalla Light,Puerto Rico,PLATA,Prod DDB Latina Puerto Rico Realizador Peter Peralta- Luis Romero Pais Puerto Rico,/awards/el_ojo/2024/campaigns/medalla-drinkers-know-medalla-light-ddb-latina-puerto-rico-2024-7/
El Ojo de Iberoamerica,2024,Produccion Grafica,Braided history,DDB Latina Puerto Rico,Mizani,Puerto Rico,PLATA,Prod DDB Latina Puerto Rico Pais Puerto Rico,/awards/el_ojo/2024/campaigns/braided-history-mizani-ddb-latina-puerto-rico-2024-16/
El Ojo de Iberoamerica,2024,Produccion Grafica,The Billboard you shouldn t be able to read but you can,McCann San Jose,Gollo Motors,Costa Rica,BRONCE,Prod Fulfierros Realizador Huelander Escalante Pais Costa Rica,/awards/el_ojo/2024/campaigns/the-billboard-you-shouldn-t-be-able-to-read-but-you-can-gollo-motors-mccann-san-jose-2024-3/
El Ojo de Iberoamerica,2024,Produccion Grafica,Ano de Campagnola,Vendaval - di Paola Latina Argentina,LA CAMPAGNOLA,Argentina,BRONCE,Prod Huinca Cine Realizador Hernan Bargman- Alan Badan Prod AudioSonido Cinestesia -Supercharango Post Prod Cristian Martino -Control Z -Roy Bermudez Pais Argentina,/awards/el_ojo/2024/campaigns/ano-de-campagnola-la-campagnola-vendaval-di-paola-latina-argentina-2024-2/
El Ojo de Iberoamerica,2024,Produccion Grafica,Luces negras,Almap BBDO,Bradesco Seguros - Empregue Afro - GOMA - Museu Afro-UFBA,Brasil,ORO,Prod Almap BBDO Prod AudioSonido Raw Audio Post Prod Otras Empresas Dialeto Studio Pais Brasil,/awards/el_ojo/2024/campaigns/luces-negras-bradesco-seguros-empregue-afro-goma-museu-afro-ufba-almap-bbdo-2024-3/
El Ojo de Iberoamerica,2024,Produccion Grafica,Las 2 Caras,BBDO Mexico,de Alexia Ortiz,Mexico,ORO,Prod Rebolucion Realizador Monster Duo Prod AudioSonido Machete Musica Pais Mexico,/awards/el_ojo/2024/campaigns/las-2-caras-de-alexia-ortiz-bbdo-mexico-2024-3/
El Ojo de Iberoamerica,2024,Produccion Grafica,Braided history,DDB Latina Puerto Rico,Mizani,Puerto Rico,PLATA,Prod DDB Latina Puerto Rico Pais Puerto Rico,/awards/el_ojo/2024/campaigns/braided-history-mizani-ddb-latina-puerto-rico-2024-17/
El Ojo de Iberoamerica,2024,Produccion Grafica,Hearink Stories,Ogilvy Guatemala Guatemala,Penguin Random House Audiobooks,Guatemala,PLATA,Prod ZITIO Guatemala Realizador Ernesto Abrego Prod AudioSonido Felipe Santana Guatemala-Grupo Rec Latam Guatemala Post Prod ZITIO Guatemala Pais Guatemala,/awards/el_ojo/2024/campaigns/hearink-stories-penguin-random-house-audiobooks-ogilvy-guatemala-guatemala-2024-4/
El Ojo de Iberoamerica,2024,Produccion Grafica,Second,Republica Havas,de Asociacion Lucha contra el Mal,Argentina,PLATA,Realizador Lucila Blumencweig Prod AudioSonido Post Prod Diego Chilliano Pais Argentina,/awards/el_ojo/2024/campaigns/second-de-asociacion-lucha-contra-el-mal-republica-havas-2024-5/
El Ojo de Iberoamerica,2024,Produccion Grafica,La infancia siempre pierde la guerra,Groenlandia by Havas,de Unicef Chile,Chile,BRONCE,Prod Semilla Estudio Pais Chile,/awards/el_ojo/2024/campaigns/la-infancia-siempre-pierde-la-guerra-de-unicef-chile-groenlandia-by-havas-2024-2/
El Ojo de Iberoamerica,2024,Produccion Grafica,Disastrous washes,McCann Ecuador,Ciclon,Ecuador,BRONCE,Prod Alicia Studio - Grabbit Films Realizador Diego Aguilar Post Prod Grabbit Films -Alicia Studio Pais Ecuador,/awards/el_ojo/2024/campaigns/disastrous-washes-ciclon-mccann-ecuador-2024-3/
El Ojo de Iberoamerica,2024,Produccion Grafica,Find Your Summer,LOLA MullenLowe,Magnum Ice Cream,Espana,ORO,Prod MJZ Realizador Juan Cabral Prod AudioSonido Big Sync Post Prod Glassworks Otras Empresas Mindshare Pais Espana,/awards/el_ojo/2024/campaigns/find-your-summer-magnum-ice-cream-lola-mullenlowe-2024-17/
El Ojo de Iberoamerica,2024,Produccion Grafica,Second,Republica Havas,de Asociacion Lucha contra el Mal,Argentina,PLATA,Realizador Lucila Blumencweig Prod AudioSonido Post Prod Diego Chilliano Pais Argentina,/awards/el_ojo/2024/campaigns/second-de-asociacion-lucha-contra-el-mal-republica-havas-2024-6/
El Ojo de Iberoamerica,2024,Produccion Grafica,Families,Grey Mexico,de Save the Children Mexico,Mexico,BRONCE,Prod Whisky Films Realizador RAM Martinez Pais Mexico,/awards/el_ojo/2024/campaigns/families-de-save-the-children-mexico-grey-mexico-2024-2/
El Ojo de Iberoamerica,2024,Produccion Grafica,Disastrous washes,McCann Ecuador,Ciclon,Ecuador,BRONCE,Prod Alicia Studio - Grabbit Films Realizador Diego Aguilar Post Prod Grabbit Films -Alicia Studio Pais Ecuador,/awards/el_ojo/2024/campaigns/disastrous-washes-ciclon-mccann-ecuador-2024-4/
El Ojo de Iberoamerica,2024,Produccion Grafica,Saber ver lo que otros no ven,McCann Worldgroup Espana,de Bestinver,Espana,BRONCE,Prod Landia - CRAFT Realizador HADI Prod AudioSonido CRAFT Post Prod CRAFT -CRAFT Pais Espana,/awards/el_ojo/2024/campaigns/saber-ver-lo-que-otros-no-ven-de-bestinver-mccann-worldgroup-espana-2024-2/
El Ojo de Iberoamerica,2024,Produccion Grafica,Inolvidables,Darwin Verne,de Paradores,Espana,PLATA,Prod Visual Noise Realizador Visual Noise Prod Pais Espana,/awards/el_ojo/2024/campaigns/inolvidables-de-paradores-darwin-verne-2024-2/
El Ojo de Iberoamerica,2024,Produccion Grafica,Amor en Amorfinos,Paradais DDB,Xtrim,Ecuador,BRONCE,,/awards/el_ojo/2024/campaigns/amor-en-amorfinos-xtrim-paradais-ddb-2024-2/
El Ojo de Iberoamerica,2024,Mas Mujeres,Laura Esteves VP y Nina Lucatto ECD por Clean Sponsorship,DM9,Consul,Brasil,ORO,Prod Corazon Filmes Realizador-a Bruno Zanetti Prod Audio Sonido Satelite Audio Pais Brasil,/awards/el_ojo/2024/campaigns/laura-esteves-vp-y-nina-lucatto-ecd-por-clean-sponsorship-consul-dm9-2024/
El Ojo de Iberoamerica,2024,Mas Mujeres,Lorena Pedre CD por Nobody should die at XMAS-,DoubleYou,Open Arms,Espana,PLATA,Prod Blua Realizador-a Iker Iturria Prod Audio Sonido lastcrit Postprod Blua -Moonlight Otras Empresas Engine Agency Pais Espana,/awards/el_ojo/2024/campaigns/lorena-pedre-cd-por-nobody-should-die-at-xmas-open-arms-doubleyou-2024/
El Ojo de Iberoamerica,2024,Mas Mujeres,Deborah Vasques por e-Police Station-,Almap BBDO,Wonder Women Tech,Brasil,BRONCE,Prod Monster Films Prod Audio Sonido Cabaret Studio Otras Empresas Giusti Comunicacao -Brand Gaming Pais Brasil,/awards/el_ojo/2024/campaigns/deborah-vasques-por-e-police-station-wonder-women-tech-almap-bbdo-2024/
El Ojo de Iberoamerica,2024,Mas Mujeres,Laura Esteves VP por Audience Delivery-,DM9 - Live Mode,iFood,Brasil,BRONCE,Prod Handmaker Realizador-a Fernando Lenox Prod Audio Sonido Mr Pink Pais Brasil,/awards/el_ojo/2024/campaigns/laura-esteves-vp-por-audience-delivery-ifood-dm9-live-mode-2024/
El Ojo de Iberoamerica,2024,Mas Mujeres,The Fridman Sisters por Lose it all Win it all-,WiedenKennedy Mexico,Nike Mexico,Mexico,ORO,Prod Stink Films Prod Audio Sonido TDL Soundtracks -TDL Soundtracks Postprod Danilo Abraham -Edith Rocha -Nash Pais Mexico,/awards/el_ojo/2024/campaigns/the-fridman-sisters-por-lose-it-all-win-it-all-nike-mexico-wiedenkennedy-mexico-2024/
El Ojo de Iberoamerica,2024,Mas Mujeres,YUCA por Impossible Journey-,Area 23,ASTER,Brasil,PLATA,Prod The Youth - Colossal Realizador-a YUCA- Bruno Brasil Prod Audio Sonido Satelite Audio Postprod Colossal Otras Empresas Farbewerk Fine Art Lab -ATELIE 39 Pais Brasil,/awards/el_ojo/2024/campaigns/yuca-por-impossible-journey-aster-area-23-2024/
El Ojo de Iberoamerica,2024,Mas Mujeres,Yupi Segura por Ultimo Viaje-,Grey Mexico,Articulo 19,Mexico,PLATA,Prod Oriental Films Realizador-a Yupi Segura- Marindia Prod Audio Sonido Paola Decanini -Azotea Post Postprod Carlos Cepeda Pais Mexico,/awards/el_ojo/2024/campaigns/yupi-segura-por-ultimo-viaje-articulo-19-grey-mexico-2024/
El Ojo de Iberoamerica,2024,Mas Mujeres,Ana-Filipa Domingues por Surfing Through the Odds-,Coming Soon Lisboa,Betclic - Shutterstock Studios - SOMA Surf,Portugal,BRONCE,Prod Shutterstock Studios Realizador-a Ana-Filipa Domingues Otras Empresas Omerta Pais Portugal,/awards/el_ojo/2024/campaigns/ana-filipa-domingues-por-surfing-through-the-odds-betclic-shutterstock-studios-soma-surf-coming-soon-lisboa-2024/
