Festival,Year,Track,Title,Brand,Agency,Category,Award,Product
The Loerie Awards,2025,Design,Second Rodeo,Second Rodeo,Halo,LOGOS,Bronze,Second Rodeo
The Loerie Awards,2025,Design,Vegapro Pet Rebrand,Vegapro Pet,Boom,LOGOS,Finalist,Vegapro Pet brand
The Loerie Awards,2025,Design,Sweepsouth Rebrand,Sweepsouth,Sweepsouth T-A Shift South Pty Ltd,LOGOS,Finalist,Sweepsouth Home Services
The Loerie Awards,2025,Design,Spotlights,One to One,Bain Bunkell,LOGOS,Finalist,Lighting Studio
The Loerie Awards,2025,Design,Marble Cape Town,Marble Cape Town,Grid Worldwide,LOGOS,Finalist,Marble Cape Town
The Loerie Awards,2025,Design,Naka,Naka,Grid Worldwide,LOGOS,Finalist,Naka
The Loerie Awards,2025,Design,GG Productions Rebrand - The Goosebumps Company,GG Productions,Grid Worldwide,LOGOS,Finalist,Logo Design
The Loerie Awards,2025,Design,DStv,DStv,Grid Worldwide,LOGOS,Finalist,DStv
The Loerie Awards,2025,Design,We Are Bizarre,We Are Bizarre,Sunshinegun,LOGOS,Finalist,Advertising Agency
The Loerie Awards,2025,Design,Food for Education - Logo refresh,Foor for Education,BCKRDS Pty Ltd,LOGOS,Finalist,African Feeding Scheme
The Loerie Awards,2025,Design,Lampost Productions - Logo Refresh,Lampost Productions,BCKRDS Pty Ltd,LOGOS,Finalist,Full Service Production Company
The Loerie Awards,2025,Design,Mother of Music Festival - Logo Design,Spotify,BCKRDS Pty Ltd,LOGOS,Finalist,Music Festival
The Loerie Awards,2025,Design,The UpUp Group Logo Design,The UpUp Group,MC Saatchi Abel a division of The Up Up Group Pty Ltd,LOGOS,Finalist,Logo Design Brand
The Loerie Awards,2025,Design,We Are Bizarre,We Are Bizarre,Sunshinegun,IDENTITY PROGRAMMES,Bronze,Advertising Agency
The Loerie Awards,2025,Design,Champions Of Cheers Identity System,Tusker Lager,Dentsu Creative Kenya,IDENTITY PROGRAMMES,Bronze,Team Kenya Olympics
The Loerie Awards,2025,Design,The Luxurious Marble Circus,The Marble Group,Grid Worldwide,IDENTITY PROGRAMMES,Bronze,The Luxurious Marble Circus
The Loerie Awards,2025,Design,Basecamp Rule the Urban Wilderness,Basecamp,Sunshinegun,IDENTITY PROGRAMMES,Finalist,Outdoor Gear
The Loerie Awards,2025,Design,Samsung Prekend Special - Identity Program,Samsung,BCKRDS Pty Ltd,IDENTITY PROGRAMMES,Finalist,Live Shopping Experience
The Loerie Awards,2025,Design,54 Collective - Rebrand,54 Collective,BCKRDS Pty Ltd,IDENTITY PROGRAMMES,Finalist,Venture Capital Firm
The Loerie Awards,2025,Design,Spotify - Mother of Music MOM,Spotify,BCKRDS Pty Ltd,IDENTITY PROGRAMMES,Finalist,Music Festival
The Loerie Awards,2025,Design,DStv,DStv,Grid Worldwide,IDENTITY PROGRAMMES,Finalist,DStv
The Loerie Awards,2025,Design,Marble Cape Town,Marble Cape Town,Grid Worldwide,IDENTITY PROGRAMMES,Finalist,Marble Cape Town
The Loerie Awards,2025,Design,A Living Growing Identity,Standard Bank Mycohab,Design Bridge and Partners,IDENTITY PROGRAMMES,Finalist,Mycohab
The Loerie Awards,2025,Design,The Coolest Ihram,Saudia Airlines,Landor,IDENTITY PROGRAMMES,Finalist,Male and Female Ihrams Islamic Pilgrimage Uniform
The Loerie Awards,2025,Design,South African Startup Awards,Startup Club ZA,MakeReign,DIGITAL BRANDING,Finalist,Awards Programme
The Loerie Awards,2025,Design,THE DESERT RUNNER,adidas,Havas Middle East,POSTERS ENVIRONMENTAL GRAPHICS,Silver,DR ADIZERO BOSTON 12 DUB SHOES
The Loerie Awards,2025,Design,Retire Cash - Rhino Elephant Lion Buffalo Leopard,Pantry,Grid Worldwide,POSTERS ENVIRONMENTAL GRAPHICS,Campaign Silver,Pantry
The Loerie Awards,2025,Design,Unwanted Sites,AfriSam,Promise,POSTERS ENVIRONMENTAL GRAPHICS,Bronze,Construction Materials
The Loerie Awards,2025,Design,Retire Cash,Pantry,Grid Worldwide,POSTERS ENVIRONMENTAL GRAPHICS,Finalist,Pantry
The Loerie Awards,2025,Design,Retire Cash,Pantry,Grid Worldwide,POSTERS ENVIRONMENTAL GRAPHICS,Finalist,Pantry
The Loerie Awards,2025,Design,Retire Cash,Pantry,Grid Worldwide,POSTERS ENVIRONMENTAL GRAPHICS,Finalist,Pantry
The Loerie Awards,2025,Design,Retire Cash,Pantry,Grid Worldwide,POSTERS ENVIRONMENTAL GRAPHICS,Finalist,Pantry
The Loerie Awards,2025,Design,ENS Timeless Tales,ENS,Design Bridge and Partners,POSTERS ENVIRONMENTAL GRAPHICS,Finalist,ENS
The Loerie Awards,2025,Design,Cheetos Pants posters,Cheetos,Impact BBDO,POSTERS ENVIRONMENTAL GRAPHICS,Finalist,Cheetos
The Loerie Awards,2025,Design,SAB130 - A letter 130 years in the making,AB-InBev,Boundless - The Unlimited Agency Pty Ltd,POSTERS ENVIRONMENTAL GRAPHICS,Finalist,SAB Corporate
The Loerie Awards,2025,Design,LumpDolls,Carrefour,Saatchi Saatchi Middle East,GENERAL DESIGN,Bronze,Dolls
The Loerie Awards,2025,Design,Bring back lost lover,Showmax,distrikt 9,GENERAL DESIGN,Finalist,Ubuthe Uzobuya
The Loerie Awards,2025,Design,Behind the Label,The Salvation Army,Clockwork,GENERAL DESIGN,Finalist,The Salvation Army
The Loerie Awards,2025,Design,--Hui Gaeb,SAB AB INBEV,Promise,GENERAL DESIGN,Finalist,Corporate
The Loerie Awards,2025,Design,The UpUp Group Signage,The UpUp Group,MC Saatchi Abel a division of The Up Up Group Pty Ltd,GENERAL DESIGN,Finalist,Brand Identity Signage
The Loerie Awards,2025,Design,The Worlds first Limescale Testing Business Card,Scalex,Shift Engage,GENERAL DESIGN,Finalist,Scalex Limescale Remover
The Loerie Awards,2025,Design,1862 Collection,Standard Bank,Design Bridge and Partners,GENERAL DESIGN,Finalist,1862 Collection
The Loerie Awards,2025,Design,GHOST TOWN,CARREFOURSA,TBWA-Istanbul,ENVIRONMENTAL SIGNAGE,Gold,RETAIL
The Loerie Awards,2025,Joe Public Wasted Food,TryJanuary,Heineken Beverages South Africa,TBWA- Hunt Lascaris,Plastered Peanuts SAB AB InBev Flying Fish Silver 2025,Bronze,Savanna Cider
The Loerie Awards,2025,Joe Public Wasted Food,The Taste Thats Stood The Test Of Time,SAB ABInBev,SHIFT,Plastered Peanuts SAB AB InBev Flying Fish Silver 2025,Finalist,Castle Lager
The Loerie Awards,2025,Joe Public Wasted Food,Savanna Neat,Heineken Beverages South Africa,TBWA- Hunt Lascaris,Plastered Peanuts SAB AB InBev Flying Fish Silver 2025,Finalist,Savanna Cider
The Loerie Awards,2025,Joe Public Wasted Food,Extra CCCCold Cooler Box,SAB ABInBev,Ogilvy,Plastered Peanuts SAB AB InBev Flying Fish Silver 2025,Finalist,Castle Lite
The Loerie Awards,2025,Joe Public Wasted Food,Unboxing Skin,Nivea,Saatchi Saatchi Middle East,Plastered Peanuts SAB AB InBev Flying Fish Silver 2025,Finalist,Nivea Sun
The Loerie Awards,2025,Joe Public Wasted Food,Landfilla,MINI South Africa,VML SA,Plastered Peanuts SAB AB InBev Flying Fish Silver 2025,Finalist,MINI Electric
The Loerie Awards,2025,Joe Public Wasted Food,The Coolest Ihram,Saudia Airlines,Landor,Plastered Peanuts SAB AB InBev Flying Fish Silver 2025,Finalist,Male and Female Ihrams Islamic Pilgrimage Uniform
The Loerie Awards,2025,Design,NEURAL MURALS,DEPARTMENT OF CULTURE AND TOURISM ABU DHABI,SERVICEPLAN MIDDLE EAST FZ-LLC,DATA INFORMATION VISUALISATION,Silver,SAADIYAT CULTURE DISTRICT
The Loerie Awards,2025,Design,Max Speed,Heineken,LePub Johannesburg,DATA INFORMATION VISUALISATION,Silver,Heineken beer
The Loerie Awards,2025,Design,The Dark Circle Sale,Home Centre,Leo Middle East,DATA INFORMATION VISUALISATION,Finalist,Furniture
The Loerie Awards,2025,Design,Ruby Blooms,Nana,Saatchi Saatchi Middle East,PUBLICATION DESIGN,Gold,Sanitary Pads
The Loerie Awards,2025,Design,--Hui Gaeb,SAB AB INBEV,Promise,PUBLICATION DESIGN,Bronze,Corporate
The Loerie Awards,2025,Design,Rewrite the Gap,ItsHerWay,Saatchi Saatchi Middle East,PUBLICATION DESIGN,Finalist,Published Books
The Loerie Awards,2025,Design,MTV Base Monster Charts,Paramount Africa,Fairchild Creative,MOTION GRAPHIC DESIGN,Finalist,MTV Base
The Loerie Awards,2025,Design,The Coolest Ihram,Saudia Airlines,Landor,MOTION GRAPHIC DESIGN,Finalist,Male and Female Ihrams Islamic Pilgrimage Uniform
The Loerie Awards,2025,Design,Stitched With Cheer,Tusker Lager,Dentsu Creative Kenya,DESIGN FOR DIGITAL,Bronze,Team Kenya Olympics
The Loerie Awards,2025,Design,NEURAL MURALS,DEPARTMENT OF CULTURE AND TOURISM ABU DHABI,SERVICEPLAN MIDDLE EAST FZ-LLC,DESIGN FOR DIGITAL,Bronze,SAADIYAT CULTURE DISTRICT
The Loerie Awards,2025,Design,Rewrite the Gap,ItsHerWay,Saatchi Saatchi Middle East,DESIGN FOR DIGITAL,Finalist,Published Books
The Loerie Awards,2025,Design,The Dark Circle Sale,Home Centre,Leo Middle East,DESIGN FOR DIGITAL,Finalist,Furniture
The Loerie Awards,2025,Design,LeHotel,Dream Hotels Resorts,One Over One,DESIGN FOR DIGITAL,Finalist,Dream Hotels Resorts
The Loerie Awards,2025,Design,The UpUp Group Website,The UpUp Group,Studio Malvah PTY LTD,DESIGN FOR DIGITAL,Finalist,UpUp Group
The Loerie Awards,2025,Design,South African Startup Awards,Startup Club ZA,MakeReign,DESIGN FOR DIGITAL,Finalist,Awards Programme
The Loerie Awards,2025,Design,AddPay,AddPay,MakeReign,DESIGN FOR DIGITAL,Finalist,Payment Solution Provider
The Loerie Awards,2025,Design,LeHotel,Dream Hotels Resorts,One Over One,DIGITAL EXPERIENCES,Finalist,Dream Hotels Resorts
The Loerie Awards,2025,Design,Audi TikTok Test Drive,Audi South Africa,Ogilvy,DIGITAL EXPERIENCES,Finalist,Audi RS 3
The Loerie Awards,2025,Design,Social Screen,Heineken,LePub Johannesburg,INTERIOR DESIGN TEMPORARY STRUCTURES,Finalist,Heineken beer
The Loerie Awards,2025,Design,1862 Experience Store,Standard Bank,Design Bridge and Partners,INTERIOR DESIGN TEMPORARY STRUCTURES,Finalist,1862 Experience Store
The Loerie Awards,2025,Design,Marble Cape Town,Marble Cape Town,Grid Worldwide,INTERIOR DESIGN TEMPORARY STRUCTURES,Finalist,Marble Cape Town
The Loerie Awards,2025,Design,The Luxurious Marble Circus,The Marble Group,Grid Worldwide,INTERIOR DESIGN TEMPORARY STRUCTURES,Finalist,The Luxurious Marble Circus
The Loerie Awards,2025,Design,SAB Sharp,SAB ABInBev,We Are Bizarre Pty Ltd,INTERIOR DESIGN TEMPORARY STRUCTURES,Finalist,SAB Sharp
The Loerie Awards,2025,Design,Stitched With Cheer,Tusker Lager,Dentsu Creative Kenya,FABRIC DESIGN,Grand Prix,Team Kenya Olympics
The Loerie Awards,2025,Design,Cheetos Pants,Cheetos,Impact BBDO,FABRIC DESIGN,Silver,Cheetos
The Loerie Awards,2025,Design,The Coolest Ihram,Saudia Airlines,Landor,FABRIC DESIGN,Bronze,Male and Female Ihrams Islamic Pilgrimage Uniform
The Loerie Awards,2025,Design,Marble Cape Town,Marble Cape Town,Grid Worldwide,FABRIC DESIGN,Finalist,Marble Cape Town
The Loerie Awards,2025,Design,African Bank Fashionable Banking,African Bank,House of Brave,FABRIC DESIGN,Finalist,Fashionable Banking
The Loerie Awards,2025,Design,Phones Down Picnic,SAB ABInBev,Joe Public,FABRIC DESIGN,Finalist,Brutal Fruit Spritzer
The Loerie Awards,2025,Design,Kicks Key,Nissan ME,Digitas ME,INDUSTRIAL PRODUCT DESIGN,Bronze,Nissan Kicks
The Loerie Awards,2025,Design,Shield The Protest,Courageous Conversation Global Foundation,Horizon FCB Dubai,INDUSTRIAL PRODUCT DESIGN,Bronze,Courageous Conversation Global Foundation
The Loerie Awards,2025,Design,Jeep Grille Grill,Jeep,Lion Communication FZ - LLC,INDUSTRIAL PRODUCT DESIGN,Finalist,Wrangler
The Loerie Awards,2025,Design,Safety Mouse,Salam,Digitas ME,INDUSTRIAL PRODUCT DESIGN,Finalist,Safety Mouse
The Loerie Awards,2025,Design,Sunshine-Smoking-Gun,Sunshinegun,Sunshinegun,INDUSTRIAL PRODUCT DESIGN,Finalist,Design Agency
The Loerie Awards,2025,Design,Mobile Cooler,Heineken,LePub Johannesburg,INDUSTRIAL PRODUCT DESIGN,Finalist,Heineken beer
The Loerie Awards,2025,Design,54 Collective - Mixed Media,54 Collective,BCKRDS Pty Ltd,DESIGN MIXED-MEDIA CAMPAIGN,Finalist,Mixed Media
The Loerie Awards,2025,Design,MOM Mixed Media,Spotify,BCKRDS Pty Ltd,DESIGN MIXED-MEDIA CAMPAIGN,Finalist,Music Festival
The Loerie Awards,2025,Design,A Living Growing Identity,Standard Bank Mycohab,Design Bridge and Partners,DESIGN MIXED-MEDIA CAMPAIGN,Finalist,Mycohab
The Loerie Awards,2025,Design,The Luxurious Marble Circus,The Marble Group,Grid Worldwide,DESIGN MIXED-MEDIA CAMPAIGN,Finalist,The Luxurious Marble Circus
The Loerie Awards,2025,Design,Marble Cape Town,Marble Cape Town,Grid Worldwide,DESIGN MIXED-MEDIA CAMPAIGN,Finalist,Marble Cape Town
The Loerie Awards,2025,Design,GHOST TOWN,CARREFOURSA,TBWA-Istanbul,PHOTOGRAPHY,Finalist,RETAIL
The Loerie Awards,2025,Design,Show Ghana Love,Previdar,The Odd Number,PHOTOGRAPHY,Finalist,Online Magazine
The Loerie Awards,2025,Design,Cheetos Pants Posters,Cheetos,Impact BBDO,WRITING FOR DESIGN,Finalist,Cheetos
The Loerie Awards,2025,Design,Basecamp Rule the Urban Wilderness,Basecamp,Sunshinegun,WRITING FOR DESIGN,Finalist,Outdoor Gear
The Loerie Awards,2025,Design,Marble Cape Town,Marble Cape Town,Grid Worldwide,ILLUSTRATION,Craft Gold,Marble Cape Town
The Loerie Awards,2025,Design,Retire Cash - Rhino Lion Elephant,Pantry,Grid Worldwide,ILLUSTRATION,Campaign Craft Certificate,Cashless tills
The Loerie Awards,2025,Design,Basecamp Rule the Urban Wilderness,Basecamp,Sunshinegun,ILLUSTRATION,Finalist,Outdoor Gear
The Loerie Awards,2025,Design,Ruby Blooms,Nana,Saatchi Saatchi Middle East,ILLUSTRATION,Finalist,Sanitary Pads
The Loerie Awards,2025,Design,LumpDolls,Carrefour,Saatchi Saatchi Middle East,ILLUSTRATION,Finalist,Dolls
The Loerie Awards,2025,Design,Never Afraid,Machine-,Machine-,ILLUSTRATION,Finalist,Machine-
The Loerie Awards,2025,Design,Retire Cash,Pantry,Grid Worldwide,ILLUSTRATION,Finalist,Cashless tills
The Loerie Awards,2025,Design,Retire Cash,Pantry,Grid Worldwide,ILLUSTRATION,Finalist,Cashless tills
The Loerie Awards,2025,Design,Squeeze the day,Sir Fruit,Bain Bunkell,ILLUSTRATION,Finalist,Sir Fruit Beverages
The Loerie Awards,2025,Design,ENS Timeless Tales,ENS,Design Bridge and Partners,ILLUSTRATION,Finalist,ENS
The Loerie Awards,2025,Design,ENS Timeless Tales,ENS,Design Bridge and Partners,ILLUSTRATION,Finalist,ENS
The Loerie Awards,2025,Design,ENS Timeless Tales,ENS,Design Bridge and Partners,ILLUSTRATION,Finalist,ENS
The Loerie Awards,2025,Design,Semi Soeter Illustrations,Netflix South Africa,Fairchild Creative,ILLUSTRATION,Finalist,Semi Soeter
The Loerie Awards,2025,Design,Ruby Blooms,Nana,Saatchi Saatchi Middle East,TYPOGRAPHY,Finalist,Sanitary Pads
The Loerie Awards,2025,Design,Written By GTI,Volkswagen,Cheil Dubai,TYPOGRAPHY,Finalist,Golf GTI
The Loerie Awards,2025,Digital,LeHotel,Dream Hotels Resorts,One Over One,WEB BROWSER-BASED EXPERIENCE,Silver,Dream Hotels Resorts
The Loerie Awards,2025,Digital,KFC Sauce Code,KFC South Africa,Ogilvy,WEB BROWSER-BASED EXPERIENCE,Bronze,KFC Comic Con Africa
The Loerie Awards,2025,Digital,Afrikaraoke,SAB ABINBEV,Joe Public,WEB BROWSER-BASED EXPERIENCE,Finalist,Castle Milk Stout
The Loerie Awards,2025,Digital,FinDR pronounced finder,Profmed,Faith and Fear Retroviral and MSL,WEB BROWSER-BASED EXPERIENCE,Finalist,Profmed
The Loerie Awards,2025,Digital,AddPay,AddPay,MakeReign,WEB BROWSER-BASED EXPERIENCE,Finalist,Payment Solution Provider
The Loerie Awards,2025,Digital,Homes Need Pets,Byron Thomas Properties,Clockwork,WEB BROWSER-BASED EXPERIENCE,Finalist,Byron Thomas Properties
The Loerie Awards,2025,Digital,Real Beauty Generation 20,Unilever South Africa,VML SA,WEB BROWSER-BASED EXPERIENCE,Finalist,Dove
The Loerie Awards,2025,Digital,LEAK FOR REAL,PUMA,Lion Communication FZ - LLC,SOCIAL MEDIA CAMPAIGN,Silver,AL HILAL FC OFFICIAL KIT 2024-25
The Loerie Awards,2025,Digital,DryJan,Heineken Beverages South Africa,TBWA Hunt Lascaris Johannesburg Pty Ltd,SOCIAL MEDIA CAMPAIGN,Bronze,Windhoek Beer
The Loerie Awards,2025,Digital,BetQueen,BetKing,X3M Ideas,SOCIAL MEDIA CAMPAIGN,Finalist,BetKing
The Loerie Awards,2025,Digital,Ads Behind The Ad,TikTok x Unilever,Dentsu Creative South Africa,SOCIAL MEDIA CAMPAIGN,Finalist,TikTok x Unilever
The Loerie Awards,2025,Digital,60yrs of Much Much More,Mondelez,VML SA,SOCIAL MEDIA CAMPAIGN,Finalist,Lunch Bar
The Loerie Awards,2025,Digital,Dads For Pads,Qrate,Lobengula Advertising,SOCIAL MEDIA CAMPAIGN,Finalist,Dads For Pads
The Loerie Awards,2025,Digital,Carpe DM,MTN South Africa,MC Saatchi Abel a division of The Up Up Group Pty Ltd,SOCIAL MEDIA CAMPAIGN,Finalist,MTN
The Loerie Awards,2025,Digital,For every Golden Moment,SAB ABInBev,DraftLine Jhb,SOCIAL MEDIA CAMPAIGN,Finalist,Corona Cero
The Loerie Awards,2025,Digital,Breast Cancer Awareness Campaign,C-CARE Mauritius,CIRCUS,SOCIAL MEDIA CAMPAIGN,Finalist,Health Care Services
The Loerie Awards,2025,Digital,SKY Tok,SKY Girls Kenya,Tandem Digital Company,SOCIAL MEDIA CAMPAIGN,Finalist,SKY Girls Kenya
The Loerie Awards,2025,Digital,Gimme Summer,South African Tourism,Digitas Liquorice,SOCIAL MEDIA CAMPAIGN,Finalist,Shot Left
The Loerie Awards,2025,Digital,Cocktails to Culture,Absolut,Ogilvy,SOCIAL MEDIA CAMPAIGN,Finalist,Absolut
The Loerie Awards,2025,Digital,LiveWell - If you Campaign,LiveWell by Zurich,So Interactive,SOCIAL MEDIA CAMPAIGN,Finalist,LiveWell App
The Loerie Awards,2025,Digital,YourMaSeKFC,KFC South Africa,Ogilvy,SOCIAL MEDIA CAMPAIGN,Finalist,KFC Brand
The Loerie Awards,2025,Digital,The Ultimate Live Taste Test on Social MakeItKFC,KFC South Africa,Ogilvy,SOCIAL MEDIA CAMPAIGN,Finalist,KFC
The Loerie Awards,2025,Digital,Cadbury Presents Real Mzansi Names,Mondelez,Ogilvy,SOCIAL MEDIA CAMPAIGN,Finalist,Cadbury Dairy Milk Chocolate
The Loerie Awards,2025,Digital,The Out Of Office Out Of Home,Pineapple,Halo,SOCIAL MEDIA CAMPAIGN,Finalist,Insurance
The Loerie Awards,2025,Digital,Its the Little Things,Chicken Licken,Joe Public,SOCIAL MEDIA CAMPAIGN,Finalist,Super Slider Mix 4
The Loerie Awards,2025,Digital,Why Choose,Chicken Licken,Joe Public,SOCIAL MEDIA CAMPAIGN,Finalist,Soul Square MealOao
The Loerie Awards,2025,Digital,The Snap Hack,Netflix,Science Sunshine,SOCIAL MEDIA CAMPAIGN,Finalist,Squid Game
The Loerie Awards,2025,Digital,See Naija,MTN,Playhouse Communication Ltd,SOCIAL MEDIA CAMPAIGN,Finalist,MTN Nigeria
The Loerie Awards,2025,Digital,Auto Reply-Break,KitKat,Publicis Middle East,DIGITAL APPLICATIONS GAMES INTERACTIVE TOOLS,Gold,KitKat
The Loerie Awards,2025,Digital,Social Screen,Heineken,LePub Johannesburg,DIGITAL APPLICATIONS GAMES INTERACTIVE TOOLS,Silver,Heineken beer
The Loerie Awards,2025,Digital,Walla Visa,Visa,Saatchi Saatchi Middle East,DIGITAL APPLICATIONS GAMES INTERACTIVE TOOLS,Bronze,Card Transactions
The Loerie Awards,2025,Digital,Stitched With Cheer,Tusker Lager,Dentsu Creative Kenya,DIGITAL APPLICATIONS GAMES INTERACTIVE TOOLS,Finalist,Team Kenya Olympics
The Loerie Awards,2025,Digital,Cheetos Pants,Cheetos,Impact BBDO,DIGITAL APPLICATIONS GAMES INTERACTIVE TOOLS,Finalist,Cheetos
The Loerie Awards,2025,Digital,JoeGrow Tool,Joe Public,Joe Public JoeLabs,DIGITAL APPLICATIONS GAMES INTERACTIVE TOOLS,Finalist,JoeGrow Tool
The Loerie Awards,2025,Digital,TryJanuary,Heineken Beverages South Africa,TBWA- Hunt Lascaris,MOBILE MEDIA,Bronze,Savanna Cider
The Loerie Awards,2025,Digital,Save our stay SOS,City Lodge Hotel Group,TBWA Hunt Lascaris Johannesburg Pty Ltd,MOBILE MEDIA,Bronze,City Lodge Hotels
The Loerie Awards,2025,Digital,The McDonalds Exchange Rate,McDonalds,Leo Middle East,MOBILE MEDIA,Finalist,McDonalds Products
The Loerie Awards,2025,Digital,Black Friday Fastest Fingers First,KFC South Africa,Ogilvy,MOBILE MEDIA,Finalist,KFC Mobile App
The Loerie Awards,2025,Digital,Tap for Help,City of Cape Town,Ogilvy,MOBILE MEDIA,Finalist,CCT App
The Loerie Awards,2025,Digital,Audi TikTok Test Drive,Audi South Africa,Ogilvy,MOBILE MEDIA,Finalist,Audi RS 3
The Loerie Awards,2025,Digital,Sloom NapBot,Sloom,TBWA- Hunt Lascaris,MOBILE MEDIA,Finalist,WhatsApp Bot
The Loerie Awards,2025,Digital,Protective Hairstyles,AfriSam AfroBoutique,Promise,MOBILE MEDIA,Finalist,Construction Materials - Hair products
The Loerie Awards,2025,Digital,Cardvert,e,Saatchi Saatchi Middle East,MOBILE MEDIA,Finalist,Digital Wallet
The Loerie Awards,2025,Digital,The 4th Judge,The Ring,BigTime Creative Shop,DATA DRIVEN CAMPAIGN,Silver,Fight Night
The Loerie Awards,2025,Digital,Supercharging VWOCOs Growth Engine,Volkswagen South Africa,Ogilvy,DATA DRIVEN CAMPAIGN,Finalist,Commercial Vehicles
The Loerie Awards,2025,Digital,Tuned for Global Growth,Sennheiser,Ogilvy,DATA DRIVEN CAMPAIGN,Finalist,Sennheiser
The Loerie Awards,2025,Digital,Daylist,Spotify,Machine,DATA DRIVEN CAMPAIGN,Finalist,Spotify Africa
The Loerie Awards,2025,Digital,GoalSave,TymeBank,The Odd Number,DATA DRIVEN CAMPAIGN,Finalist,Savings
The Loerie Awards,2025,Digital,Track Your Racks,Standard Bank,MC Saatchi Abel a division of The Up Up Group Pty Ltd,DATA DRIVEN CAMPAIGN,Finalist,Standard Bank
The Loerie Awards,2025,Digital,Sun Courts,Nivea,Saatchi Saatchi Middle East,DATA DRIVEN CAMPAIGN,Finalist,Nivea Sun
The Loerie Awards,2025,Digital,BetQueen,BetKing,X3M Ideas,DATA DRIVEN CAMPAIGN,Finalist,BetKing
The Loerie Awards,2025,Digital,Nedbank VAS Always on,Nedbank,The MediaShop 1997-013488-07,DATA DRIVEN CAMPAIGN,Finalist,Value Added Services
The Loerie Awards,2025,Digital,In-Snore Coupons,SleepZone,Impact BBDO,CO-CREATION USER GENERATED CONTENT,Bronze,SleepZone
The Loerie Awards,2025,Digital,LEAK FOR REAL,PUMA,Lion Communication FZ - LLC,CO-CREATION USER GENERATED CONTENT,Finalist,AL HILAL FC KIT 2024-25
The Loerie Awards,2025,Digital,DropYourBarWithSunlight,Sunlight,Mullen Lowe South Africa,CO-CREATION USER GENERATED CONTENT,Finalist,Sunlight Laundry Bar Soap
The Loerie Awards,2025,Digital,Forever Golf,Volkswagen South Africa,Ogilvy,CO-CREATION USER GENERATED CONTENT,Finalist,Golf
The Loerie Awards,2025,Digital,Ultimate Taste Test MakeItKFC,KFC South Africa,Ogilvy,CO-CREATION USER GENERATED CONTENT,Finalist,KFC Brand
The Loerie Awards,2025,Digital,Your Ma Se KFC,KFC South Africa,Ogilvy,CO-CREATION USER GENERATED CONTENT,Finalist,KFC Brand
The Loerie Awards,2025,Digital,The F-Show,Sanlam,Accenture Song,USE OF INFLUENCERS,Silver,Brand
The Loerie Awards,2025,Digital,The Unfluencer,KFC,Bananas,USE OF INFLUENCERS,Bronze,Buldak Dunked Wings
The Loerie Awards,2025,Digital,NEURAL MURALS,DEPARTMENT OF CULTURE AND TOURISM ABU DHABI,SERVICEPLAN MIDDLE EAST FZ-LLC,USE OF INFLUENCERS,Bronze,SAADIYAT CULTURE DISTRICT
The Loerie Awards,2025,Digital,Pay With Your Trend,Pizza Hut,Publicis Middle East,USE OF INFLUENCERS,Bronze,Pizza Hut
The Loerie Awards,2025,Digital,Sasol Mzansi Tour,Sasol,Bluecloud AI,USE OF INFLUENCERS,Finalist,Sasol Rewards
The Loerie Awards,2025,Digital,Behind the Label,The Salvation Army,Clockwork,USE OF INFLUENCERS,Finalist,The Salvation Army
The Loerie Awards,2025,Digital,JENNYFER Influencer Case Study,JENNYFER,CIRCUS,USE OF INFLUENCERS,Finalist,Fast Fashion Clothing and Accessories
The Loerie Awards,2025,Digital,Show Ghana Love,Previdar,The Odd Number,USE OF INFLUENCERS,Finalist,Online Magazine
The Loerie Awards,2025,Digital,STREET BITES WITH SHAQ,DEPARTMENT OF CULTURE AND TOURISM ABU DHABI,SERVICEPLAN MIDDLE EAST FZ-LLC,USE OF INFLUENCERS,Finalist,EXPERIENCE ABU DHABI
The Loerie Awards,2025,Digital,Co-creating The Ultimate Taste Test MakeItKFC,KFC South Africa,Ogilvy,USE OF INFLUENCERS,Finalist,KFC
The Loerie Awards,2025,Digital,Influencer for Your Ma Se KFC,KFC South Africa,Ogilvy,USE OF INFLUENCERS,Finalist,KFC Brand
The Loerie Awards,2025,Digital,Vaseline Verified,Unilever,Ogilvy South Africa Ogilvy Singapore,USE OF INFLUENCERS,Finalist,Vaseline Verified
The Loerie Awards,2025,Digital,Glazed and Glowing,Unilever,Ogilvy,USE OF INFLUENCERS,Finalist,Vaseline Cera Glow
The Loerie Awards,2025,Digital,School of Elastoplast,Elastoplast,Dentsu Creative,USE OF INFLUENCERS,Finalist,Wound Care
The Loerie Awards,2025,Digital,Shouldagotavivo,Volkswagen South Africa,Ogilvy,USE OF INFLUENCERS,Finalist,General
The Loerie Awards,2025,Digital,The Revealing Pour,SAB ABInBev,Joe Public,USE OF INFLUENCERS,Finalist,Castle Milk Stout
The Loerie Awards,2025,Digital,Keep Them Guessing,Mercedes-Benz,Network BBDO,USE OF INFLUENCERS,Finalist,V-Class
The Loerie Awards,2025,Digital,The Artois Collective,SAB ABinBev,Communications Services Africa Pty Ltd,USE OF INFLUENCERS,Finalist,Stella Artois
The Loerie Awards,2025,Digital,LITE YOUR IMAGINATION,SERENGETI LITE,EAST AFRICA BREWERIES LIMITED,USE OF INFLUENCERS,Finalist,ALCOHOLIC BEVERAGE
The Loerie Awards,2025,Digital,Digital BattlePlan,Capfin,Capfin Division of Pepkor Trading Pty Ltd,USE OF INFLUENCERS,Finalist,Personal Loans
The Loerie Awards,2025,Digital,Safisha Rada Clean Up Your Act,Hivos We Lead Kenya,Nendo Limited MC Saatchi UK,USE OF INFLUENCERS,Finalist,Mens Conference
The Loerie Awards,2025,Digital,Rewrite the Gap,ItsHerWay,Saatchi Saatchi Middle East,USE OF AI,Silver,Published Books
The Loerie Awards,2025,Digital,SMARTA WITH DATA-Voice AI,Airtel,The Partnership PUBLICIS,USE OF AI,Finalist,Telecommunication
The Loerie Awards,2025,Digital,Travel gAItekeeper intercept,Madfun,MNKND STUDIO,USE OF AI,Finalist,Off-peak season travel
The Loerie Awards,2025,Digital,An Al Digital Persona Fuelled by the Taste of KFC,KFC South Africa,Ogilvy,USE OF AI,Finalist,KFC Brand
The Loerie Awards,2025,Digital,Check My Beat- Heart Health Tracks,Heart SA,McCann Worldgroup South Africa Pty Ltd t-a McCann Joburg,USE OF AI,Finalist,Heart Screenings
The Loerie Awards,2025,Digital,FAKE EVERYTHING EXCEPT THE CHICKEN,KFC,CIRCUS,USE OF AI,Finalist,Fast Food
The Loerie Awards,2025,Digital,AdvTech Bursaries,AdvTech,MC Saatchi Abel a division of The Up Up Group Pty Ltd,USE OF AI,Finalist,Bursaries
The Loerie Awards,2025,Digital,The Undercover Ad,Standard Bank,MC Saatchi Abel a division of The Up Up Group Pty Ltd,USE OF AI,Finalist,Standard Bank Banking App
The Loerie Awards,2025,Digital,AdvTech Bursaries,AdvTech,MC Saatchi Abel a division of The Up Up Group Pty Ltd,USE OF AI,Finalist,Bursaries
The Loerie Awards,2025,Digital,Ringside Fitness - The Legacy of Ludumo Lamati,Ringside Fitness,Lucky Hustle,USE OF AI,Finalist,Sports Gym
The Loerie Awards,2025,Digital,Solar Savings,Nivea,Saatchi Saatchi Middle East,USE OF AI,Finalist,Nivea Sun
The Loerie Awards,2025,Digital,Neo Home Plans,e,Saatchi Saatchi Middle East,USE OF AI,Finalist,Dining Credit and Debit Cards
The Loerie Awards,2025,Digital,The Dark Circle Sale,Home Centre,Leo Middle East,USE OF AI,Finalist,Furniture
The Loerie Awards,2025,Simunye Media Simba Roarrrs,AXE VR Experience At Comic Con 2024,AXE,Simunye Creative Consultants t-a Simunye Media,Immersive VR at Joburg Day Simba Chips Finalist 2025,Finalist,Deodorant
The Loerie Awards,2025,Simunye Media Simba Roarrrs,Elizabeth Arden 8Hour HydraPlay,Elizabeth Arden,Tetrice Pty Ltd,Immersive VR at Joburg Day Simba Chips Finalist 2025,Finalist,VR Padel Game
The Loerie Awards,2025,Digital,Savanna TryJanuary,Heineken,INJOZI Design CC,GAMES GAMIFICATION,Finalist,Savanna TryJanuary SAVA Fitness App
The Loerie Awards,2025,Digital,RoVille Rescue Lost Items MakersOfTomorrow Challenge,Awareorg,Sea Monster Entertainment Pty Ltd,GAMES GAMIFICATION,Finalist,Roblox Campaign
The Loerie Awards,2025,Digital,Safety Mouse,Salam,Digitas ME,GAMES GAMIFICATION,Finalist,Safety Mouse
The Loerie Awards,2025,Digital,Auto Reply-Break,KitKat,Publicis Middle East,USER EXPERIENCE DESIGN,Grand Prix,KitKat
The Loerie Awards,2025,Digital,In-Snore Coupons,SleepZone,Impact BBDO,USER EXPERIENCE DESIGN,Craft Certificate,SleepZone
The Loerie Awards,2025,Digital,The Dark Circle Sale,Home Centre,Leo Middle East,USER EXPERIENCE DESIGN,Craft Certificate,Furniture
The Loerie Awards,2025,Digital,LeHotel,Dream Hotels Resorts,One Over One,USER EXPERIENCE DESIGN,Finalist,Dream Hotels Resorts
The Loerie Awards,2025,Digital,AddPay,AddPay,MakeReign,USER EXPERIENCE DESIGN,Finalist,Payment Solution Provider
The Loerie Awards,2025,Digital,Solar Savings,Nivea,Saatchi Saatchi Middle East,USER EXPERIENCE DESIGN,Finalist,Nivea Sun
The Loerie Awards,2025,Digital,Real Beauty Generation 20,Unilever South Africa,VML SA,USER EXPERIENCE DESIGN,Finalist,Dove
The Loerie Awards,2025,Digital,An Al Obsessed with Serving Off-Beat Finger-Lickin Interactions,KFC South Africa,Ogilvy,USER EXPERIENCE DESIGN,Finalist,KFC Brand
The Loerie Awards,2025,Digital,Savanna TryJanuary,Heineken,INJOZI Design CC,USER EXPERIENCE DESIGN,Finalist,Savanna TryJanuary SAVA Fitness App
The Loerie Awards,2025,Digital,TryJanuary,Heineken Beverages South Africa,TBWA- Hunt Lascaris,WRITING,Finalist,Savanna Cider
The Loerie Awards,2025,Digital,Writing That Feeds an Als Distinct Finger-Lickin Voice,KFC South Africa,Ogilvy,WRITING,Finalist,KFC Brand
The Loerie Awards,2025,Digital,Life Taxes You,Coronation,Ogilvy,WRITING,Finalist,General
The Loerie Awards,2025,Digital,Rewrite the Gap,ItsHerWay,Saatchi Saatchi Middle East,WRITING,Finalist,Published Books
The Loerie Awards,2025,Digital,WikiGoals,TymeBank,The Odd Number,WRITING,Finalist,Savings
The Loerie Awards,2025,Digital,The 4th Judge,The Ring,BigTime Creative Shop,USE OF TECHNOLOGY,Craft Gold,Fight Night
The Loerie Awards,2025,Digital,Safety Mouse,Salam,Digitas ME,USE OF TECHNOLOGY,Craft Certificate,Safety Mouse
The Loerie Awards,2025,Digital,Audi TikTok Test Drive,Audi South Africa,Ogilvy,USE OF TECHNOLOGY,Finalist,Audi RS 3
The Loerie Awards,2025,Digital,FinDR pronounced finder,Profmed,Faith and Fear Retroviral and MSL,USE OF TECHNOLOGY,Finalist,Profmed
The Loerie Awards,2025,Digital,Savanna TryJanuary,Heineken,INJOZI Design CC,USE OF TECHNOLOGY,Finalist,Savanna TryJanuary SAVA Fitness App
The Loerie Awards,2025,Digital,The Tech Behind an Als KFC Taste Obsession,KFC South Africa,Ogilvy,USE OF TECHNOLOGY,Finalist,KFC Brand
The Loerie Awards,2025,Digital,Real Beauty Generation 20,Unilever South Africa,VML SA,USE OF TECHNOLOGY,Finalist,Dove
The Loerie Awards,2025,Digital,Stitched With Cheer,Tusker Lager,Dentsu Creative Kenya,USE OF TECHNOLOGY,Finalist,Team Kenya Olympics
The Loerie Awards,2025,Digital,Walla Visa,Visa,Saatchi Saatchi Middle East,USE OF TECHNOLOGY,Finalist,Card Transactions
The Loerie Awards,2025,Digital,Cardvert,e,Saatchi Saatchi Middle East,USE OF TECHNOLOGY,Finalist,Digital Wallet
The Loerie Awards,2025,Digital,Sun Courts,Nivea,Saatchi Saatchi Middle East,USE OF TECHNOLOGY,Finalist,Nivea Sun
The Loerie Awards,2025,Digital,The Dark Circle Sale,Home Centre,Leo Middle East,USE OF TECHNOLOGY,Finalist,Furniture
The Loerie Awards,2025,Digital,AddPay,AddPay,MakeReign,USE OF TECHNOLOGY,Finalist,Payment Solution Provider
The Loerie Awards,2025,Digital,Check My Beat- Heart Health Tracks,Heart SA,McCann Worldgroup South Africa Pty Ltd t-a McCann Joburg,USE OF TECHNOLOGY,Finalist,Heart Screenings
The Loerie Awards,2025,Digital,NEURAL MURALS,DEPARTMENT OF CULTURE AND TOURISM ABU DHABI,SERVICEPLAN MIDDLE EAST FZ-LLC,USE OF TECHNOLOGY,Finalist,SAADIYAT CULTURE DISTRICT
The Loerie Awards,2025,Digital,The Undercover Ad,Standard Bank,MC Saatchi Abel a division of The Up Up Group Pty Ltd,USE OF TECHNOLOGY,Finalist,Standard Bank Banking App
The Loerie Awards,2025,Digital,Track Your Racks,Standard Bank,MC Saatchi Abel a division of The Up Up Group Pty Ltd,USE OF TECHNOLOGY,Finalist,Standard Bank
The Loerie Awards,2025,Retroviral And Runjumpfly Afrobeatanicals,Pick n Pay Smart Shopper Price Palooza,Pick n Pay,Gorilla,Gin n Phonics SAB ABInbev Black Crown Craft Certificate 2025,Finalist,Smart Shopper
The Loerie Awards,2025,Retroviral And Runjumpfly Afrobeatanicals,Afrikaraoke,SAB ABINBEV,Joe Public,Gin n Phonics SAB ABInbev Black Crown Craft Certificate 2025,Finalist,Castle Milk Stout
The Loerie Awards,2025,Retroviral And Runjumpfly Afrobeatanicals,Check My Beat- Heart Health Tracks,Heart SA,McCann Worldgroup South Africa Pty Ltd t-a McCann Joburg,Gin n Phonics SAB ABInbev Black Crown Craft Certificate 2025,Finalist,Heart Screenings
The Loerie Awards,2025,Retroviral And Runjumpfly Afrobeatanicals,Track Your Racks,Standard Bank,MC Saatchi Abel a division of The Up Up Group Pty Ltd,Gin n Phonics SAB ABInbev Black Crown Craft Certificate 2025,Finalist,Standard Bank
The Loerie Awards,2025,Retroviral And Runjumpfly Afrobeatanicals,The Undercover Ad,Standard Bank,MC Saatchi Abel a division of The Up Up Group Pty Ltd,Gin n Phonics SAB ABInbev Black Crown Craft Certificate 2025,Finalist,Standard Bank Banking App
The Loerie Awards,2025,Retroviral And Runjumpfly Afrobeatanicals,SMARTA WITH DATA,Airtel,The Partnership PUBLICIS,Gin n Phonics SAB ABInbev Black Crown Craft Certificate 2025,Finalist,Telecommunication
The Loerie Awards,2025,Retroviral And Runjumpfly Afrobeatanicals,SMARTA WITH DATA-Voice AI,Airtel,The Partnership PUBLICIS,Gin n Phonics SAB ABInbev Black Crown Craft Certificate 2025,Finalist,Telecommunication
The Loerie Awards,2025,Retroviral And Runjumpfly Afrobeatanicals,Check My Beat,SA Heart,The MediaShop 1997-013488-07,Gin n Phonics SAB ABInbev Black Crown Craft Certificate 2025,Finalist,Health Care Services
The Loerie Awards,2025,Digital,FoneYam Creative Diversity System,FoneYam,Tenacity division of Pepkor Trading Pty Ltd,SOCIAL MEDIA DESIGN,Finalist,Smartphone Device Rental
The Loerie Awards,2025,Digital,Zebras Crossing,Investec Bank Ltd,Leagas Delaney South Africa Pty Ltd,SOCIAL MEDIA DESIGN,Finalist,Brand
The Loerie Awards,2025,Digital,South African Startup Awards,Startup Club ZA,MakeReign,SOCIAL MEDIA DESIGN,Finalist,Awards Programme
The Loerie Awards,2025,Digital,Walla Visa,Visa,Saatchi Saatchi Middle East,SOCIAL MEDIA DESIGN,Finalist,Card Transactions
The Loerie Awards,2025,Digital,60yrs of Much Much More,Mondelez,VML SA,SOCIAL MEDIA DESIGN,Finalist,Lunch Bar
The Loerie Awards,2025,Digital,Forever Golf,Volkswagen South Africa,Ogilvy,SOCIAL MEDIA DESIGN,Finalist,Golf
The Loerie Awards,2025,Digital,Rewrite the Gap,ItsHerWay,Saatchi Saatchi Middle East,DIGITAL DESIGN,Craft Gold,Published Books
The Loerie Awards,2025,Digital,60yrs of Much Much More,Mondelez,VML SA,DIGITAL DESIGN,Finalist,Lunch Bar
The Loerie Awards,2025,Digital,The Dark Circle Sale,Home Centre,Leo Middle East,DIGITAL DESIGN,Finalist,Furniture
The Loerie Awards,2025,Digital,LeHotel,Dream Hotels Resorts,One Over One,DIGITAL DESIGN,Finalist,Dream Hotels Resorts
The Loerie Awards,2025,Digital,The UpUp Group Website,The UpUp Group,Studio Malvah PTY LTD,DIGITAL DESIGN,Finalist,UpUp Group
The Loerie Awards,2025,Digital,South African Startup Awards,Startup Club ZA,MakeReign,DIGITAL DESIGN,Finalist,Awards Programme
The Loerie Awards,2025,Digital,AddPay,AddPay,MakeReign,DIGITAL DESIGN,Finalist,Payment Solution Provider
The Loerie Awards,2025,Digital,A Visual Symphony,Mzansi National Philharmonic Orchestra,Ogilvy,DIGITAL DESIGN,Finalist,Mzansi National Philharmonic Orchestra Website
The Loerie Awards,2025,Digital,Designing a KFC-obsessed Al With Spicy Pixels,KFC South Africa,Ogilvy,DIGITAL DESIGN,Finalist,KFC Brand
The Loerie Awards,2025,Digital,Sponsored Balls,Testicular Cancer Society,Fortune Promoseven LLC,DIGITAL DESIGN,Gold,Testicular Cancer Awareness
The Loerie Awards,2025,Digital,Save our stay SOS,City Lodge Hotel Group,TBWA Hunt Lascaris Johannesburg Pty Ltd,DIGITAL DESIGN,Silver,City Lodge Hotels
The Loerie Awards,2025,Digital,The 4th Judge,The Ring,BigTime Creative Shop,DIGITAL DESIGN,Silver,Fight Night
The Loerie Awards,2025,Digital,Matchday Meltdown,Showmax,TW Retroviral Grid Worldwide,DIGITAL DESIGN,Bronze,Showmax Premier League
The Loerie Awards,2025,Digital,The Real Injury Time,SAB ABInBev,Ogilvy,DIGITAL DESIGN,Bronze,Carling Black Label
The Loerie Awards,2025,Digital,Bulletproof Park,Gun Free South Africa,MC Saatchi Abel a division of The Up Up Group Pty Ltd,DIGITAL DESIGN,Bronze,Gun Free South Africa
The Loerie Awards,2025,Digital,Recipe for Change,Arla Foods,Fortune Promoseven LLC,DIGITAL DESIGN,Bronze,Puck
The Loerie Awards,2025,Digital,GHOST TOWN,CARREFOURSA,TBWA-Istanbul,DIGITAL DESIGN,Bronze,RETAIL
The Loerie Awards,2025,Digital,TryJanuary,Heineken Beverages South Africa,TBWA- Hunt Lascaris,DIGITAL DESIGN,Finalist,Savanna Cider
The Loerie Awards,2025,Digital,DryJan,Heineken Beverages South Africa,TBWA Hunt Lascaris Johannesburg Pty Ltd,DIGITAL DESIGN,Finalist,Windhoek Beer
The Loerie Awards,2025,Digital,Beyond the Sea,KFC South Africa,Kamuses Ogilvy,DIGITAL DESIGN,Finalist,KFC Brand
The Loerie Awards,2025,Digital,ChampionMom,SAB ABInbev,Retroviral TW and M-Sports Marketing Communications,DIGITAL DESIGN,Finalist,Carling Black Label
The Loerie Awards,2025,Retroviral And Runjumpfly Afrobeatanicals,Insured Billboards,easypaisa,Impact BBDO,Gin n Phonics SAB ABInbev Black Crown Finalist 2025,Finalist,easypaisa
The Loerie Awards,2025,Retroviral And Runjumpfly Afrobeatanicals,Cheetos Pants,Cheetos,Impact BBDO,Gin n Phonics SAB ABInbev Black Crown Finalist 2025,Finalist,Cheetos
The Loerie Awards,2025,Retroviral And Runjumpfly Afrobeatanicals,Buy Mens,Nedbank,Joe Public,Gin n Phonics SAB ABInbev Black Crown Finalist 2025,Finalist,Brand
The Loerie Awards,2025,Retroviral And Runjumpfly Afrobeatanicals,MozaMbique has 2M,ABInBev,Dentsu Mozambique,Gin n Phonics SAB ABInbev Black Crown Finalist 2025,Finalist,2M Beer
The Loerie Awards,2025,Retroviral And Runjumpfly Afrobeatanicals,Show Ghana Love,Previdar,The Odd Number,Gin n Phonics SAB ABInbev Black Crown Finalist 2025,Finalist,Online Magazine
The Loerie Awards,2025,Retroviral And Runjumpfly Afrobeatanicals,NEURAL MURALS,DEPARTMENT OF CULTURE AND TOURISM ABU DHABI,SERVICEPLAN MIDDLE EAST FZ-LLC,Gin n Phonics SAB ABInbev Black Crown Finalist 2025,Finalist,SAADIYAT CULTURE DISTRICT
The Loerie Awards,2025,Retroviral And Runjumpfly Afrobeatanicals,The Bear Joburg Experience,Disney,Clockwork,Gin n Phonics SAB ABInbev Black Crown Finalist 2025,Finalist,Disney
The Loerie Awards,2025,Retroviral And Runjumpfly Afrobeatanicals,Did I hear that,ADASA,Clockwork,Gin n Phonics SAB ABInbev Black Crown Finalist 2025,Finalist,ADASA
The Loerie Awards,2025,Retroviral And Runjumpfly Afrobeatanicals,The F-Show,Sanlam,Accenture Song,Gin n Phonics SAB ABInbev Black Crown Finalist 2025,Finalist,Financial
The Loerie Awards,2025,Retroviral And Runjumpfly Afrobeatanicals,The Unfluencer,KFC,Bananas,Gin n Phonics SAB ABInbev Black Crown Finalist 2025,Finalist,Buldak Dunked Wings
The Loerie Awards,2025,Retroviral And Runjumpfly Afrobeatanicals,LumpDolls,Carrefour,Saatchi Saatchi Middle East,Gin n Phonics SAB ABInbev Black Crown Finalist 2025,Finalist,Dolls
The Loerie Awards,2025,Retroviral And Runjumpfly Afrobeatanicals,Pay With Your Trend,Pizza Hut,Publicis Middle East,Gin n Phonics SAB ABInbev Black Crown Finalist 2025,Finalist,Pizza Hut
The Loerie Awards,2025,Retroviral And Runjumpfly Afrobeatanicals,Not Frozen Pizza,Pizza Hut,Publicis Middle East,Gin n Phonics SAB ABInbev Black Crown Finalist 2025,Finalist,Pizza Hut
The Loerie Awards,2025,Retroviral And Runjumpfly Afrobeatanicals,SAB Sharp,SAB ABInBev,We Are Bizarre Pty Ltd,Gin n Phonics SAB ABInbev Black Crown Finalist 2025,Finalist,SAB Sharp
The Loerie Awards,2025,Live Communications,Social Screen,Heineken,LePub Johannesburg,LIVE EVENTS,Silver,Heineken beer
The Loerie Awards,2025,Live Communications,The Real Injury Time,SAB AbInBev,Ogilvy,LIVE EVENTS,Silver,Carling Black Label
The Loerie Awards,2025,Live Communications,5 vs 5,General Entertainment Authority,BigTime Creative Shop,LIVE EVENTS,Bronze,Fight Night
The Loerie Awards,2025,Live Communications,Shield The Protest,Courageous Conversation Global Foundation,Horizon FCB Dubai,LIVE EVENTS,Bronze,Courageous Conversation Global Foundation
The Loerie Awards,2025,Live Communications,The Bear Joburg Experience,Disney,Clockwork,LIVE EVENTS,Finalist,Disney
The Loerie Awards,2025,Live Communications,Find Your SKY,SKY Girls Kenya,Tandem Digital Company,LIVE EVENTS,Finalist,Find Your SKY - Board Game
The Loerie Awards,2025,Live Communications,SKY Fest,SKY Girls Kenya,Tandem Digital Company,LIVE EVENTS,Finalist,SKY Girls
The Loerie Awards,2025,Live Communications,TryJanuary,Heineken Beverages South Africa,TBWA- Hunt Lascaris,LIVE EVENTS,Finalist,Savanna Cider
The Loerie Awards,2025,Live Communications,The Luxurious Marble Circus,The Marble Group,Grid Worldwide,LIVE EVENTS,Finalist,The Luxurious Marble Circus
The Loerie Awards,2025,Live Communications,Wrapped OCo Run the Distance,Spotify,Machine-,LIVE EVENTS,Finalist,Spotify Africa
The Loerie Awards,2025,Live Communications,The 4th Judge,The Ring,BigTime Creative Shop,LIVE ACTIVATIONS,Gold,The Ring
The Loerie Awards,2025,Live Communications,Sun Courts,Nivea,Saatchi Saatchi Middle East,LIVE ACTIVATIONS,Bronze,Nivea Sun
The Loerie Awards,2025,Live Communications,The Unburied Casket,Women For Change,Edelman,LIVE ACTIVATIONS,Bronze,Women For Change
The Loerie Awards,2025,Live Communications,Wasted Food,SAB ABInBev,Joe Public,LIVE ACTIVATIONS,Finalist,Flying Fish
The Loerie Awards,2025,Live Communications,Phones Down Picnic,SAB ABInBev,Joe Public,LIVE ACTIVATIONS,Finalist,Brutal Fruit Spritzer
The Loerie Awards,2025,Live Communications,AInything for the Taste in Cinema,KFC South Africa,Ogilvy,LIVE ACTIVATIONS,Finalist,KFC Brand
The Loerie Awards,2025,Live Communications,AInything for the Taste in Drive-Thru,KFC South Africa,Ogilvy,LIVE ACTIVATIONS,Finalist,KFC Brand
The Loerie Awards,2025,Live Communications,Check My Beat- Heart Health Tracks,Heart SA,McCann Worldgroup South Africa Pty Ltd t-a McCann Joburg,LIVE ACTIVATIONS,Finalist,Heart Screenings
The Loerie Awards,2025,Live Communications,The Lazy Helpline,Sting,Impact BBDO,LIVE ACTIVATIONS,Finalist,Sting
The Loerie Awards,2025,Live Communications,Unwanted Sites,AfriSam,Promise,LIVE ACTIVATIONS,Finalist,Construction Materials
The Loerie Awards,2025,Live Communications,Party now Peri later campaign,Nandos,VML SA,LIVE ACTIVATIONS,Finalist,Nandos
The Loerie Awards,2025,Live Communications,LumpDolls,Carrefour,Saatchi Saatchi Middle East,LIVE ACTIVATIONS,Finalist,Dolls
The Loerie Awards,2025,Live Communications,The F-Show,Sanlam,Accenture Song,LIVE ACTIVATIONS,Finalist,Financial
The Loerie Awards,2025,Live Communications,Crime Mystery Month,Netflix South Africa,Fairchild Creative,LIVE ACTIVATIONS,Finalist,Crime Mystery Month
The Loerie Awards,2025,Live Communications,Fly Gogos,SAB ABInBev,We Are Bizarre Pty Ltd,LIVE ACTIVATIONS,Finalist,Flying Fish
The Loerie Awards,2025,Live Communications,McMenuless,McDonalds,Leo Middle East,LIVE ACTIVATIONS,Finalist,McDonalds Products
The Loerie Awards,2025,Live Communications,Not Frozen Pizza,Pizza Hut,Publicis Middle East,LIVE ACTIVATIONS,Finalist,Pizza Hut
The Loerie Awards,2025,Live Communications,Sponsored Balls,Testicular Cancer Society,Fortune Promoseven LLC,SPONSORSHIP,Silver,Testicular Cancer Awareness
The Loerie Awards,2025,Live Communications,Matchday Meltdown,Showmax,TW Retroviral Grid Worldwide,SPONSORSHIP,Finalist,Showmax Premier League
The Loerie Awards,2025,Live Communications,The Luxurious Marble Circus,The Marble Group,Grid Worldwide,SPONSORSHIP,Finalist,The Luxurious Marble Circus
The Loerie Awards,2025,Live Communications,Stitched With Cheer,Tusker Lager,Dentsu Creative Kenya,SPONSORSHIP,Finalist,Team Kenya Olympics
The Loerie Awards,2025,Live Communications,The 4th Judge,The Ring,BigTime Creative Shop,LIVE CRAFTS,Craft Gold,The Ring
The Loerie Awards,2025,Live Communications,Social Screen,Heineken,LePub Johannesburg,LIVE CRAFTS,Craft Certificate,Heineken beer
The Loerie Awards,2025,Live Communications,The F-Show,Sanlam,Accenture Song,LIVE CRAFTS,Finalist,Financial
The Loerie Awards,2025,Live Communications,Check My Beat- Heart Health Tracks,Heart SA,McCann Worldgroup South Africa Pty Ltd t-a McCann Joburg,LIVE CRAFTS,Finalist,Heart Screenings
The Loerie Awards,2025,Live Communications,Matchday Meltdown,Showmax,TW Retroviral Grid Worldwide,LIVE CRAFTS,Finalist,Showmax Premier League
The Loerie Awards,2025,Media Innovation,Unwanted Sites,AfriSam,Promise,SINGLE MEDIUM ELEMENT,Gold,Construction Materials
The Loerie Awards,2025,Media Innovation,The Real Injury Time,SAB AbInBev,Ogilvy,SINGLE MEDIUM ELEMENT,Silver,Carling Black Label
The Loerie Awards,2025,Media Innovation,DryJan,Heineken Beverages South Africa,TBWA Hunt Lascaris Johannesburg Pty Ltd,SINGLE MEDIUM ELEMENT,Silver,Windhoek Beer
The Loerie Awards,2025,Media Innovation,There We Are,Home Centre,Publicis Middle East,SINGLE MEDIUM ELEMENT,Bronze,Furniture
The Loerie Awards,2025,Media Innovation,Audi TikTok Test Drive,Audi South Africa,Ogilvy,SINGLE MEDIUM ELEMENT,Bronze,Audi RS 3
The Loerie Awards,2025,Media Innovation,MozaMbique has 2M,ABInBev,Create Mozambique,SINGLE MEDIUM ELEMENT,Finalist,2M Beer
The Loerie Awards,2025,Media Innovation,Martell Tower,Pernod Ricard,PHD Media Nigeria,SINGLE MEDIUM ELEMENT,Finalist,Martell
The Loerie Awards,2025,Media Innovation,Pay With Your Trend,Pizza Hut,Publicis Middle East,SINGLE MEDIUM ELEMENT,Finalist,Pizza Hut
The Loerie Awards,2025,Media Innovation,Not Frozen Pizza,Pizza Hut,Publicis Middle East,SINGLE MEDIUM ELEMENT,Finalist,Pizza Hut
The Loerie Awards,2025,Media Innovation,Ruby Blooms,Nana,Saatchi Saatchi Middle East,SINGLE MEDIUM ELEMENT,Finalist,Sanitary Pads
The Loerie Awards,2025,Media Innovation,Shield The Protest,Courageous Conversation Global Foundation,Horizon FCB Dubai,SINGLE MEDIUM ELEMENT,Finalist,Courageous Conversation Global Foundation
The Loerie Awards,2025,Media Innovation,Behind the Label,The Salvation Army,Clockwork,SINGLE MEDIUM ELEMENT,Finalist,The Salvation Army
The Loerie Awards,2025,Media Innovation,Shattered Screens,Cell C,SHIFT,SINGLE MEDIUM ELEMENT,Finalist,Cell C
The Loerie Awards,2025,Media Innovation,The worlds smallest print ad,Heineken Beverages South Africa,TBWA Hunt Lascaris Johannesburg Pty Ltd,SINGLE MEDIUM ELEMENT,Finalist,Windhoek Beer
The Loerie Awards,2025,Media Innovation,The hidden billboard,Heineken Beverages South Africa,TBWA Hunt Lascaris Johannesburg Pty Ltd,SINGLE MEDIUM ELEMENT,Finalist,Windhoek Beer
The Loerie Awards,2025,Media Innovation,Sams Stacks,PepsiCo,Machine-,SINGLE MEDIUM ELEMENT,Finalist,SASKO
The Loerie Awards,2025,Media Innovation,Cheetos Pants,Cheetos,Impact BBDO,SINGLE MEDIUM ELEMENT,Finalist,Cheetos
The Loerie Awards,2025,Media Innovation,Female Guardian,Nedbank,Joe Public,SINGLE MEDIUM ELEMENT,Finalist,Nedbank
The Loerie Awards,2025,Media Innovation,Out of Your Home,SAB ABInBev,Joe Public,SINGLE MEDIUM ELEMENT,Finalist,Flying Fish
The Loerie Awards,2025,Media Innovation,Protective Hairstyles,AfriSam AfroBoutique,Promise,MULTIPLE MEDIA CAMPAIGN,Finalist,Construction Materials - Hair products
The Loerie Awards,2025,Media Innovation,Sun Courts,Nivea,Saatchi Saatchi Middle East,MULTIPLE MEDIA CAMPAIGN,Finalist,Nivea Sun
The Loerie Awards,2025,Media Innovation,The Dark Circle Sale,Home Centre,Leo Middle East,MULTIPLE MEDIA CAMPAIGN,Finalist,Furniture
The Loerie Awards,2025,Media Innovation,GHOST TOWN,CARREFOURSA,TBWA-Istanbul,MULTIPLE MEDIA CAMPAIGN,Finalist,RETAIL
The Loerie Awards,2025,Media Innovation,Sun Courts,Nivea,Saatchi Saatchi Middle East,CHANNEL CREATIVITY,Gold,Nivea Sun
The Loerie Awards,2025,Media Innovation,There We Are,Home Centre,Publicis Middle East,CHANNEL CREATIVITY,Silver,Furniture
The Loerie Awards,2025,Media Innovation,KFC Sauce Code,KFC South Africa,Ogilvy,CHANNEL CREATIVITY,Bronze,KFC Comic Con Africa
The Loerie Awards,2025,Media Innovation,Track Your Racks,Standard Bank,MC Saatchi Abel a division of The Up Up Group Pty Ltd,CHANNEL CREATIVITY,Bronze,Standard Bank
The Loerie Awards,2025,Media Innovation,Pay With Your Trend,Pizza Hut,Publicis Middle East,CHANNEL CREATIVITY,Bronze,Pizza Hut
The Loerie Awards,2025,Media Innovation,Auto Reply-Break,KitKat,Publicis Middle East,CHANNEL CREATIVITY,Bronze,KitKat
The Loerie Awards,2025,Media Innovation,Sloom NapBot,Sloom,TBWA- Hunt Lascaris,CHANNEL CREATIVITY,Finalist,WhatsApp Bot
The Loerie Awards,2025,Media Innovation,Audi TikTok Test Drive,Audi South Africa,Ogilvy,CHANNEL CREATIVITY,Finalist,Audi RS 3
The Loerie Awards,2025,Media Innovation,Bringing The Ultimate Taste Test To Life Live MakeItKFC,KFC South Africa,Ogilvy,CHANNEL CREATIVITY,Finalist,KFC
The Loerie Awards,2025,Media Innovation,Insured Billboards,easypaisa,Impact BBDO,CHANNEL CREATIVITY,Finalist,easypaisa
The Loerie Awards,2025,Media Innovation,Sams Stacks,PepsiCo,Machine-,CHANNEL CREATIVITY,Finalist,SASKO
The Loerie Awards,2025,Media Innovation,Sponsored Balls,Testicular Cancer Society,Fortune Promoseven LLC,CHANNEL CREATIVITY,Finalist,Testicular Cancer Awareness
The Loerie Awards,2025,Media Innovation,The Unfluencer,KFC,Bananas,CHANNEL CREATIVITY,Finalist,Buldak Dunked Wings
The Loerie Awards,2025,Media Innovation,The Dark Circle Sale,Home Centre,Leo Middle East,CHANNEL CREATIVITY,Finalist,Furniture
The Loerie Awards,2025,Media Innovation,Ruby Blooms,Nana,Saatchi Saatchi Middle East,CHANNEL CREATIVITY,Finalist,Sanitary Pads
The Loerie Awards,2025,Media Innovation,Unwanted Sites,AfriSam,Promise,CHANNEL CREATIVITY,Finalist,Construction Materials
The Loerie Awards,2025,Media Innovation,Toyota Reclaims Toyota,ALJ Toyota,SERVICEPLAN MIDDLE EAST FZ-LLC,CHANNEL CREATIVITY,Finalist,Toyota
The Loerie Awards,2025,Media Innovation,Speedy Disclaimer Hijack,Sting,Impact BBDO,CHANNEL CREATIVITY,Finalist,Energy Drink
The Loerie Awards,2025,Media Innovation,Not Frozen Pizza,Pizza Hut,Publicis Middle East,CHANNEL CREATIVITY,Finalist,Pizza Hut
The Loerie Awards,2025,Media Innovation,GHOST TOWN,CARREFOURSA,TBWA-Istanbul,CHANNEL CREATIVITY,Finalist,RETAIL
The Loerie Awards,2025,Media Innovation,MozaMbique has 2M,ABInBev,Create Mozambique,CHANNEL CREATIVITY,Finalist,2M Beer
The Loerie Awards,2025,Media Innovation,SMARTA WITH DATA,Airtel,The Partnership PUBLICIS,CHANNEL CREATIVITY,Finalist,Telecommunication
The Loerie Awards,2025,Media Innovation,Protective Hairstyles,AfriSam AfroBoutique,Promise,AUDIENCE INSIGHTS INNOVATION,Silver,Construction Materials - Hair products
The Loerie Awards,2025,Media Innovation,The F-Show,Sanlam,Accenture Song,AUDIENCE INSIGHTS INNOVATION,Silver,Financial
The Loerie Awards,2025,Media Innovation,Ruby Blooms,Nana,Saatchi Saatchi Middle East,AUDIENCE INSIGHTS INNOVATION,Silver,Sanitary Pads
The Loerie Awards,2025,Media Innovation,Cheetos Pants,Cheetos,Impact BBDO,AUDIENCE INSIGHTS INNOVATION,Bronze,Cheetos
The Loerie Awards,2025,Media Innovation,Unwanted Sites,AfriSam,Promise,AUDIENCE INSIGHTS INNOVATION,Bronze,Construction Materials
The Loerie Awards,2025,Media Innovation,Toyota Reclaims Toyota,ALJ Toyota,SERVICEPLAN MIDDLE EAST FZ-LLC,AUDIENCE INSIGHTS INNOVATION,Finalist,Toyota
The Loerie Awards,2025,Media Innovation,The Undercover Ad,Standard Bank,MC Saatchi Abel a division of The Up Up Group Pty Ltd,AUDIENCE INSIGHTS INNOVATION,Finalist,Standard Bank Banking App
The Loerie Awards,2025,Media Innovation,The Dark Circle Sale,Home Centre,Leo Middle East,AUDIENCE INSIGHTS INNOVATION,Finalist,Furniture
The Loerie Awards,2025,Media Innovation,AfriKaraoke,SAB ABInBev,iProspect,AUDIENCE INSIGHTS INNOVATION,Finalist,Castle Milk Stout
The Loerie Awards,2025,Media Innovation,McMenuless,McDonalds,Leo Middle East,AUDIENCE INSIGHTS INNOVATION,Finalist,McDonalds Products
The Loerie Awards,2025,Media Innovation,Pay With Your Trend,Pizza Hut,Publicis Middle East,AUDIENCE INSIGHTS INNOVATION,Finalist,Pizza Hut
The Loerie Awards,2025,Media Innovation,Not Frozen Pizza,Pizza Hut,Publicis Middle East,AUDIENCE INSIGHTS INNOVATION,Finalist,Pizza Hut
The Loerie Awards,2025,Media Innovation,Auto Reply-Break,KitKat,Publicis Middle East,AUDIENCE INSIGHTS INNOVATION,Finalist,KitKat
The Loerie Awards,2025,Media Innovation,The McDonalds Exchange Rate,McDonalds,Leo Middle East,AUDIENCE INSIGHTS INNOVATION,Finalist,McDonalds Products
The Loerie Awards,2025,Media Innovation,LEAK FOR REAL,PUMA,Lion Communication FZ - LLC,AUDIENCE INSIGHTS INNOVATION,Finalist,AL HILAL FC KIT 2024-25
The Loerie Awards,2025,Media Innovation,There We Are,Home Centre,Publicis Middle East,USE OF BRAND OR PRODUCT INTEGRATION,Bronze,Furniture
The Loerie Awards,2025,Media Innovation,Walla Visa,Visa,Saatchi Saatchi Middle East,USE OF BRAND OR PRODUCT INTEGRATION,Bronze,Card Transactions
The Loerie Awards,2025,Media Innovation,Not Frozen Pizza,Pizza Hut,Publicis Middle East,USE OF BRAND OR PRODUCT INTEGRATION,Finalist,Pizza Hut
The Loerie Awards,2025,Media Innovation,Auto Reply-Break,KitKat,Publicis Middle East,USE OF BRAND OR PRODUCT INTEGRATION,Finalist,KitKat
The Loerie Awards,2025,Media Innovation,Jeep Grille Grill,Jeep,Lion Communication FZ - LLC,USE OF BRAND OR PRODUCT INTEGRATION,Finalist,Wrangler
The Loerie Awards,2025,Media Innovation,LumpDolls,Carrefour,Saatchi Saatchi Middle East,USE OF BRAND OR PRODUCT INTEGRATION,Finalist,Dolls
The Loerie Awards,2025,Media Innovation,The Dark Circle Sale,Home Centre,Leo Middle East,USE OF BRAND OR PRODUCT INTEGRATION,Finalist,Furniture
The Loerie Awards,2025,Media Innovation,Unboxing Skin,Nivea,Saatchi Saatchi Middle East,USE OF BRAND OR PRODUCT INTEGRATION,Finalist,Nivea Sun
The Loerie Awards,2025,Media Innovation,Behind the Label,The Salvation Army,Clockwork,USE OF BRAND OR PRODUCT INTEGRATION,Finalist,The Salvation Army
The Loerie Awards,2025,Media Innovation,Unwanted Sites,AfriSam,Promise,USE OF BRAND OR PRODUCT INTEGRATION,Finalist,Construction Materials
The Loerie Awards,2025,Media Innovation,Bulletproof Park,Gun Free South Africa,MC Saatchi Abel a division of The Up Up Group Pty Ltd,USE OF BRAND OR PRODUCT INTEGRATION,Finalist,Gun Free South Africa
The Loerie Awards,2025,Media Innovation,The Real Injury Time,SAB AbInBev,Ogilvy,CREATIVE USE OF DATA-DRIVEN TARGETING,Finalist,Carling Black Label
The Loerie Awards,2025,Media Innovation,Cardvert,e,Saatchi Saatchi Middle East,CREATIVE USE OF DATA-DRIVEN TARGETING,Finalist,Digital Wallet
The Loerie Awards,2025,Media Innovation,Solar Savings,Nivea,Saatchi Saatchi Middle East,CREATIVE USE OF DATA-DRIVEN TARGETING,Finalist,Nivea Sun
The Loerie Awards,2025,Media Innovation,Goalsave,TymeBank,The Odd Number,CREATIVE USE OF DATA-DRIVEN TARGETING,Finalist,Savings
The Loerie Awards,2025,Media Innovation,Track Your Racks,Standard Bank,MC Saatchi Abel a division of The Up Up Group Pty Ltd,CREATIVE USE OF DATA-DRIVEN TARGETING,Finalist,Standard Bank
The Loerie Awards,2025,Media Innovation,There We Are,Home Centre,Publicis Middle East,CREATIVE USE OF DATA-DRIVEN TARGETING,Finalist,Furniture
The Loerie Awards,2025,Media Innovation,The McDonalds Exchange Rate,McDonalds,Leo Middle East,CREATIVE USE OF DATA INTEGRATION,Finalist,McDonalds Products
The Loerie Awards,2025,Media Innovation,The Dark Circle Sale,Home Centre,Leo Middle East,CREATIVE USE OF DATA INTEGRATION,Finalist,Furniture
The Loerie Awards,2025,Media Innovation,Rewrite the Gap,ItsHerWay,Saatchi Saatchi Middle East,CREATIVE USE OF DATA INTEGRATION,Finalist,Published Books
The Loerie Awards,2025,Media Innovation,Cadbury OCGive A Little ThanksOC Festive,Mondelez,Ogilvy,CREATIVE USE OF DATA INTEGRATION,Finalist,Cadbury Dairy Milk Chocolate
The Loerie Awards,2025,Media Innovation,FakUgesi Carling Cup,SAB AbInBev,Ogilvy,CREATIVE USE OF DATA INTEGRATION,Finalist,Carling Black Label
The Loerie Awards,2025,Media Innovation,The F-Show,Sanlam,Accenture Song,BRAND IP CO-CREATION,Finalist,Financial
The Loerie Awards,2025,Media Innovation,The Luxurious Marble Circus,The Marble Group,Grid Worldwide,BRAND IP CO-CREATION,Finalist,The Luxurious Marble Circus
The Loerie Awards,2025,Media Innovation,Pay With Your Trend,Pizza Hut,Publicis Middle East,E-COMMERCE MEDIA CREATIVITY,Finalist,Pizza Hut
The Loerie Awards,2025,Media Innovation,Auto Reply-Break,KitKat,Publicis Middle East,E-COMMERCE MEDIA CREATIVITY,Finalist,KitKat
The Loerie Awards,2025,Media Innovation,The McDonalds Exchange Rate,McDonalds,Leo Middle East,E-COMMERCE MEDIA CREATIVITY,Finalist,McDonalds Products
The Loerie Awards,2025,Media Innovation,In-Snore Coupons,SleepZone,Impact BBDO,E-COMMERCE MEDIA CREATIVITY,Finalist,SleepZone
The Loerie Awards,2025,Media Innovation,Cardvert,e,Saatchi Saatchi Middle East,E-COMMERCE MEDIA CREATIVITY,Finalist,Digital Wallet
The Loerie Awards,2025,Media Innovation,The Dark Circle Sale,Home Centre,Leo Middle East,E-COMMERCE MEDIA CREATIVITY,Finalist,Furniture
The Loerie Awards,2025,Media Innovation,Heineken UCL Delivery,Heineken,Dentsu Red Star,E-COMMERCE MEDIA CREATIVITY,Finalist,Heineken
The Loerie Awards,2025,Media Innovation,Walla Visa,Visa,Saatchi Saatchi Middle East,SOCIAL COMMERCE MEDIA CREATIVITY,Finalist,Card Transactions
The Loerie Awards,2025,Media Innovation,Pay With Your Trend,Pizza Hut,Publicis Middle East,SOCIAL COMMERCE MEDIA CREATIVITY,Finalist,Pizza Hut
The Loerie Awards,2025,Media Innovation,LEAK FOR REAL,PUMA,Lion Communication FZ - LLC,SOCIAL COMMERCE MEDIA CREATIVITY,Finalist,AL HILAL FC KIT 2024-25
The Loerie Awards,2025,Media Innovation,The McDonalds Exchange Rate,McDonalds,Leo Middle East,MEDIA TECH CREATIVITY,Finalist,McDonalds Products
The Loerie Awards,2025,Media Innovation,Stitched With Cheer,Tusker Lager,Dentsu Creative Kenya,MEDIA TECH CREATIVITY,Finalist,Team Kenya Olympics
The Loerie Awards,2025,Media Innovation,Social Screen,Heineken,LePub Johannesburg,MEDIA TECH CREATIVITY,Finalist,Heineken beer
The Loerie Awards,2025,Media Innovation,Save our stay SOS,City Lodge Hotel Group,TBWA Hunt Lascaris Johannesburg Pty Ltd,GEO TARGETING CREATIVITY,Bronze,City Lodge Hotels
The Loerie Awards,2025,Media Innovation,Cardvert,e,Saatchi Saatchi Middle East,GEO TARGETING CREATIVITY,Finalist,Digital Wallet
The Loerie Awards,2025,Media Innovation,Solar Savings,Nivea,Saatchi Saatchi Middle East,GEO TARGETING CREATIVITY,Finalist,Nivea Sun
The Loerie Awards,2025,Media Innovation,The Extra Cold Quest,SAB ABInBev,iProspect,GEO TARGETING CREATIVITY,Finalist,Castle Lite
The Loerie Awards,2025,Media Innovation,FOREVER GOLF,Volkswagen South Africa,Ogilvy,GEO TARGETING CREATIVITY,Finalist,Golf
The Loerie Awards,2025,Media Innovation,Cadbury OCGive A Little ThanksOC Festive,Mondelez,Ogilvy,GEO TARGETING CREATIVITY,Finalist,Cadbury Dairy Milk Chocolate
The Loerie Awards,2025,Media Innovation,The Snap Hack,Netflix,Science Sunshine,GEO TARGETING CREATIVITY,Finalist,Squid Game
The Loerie Awards,2025,Media Innovation,Social Screen,Heineken,LePub Johannesburg,USE OF TECHNICAL MEDIA INNOVATION,Bronze,Heineken beer
The Loerie Awards,2025,Media Innovation,The Undercover Ad,Standard Bank,MC Saatchi Abel a division of The Up Up Group Pty Ltd,USE OF TECHNICAL MEDIA INNOVATION,Finalist,Standard Bank Banking App
The Loerie Awards,2025,Media Innovation,Walla Visa,Visa,Saatchi Saatchi Middle East,USE OF TECHNICAL MEDIA INNOVATION,Finalist,Card Transactions
The Loerie Awards,2025,Media Innovation,Merkury Telkom,Telkom,dentsu ssa,USE OF TECHNICAL MEDIA INNOVATION,Finalist,Telkom
The Loerie Awards,2025,Media Innovation,Shield The Protest,Courageous Conversation Global Foundation,Horizon FCB Dubai,USE OF TECHNICAL MEDIA INNOVATION,Finalist,Courageous Conversation Global Foundation
The Loerie Awards,2025,Media Innovation,Hewa Safi Project,NCBA,Dentsu Creative Kenya,USE OF TECHNICAL MEDIA INNOVATION,Finalist,Air Filtering Billboard
The Loerie Awards,2025,Media Innovation,Safety Mouse,Salam,Digitas ME,USE OF TECHNICAL MEDIA INNOVATION,Finalist,Safety Mouse
The Loerie Awards,2025,Media Innovation,There We Are,Home Centre,Publicis Middle East,MEDIA INNOVATION CRAFTS,Craft Certificate,Furniture
The Loerie Awards,2025,Media Innovation,Safety Mouse,Salam,Digitas ME,MEDIA INNOVATION CRAFTS,Finalist,Safety Mouse
The Loerie Awards,2025,Media Innovation,Auto Reply-Break,KitKat,Publicis Middle East,MEDIA INNOVATION CRAFTS,Finalist,KitKat
The Loerie Awards,2025,Media Innovation,There We Are,Home Centre,Publicis Middle East,MEDIA INNOVATION CRAFTS,Finalist,Furniture
The Loerie Awards,2025,Media Innovation,There We Are,Home Centre,Publicis Middle East,MEDIA INNOVATION CRAFTS,Finalist,Furniture
The Loerie Awards,2025,Media Innovation,The F-Show,Sanlam,Accenture Song,MEDIA INNOVATION CRAFTS,Finalist,Financial
The Loerie Awards,2025,Media Innovation,Pulse,Heineken,Denstu Red Star,MEDIA INNOVATION CRAFTS,Finalist,Pulse
The Loerie Awards,2025,Media Innovation,LumpDolls,Carrefour,Saatchi Saatchi Middle East,MEDIA INNOVATION CRAFTS,Finalist,Dolls
The Loerie Awards,2025,Media Innovation,The Dark Circle Sale,Home Centre,Leo Middle East,MEDIA INNOVATION CRAFTS,Finalist,Furniture
The Loerie Awards,2025,Media Innovation,MozaMbique has 2M,ABInbev,Dentsu Mozambique,MEDIA INNOVATION CRAFTS,Finalist,2M Beer
The Loerie Awards,2025,Media Innovation,Speedy Disclaimer Hijack,Sting,Impact BBDO,MEDIA INNOVATION CRAFTS,Finalist,Energy Drink
The Loerie Awards,2025,Media Innovation,Toyota Reclaims Toyota,ALJ Toyota,SERVICEPLAN MIDDLE EAST FZ-LLC,MEDIA INNOVATION CRAFTS,Finalist,Toyota
The Loerie Awards,2025,Media Innovation,Toyota Reclaims Toyota,ALJ Toyota,SERVICEPLAN MIDDLE EAST FZ-LLC,MEDIA INNOVATION CRAFTS,Finalist,Toyota
The Loerie Awards,2025,Media Innovation,Toyota Reclaims Toyota,ALJ Toyota,SERVICEPLAN MIDDLE EAST FZ-LLC,MEDIA INNOVATION CRAFTS,Finalist,Toyota
The Loerie Awards,2025,Media Innovation,Homes Need Pets,Byron Thomas Properties,Clockwork,MEDIA INNOVATION CRAFTS,Finalist,Byron Thomas Properties
The Loerie Awards,2025,Media Innovation,Its The Little Things,Chicken Licken,Joe Public,MEDIA INNOVATION CRAFTS,Finalist,Super Slider Mix 4
The Loerie Awards,2025,Media Innovation,FakUgesi Carling Cup,SAB ABInBev,Ogilvy,MEDIA INNOVATION CRAFTS,Finalist,Carling Black Label
The Loerie Awards,2025,Media Innovation,Audi TikTok Test Drive,Audi South Africa,Ogilvy,MEDIA INNOVATION CRAFTS,Finalist,Audi RS 3
The Loerie Awards,2025,Out Of Home,Max Speed,Heineken,LePub Johannesburg,OUTDOOR MEDIA,Silver,Heineken beer
The Loerie Awards,2025,Out Of Home,Unwanted Sites,AfriSam,Promise,OUTDOOR MEDIA,Silver,Construction Materials
The Loerie Awards,2025,Out Of Home,The hidden billboard,Heineken Beverages South Africa,TBWA Hunt Lascaris Johannesburg Pty Ltd,OUTDOOR MEDIA,Bronze,Windhoek Beer
The Loerie Awards,2025,Out Of Home,HIS-OURS,GA Insurance,The Partnership PUBLICIS,OUTDOOR MEDIA,Finalist,Insurance
The Loerie Awards,2025,Out Of Home,InVisible,UN Women,Impact BBDO,OUTDOOR MEDIA,Finalist,Domestic violence hotline
The Loerie Awards,2025,Out Of Home,InVisible,UN Women,Impact BBDO,OUTDOOR MEDIA,Finalist,Domestic violence hotline
The Loerie Awards,2025,Out Of Home,Hewa Safi Project,NCBA,Dentsu Creative Kenya,OUTDOOR MEDIA,Finalist,Air Filtering Billboard
The Loerie Awards,2025,Out Of Home,Insured Billboards,easypaisa,Impact BBDO,OUTDOOR MEDIA,Finalist,easypaisa
The Loerie Awards,2025,Out Of Home,The Out Of Office Out Of Home,Pineapple,Halo,OUTDOOR MEDIA,Finalist,Insurace
The Loerie Awards,2025,Out Of Home,The Out Of Office Out Of Home,Pineapple,Halo,OUTDOOR MEDIA,Finalist,Insurace
The Loerie Awards,2025,Out Of Home,Insurance is like,Pineapple,Halo,OUTDOOR MEDIA,Finalist,Insurace
The Loerie Awards,2025,Out Of Home,Insurance is like,Pineapple,Halo,OUTDOOR MEDIA,Finalist,Insurace
The Loerie Awards,2025,Out Of Home,Insurance is like,Pineapple,Halo,OUTDOOR MEDIA,Finalist,Insurace
The Loerie Awards,2025,Out Of Home,The Out Of Office Out Of Home,Pineapple,Halo,OUTDOOR MEDIA,Finalist,Insurace
The Loerie Awards,2025,Out Of Home,Buy Mens It costs less,Nedbank,Joe Public,OUTDOOR MEDIA,Finalist,Retail
The Loerie Awards,2025,Out Of Home,Buy Mens It costs less,Nedbank,Joe Public,OUTDOOR MEDIA,Finalist,Brand
The Loerie Awards,2025,Out Of Home,Buy Mens It costs less,Nedbank,Joe Public,OUTDOOR MEDIA,Finalist,Brand
The Loerie Awards,2025,Out Of Home,Buy Mens It costs less,Nedbank,Joe Public,OUTDOOR MEDIA,Finalist,Brand
The Loerie Awards,2025,Out Of Home,Money Warnings,Nedbank,Joe Public,OUTDOOR MEDIA,Finalist,Brand
The Loerie Awards,2025,Out Of Home,Buy Mens It costs less,Nedbank,Joe Public,OUTDOOR MEDIA,Finalist,Retail
The Loerie Awards,2025,Out Of Home,Buy Mens It costs less,Nedbank,Joe Public,OUTDOOR MEDIA,Finalist,Retail
The Loerie Awards,2025,Out Of Home,Buy Mens It costs less,Nedbank,Joe Public,OUTDOOR MEDIA,Finalist,Retail
The Loerie Awards,2025,Out Of Home,Buy Mens It costs less,Nedbank,Joe Public,OUTDOOR MEDIA,Finalist,Brand
The Loerie Awards,2025,Out Of Home,Forever Golf,Volkswagen South Africa,Ogilvy,OUTDOOR MEDIA,Finalist,Golf
The Loerie Awards,2025,Out Of Home,Sitting Man,Diageo,TBWA- Hunt Lascaris,OUTDOOR MEDIA,Finalist,Johnnie Walker
The Loerie Awards,2025,Out Of Home,Cheetos Pants posters,Cheetos,Impact BBDO,IN-STORE,Finalist,Cheetos
The Loerie Awards,2025,Out Of Home,Notes On Notes,Capital Bank of Jordan,Impact BBDO,IN-STORE,Finalist,Capital Bank of Jordan
The Loerie Awards,2025,Out Of Home,Notes On Notes,Capital Bank of Jordan,Impact BBDO,IN-STORE,Finalist,Capital Bank of Jordan
The Loerie Awards,2025,Out Of Home,Cheetos Pants posters,Cheetos,Impact BBDO,IN-STORE,Finalist,Cheetos
The Loerie Awards,2025,Out Of Home,Cheetos Pants posters,Cheetos,Impact BBDO,IN-STORE,Finalist,Cheetos
The Loerie Awards,2025,Out Of Home,McMenuless,McDonalds,Leo Middle East,IN-STORE,Finalist,McDonalds Products
The Loerie Awards,2025,Out Of Home,Not Frozen Pizza,Pizza Hut,Publicis Middle East,IN-STORE,Finalist,Pizza Hut
The Loerie Awards,2025,Out Of Home,SAB 130,SAB ABInBev,Boundless - The Unlimited Agency Pty Ltd,TRANSIT AIR,Finalist,SAB Corporate
The Loerie Awards,2025,Out Of Home,Kicks Key,Nissan ME,Digitas ME,DIRECT MAIL,Bronze,Nissan Kicks
The Loerie Awards,2025,Out Of Home,Mobile Cooler,Heineken,LePub Johannesburg,DIRECT MAIL,Bronze,Heineken beer
The Loerie Awards,2025,Out Of Home,Ruby Blooms,Nana,Saatchi Saatchi Middle East,DIRECT MAIL,Bronze,Sanitary Pads
The Loerie Awards,2025,Out Of Home,Savanna Neat,Heineken Beverages South Africa,TBWA- Hunt Lascaris,DIRECT MAIL,Bronze,Savanna Cider
The Loerie Awards,2025,Out Of Home,Bring back lost lover,Showmax,distrikt 9,DIRECT MAIL,Finalist,Ubuthe Uzobuya
The Loerie Awards,2025,Out Of Home,Adoptim - Take one,NSPCA,Boundless - The Unlimited Agency Pty Ltd,DIRECT MAIL,Finalist,SPCA
The Loerie Awards,2025,Out Of Home,Forever Golf,Volkswagen South Africa,Ogilvy,DIRECT MAIL,Finalist,Golf
The Loerie Awards,2025,Out Of Home,TryJanuary,Heineken Beverages South Africa,TBWA- Hunt Lascaris,DIRECT MAIL,Finalist,Savanna Cider
The Loerie Awards,2025,Out Of Home,Sponsored Balls,Testicular Cancer Society,Fortune Promoseven LLC,AMBIENT,Gold,Testicular Cancer Awareness
The Loerie Awards,2025,Out Of Home,Cheetos Pants,Cheetos,Impact BBDO,AMBIENT,Silver,Cheetos
The Loerie Awards,2025,Out Of Home,Social Screen,Heineken,LePub Johannesburg,AMBIENT,Silver,Heineken beer
The Loerie Awards,2025,Out Of Home,GHOST TOWN,CARREFOURSA,TBWA-Istanbul,AMBIENT,Silver,RETAIL
The Loerie Awards,2025,Out Of Home,The Real Injury Time,SAB ABInBev,Ogilvy,AMBIENT,Bronze,Carling Black Label
The Loerie Awards,2025,Out Of Home,Shattered Screens,Cell C,SHIFT,AMBIENT,Bronze,Cell C
The Loerie Awards,2025,Out Of Home,Sun Courts,Nivea,Saatchi Saatchi Middle East,AMBIENT,Bronze,Nivea Sun
The Loerie Awards,2025,Out Of Home,Trade-Up,Heinz,Leo Middle East,AMBIENT,Bronze,Ketchup
The Loerie Awards,2025,Out Of Home,THE DESERT RUNNER,adidas,Havas Middle East,AMBIENT,Bronze,DR ADIZERO BOSTON 12 DUB SHOES
The Loerie Awards,2025,Out Of Home,The Impossible Taxi,UAE Government Media Office,Impact BBDO,AMBIENT,Finalist,UAE
The Loerie Awards,2025,Out Of Home,Shattered Screens,Cell C,SHIFT,AMBIENT,Finalist,Cell C
The Loerie Awards,2025,Out Of Home,Shattered Screens,Cell C,SHIFT,AMBIENT,Finalist,Cell C
The Loerie Awards,2025,Out Of Home,Savanna TryJanuary,Savanna,Dentsu Red Star,AMBIENT,Finalist,Savanna Alc Free
The Loerie Awards,2025,Out Of Home,Shield The Protest,Courageous Conversation Global Foundation,Horizon FCB Dubai,AMBIENT,Finalist,Courageous Conversation Global Foundation
The Loerie Awards,2025,Out Of Home,Protective Hairstyles,AfriSam AfroBoutique,Promise,AMBIENT,Finalist,Construction Materials - Hair products
The Loerie Awards,2025,Out Of Home,The Bear Joburg Experience,Disney,Clockwork,AMBIENT,Finalist,Disney
The Loerie Awards,2025,Out Of Home,Jeep Grille Grill,Jeep,Lion Communication FZ - LLC,AMBIENT,Finalist,Wrangler
The Loerie Awards,2025,Out Of Home,MozaMbique has 2M,ABInBev,Create Mozambique,AMBIENT,Finalist,2M Beer
The Loerie Awards,2025,Out Of Home,The Unburied Casket,Women For Change,Edelman,AMBIENT,Finalist,Women For Change
The Loerie Awards,2025,Out Of Home,GHOST TOWN,CARREFOURSA,TBWA-Istanbul,ART DIRECTION,Craft Gold,RETAIL
The Loerie Awards,2025,Out Of Home,Ruby Blooms,Nana,Saatchi Saatchi Middle East,ART DIRECTION,Craft Certificate,Sanitary Pads
The Loerie Awards,2025,Out Of Home,THE DESERT RUNNER,adidas,Havas Middle East,ART DIRECTION,Craft Certificate,DR ADIZERO BOSTON 12 DUB SHOES
The Loerie Awards,2025,Out Of Home,Sun Courts,Nivea,Saatchi Saatchi Middle East,ART DIRECTION,Finalist,Nivea Sun
The Loerie Awards,2025,Out Of Home,The Beauty of Knowing,CANSA,Leagas Delaney South Africa Pty Ltd,ART DIRECTION,Finalist,Education
The Loerie Awards,2025,Out Of Home,The Beauty of Knowing,CANSA,Leagas Delaney South Africa Pty Ltd,ART DIRECTION,Finalist,Education
The Loerie Awards,2025,Out Of Home,The Beauty of Knowing,CANSA,Leagas Delaney South Africa Pty Ltd,ART DIRECTION,Finalist,Education
The Loerie Awards,2025,Out Of Home,Max Speed,Heineken,LePub Johannesburg,ART DIRECTION,Finalist,Heineken beer
The Loerie Awards,2025,Out Of Home,Flags of Nature,EPIC,Impact BBDO,ART DIRECTION,Finalist,Planet Earth
The Loerie Awards,2025,Out Of Home,Shattered Screens,Cell C,SHIFT,ART DIRECTION,Finalist,Cell C
The Loerie Awards,2025,Out Of Home,Shattered Screens,Cell C,SHIFT,ART DIRECTION,Finalist,Cell C
The Loerie Awards,2025,Out Of Home,Shattered Screens,Cell C,SHIFT,ART DIRECTION,Finalist,Cell C
The Loerie Awards,2025,Out Of Home,Buy Mens,Nedbank,Joe Public,ART DIRECTION,Finalist,Brand
The Loerie Awards,2025,Out Of Home,Buy Mens,Nedbank,Joe Public,ART DIRECTION,Finalist,Brand
The Loerie Awards,2025,Out Of Home,Buy Mens,Nedbank,Joe Public,ART DIRECTION,Finalist,Brand
The Loerie Awards,2025,Out Of Home,Buy Mens,Nedbank,Joe Public,ART DIRECTION,Finalist,Brand
The Loerie Awards,2025,Out Of Home,Cheetos Pants Posters,Cheetos,Impact BBDO,ART DIRECTION,Finalist,Cheetos
The Loerie Awards,2025,Out Of Home,HIS-OURS,GA Insurance,The Partnership PUBLICIS,WRITING,Finalist,Insurance
The Loerie Awards,2025,Out Of Home,Cheetos Pants Posters,Cheetos,Impact BBDO,WRITING,Finalist,Cheetos
The Loerie Awards,2025,Out Of Home,The Most Interesting Water Cooler In The World,RMB,Halo,WRITING,Finalist,Financial Services
The Loerie Awards,2025,Out Of Home,InVisible,UN Women,Impact BBDO,PHOTOGRAPHY,Finalist,Domestic violence hotline
The Loerie Awards,2025,Out Of Home,InVisible,UN Women,Impact BBDO,PHOTOGRAPHY,Finalist,Domestic violence hotline
The Loerie Awards,2025,Out Of Home,Dark Mornings,Nescaf,Publicis Groupe Africa,PHOTOGRAPHY,Finalist,Nescaf Black Roast
The Loerie Awards,2025,Out Of Home,Dark Mornings,Nescaf,Publicis Groupe Africa,PHOTOGRAPHY,Finalist,Nescaf Black Roast
The Loerie Awards,2025,Out Of Home,FOREVER GOLF,Volkswagen South Africa,Ogilvy,PHOTOGRAPHY,Finalist,Golf
The Loerie Awards,2025,Out Of Home,FOREVER GOLF,Volkswagen South Africa,Ogilvy,PHOTOGRAPHY,Finalist,Golf
The Loerie Awards,2025,Out Of Home,FOREVER GOLF,Volkswagen South Africa,Ogilvy,PHOTOGRAPHY,Finalist,Golf
The Loerie Awards,2025,Out Of Home,FOREVER GOLF,Volkswagen South Africa,Ogilvy,PHOTOGRAPHY,Finalist,Golf
The Loerie Awards,2025,Out Of Home,Taste the Familiar,McDonalds,Leo Middle East,PHOTOGRAPHY,Finalist,McDonalds Products
The Loerie Awards,2025,Out Of Home,Taste the Familiar,McDonalds,Leo Middle East,PHOTOGRAPHY,Finalist,McDonalds Products
The Loerie Awards,2025,Out Of Home,Taste the Familiar,McDonalds,Leo Middle East,PHOTOGRAPHY,Finalist,McDonalds Products
The Loerie Awards,2025,Out Of Home,Taste the Familiar,McDonalds,Leo Middle East,PHOTOGRAPHY,Finalist,McDonalds Products
The Loerie Awards,2025,Out Of Home,Taste the Familiar,McDonalds,Leo Middle East,PHOTOGRAPHY,Finalist,McDonalds Products
The Loerie Awards,2025,Out Of Home,Ruby Blooms,Nana,Saatchi Saatchi Middle East,ILLUSTRATION,Craft Certificate,Sanitary Pads
The Loerie Awards,2025,Out Of Home,HIS-OURS,GA Insurance,The Partnership PUBLICIS,ILLUSTRATION,Finalist,Insurance
The Loerie Awards,2025,Out Of Home,Shattered Screens,Cell C,SHIFT,ILLUSTRATION,Finalist,Cell C
The Loerie Awards,2025,Out Of Home,Shattered Screens,Cell C,SHIFT,ILLUSTRATION,Finalist,Cell C
The Loerie Awards,2025,Out Of Home,Shattered Screens,Cell C,SHIFT,ILLUSTRATION,Finalist,Cell C
The Loerie Awards,2025,Out Of Home,Get Money Fit,Nedbank,Joe Public,TYPOGRAPHY,Finalist,Brand
The Loerie Awards,2025,Out Of Home,Ruby Blooms,Nana,Saatchi Saatchi Middle East,TYPOGRAPHY,Finalist,Sanitary Pads
The Loerie Awards,2025,Out Of Home,Social Screen,Heineken,LePub Johannesburg,USE OF TECHNOLOGY,Craft Gold,Heineken beer
The Loerie Awards,2025,Out Of Home,Shield The Protest,Courageous Conversation Global Foundation,Horizon FCB Dubai,USE OF TECHNOLOGY,Finalist,Courageous Conversation Global Foundation
The Loerie Awards,2025,Out Of Home,Mobile Cooler,Heineken,LePub Johannesburg,USE OF TECHNOLOGY,Finalist,Heineken beer
The Loerie Awards,2025,Out Of Home,Trade-Up,Heinz,Lion Communication FZ - LLC,USE OF TECHNOLOGY,Finalist,Ketchup
The Loerie Awards,2025,Print Communication,Taste the Familiar,McDonalds,Leo Middle East,PRINT ADVERTISING,Campaign Gold,McDonalds Products
The Loerie Awards,2025,Print Communication,Ruby Blooms,Nana,Saatchi Saatchi Middle East,PRINT ADVERTISING,Silver,Sanitary Pads
The Loerie Awards,2025,Print Communication,Long Live The Taste - Texas AW Popeyes,KFC,Bananas,PRINT ADVERTISING,Campaign Silver,Brand
The Loerie Awards,2025,Print Communication,InVisible,UN Women,Impact BBDO,PRINT ADVERTISING,Bronze,Domestic violence hotline
The Loerie Awards,2025,Print Communication,Notes On Notes,Capital Bank of Jordan,Impact BBDO,PRINT ADVERTISING,Campaign Bronze,Capital Bank of Jordan
The Loerie Awards,2025,Print Communication,Save Our Stay SOS - Bedroom - Bathroom The View Ghost Girl,City Lodge Hotel Group,TBWA Hunt Lascaris Johannesburg Pty Ltd,PRINT ADVERTISING,Campaign Bronze,City Lodge Hotels
The Loerie Awards,2025,Print Communication,Taste the Familiar,McDonalds,Leo Middle East,PRINT ADVERTISING,Finalist,McDonalds Products
The Loerie Awards,2025,Print Communication,Taste the Familiar,McDonalds,Leo Middle East,PRINT ADVERTISING,Finalist,McDonalds Products
The Loerie Awards,2025,Print Communication,Taste the Familiar,McDonalds,Leo Middle East,PRINT ADVERTISING,Finalist,McDonalds Products
The Loerie Awards,2025,Print Communication,Taste the Familiar,McDonalds,Leo Middle East,PRINT ADVERTISING,Finalist,McDonalds Products
The Loerie Awards,2025,Print Communication,Long Live The Taste,KFC,Bananas,PRINT ADVERTISING,Finalist,Brand
The Loerie Awards,2025,Print Communication,Long Live The Taste,KFC,Bananas,PRINT ADVERTISING,Finalist,Brand
The Loerie Awards,2025,Print Communication,Forever Young,Alta Du Toit,Happy Friday Cape Town Pty Ltd,PRINT ADVERTISING,Finalist,Alta Du Toit Centre
The Loerie Awards,2025,Print Communication,Forever Young,Alta Du Toit,Happy Friday Cape Town Pty Ltd,PRINT ADVERTISING,Finalist,Alta Du Toit Centre
The Loerie Awards,2025,Print Communication,Forever Young,Alta Du Toit,Happy Friday Cape Town Pty Ltd,PRINT ADVERTISING,Finalist,Alta Du Toit Centre
The Loerie Awards,2025,Publicis Groupe Africa Fortuner,Escape Black Friday,Etihad Airways,Impact BBDO,Made for South Africa Toyota South Africa Motors Toyota Fortuner Finalist 2025,Finalist,Etihad Airways
The Loerie Awards,2025,Publicis Groupe Africa Fortuner,Escape Black Friday,Etihad Airways,Impact BBDO,Made for South Africa Toyota South Africa Motors Toyota Fortuner Finalist 2025,Finalist,Etihad Airways
The Loerie Awards,2025,Publicis Groupe Africa Fortuner,InVisible,UN Women,Impact BBDO,Made for South Africa Toyota South Africa Motors Toyota Fortuner Finalist 2025,Finalist,Domestic violence hotline
The Loerie Awards,2025,Publicis Groupe Africa Fortuner,Notes On Notes,Capital Bank of Jordan,Impact BBDO,Made for South Africa Toyota South Africa Motors Toyota Fortuner Finalist 2025,Finalist,Capital Bank of Jordan
The Loerie Awards,2025,Publicis Groupe Africa Fortuner,Notes On Notes,Capital Bank of Jordan,Impact BBDO,Made for South Africa Toyota South Africa Motors Toyota Fortuner Finalist 2025,Finalist,Capital Bank of Jordan
The Loerie Awards,2025,Publicis Groupe Africa Fortuner,Wasted Food Comic Book,SAB ABInBev,Joe Public,Made for South Africa Toyota South Africa Motors Toyota Fortuner Finalist 2025,Finalist,Flying Fish
The Loerie Awards,2025,Publicis Groupe Africa Fortuner,Anti Aging Investments - 1,Nedbank,Joe Public,Made for South Africa Toyota South Africa Motors Toyota Fortuner Finalist 2025,Finalist,Retail
The Loerie Awards,2025,Publicis Groupe Africa Fortuner,Anti Aging Investments - 2,Nedbank,Joe Public,Made for South Africa Toyota South Africa Motors Toyota Fortuner Finalist 2025,Finalist,Retail
The Loerie Awards,2025,Publicis Groupe Africa Fortuner,Anti Aging Investments - 3,Nedbank,Joe Public,Made for South Africa Toyota South Africa Motors Toyota Fortuner Finalist 2025,Finalist,Retail
The Loerie Awards,2025,Publicis Groupe Africa Fortuner,Save Our Stay SOS,City Lodge Hotel Group,TBWA Hunt Lascaris Johannesburg Pty Ltd,Made for South Africa Toyota South Africa Motors Toyota Fortuner Finalist 2025,Finalist,City Lodge Hotels
The Loerie Awards,2025,Publicis Groupe Africa Fortuner,The worlds smallest print ad,Heineken Beverages South Africa,TBWA Hunt Lascaris Johannesburg Pty Ltd,Made for South Africa Toyota South Africa Motors Toyota Fortuner Finalist 2025,Finalist,Windhoek Beer
The Loerie Awards,2025,Publicis Groupe Africa Fortuner,Retire Cash,Pantry,Grid Worldwide,Made for South Africa Toyota South Africa Motors Toyota Fortuner Finalist 2025,Finalist,Pantry
The Loerie Awards,2025,Publicis Groupe Africa Fortuner,Retire Cash,Pantry,Grid Worldwide,Made for South Africa Toyota South Africa Motors Toyota Fortuner Finalist 2025,Finalist,Pantry
The Loerie Awards,2025,Publicis Groupe Africa Fortuner,Retire Cash,Pantry,Grid Worldwide,Made for South Africa Toyota South Africa Motors Toyota Fortuner Finalist 2025,Finalist,Pantry
The Loerie Awards,2025,Publicis Groupe Africa Fortuner,Save Our Stay SOS,City Lodge Hotel Group,TBWA Hunt Lascaris Johannesburg Pty Ltd,Made for South Africa Toyota South Africa Motors Toyota Fortuner Finalist 2025,Finalist,City Lodge Hotels
The Loerie Awards,2025,Print Communication,Ancestors Day,SAB ABINBEV,Joe Public,TACTICAL USE OF PRINT,Gold,Castle Milk Stout
The Loerie Awards,2025,Print Communication,Female Guardian,Nedbank,Joe Public,TACTICAL USE OF PRINT,Finalist,Nedbank
The Loerie Awards,2025,Print Communication,The Last Book,Exclusive Books,Halo,INDOOR POSTERS,Finalist,Exclusive Books
The Loerie Awards,2025,Print Communication,The Last Book,Exclusive Books,Halo,INDOOR POSTERS,Finalist,Exclusive Books
The Loerie Awards,2025,Print Communication,Wasted Food,SAB ABInBev,Joe Public,INDOOR POSTERS,Finalist,Flying Fish
The Loerie Awards,2025,Print Communication,Wasted Food,SAB ABInBev,Joe Public,INDOOR POSTERS,Finalist,Flying Fish
The Loerie Awards,2025,Print Communication,Ruby Blooms,Nana,Saatchi Saatchi Middle East,ART DIRECTION,Craft Certificate,Sanitary Pads
The Loerie Awards,2025,Print Communication,Ancestors Day,SAB ABINBEV,Joe Public,ART DIRECTION,Finalist,Castle Milk Stout
The Loerie Awards,2025,Print Communication,--Hui Gaeb,SAB AB INBEV,Promise,ART DIRECTION,Finalist,Corporate
The Loerie Awards,2025,Print Communication,Long Live The Taste,KFC,Bananas,ART DIRECTION,Finalist,Brand
The Loerie Awards,2025,Print Communication,Long Live The Taste,KFC,Bananas,ART DIRECTION,Finalist,Brand
The Loerie Awards,2025,Print Communication,Long Live The Taste,KFC,Bananas,ART DIRECTION,Finalist,Brand
The Loerie Awards,2025,Print Communication,Ancestors Day,SAB ABINBEV,Joe Public,WRITING,Finalist,Castle Milk Stout
The Loerie Awards,2025,Print Communication,Wasted Food Comic Book,SAB ABInBev,Joe Public,WRITING,Finalist,Flying Fish
The Loerie Awards,2025,Print Communication,The Last Book,Exclusive Books,Halo,WRITING,Finalist,Exclusive Books
The Loerie Awards,2025,Print Communication,The Last Book,Exclusive Books,Halo,WRITING,Finalist,Exclusive Books
The Loerie Awards,2025,Print Communication,The Last Book,Exclusive Books,Halo,WRITING,Finalist,Exclusive Books
The Loerie Awards,2025,Print Communication,Blood Sacrifice - Blood Sacrifice,Red Cross,X3M Ideas,PHOTOGRAPHY,Campaign Craft Gold,Red Cross
The Loerie Awards,2025,Print Communication,Taste the Familiar,McDonalds,Leo Middle East,PHOTOGRAPHY,Campaign Craft Certificate,McDonalds Products
The Loerie Awards,2025,Print Communication,Blood Sacrifice,Red Cross,X3M Ideas,PHOTOGRAPHY,Finalist,Red Cross
The Loerie Awards,2025,Print Communication,Blood Sacrifice,Red Cross,X3M Ideas,PHOTOGRAPHY,Finalist,Red Cross
The Loerie Awards,2025,Print Communication,Taste the Familiar,McDonalds,Leo Middle East,PHOTOGRAPHY,Finalist,McDonalds Products
The Loerie Awards,2025,Print Communication,Taste the Familiar,McDonalds,Leo Middle East,PHOTOGRAPHY,Finalist,McDonalds Products
The Loerie Awards,2025,Print Communication,Taste the Familiar,McDonalds,Leo Middle East,PHOTOGRAPHY,Finalist,McDonalds Products
The Loerie Awards,2025,Print Communication,Taste the Familiar,McDonalds,Leo Middle East,PHOTOGRAPHY,Finalist,McDonalds Products
The Loerie Awards,2025,Print Communication,Retire Cash - Elephant Leopard,Pantry,Grid Worldwide,ILLUSTRATION,Campaign Craft Certificate,Cashless tills
The Loerie Awards,2025,Print Communication,Retire Cash,Pantry,Grid Worldwide,ILLUSTRATION,Finalist,Cashless tills
The Loerie Awards,2025,Print Communication,Retire Cash,Pantry,Grid Worldwide,ILLUSTRATION,Finalist,Cashless tills
The Loerie Awards,2025,Print Communication,Corruption doesnt just steal money - Life Esidimeni Michael Komape,Corruption Watch,Avatar,ILLUSTRATION,Campaign Gold,Corruption Watch
The Loerie Awards,2025,Print Communication,Did I hear that - Sundays Snooze,ADASA,Clockwork,ILLUSTRATION,Campaign Silver,ADASA
The Loerie Awards,2025,Print Communication,Hungry Yet - Pasta Pastaring Stir-fry Stir-frying Steak Steaking,SAB ABInBev,Joe Public,ILLUSTRATION,Campaign Silver,Flying Fish
The Loerie Awards,2025,Print Communication,Easy To Get - Getaway Get Together Cant Get,Nedbank,Joe Public,ILLUSTRATION,Campaign Silver,Personal Loans
The Loerie Awards,2025,Print Communication,Did I hear that - Running Mobile Banking,ADASA,Clockwork,ILLUSTRATION,Campaign Bronze,ADASA
The Loerie Awards,2025,Print Communication,Hard-working Professionals - Sabina Arjan,Nedbank,Joe Public,ILLUSTRATION,Campaign Bronze,Nedbank Platinum Credit Card
The Loerie Awards,2025,Print Communication,Boneless Bites of Soul - Tsholofelo Rajesh Gert,Chicken Licken,Joe Public,ILLUSTRATION,Campaign Bronze,SoulBites
The Loerie Awards,2025,Print Communication,You like things - Rating WhatsApp calls Angry in English Clapping for the pilot,Chicken Licken,Joe Public,ILLUSTRATION,Campaign Bronze,Extra Licken
The Loerie Awards,2025,Print Communication,The Love of Bad Handwriting,Bic Pens,Boundless - The Unlimited Agency Pty Ltd,ILLUSTRATION,Finalist,Pens
The Loerie Awards,2025,Print Communication,The Love of Bad Handwriting,Bic Pens,Boundless - The Unlimited Agency Pty Ltd,ILLUSTRATION,Finalist,Pens
The Loerie Awards,2025,Print Communication,Dish Soap,Bic Pens,Boundless - The Unlimited Agency Pty Ltd,ILLUSTRATION,Finalist,Pens
The Loerie Awards,2025,Print Communication,Dairy gives Thabiso go at the office,SAMPRO,Dentsu Creative South Africa,ILLUSTRATION,Finalist,SAMPRO
The Loerie Awards,2025,Print Communication,Corruption doesnt just steal lives,Corruption Watch,Avatar,ILLUSTRATION,Finalist,Corruption Watch
The Loerie Awards,2025,Print Communication,Corruption doesnt just steal money,Corruption Watch,Avatar,ILLUSTRATION,Finalist,Corruption Watch
The Loerie Awards,2025,Print Communication,Dr Google,Cansa,FCB Africa,ILLUSTRATION,Finalist,Cancer Screenings
The Loerie Awards,2025,Print Communication,Dr Google,Cansa,FCB Africa,ILLUSTRATION,Finalist,Cancer Screenings
The Loerie Awards,2025,Print Communication,Dr Google,Cansa,FCB Africa,ILLUSTRATION,Finalist,Cancer Screenings
The Loerie Awards,2025,Print Communication,Did I hear that,ADASA,Clockwork,ILLUSTRATION,Finalist,ADASA
The Loerie Awards,2025,Print Communication,On repeat,ADASA,Clockwork,ILLUSTRATION,Finalist,ADASA
The Loerie Awards,2025,Print Communication,On repeat,ADASA,Clockwork,ILLUSTRATION,Finalist,ADASA
The Loerie Awards,2025,Print Communication,Tenderpreneur,Momentum,The Odd Number,ILLUSTRATION,Finalist,Savings
The Loerie Awards,2025,Print Communication,FOR THE PAIN YOU CANOCOT NAME,Compral,The Odd Number,ILLUSTRATION,Finalist,Pain Tablets
The Loerie Awards,2025,Print Communication,Your Money Is Not Thinking Straight,Momentum,The Odd Number,ILLUSTRATION,Finalist,Savings
The Loerie Awards,2025,Print Communication,Not Giving,Heineken Beverages South Africa,TBWA- Hunt Lascaris,ILLUSTRATION,Finalist,Savanna Cider
The Loerie Awards,2025,Print Communication,Things can always get worse,Volkswagen South Africa,Ogilvy,ILLUSTRATION,Finalist,Emergency Brake Assist
The Loerie Awards,2025,Print Communication,Best Worst People,City of Cape Town,Ogilvy,ILLUSTRATION,Finalist,City of Cape Town
The Loerie Awards,2025,Print Communication,Best Worst People,City of Cape Town,Ogilvy,ILLUSTRATION,Finalist,City of Cape Town
The Loerie Awards,2025,Print Communication,Best Worst People,City of Cape Town,Ogilvy,ILLUSTRATION,Finalist,City of Cape Town
The Loerie Awards,2025,Print Communication,Not Giving,Heineken Beverages South Africa,TBWA- Hunt Lascaris,ILLUSTRATION,Finalist,Savanna Cider
The Loerie Awards,2025,Print Communication,Not Giving,Heineken Beverages South Africa,TBWA- Hunt Lascaris,ILLUSTRATION,Finalist,Savanna Cider
The Loerie Awards,2025,Print Communication,ETHI PSSHH,Tiger Brands,Ogilvy,ILLUSTRATION,Finalist,Doom
The Loerie Awards,2025,Print Communication,ETHI PSSHH,Tiger Brands,Ogilvy,ILLUSTRATION,Finalist,Doom
The Loerie Awards,2025,Print Communication,Choices,Chicken Licken,Joe Public,ILLUSTRATION,Finalist,SoulSquare Meal
The Loerie Awards,2025,Print Communication,Dumb Retirement,Nedbank,Joe Public,ILLUSTRATION,Finalist,Retail
The Loerie Awards,2025,Print Communication,Dumb Retirement,Nedbank,Joe Public,ILLUSTRATION,Finalist,Retail
The Loerie Awards,2025,Print Communication,Dumb Retirement,Nedbank,Joe Public,ILLUSTRATION,Finalist,Retail
The Loerie Awards,2025,Print Communication,Hard-working Professionals,Nedbank,Joe Public,ILLUSTRATION,Finalist,Nedbank Platinum Credit Card
The Loerie Awards,2025,Print Communication,Boneless Bites of Soul,Chicken Licken,Joe Public,ILLUSTRATION,Finalist,SoulBites
The Loerie Awards,2025,Print Communication,Boneless Bites of Soul,Chicken Licken,Joe Public,ILLUSTRATION,Finalist,SoulBites
The Loerie Awards,2025,Print Communication,You Deserve a Beer,SAB ABInBev,Joe Public,ILLUSTRATION,Finalist,Hansa Pilsener
The Loerie Awards,2025,Print Communication,You Deserve a Beer,SAB ABInBev,Joe Public,ILLUSTRATION,Finalist,Hansa Pilsener
The Loerie Awards,2025,Print Communication,Hungry Yet,SAB ABInBev,Joe Public,ILLUSTRATION,Finalist,Flying Fish
The Loerie Awards,2025,Print Communication,You Deserve a Beer,SAB ABInBev,Joe Public,ILLUSTRATION,Finalist,Hansa Pilsener
The Loerie Awards,2025,Print Communication,Easy To Get,Nedbank,Joe Public,ILLUSTRATION,Finalist,Personal Loans
The Loerie Awards,2025,Print Communication,Easy To Get,Nedbank,Joe Public,ILLUSTRATION,Finalist,Personal Loans
The Loerie Awards,2025,Print Communication,You like things,Chicken Licken,Joe Public,ILLUSTRATION,Finalist,Extra Licken
The Loerie Awards,2025,Print Communication,You like things,Chicken Licken,Joe Public,ILLUSTRATION,Finalist,Extra Licken
The Loerie Awards,2025,Print Communication,Hungry Yet,SAB ABInBev,Joe Public,ILLUSTRATION,Finalist,Flying Fish
The Loerie Awards,2025,Print Communication,Dont Die In An Awkward Position,Capital Legacy,Halo,ILLUSTRATION,Finalist,Wills and Estate Services
The Loerie Awards,2025,Print Communication,Dont Die In An Awkward Position,Capital Legacy,Halo,ILLUSTRATION,Finalist,Wills and Estate Services
The Loerie Awards,2025,Print Communication,Dont Die In An Awkward Position,Capital Legacy,Halo,ILLUSTRATION,Finalist,Wills and Estate Services
The Loerie Awards,2025,Print Communication,What a Champ,SAB ABInBev,We Are Bizarre Pty Ltd,ILLUSTRATION,Finalist,Carling Black Label
The Loerie Awards,2025,Print Communication,What a Champ,SAB ABInBev,We Are Bizarre Pty Ltd,ILLUSTRATION,Finalist,Carling Black Label
The Loerie Awards,2025,Print Communication,What a Champ,SAB ABInBev,We Are Bizarre Pty Ltd,ILLUSTRATION,Finalist,Carling Black Label
The Loerie Awards,2025,Print Communication,The Undercover Ad - RnB Isicatamiya Reggae,Standard Bank,MC Saatchi Abel a division of The Up Up Group Pty Ltd,ILLUSTRATION,Campaign Silver,Standard Bank Banking App
The Loerie Awards,2025,Print Communication,Now heres a good idea,City Lodge Hotel Group,TBWA Hunt Lascaris Johannesburg Pty Ltd,ILLUSTRATION,Finalist,City Lodge Hotels
The Loerie Awards,2025,Print Communication,Now heres a good idea,City Lodge Hotel Group,TBWA Hunt Lascaris Johannesburg Pty Ltd,ILLUSTRATION,Finalist,City Lodge Hotels
The Loerie Awards,2025,Print Communication,Now heres a good idea,City Lodge Hotel Group,TBWA Hunt Lascaris Johannesburg Pty Ltd,ILLUSTRATION,Finalist,City Lodge Hotels
The Loerie Awards,2025,Print Communication,Save Our Stay SOS,City Lodge Hotel Group,TBWA Hunt Lascaris Johannesburg Pty Ltd,ILLUSTRATION,Finalist,City Lodge Hotels
The Loerie Awards,2025,Print Communication,The Undercover Ad,Standard Bank,MC Saatchi Abel a division of The Up Up Group Pty Ltd,ILLUSTRATION,Finalist,Standard Bank Banking App
The Loerie Awards,2025,Print Communication,The Undercover Ad,Standard Bank,MC Saatchi Abel a division of The Up Up Group Pty Ltd,ILLUSTRATION,Finalist,Standard Bank Banking App
The Loerie Awards,2025,Print Communication,Party now Peri later,Nandos,VML SA,ILLUSTRATION,Finalist,Nandos
The Loerie Awards,2025,Print Communication,Party now Peri later,Nandos,VML SA,ILLUSTRATION,Finalist,Nandos
The Loerie Awards,2025,Print Communication,Party now Peri later,Nandos,VML SA,ILLUSTRATION,Finalist,Nandos
The Loerie Awards,2025,Print Communication,Fraud is no Fairy Tale,Standard Bank,VML SA,ILLUSTRATION,Finalist,Banking security
The Loerie Awards,2025,Print Communication,Fraud is no Fairy Tale,Standard Bank,VML SA,ILLUSTRATION,Finalist,Banking security
The Loerie Awards,2025,Print Communication,Fraud is no Fairy Tale,Standard Bank,VML SA,ILLUSTRATION,Finalist,Banking security
The Loerie Awards,2025,Print Communication,Fraud is no Fairy Tale,Standard Bank,VML SA,ILLUSTRATION,Finalist,Banking security
The Loerie Awards,2025,Print Communication,Check My Beat- Heart Health Tracks,Heart SA,McCann Worldgroup South Africa Pty Ltd t-a McCann Joburg,ILLUSTRATION,Finalist,Heart Screenings
The Loerie Awards,2025,Retroviral And Runjumpfly Afrobeatanicals,Hold For Comedy,The Saudi Investment Bank,Impact BBDO,Gin n Phonics SAB ABInbev Black Crown Finalist 2025,Finalist,The Saudi Investment Bank
The Loerie Awards,2025,Retroviral And Runjumpfly Afrobeatanicals,In-Snore Coupons,SleepZone,Impact BBDO,Gin n Phonics SAB ABInbev Black Crown Finalist 2025,Finalist,SleepZone
The Loerie Awards,2025,Retroviral And Runjumpfly Afrobeatanicals,Afrikaraoke,SAB ABINBEV,Joe Public,Gin n Phonics SAB ABInbev Black Crown Finalist 2025,Finalist,Castle Milk Stout
The Loerie Awards,2025,Retroviral And Runjumpfly Afrobeatanicals,JOY HAS COME EARLY,PAMPERS,Havas Middle East,Gin n Phonics SAB ABInbev Black Crown Finalist 2025,Finalist,PREEMIE DIAPERS
The Loerie Awards,2025,Retroviral And Runjumpfly Afrobeatanicals,Tietiesbaai,Renault,Dalmatian Advertising,Gin n Phonics SAB ABInbev Black Crown Finalist 2025,Silver,Renault Duster
The Loerie Awards,2025,Retroviral And Runjumpfly Afrobeatanicals,Love is not make sure,Chicken Licken,Joe Public,Gin n Phonics SAB ABInbev Black Crown Finalist 2025,Campaign Silver,Love Me Tender
The Loerie Awards,2025,Retroviral And Runjumpfly Afrobeatanicals,AwOCOvume uthi tea,Trinco,MC Saatchi Abel a division of The Up Up Group Pty Ltd,Gin n Phonics SAB ABInbev Black Crown Finalist 2025,Campaign Silver,Trinco Tea
The Loerie Awards,2025,Retroviral And Runjumpfly Afrobeatanicals,Vodacom Value Campaign,Vodacom,Ogilvy,Gin n Phonics SAB ABInbev Black Crown Finalist 2025,Campaign Bronze,Vodacom Value Fibre
The Loerie Awards,2025,Retroviral And Runjumpfly Afrobeatanicals,seSotho ke seJapane,Isuzu,Avatar,Gin n Phonics SAB ABInbev Black Crown Finalist 2025,Campaign Bronze,Isuzu Trucks
The Loerie Awards,2025,Retroviral And Runjumpfly Afrobeatanicals,Itori,Absa,AvatarX,Gin n Phonics SAB ABInbev Black Crown Finalist 2025,Campaign Bronze,Absa Personal Loans
The Loerie Awards,2025,Retroviral And Runjumpfly Afrobeatanicals,Rich-Hate,Primedia Studios,distrikt 9,Gin n Phonics SAB ABInbev Black Crown Finalist 2025,Finalist,Wheel Of Fortune
The Loerie Awards,2025,Retroviral And Runjumpfly Afrobeatanicals,Rich-Hate,Primedia Studios,distrikt 9,Gin n Phonics SAB ABInbev Black Crown Finalist 2025,Finalist,Wheel Of Fortune
The Loerie Awards,2025,Retroviral And Runjumpfly Afrobeatanicals,Rich-Hate,Primedia Studios,distrikt 9,Gin n Phonics SAB ABInbev Black Crown Finalist 2025,Finalist,Wheel Of Fortune
The Loerie Awards,2025,Retroviral And Runjumpfly Afrobeatanicals,Love is not make sure,Chicken Licken,Joe Public,Gin n Phonics SAB ABInbev Black Crown Finalist 2025,Finalist,Love Me Tender
The Loerie Awards,2025,Retroviral And Runjumpfly Afrobeatanicals,Love is not make sure,Chicken Licken,Joe Public,Gin n Phonics SAB ABInbev Black Crown Finalist 2025,Finalist,Love Me Tender
The Loerie Awards,2025,Retroviral And Runjumpfly Afrobeatanicals,Vodacom Value Campaign,Vodacom,Ogilvy,Gin n Phonics SAB ABInbev Black Crown Finalist 2025,Finalist,Vodacom Value Fibre
The Loerie Awards,2025,Retroviral And Runjumpfly Afrobeatanicals,ETHI PSSHH,Tiger Brands,Ogilvy,Gin n Phonics SAB ABInbev Black Crown Finalist 2025,Finalist,Doom
The Loerie Awards,2025,Retroviral And Runjumpfly Afrobeatanicals,ETHI PSSHH,Tiger Brands,Ogilvy,Gin n Phonics SAB ABInbev Black Crown Finalist 2025,Finalist,Doom
The Loerie Awards,2025,Retroviral And Runjumpfly Afrobeatanicals,ETHI PSSHH,Tiger Brands,Ogilvy,Gin n Phonics SAB ABInbev Black Crown Finalist 2025,Finalist,Doom
The Loerie Awards,2025,Retroviral And Runjumpfly Afrobeatanicals,Vodacom Value Campaign,Vodacom,Ogilvy,Gin n Phonics SAB ABInbev Black Crown Finalist 2025,Finalist,Vodacom Value Fibre
The Loerie Awards,2025,Retroviral And Runjumpfly Afrobeatanicals,The Real Injury Time - Radio,SAB ABInBev,Ogilvy,Gin n Phonics SAB ABInbev Black Crown Finalist 2025,Finalist,Carling Black Label
The Loerie Awards,2025,Retroviral And Runjumpfly Afrobeatanicals,AwOCOvume uthi tea,Trinco,MC Saatchi Abel a division of The Up Up Group Pty Ltd,Gin n Phonics SAB ABInbev Black Crown Finalist 2025,Finalist,Trinco Tea
The Loerie Awards,2025,Retroviral And Runjumpfly Afrobeatanicals,AwOCOvume uthi tea,Trinco,MC Saatchi Abel a division of The Up Up Group Pty Ltd,Gin n Phonics SAB ABInbev Black Crown Finalist 2025,Finalist,Trinco Tea
The Loerie Awards,2025,Retroviral And Runjumpfly Afrobeatanicals,seSotho ke seJapane,Isuzu,Avatar,Gin n Phonics SAB ABInbev Black Crown Finalist 2025,Finalist,Isuzu Trucks
The Loerie Awards,2025,Retroviral And Runjumpfly Afrobeatanicals,seSotho ke seJapane,Isuzu,Avatar,Gin n Phonics SAB ABInbev Black Crown Finalist 2025,Finalist,Isuzu Trucks
The Loerie Awards,2025,Retroviral And Runjumpfly Afrobeatanicals,Itori,Absa,AvatarX,Gin n Phonics SAB ABInbev Black Crown Finalist 2025,Finalist,Absa Personal Loans
The Loerie Awards,2025,Retroviral And Runjumpfly Afrobeatanicals,Big threats turned small,Armoured Mobility,Avatar,Gin n Phonics SAB ABInbev Black Crown Finalist 2025,Finalist,Armoured vehicle service
The Loerie Awards,2025,Retroviral And Runjumpfly Afrobeatanicals,Big threats turned small,Armoured Mobility,Avatar,Gin n Phonics SAB ABInbev Black Crown Finalist 2025,Finalist,Armoured vehicle service
The Loerie Awards,2025,Retroviral And Runjumpfly Afrobeatanicals,Only winning the lotto feels like winning the lotto,National Lottery,Avatar,Gin n Phonics SAB ABInbev Black Crown Finalist 2025,Finalist,Lotto
The Loerie Awards,2025,Retroviral And Runjumpfly Afrobeatanicals,Only winning the lotto feels like winning the lotto,National Lottery,Avatar,Gin n Phonics SAB ABInbev Black Crown Finalist 2025,Finalist,Lotto
The Loerie Awards,2025,Retroviral And Runjumpfly Afrobeatanicals,Only winning the lotto feels like winning the lotto,National Lottery,Avatar,Gin n Phonics SAB ABInbev Black Crown Finalist 2025,Finalist,Lotto
The Loerie Awards,2025,Retroviral And Runjumpfly Afrobeatanicals,The Sound of BSF,BSF Banque Saudi Fransi,MassiveMusic,Gin n Phonics SAB ABInbev Black Crown Finalist 2025,Bronze,Financial services
The Loerie Awards,2025,Retroviral And Runjumpfly Afrobeatanicals,The Sound of Cell C,Cell C,Howard Audio,Gin n Phonics SAB ABInbev Black Crown Finalist 2025,Bronze,Cell C
The Loerie Awards,2025,Retroviral And Runjumpfly Afrobeatanicals,You like things,Chicken Licken,Joe Public,Gin n Phonics SAB ABInbev Black Crown Finalist 2025,Finalist,Extra Licken
The Loerie Awards,2025,Retroviral And Runjumpfly Afrobeatanicals,You like things,Chicken Licken,Joe Public,Gin n Phonics SAB ABInbev Black Crown Finalist 2025,Finalist,Sides
The Loerie Awards,2025,Retroviral And Runjumpfly Afrobeatanicals,You like things,Chicken Licken,Joe Public,Gin n Phonics SAB ABInbev Black Crown Finalist 2025,Finalist,Extra Licken
The Loerie Awards,2025,Retroviral And Runjumpfly Afrobeatanicals,Easy To Get,Nedbank,Joe Public,Gin n Phonics SAB ABInbev Black Crown Finalist 2025,Finalist,Personal Loans
The Loerie Awards,2025,Retroviral And Runjumpfly Afrobeatanicals,Hard-working Professionals,Nedbank,Joe Public,Gin n Phonics SAB ABInbev Black Crown Finalist 2025,Finalist,Nedbank Platinum Credit Card
The Loerie Awards,2025,Retroviral And Runjumpfly Afrobeatanicals,Hard-working Professionals,Nedbank,Joe Public,Gin n Phonics SAB ABInbev Black Crown Finalist 2025,Finalist,Nedbank Platinum Credit Card
The Loerie Awards,2025,Retroviral And Runjumpfly Afrobeatanicals,Hungry Yet,SAB ABinBev,Joe Public,Gin n Phonics SAB ABInbev Black Crown Finalist 2025,Finalist,Flying Fish
The Loerie Awards,2025,Retroviral And Runjumpfly Afrobeatanicals,Easy To Get,Nedbank,Joe Public,Gin n Phonics SAB ABInbev Black Crown Finalist 2025,Finalist,Personal Loans
The Loerie Awards,2025,Retroviral And Runjumpfly Afrobeatanicals,Hungry Yet,SAB ABInBev,Joe Public,Gin n Phonics SAB ABInbev Black Crown Finalist 2025,Finalist,Flying Fish
The Loerie Awards,2025,Retroviral And Runjumpfly Afrobeatanicals,Hungry Yet,SAB ABinBev,Joe Public,Gin n Phonics SAB ABInbev Black Crown Finalist 2025,Finalist,Flying Fish
The Loerie Awards,2025,Retroviral And Runjumpfly Afrobeatanicals,Its not you Its us - J Coolidges The Desperation Monologue,Emirates NBD,Publicis Middle East,Gin n Phonics SAB ABInbev Black Crown Finalist 2025,Finalist,Dining Credit and Debit Cards
The Loerie Awards,2025,Retroviral And Runjumpfly Afrobeatanicals,Its not you Its us - J Goodmans The Solitary Soliloquy,Emirates NBD,Publicis Middle East,Gin n Phonics SAB ABInbev Black Crown Finalist 2025,Finalist,Dining Credit and Debit Cards
The Loerie Awards,2025,Retroviral And Runjumpfly Afrobeatanicals,Easy To Get - Cant Get Get Together Getaway,Nedbank,Joe Public,Gin n Phonics SAB ABInbev Black Crown Finalist 2025,Campaign Craft Gold,Personal Loans
The Loerie Awards,2025,Retroviral And Runjumpfly Afrobeatanicals,Corruption doesnt just steal money - Michael Komape Life Esidimeni,Corruption Watch,Avatar,Gin n Phonics SAB ABInbev Black Crown Finalist 2025,Campaign Craft Gold,Corruption Watch
The Loerie Awards,2025,Retroviral And Runjumpfly Afrobeatanicals,Corruption doesnt just steal money,Corruption Watch,Avatar,Gin n Phonics SAB ABInbev Black Crown Finalist 2025,Craft Certificate,Corruption Watch
The Loerie Awards,2025,Retroviral And Runjumpfly Afrobeatanicals,You like things - Rating WhatsApp calls Clapping for the pilot Angry in English,Chicken Licken,Joe Public,Gin n Phonics SAB ABInbev Black Crown Finalist 2025,Campaign Craft Certificate,Extra Licken
The Loerie Awards,2025,Retroviral And Runjumpfly Afrobeatanicals,Not Giving,Heineken Beverages South Africa,TBWA- Hunt Lascaris,Gin n Phonics SAB ABInbev Black Crown Finalist 2025,Finalist,Savanna Cider
The Loerie Awards,2025,Retroviral And Runjumpfly Afrobeatanicals,Now heres a good idea,City Lodge Hotel Group,TBWA Hunt Lascaris Johannesburg Pty Ltd,Gin n Phonics SAB ABInbev Black Crown Finalist 2025,Finalist,City Lodge Hotels
The Loerie Awards,2025,Retroviral And Runjumpfly Afrobeatanicals,Now heres a good idea,City Lodge Hotel Group,TBWA Hunt Lascaris Johannesburg Pty Ltd,Gin n Phonics SAB ABInbev Black Crown Finalist 2025,Finalist,City Lodge Hotels
The Loerie Awards,2025,Retroviral And Runjumpfly Afrobeatanicals,Now heres a good idea,City Lodge Hotel Group,TBWA Hunt Lascaris Johannesburg Pty Ltd,Gin n Phonics SAB ABInbev Black Crown Finalist 2025,Finalist,City Lodge Hotels
The Loerie Awards,2025,Retroviral And Runjumpfly Afrobeatanicals,Not Giving,Heineken Beverages South Africa,TBWA- Hunt Lascaris,Gin n Phonics SAB ABInbev Black Crown Finalist 2025,Finalist,Savanna Cider
The Loerie Awards,2025,Retroviral And Runjumpfly Afrobeatanicals,Save Our Stay SOS,City Lodge Hotel Group,TBWA Hunt Lascaris Johannesburg Pty Ltd,Gin n Phonics SAB ABInbev Black Crown Finalist 2025,Finalist,City Lodge Hotels
The Loerie Awards,2025,Retroviral And Runjumpfly Afrobeatanicals,Save Our Stay SOS,City Lodge Hotel Group,TBWA Hunt Lascaris Johannesburg Pty Ltd,Gin n Phonics SAB ABInbev Black Crown Finalist 2025,Finalist,City Lodge Hotels
The Loerie Awards,2025,Retroviral And Runjumpfly Afrobeatanicals,Hungry Yet,SAB ABInBev,Joe Public,Gin n Phonics SAB ABInbev Black Crown Finalist 2025,Finalist,Flying Fish
The Loerie Awards,2025,Retroviral And Runjumpfly Afrobeatanicals,Hard-working Professionals,Nedbank,Joe Public,Gin n Phonics SAB ABInbev Black Crown Finalist 2025,Finalist,Nedbank Platinum Credit Card
The Loerie Awards,2025,Retroviral And Runjumpfly Afrobeatanicals,Hungry Yet,SAB ABInBev,Joe Public,Gin n Phonics SAB ABInbev Black Crown Finalist 2025,Finalist,Flying Fish
The Loerie Awards,2025,Retroviral And Runjumpfly Afrobeatanicals,Boneless Bites of Soul,Chicken Licken,Joe Public,Gin n Phonics SAB ABInbev Black Crown Finalist 2025,Finalist,SoulBites
The Loerie Awards,2025,Retroviral And Runjumpfly Afrobeatanicals,Boneless Bites of Soul,Chicken Licken,Joe Public,Gin n Phonics SAB ABInbev Black Crown Finalist 2025,Finalist,SoulBites
The Loerie Awards,2025,Retroviral And Runjumpfly Afrobeatanicals,Boneless Bites of Soul,Chicken Licken,Joe Public,Gin n Phonics SAB ABInbev Black Crown Finalist 2025,Finalist,SoulBites
The Loerie Awards,2025,Retroviral And Runjumpfly Afrobeatanicals,Hungry Yet,SAB ABInBev,Joe Public,Gin n Phonics SAB ABInbev Black Crown Finalist 2025,Finalist,Flying Fish
The Loerie Awards,2025,Retroviral And Runjumpfly Afrobeatanicals,You Deserve a Beer,SAB ABInBev,Joe Public,Gin n Phonics SAB ABInbev Black Crown Finalist 2025,Finalist,Hansa Pilsener
The Loerie Awards,2025,Retroviral And Runjumpfly Afrobeatanicals,You Deserve a Beer,SAB ABInBev,Joe Public,Gin n Phonics SAB ABInbev Black Crown Finalist 2025,Finalist,Hansa Pilsener
The Loerie Awards,2025,Retroviral And Runjumpfly Afrobeatanicals,You Deserve a Beer,SAB ABInBev,Joe Public,Gin n Phonics SAB ABInbev Black Crown Finalist 2025,Finalist,Hansa Pilsener
The Loerie Awards,2025,Retroviral And Runjumpfly Afrobeatanicals,You like things,Chicken Licken,Joe Public,Gin n Phonics SAB ABInbev Black Crown Finalist 2025,Finalist,Extra Licken
The Loerie Awards,2025,Retroviral And Runjumpfly Afrobeatanicals,You like things,Chicken Licken,Joe Public,Gin n Phonics SAB ABInbev Black Crown Finalist 2025,Finalist,Extra Licken
The Loerie Awards,2025,Retroviral And Runjumpfly Afrobeatanicals,Easy To Get,Nedbank,Joe Public,Gin n Phonics SAB ABInbev Black Crown Finalist 2025,Finalist,Personal Loans
The Loerie Awards,2025,Retroviral And Runjumpfly Afrobeatanicals,Easy To Get,Nedbank,Joe Public,Gin n Phonics SAB ABInbev Black Crown Finalist 2025,Finalist,Personal Loans
The Loerie Awards,2025,Retroviral And Runjumpfly Afrobeatanicals,FOR THE PAIN YOU CANOCOT NAME,Compral,The Odd Number,Gin n Phonics SAB ABInbev Black Crown Finalist 2025,Finalist,Pain Tablets
The Loerie Awards,2025,Retroviral And Runjumpfly Afrobeatanicals,FOR THE PAIN YOU CANOCOT NAME,Compral,The Odd Number,Gin n Phonics SAB ABInbev Black Crown Finalist 2025,Finalist,Pain Tablets
The Loerie Awards,2025,Retroviral And Runjumpfly Afrobeatanicals,FOR THE PAIN YOU CANOCOT NAME,Compral,The Odd Number,Gin n Phonics SAB ABInbev Black Crown Finalist 2025,Finalist,Pain Tablets
The Loerie Awards,2025,Retroviral And Runjumpfly Afrobeatanicals,Did I hear that,ADASA,Clockwork,Gin n Phonics SAB ABInbev Black Crown Finalist 2025,Finalist,ADASA
The Loerie Awards,2025,Retroviral And Runjumpfly Afrobeatanicals,Did I hear that,ADASA,Clockwork,Gin n Phonics SAB ABInbev Black Crown Finalist 2025,Finalist,ADASA
The Loerie Awards,2025,Retroviral And Runjumpfly Afrobeatanicals,Did I hear that,ADASA,Clockwork,Gin n Phonics SAB ABInbev Black Crown Finalist 2025,Finalist,ADASA
The Loerie Awards,2025,Retroviral And Runjumpfly Afrobeatanicals,A Lesson in Ugandan Efficiency,ABInBev,TBWA-Uganda,Gin n Phonics SAB ABInbev Black Crown Finalist 2025,Finalist,Club Shorty
The Loerie Awards,2025,Retroviral And Runjumpfly Afrobeatanicals,A Lesson in Ugandan Efficiency,ABInBev,TBWA-Uganda,Gin n Phonics SAB ABInbev Black Crown Finalist 2025,Finalist,Club Shorty
The Loerie Awards,2025,Retroviral And Runjumpfly Afrobeatanicals,Corruption doesnt just steal money,Corruption Watch,Avatar,Gin n Phonics SAB ABInbev Black Crown Finalist 2025,Finalist,Corruption Watch
The Loerie Awards,2025,Retroviral And Runjumpfly Afrobeatanicals,Its not you Its us - J Coolidges The Desperation Monologue,Emirates NBD,Publicis Middle East,Gin n Phonics SAB ABInbev Black Crown Finalist 2025,Finalist,Dining Credit and Debit Cards
The Loerie Awards,2025,Retroviral And Runjumpfly Afrobeatanicals,Its not you Its us - J Goodmans The Solitary Soliloquy,Emirates NBD,Publicis Middle East,Gin n Phonics SAB ABInbev Black Crown Finalist 2025,Finalist,Dining Credit and Debit Cards
The Loerie Awards,2025,Retroviral And Runjumpfly Afrobeatanicals,Leave it all behind,Renault,Dalmatian Advertising,Gin n Phonics SAB ABInbev Black Crown Finalist 2025,Finalist,Renault Duster
The Loerie Awards,2025,Retroviral And Runjumpfly Afrobeatanicals,Leave it all behind,Renault,Dalmatian Advertising,Gin n Phonics SAB ABInbev Black Crown Finalist 2025,Finalist,Renault Duster
The Loerie Awards,2025,Retroviral And Runjumpfly Afrobeatanicals,Leave it all behind,Renault,Dalmatian Advertising,Gin n Phonics SAB ABInbev Black Crown Finalist 2025,Finalist,Renault Duster
The Loerie Awards,2025,Retroviral And Runjumpfly Afrobeatanicals,Fraud is no Fairy Tale,Standard Bank,VML SA,Gin n Phonics SAB ABInbev Black Crown Finalist 2025,Finalist,Banking security
The Loerie Awards,2025,Retroviral And Runjumpfly Afrobeatanicals,Fraud is no Fairy Tale,Standard Bank,VML SA,Gin n Phonics SAB ABInbev Black Crown Finalist 2025,Finalist,Banking security
The Loerie Awards,2025,Retroviral And Runjumpfly Afrobeatanicals,Fraud is no Fairy Tale,Standard Bank,VML SA,Gin n Phonics SAB ABInbev Black Crown Finalist 2025,Finalist,Banking security
The Loerie Awards,2025,Retroviral And Runjumpfly Afrobeatanicals,Fraud is no Fairy Tale,Standard Bank,VML SA,Gin n Phonics SAB ABInbev Black Crown Finalist 2025,Finalist,Banking security
The Loerie Awards,2025,Retroviral And Runjumpfly Afrobeatanicals,Dish Soap,Bic Pens,Boundless - The Unlimited Agency Pty Ltd,Gin n Phonics SAB ABInbev Black Crown Finalist 2025,Finalist,Pens
The Loerie Awards,2025,Retroviral And Runjumpfly Afrobeatanicals,Ugly Car,RAM,Lion Communication FZ - LLC,Gin n Phonics SAB ABInbev Black Crown Finalist 2025,Finalist,RAM
The Loerie Awards,2025,Retroviral And Runjumpfly Afrobeatanicals,Financial Freedom,RAM,Lion Communication FZ - LLC,Gin n Phonics SAB ABInbev Black Crown Finalist 2025,Finalist,RAM
The Loerie Awards,2025,Retroviral And Runjumpfly Afrobeatanicals,That RAM Guy,RAM,Lion Communication FZ - LLC,Gin n Phonics SAB ABInbev Black Crown Finalist 2025,Finalist,RAM
The Loerie Awards,2025,Retroviral And Runjumpfly Afrobeatanicals,Afrikaraoke,SAB ABINBEV,Howard Audio,Gin n Phonics SAB ABInbev Black Crown Finalist 2025,Craft Certificate,Castle Milk Stout
The Loerie Awards,2025,Retroviral And Runjumpfly Afrobeatanicals,Corruption doesnt just steal money - Michael Komape Life Esidimeni,Corruption Watch,Avatar,Gin n Phonics SAB ABInbev Black Crown Finalist 2025,Campaign Craft Gold,Corruption Watch
The Loerie Awards,2025,Retroviral And Runjumpfly Afrobeatanicals,Easy To Get,Nedbank,Joe Public,Gin n Phonics SAB ABInbev Black Crown Finalist 2025,Craft Certificate,Personal Loans
The Loerie Awards,2025,Retroviral And Runjumpfly Afrobeatanicals,Party now Peri later,Nandos,VML SA,Gin n Phonics SAB ABInbev Black Crown Finalist 2025,Craft Certificate,Nandos
The Loerie Awards,2025,Retroviral And Runjumpfly Afrobeatanicals,You like things - Angry in English Clapping for the pilot,Chicken Licken,Joe Public,Gin n Phonics SAB ABInbev Black Crown Finalist 2025,Campaign Craft Certificate,Sides
The Loerie Awards,2025,Retroviral And Runjumpfly Afrobeatanicals,i-Family Meeting,Panarottis,Mullen Lowe South Africa,Gin n Phonics SAB ABInbev Black Crown Finalist 2025,Finalist,Panarottis Pizza
The Loerie Awards,2025,Retroviral And Runjumpfly Afrobeatanicals,You like things,Chicken Licken,Joe Public,Gin n Phonics SAB ABInbev Black Crown Finalist 2025,Finalist,Sides
The Loerie Awards,2025,Retroviral And Runjumpfly Afrobeatanicals,You like things,Chicken Licken,Joe Public,Gin n Phonics SAB ABInbev Black Crown Finalist 2025,Finalist,Sides
The Loerie Awards,2025,Retroviral And Runjumpfly Afrobeatanicals,Its not you Its us - J Coolidges The Desperation Monologue,Emirates NBD,Publicis Middle East,Gin n Phonics SAB ABInbev Black Crown Finalist 2025,Finalist,Dining Credit and Debit Cards
The Loerie Awards,2025,Retroviral And Runjumpfly Afrobeatanicals,Its not you Its us - J Goodmans The Solitary Soliloquy,Emirates NBD,Publicis Middle East,Gin n Phonics SAB ABInbev Black Crown Finalist 2025,Finalist,Dining Credit and Debit Cards
The Loerie Awards,2025,Retroviral And Runjumpfly Afrobeatanicals,Corruption doesnt just steal money,Corruption Watch,Avatar,Gin n Phonics SAB ABInbev Black Crown Finalist 2025,Finalist,Corruption Watch
The Loerie Awards,2025,Retroviral And Runjumpfly Afrobeatanicals,Corruption doesnt just steal money,Corruption Watch,Avatar,Gin n Phonics SAB ABInbev Black Crown Finalist 2025,Finalist,Corruption Watch
The Loerie Awards,2025,Retroviral And Runjumpfly Afrobeatanicals,Party now Peri later,Nandos,VML SA,Gin n Phonics SAB ABInbev Black Crown Finalist 2025,Finalist,Nandos
The Loerie Awards,2025,Retroviral And Runjumpfly Afrobeatanicals,Party now Peri later,Nandos,VML SA,Gin n Phonics SAB ABInbev Black Crown Finalist 2025,Finalist,Nandos
The Loerie Awards,2025,Retroviral And Runjumpfly Afrobeatanicals,Love is not make sure,Chicken Licken,Joe Public,Gin n Phonics SAB ABInbev Black Crown Finalist 2025,Campaign Craft Certificate,Love Me Tender
The Loerie Awards,2025,Retroviral And Runjumpfly Afrobeatanicals,Itory,Absa,Avatar,Gin n Phonics SAB ABInbev Black Crown Finalist 2025,Campaign Craft Certificate,Absa Personal Loans
The Loerie Awards,2025,Retroviral And Runjumpfly Afrobeatanicals,AwOCOvume uthi tea,Trinco,MC Saatchi Abel a division of The Up Up Group Pty Ltd,Gin n Phonics SAB ABInbev Black Crown Finalist 2025,Campaign Craft Certificate,Trinco Tea
The Loerie Awards,2025,Retroviral And Runjumpfly Afrobeatanicals,Love is not make sure,Chicken Licken,Joe Public,Gin n Phonics SAB ABInbev Black Crown Finalist 2025,Finalist,Love Me Tender
The Loerie Awards,2025,Retroviral And Runjumpfly Afrobeatanicals,Nkomo Nyoni,Knorrox,Avatar,Gin n Phonics SAB ABInbev Black Crown Finalist 2025,Finalist,Knorrox
The Loerie Awards,2025,Retroviral And Runjumpfly Afrobeatanicals,Nkomo Nyoni,Knorrox,Avatar,Gin n Phonics SAB ABInbev Black Crown Finalist 2025,Finalist,Knorrox
The Loerie Awards,2025,Retroviral And Runjumpfly Afrobeatanicals,Itory,Absa,Avatar,Gin n Phonics SAB ABInbev Black Crown Finalist 2025,Finalist,Absa Personal Loans
The Loerie Awards,2025,Retroviral And Runjumpfly Afrobeatanicals,AwOCOvume uthi tea,Trinco,MC Saatchi Abel a division of The Up Up Group Pty Ltd,Gin n Phonics SAB ABInbev Black Crown Finalist 2025,Finalist,Trinco Tea
The Loerie Awards,2025,Retroviral And Runjumpfly Afrobeatanicals,AwOCOvume uthi tea,Trinco,MC Saatchi Abel a division of The Up Up Group Pty Ltd,Gin n Phonics SAB ABInbev Black Crown Finalist 2025,Finalist,Trinco Tea
The Loerie Awards,2025,Retroviral And Runjumpfly Afrobeatanicals,Big threats turned small,Armoured Mobility,Avatar,Gin n Phonics SAB ABInbev Black Crown Finalist 2025,Finalist,Armoured vehicle service
The Loerie Awards,2025,Retroviral And Runjumpfly Afrobeatanicals,Big threats turned small,Armoured Mobility,Avatar,Gin n Phonics SAB ABInbev Black Crown Finalist 2025,Finalist,Armoured vehicle service
The Loerie Awards,2025,Retroviral And Runjumpfly Afrobeatanicals,seSotho ke seJapane,Isuzu,Avatar,Gin n Phonics SAB ABInbev Black Crown Finalist 2025,Finalist,Isuzu Trucks
The Loerie Awards,2025,Retroviral And Runjumpfly Afrobeatanicals,Surprisingly Good,SAB ABInBev,Joe Public,Gin n Phonics SAB ABInbev Black Crown Finalist 2025,Finalist,Flying Fish
The Loerie Awards,2025,Retroviral And Runjumpfly Afrobeatanicals,Love is not make sure,Chicken Licken,Joe Public,Gin n Phonics SAB ABInbev Black Crown Finalist 2025,Finalist,Love Me Tender
The Loerie Awards,2025,Retroviral And Runjumpfly Afrobeatanicals,Love is not make sure,Chicken Licken,Joe Public,Gin n Phonics SAB ABInbev Black Crown Finalist 2025,Finalist,Love Me Tender
The Loerie Awards,2025,Retroviral And Runjumpfly Afrobeatanicals,Love is not make sure,Chicken Licken,Joe Public,Gin n Phonics SAB ABInbev Black Crown Finalist 2025,Finalist,Love Me Tender
The Loerie Awards,2025,Retroviral And Runjumpfly Afrobeatanicals,Rich-Hate,Primedia Studios,distrikt 9,Gin n Phonics SAB ABInbev Black Crown Finalist 2025,Finalist,Wheel Of Fortune
The Loerie Awards,2025,Retroviral And Runjumpfly Afrobeatanicals,In-Snore Coupons,SleepZone,Impact BBDO,Gin n Phonics SAB ABInbev Black Crown Finalist 2025,Craft Certificate,SleepZone
The Loerie Awards,2025,Retroviral And Runjumpfly Afrobeatanicals,The Undercover Ad,Standard Bank,MC Saatchi Abel a division of The Up Up Group Pty Ltd,Gin n Phonics SAB ABInbev Black Crown Finalist 2025,Finalist,Standard Bank Banking App
The Loerie Awards,2025,Retroviral And Runjumpfly Afrobeatanicals,The Undercover Ad,Standard Bank,MC Saatchi Abel a division of The Up Up Group Pty Ltd,Gin n Phonics SAB ABInbev Black Crown Finalist 2025,Finalist,Standard Bank Banking App
The Loerie Awards,2025,Retroviral And Runjumpfly Afrobeatanicals,The Undercover Ad,Standard Bank,MC Saatchi Abel a division of The Up Up Group Pty Ltd,Gin n Phonics SAB ABInbev Black Crown Finalist 2025,Finalist,Standard Bank Banking App
The Loerie Awards,2025,Retroviral And Runjumpfly Afrobeatanicals,Check My Beat- Heart Health Tracks,Heart SA,McCann Worldgroup South Africa Pty Ltd t-a McCann Joburg,Gin n Phonics SAB ABInbev Black Crown Finalist 2025,Finalist,Heart Screenings
The Loerie Awards,2025,Retroviral And Runjumpfly Afrobeatanicals,Big threats turned small - Kidnap ka time time Warehouse namba namba,Armoured Mobility,Avatar,Gin n Phonics SAB ABInbev Black Crown Finalist 2025,Campaign Craft Certificate,Armoured vehicle service
The Loerie Awards,2025,Retroviral And Runjumpfly Afrobeatanicals,Hungry Yet - Steak Steaking Pasta Pastaring Stir-fry Stir-frying,SAB ABInBev,Joe Public,Gin n Phonics SAB ABInbev Black Crown Finalist 2025,Campaign Craft Certificate,Flying Fish
The Loerie Awards,2025,Retroviral And Runjumpfly Afrobeatanicals,Big threats turned small,Armoured Mobility,Avatar,Gin n Phonics SAB ABInbev Black Crown Finalist 2025,Finalist,Armoured vehicle service
The Loerie Awards,2025,Retroviral And Runjumpfly Afrobeatanicals,Your Money Is Not Thinking Straight,Momentum,The Odd Number,Gin n Phonics SAB ABInbev Black Crown Finalist 2025,Finalist,Savings
The Loerie Awards,2025,Retroviral And Runjumpfly Afrobeatanicals,Surprisingly Different,SAB ABInBev,Joe Public,Gin n Phonics SAB ABInbev Black Crown Finalist 2025,Finalist,Flying Fish
The Loerie Awards,2025,Retroviral And Runjumpfly Afrobeatanicals,Hungry Yet,SAB ABInBev,Joe Public,Gin n Phonics SAB ABInbev Black Crown Finalist 2025,Finalist,Flying Fish
The Loerie Awards,2025,Retroviral And Runjumpfly Afrobeatanicals,Hungry Yet,SAB ABInBev,Joe Public,Gin n Phonics SAB ABInbev Black Crown Finalist 2025,Finalist,Flying Fish
The Loerie Awards,2025,Retroviral And Runjumpfly Afrobeatanicals,Surprisingly Good,SAB ABInBev,Joe Public,Gin n Phonics SAB ABInbev Black Crown Finalist 2025,Finalist,Flying Fish
The Loerie Awards,2025,Film,KFC Bottomless Bucket,KFC South Africa,Ogilvy,TV CINEMA COMMERCIALS OCo UP TO 90S,Silver,KFC Buckets
The Loerie Awards,2025,Film,Mr Indecisive,Chicken Licken,Joe Public,TV CINEMA COMMERCIALS OCo UP TO 90S,Silver,Soul Square MealOao
The Loerie Awards,2025,Film,Save our stay SOS,City Lodge Hotel Group,TBWA Hunt Lascaris Johannesburg Pty Ltd,TV CINEMA COMMERCIALS OCo UP TO 90S,Bronze,City Lodge Hotels
The Loerie Awards,2025,Film,Boneless Bites of Soul,Chicken Licken,Joe Public,TV CINEMA COMMERCIALS OCo UP TO 90S,Bronze,SoulBites
The Loerie Awards,2025,Film,Its the Little Things - Wastebasket Triple Pointer Defeating the Claw Million Dollar Answer,Chicken Licken,Joe Public,TV CINEMA COMMERCIALS OCo UP TO 90S,Campaign Bronze,Super Slider Mix 4
The Loerie Awards,2025,Film,Incomplete Anthem,EBM,Impact BBDO,TV CINEMA COMMERCIALS OCo UP TO 90S,Finalist,Education
The Loerie Awards,2025,Film,Its not a bakkie,Toyota South Africa Motors,Publicis Group Africa,TV CINEMA COMMERCIALS OCo UP TO 90S,Finalist,Toyota Hilux
The Loerie Awards,2025,Film,SAB 130,SAB ABInBev,Boundless - The Unlimited Agency Pty Ltd,TV CINEMA COMMERCIALS OCo UP TO 90S,Finalist,Corporate
The Loerie Awards,2025,Film,WONDERRRR AWAITS,Mazda,Boundless - The Unlimited Agency Pty Ltd,TV CINEMA COMMERCIALS OCo UP TO 90S,Finalist,Mazda CX-60 - CX-30
The Loerie Awards,2025,Film,Whole World Wide Web,Makro,Accenture Song,TV CINEMA COMMERCIALS OCo UP TO 90S,Finalist,Retail
The Loerie Awards,2025,Film,Brand Purpose,Doritos,Accenture Song,TV CINEMA COMMERCIALS OCo UP TO 90S,Finalist,Snacks
The Loerie Awards,2025,Film,Watch Us,MultiChoice SA,Ogilvy,TV CINEMA COMMERCIALS OCo UP TO 90S,Finalist,Showmax
The Loerie Awards,2025,Film,KFC Box Clever,KFC South Africa,Ogilvy,TV CINEMA COMMERCIALS OCo UP TO 90S,Finalist,KFC Box Clever
The Loerie Awards,2025,Film,Its giving Whisky,Heineken Beverages South Africa,TBWA- Hunt Lascaris,TV CINEMA COMMERCIALS OCo UP TO 90S,Finalist,Savanna Cider
The Loerie Awards,2025,Film,Life on the Mind,Volkswagen South Africa,Ogilvy,TV CINEMA COMMERCIALS OCo UP TO 90S,Finalist,Tiguan
The Loerie Awards,2025,Film,Live in the Moment Not in the Worry,Santam,Joe Public,TV CINEMA COMMERCIALS OCo UP TO 90S,Finalist,Brand
The Loerie Awards,2025,Film,YouOCOll Find a Reason,Uber,Joe Public,TV CINEMA COMMERCIALS OCo UP TO 90S,Finalist,Uber Black
The Loerie Awards,2025,Film,YouOCOll Find a Reason,Uber,Joe Public,TV CINEMA COMMERCIALS OCo UP TO 90S,Finalist,Uber Black
The Loerie Awards,2025,Film,YouOCOll Find a Reason,Uber,Joe Public,TV CINEMA COMMERCIALS OCo UP TO 90S,Finalist,Uber Black
The Loerie Awards,2025,Film,Its the Little Things,Chicken Licken,Joe Public,TV CINEMA COMMERCIALS OCo UP TO 90S,Finalist,Super Slider Mix 4
The Loerie Awards,2025,Film,Its the Little Things,Chicken Licken,Joe Public,TV CINEMA COMMERCIALS OCo UP TO 90S,Finalist,Super Slider Mix 4
The Loerie Awards,2025,Film,Blood Legacy,Netflix South Africa,Fairchild Creative,TV CINEMA COMMERCIALS OCo UP TO 90S,Finalist,Blood Legacy Nine Nine TVC
The Loerie Awards,2025,Film,Lamb Champs,Pick n Pay Retailers Pty Ltd,DUKE ADVERTISING PTY LTD,TV CINEMA COMMERCIALS OCo UP TO 90S,Finalist,Pick n Pay
The Loerie Awards,2025,Film,The Homecoming,Chicken Licken,Joe Public,TV CINEMA COMMERCIALS OCo ABOVE 90S,Bronze,Hotwings
The Loerie Awards,2025,Film,Strangers,King Faisal Specialist Hospital Research Centre,Publicis Middle East,TV CINEMA COMMERCIALS OCo ABOVE 90S,Bronze,Healthcare Services
The Loerie Awards,2025,Film,Zuzu - The Hermit Crab,SCJ,Scholars,TV CINEMA COMMERCIALS OCo ABOVE 90S,Bronze,Corporate
The Loerie Awards,2025,Film,Get Money Fit,Nedbank,Joe Public,TV CINEMA COMMERCIALS OCo ABOVE 90S,Finalist,Brand
The Loerie Awards,2025,Film,AInything for the Taste,KFC South Africa,Ogilvy,TV CINEMA COMMERCIALS OCo ABOVE 90S,Finalist,KFC Brand
The Loerie Awards,2025,Film,Chasing the Sunset,The Courier Guy,Freckle Creative Pty Ltd,TV CINEMA COMMERCIALS OCo ABOVE 90S,Finalist,Delivery Service
The Loerie Awards,2025,Film,Cheeseboy,MTN South Africa,MC Saatchi Abel a division of The Up Up Group Pty Ltd,TV CINEMA COMMERCIALS OCo ABOVE 90S,Finalist,MTN
The Loerie Awards,2025,Film,YouOCOll Find a Reason - If We Win the Next Point If He Gets a Standing Ovation If We Come First,Uber,Joe Public,ONLINE FILM OCo UP TO 30S,Campaign Bronze,Uber Black
The Loerie Awards,2025,Film,Mongezis Billboard Taxi,SAB ABInBev,Joe Public,ONLINE FILM OCo UP TO 30S,Finalist,Flying Fish
The Loerie Awards,2025,Film,YouOCOll Find a Reason,Uber,Joe Public,ONLINE FILM OCo UP TO 30S,Finalist,Uber Black
The Loerie Awards,2025,Film,YouOCOll Find a Reason,Uber,Joe Public,ONLINE FILM OCo UP TO 30S,Finalist,Uber Black
The Loerie Awards,2025,Film,Buy Mens It costs less,Nedbank,Joe Public,ONLINE FILM OCo UP TO 30S,Finalist,Retail
The Loerie Awards,2025,Film,TryJanuary,Heineken Beverages South Africa,TBWA- Hunt Lascaris,ONLINE FILM OCo UP TO 30S,Finalist,Savanna Cider
The Loerie Awards,2025,Film,TryJanuary,Heineken Beverages South Africa,TBWA- Hunt Lascaris,ONLINE FILM OCo UP TO 30S,Finalist,Savanna Cider
The Loerie Awards,2025,Film,TryJanuary,Heineken Beverages South Africa,TBWA- Hunt Lascaris,ONLINE FILM OCo UP TO 30S,Finalist,Savanna Cider
The Loerie Awards,2025,Film,The Axe Effect,Axe,FCB Africa,ONLINE FILM OCo UP TO 30S,Finalist,Axe Deodorant
The Loerie Awards,2025,Film,The Axe Effect,Axe,FCB Africa,ONLINE FILM OCo UP TO 30S,Finalist,Axe Deodorant
The Loerie Awards,2025,Film,Obsession,General Entertainment Authority,BigTime Creative Shop,ONLINE FILM OCo ABOVE 30S,Gold,Fight Night
The Loerie Awards,2025,Film,Let There Be Cake,KFC,Bananas,ONLINE FILM OCo ABOVE 30S,Gold,Brand
The Loerie Awards,2025,Film,Hard-working Professionals - Anna Francois Yuto,Nedbank,Joe Public,ONLINE FILM OCo ABOVE 30S,Campaign Gold,Nedbank Platinum Credit Card
The Loerie Awards,2025,Film,Everything or Nothing,General Entertainment Authority,BigTime Creative Shop,ONLINE FILM OCo ABOVE 30S,Silver,Fight Night
The Loerie Awards,2025,Film,SAB Sharp,SAB ABInBev,We Are Bizarre Pty Ltd,ONLINE FILM OCo ABOVE 30S,Finalist,SAB Sharp
The Loerie Awards,2025,Film,Put Your Crown On Ice,SAB ABInBev,We Are Bizarre Pty Ltd,ONLINE FILM OCo ABOVE 30S,Finalist,Black Crown
The Loerie Awards,2025,Film,SAB Sharp,SAB ABInBev,We Are Bizarre Pty Ltd,ONLINE FILM OCo ABOVE 30S,Finalist,SAB Sharp
The Loerie Awards,2025,Film,The Great Indian Dunk,NBA,Leo Middle East,ONLINE FILM OCo ABOVE 30S,Finalist,Basketball
The Loerie Awards,2025,Film,Hotlap Heist,Red Bull,Iconic Agency Patriot Films,ONLINE FILM OCo ABOVE 30S,Finalist,Red Bull Energy Drink
The Loerie Awards,2025,Film,InkVisible Film,UN Women,Impact BBDO,ONLINE FILM OCo ABOVE 30S,Finalist,Domestic violence hotline
The Loerie Awards,2025,Film,InkVisible Film,UN Women,Impact BBDO,ONLINE FILM OCo ABOVE 30S,Finalist,Domestic violence hotline
The Loerie Awards,2025,Film,LIWA - DESERTS GRAND STAGE,DEPARTMENT OF CULTURE AND TOURISM ABU DHABI,SERVICEPLAN MIDDLE EAST FZ-LLC,ONLINE FILM OCo ABOVE 30S,Finalist,LIWA INTERNATIONAL FESTIVAL
The Loerie Awards,2025,Film,Hard-working Professionals,Nedbank,Joe Public,ONLINE FILM OCo ABOVE 30S,Finalist,Nedbank Platinum Credit Card
The Loerie Awards,2025,Film,Hard-working Professionals,Nedbank,Joe Public,ONLINE FILM OCo ABOVE 30S,Finalist,Nedbank Platinum Credit Card
The Loerie Awards,2025,Film,The Lake,Christian Vision,7Films,ONLINE FILM OCo ABOVE 30S,Finalist,Christian Vision
The Loerie Awards,2025,Film,Mongezis Billboard,SAB ABInBev,Joe Public,ONLINE FILM OCo ABOVE 30S,Finalist,Flying Fish
The Loerie Awards,2025,Film,DOVE Real Beauty,DOVE,7Films,ONLINE FILM OCo ABOVE 30S,Finalist,AI REAL BEAUTY
The Loerie Awards,2025,Film,ENGEL,Sony,7Films,ONLINE FILM OCo ABOVE 30S,Finalist,Sony Burano
The Loerie Awards,2025,Film,Khuphuka Nathi,Spotify,Machine-,ONLINE FILM OCo ABOVE 30S,Finalist,Spotify Africa
The Loerie Awards,2025,Film,Matchday Meltdown,Showmax,TW Retroviral Grid Worldwide,TV TRAILERS CONTENT PROMOS,Bronze,Showmax Premier League
The Loerie Awards,2025,Film,NameThisGolf - Trailer,Volkswagen South Africa,Ogilvy,TV TRAILERS CONTENT PROMOS,Finalist,Golf
The Loerie Awards,2025,Film,Call of the Kings,General Entertainment Authority,BigTime Creative Shop,TV TRAILERS CONTENT PROMOS,Finalist,Tennis Tournament
The Loerie Awards,2025,Film,Wasted Food,SAB ABInBev,Joe Public,OTHER SCREENS,Finalist,Flying Fish
The Loerie Awards,2025,Film,The F-Show,Sanlam,Accenture Song,BRANDED CONTENT FILM OCo SINGLE,Bronze,Financial
The Loerie Awards,2025,Film,Delivering something Xtra this Christmas,Checkers,99c,BRANDED CONTENT FILM OCo SINGLE,Finalist,Corporate
The Loerie Awards,2025,Film,Hard-working Professionals,Nedbank,Joe Public,BRANDED CONTENT FILM OCo SINGLE,Finalist,Nedbank Platinum Credit Card
The Loerie Awards,2025,Film,Afrikaraoke,SAB ABINBEV,Joe Public,BRANDED CONTENT FILM OCo SINGLE,Finalist,Castle Milk Stout
The Loerie Awards,2025,Film,FOREVER GOLF,Volkswagen South Africa,Ogilvy,BRANDED CONTENT FILM OCo SERIES,Silver,Golf
The Loerie Awards,2025,Film,SuperSport Real World of Champions,SuperSport,Matchstick,BRANDED CONTENT FILM OCo SERIES,Bronze,SuperSport Brand
The Loerie Awards,2025,Film,Get Money Fit,Nedbank,Joe Public,BRANDED CONTENT FILM OCo SERIES,Finalist,Brand
The Loerie Awards,2025,Film,PHFAT - Faces in the Light,PHFAT,LITTLEBIG,MUSIC VIDEOS,Finalist,Faces in the Light Music Video
The Loerie Awards,2025,Film,Piki Piki Mabelane,Chicken Licken,Giant Films,DIRECTION,Craft Gold,Food
The Loerie Awards,2025,Film,Let There be Cake,KFC Thailand,Carbon Films,DIRECTION,Craft Gold,40th Birthday
The Loerie Awards,2025,Film,Echoes of the Desert,Literature Publishing Translation Commission,Whizz Film,DIRECTION,Finalist,Saudi Founding Day Holiday
The Loerie Awards,2025,Film,Obsession,General Entertainment Authority,BigTime Creative Shop,DIRECTION,Finalist,Fight Night
The Loerie Awards,2025,Film,Hotlap Heist,Red Bull,Iconic Agency Patriot Films,DIRECTION,Finalist,Red Bull Energy Drink
The Loerie Awards,2025,Film,Strangers,King Faisal Specialist Hospital Research Centre,Publicis Middle East,DIRECTION,Finalist,Healthcare Services
The Loerie Awards,2025,Film,Waste Paper Basket Claw,Chicken Licken,Romance Films Pty Ltd,DIRECTION,Finalist,Chicken Licken Super Slider 4 Mix
The Loerie Awards,2025,Film,Waste Paper Basket Claw,Chicken Licken,Romance Films Pty Ltd,DIRECTION,Finalist,Chicken Licken Super Slider 4 Mix
The Loerie Awards,2025,Film,Boneless Bites of Soul,Chicken Licken,Romance Films Pty Ltd,DIRECTION,Finalist,Chicken Licken Soul bites
The Loerie Awards,2025,Film,LIWA - DESERTS GRAND STAGE,DEPARTMENT OF CULTURE AND TOURISM ABU DHABI,SERVICEPLAN MIDDLE EAST FZ-LLC,DIRECTION,Finalist,LIWA INTERNATIONAL FESTIVAL
The Loerie Awards,2025,Film,Mind on Life,VW,Giant Films,DIRECTION,Finalist,VW Tiguan
The Loerie Awards,2025,Film,Epic Battles,Concacaf,Scholars,DIRECTION,Finalist,Concacaf Championships Promo
The Loerie Awards,2025,Film,Incomplete Anthem,EBM,Impact BBDO,DIRECTION,Finalist,Education
The Loerie Awards,2025,Film,NameThisGolf - Trailer,Volkswagen South Africa,Sanaa Films,DIRECTION,Finalist,Golf
The Loerie Awards,2025,Film,FOREVER GOLF,Volkswagen South Africa,Sanaa Films,DIRECTION,Finalist,Golf
The Loerie Awards,2025,Film,BRAND RESET,WOOLWORTHS,DARLING FILMS PTY LTD,DIRECTION,Finalist,WOOLWORTHS BRAND RESET
The Loerie Awards,2025,Film,BOTTOMLESS BUCKET,KFC,DARLING FILMS PTY LTD,DIRECTION,Finalist,KFC
The Loerie Awards,2025,Film,ROSSA FESTIVE CAMPAIGN,KFC,DARLING FILMS PTY LTD,DIRECTION,Finalist,KFC ROSSA FESTIVE
The Loerie Awards,2025,Film,SAVE OUR STAY,CITY LODGE,DARLING FILMS PTY LTD,DIRECTION,Finalist,CITY LODGE
The Loerie Awards,2025,Film,The Homecoming,Chicken Licken,Plank Film Productions,DIRECTION,Finalist,Hotwings
The Loerie Awards,2025,Film,ITS NOT JUST A BAKKIE,TOYOTA,Patriot Films,DIRECTION,Finalist,Automotive
The Loerie Awards,2025,Film,Zulu With Us,Spotify South Africa,Patriot Films,DIRECTION,Finalist,Digital music streaming service
The Loerie Awards,2025,Film,SDPF3 The Heist,Super Dragon Punch Force 3 - Talent Digital Art,Patriot Films,DIRECTION,Finalist,Gaming
The Loerie Awards,2025,Film,KAIIA Anything for the taste,KFC,Carbon Films,DIRECTION,Finalist,Brand
The Loerie Awards,2025,Film,Hard-working Professionals,Nedbank,Joe Public,DIRECTION,Finalist,Nedbank Platinum Credit Card
The Loerie Awards,2025,Film,Watch Us,Showmax,FORT,DIRECTION,Finalist,Showmax
The Loerie Awards,2025,Film,The Great Indian Dunk,NBA,Leo Middle East,DIRECTION,Finalist,Basketball
The Loerie Awards,2025,Film,DGDA Founding Day,Diriyah Gate Development Authority,Purple Brain,DIRECTION,Finalist,Saudi Founding Day
The Loerie Awards,2025,Film,Piki Piki Mabelane,Chicken Licken,Giant Films,CINEMATOGRAPHY,Craft Certificate,Food
The Loerie Awards,2025,Film,Everything or Nothing,General Entertainment Authority,BigTime Creative Shop,CINEMATOGRAPHY,Craft Certificate,Fight Night
The Loerie Awards,2025,Film,The Great Indian Dunk,NBA,Leo Middle East,CINEMATOGRAPHY,Finalist,Basketball
The Loerie Awards,2025,Film,SDPF3 The Heist,Super Dragon Punch Force 3 - Talent Digital Art,Patriot Films,CINEMATOGRAPHY,Finalist,Gaming
The Loerie Awards,2025,Film,ITS NOT JUST A BAKKIE,TOYOTA,Patriot Films,CINEMATOGRAPHY,Finalist,Automotive
The Loerie Awards,2025,Film,Zulu With Us,Spotify South Africa,Patriot Films,CINEMATOGRAPHY,Finalist,Digital music streaming service
The Loerie Awards,2025,Film,The Lake,Christian Vision,7Films,CINEMATOGRAPHY,Finalist,Christian Vision
The Loerie Awards,2025,Film,Originals Anthem,KFC,Patriot Films,CINEMATOGRAPHY,Finalist,Foods-Restaurant-Fast Food
The Loerie Awards,2025,Film,Made For You,Spotify Africa,Patriot Films,CINEMATOGRAPHY,Finalist,Digital music streaming service
The Loerie Awards,2025,Film,The Homecoming,Chicken Licken,Plank Film Productions,CINEMATOGRAPHY,Finalist,Hotwings
The Loerie Awards,2025,Film,BOTTOMLESS BUCKET,KFC,DARLING FILMS PTY LTD,CINEMATOGRAPHY,Finalist,KFC
The Loerie Awards,2025,Film,ROSSA FESTIVE CAMPAIGN,KFC,DARLING FILMS PTY LTD,CINEMATOGRAPHY,Finalist,KFC ROSSA FESTIVE
The Loerie Awards,2025,Film,BRAND RESET,WOOLWORTHS,DARLING FILMS PTY LTD,CINEMATOGRAPHY,Finalist,WOOLWORTHS BRAND RESET
The Loerie Awards,2025,Film,KAIIA Anything for the taste,KFC,Carbon Films,CINEMATOGRAPHY,Finalist,Brand
The Loerie Awards,2025,Film,Here Now,Generali,Bioscope Films,CINEMATOGRAPHY,Finalist,Insurance
The Loerie Awards,2025,Film,Bringing Light To Your Life,Sonnenglas,Bioscope Films,CINEMATOGRAPHY,Finalist,Sonnenglas
The Loerie Awards,2025,Film,Mind on Life,VW,Giant Films,CINEMATOGRAPHY,Finalist,VW Tiguan
The Loerie Awards,2025,Film,LIWA - DESERTS GRAND STAGE,DEPARTMENT OF CULTURE AND TOURISM ABU DHABI,SERVICEPLAN MIDDLE EAST FZ-LLC,CINEMATOGRAPHY,Finalist,LIWA INTERNATIONAL FESTIVAL
The Loerie Awards,2025,Film,Boneless Bites of Soul,Chicken Licken,Romance Films Pty Ltd,CINEMATOGRAPHY,Finalist,Chicken Licken Soul bites
The Loerie Awards,2025,Film,Waste Paper Basket Claw,Chicken Licken,Romance Films Pty Ltd,CINEMATOGRAPHY,Finalist,Chicken Licken Super Slider 4 Mix
The Loerie Awards,2025,Film,Waste Paper Basket Claw,Chicken Licken,Romance Films Pty Ltd,CINEMATOGRAPHY,Finalist,Chicken Licken Super Slider 4 Mix
The Loerie Awards,2025,Film,GetMoneyFit,Nedbank,Romance Films Pty Ltd,CINEMATOGRAPHY,Finalist,Nedbank
The Loerie Awards,2025,Film,Roam Like Home,e,Saatchi Saatchi Middle East,CINEMATOGRAPHY,Finalist,Dining Credit and Debit Cards
The Loerie Awards,2025,Film,Hotlap Heist,Red Bull,Iconic Agency Patriot Films,CINEMATOGRAPHY,Finalist,Red Bull Energy Drink
The Loerie Awards,2025,Film,Obsession,General Entertainment Authority,BigTime Creative Shop,CINEMATOGRAPHY,Finalist,Fight Night
The Loerie Awards,2025,Film,Hard-Working Professionals,Nedbank,Joe Public,WRITING,Craft Gold,Nedbank Platinum Credit Card
The Loerie Awards,2025,Film,The F-Show,Sanlam,Accenture Song,WRITING,Craft Certificate,Financial
The Loerie Awards,2025,Film,Post-Sale Heartache,HOME CENTRE,Leo Middle East,WRITING,Finalist,Home Centre
The Loerie Awards,2025,Film,Post-Sale Heartache,Home Centre,Leo Middle East,WRITING,Finalist,Furniture
The Loerie Awards,2025,Film,Post-Sale Heartache,Home Centre,Leo Middle East,WRITING,Finalist,Furniture
The Loerie Awards,2025,Film,Strangers,King Faisal Specialist Hospital Research Centre,Publicis Middle East,WRITING,Finalist,Healthcare Services
The Loerie Awards,2025,Film,Its not you Its us - J Goodmans The Solitary Soliloquy,Emirates NBD,Publicis Middle East,WRITING,Finalist,Dining Credit and Debit Cards
The Loerie Awards,2025,Film,Whole World Wide Web,Makro,Accenture Song,WRITING,Finalist,Retail
The Loerie Awards,2025,Film,Let There Be Cake,KFC,Bananas,WRITING,Finalist,Brand
The Loerie Awards,2025,Film,KFC Box Clever,KFC South Africa,Ogilvy,WRITING,Finalist,KFC Box Clever
The Loerie Awards,2025,Film,Save our stay SOS,City Lodge Hotel Group,TBWA Hunt Lascaris Johannesburg Pty Ltd,WRITING,Finalist,City Lodge Hotels
The Loerie Awards,2025,Film,GottaGetAVivo - Gen Battle,Volkswagen South Africa,Ogilvy,WRITING,Finalist,Polo Vivo
The Loerie Awards,2025,Film,TryJanuary,Heineken Beverages South Africa,TBWA- Hunt Lascaris,WRITING,Finalist,Savanna Cider
The Loerie Awards,2025,Film,Its giving Whisky,Heineken Beverages South Africa,TBWA- Hunt Lascaris,WRITING,Finalist,Savanna Cider
The Loerie Awards,2025,Film,Cheetos Pants Film,Cheetos,Impact BBDO,WRITING,Finalist,Cheetos
The Loerie Awards,2025,Film,Hard-Working Professionals,Nedbank,Joe Public,WRITING,Finalist,Nedbank Platinum Credit Card
The Loerie Awards,2025,Film,Hard-Working Professionals,Nedbank,Joe Public,WRITING,Finalist,Nedbank Platinum Credit Card
The Loerie Awards,2025,Film,Get Money Fit,Nedbank,Joe Public,WRITING,Finalist,Brand
The Loerie Awards,2025,Film,Wasted Food,SAB ABinBev,Joe Public,WRITING,Finalist,Flying Fish
The Loerie Awards,2025,Film,Piki Piki Mabelane,Chicken Licken,Giant Films,PRODUCTION DESIGN,Craft Certificate,Food
The Loerie Awards,2025,Film,Waste Paper Basket Claw,Chicken Licken,Romance Films Pty Ltd,PRODUCTION DESIGN,Finalist,Chicken Licken Super Slider 4 Mix
The Loerie Awards,2025,Film,Waste Paper Basket Claw,Chicken Licken,Romance Films Pty Ltd,PRODUCTION DESIGN,Finalist,Chicken Licken Super Slider 4 Mix
The Loerie Awards,2025,Film,JENNYFER,JENNYFER,CIRCUS,PRODUCTION DESIGN,Finalist,Fashion
The Loerie Awards,2025,Film,Keep Growing,Standard Bank,Giant Films,PRODUCTION DESIGN,Finalist,Banking
The Loerie Awards,2025,Film,Bring Your Impossible,UAE Government Media Office,Impact BBDO,PRODUCTION DESIGN,Finalist,UAE
The Loerie Awards,2025,Film,Escape Black Friday,Etihad Airways,Impact BBDO,PRODUCTION DESIGN,Finalist,Etihad Airways
The Loerie Awards,2025,Film,Ndiphiwe Oliphant,SAB Sharp,Bioscope Films,PRODUCTION DESIGN,Finalist,Dont Drink and Drive
The Loerie Awards,2025,Film,Let There be Cake,KFC Thailand,Carbon Films,PRODUCTION DESIGN,Finalist,40th Birthday
The Loerie Awards,2025,Film,Originals Anthem,KFC,Patriot Films,PRODUCTION DESIGN,Finalist,Foods-Restaurant-Fast Food
The Loerie Awards,2025,Film,DGDA Founding Day,Diriyah Gate Development Authority,Purple Brain,PRODUCTION DESIGN,Finalist,Saudi Founding Day
The Loerie Awards,2025,Film,New Tiguan SUV Ad,Volkswagen,Chocolate Tribe,ANIMATION,Finalist,Tiguan
The Loerie Awards,2025,Film,Call of the Kings,General Entertainment Authority,BigTime Creative Shop,ANIMATION,Finalist,Tennis Tournament
The Loerie Awards,2025,Film,Obsession,General Entertainment Authority,BigTime Creative Shop,SPECIAL VISUAL EFFECTS,Craft Certificate,Fight Night
The Loerie Awards,2025,Film,Bring Your Impossible,UAE Government Media Office,Impact BBDO,SPECIAL VISUAL EFFECTS,Finalist,UAE
The Loerie Awards,2025,Film,Stru,SAB AB INBEV,Promise,SPECIAL VISUAL EFFECTS,Finalist,Castle Double Malt
The Loerie Awards,2025,Film,Come Back to me,Home Centre,Leo Middle East,SPECIAL VISUAL EFFECTS,Finalist,Furniture
The Loerie Awards,2025,Film,Go For More launch,e,Saatchi Saatchi Middle East,SPECIAL VISUAL EFFECTS,Finalist,Dining Credit and Debit Cards
The Loerie Awards,2025,Film,New Tiguan SUV Ad,Volkswagen,Chocolate Tribe,SPECIAL VISUAL EFFECTS,Finalist,Tiguan
The Loerie Awards,2025,Film,Call of the Kings,General Entertainment Authority,BigTime Creative Shop,SPECIAL VISUAL EFFECTS,Finalist,Tennis Tournament
The Loerie Awards,2025,Film,Whole World Wide Web,Makro,Accenture Song,SPECIAL VISUAL EFFECTS,Finalist,Retail
The Loerie Awards,2025,Film,GottaGetAVivo - Slow Encounters,Volkswagen South Africa,Ogilvy,SPECIAL VISUAL EFFECTS,Finalist,Polo Vivo
The Loerie Awards,2025,Film,Let There be Cake,KFC Thailand,Carbon Films,SPECIAL VISUAL EFFECTS,Finalist,40th Birthday
The Loerie Awards,2025,Film,KAIIA Anything for the taste,KFC,Carbon Films,SPECIAL VISUAL EFFECTS,Finalist,Brand
The Loerie Awards,2025,Film,BOTTOMLESS BUCKET,KFC,DARLING FILMS PTY LTD,EDITING,Craft Certificate,KFC
The Loerie Awards,2025,Film,Put Your Crown On Ice,SAB ABInBev,We Are Bizarre Pty Ltd,EDITING,Finalist,Black Crown
The Loerie Awards,2025,Film,The Great Indian Dunk,NBA,Leo Middle East,EDITING,Finalist,Basketball
The Loerie Awards,2025,Film,SDPF3 The Heist,Super Dragon Punch Force 3 - Talent Digital Art,Patriot Films,EDITING,Finalist,Gaming
The Loerie Awards,2025,Film,The Lake,Christian Vision,7Films,EDITING,Finalist,Christian Vision
The Loerie Awards,2025,Film,Nedbank Travel Card,Nedbank,7Films,EDITING,Finalist,Travel Insurance
The Loerie Awards,2025,Film,Originals Anthem,KFC,Patriot Films,EDITING,Finalist,Foods-Restaurant-Fast Food
The Loerie Awards,2025,Film,Let There be Cake,KFC Thailand,Carbon Films,EDITING,Finalist,40th Birthday
The Loerie Awards,2025,Film,Forever Golf Trailer,Volkswagen South Africa,Ogilvy,EDITING,Finalist,Golf
The Loerie Awards,2025,Film,Piki Piki Mabelane,Chicken Licken,Giant Films,EDITING,Finalist,Food
The Loerie Awards,2025,Film,LIWA - DESERTS GRAND STAGE,DEPARTMENT OF CULTURE AND TOURISM ABU DHABI,SERVICEPLAN MIDDLE EAST FZ-LLC,EDITING,Finalist,LIWA INTERNATIONAL FESTIVAL
The Loerie Awards,2025,Film,GetMoneyFit,Nedbank,Romance Films Pty Ltd,EDITING,Finalist,Nedbank
The Loerie Awards,2025,Film,Waste Paper Basket Claw,Chicken Licken,Romance Films Pty Ltd,MUSIC,Craft Certificate,Chicken Licken Super Slider 4 Mix
The Loerie Awards,2025,Film,Zulu With Us,Spotify South Africa,Patriot Films,MUSIC,Craft Certificate,Digital music streaming service
The Loerie Awards,2025,Film,Waste Paper Basket Claw,Chicken Licken,Romance Films Pty Ltd,MUSIC,Finalist,Chicken Licken Super Slider 4 Mix
The Loerie Awards,2025,Film,GetMoneyFit,Nedbank,Pressure Cooker Studios,MUSIC,Finalist,Nedbank
The Loerie Awards,2025,Film,InkVisible,UN Women,Impact BBDO,MUSIC,Finalist,Domestic violence hotline
The Loerie Awards,2025,Film,WONDERRRR AWAITS,Mazda,Boundless - The Unlimited Agency Pty Ltd,MUSIC,Finalist,Mazda CX-60 - CX-30
The Loerie Awards,2025,Film,BOTTOMLESS BUCKET,KFC,DARLING FILMS PTY LTD,MUSIC,Finalist,KFC
The Loerie Awards,2025,Retroviral And Runjumpfly Afrobeatanicals,Originals Anthem,KFC,Patriot Films,Gin n Phonics SAB ABInbev Black Crown Finalist 2025,Finalist,Foods-Restaurant-Fast Food
The Loerie Awards,2025,Retroviral And Runjumpfly Afrobeatanicals,Let the be cake,KFC,Howard Audio,Gin n Phonics SAB ABInbev Black Crown Finalist 2025,Finalist,KFC
The Loerie Awards,2025,Retroviral And Runjumpfly Afrobeatanicals,ITS NOT JUST A BAKKIE,TOYOTA,Patriot Films,Gin n Phonics SAB ABInbev Black Crown Finalist 2025,Finalist,Automotive
The Loerie Awards,2025,Retroviral And Runjumpfly Afrobeatanicals,The Great Indian Dunk,NBA,Leo Middle East,Gin n Phonics SAB ABInbev Black Crown Finalist 2025,Finalist,Basketball
The Loerie Awards,2025,Retroviral And Runjumpfly Afrobeatanicals,Smarta with Data,Airtel,The Partnership PUBLICIS,Gin n Phonics SAB ABInbev Black Crown Finalist 2025,Finalist,Telecommunication
The Loerie Awards,2025,Film,Obsession,General Entertainment Authority,BigTime Creative Shop,BEST USE OF LICENCED MUSIC,Craft Gold,Fight Night
The Loerie Awards,2025,Film,Strangers,King Faisal Specialist Hospital Research Centre,Publicis Middle East,BEST USE OF LICENCED MUSIC,Craft Certificate,Healthcare Services
The Loerie Awards,2025,Film,Mr Indecisive,Chicken Licken,Joe Public,BEST USE OF LICENCED MUSIC,Craft Certificate,SoulSquare Meal
The Loerie Awards,2025,Film,Everything or Nothing,General Entertainment Authority,BigTime Creative Shop,BEST USE OF LICENCED MUSIC,Finalist,Fight Night
The Loerie Awards,2025,Film,The Needed Space,ItsHerWay,Saatch Saatchi Middle East,BEST USE OF LICENCED MUSIC,Finalist,B2B purpose-driven initiative
The Loerie Awards,2025,Film,Mind on Life,VW,Giant Films,BEST USE OF LICENCED MUSIC,Finalist,VW Tiguan
The Loerie Awards,2025,Film,Showmax - Watch Us,Showmax,Hey Papa Legend,BEST USE OF LICENCED MUSIC,Finalist,Showmax
The Loerie Awards,2025,Film,Summer Break Insta,KFC,Patriot Films,BEST USE OF LICENCED MUSIC,Finalist,FOOD-RESTAURANTS-FASTFOOD
The Loerie Awards,2025,Film,Summer Break Braai,KFC,Patriot Films,BEST USE OF LICENCED MUSIC,Finalist,FOOD-RESTAURANTS-FASTFOOD
The Loerie Awards,2025,Film,Summer Break Tan,KFC,Patriot Films,BEST USE OF LICENCED MUSIC,Finalist,FOOD-RESTAURANTS-FASTFOOD
The Loerie Awards,2025,Film,Christmas is better together - Checkers South Africa,Checkers,The Digital Republic T-A Audio Militia,BEST USE OF LICENCED MUSIC,Finalist,Checkers Christmas Production
The Loerie Awards,2025,Film,Piki Piki Mabelane,Chicken Licken,Giant Films,PERFORMANCE,Grand Prix,Food
The Loerie Awards,2025,Film,Obsession,General Entertainment Authority,BigTime Creative Shop,PERFORMANCE,Craft Certificate,Fight Night
The Loerie Awards,2025,Film,POST-SALE HEARTACHE,HOME CENTRE,LEO MIDDLE EAST,PERFORMANCE,Finalist,HOME DECOR AND FURNITURE
The Loerie Awards,2025,Film,POST-SALE HEARTACHE,HOME CENTRE,LEO MIDDLE EAST,PERFORMANCE,Finalist,HOME DECOR AND FURNITURE
The Loerie Awards,2025,Film,POST-SALE HEARTACHE,HOME CENTRE,LEO MIDDLE EAST,PERFORMANCE,Finalist,HOME DECOR AND FURNITURE
The Loerie Awards,2025,Film,ITS NOT JUST A BAKKIE,TOYOTA,Patriot Films,PERFORMANCE,Finalist,Automotive
The Loerie Awards,2025,Film,ENGEL,Sony,7Films,PERFORMANCE,Finalist,Sony Burano
The Loerie Awards,2025,Film,The Homecoming,Chicken Licken,Plank Film Productions,PERFORMANCE,Finalist,Hotwings
The Loerie Awards,2025,Film,Hard-working Professionals,Nedbank,Joe Public,PERFORMANCE,Finalist,Nedbank Platinum Credit Card
The Loerie Awards,2025,Film,Let There be Cake,KFC Thailand,Carbon Films,PERFORMANCE,Finalist,40th Birthday
The Loerie Awards,2025,Film,Hard-working Professionals,Nedbank,Joe Public,PERFORMANCE,Finalist,Nedbank Platinum Credit Card
The Loerie Awards,2025,Film,Hard-working Professionals,Nedbank,Joe Public,PERFORMANCE,Finalist,Nedbank Platinum Credit Card
The Loerie Awards,2025,Film,SAVE OUR STAY,CITY LODGE,DARLING FILMS PTY LTD,PERFORMANCE,Finalist,CITY LODGE
The Loerie Awards,2025,Film,Matchday Meltdown,Showmax,Grid Worldwide,PERFORMANCE,Finalist,Premier League
The Loerie Awards,2025,Film,Everything or Nothing,General Entertainment Authority,BigTime Creative Shop,PERFORMANCE,Finalist,Fight Night
The Loerie Awards,2025,Film,Strangers,King Faisal Specialist Hospital Research Centre,Publicis Middle East,PERFORMANCE,Finalist,Healthcare Services
The Loerie Awards,2025,Film,Incomplete Anthem,EBM,Impact BBDO,PERFORMANCE,Finalist,Education
The Loerie Awards,2025,Film,Waste Paper Basket Claw,Chicken Licken,Romance Films Pty Ltd,PERFORMANCE,Finalist,Chicken Licken Super Slider 4 Mix
The Loerie Awards,2025,Film,Boneless Bites of Soul,Chicken Licken,Romance Films Pty Ltd,PERFORMANCE,Finalist,Chicken Licken Soul bites
The Loerie Awards,2025,Film,KAIIA Anything for the taste,KFC,Carbon Films,USE OF TECHNOLOGY,Finalist,Brand
The Loerie Awards,2025,Film,Behind the numbers,Absa,Avatar 99c,USE OF TECHNOLOGY,Finalist,Absa Brand
The Loerie Awards,2025,Film,FAKE EVERYTHING EXCEPT THE CHICKEN,KFC,CIRCUS,USE OF TECHNOLOGY,Finalist,Fast Food
The Loerie Awards,2025,Film,PHFAT - Faces in the Light,PHFAT,LITTLEBIG,USE OF TECHNOLOGY,Finalist,Faces in the Light Music Video
The Loerie Awards,2025,Film,Ecstatic Exit - Hallie Haller,Fam Films,The Digital Republic T-A Audio Militia,SOUND DESIGN,Finalist,Short Film
The Loerie Awards,2025,Film,SDPF3 The Heist,Super Dragon Punch Force 3 - Talent Digital Art,Patriot Films,SOUND DESIGN,Finalist,Gaming
The Loerie Awards,2025,Film,Let the be cake,KFC,Howard Audio,SOUND DESIGN,Finalist,KFC
The Loerie Awards,2025,Film,BET Friday Action Movies,Paramount Africa,Fairchild Creative,SOUND DESIGN,Finalist,BET
The Loerie Awards,2025,Film,Forever Golf,Volkswagen South Africa,Ogilvy,SOUND DESIGN,Finalist,Golf
The Loerie Awards,2025,Film,Its not a bakkie,Toyota South Africa Motors,Publicis Group Africa,SOUND DESIGN,Finalist,Toyota Hilux
The Loerie Awards,2025,Film,LIWA - DESERTS GRAND STAGE,DEPARTMENT OF CULTURE AND TOURISM ABU DHABI,SERVICEPLAN MIDDLE EAST FZ-LLC,SOUND DESIGN,Finalist,LIWA INTERNATIONAL FESTIVAL
The Loerie Awards,2025,Integrated Campaign,Why Choose,Chicken Licken,Joe Public,INTEGRATED CAMPAIGN,Gold,Soul Square MealOao
The Loerie Awards,2025,Integrated Campaign,Cheetos Pants,Cheetos,Impact BBDO,INTEGRATED CAMPAIGN,Silver,Cheetos
The Loerie Awards,2025,Integrated Campaign,Hard-working Professionals,Nedbank,Joe Public,INTEGRATED CAMPAIGN,Silver,Nedbank Platinum Credit Card
The Loerie Awards,2025,Integrated Campaign,DryJan,Heineken Beverages South Africa,TBWA Hunt Lascaris Johannesburg Pty Ltd,INTEGRATED CAMPAIGN,Bronze,Windhoek Beer
The Loerie Awards,2025,Integrated Campaign,Save our stay SOS,City Lodge Hotel Group,TBWA Hunt Lascaris Johannesburg Pty Ltd,INTEGRATED CAMPAIGN,Bronze,City Lodge Hotels
The Loerie Awards,2025,Integrated Campaign,Boneless Bites of Soul,Chicken Licken,Joe Public,INTEGRATED CAMPAIGN,Bronze,SoulBites
The Loerie Awards,2025,Integrated Campaign,InkVisible,UN Women,Impact BBDO,INTEGRATED CAMPAIGN,Bronze,Domestic violence hotline
The Loerie Awards,2025,Integrated Campaign,There We Are,Home Centre,Publicis Middle East,INTEGRATED CAMPAIGN,Bronze,Furniture
The Loerie Awards,2025,Integrated Campaign,The Unfluencer,KFC,Bananas,INTEGRATED CAMPAIGN,Finalist,Buldak Dunked Wings
The Loerie Awards,2025,Integrated Campaign,Rewrite the Gap,ItsHerWay,Saatchi Saatchi Middle East,INTEGRATED CAMPAIGN,Finalist,Published Books
The Loerie Awards,2025,Integrated Campaign,Party now Peri later campaign,Nandos,VML SA,INTEGRATED CAMPAIGN,Finalist,Nandos
The Loerie Awards,2025,Integrated Campaign,SAB 130,SAB ABInBev,Boundless - The Unlimited Agency Pty Ltd,INTEGRATED CAMPAIGN,Finalist,SAB Corporate
The Loerie Awards,2025,Integrated Campaign,Adoptim - Take one,NSPCA,Boundless - The Unlimited Agency Pty Ltd,INTEGRATED CAMPAIGN,Finalist,SPCA
The Loerie Awards,2025,Integrated Campaign,Real Beauty Generation 20,Unilever South Africa,VML SA,INTEGRATED CAMPAIGN,Finalist,Dove
The Loerie Awards,2025,Integrated Campaign,Anger Manenja,Savanna,VML SA,INTEGRATED CAMPAIGN,Finalist,Savanna Angry Lemon
The Loerie Awards,2025,Integrated Campaign,The Fintervention,Sanlam,Accenture Song,INTEGRATED CAMPAIGN,Finalist,Brand
The Loerie Awards,2025,Integrated Campaign,DISCOVER YOURSELF,TikTok,Dentsu Creative South Africa,INTEGRATED CAMPAIGN,Finalist,TikTok
The Loerie Awards,2025,Integrated Campaign,Sun Courts,Nivea,Saatchi Saatchi Middle East,INTEGRATED CAMPAIGN,Finalist,Nivea Sun
The Loerie Awards,2025,Integrated Campaign,The Dark Circle Sale,Home Centre,Leo Middle East,INTEGRATED CAMPAIGN,Finalist,Furniture
The Loerie Awards,2025,Integrated Campaign,FOREVER GOLF,Volkswagen South Africa,Ogilvy,INTEGRATED CAMPAIGN,Finalist,Golf
The Loerie Awards,2025,Integrated Campaign,Savanna Neat,Heineken Beverages South Africa,TBWA- Hunt Lascaris,INTEGRATED CAMPAIGN,Finalist,Savanna Cider
The Loerie Awards,2025,Integrated Campaign,The Real Injury Time,SAB ABInBev,Ogilvy,INTEGRATED CAMPAIGN,Finalist,Carling Black Label
The Loerie Awards,2025,Integrated Campaign,AInything for the Taste,KFC South Africa,Ogilvy,INTEGRATED CAMPAIGN,Finalist,KFC Brand
The Loerie Awards,2025,Integrated Campaign,TryJanuary,Heineken Beverages South Africa,TBWA- Hunt Lascaris,INTEGRATED CAMPAIGN,Finalist,Savanna Cider
The Loerie Awards,2025,Integrated Campaign,Wasted Food,SAB ABInBev,Joe Public,INTEGRATED CAMPAIGN,Finalist,Flying Fish
The Loerie Awards,2025,Integrated Campaign,Money Warnings,Nedbank,Joe Public,INTEGRATED CAMPAIGN,Finalist,Brand
The Loerie Awards,2025,Integrated Campaign,Buy Mens,Nedbank,Joe Public,INTEGRATED CAMPAIGN,Finalist,Brand
The Loerie Awards,2025,Integrated Campaign,Pay With Your Trend,Pizza Hut,Publicis Middle East,INTEGRATED CAMPAIGN,Finalist,Pizza Hut
The Loerie Awards,2025,Integrated Campaign,Niggies,kykNET,Clearwater 55 Enterprises Pty Ltd,INTEGRATED CAMPAIGN,Finalist,Niggies Drama Series
The Loerie Awards,2025,Integrated Campaign,GHOST TOWN,CARREFOURSA,TBWA-Istanbul,INTEGRATED CAMPAIGN,Finalist,RETAIL
The Loerie Awards,2025,Social Impact Campaign,Recipe for Change,Arla Foods,Fortune Promoseven LLC,SOCIAL IMPACT CAMPAIGN,Gold,Puck
The Loerie Awards,2025,Social Impact Campaign,Ruby Blooms,Nana,Saatchi Saatchi Middle East,SOCIAL IMPACT CAMPAIGN,Silver,Sanitary Pads
The Loerie Awards,2025,Social Impact Campaign,Green Gursha,Unilever,Mullen Lowe South Africa,SOCIAL IMPACT CAMPAIGN,Silver,Knorr All - in - One Vegetable Bouillon
The Loerie Awards,2025,Social Impact Campaign,Sun Courts,Nivea,Saatchi Saatchi Middle East,SOCIAL IMPACT CAMPAIGN,Bronze,Nivea Sun
The Loerie Awards,2025,Social Impact Campaign,Homes Need Pets,Byron Thomas Properties,Clockwork,SOCIAL IMPACT CAMPAIGN,Bronze,Byron Thomas Properties
The Loerie Awards,2025,Social Impact Campaign,Insured Billboards,easypaisa,Impact BBDO,SOCIAL IMPACT CAMPAIGN,Bronze,easypaisa
The Loerie Awards,2025,Social Impact Campaign,GHOST TOWN,CARREFOURSA,TBWA-Istanbul,SOCIAL IMPACT CAMPAIGN,Finalist,RETAIL
The Loerie Awards,2025,Social Impact Campaign,Jeep Grille Grill,Jeep,Lion Communication FZ - LLC,SOCIAL IMPACT CAMPAIGN,Finalist,Wrangler
The Loerie Awards,2025,Social Impact Campaign,Rewrite the Gap,ItsHerWay,Saatchi Saatchi Middle East,SOCIAL IMPACT CAMPAIGN,Finalist,Published Books
The Loerie Awards,2025,Social Impact Campaign,Walla Visa,Visa,Saatchi Saatchi Middle East,SOCIAL IMPACT CAMPAIGN,Finalist,Card Transactions
The Loerie Awards,2025,Social Impact Campaign,Water for Life,Glenfiddich,HaveYouHeard Group,SOCIAL IMPACT CAMPAIGN,Finalist,Brand
The Loerie Awards,2025,Social Impact Campaign,The F-Show,Sanlam,Accenture Song,SOCIAL IMPACT CAMPAIGN,Finalist,Social
The Loerie Awards,2025,Social Impact Campaign,Real Beauty Generation 20,Unilever South Africa,VML SA,SOCIAL IMPACT CAMPAIGN,Finalist,Dove
The Loerie Awards,2025,Social Impact Campaign,Behind the Label,The Salvation Army,Clockwork,SOCIAL IMPACT CAMPAIGN,Finalist,The Salvation Army
The Loerie Awards,2025,Social Impact Campaign,Show Ghana Love,Previdar,The Odd Number,SOCIAL IMPACT CAMPAIGN,Finalist,Online Magazine
The Loerie Awards,2025,Social Impact Campaign,Money Warnings,Nedbank,Joe Public,SOCIAL IMPACT CAMPAIGN,Finalist,Brand
The Loerie Awards,2025,Social Impact Campaign,Youth Honours Board,Nedbank,Joe Public,SOCIAL IMPACT CAMPAIGN,Finalist,Brand
The Loerie Awards,2025,Social Impact Campaign,TryJanuary,Heineken Beverages South Africa,TBWA- Hunt Lascaris,SOCIAL IMPACT CAMPAIGN,Finalist,Savanna Cider
The Loerie Awards,2025,Social Impact Campaign,Indlala to Dlala,KFC South Africa,Kamuses Ogilvy,SOCIAL IMPACT CAMPAIGN,Finalist,KFC Add Hope
The Loerie Awards,2025,Social Impact Campaign,The Real Injury Time,SAB ABInBev,Ogilvy,SOCIAL IMPACT CAMPAIGN,Finalist,Carling Black Label
The Loerie Awards,2025,Social Impact Campaign,Dry and Detect Towel,PEP,Ogilvy,SOCIAL IMPACT CAMPAIGN,Finalist,General
The Loerie Awards,2025,Effective Creativity,The New President,AnNahar Newspaper,Impact BBDO,EFFECTIVE CREATIVITY - PREVIOUS WINNER,Gold,AnNahar Newspaper
The Loerie Awards,2025,Effective Creativity,Child Wedding Cards,UN Women,Impact BBDO,EFFECTIVE CREATIVITY - PREVIOUS WINNER,Gold,Anti-child-marriage
The Loerie Awards,2025,Effective Creativity,BMW iJACK,BMW,SERVICEPLAN MIDDLE EAST FZ-LLC,EFFECTIVE CREATIVITY - PREVIOUS WINNER,Silver,BMW i
The Loerie Awards,2025,Effective Creativity,ColourCheck,BabyShop,Publicis Middle East,EFFECTIVE CREATIVITY - PREVIOUS WINNER,Bronze,BabyShop
The Loerie Awards,2025,Effective Creativity,Volkswagen Night School,Volkswagen South Africa,Ogilvy,EFFECTIVE CREATIVITY - PREVIOUS WINNER,Finalist,Volkswagen Night School
The Loerie Awards,2025,Effective Creativity,The Granboks,SAB ABInbev,Retroviral and Shaun James Films,EFFECTIVE CREATIVITY - PREVIOUS WINNER,Finalist,Castle Lager
The Loerie Awards,2025,Effective Creativity,KFC Block Booked,KFC South Africa,Ogilvy,EFFECTIVE CREATIVITY - PREVIOUS WINNER,Finalist,KFC Block Booked
The Loerie Awards,2025,Effective Creativity,Beyond the Sea,KFC South Africa,Kamuses Ogilvy,EFFECTIVE CREATIVITY - PREVIOUS WINNER,Finalist,KFC Brand
The Loerie Awards,2025,Effective Creativity,Faeces Ink,Amnesty International South Africa,Joe Public,EFFECTIVE CREATIVITY - PREVIOUS WINNER,Finalist,Amnesty International South Africa
The Loerie Awards,2025,Effective Creativity,Bank your Time,Nedbank,Joe Public,EFFECTIVE CREATIVITY - PREVIOUS WINNER,Finalist,Brand
The Loerie Awards,2025,Effective Creativity,Final Say,Capital Legacy,Halo,EFFECTIVE CREATIVITY - PREVIOUS WINNER,Finalist,Wills and Estate Services
The Loerie Awards,2025,Effective Creativity,The Radio Campaign that cut,Pineapple,Halo,EFFECTIVE CREATIVITY - PREVIOUS WINNER,Finalist,Insurance
The Loerie Awards,2025,Effective Creativity,SheBeen,Brutal Fruit,Joe Public,EFFECTIVE CREATIVITY - PREVIOUS WINNER,Finalist,Brutal Fruit Spritzer
The Loerie Awards,2025,Effective Creativity,WhatsApp Oman,Omantel,Leo Middle East,EFFECTIVE CREATIVITY - PREVIOUS WINNER,Finalist,Consumer Services
The Loerie Awards,2025,Effective Creativity,Taboo Totes,Nana,Saatchi Middle East,EFFECTIVE CREATIVITY - PREVIOUS WINNER,Finalist,Sanitary Pads
The Loerie Awards,2025,Effective Creativity,ProtecTasbih,SAUDIA Airlines,Leo Middle East Saatchi Middle East,EFFECTIVE CREATIVITY - PREVIOUS WINNER,Finalist,Pilgrim Care Product Innovation
The Loerie Awards,2025,Effective Creativity,The Protective Rhymes,Anghami,Leo Middle East,EFFECTIVE CREATIVITY - PREVIOUS WINNER,Finalist,Anti-child sexual abuse education platform
The Loerie Awards,2025,Effective Creativity,Floward Valentine Day,Floward,Habbar Creative House,EFFECTIVE CREATIVITY - PREVIOUS WINNER,Finalist,Valentine Products
The Loerie Awards,2025,Service Design,Volkswagen Night School,Volkswagen South Africa,Ogilvy,SERVICE DESIGN,Gold,Volkswagen Night School
The Loerie Awards,2025,Service Design,Save our stay SOS,City Lodge Hotel Group,TBWA Hunt Lascaris Johannesburg Pty Ltd,SERVICE DESIGN,Silver,City Lodge Hotels
The Loerie Awards,2025,Service Design,The New President,AnNahar Newspaper,Impact BBDO,SERVICE DESIGN,Silver,AnNahar Newspaper
The Loerie Awards,2025,Service Design,V-Up on VodaPay,Vodacom,Ogilvy,SERVICE DESIGN,Finalist,Vodacom Summer Campaign
The Loerie Awards,2025,Service Design,DeafSA SOS Upgrade,City of Cape Town,Ogilvy,SERVICE DESIGN,Finalist,CCT App
The Loerie Awards,2025,Service Design,JoeGrow Tool,Joe Public,Joe Public JoeLabs,SERVICE DESIGN,Finalist,JoeGrow Tool
The Loerie Awards,2025,Service Design,Bank your Time,Nedbank,Joe Public,SERVICE DESIGN,Finalist,Brand
The Loerie Awards,2025,Service Design,The Lazy Helpline,Sting,Impact BBDO,SERVICE DESIGN,Finalist,Sting
The Loerie Awards,2025,Service Design,Hold For Comedy,The Saudi Investment Bank,Impact BBDO,SERVICE DESIGN,Finalist,The Saudi Investment Bank
The Loerie Awards,2025,Service Design,Check My Beat- Heart Health Tracks,Heart SA,McCann Worldgroup South Africa Pty Ltd t-a McCann Joburg,SERVICE DESIGN,Finalist,Heart Screenings
The Loerie Awards,2025,Service Design,The Dark Circle Sale,Home Centre,Leo Middle East,SERVICE DESIGN,Finalist,Furniture
The Loerie Awards,2025,Service Design,Solar Savings,Nivea,Saatchi Saatchi Middle East,SERVICE DESIGN,Finalist,Nivea Sun
The Loerie Awards,2025,Service Design,Ruby Blooms,Nana,Saatchi Saatchi Middle East,SERVICE DESIGN,Finalist,Sanitary Pads
The Loerie Awards,2025,Service Design,Walla Visa,Visa,Saatchi Saatchi Middle East,SERVICE DESIGN,Finalist,Card Transactions
The Loerie Awards,2025,Service Design,Iconic Duo,FNB X PICK N PAY,Dentsu Creative South Africa,SERVICE DESIGN,Finalist,FNB X PICK N PAY
The Loerie Awards,2025,Service Design,Sponsored Balls,Testicular Cancer Society,Fortune Promoseven LLC,SERVICE DESIGN,Finalist,Testicular Cancer Awareness
The Loerie Awards,2025,Service Design,Jeep Grille Grill,Jeep,Lion Communication FZ - LLC,SERVICE DESIGN,Finalist,Wrangler
The Loerie Awards,2025,Service Design,SMARTA WITH DATA,Airtel,The Partnership PUBLICIS,SERVICE DESIGN,Finalist,Telecommunication
The Loerie Awards,2025,Service Design,Reinventing B2B Commerce,Converse South Africa,WeFuse Pty Ltd,SERVICE DESIGN,Finalist,B2B Commerce Retailer Sell-In Headless Site
The Loerie Awards,2025,Service Design,Recipe for Change,Arla Foods,Fortune Promoseven LLC,SERVICE DESIGN,Gold,Puck
The Loerie Awards,2025,Service Design,Walla Visa,Visa,Saatchi Saatchi Middle East,SERVICE DESIGN,Silver,Card Transactions
The Loerie Awards,2025,Service Design,FinDR pronounced finder,Profmed,Faith and Fear Retroviral and MSL,SERVICE DESIGN,Silver,Profmed
The Loerie Awards,2025,Service Design,STREET BITES WITH SHAQ,DEPARTMENT OF CULTURE AND TOURISM ABU DHABI,SERVICEPLAN MIDDLE EAST FZ-LLC,SERVICE DESIGN,Bronze,EXPERIENCE ABU DHABI
The Loerie Awards,2025,Service Design,Future Menus 2024,Unilever Food Solutions,Attic Rush Advertising and Marketing Pty Ltd,SERVICE DESIGN,Finalist,Food Solutions
The Loerie Awards,2025,Service Design,Walla Visa,Visa,Saatchi Saatchi Middle East,SERVICE DESIGN,Finalist,Card Transactions
The Loerie Awards,2025,Service Design,Walla Visa,Visa,Saatchi Saatchi Middle East,SERVICE DESIGN,Finalist,Card Transactions
The Loerie Awards,2025,Service Design,SAB130 - A letter 130 years in the making,SAB ABInBev,Boundless - The Unlimited Agency Pty Ltd,SERVICE DESIGN,Finalist,SAB Corporate
The Loerie Awards,2025,Service Design,Cardvert,e,Saatchi Saatchi Middle East,SERVICE DESIGN,Finalist,Digital Wallet
The Loerie Awards,2025,Service Design,Unexpected Connections,Nedbank,Joe Public,SERVICE DESIGN,Finalist,Corporate Investment Banking CIB
The Loerie Awards,2025,Service Design,Second Rodeo,Second Rodeo,Halo,SERVICE DESIGN,Finalist,Second Rodeo
The Loerie Awards,2025,Service Design,The Elevator Pitch,Talent 10,Halo,SERVICE DESIGN,Finalist,Talent 10
The Loerie Awards,2025,Service Design,Insured Billboards,easypaisa,Impact BBDO,SERVICE DESIGN,Finalist,easypaisa
The Loerie Awards,2025,Comedic Impact,Obsession,General Entertainment Authority,BigTime Creative Shop,COMEDIC IMPACT,Gold,Fight Night
The Loerie Awards,2025,Comedic Impact,Save our stay SOS,City Lodge Hotel Group,TBWA Hunt Lascaris Johannesburg Pty Ltd,COMEDIC IMPACT,Campaign Gold,City Lodge Hotels
The Loerie Awards,2025,Comedic Impact,Its giving whisky,Heineken Beverages South Africa,TBWA- Hunt Lascaris,COMEDIC IMPACT,Silver,Savanna Cider
The Loerie Awards,2025,Comedic Impact,The Out Of Office Out Of Home,Pineapple,Halo,COMEDIC IMPACT,Silver,Insurace
The Loerie Awards,2025,Comedic Impact,Why Choose,Chicken Licken,Joe Public,COMEDIC IMPACT,Bronze,Soul Square MealOao
The Loerie Awards,2025,Comedic Impact,Let There Be Cake,KFC,Bananas,COMEDIC IMPACT,Bronze,Brand
The Loerie Awards,2025,Comedic Impact,The F-Show,Sanlam,Accenture Song,COMEDIC IMPACT,Bronze,Financial
The Loerie Awards,2025,Comedic Impact,TryJanuary,Heineken Beverages South Africa,TBWA- Hunt Lascaris,COMEDIC IMPACT,Campaign Bronze,Savanna Cider
The Loerie Awards,2025,Comedic Impact,Save our Stay SOS,City Lodge Hotel Group,TBWA Hunt Lascaris Johannesburg Pty Ltd,COMEDIC IMPACT,Finalist,City Lodge Hotels
The Loerie Awards,2025,Comedic Impact,TryJanuary,Heineken Beverages South Africa,TBWA- Hunt Lascaris,COMEDIC IMPACT,Finalist,Savanna Cider
The Loerie Awards,2025,Comedic Impact,TryJanuary,Heineken Beverages South Africa,TBWA- Hunt Lascaris,COMEDIC IMPACT,Finalist,Savanna Cider
The Loerie Awards,2025,Comedic Impact,DryJan,Heineken Beverages South Africa,TBWA Hunt Lascaris Johannesburg Pty Ltd,COMEDIC IMPACT,Finalist,Windhoek Beer
The Loerie Awards,2025,Comedic Impact,Cheetos Pants,Cheetos,Impact BBDO,COMEDIC IMPACT,Finalist,Cheetos
The Loerie Awards,2025,Comedic Impact,NameTheDrink,Heineken,Halo,COMEDIC IMPACT,Finalist,Klipdrift
The Loerie Awards,2025,Comedic Impact,Insurance Is Like,Pineapple,Halo,COMEDIC IMPACT,Finalist,Insurance
The Loerie Awards,2025,Comedic Impact,Wasted Food,SAB ABInBev,Joe Public,COMEDIC IMPACT,Finalist,Flying Fish
The Loerie Awards,2025,Comedic Impact,The Homecoming,Chicken Licken,Joe Public,COMEDIC IMPACT,Finalist,Hotwings
The Loerie Awards,2025,Comedic Impact,In-Snore Coupons,SleepZone,Impact BBDO,COMEDIC IMPACT,Finalist,SleepZone
The Loerie Awards,2025,Comedic Impact,The Dark Circle Sale,Home Centre,Leo Middle East,COMEDIC IMPACT,Finalist,Furniture
The Loerie Awards,2025,Comedic Impact,The Axe Effect,Axe,FCB Africa,COMEDIC IMPACT,Finalist,Axe Deodorant
The Loerie Awards,2025,Comedic Impact,Party now Peri later campaign,Nandos,VML SA,COMEDIC IMPACT,Finalist,Nandos
The Loerie Awards,2025,Comedic Impact,Fraud is no Fairy Tale,Standard Bank,VML SA,COMEDIC IMPACT,Finalist,Banking security
The Loerie Awards,2025,Comedic Impact,The Unfluencer,KFC,Bananas,COMEDIC IMPACT,Finalist,Buldak Dunked Wings
The Loerie Awards,2025,Comedic Impact,Whole World Wide Web,Makro,Accenture Song,COMEDIC IMPACT,Finalist,Retail
The Loerie Awards,2025,Comedic Impact,SAMMA FRESH,ABInBev,Create Mozambique,COMEDIC IMPACT,Finalist,2M Beer
The Loerie Awards,2025,Comedic Impact,RAM Traffic Therapy,RAM,Lion Communication FZ - LLC,COMEDIC IMPACT,Finalist,RAM
The Loerie Awards,2025,Comedic Impact,Too Good To Wait For,McDonalds,Lion Communication FZ - LLC,COMEDIC IMPACT,Finalist,McDonalds Fries
The Loerie Awards,2025,Comedic Impact,POST-SALE HEARTACHE,HOME CENTRE,LEO MIDDLE EAST,COMEDIC IMPACT,Finalist,HOME DECOR AND FURNITURE
The Loerie Awards,2025,New Launch Campaign,FOREVER GOLF,Volkswagen South Africa,Ogilvy,NEW LAUNCH CAMPAIGN,Gold,Golf
The Loerie Awards,2025,New Launch Campaign,Savanna Neat,Heineken Beverages South Africa,TBWA- Hunt Lascaris,NEW LAUNCH CAMPAIGN,Silver,Savanna Cider
The Loerie Awards,2025,New Launch Campaign,Kicks Key,Nissan ME,Digitas ME,NEW LAUNCH CAMPAIGN,Bronze,Nissan Kicks
The Loerie Awards,2025,New Launch Campaign,The Unfluencer,KFC,Bananas,NEW LAUNCH CAMPAIGN,Bronze,Buldak Dunked Wings
The Loerie Awards,2025,New Launch Campaign,The Coolest Ihram,Saudia Airlines,Landor,NEW LAUNCH CAMPAIGN,Finalist,Male and Femals Ihrams Islamic Pilgrim Unifrom
The Loerie Awards,2025,East Africa Breweries Limited A Timeless Flame,GUINNESS SMOOTH THIRD TIME IS A CHARM,GUINNESS,Guinness Ghana Breweries PLC,A NEW KIND OF HOMECOMING MANYATTA CIDER ALCOHOLIC BEVERAGE Finalist 2025,Finalist,GUINNESS SMOOTH STOUT
The Loerie Awards,2025,East Africa Breweries Limited A Timeless Flame,The Dark Circle Sale,Home Centre,Leo Middle East,A NEW KIND OF HOMECOMING MANYATTA CIDER ALCOHOLIC BEVERAGE Finalist 2025,Finalist,Furniture
The Loerie Awards,2025,East Africa Breweries Limited A Timeless Flame,HotMess,Maybelline x Nandos Collaboration,The MediaShop,A NEW KIND OF HOMECOMING MANYATTA CIDER ALCOHOLIC BEVERAGE Finalist 2025,Finalist,Maybelline Vinyl Ink Sauce
The Loerie Awards,2025,East Africa Breweries Limited A Timeless Flame,Matchday Meltdown,Showmax,TW Retroviral Grid Worldwide,A NEW KIND OF HOMECOMING MANYATTA CIDER ALCOHOLIC BEVERAGE Finalist 2025,Finalist,Showmax Premier League
The Loerie Awards,2025,East Africa Breweries Limited A Timeless Flame,Vaseline Cera Glow,Unilever,Ogilvy,A NEW KIND OF HOMECOMING MANYATTA CIDER ALCOHOLIC BEVERAGE Finalist 2025,Finalist,Vaseline Cera Glow
The Loerie Awards,2025,Marketing Impact Award,Insured Billboards,easypaisa,Impact BBDO,MARKETING IMPACT AWARD,Finalist,easypaisa
The Loerie Awards,2025,Marketing Impact Award,The Leave of Absence,ItsHerWay,Saatch Saatchi Middle East,MARKETING IMPACT AWARD,Finalist,B2B purpose-driven initiative
The Loerie Awards,2025,Marketing Impact Award,Unboxing Skin,Nivea,Saatchi Saatchi Middle East,MARKETING IMPACT AWARD,Finalist,Nivea Sun
The Loerie Awards,2025,Marketing Impact Award,Walla Visa,Visa,Saatchi Saatchi Middle East,MARKETING IMPACT AWARD,Finalist,Card Transactions
The Loerie Awards,2025,Marketing Impact Award,Active Journalism,AnNahar Newspaper,Impact BBDO,MARKETING IMPACT AWARD,Finalist,AnNahar Newspaper
The Loerie Awards,2025,Marketing Impact Award,Trade-Up,Heinz,Leo Middle East,MARKETING IMPACT AWARD,Finalist,Ketchup
The Loerie Awards,2025,Student Awards,Out there,Hisense,AAA School of Advertising,FILM - TV CINEMA INTERNET COMMERCIALS,Finalist,Home appliances and consumer electronics
The Loerie Awards,2025,Student Awards,The Animation School - Bounce,3D Animated Graduation Film,The Animation School PTY Ltd,FILM - ONLINE FILM SHORT FILM MUSIC VIDEOS,Gold,Graduation Film
The Loerie Awards,2025,Student Awards,The Animation School - Livid Mortis,3D Animated Graduation Film,The Animation School PTY Ltd,FILM - ONLINE FILM SHORT FILM MUSIC VIDEOS,Gold,Graduation Film
The Loerie Awards,2025,Student Awards,The Animation School - Fruits and Nuts,3D Animated Graduation Film,The Animation School PTY Ltd,FILM - ONLINE FILM SHORT FILM MUSIC VIDEOS,Silver,Graduation Film
The Loerie Awards,2025,Student Awards,The Animation School - Leapt Niches,3D Animated Graduation Film,The Animation School PTY Ltd,FILM - ONLINE FILM SHORT FILM MUSIC VIDEOS,Silver,Graduation Film
The Loerie Awards,2025,Student Awards,The Animation School - Gully For You,3D Animated Graduation Film,The Animation School PTY Ltd,FILM - ONLINE FILM SHORT FILM MUSIC VIDEOS,Silver,Graduation Film
The Loerie Awards,2025,Open Window Fayze,Bee Safe,The Happy Project,Stellenbosch University,Dropping a Bombshell Open Window Myth Bronze 2025,Bronze,Sex education
The Loerie Awards,2025,Open Window Fayze,Pond Scum,Open Window,Open Window,Dropping a Bombshell Open Window Myth Bronze 2025,Finalist,Triptych
The Loerie Awards,2025,Student Awards,Herd Behaviour,HBO,University of Pretoria,STUDENT - MOTION GRAPHIC DESIGN,Silver,Title Sequence
The Loerie Awards,2025,Student Awards,Eye on the Wall,University of Pretoria,University of Pretoria,STUDENT - MOTION GRAPHIC DESIGN,Bronze,Title Sequence
The Loerie Awards,2025,Student Awards,Shadows,,University of Pretoria,STUDENT - MOTION GRAPHIC DESIGN,Bronze,Shortfilm
The Loerie Awards,2025,Student Awards,Chernobyl,Chernobyl Series,Stellenbosch Academy of Design Photography,STUDENT - MOTION GRAPHIC DESIGN,Bronze,Title Sequence
The Loerie Awards,2025,Student Awards,Echo of Absence,University Study,Durban University of Technology,STUDENT - MOTION GRAPHIC DESIGN,Finalist,Motion Graphic
The Loerie Awards,2025,Student Awards,Silver Linings,University of Pretoria,University of Pretoria,STUDENT - MOTION GRAPHIC DESIGN,Finalist,Title Sequence
The Loerie Awards,2025,Student Awards,What is life without creativity,University of Pretoria,University of Pretoria,STUDENT - MOTION GRAPHIC DESIGN,Finalist,Infomotion
The Loerie Awards,2025,Student Awards,What is the best toy,,University of Pretoria,STUDENT - MOTION GRAPHIC DESIGN,Finalist,Infomotion
The Loerie Awards,2025,Student Awards,Fantastic Mr Fox,Fantastic Mr Fox,Stellenbosch Academy of Design Photography,STUDENT - MOTION GRAPHIC DESIGN,Finalist,Title Sequence
The Loerie Awards,2025,Student Awards,La La Land,La La Land,Stellenbosch Academy of Design Photography,STUDENT - MOTION GRAPHIC DESIGN,Finalist,Title Sequence
The Loerie Awards,2025,Student Awards,Museums,Virgin Airlines,Red Yellow Creative School of Business,RADIO COMMERCIALS BRANDED CONTENT,Silver,Fare sale
The Loerie Awards,2025,Student Awards,Neighbours Dog,Bose,IIE-Vega,RADIO COMMERCIALS BRANDED CONTENT,Bronze,Noise-cancelling headphones
The Loerie Awards,2025,Student Awards,Collie Confessions,Pedigree,IIE-Vega,RADIO COMMERCIALS BRANDED CONTENT,Bronze,Dog food
The Loerie Awards,2025,Student Awards,Doctor,Virgin Airlines,Red Yellow Creative School of Business,RADIO COMMERCIALS BRANDED CONTENT,Finalist,Fare sale
The Loerie Awards,2025,Student Awards,Trip to Gogo,Toyota,IIE-Vega,RADIO COMMERCIALS BRANDED CONTENT,Finalist,Grand Highlander
The Loerie Awards,2025,Student Awards,Fragmented Reality,Microsoft,AAA School of Advertising,RADIO COMMERCIALS BRANDED CONTENT,Finalist,Xbox
The Loerie Awards,2025,Student Awards,Everything You See is True,Pen International,Red Yellow Creative School of Business,PRINT - NEWSPAPER MAGAZINE TACTICAL,Finalist,Press Freedom Day
The Loerie Awards,2025,Student Awards,What does your breath say about you,Listerine,Red Yellow Creative School of Business,PRINT - NEWSPAPER MAGAZINE TACTICAL,Finalist,Listerine
The Loerie Awards,2025,Student Awards,What does your breath say about you,Listerine,Red Yellow Creative School of Business,PRINT - NEWSPAPER MAGAZINE TACTICAL,Finalist,Listerine
The Loerie Awards,2025,Student Awards,Beard shaving mishaps,Gillette,IIE-Vega,PRINT - NEWSPAPER MAGAZINE TACTICAL,Finalist,Precision razors
The Loerie Awards,2025,Student Awards,Beard shaving mishaps,Gillette,IIE-Vega,PRINT - NEWSPAPER MAGAZINE TACTICAL,Finalist,Precision razors
The Loerie Awards,2025,Student Awards,Creation Superstation,,The Open Window,INDOOR POSTERS,Finalist,Poster
The Loerie Awards,2025,Student Awards,Try for Her,South African Education Product SAEP,Red Yellow Creative School of Business,OOH - OUTDOOR IN-STORE TRANSIT AIR DIRECT AMBIENT,Silver,South African Education Product SAEP
The Loerie Awards,2025,Student Awards,Think Before You Buy - Just Dont CottonCon At What Price,TWYG,Red Yellow Creative School of Business,OOH - OUTDOOR IN-STORE TRANSIT AIR DIRECT AMBIENT,Campaign Silver,TWYG
The Loerie Awards,2025,Student Awards,Frayed Stories,Rape Crisis,Red Yellow Creative School of Business,OOH - OUTDOOR IN-STORE TRANSIT AIR DIRECT AMBIENT,Bronze,Safety in Communities
The Loerie Awards,2025,Student Awards,Consent is Couture - Deaf New Relationship,Tears Foundation,AAA School of Advertising,OOH - OUTDOOR IN-STORE TRANSIT AIR DIRECT AMBIENT,Campaign Bronze,Support
The Loerie Awards,2025,Student Awards,Friends of Adam,Friends of Adam,Cape Town Creative Academy Pty Ltd,OOH - OUTDOOR IN-STORE TRANSIT AIR DIRECT AMBIENT,Finalist,Dinner Club - invites for strangers
The Loerie Awards,2025,Student Awards,Label Fables,Simple Truth,IIE-Vega,OOH - OUTDOOR IN-STORE TRANSIT AIR DIRECT AMBIENT,Finalist,Healthy Food Range
The Loerie Awards,2025,Student Awards,FADA Wayfinding,,The University of Johannesburg,OOH - OUTDOOR IN-STORE TRANSIT AIR DIRECT AMBIENT,Finalist,Wayfinding System
The Loerie Awards,2025,Student Awards,Qoof Qoof,One Park,Red Yellow Creative School of Business,OOH - OUTDOOR IN-STORE TRANSIT AIR DIRECT AMBIENT,Finalist,Illustrative campaign
The Loerie Awards,2025,Student Awards,Think Before You Buy,TWYG,Red Yellow Creative School of Business,OOH - OUTDOOR IN-STORE TRANSIT AIR DIRECT AMBIENT,Finalist,TWYG
The Loerie Awards,2025,Student Awards,Think Before You Buy,TWYG,Red Yellow Creative School of Business,OOH - OUTDOOR IN-STORE TRANSIT AIR DIRECT AMBIENT,Finalist,TWYG
The Loerie Awards,2025,Student Awards,Consent is Couture,Tears Foundation,AAA School of Advertising,OOH - OUTDOOR IN-STORE TRANSIT AIR DIRECT AMBIENT,Finalist,Support
The Loerie Awards,2025,Student Awards,Skarrel Soema,City of Cape Town,Red Yellow Creative School of Business,DESIGN - LOGOS AND IDENTITY PROGRAMMES,Silver,Illustrative campaign
The Loerie Awards,2025,Student Awards,Butt Nuggets,Butt Nuggets,Stellenbosch Academy of Design and Photography,DESIGN - LOGOS AND IDENTITY PROGRAMMES,Silver,Eggs
The Loerie Awards,2025,Student Awards,Ugly Muse,Ugly Muse,IIE Vega,DESIGN - LOGOS AND IDENTITY PROGRAMMES,Finalist,Personal Brand
The Loerie Awards,2025,Student Awards,Refract Art Festival,Refract Art Festival,Cape Town Creative Academy Pty Ltd,DESIGN - LOGOS AND IDENTITY PROGRAMMES,Finalist,Art festival event
The Loerie Awards,2025,Student Awards,Self Promo,Sune Venter,North-West University,DESIGN - LOGOS AND IDENTITY PROGRAMMES,Finalist,Design Services
The Loerie Awards,2025,Student Awards,katinck CI,katinck,The Open Window,DESIGN - LOGOS AND IDENTITY PROGRAMMES,Finalist,Identity Programme
The Loerie Awards,2025,Student Awards,Permian Plateau CI,Permian Plateau,The Open Window,DESIGN - LOGOS AND IDENTITY PROGRAMMES,Finalist,Identity Programme
The Loerie Awards,2025,Student Awards,Chill and Chow Brand,Chill and Chow,Stellenbosch Academy of Design and Photography,DESIGN - LOGOS AND IDENTITY PROGRAMMES,Finalist,Frozen Food
The Loerie Awards,2025,Student Awards,Special Characters Exhibition 2024,University of Pretoria - Information Design,University of Pretoria,DESIGN - LOGOS AND IDENTITY PROGRAMMES,Finalist,The 2024 Information Design Students Year Work
The Loerie Awards,2025,Student Awards,SKUINHEILIG GEMMERBIER,SZNOFTHEWVTCH,FEDISA FASHION SCHOOL,DESIGN - LOGOS AND IDENTITY PROGRAMMES,Finalist,SKUINHEILIG GEMMERBIER
The Loerie Awards,2025,Student Awards,NUNKUI - Corporate Identity,University of Pretoria,University of Pretoria,DESIGN - LOGOS AND IDENTITY PROGRAMMES,Finalist,Wellness Brand
The Loerie Awards,2025,Student Awards,Eighth House - Corporate Identity,Eighth House,University of Pretoria,DESIGN - LOGOS AND IDENTITY PROGRAMMES,Finalist,Interior Design
The Loerie Awards,2025,Student Awards,Mare Nostrum,Mare Nostrum,University of Pretoria,DESIGN - LOGOS AND IDENTITY PROGRAMMES,Finalist,Corporate Identity
The Loerie Awards,2025,Student Awards,Skoerrrt,Department of Small Business Development,Red Yellow Creative School of Business,DESIGN - GENERAL DESIGN,Gold,Illustrative campaign
The Loerie Awards,2025,Student Awards,Gag on it,Gag on it,Red Yellow Creative School of Business,DESIGN - GENERAL DESIGN,Silver,illustrated guerilla campaign
The Loerie Awards,2025,Student Awards,Foundation Work,Western Cape Department of Economic Development and Tourism,Red Yellow Creative School of Business,DESIGN - GENERAL DESIGN,Silver,Illustrative campaign
The Loerie Awards,2025,Student Awards,Friends of Adam,Friends of Adam,Cape Town Creative Academy Pty Ltd,DESIGN - GENERAL DESIGN,Bronze,Dinner Club - invites for strangers
The Loerie Awards,2025,Student Awards,NICE,Absent Room,Cape Town Creative Academy Pty Ltd,DESIGN - GENERAL DESIGN,Bronze,Art Exhibition Opening
The Loerie Awards,2025,Student Awards,Think before you buy,TWYG,Red Yellow Creative School of Business,DESIGN - GENERAL DESIGN,Finalist,General Design
The Loerie Awards,2025,Student Awards,Promotional Postcards,,The Open Window,DESIGN - GENERAL DESIGN,Finalist,Postcards
The Loerie Awards,2025,Student Awards,Becoming Curious,,The Open Window,DESIGN - GENERAL DESIGN,Finalist,Range
The Loerie Awards,2025,Stellenbosch Academy Of Design And Photography Notes From Next Door,Im your Type,Self,Stellenbosch Academy of Design and Photography,Bridging the Loneliness Gap for Seniors Notes from Next Door Activity Calendar Finalist 2025,Finalist,Direct mailer
The Loerie Awards,2025,Stellenbosch Academy Of Design And Photography Notes From Next Door,Wynvlieg,Wynvlieg,Cape Town Creative Academy Pty Ltd,Bridging the Loneliness Gap for Seniors Notes from Next Door Activity Calendar Finalist 2025,Finalist,Food and Wine Truck
The Loerie Awards,2025,Stellenbosch Academy Of Design And Photography Notes From Next Door,Keep it Wild Keep it Cool,FIELDBAR,AAA School of Advertising,Bridging the Loneliness Gap for Seniors Notes from Next Door Activity Calendar Finalist 2025,Finalist,Cooler Box
The Loerie Awards,2025,Student Awards,DOT Resource Center,Own design,Greenside Design Center College of Design Pty Ltd,DESIGN - ARCHITECTURE INTERIOR DESIGN TEMPORARY STRUCTURES,Finalist,Resource center
The Loerie Awards,2025,Student Awards,Ascend Renew,La Sportiva,Greenside Design Center College of Design Pty Ltd,DESIGN - ARCHITECTURE INTERIOR DESIGN TEMPORARY STRUCTURES,Finalist,Retail store design
The Loerie Awards,2025,Student Awards,Simmer,Not My Mothers Cook Book,Cape Town Creative Academy Pty Ltd,PUBLICATION DESIGN - WHOLE OR SINGLE ELEMENT,Silver,A sort of culinary and cocktail guide to life
The Loerie Awards,2025,Student Awards,Woman of the Ocean,Haenyeo free divers of South Korea,Cape Town Creative Academy Pty Ltd,PUBLICATION DESIGN - WHOLE OR SINGLE ELEMENT,Bronze,Considered Storytelling
The Loerie Awards,2025,Student Awards,Redefining Poetic Line - Poems by E Dickinson,No specific brand,Stellenbosch Academy of Design and Photography,PUBLICATION DESIGN - WHOLE OR SINGLE ELEMENT,Bronze,Poem book
The Loerie Awards,2025,Student Awards,From Corner Shop to Kitchen,,The University of Johannesburg,PUBLICATION DESIGN - WHOLE OR SINGLE ELEMENT,Bronze,Cookbook
The Loerie Awards,2025,Student Awards,Access Disability Access,Access Disability Access,Nelson Mandela University,PUBLICATION DESIGN - WHOLE OR SINGLE ELEMENT,Finalist,Illustrations
The Loerie Awards,2025,Student Awards,Small Voices Big Impact,End Violence Against Children,AAA School of Advertising,PUBLICATION DESIGN - WHOLE OR SINGLE ELEMENT,Finalist,Public Service Campaign - Social Advocacy Initiative
The Loerie Awards,2025,Student Awards,Dragonlords Zine,,The Open Window,PUBLICATION DESIGN - WHOLE OR SINGLE ELEMENT,Finalist,Zine
The Loerie Awards,2025,Student Awards,The Unlucky Deaths of Ancient Rulers Zine,,The Open Window,PUBLICATION DESIGN - WHOLE OR SINGLE ELEMENT,Finalist,Zine
The Loerie Awards,2025,Student Awards,Mud,Independent Publication,Cape Town Creative Academy Pty Ltd,PUBLICATION DESIGN - WHOLE OR SINGLE ELEMENT,Finalist,Childrens Book
The Loerie Awards,2025,Student Awards,Cholitas,Cholitas,Cape Town Creative Academy Pty Ltd,PUBLICATION DESIGN - WHOLE OR SINGLE ELEMENT,Finalist,Curated Storytelling
The Loerie Awards,2025,Student Awards,Pontus,Nexus,Cape Town Creative Academy Pty Ltd,PUBLICATION DESIGN - WHOLE OR SINGLE ELEMENT,Finalist,Editorial
The Loerie Awards,2025,Student Awards,Emily Dickenson,Layered,Cape Town Creative Academy Pty Ltd,PUBLICATION DESIGN - WHOLE OR SINGLE ELEMENT,Finalist,Bespoke articles
The Loerie Awards,2025,Student Awards,Rwendo Rwango,Own,Stellenbosch Academy of Design and Photography,PUBLICATION DESIGN - WHOLE OR SINGLE ELEMENT,Finalist,Coffee table book
The Loerie Awards,2025,Student Awards,White Mirror,No specific brand,Stellenbosch Academy of Design and Photography,PUBLICATION DESIGN - WHOLE OR SINGLE ELEMENT,Finalist,Creative Book
The Loerie Awards,2025,Student Awards,Die Vrylopende Afrikaner,Impala Vleis,IIE-Vega,PACKAGE DESIGN,Silver,Impala Vleis
The Loerie Awards,2025,Student Awards,Halmoni,Halmoni,Cape Town Creative Academy Pty Ltd,PACKAGE DESIGN,Bronze,Ginseng-steeped liquor
The Loerie Awards,2025,Student Awards,Chill and Chow Packaging,Chill and Chow,Stellenbosch Academy of Design and Photography,PACKAGE DESIGN,Bronze,Frozen Food
The Loerie Awards,2025,Student Awards,Sizwe Lamp,Lion Matches,Red Yellow Creative School of Business,PACKAGE DESIGN,Bronze,Sizwe Lamp
The Loerie Awards,2025,Student Awards,LOT No 001,SPIRITUS,Cape Town Creative Academy Pty Ltd,PACKAGE DESIGN,Finalist,Water of Cane
The Loerie Awards,2025,Student Awards,Unapologetic,NONNA,Cape Town Creative Academy Pty Ltd,PACKAGE DESIGN,Finalist,Grappa
The Loerie Awards,2025,Student Awards,Seishu,Grumpy TAKASHI,Cape Town Creative Academy Pty Ltd,PACKAGE DESIGN,Finalist,Sake
The Loerie Awards,2025,Student Awards,Ritalin tracker pack,Novartis,Stellenbosch University,PACKAGE DESIGN,Finalist,Ritalin 20mg
The Loerie Awards,2025,Student Awards,SoGrape World Wines Maps,SoGrape,Greenside Design Center College of Design Pty Ltd,PACKAGE DESIGN,Finalist,SoGrape World Wines
The Loerie Awards,2025,Student Awards,SoGrape Palette Vine,SoGrape,Greenside Design Center College of Design Pty Ltd,PACKAGE DESIGN,Finalist,SoGrape World Wines
The Loerie Awards,2025,Student Awards,Yoya Oats Packaging,Yoya Oats,The Open Window,PACKAGE DESIGN,Finalist,Packaging
The Loerie Awards,2025,Student Awards,Doringbloos Rum Packaging,Doringbloos Rum,The Open Window,PACKAGE DESIGN,Finalist,Rum
The Loerie Awards,2025,Student Awards,Stumpnose Breweries packaging,Stumpnose,IIE Vega,PACKAGE DESIGN,Finalist,Beer cans
The Loerie Awards,2025,Student Awards,Extra Time,Orbit,IIE Vega,PACKAGE DESIGN,Finalist,Chewing gum
The Loerie Awards,2025,Student Awards,Modern Marvel Coffee Table,,The Open Window,FURNITURE DESIGN,Finalist,Coffee Table
The Loerie Awards,2025,Student Awards,Koinonia Furniture Unit,,The Open Window,FURNITURE DESIGN,Finalist,Furniture Piece
The Loerie Awards,2025,Student Awards,Wherever We Go Coffee Table,,The Open Window,FURNITURE DESIGN,Finalist,Coffee Table
The Loerie Awards,2025,Student Awards,Hexaflow,Hexaflow,IIE-Vega,FURNITURE DESIGN,Finalist,Furniture Design
The Loerie Awards,2025,Student Awards,Play It Forward,Taking Care of Business,FEDISA FASHION SCHOOL,FABRIC DESIGN,Finalist,Multifunctional textile
The Loerie Awards,2025,Student Awards,Women Like Us Fabric Design,Women Like Us,Stellenbosch Academy of Design and Photography,FABRIC DESIGN,Finalist,Textile design
The Loerie Awards,2025,Stellenbosch Academy Of Design And Photography Incwadi Yothando,Pincushion,City of Cape Town,Red Yellow Creative School of Business,Zulu love letters Incwadi Yothando Textile design Finalist 2025,Finalist,Illustrative campaign
The Loerie Awards,2025,Student Awards,Dont just be seen Be heard,BeReal WERE NOT REALLY STRANGERS,Red Yellow Creative School of Business,DIGITAL MEDIA,Bronze,Social-networking applications
The Loerie Awards,2025,Student Awards,MuseoQuest,Iziko Museum,Red Yellow Creative School of Business,DIGITAL MEDIA,Finalist,Iziko Museum
The Loerie Awards,2025,Student Awards,Nexus,Nexus,Stellenbosch Academy of Design Photography,DIGITAL MEDIA,Finalist,Gesture-controlled Braille Smartwatch
The Loerie Awards,2025,Student Awards,Sparkle of Society A Game for High-Functioning Autism in Adults,Autism South Africa ASA,North-West University,DIGITAL MEDIA,Finalist,Mobile Game
The Loerie Awards,2025,Student Awards,ZAJOZI E-Commerce Platform,,The Open Window,DIGITAL MEDIA,Finalist,E-Commerce Platform
The Loerie Awards,2025,Student Awards,SignStory Mobile Application,,The Open Window,DIGITAL MEDIA,Finalist,Mobile Application
The Loerie Awards,2025,Student Awards,Vendora E-commerce Website,,The Open Window,DIGITAL MEDIA,Finalist,E-Commerce Platform
The Loerie Awards,2025,Student Awards,Malasha,Malasha,Greenside Design Center College of Design Pty Ltd,DIGITAL MEDIA,Finalist,Malasha beekeeping website
The Loerie Awards,2025,Student Awards,Pawsitive Training app,Pawsitive Training,Greenside Design Center College of Design Pty Ltd,DIGITAL MEDIA,Finalist,Dog Obedience Training App
The Loerie Awards,2025,Student Awards,Resilient Homes,Resilient Homes,Greenside Design Center College of Design Pty Ltd,DIGITAL MEDIA,Finalist,Resilient Homes
The Loerie Awards,2025,Student Awards,Deliveralot,Takealot,IIE-Vega,DIGITAL MEDIA,Finalist,Video game
The Loerie Awards,2025,Student Awards,Spotify Pulse,Spotify,IIE-Vega,DIGITAL MEDIA,Finalist,Music Streaming
The Loerie Awards,2025,Student Awards,FieldAR - Augmented Reality Fieldbar Experience,Fieldbar,Cape Town Creative Academy Pty Ltd,DIGITAL MEDIA,Finalist,FieldAR - Fieldbar AR Experience App
The Loerie Awards,2025,Student Awards,Ocular Smart Space Concept,Ocular,Cape Town Creative Academy Pty Ltd,DIGITAL CRAFTS,Finalist,Smart Studio for Content Creators
The Loerie Awards,2025,Student Awards,Ocular Smart Space Concept,Ocular,Cape Town Creative Academy Pty Ltd,DIGITAL CRAFTS,Finalist,Smart Studio for Content Creators
The Loerie Awards,2025,Student Awards,FieldAR - Augmented Reality Fieldbar Experience,Fieldbar,Cape Town Creative Academy Pty Ltd,DIGITAL CRAFTS,Finalist,FieldAR - Fieldbar AR Experience App
The Loerie Awards,2025,Student Awards,FieldAR - Augmented Reality Fieldbar Experience,Fieldbar,Cape Town Creative Academy Pty Ltd,DIGITAL CRAFTS,Finalist,FieldAR - Fieldbar AR Experience App
The Loerie Awards,2025,Student Awards,Funda Lana - Leveling up literacy through play,Funda Lana,IIE Vega,DIGITAL CRAFTS,Finalist,Mobile App
The Loerie Awards,2025,Student Awards,KuhleGo Mobile Application Design,,The Open Window,DIGITAL CRAFTS,Finalist,Mobile Application
The Loerie Awards,2025,Student Awards,MuseoQuest,Iziko Museum,Red Yellow Creative School of Business,DIGITAL CRAFTS,Finalist,Iziko Museum
The Loerie Awards,2025,Student Awards,Buzzzz off Dave,Mosquito Guard,Red Yellow Creative School of Business,INTEGRATED CAMPAIGN,Silver,Mosquito repellent
The Loerie Awards,2025,Student Awards,Taal Tongue Trek Pendoring 25,Pendoring 25,Greenside Design Center College of Design Pty Ltd,INTEGRATED CAMPAIGN,Bronze,Event Material Campaign
The Loerie Awards,2025,Student Awards,Headless Dancer,Cape Town City Ballet,IIE-Vega,INTEGRATED CAMPAIGN,Finalist,Social responsibility
The Loerie Awards,2025,Student Awards,Make South Africa Great Again,Make South Africa Great Again,Red Yellow Creative School of Business,INTEGRATED CAMPAIGN,Finalist,Campaign
The Loerie Awards,2025,Student Awards,Ace It,Bumble,Red Yellow Creative School of Business,INTEGRATED CAMPAIGN,Finalist,App
The Loerie Awards,2025,Student Awards,Never Logged Off,XBOX,Red Yellow Creative School of Business,INTEGRATED CAMPAIGN,Finalist,Game Console
The Loerie Awards,2025,Student Awards,Weapons to Wonders,Crayola,IIE Vega,INTEGRATED CAMPAIGN,Finalist,Playground and crayon packaging
The Loerie Awards,2025,Student Awards,Small Voices Big Impact,End Violence Against Children,AAA School of Advertising,INTEGRATED CAMPAIGN,Finalist,Public Service Campaign - Social Advocacy Initiative
The Loerie Awards,2025,Young Creatives,Middleweight Copywriter,Geir Wilson,Halo,YOUNG CREATIVES,Gold,Young Creatives
The Loerie Awards,2025,Young Creatives,Junior Copywriter,Valentino Fernandez,Ogilvy And Mather South Africa,YOUNG CREATIVES,Finalist,Young Creatives
The Loerie Awards,2025,Young Creatives,Mid-weight Designer,Thabiso Dhlamini,BCKRDS,YOUNG CREATIVES,Finalist,Young Creatives
The Loerie Awards,2025,Young Creatives,Film Director,Raphadu Maphoto,Eyeforce,YOUNG CREATIVES,Finalist,Young Creatives
The Loerie Awards,2025,Young Creatives,FILM DIRECTOR,KOKETSO MATABANE,CARBON FILMS,YOUNG CREATIVES,Finalist,Young Creatives
The Loerie Awards,2025,Young Creatives,Midweight Art Director,Sebastian Dupper,Publicis Group Africa a division of MMS Communications SA Pty Ltd,YOUNG CREATIVES,Finalist,Young Creatives
The Loerie Awards,2025,Young Creatives,Mid-weight Motion Graphics Designer,Peter Natthaphong Phuenchomphu,Joe Public,YOUNG CREATIVES,Finalist,Young Creatives
The Loerie Awards,2025,Young Creatives,Art Director - Copywriter - Video Editor,Hlakaniphile Mngomezulu,Fairchild,YOUNG CREATIVES,Finalist,Young Creatives
The Loerie Awards,2025,Young Creatives,Art Director,Lauren Gericke,Ogilvy South Africa,YOUNG CREATIVES,Finalist,Young Creatives
The Loerie Awards,2025,Young Creatives,Junior Creative,Gemma Strohbach,Ogilvy South Africa,YOUNG CREATIVES,Finalist,Young Creatives
The Loerie Awards,2025,Student Awards,Die Vrylopende Afrikaner,Impala Vleis,IIE-Vega,PRINT OUT OF HOME DESIGN CRAFTS - ART DIRECTION,Finalist,Impala Vleis
The Loerie Awards,2025,Student Awards,Die Vrylopende Afrikaner,Impala Vleis,IIE-Vega,PRINT OUT OF HOME DESIGN CRAFTS - ART DIRECTION,Finalist,Impala Vleis
The Loerie Awards,2025,Student Awards,Die Vrylopende Afrikaner,Impala Vleis,IIE-Vega,PRINT OUT OF HOME DESIGN CRAFTS - ART DIRECTION,Finalist,Impala Vleis
The Loerie Awards,2025,Student Awards,Die Vrylopende Afrikaner,Impala Vleis,IIE-Vega,PRINT OUT OF HOME DESIGN CRAFTS - ART DIRECTION,Finalist,Impala Vleis
The Loerie Awards,2025,Student Awards,Smaak Jou Taal Mzanzi Style Pendorings 25,Pendoring 25,Greenside Design Center College of Design Pty Ltd,PRINT OUT OF HOME DESIGN CRAFTS - ART DIRECTION,Finalist,Event Material Campaign
The Loerie Awards,2025,Student Awards,Consent is Couture - Married New Relationship,Tears Foundation,AAA School of Advertising,PRINT OUT OF HOME DESIGN CRAFTS - WRITING,Campaign Craft Certificate,Support
The Loerie Awards,2025,Student Awards,Consent is Couture,Tears Foundation,AAA School of Advertising,PRINT OUT OF HOME DESIGN CRAFTS - WRITING,Finalist,Support
The Loerie Awards,2025,Student Awards,Consent is Couture,Tears Foundation,AAA School of Advertising,PRINT OUT OF HOME DESIGN CRAFTS - WRITING,Finalist,Support
The Loerie Awards,2025,Student Awards,Die Vrylopende Afrikaner,Impala Vleis,IIE-Vega,PRINT OUT OF HOME DESIGN CRAFTS - WRITING,Finalist,Impala Vleis
The Loerie Awards,2025,Student Awards,Whiskered-in-Waiting,Gillette,IIE-Vega,PRINT OUT OF HOME DESIGN CRAFTS - WRITING,Finalist,Sharp razors
The Loerie Awards,2025,Student Awards,Napoleon sideburns,Gillette,IIE-Vega,PRINT OUT OF HOME DESIGN CRAFTS - WRITING,Finalist,Precision razors
The Loerie Awards,2025,Student Awards,Egg Sneaks,,The Open Window,PRINT OUT OF HOME DESIGN CRAFTS - ILLUSTRATION,Craft Certificate,Product range
The Loerie Awards,2025,Student Awards,The Unlucky Deaths of Ancient Rulers Zine,,The Open Window,PRINT OUT OF HOME DESIGN CRAFTS - ILLUSTRATION,Craft Certificate,Zine
The Loerie Awards,2025,Student Awards,Skoerrrt,Department of Small Business Development,Red Yellow Creative School of Business,PRINT OUT OF HOME DESIGN CRAFTS - ILLUSTRATION,Craft Certificate,Illustrative campaign
The Loerie Awards,2025,Student Awards,See the Unseen,International Council of Design,North-West University,PRINT OUT OF HOME DESIGN CRAFTS - ILLUSTRATION,Craft Certificate,Zine
The Loerie Awards,2025,Student Awards,Stories of interconnection,Creation Wines,IIE-Vega,PRINT OUT OF HOME DESIGN CRAFTS - ILLUSTRATION,Finalist,Wine labels
The Loerie Awards,2025,Student Awards,Mud,Independent Publication,Cape Town Creative Academy Pty Ltd,PRINT OUT OF HOME DESIGN CRAFTS - ILLUSTRATION,Finalist,Childrens Book
The Loerie Awards,2025,Student Awards,Rugged Routes,The Wild Coast,IIE-Vega,PRINT OUT OF HOME DESIGN CRAFTS - ILLUSTRATION,Finalist,Tourism
The Loerie Awards,2025,Student Awards,Becoming Curious,,The Open Window,PRINT OUT OF HOME DESIGN CRAFTS - ILLUSTRATION,Finalist,Range
The Loerie Awards,2025,Student Awards,Dragonlords Zine,,The Open Window,PRINT OUT OF HOME DESIGN CRAFTS - ILLUSTRATION,Finalist,Zine
The Loerie Awards,2025,Student Awards,This Must Be The Place,,The Open Window,PRINT OUT OF HOME DESIGN CRAFTS - ILLUSTRATION,Finalist,Accordion Book
The Loerie Awards,2025,Student Awards,Monsters in Matrimony Zine,,The Open Window,PRINT OUT OF HOME DESIGN CRAFTS - ILLUSTRATION,Finalist,Zine
The Loerie Awards,2025,Student Awards,Tselane and the Giant Childrens Book,,The Open Window,PRINT OUT OF HOME DESIGN CRAFTS - ILLUSTRATION,Finalist,Childrens Book
The Loerie Awards,2025,Student Awards,Wonders of the Universe,,The Open Window,PRINT OUT OF HOME DESIGN CRAFTS - ILLUSTRATION,Finalist,Educational Booklet
The Loerie Awards,2025,Student Awards,Gag on it,Gag on it,Red Yellow Creative School of Business,PRINT OUT OF HOME DESIGN CRAFTS - ILLUSTRATION,Finalist,illustrated guerilla campaign
The Loerie Awards,2025,Student Awards,SAs Happy Hour,Jack Journal,North-West University,PRINT OUT OF HOME DESIGN CRAFTS - ILLUSTRATION,Finalist,Glyph Poster and Editorial Publication
The Loerie Awards,2025,Student Awards,Escaping the Burnout Monster-A Zine and Toolkit for Neurodivergent Creatives,Wits Art Museum,North-West University,PRINT OUT OF HOME DESIGN CRAFTS - ILLUSTRATION,Finalist,Zine and Toolkit
The Loerie Awards,2025,Student Awards,Small Voices Big Impact,End Violence Against Children,AAA School of Advertising,PRINT OUT OF HOME DESIGN CRAFTS - ILLUSTRATION,Finalist,Public Service Campaign - Social Advocacy Initiative
The Loerie Awards,2025,Student Awards,Weltevreden saam Ouma,,Stellenbosch Academy of Design and Photography,PRINT OUT OF HOME DESIGN CRAFTS - ILLUSTRATION,Finalist,
The Loerie Awards,2025,Student Awards,Access Disability Access,Access Disability Access,Nelson Mandela University,PRINT OUT OF HOME DESIGN CRAFTS - ILLUSTRATION,Finalist,Illustrations
The Loerie Awards,2025,Student Awards,As Clear As Day,As Clear As Day,The University of Pretoria,PRINT OUT OF HOME DESIGN CRAFTS - ILLUSTRATION,Finalist,Illustration
The Loerie Awards,2025,Student Awards,Foundation Work,Western Cape Department of Economic Development and Tourism,Red Yellow Creative School of Business,PRINT OUT OF HOME DESIGN CRAFTS - TYPOGRAPHY,Craft Gold,Illustrative type campaign
The Loerie Awards,2025,Stellenbosch Academy Of Design And Photography Joy Bringers,Rwendo Rwango,Own,Stellenbosch Academy of Design and Photography,Family Extended Own Creative Book Finalist 2025,Finalist,Coffee table book
The Loerie Awards,2025,Stellenbosch Academy Of Design And Photography Joy Bringers,Eagyrl Type,Own,Stellenbosch Academy of Design and Photography,Family Extended Own Creative Book Finalist 2025,Finalist,Typeface design
The Loerie Awards,2025,Stellenbosch Academy Of Design And Photography Joy Bringers,Redefining Poetic Line - Poems by E Dickinson,No specific brand,Stellenbosch Academy of Design and Photography,Family Extended Own Creative Book Finalist 2025,Finalist,Poetry Book
The Loerie Awards,2025,Stellenbosch Academy Of Design And Photography Joy Bringers,Elklectic Display Typeface,Elklectic Typeface,Greenside Design Center College of Design Pty Ltd,Family Extended Own Creative Book Finalist 2025,Finalist,Display Typeface Design
The Loerie Awards,2025,Stellenbosch Academy Of Design And Photography Joy Bringers,With love - the intimacy of handwriting,,University of Pretoria,Family Extended Own Creative Book Finalist 2025,Finalist,Book
The Loerie Awards,2025,Stellenbosch Academy Of Design And Photography Joy Bringers,Pincushion,City of Cape Town,Red Yellow Creative School of Business,Family Extended Own Creative Book Finalist 2025,Finalist,Illustrative type campaign
The Loerie Awards,2025,Stellenbosch Academy Of Design And Photography Joy Bringers,Skarrel Soema,City of Cape Town,Red Yellow Creative School of Business,Family Extended Own Creative Book Finalist 2025,Finalist,Illustrative type campaign
The Loerie Awards,2025,Stellenbosch Academy Of Design And Photography Joy Bringers,Special Characters Exhibition 2024,University of Pretoria - Information Design,University of Pretoria,Family Extended Own Creative Book Finalist 2025,Finalist,The 2024 Information Design Students Year Work
The Loerie Awards,2025,Open Window In Transit,Emergency Session,Godox,The Open Window,A Postcard to the Present National Geographic Traveller Editorial Travel Photography Feature Finalist 2025,Finalist,Godox Lighting Equipment
The Loerie Awards,2025,Open Window In Transit,Echoes of Presence,Open Window,Open Window,A Postcard to the Present National Geographic Traveller Editorial Travel Photography Feature Finalist 2025,Finalist,Student Exhibition
The Loerie Awards,2025,Open Window In Transit,The Touch of Rebellion,Diesel,Open Window,A Postcard to the Present National Geographic Traveller Editorial Travel Photography Feature Finalist 2025,Finalist,Diesel Jewellery
The Loerie Awards,2025,Open Window In Transit,Traditional Sotho Fashion meets Industry,Not Specific,Open Window,A Postcard to the Present National Geographic Traveller Editorial Travel Photography Feature Finalist 2025,Finalist,Fashion Narrative Series
The Loerie Awards,2025,Open Window In Transit,Person and Pattern,Design Ways Magazine,Open Window,A Postcard to the Present National Geographic Traveller Editorial Travel Photography Feature Finalist 2025,Finalist,Design Team Fabrics
The Loerie Awards,2025,Open Window In Transit,Padkos,KFC South Africa,Open Window,A Postcard to the Present National Geographic Traveller Editorial Travel Photography Feature Finalist 2025,Finalist,KFC Colonel Burger
The Loerie Awards,2025,Open Window In Transit,Veiled Realities,Self promotion,Open Window,A Postcard to the Present National Geographic Traveller Editorial Travel Photography Feature Finalist 2025,Finalist,Hand-Printed ArtistOCOs Book
The Loerie Awards,2025,Open Window In Transit,Elements in Focus,Self promotion,Open Window,A Postcard to the Present National Geographic Traveller Editorial Travel Photography Feature Finalist 2025,Finalist,Artists Book
The Loerie Awards,2025,Open Window In Transit,Roots Radiance,African Magazine,Open Window,A Postcard to the Present National Geographic Traveller Editorial Travel Photography Feature Finalist 2025,Finalist,Editorial Feature
The Loerie Awards,2025,Open Window In Transit,Under Construction,Self promotion,Open Window,A Postcard to the Present National Geographic Traveller Editorial Travel Photography Feature Finalist 2025,Finalist,Artists Book
The Loerie Awards,2025,Open Window In Transit,Jlie,Jlie,Open Window,A Postcard to the Present National Geographic Traveller Editorial Travel Photography Feature Finalist 2025,Finalist,Editorial Fine Art Portrait Series
The Loerie Awards,2025,Open Window In Transit,Deconstruct Reconstruct A Photgraphic Journey,No specific brand,Stellenbosch Academy of Design and Photography,A Postcard to the Present National Geographic Traveller Editorial Travel Photography Feature Finalist 2025,Finalist,Photographic Exploration Catalogue
The Loerie Awards,2025,Open Window In Transit,Gift of Waiting,Gift,CTU Training Solutions,A Postcard to the Present National Geographic Traveller Editorial Travel Photography Feature Finalist 2025,Finalist,Photography
